# class	offset	width	kind	signed	stride	funcs	anchors	corr	confidence	evidence
Walaber	0	8	int	?	0	2	0	0	med	loadWALT,processImageBufferAndMakePOT
Walaber	8	4	int	?	0	2	0	0	med	loadWALT,processImageBufferAndMakePOT
Walaber::AABB	0	4	float	?	0	9	2	2	high	AABB,Fluids,_setPositionsByDirection
Walaber::AABB	4	4	float	?	0	5	0	1	high	_snapWidget,contains,expandToInclude
Walaber::AABB	8	4	float	?	0	8	2	2	high	AABB,Fluids,_setPositionsByDirection
Walaber::AABB	12	4	float	?	0	5	0	1	high	_setScreenTopInWorld,_snapWidget,expandToInclude
Walaber::AABB	16	4	int	?	0	6	2	1	high	AABB,Fluids,_setPositionsByDirection
Walaber::AchievementManager	0	8	int	?	0	4	1	0	high	AchievementManager,loadAchievements,resetAchievementProgress
Walaber::AchievementManager	8	8	int	?	0	2	2	0	high	AchievementManager,~AchievementManager
Walaber::AchievementManager	24	8	int	?	0	3	1	0	high	AchievementManager,getAchievementsSortedByCompletion,loadAchievements
Walaber::AchievementManager	32	8	int	?	0	3	1	0	high	AchievementManager,getAchievementsSortedByCompletion,loadAchievements
Walaber::AchievementManager	40	8	int	?	0	2	1	0	high	AchievementManager,loadAchievements
Walaber::AchievementManager	48	1	int	u	0	3	2	0	high	AchievementManager,loadAchievements,~AchievementManager
Walaber::AchievementManager	56	8	int	?	0	2	1	0	high	AchievementManager,loadAchievements
Walaber::AchievementManager	64	8	int	?	0	3	2	0	high	AchievementManager,loadAchievements,~AchievementManager
Walaber::AchievementManager	72	4	int	?	0	2	0	0	med	_setDBPercentComplete,loadAchievements
Walaber::AchievementManager	80	1	int	u	0	2	2	0	high	AchievementManager,~AchievementManager
Walaber::AchievementManager	96	8	int	?	0	2	2	0	high	AchievementManager,~AchievementManager
Walaber::AchievementManager	104	4	int	?	0	2	1	0	high	AchievementManager,reportAchievement
Walaber::AchievementManager	112	8	int	?	0	2	1	0	high	AchievementManager,reportAchievement
Walaber::AchievementManager	120	8	int	?	0	2	1	0	high	AchievementManager,reportAchievement
Walaber::AchievementManager	128	8	int	?	0	3	2	0	high	AchievementManager,clearCompletedAchievementsToPublishToFacebook,~AchievementManager
Walaber::AchievementManager	136	8	int	?	0	4	2	0	high	AchievementManager,clearCompletedAchievementsToPublishToFacebook,reportAchievement
Walaber::AchievementManager	144	8	int	?	0	2	1	0	high	AchievementManager,reportAchievement
Walaber::Animation	0	4	float	?	0	6	2	1	high	Animation,_markerCompare,addAnimation
Walaber::Animation	24	8	int	?	0	5	2	0	high	Animation,applyTracks,createAnimationFromXmlNode
Walaber::Animation	32	8	int	?	0	5	2	2	high	Animation,addNumericTrack,applyTracks
Walaber::Animation	40	8	int	?	0	3	1	2	high	Animation,addNumericTrack,operator=
Walaber::Animation	48	8	int	?	0	4	2	0	high	Animation,applyTracks,operator=
Walaber::Animation	56	8	int	?	0	5	2	2	high	Animation,addNodeTrack,applyTracks
Walaber::Animation	64	8	int	?	0	3	1	1	high	Animation,addNodeTrack,operator=
Walaber::Animation	72	8	int	?	0	7	2	1	high	Animation,_checkForEventsAndHandleTime,_rewindSpriteTracks
Walaber::Animation	80	8	int	?	0	8	2	2	high	Animation,_checkForEventsAndHandleTime,_rewindSpriteTracks
Walaber::Animation	88	8	int	?	0	3	1	2	high	Animation,addSpriteTrack,operator=
Walaber::Animation	96	8	int	?	0	7	2	0	high	Animation,_checkForEventsAndHandleTime,_rewindCueTracks
Walaber::Animation	104	8	int	?	0	8	2	1	high	Animation,_checkForEventsAndHandleTime,_rewindCueTracks
Walaber::Animation	112	8	int	?	0	3	1	1	high	Animation,addAnimationCueTrack,operator=
Walaber::Animation	120	8	int	?	0	5	2	0	high	Animation,_rewindSkeletonActorCueTracks,applyTracks
Walaber::Animation	128	8	int	?	0	6	2	1	high	Animation,_rewindSkeletonActorCueTracks,addSkeletonActorCueTrack
Walaber::Animation	136	8	int	?	0	3	1	1	high	Animation,addSkeletonActorCueTrack,operator=
Walaber::Animation	144	8	int	?	0	5	1	0	high	_checkForEventsAndHandleTime,_updateLastHitMarkerIndexWithCurrentTime,copyProperties
Walaber::Animation	152	8	int	?	0	6	1	0	high	_checkForEventsAndHandleTime,_updateLastHitMarkerIndexWithCurrentTime,addMarker
Walaber::Animation	168	8	int	?	0	5	1	0	high	Animation,_checkForEventsAndHandleTime,pause
Walaber::Animation	176	8	int	?	0	5	1	0	high	Animation,_checkForEventsAndHandleTime,pause
Walaber::Animation	184	8	int	?	0	4	1	2	high	Animation,addAnimation,copyProperties
Walaber::Animation	192	4	int	?	0	5	1	2	high	Animation,applyTracks,copyProperties
Walaber::Animation	196	4	int	?	0	3	0	1	med	_checkForEventsAndHandleTime,copyProperties,play
Walaber::Animation	200	4	float	?	0	9	1	2	high	Animation,_checkForEventsAndHandleTime,addAnimationCueTrack
Walaber::Animation	204	4	float	?	0	9	0	2	high	_checkForEventsAndHandleTime,_updateCueTrackEventsWithCurrentTime,_updateLastHitMarkerIndexWithCurrentTime
Walaber::Animation	208	4	float	?	0	3	1	0	high	Animation,applyTracks,update
Walaber::Animation	212	4	int	?	0	3	1	1	high	Animation,operator=,update
Walaber::Animation	216	4	int	?	0	3	1	1	high	Animation,operator=,update
Walaber::Animation	220	4	int	?	0	4	1	2	high	Animation,_checkForEventsAndHandleTime,copyProperties
Walaber::Animation	224	4	int	?	0	4	1	1	high	Animation,_checkForEventsAndHandleTime,copyProperties
Walaber::Animation	228	4	int	?	0	6	1	2	high	Animation,_checkForEventsAndHandleTime,_updateLastHitMarkerIndexWithCurrentTime
Walaber::Animation	232	8	int	?	0	3	2	0	high	Animation,update,~Animation
Walaber::Animation	240	8	int	?	0	4	2	0	high	Animation,_checkForEventsAndHandleTime,update
Walaber::Animation	256	1	int	u	0	8	1	2	high	Animation,_checkForEventsAndHandleTime,copyProperties
Walaber::Animation	257	1	int	u	0	5	1	2	high	Animation,_checkForEventsAndHandleTime,copyProperties
Walaber::Animation	258	1	int	u	0	4	1	2	high	Animation,applyTracks,copyProperties
Walaber::Animation	259	1	int	u	0	4	1	2	high	Animation,copyProperties,operator=
Walaber::AnimationCueAnimationTrack	0	8	int	?	0	4	1	1	high	AnimationCueAnimationTrack,addAnimationCueTrack,apply
Walaber::AnimationCueAnimationTrack	8	8	int	?	0	2	1	0	high	AnimationCueAnimationTrack,addAnimationCueTrack
Walaber::AnimationCueAnimationTrack	16	8	int	?	0	3	1	0	high	AnimationCueAnimationTrack,apply,operator=
Walaber::AnimationCueAnimationTrack	24	8	int	?	0	3	1	0	high	AnimationCueAnimationTrack,addAnimationEvent,operator=
Walaber::AnimationCueAnimationTrack	32	8	int	?	0	2	1	0	high	AnimationCueAnimationTrack,addAnimationEvent
Walaber::AnimationCueAnimationTrack	40	8	int	?	0	3	1	1	high	AnimationCueAnimationTrack,apply,operator=
Walaber::AnimationCueAnimationTrack::CueAnimationEvent	-40	4	int	?	0	2	0	0	med	__move_range,__swap_out_circular_buffer
Walaber::AnimationCueAnimationTrack::CueAnimationEvent	-32	8	int	?	0	2	0	0	med	__move_range,__swap_out_circular_buffer
Walaber::AnimationCueAnimationTrack::CueAnimationEvent	-24	8	int	?	0	2	0	0	med	__move_range,__swap_out_circular_buffer
Walaber::AnimationCueAnimationTrack::CueAnimationEvent	-16	8	int	?	0	2	0	0	med	__move_range,__swap_out_circular_buffer
Walaber::AnimationCueAnimationTrack::CueAnimationEvent	-8	8	int	?	0	2	0	0	med	__move_range,__swap_out_circular_buffer
Walaber::AnimationCueAnimationTrack::CueAnimationEvent	0	4	int	?	0	3	0	1	med	__move_range,__swap_out_circular_buffer,assign<Walaber::AnimationCueAnimationTrack::CueAnimationEvent*>
Walaber::AnimationCueAnimationTrack::CueAnimationEvent	8	8	int	?	0	2	0	2	high	__move_range,__swap_out_circular_buffer
Walaber::AnimationCueAnimationTrack::CueAnimationEvent	16	8	int	?	0	2	0	1	med	__move_range,__swap_out_circular_buffer
Walaber::AnimationCueAnimationTrack::CueAnimationEvent	24	8	int	?	0	2	0	0	med	__move_range,__swap_out_circular_buffer
Walaber::AnimationCueAnimationTrack::CueAnimationEvent	32	8	int	?	0	3	0	0	med	__move_range,__swap_out_circular_buffer,assign<Walaber::AnimationCueAnimationTrack::CueAnimationEvent*>
Walaber::AnimationEventType	0	8	int	?	0	2	0	0	med	__emplace_unique_key_args<Walaber::AnimationEventType,std::__ndk1::piecewise_construct_t_const&,std::__ndk1::tuple<Walaber::AnimationEventType&&>,std::__ndk1::tuple<>>,_fireCallback
Walaber::AnimationManager	0	8	int	?	0	3	2	0	high	AnimationManager,operator=,~AnimationManager
Walaber::AnimationManager	24	8	int	?	0	11	2	1	high	AnimationManager,_handleAnimationEventCallbackWithBitmask,crossFade
Walaber::AnimationManager	32	8	int	?	0	4	1	0	high	AnimationManager,crossFade,playAnimation
Walaber::AnimationManager	56	8	int	?	0	3	1	0	high	AnimationManager,_fireCallback,_handleAnimationEventCallbackWithBitmask
Walaber::AnimationManager	64	4	float	?	0	3	1	1	high	AnimationManager,operator=,update
Walaber::AnimationManager	72	1	int	u	0	6	2	1	high	AnimationManager,crossFade,operator=
Walaber::BaseParticle	0	4	int	?	0	2	1	0	high	BaseParticle,applyVacuumForce
Walaber::BaseParticle	4	4	int	?	0	2	1	0	high	BaseParticle,applyVacuumForce
Walaber::BaseParticle	8	4	int	?	0	2	1	0	high	BaseParticle,applyVacuumForce
Walaber::BaseParticle	12	4	int	?	0	2	1	0	high	BaseParticle,applyVacuumForce
Walaber::BaseParticle	24	4	int	?	0	2	1	0	high	BaseParticle,applyVacuumForce
Walaber::BezierCurve	0	8	int	?	0	2	1	0	high	BezierInterp,~BezierCurve
Walaber::BezierCurve	8	8	int	?	0	2	2	0	high	getMinMaxNonTimeValue,writeToBuffer
Walaber::BezierCurve	24	8	int	?	0	4	4	0	high	_evaluateCurve,getMinMaxNonTimeValue,writeToBuffer
Walaber::BezierCurve	32	4	int	?	0	2	2	0	high	loadFromXmlNode,writeToBuffer
Walaber::BezierCurve	36	4	int	?	0	2	2	0	high	loadFromXmlNode,writeToBuffer
Walaber::BitmapFont	0	8	int	?	0	3	2	0	high	BitmapFont,_drawStringLeft,~BitmapFont
Walaber::BitmapFont	24	8	int	?	0	5	1	2	high	BitmapFont,_clearVertBuffers,_insertQuadIntoBuffer
Walaber::BitmapFont	32	8	int	?	0	4	1	4	high	BitmapFont,_clearVertBuffers,drawString
Walaber::BitmapFont	48	8	int	?	0	2	1	0	high	BitmapFont,getGlyph
Walaber::BitmapFont	56	8	int	?	0	4	2	0	high	BitmapFont,getGlyph,measureCharacter
Walaber::BitmapFont	80	8	int	?	0	2	2	0	high	BitmapFont,~BitmapFont
Walaber::BitmapFont	120	8	int	?	0	5	1	0	high	BitmapFont,_drawStringLeft,_drawStringLeftClip
Walaber::BitmapFont	128	8	int	?	0	3	1	0	high	BitmapFont,addGlyphKey,notifyTexture
Walaber::BitmapFont	136	8	int	?	0	3	1	0	high	BitmapFont,addGlyphKey,notifyTexture
Walaber::BitmapFont	148	4	float	?	0	5	0	0	high	_drawStringLeft,_recursiveBinaryMeasure,_wrapTextScale
Walaber::BitmapFont	152	4	float	?	0	2	0	0	med	_drawStringLeft,_drawStringLeftClip
Walaber::BitmapFont	156	4	int	?	0	2	1	0	high	BitmapFont,wrapString
Walaber::BitmapFont	160	4	int	?	0	2	0	0	med	drawString,drawStringClipped
Walaber::BitmapFont::GlyphInfo	4	4	float	?	0	2	0	0	med	_drawGlyph,_drawGlyphClip
Walaber::BitmapFont::GlyphInfo	8	4	int	?	0	2	0	0	med	_drawGlyph,_drawGlyphClip
Walaber::BitmapFont::GlyphInfo	12	4	float	?	0	2	0	0	med	_drawGlyph,_drawGlyphClip
Walaber::BitmapFont::GlyphInfo	16	4	int	?	0	2	0	0	med	_drawGlyph,_drawGlyphClip
Walaber::BitmapFont::GlyphInfo	20	4	float	?	0	2	0	0	med	_drawGlyph,_drawGlyphClip
Walaber::BitmapFont::GlyphInfo	28	4	float	?	0	2	0	0	med	_drawGlyph,_drawGlyphClip
Walaber::BitmapFont::GlyphInfo	32	4	float	?	0	2	0	0	med	_drawGlyph,_drawGlyphClip
Walaber::BitmapFont::GlyphInfo	36	4	float	?	0	2	0	0	med	_drawGlyph,_drawGlyphClip
Walaber::Bone	8	8	int	?	0	2	0	0	med	addChildBone,addRootBone
Walaber::Bone	16	8	int	?	0	2	0	1	med	addChildBone,addSpriteAsChildToBone
Walaber::Bone	24	8	int	?	0	2	0	0	med	addChildBone,addRootBone
Walaber::Bone	84	8	int	?	0	2	0	0	med	addChildBone,addRootBone
Walaber::Bone	92	8	int	?	0	2	0	0	med	addChildBone,addRootBone
Walaber::Bone	116	4	int	?	0	2	0	0	med	addChildBone,addRootBone
Walaber::BroadcastManager	0	8	int	?	0	5	2	0	high	BroadcastManager,_addReceiver,_removeReceiver
Walaber::BroadcastManager	8	8	int	?	0	5	2	0	high	BroadcastManager,_addReceiver,_removeReceiver
Walaber::BroadcastManager	16	8	int	?	0	2	1	0	high	BroadcastManager,_addReceiver
Walaber::Camera	0	4	float	?	0	14	1	1	high	Camera,changePosition,dollyToPosition
Walaber::Camera	8	4	float	?	0	16	1	1	high	Camera,drawLayerRange,endAnimations
Walaber::Camera	12	4	float	?	0	6	0	0	high	screenToWorld,setHeight,setWidth
Walaber::Camera	16	8	int	?	0	5	1	1	high	clearAnimations,endAnimations,numAnimationType
Walaber::Camera	24	8	int	?	0	6	1	0	high	animate,clearAnimations,endAnimations
Walaber::Camera	40	8	int	?	0	4	1	0	high	clearAnimations,endAnimations,update
Walaber::Camera	48	8	int	?	0	5	1	0	high	animate,clearAnimations,endAnimations
Walaber::Camera	64	8	int	?	0	4	1	0	high	clearAnimations,endAnimations,update
Walaber::Camera	72	8	int	?	0	5	1	0	high	animate,clearAnimations,endAnimations
Walaber::Camera	88	8	int	?	0	4	1	0	high	clearAnimations,endAnimations,update
Walaber::Camera	96	8	int	?	0	5	1	0	high	animate,clearAnimations,endAnimations
Walaber::Camera	112	8	int	?	0	4	1	0	high	clearAnimations,endAnimations,update
Walaber::Camera	120	8	int	?	0	5	1	0	high	animate,clearAnimations,endAnimations
Walaber::Camera	136	1	int	u	0	11	1	0	high	Camera,animate,changePosition
Walaber::Camera	140	4	float	?	0	4	1	0	high	Camera,clearAnimations,endAnimations
Walaber::CameraController	0	8	int	?	0	8	1	0	high	CameraController,clearQueue,endMovement
Walaber::CameraController	8	8	int	?	0	3	1	0	high	CameraController,initCamera,restoreOrig
Walaber::CameraController	16	8	int	?	0	3	1	0	high	CameraController,initCamera,restoreOrig
Walaber::CameraController	24	8	int	?	0	4	1	0	high	clearQueue,restoreOrig,update
Walaber::CameraController	32	8	int	?	0	5	1	0	high	clearQueue,queueMovement,restoreOrig
Walaber::CameraController	48	8	int	?	0	4	1	0	high	clearQueue,restoreOrig,update
Walaber::CameraController	56	8	int	?	0	5	1	0	high	clearQueue,queueMovement,restoreOrig
Walaber::CameraController	72	8	int	?	0	4	1	0	high	clearQueue,restoreOrig,update
Walaber::CameraController	80	8	int	?	0	5	1	0	high	clearQueue,queueMovement,restoreOrig
Walaber::CameraController	96	8	int	?	0	4	1	0	high	clearQueue,restoreOrig,update
Walaber::CameraController	104	8	int	?	0	5	1	0	high	clearQueue,queueMovement,restoreOrig
Walaber::CameraController	120	8	int	?	0	4	1	0	high	clearQueue,restoreOrig,update
Walaber::CameraController	128	8	int	?	0	5	1	0	high	clearQueue,queueMovement,restoreOrig
Walaber::CameraController	144	8	int	?	0	2	1	0	high	update,~CameraController
Walaber::CameraController	152	8	int	?	0	3	0	0	med	clearQueue,restoreOrig,update
Walaber::CameraController	168	1	int	u	0	6	1	0	high	CameraController,clearQueue,isAnimating
Walaber::CameraController	172	4	int	?	0	2	1	0	high	CameraController,update
Walaber::CharacterManager	8	8	int	?	0	3	1	0	high	createSkeletonActorWithID,removeSkeletonActorWithID,~CharacterManager
Walaber::CircleHelper	0	4	float	?	0	3	0	0	med	_resetVerts,drawCurvedArrow,drawFilledCircleSegment
Walaber::CircleHelper	4	4	float	?	0	2	0	0	med	drawCurvedArrow,drawFilledCircleSegment
Walaber::Color	0	1	int	u	0	28	0	5	high	__push_back_slow_path<Walaber::Color_const&>,_addCircleToBatch,_addQuadToBatchImmediate
Walaber::Color	1	1	int	u	0	12	0	2	high	__push_back_slow_path<Walaber::Color_const&>,_addTeardropToBatch,_getParticleColor
Walaber::Color	2	1	int	u	0	12	0	2	high	__push_back_slow_path<Walaber::Color_const&>,_addTeardropToBatch,_getParticleColor
Walaber::Color	3	1	int	u	0	8	0	0	high	__push_back_slow_path<Walaber::Color_const&>,_addTeardropToBatch,_getParticleColor
Walaber::ComicStrip	0	4	int	s	0	4	1	0	high	ComicStrip,advancePanel,draw
Walaber::ComicStrip	4	4	int	?	0	4	0	0	high	addPanel,advancePanel,draw
Walaber::ComicStrip	8	4	float	?	0	3	1	0	high	ComicStrip,advancePanel,update
Walaber::ComicStrip	16	8	int	?	0	3	1	0	high	advancePanel,draw,~ComicStrip
Walaber::ComicStrip	24	8	int	?	0	2	1	0	high	addPanel,~ComicStrip
Walaber::ComicStrip	40	8	int	?	0	2	1	0	high	draw,~ComicStrip
Walaber::ComicStrip	48	8	int	?	0	2	1	0	high	addPanel,~ComicStrip
Walaber::ComicStrip	88	8	int	?	0	2	1	0	high	update,~ComicStrip
Walaber::ComicStrip	96	8	int	?	0	2	1	0	high	addPanel,~ComicStrip
Walaber::ComicStrip	112	8	int	?	0	2	1	0	high	update,~ComicStrip
Walaber::ComicStrip	120	8	int	?	0	2	1	0	high	addPanel,~ComicStrip
Walaber::ComicStrip	136	8	int	?	0	3	1	0	high	advancePanel,update,~ComicStrip
Walaber::ComicStrip	144	8	int	?	0	2	1	0	high	addPanel,~ComicStrip
Walaber::ComicStrip	160	4	int	?	0	2	0	0	med	advancePanel,update
Walaber::ComicStrip	164	4	int	?	0	2	0	0	med	advancePanel,update
Walaber::ComicStrip	168	8	int	?	0	2	1	0	high	advancePanel,~ComicStrip
Walaber::ComicStrip	176	8	int	?	0	2	1	0	high	addPanel,~ComicStrip
Walaber::ComicStrip	192	8	int	?	0	2	1	0	high	advancePanel,~ComicStrip
Walaber::ComicStrip	200	8	int	?	0	2	1	0	high	addPanel,~ComicStrip
Walaber::ComicStrip	216	8	int	?	0	2	1	0	high	advancePanel,~ComicStrip
Walaber::ComicStrip	224	8	int	?	0	2	1	0	high	addPanel,~ComicStrip
Walaber::ComicStrip	240	8	int	?	0	2	1	0	high	advancePanel,~ComicStrip
Walaber::ComicStrip	248	8	int	?	0	2	1	0	high	addPanel,~ComicStrip
Walaber::ComicStrip	264	8	int	?	0	2	1	0	high	advancePanel,~ComicStrip
Walaber::ComicStrip	272	8	int	?	0	2	1	0	high	addPanel,~ComicStrip
Walaber::ComicStrip	288	8	int	?	0	2	1	0	high	update,~ComicStrip
Walaber::ComicStrip	296	8	int	?	0	2	1	0	high	addPanel,~ComicStrip
Walaber::ComicStrip	312	8	int	?	0	2	1	0	high	update,~ComicStrip
Walaber::ComicStrip	320	8	int	?	0	2	1	0	high	addPanel,~ComicStrip
Walaber::ComicStrip	336	8	int	?	0	2	1	0	high	update,~ComicStrip
Walaber::ComicStrip	344	8	int	?	0	2	1	0	high	addPanel,~ComicStrip
Walaber::ComicStrip	360	8	int	?	0	2	1	0	high	update,~ComicStrip
Walaber::ComicStrip	368	8	int	?	0	2	1	0	high	addPanel,~ComicStrip
Walaber::ComicStrip	384	8	int	?	0	3	1	0	high	ComicStrip,draw,update
Walaber::ComicStrip	392	8	int	?	0	3	1	0	high	ComicStrip,advancePanel,update
Walaber::ComicStrip	400	8	int	?	0	4	1	0	high	ComicStrip,draw,handleTouch
Walaber::CompressionRecord	0	4	float	?	0	2	2	0	high	Curve,writeToBuffer
Walaber::CompressionRecord	4	4	float	?	0	2	2	0	high	Curve,writeToBuffer
Walaber::Curve	0	8	int	?	0	5	3	0	high	Curve,curveLoopTypeFromString,evaluate
Walaber::Curve	8	8	int	?	0	10	4	0	high	Curve,addCurveKey,curveLoopTypeFromString
Walaber::Curve	16	8	int	?	0	3	1	0	high	Curve,addCurveKey,loadFromXml
Walaber::Curve	24	8	int	?	0	10	4	0	high	Curve,addCurveKey,calcCycle
Walaber::Curve	32	4	int	?	0	3	1	0	high	Curve,evaluate,writeToBuffer
Walaber::Curve	36	4	int	?	0	3	1	0	high	Curve,evaluate,writeToBuffer
Walaber::Curve	40	4	int	?	0	3	1	0	high	Curve,evaluate,writeToBuffer
Walaber::Curve	44	4	float	?	0	4	1	0	high	Curve,calcCycle,evaluate
Walaber::CurveKey	0	4	float	?	0	3	0	1	med	BezierInterp,addCurveKey,curveContinuityFromString
Walaber::CurveKey	4	4	float	?	0	2	0	1	med	Hermite,addCurveKey
Walaber::CurveKey	8	4	float	?	0	4	0	1	high	BezierInterp,Hermite,addCurveKey
Walaber::CurveManager	16	8	int	?	0	3	1	0	high	CurveManager,optimize,printMappedCurves
Walaber::CurveManager	24	8	int	?	0	2	2	0	high	CurveManager,~CurveManager
Walaber::CurveManager	40	8	int	?	0	4	1	0	high	CurveManager,_loadV1Collection,_loadV2Collection
Walaber::CurveManager	48	8	int	?	0	4	1	0	high	CurveManager,_loadV1Collection,_loadV2Collection
Walaber::CurveManager	56	8	int	?	0	3	1	0	high	CurveManager,_loadV1Collection,_loadV2Collection
Walaber::CurveManager	64	8	int	?	0	3	1	0	high	CurveManager,getCurve,loadCurveCollection
Walaber::CurveManager	80	8	int	?	0	2	2	0	high	CurveManager,~CurveManager
Walaber::CurveManager	104	8	int	?	0	2	2	0	high	CurveManager,~CurveManager
Walaber::CurveManager	120	8	int	?	0	2	1	0	high	CurveManager,loadCurveCollection
Walaber::CurveManager	128	8	int	?	0	2	1	0	high	CurveManager,loadCurveCollection
Walaber::DatabaseIterator	0	8	int	?	0	11	2	0	high	DatabaseIterator,getBoolAtIndex,getColorAtIndex
Walaber::DatabaseManager	0	1	int	u	0	5	0	0	high	constructDeleteQuery,constructInsertQuery,constructQuery
Walaber::DatabaseManager	8	8	int	?	0	4	0	0	high	constructDeleteQuery,constructInsertQuery,constructQuery
Walaber::DatabaseManager	16	8	int	?	0	5	0	0	high	constructDeleteQuery,constructInsertQuery,constructQuery
Walaber::DrawableNode	128	4	int	?	0	3	2	1	high	DrawableNode,operator=,setLayer
Walaber::FileHelper	0	1	int	u	0	3	0	0	med	deleteFile,fileExists,fileSize
Walaber::FileHelper	16	8	int	?	0	3	0	0	med	deleteFile,fileExists,fileSize
Walaber::FileManager	0	8	int	?	0	6	1	0	high	FileManager,_existFail,_readFail
Walaber::FileManager	8	8	int	?	0	2	2	0	high	FileManager,~FileManager
Walaber::FileManager	32	8	int	?	0	2	2	0	high	FileManager,~FileManager
Walaber::FileManager	56	8	int	?	0	2	2	0	high	FileManager,~FileManager
Walaber::FileManager	72	8	int	?	0	5	1	0	high	FileManager,_appendNextPlatformTag,fileExists
Walaber::FileManager	80	8	int	?	0	4	1	0	high	FileManager,_appendNextPlatformTag,fileExists
Walaber::FileManager	88	8	int	?	0	2	1	0	high	FileManager,updatePlatformTags
Walaber::FileManager	96	8	int	?	0	3	1	0	high	_cleanupDefaultHandler,_initDefaultHandler,~FileManager
Walaber::FileManager	104	8	int	?	0	2	1	0	high	FileManager,_printFileRequests
Walaber::FileManager	112	8	int	?	0	2	2	0	high	FileManager,~FileManager
Walaber::FileManager	120	8	int	?	0	2	1	0	high	FileManager,_printFileRequests
Walaber::FileManager::FH_StandardFileSystem	0	8	int	?	0	3	3	0	high	fileExists,readFile,~FH_StandardFileSystem
Walaber::FileManager::FH_StandardFileSystem	8	8	int	?	0	2	2	0	high	fileExists,readFile
Walaber::FileManager::FH_ZipFileSystem	0	8	int	?	0	4	2	0	high	FH_ZipFileSystem,fileExistsSuceeded,readFileSucceeded
Walaber::FileManager::FH_ZipFileSystem	8	8	int	?	0	3	2	0	high	FH_ZipFileSystem,readFileSucceeded,~FH_ZipFileSystem
Walaber::FileManager::FH_ZipFileSystem	40	8	int	?	0	3	3	0	high	FH_ZipFileSystem,fileExists,readFile
Walaber::FileManager::FH_ZipFileSystem	48	8	int	?	0	3	3	0	high	FH_ZipFileSystem,fileExists,readFile
Walaber::FileManager::FileHandler	0	8	int	?	0	3	0	1	med	_existFail,_readFail,addFileHandler
Walaber::FileManager::ReadFileCallbackParameters	32	8	int	?	0	2	1	0	high	ReadFileCallbackParameters,_loadSoundResource
Walaber::FileManager::ReadFileCallbackParameters	40	8	int	?	0	2	1	0	high	ReadFileCallbackParameters,_loadSoundResource
Walaber::FingerInfo	4	8	float	?	0	8	5	0	high	_acceptFinger,_releaseFinger,_updateFinger
Walaber::Flipbook	16	8	int	?	0	2	1	0	high	Flipbook,update
Walaber::Flipbook	24	8	int	?	0	2	1	0	high	Flipbook,update
Walaber::FluidParticle	-24	16	vec16	?	0	2	0	0	med	__move_range,__swap_out_circular_buffer
Walaber::FluidParticle	-8	8	int	?	0	2	0	0	med	__move_range,__swap_out_circular_buffer
Walaber::FluidParticle	0	8	int	?	0	2	0	0	med	__construct_at_end,insert
Walaber::FluidParticle	16	8	int	?	0	2	0	0	med	__construct_at_end,insert
Walaber::FluidParticle	120	16	vec16	?	0	3	0	0	med	__construct_at_end<Walaber::FluidParticle*>,__move_range,__swap_out_circular_buffer
Walaber::FluidParticle	136	8	int	?	0	3	0	0	med	__construct_at_end<Walaber::FluidParticle*>,__move_range,__swap_out_circular_buffer
Walaber::FluidParticleSet	0	8	int	?	0	11	2	0	high	FluidParticleSet,_addParticleAndNeighbors<WaterConcept::ConsiderPoolAny>,addParticle
Walaber::FluidParticleSet	32	8	int	?	0	3	1	0	high	FluidParticleSet,addParticle,removeParticle
Walaber::FluidParticleSet	40	8	int	?	0	4	1	0	high	FluidParticleSet,addParticle,initParticles
Walaber::FluidParticleSet	48	4	int	?	0	9	1	0	high	FluidParticleSet,_addParticleAndNeighbors<WaterConcept::ConsiderPoolAny>,addParticle
Walaber::FluidParticleSet	52	4	int	?	0	4	0	0	high	_fillBuffer,_fillVertBuffer,addParticle
Walaber::GraphicsGL::DumpedGLState	0	1	int	u	1	2	0	1	med	print,printDiffs
Walaber::HermiteCurve	8	8	int	?	0	2	0	0	med	ComputeTangent,ComputeTangents
Walaber::HermiteCurve	24	8	int	?	0	3	2	0	high	ComputeTangent,_evaluateCurve,~HermiteCurve
Walaber::Language	0	4	int	?	0	2	0	5	high	__emplace_unique_key_args<Walaber::Language,std::__ndk1::piecewise_construct_t_const&,std::__ndk1::tuple<Walaber::Language_const&>,std::__ndk1::tuple<>>,__push_back_slow_path<Walaber::Language_const&>
Walaber::LinearCurve	0	8	int	?	0	2	2	0	high	loadFromXmlNode,~LinearCurve
Walaber::LinearCurve	24	8	int	?	0	3	3	0	high	_evaluateCurve,computeTangents,~LinearCurve
Walaber::Message	12	4	int	?	0	2	1	0	high	messageRx,messageTx
Walaber::MessageReceiver	0	8	int	?	0	3	2	2	high	MessageReceiver,_addReceiver,~MessageReceiver
Walaber::Message_AchievementUnlocked	0	8	int	?	0	2	2	0	high	Message_AchievementUnlocked,~Message_AchievementUnlocked
Walaber::Node	8	8	int	?	0	5	1	1	high	Node,getWorldAngle,getWorldPosition
Walaber::Node	16	8	int	?	0	8	1	0	high	Node,applyAngleOffset,applyScaleOffset
Walaber::Node	24	8	int	?	0	2	1	1	high	Node,operator=
Walaber::Node	32	4	int	?	0	2	1	1	high	Node,operator=
Walaber::Node	84	4	int	?	0	5	1	1	high	Node,applyPositionOffset,getWorldPosition
Walaber::Node	88	4	int	?	0	2	1	1	high	Node,operator=
Walaber::Node	92	4	int	?	0	5	1	1	high	Node,applyScaleOffset,getWorldScale
Walaber::Node	96	4	int	?	0	2	1	1	high	Node,operator=
Walaber::Node	100	4	int	?	0	3	1	1	high	Node,getWorldPosition,operator=
Walaber::Node	104	4	int	?	0	2	1	1	high	Node,operator=
Walaber::Node	108	4	int	?	0	3	1	1	high	Node,getWorldScale,operator=
Walaber::Node	116	4	float	?	0	4	1	0	high	Node,applyAngleOffset,getWorldAngle
Walaber::Node	124	1	int	u	0	4	1	1	high	Node,getWorldPosition,operator=
Walaber::Node	125	1	int	u	0	4	1	1	high	Node,getWorldScale,operator=
Walaber::Node	126	1	int	u	0	4	1	1	high	Node,getWorldAngle,operator=
Walaber::NodeAnimationTrack	0	4	int	?	0	6	1	1	high	NodeAnimationTrack,addNodeTrack,apply
Walaber::NodeAnimationTrack	4	4	float	?	0	2	0	0	med	_curveFinishedLoading,setCurve
Walaber::NodeAnimationTrack	8	8	int	?	0	3	1	0	high	NodeAnimationTrack,apply,setCurve
Walaber::NodeAnimationTrack	24	8	int	?	0	3	1	0	high	NodeAnimationTrack,apply,setCurve
Walaber::NodeAnimationTrack	40	8	int	?	0	2	1	0	high	NodeAnimationTrack,apply
Walaber::NodeAnimationTrack	56	8	int	?	0	2	1	1	high	NodeAnimationTrack,apply
Walaber::NodeAnimationTrack	72	8	int	?	0	2	1	0	high	NodeAnimationTrack,apply
Walaber::NodeAnimationTrack	88	8	int	?	0	4	1	1	high	NodeAnimationTrack,_curveFinishedLoading,operator=
Walaber::NodeAnimationTrack	96	8	int	?	0	2	1	0	high	NodeAnimationTrack,apply
Walaber::NumericAnimationTrack	0	8	int	?	0	4	1	0	high	NumericAnimationTrack,_curveFinishedLoading,addNumericTrack
Walaber::NumericAnimationTrack	16	4	int	?	0	3	1	1	high	NumericAnimationTrack,apply,operator=
Walaber::NumericAnimationTrack	24	8	int	?	0	3	1	1	high	NumericAnimationTrack,apply,operator=
Walaber::NumericAnimationTrack	32	8	int	?	0	3	1	1	high	NumericAnimationTrack,_curveFinishedLoading,setAnimation
Walaber::PCSNode	0	1	int	u	0	4	0	2	high	_depthFirstNameSearch,_depthFirstNameSearchWithGroupID,_recursiveDelete
Walaber::PCSNode	8	8	int	?	0	4	0	1	high	_depthFirstNameSearch,_depthFirstNameSearchWithGroupID,_stepDepthFirstIteration
Walaber::PCSNode	16	8	int	?	0	4	0	2	high	_depthFirstNameSearch,_depthFirstNameSearchWithGroupID,_recursiveDelete
Walaber::PCSNode	24	8	int	?	0	2	0	2	high	_recursiveDelete,deleteNodeAndChildrenFromTree
Walaber::Particle	-60	8	int	?	0	2	0	0	med	__move_range,__swap_out_circular_buffer
Walaber::Particle	-52	8	int	?	0	2	0	0	med	__move_range,__swap_out_circular_buffer
Walaber::Particle	-44	8	int	?	0	2	0	0	med	__move_range,__swap_out_circular_buffer
Walaber::Particle	-36	16	vec16	?	0	2	0	0	med	__move_range,__swap_out_circular_buffer
Walaber::Particle	-20	16	vec16	?	0	2	0	0	med	__move_range,__swap_out_circular_buffer
Walaber::Particle	-4	2	int	u	0	2	0	0	med	__move_range,__swap_out_circular_buffer
Walaber::Particle	0	8	int	?	0	2	0	0	med	__construct_at_end,insert
Walaber::Particle	16	8	int	?	0	2	0	0	med	__construct_at_end,insert
Walaber::Particle	32	2	int	u	0	2	0	0	med	__construct_at_end,insert
Walaber::Particle	56	8	int	?	0	4	0	0	high	__construct_at_end,__move_range,__swap_out_circular_buffer
Walaber::Particle	64	8	int	?	0	4	0	0	high	__construct_at_end,__move_range,__swap_out_circular_buffer
Walaber::Particle	72	8	int	?	0	4	0	0	high	__construct_at_end,__move_range,__swap_out_circular_buffer
Walaber::Particle	80	16	vec16	?	0	2	0	0	med	__move_range,__swap_out_circular_buffer
Walaber::Particle	96	4	float	?	0	3	0	0	med	__move_range,__swap_out_circular_buffer,_getParticleColor
Walaber::Particle	112	2	int	u	0	2	0	0	med	__move_range,__swap_out_circular_buffer
Walaber::ParticleEmitter	0	8	int	?	0	2	2	0	high	ParticleEmitter,~ParticleEmitter
Walaber::ParticleEmitter	128	8	int	?	0	2	1	0	high	ParticleEmitter,update
Walaber::ParticleEmitter	136	8	int	?	0	3	1	0	high	ParticleEmitter,_xmlFileLoaded,update
Walaber::ParticleEmitter	144	8	int	?	0	2	1	0	high	ParticleEmitter,_xmlFileLoaded
Walaber::ParticleEmitter	152	8	int	?	0	3	2	0	high	ParticleEmitter,update,~ParticleEmitter
Walaber::ParticleEmitter	160	8	int	?	0	4	2	0	high	ParticleEmitter,addEmitterZone,update
Walaber::ParticleEmitter	168	8	int	?	0	2	1	0	high	ParticleEmitter,addEmitterZone
Walaber::ParticleEmitter	176	4	int	?	0	3	1	0	high	ParticleEmitter,_xmlFileLoaded,update
Walaber::ParticleEmitter	180	4	int	?	0	2	0	0	med	_xmlFileLoaded,update
Walaber::ParticleEmitter	184	4	int	?	0	2	0	0	med	_xmlFileLoaded,update
Walaber::ParticleEmitter	188	4	int	?	0	2	0	0	med	_xmlFileLoaded,update
Walaber::ParticleEmitter	192	4	int	?	0	3	1	0	high	ParticleEmitter,_xmlFileLoaded,update
Walaber::ParticleEmitter	196	4	int	?	0	2	0	0	med	_xmlFileLoaded,update
Walaber::ParticleEmitter	200	4	int	?	0	2	0	0	med	_xmlFileLoaded,update
Walaber::ParticleEmitter	204	4	int	?	0	2	0	0	med	_xmlFileLoaded,update
Walaber::ParticleEmitter	208	4	int	?	0	3	1	0	high	ParticleEmitter,_xmlFileLoaded,update
Walaber::ParticleEmitter	212	4	int	?	0	2	0	0	med	_xmlFileLoaded,update
Walaber::ParticleEmitter	216	4	int	?	0	2	0	0	med	_xmlFileLoaded,update
Walaber::ParticleEmitter	220	4	int	?	0	2	0	0	med	_xmlFileLoaded,update
Walaber::ParticleEmitter	224	8	int	?	0	3	2	0	high	ParticleEmitter,update,~ParticleEmitter
Walaber::ParticleEmitter	232	8	int	?	0	4	2	0	high	ParticleEmitter,addDirectionRangeDegrees,update
Walaber::ParticleEmitter	240	8	int	?	0	2	1	0	high	ParticleEmitter,addDirectionRangeDegrees
Walaber::ParticleEmitter	248	4	float	?	0	2	1	0	high	ParticleEmitter,_xmlFileLoaded
Walaber::ParticleEmitter	256	4	float	?	0	2	1	0	high	ParticleEmitter,_xmlFileLoaded
Walaber::ParticleEmitter	264	4	float	?	0	3	1	0	high	ParticleEmitter,_xmlFileLoaded,update
Walaber::ParticleEmitter	268	4	float	?	0	2	0	0	med	_xmlFileLoaded,update
Walaber::ParticleEmitter	272	4	float	?	0	3	1	0	high	ParticleEmitter,_xmlFileLoaded,update
Walaber::ParticleEmitter	276	4	float	?	0	2	0	0	med	_xmlFileLoaded,update
Walaber::ParticleEmitter	280	4	float	?	0	3	1	0	high	ParticleEmitter,_xmlFileLoaded,update
Walaber::ParticleEmitter	284	4	float	?	0	2	0	0	med	_xmlFileLoaded,update
Walaber::ParticleEmitter	288	4	float	?	0	3	1	0	high	ParticleEmitter,_xmlFileLoaded,update
Walaber::ParticleEmitter	292	4	float	?	0	2	0	0	med	_xmlFileLoaded,update
Walaber::ParticleEmitter	296	4	float	?	0	3	1	0	high	ParticleEmitter,_xmlFileLoaded,update
Walaber::ParticleEmitter	300	4	float	?	0	2	0	0	med	_xmlFileLoaded,update
Walaber::ParticleEmitter	304	4	float	?	0	3	1	0	high	ParticleEmitter,_xmlFileLoaded,update
Walaber::ParticleEmitter	308	4	float	?	0	2	0	0	med	_xmlFileLoaded,update
Walaber::ParticleEmitter	312	8	int	?	0	3	1	0	high	ParticleEmitter,_xmlFileLoaded,update
Walaber::ParticleEmitter	320	4	float	?	0	3	1	0	high	ParticleEmitter,_xmlFileLoaded,update
Walaber::ParticleEmitter	328	1	int	u	0	3	1	0	high	ParticleEmitter,_xmlFileLoaded,update
Walaber::ParticleEmitter	329	1	int	u	0	2	0	0	med	_xmlFileLoaded,update
Walaber::ParticleEmitter	336	8	int	?	0	2	1	0	high	ParticleEmitter,_xmlFileLoaded
Walaber::ParticleEmitter	352	4	float	?	0	3	1	0	high	ParticleEmitter,_xmlFileLoaded,update
Walaber::ParticleEmitter	360	4	float	?	0	2	1	0	high	ParticleEmitter,update
Walaber::ParticleEmitter	364	4	int	?	0	2	0	0	med	_xmlFileLoaded,update
Walaber::ParticleEmitter	456	1	int	u	0	3	1	0	high	ParticleEmitter,_xmlFileLoaded,update
Walaber::ParticleEmitter	457	1	int	u	0	2	0	0	med	_xmlFileLoaded,update
Walaber::ParticleEmitter	458	1	int	u	0	2	1	0	high	ParticleEmitter,update
Walaber::ParticleEmitter::EmitterZone	0	8	int	?	0	2	0	1	med	__push_back_slow_path<Walaber::ParticleEmitter::EmitterZone_const&>,addEmitterZone
Walaber::ParticleEmitter::EmitterZone	8	8	int	?	0	2	0	1	med	__push_back_slow_path<Walaber::ParticleEmitter::EmitterZone_const&>,addEmitterZone
Walaber::ParticleEmitter::EmitterZone	16	4	int	?	0	2	0	1	med	__push_back_slow_path<Walaber::ParticleEmitter::EmitterZone_const&>,addEmitterZone
Walaber::ParticleEmitter::EmitterZone	20	8	int	?	0	2	0	0	med	__push_back_slow_path<Walaber::ParticleEmitter::EmitterZone_const&>,addEmitterZone
Walaber::ParticleSet	0	8	int	?	0	8	2	0	high	ParticleSet,addParticle,drawParticles
Walaber::ParticleSet	8	8	int	?	0	2	2	0	high	ParticleSet,~ParticleSet
Walaber::ParticleSet	24	8	int	?	0	2	1	0	high	ParticleSet,initParticles
Walaber::ParticleSet	32	8	int	?	0	3	1	0	high	ParticleSet,addParticle,removeParticle
Walaber::ParticleSet	40	8	int	?	0	4	1	0	high	ParticleSet,addParticle,initParticles
Walaber::ParticleSet	48	4	int	?	0	5	1	0	high	ParticleSet,addParticle,drawParticles
Walaber::ParticleSet	52	4	int	?	0	2	0	0	med	addParticle,removeParticle
Walaber::ParticleSet	56	4	int	?	0	2	1	0	high	ParticleSet,initParticles
Walaber::ParticleSet	60	4	int	?	0	2	1	0	high	ParticleSet,updateParticles
Walaber::ParticleSet	72	8	int	?	0	2	1	0	high	ParticleSet,updateParticles
Walaber::PlatformManager	48	4	int	?	0	3	1	0	high	PlatformManager,getPlatformSpecificFilename,getPrioritizedPlatformTags
Walaber::PlatformManager	52	4	int	?	0	2	1	0	high	PlatformManager,stripPlatformSpecificFilename
Walaber::PositionTextureColorVert	0	4	float	?	0	2	0	2	high	__push_back_slow_path<Walaber::PositionTextureColorVert_const&>,_drawIntoVertBuffer
Walaber::PositionTextureColorVert	16	4	int	?	0	2	0	1	med	__push_back_slow_path<Walaber::PositionTextureColorVert_const&>,_drawIntoVertBuffer
Walaber::ProgrammaticTexture2D	0	8	int	?	0	3	3	0	high	ProgrammaticTexture2D,reload,~ProgrammaticTexture2D
Walaber::ProgrammaticTexture2D	52	4	int	?	0	2	2	0	high	reload,setData
Walaber::ProgrammaticTexture2D	120	4	int	?	0	6	5	0	high	_applySettings,clearGlMem,initWithSize
Walaber::ProgrammaticTexture2D	124	4	int	?	0	3	2	0	high	initWithSize,reload,setData
Walaber::ProgrammaticTexture2D	128	4	int	?	0	3	2	0	high	initWithSize,reload,setData
Walaber::Property	0	4	int	?	0	9	1	1	high	Property,asAABB,asColor
Walaber::Property	8	1	int	u	0	9	2	0	high	Property,asAABB,asColor
Walaber::Property	24	8	int	?	0	3	2	0	high	Property,setValue,~Property
Walaber::Property	32	8	int	?	0	5	0	0	high	asColor,asFloat,asInt
Walaber::PropertyList	0	8	int	?	0	6	4	0	high	PropertyList,SoundEffectInstanceLoadedParameters,SoundFileInstanceLoadedParameters
Walaber::PropertyList	8	8	int	?	0	2	2	0	high	PropertyList,~PropertyList
Walaber::PropertyList	16	8	int	?	0	2	1	0	high	PropertyList,newPropertyList
Walaber::PushCommand	8	8	int	?	0	2	1	0	high	DoCommand,PushCommand
Walaber::PushCommand	32	8	int	?	0	2	1	0	high	PushCommand,ResumeNotifications
Walaber::PushCommand	48	4	int	?	0	4	1	0	high	LoadHeldCommands,PushCommand,SaveCommand
Walaber::PushCommand	52	1	int	u	0	5	1	0	high	HoldNotifications,Parse,PumpNotifications
Walaber::QuadHelper	0	4	float	?	0	3	0	0	med	drawQuad,drawQuadColored,drawQuadOutline
Walaber::QuadHelper	4	4	float	?	0	3	0	0	med	drawQuad,drawQuadColored,drawQuadOutline
Walaber::Rect	0	4	float	?	0	9	0	1	high	_addQuadToBatchUVRect,_drawGlyphClip,_drawStringCenterClip
Walaber::Rect	4	4	float	?	0	7	0	0	high	_addQuadToBatchUVRect,_drawGlyphClip,_drawLocalQuad
Walaber::Rect	8	4	float	?	0	5	0	1	high	_addQuadToBatchUVRect,_drawGlyphClip,projectCurrentFrame
Walaber::Rect	12	4	float	?	0	5	0	0	high	_addQuadToBatchUVRect,_drawGlyphClip,_drawLocalQuad
Walaber::RenderTexture2D	0	8	float	?	0	4	2	0	high	RenderTexture2D,initWithPixelData,initWithSize
Walaber::RenderTexture2D	120	4	int	?	0	6	4	0	high	_applySettings,clearGlMem,initWithPixelData
Walaber::RenderTexture2D	124	4	int	?	0	3	0	0	med	createScreenGrab,initWithPixelData,initWithSize
Walaber::RenderTexture2D	128	4	int	?	0	3	0	0	med	createScreenGrab,initWithPixelData,initWithSize
Walaber::RenderTexture2D	132	8	float	?	0	2	0	0	med	initWithPixelData,initWithSize
Walaber::RenderTexture2D	140	4	int	?	0	2	0	0	med	initWithPixelData,initWithSize
Walaber::RenderTexture2D	144	4	int	?	0	2	0	0	med	initWithPixelData,initWithSize
Walaber::RenderTexture2D	148	8	float	?	0	3	0	0	med	initWithPixelData,initWithSize,setViewport
Walaber::RenderTexture2D	156	8	int	?	0	2	0	0	med	initWithPixelData,initWithSize
Walaber::RenderTexture2D	188	4	int	?	0	7	4	0	high	RenderTexture2D,bind,clearGlMem
Walaber::RenderTexture2D	192	4	int	?	0	4	2	0	high	RenderTexture2D,bind,invalidate
Walaber::RenderTexture2D	196	4	int	?	0	2	0	0	med	bind,unbind
Walaber::RenderTexture2D	200	4	int	?	0	2	0	0	med	bind,unbind
Walaber::RenderTexture2D	204	4	int	?	0	2	0	0	med	bind,unbind
Walaber::RenderTexture2D	208	4	int	?	0	2	0	0	med	bind,unbind
Walaber::RibbonParticleSet<10>	0	8	int	?	0	5	1	0	high	addParticle,drawParticles,removeParticle
Walaber::RibbonParticleSet<10>	32	8	int	?	0	3	0	0	med	RibbonParticleSet,addParticle,removeParticle
Walaber::RibbonParticleSet<10>	40	8	int	?	0	3	0	0	med	RibbonParticleSet,addParticle,removeParticle
Walaber::RibbonParticleSet<10>	48	4	int	?	0	5	0	0	high	RibbonParticleSet,addParticle,drawParticles
Walaber::RibbonParticleSet<10>	52	4	int	?	0	2	0	0	med	addParticle,removeParticle
Walaber::RibbonParticleSet<10>	68	4	int	?	0	2	0	0	med	RibbonParticleSet,drawParticles
Walaber::RibbonParticleSet<10>	72	8	int	?	0	3	1	0	high	RibbonParticleSet,drawParticles,~RibbonParticleSet
Walaber::RibbonParticleSet<10>	80	8	int	?	0	3	1	0	high	RibbonParticleSet,drawParticles,~RibbonParticleSet
Walaber::RibbonParticleSet<10>	88	8	int	?	0	3	1	0	high	RibbonParticleSet,drawParticles,~RibbonParticleSet
Walaber::RibbonParticleSet<10>	96	8	int	?	0	2	0	0	med	RibbonParticleSet,updateParticles
Walaber::SceneGraph	0	8	int	?	0	6	2	0	high	SceneGraph,getFirstNodeWithGroupID,getNodeByName
Walaber::ScreenManager	0	8	int	?	0	7	0	0	high	_pushScreen,_swapScreen,addScreenLoader
Walaber::ScreenManager	8	8	int	?	0	3	0	0	med	_swapScreen,addScreenLoader,commitScreenChanges
Walaber::ScreenManager::ScreenOperationDetails	-40	8	int	?	8	2	0	0	med	__move_range,__swap_out_circular_buffer
Walaber::ScreenManager::ScreenOperationDetails	-32	4	int	?	8	2	0	0	med	__move_range,__swap_out_circular_buffer
Walaber::ScreenManager::ScreenOperationDetails	0	8	int	?	0	6	0	2	high	__construct_at_end<Walaber::ScreenManager::ScreenOperationDetails*>,__move_range,__push_back_slow_path<Walaber::ScreenManager::ScreenOperationDetails_const&>
Walaber::SharedPtr<Walaber::Callback>	0	8	int	?	0	2	1	0	high	operator=,~SharedPtr
Walaber::SharedPtr<Walaber::Callback>	8	8	int	?	0	2	1	0	high	operator=,~SharedPtr
Walaber::SharedPtr<Walaber::Curve>	0	8	int	?	0	2	1	0	high	operator=,~SharedPtr
Walaber::SharedPtr<Walaber::Curve>	8	8	int	?	0	2	1	0	high	operator=,~SharedPtr
Walaber::SharedPtr<Walaber::ProgrammaticTexture2D>	0	8	int	?	0	2	1	0	high	operator=,~SharedPtr
Walaber::SharedPtr<Walaber::ProgrammaticTexture2D>	8	8	int	?	0	2	1	0	high	operator=,~SharedPtr
Walaber::SharedPtr<Walaber::RenderTexture2D>	0	8	int	?	0	2	1	0	high	operator=,~SharedPtr
Walaber::SharedPtr<Walaber::RenderTexture2D>	8	8	int	?	0	2	1	0	high	operator=,~SharedPtr
Walaber::SharedPtr<Walaber::SkeletonActor::EventActionData>	0	8	int	?	0	2	1	0	high	operator=,~SharedPtr
Walaber::SharedPtr<Walaber::SkeletonActor::EventActionData>	8	8	int	?	0	2	1	0	high	operator=,~SharedPtr
Walaber::SharedPtr<Walaber::SoundEffectInstance>	0	8	int	?	0	2	1	0	high	operator=,~SharedPtr
Walaber::SharedPtr<Walaber::SoundEffectInstance>	8	8	int	?	0	2	1	0	high	operator=,~SharedPtr
Walaber::SharedPtr<Walaber::SoundResource>	0	8	int	?	0	2	1	0	high	operator=,~SharedPtr
Walaber::SharedPtr<Walaber::SoundResource>	8	8	int	?	0	2	1	0	high	operator=,~SharedPtr
Walaber::SharedPtr<Walaber::SpriteAnimation>	0	8	int	?	0	2	1	0	high	operator=,~SharedPtr
Walaber::SharedPtr<Walaber::SpriteAnimation>	8	8	int	?	0	2	1	0	high	operator=,~SharedPtr
Walaber::SharedPtr<Walaber::Texture2D>	0	8	int	?	0	2	1	0	high	operator=,~SharedPtr
Walaber::SharedPtr<Walaber::Texture2D>	8	8	int	?	0	2	1	0	high	operator=,~SharedPtr
Walaber::SharedPtr<Walaber::Texture>	0	8	int	?	0	2	1	0	high	operator=,~SharedPtr
Walaber::SharedPtr<Walaber::Texture>	8	8	int	?	0	2	1	0	high	operator=,~SharedPtr
Walaber::SharedPtr<std::__ndk1::vector<Walaber::Color, std::__ndk1::allocator<Walaber::Color>>>	0	8	int	?	0	2	1	0	high	operator=,~SharedPtr
Walaber::SharedPtr<std::__ndk1::vector<Walaber::Color, std::__ndk1::allocator<Walaber::Color>>>	8	8	int	?	0	2	1	0	high	operator=,~SharedPtr
Walaber::Skeleton	0	8	int	?	0	6	2	0	high	Skeleton,_skeletonHasLoaded,loadSkeletonWithCallback
Walaber::Skeleton	8	1	int	u	0	2	0	0	med	_skeletonHasLoaded,loadSkeletonWithCallback
Walaber::Skeleton	16	8	int	?	0	5	0	0	high	_skeletonHasLoaded,addRootBone,loadSkeletonWithCallback
Walaber::Skeleton	24	8	int	?	0	2	0	0	med	_recursiveBuildSkeleton,_skeletonHasLoaded
Walaber::Skeleton	32	4	int	?	0	3	1	0	high	Skeleton,_recursiveBuildSkeleton,_skeletonHasLoaded
Walaber::Skeleton	96	4	float	?	0	2	0	0	med	_skeletonHasLoaded,setScreenSpace
Walaber::Skeleton	144	8	int	?	0	3	2	0	high	Skeleton,getBindPoseDataForBone,~Skeleton
Walaber::Skeleton	160	8	int	?	0	3	2	0	high	Skeleton,operator=,~Skeleton
Walaber::Skeleton	168	8	int	?	0	2	2	0	high	Skeleton,~Skeleton
Walaber::Skeleton	184	8	int	?	0	7	2	0	high	Skeleton,operator=,scaleSpriteScale
Walaber::Skeleton	192	8	int	?	0	2	2	0	high	Skeleton,~Skeleton
Walaber::Skeleton	208	8	int	?	0	3	3	0	high	Skeleton,draw,setLayer
Walaber::Skeleton	216	8	int	?	0	3	2	0	high	Skeleton,addSpriteAsChildToBone,~Skeleton
Walaber::Skeleton	312	4	int	?	0	2	1	0	high	Skeleton,setColor
Walaber::Skeleton	320	8	int	?	0	2	2	0	high	Skeleton,~Skeleton
Walaber::Skeleton	336	8	int	?	0	2	2	0	high	Skeleton,~Skeleton
Walaber::Skeleton	344	1	int	u	0	3	1	1	high	Skeleton,operator=,setScreenSpace
Walaber::SkeletonActor	8	8	int	?	0	13	2	0	high	SkeletonActor,_playAnimation,_skeletonLoaded
Walaber::SkeletonActor	16	8	int	?	0	4	2	0	high	SkeletonActor,init,update
Walaber::SkeletonActor	40	8	int	?	0	6	2	0	high	SkeletonActor,_clearNonSceneProps,draw
Walaber::SkeletonActor	64	8	int	?	0	6	2	0	high	SkeletonActor,_playAnimation,draw
Walaber::SkeletonActor	72	8	int	?	0	6	2	0	high	SkeletonActor,_playAnimation,draw
Walaber::SkeletonActor	124	4	int	?	0	5	0	0	high	_animationEventCallback,_doEventAction,_playAnimation
Walaber::SkeletonActor	152	8	int	?	0	6	1	0	high	SkeletonActor,_animationEventCallback,_clearAnimationGroupData
Walaber::SkeletonActor	160	8	int	?	0	4	1	0	high	SkeletonActor,_clearAnimationGroupData,isCurrentAnimationMemberOfGroup
Walaber::SkeletonActor	176	8	int	?	0	7	1	0	high	SkeletonActor,_clearAnimationGroupData,_getAnimationNameIndex
Walaber::SkeletonActor	184	8	int	?	0	4	1	0	high	SkeletonActor,_clearAnimationGroupData,_getAnimationNameIndex
Walaber::SkeletonActor	328	8	int	?	0	4	2	0	high	SkeletonActor,_clearAnimationGroupData,_playAnimationFromGroup
Walaber::SkeletonActor	376	8	int	?	0	5	1	0	high	SkeletonActor,pauseSounds,resumeSounds
Walaber::SkeletonActor	384	8	int	?	0	7	1	0	high	SkeletonActor,_gotSoundFile,_soundLoaded
Walaber::SkeletonActorCueAnimationTrack	0	8	int	?	0	4	1	1	high	SkeletonActorCueAnimationTrack,addSkeletonActorCueTrack,apply
Walaber::SkeletonActorCueAnimationTrack	8	8	int	?	0	3	1	0	high	SkeletonActorCueAnimationTrack,apply,operator=
Walaber::SkeletonActorCueAnimationTrack	16	8	int	?	0	2	1	0	high	SkeletonActorCueAnimationTrack,operator=
Walaber::SkeletonActorCueAnimationTrack	32	8	int	?	0	3	1	1	high	SkeletonActorCueAnimationTrack,apply,operator=
Walaber::SoundEffectInstance	8	8	int	?	0	7	1	0	high	SoundEffectInstance,_initChannel,_writeWavHeader
Walaber::SoundEffectInstance	24	8	int	?	0	11	2	0	high	SoundEffectInstance,_initChannel,getPlaybackPosition
Walaber::SoundEffectInstance	44	4	float	?	0	3	1	0	high	SoundEffectInstance,play,setVolume
Walaber::SoundEffectInstance	72	1	int	u	0	5	1	0	high	SoundEffectInstance,getState,pause
Walaber::SoundManager	8	8	int	?	0	4	2	0	high	SoundManager,_oneShotCallback,getSoundFile
Walaber::SoundManager	24	8	int	?	0	5	1	0	high	SoundManager,initDefaultSubtitleText,optimize
Walaber::SoundManager	32	8	int	?	0	16	2	0	high	SoundManager,_loadSound,_loadSoundFileRead
Walaber::SoundManager	56	8	int	?	0	4	2	0	high	SoundManager,refreshSound,unloadAllSounds
Walaber::SoundManager	80	8	int	?	0	4	1	0	high	SoundManager,_loadSoundFileDirectRead,optimize
Walaber::SoundManager	104	8	int	?	0	8	2	0	high	SoundManager,getLiveTracksInGroup,playHubMusicFromGroup
Walaber::SoundManager	112	8	int	?	0	4	0	0	high	modifyMusicFilePath,playHubMusicFromGroup,playMusicFromGroup
Walaber::SoundManager	160	8	int	?	0	8	2	0	high	SoundManager,_loadSoundResource,_resumeStreamingMusicAtPath
Walaber::SoundManager	168	8	int	?	0	6	1	0	high	pushVolumeSettings,setAllPaused,setSoundVolume
Walaber::SoundManager	176	8	int	?	0	7	2	0	high	SoundManager,pushVolumeSettings,setAllPaused
Walaber::SoundManager	184	8	int	?	0	6	1	0	high	newSoundSpecific,pushVolumeSettings,setMusicPaused
Walaber::SoundManager	208	8	int	?	0	6	0	0	high	_streamMusicAtPath,isMusicPaused,isMusicPlaying
Walaber::SoundManager	240	4	int	?	0	8	1	0	high	SoundManager,_streamMusicAtPath,clearHubMusicChannels
Walaber::SoundManager	312	8	int	?	0	6	1	0	high	clearHubMusicChannels,isHubMusicPlaying,pauseMusic
Walaber::SoundManager	320	8	int	?	0	6	1	0	high	clearHubMusicChannels,isHubMusicPlaying,pauseMusic
Walaber::SoundManager	384	4	int	?	0	5	1	0	high	SoundManager,clearRetryInfo,setMusicPaused
Walaber::SoundManager	392	8	int	?	0	5	1	0	high	SoundManager,clearRetryInfo,setMusicPaused
Walaber::SoundManager	400	1	int	u	0	4	1	0	high	SoundManager,pauseMusic,resumeMusic
Walaber::SoundManager	402	1	int	u	0	8	1	0	high	SoundManager,playCurrentTrackInGroup,playHubMusicFromGroup
Walaber::SoundResource	0	8	int	?	0	2	2	0	high	SoundResource,~SoundResource
Walaber::Sprite	0	8	int	?	0	5	2	0	high	Sprite,_animationLoaded,addSprite
Walaber::Sprite	8	8	int	?	0	2	0	0	med	addSprite,addSpriteAsChildToBone
Walaber::Sprite	24	8	int	?	0	2	0	0	med	addSprite,addSpriteAsChildToBone
Walaber::Sprite	144	8	int	?	0	2	2	0	high	Sprite,~Sprite
Walaber::Sprite	152	8	int	?	0	2	1	0	high	Sprite,addAnimation
Walaber::Sprite	160	8	int	?	0	6	2	0	high	Sprite,draw,getCurrentFrameOffset
Walaber::Sprite	168	8	int	?	0	4	1	0	high	Sprite,getCurrentSize,playAnimation
Walaber::Sprite	176	4	int	?	0	4	1	0	high	Sprite,_animationFileRead,_animationLoaded
Walaber::Sprite	184	8	int	?	0	3	1	0	high	Sprite,_animationFileRead,_animationLoaded
Walaber::Sprite	200	1	int	u	0	2	2	0	high	Sprite,draw
Walaber::Sprite	201	4	int	?	0	2	2	0	high	Sprite,draw
Walaber::Sprite	205	1	int	u	0	2	2	0	high	Sprite,draw
Walaber::Sprite	208	8	int	?	0	3	1	0	high	Sprite,playAnimation,update
Walaber::SpriteAnimation	0	1	int	u	0	4	2	0	high	SpriteAnimation,_parsePlaybackMode,loadFromXML
Walaber::SpriteAnimation	8	8	int	?	0	3	1	0	high	SpriteAnimation,_parsePlaybackMode,loadFromXML
Walaber::SpriteAnimation	16	8	int	?	0	2	1	0	high	SpriteAnimation,loadFromXML
Walaber::SpriteAnimation	24	1	int	u	0	5	1	0	high	SpriteAnimation,pause,play
Walaber::SpriteAnimation	28	4	int	?	0	4	1	0	high	SpriteAnimation,loadFromXML,play
Walaber::SpriteAnimation	32	4	float	?	0	4	0	0	high	_loadedAtlas,loadFromXML,play
Walaber::SpriteAnimation	40	8	int	?	0	7	2	0	high	SpriteAnimation,_loadedAtlas,getFrameSize
Walaber::SpriteAnimation	48	8	int	?	0	7	2	0	high	SpriteAnimation,_loadedAtlas,getFrameSize
Walaber::SpriteAnimation	56	8	int	?	0	2	1	0	high	SpriteAnimation,_loadedAtlas
Walaber::SpriteAnimation	64	4	int	?	0	6	1	0	high	SpriteAnimation,getFrameSize,play
Walaber::SpriteAnimation	68	4	float	?	0	2	0	0	med	play,update
Walaber::SpriteAnimation	72	4	int	?	0	3	1	0	high	SpriteAnimation,stop,update
Walaber::SpriteAnimation	76	8	float	?	0	2	1	0	high	SpriteAnimation,update
Walaber::SpriteAnimation	84	4	int	?	0	3	1	0	high	SpriteAnimation,loadFromXML,stop
Walaber::SpriteAnimation	88	4	int	?	0	3	0	0	med	loadFromXML,play,stop
Walaber::SpriteAnimation	112	8	int	?	0	5	1	0	high	SpriteAnimation,addMarkerEvent,clearMarkerEvents
Walaber::SpriteAnimation	120	8	int	?	0	4	2	0	high	SpriteAnimation,clearMarkerEvents,play
Walaber::SpriteAnimation	128	8	int	?	0	2	1	0	high	SpriteAnimation,clearMarkerEvents
Walaber::SpriteAnimation	136	8	int	?	0	6	1	0	high	SpriteAnimation,addMarkerEvent,clearMarkerEvents
Walaber::SpriteAnimation	144	8	int	?	0	4	1	0	high	SpriteAnimation,pause,play
Walaber::SpriteAnimation	160	8	int	?	0	3	1	0	high	SpriteAnimation,_loadedAtlas,loadFromXML
Walaber::SpriteAnimation	168	8	int	?	0	3	1	0	high	SpriteAnimation,_loadedAtlas,loadFromXML
Walaber::SpriteAnimation	176	8	int	?	0	2	1	0	high	SpriteAnimation,loadFromXML
Walaber::SpriteAnimation	184	8	int	?	0	2	1	0	high	SpriteAnimation,_loadedAtlas
Walaber::SpriteAnimationTrack	0	8	int	?	0	4	1	1	high	SpriteAnimationTrack,addSpriteTrack,apply
Walaber::SpriteAnimationTrack	8	8	int	?	0	2	1	0	high	SpriteAnimationTrack,apply
Walaber::SpriteAnimationTrack	16	8	int	?	0	2	1	0	high	SpriteAnimationTrack,apply
Walaber::SpriteAnimationTrack	24	8	int	?	0	4	1	1	high	SpriteAnimationTrack,addSpriteTrack,apply
Walaber::SpriteAnimationTrack	32	8	int	?	0	3	1	0	high	SpriteAnimationTrack,apply,operator=
Walaber::SpriteAnimationTrack	40	8	int	?	0	3	1	0	high	SpriteAnimationTrack,addSpriteAnimationEvent,operator=
Walaber::SpriteAnimationTrack	48	8	int	?	0	2	1	0	high	SpriteAnimationTrack,addSpriteAnimationEvent
Walaber::SpriteAnimationTrack	56	4	int	?	0	3	1	1	high	SpriteAnimationTrack,apply,operator=
Walaber::SpriteAnimationTrack	60	4	int	?	0	2	1	0	high	SpriteAnimationTrack,apply
Walaber::SpriteAnimationTrack	64	4	int	?	0	4	1	1	high	SpriteAnimationTrack,addSpriteAnimationEvent,apply
Walaber::SpriteAnimationTrack::SpriteAnimationEvent	-40	8	int	?	0	2	0	0	med	__move_range,__swap_out_circular_buffer
Walaber::SpriteAnimationTrack::SpriteAnimationEvent	-32	8	int	?	0	2	0	0	med	__move_range,__swap_out_circular_buffer
Walaber::SpriteAnimationTrack::SpriteAnimationEvent	-24	8	int	?	0	2	0	0	med	__move_range,__swap_out_circular_buffer
Walaber::SpriteAnimationTrack::SpriteAnimationEvent	-16	8	int	?	0	2	0	0	med	__move_range,__swap_out_circular_buffer
Walaber::SpriteAnimationTrack::SpriteAnimationEvent	-8	2	int	u	0	2	0	0	med	__move_range,__swap_out_circular_buffer
Walaber::SpriteAnimationTrack::SpriteAnimationEvent	0	8	int	?	0	3	0	1	med	__move_range,__swap_out_circular_buffer,assign<Walaber::SpriteAnimationTrack::SpriteAnimationEvent*>
Walaber::SpriteAnimationTrack::SpriteAnimationEvent	8	8	int	?	0	2	0	2	high	__move_range,__swap_out_circular_buffer
Walaber::SpriteAnimationTrack::SpriteAnimationEvent	16	8	int	?	0	2	0	1	med	__move_range,__swap_out_circular_buffer
Walaber::SpriteAnimationTrack::SpriteAnimationEvent	24	8	int	?	0	2	0	0	med	__move_range,__swap_out_circular_buffer
Walaber::SpriteAnimationTrack::SpriteAnimationEvent	32	2	int	u	0	3	0	0	med	__move_range,__swap_out_circular_buffer,assign<Walaber::SpriteAnimationTrack::SpriteAnimationEvent*>
Walaber::SpriteBatch	0	8	int	?	0	9	2	8	high	SpriteBatch,_addQuadToBatchImmediate,_flushImmediate
Walaber::SpriteBatch	24	4	int	?	0	16	1	3	high	SpriteBatch,_drawTeleportSpiralIntro,_reset
Walaber::SpriteBatch	28	4	int	?	0	9	0	0	high	drawCircle,drawCircleColored,drawQuad
Walaber::SpriteBatch	32	4	int	?	0	13	0	1	high	_addQuadToBatchOptimal,_addVertsToBatchOptimal,_drawStringLeft
Walaber::SpriteBatch	36	4	int	?	0	6	0	0	high	_addQuadToBatchOptimal,_addVertsToBatchOptimal,_reset
Walaber::SpriteBatch	40	4	int	?	0	7	1	3	high	SpriteBatch,_addQuadToBatchOptimal,_addVertsToBatchOptimal
Walaber::SpriteBatch	48	8	int	?	0	8	1	5	high	SpriteBatch,_addQuadToBatchOptimal,_addVertsToBatchOptimal
Walaber::StringHelper	0	1	int	u	0	10	0	0	high	appendPath,cleanLineEnding,formatString
Walaber::StringHelper	8	8	int	?	0	9	0	0	high	appendPath,cleanLineEnding,getExtension
Walaber::StringHelper	16	8	int	?	0	10	0	0	high	appendPath,cleanLineEnding,formatString
Walaber::Subtexture	0	8	int	?	0	2	2	0	high	Subtexture,~Subtexture
Walaber::Subtexture	120	4	int	?	0	2	1	0	high	Subtexture,reloadParent
Walaber::Subtexture	192	8	int	?	0	2	1	0	high	Subtexture,reloadParent
Walaber::Subtexture	208	1	int	u	0	2	1	0	high	isTextureParent,~Subtexture
Walaber::Subtexture	224	8	int	?	0	2	1	0	high	isTextureParent,~Subtexture
Walaber::TextManager	0	8	int	?	0	7	0	0	high	containsLanguage,getLanguageMap,getString
Walaber::TextManager	8	8	int	?	0	7	0	0	high	containsLanguage,getAvailableLanguages,getAvailableLanguagesAsStrings
Walaber::TextManager	16	8	int	?	0	2	0	0	med	getAvailableLanguages,getAvailableLanguagesAsStrings
Walaber::TextManager	32	8	int	?	0	2	0	0	med	loadedScriptFile,loadedSubtitleFile
Walaber::TextManager	40	8	int	?	0	2	0	0	med	loadedScriptFile,loadedSubtitleFile
Walaber::Texture	0	8	int	?	0	4	2	0	high	Texture,getData,setSettings
Walaber::Texture	32	8	int	?	0	2	1	0	high	Texture,setSettings
Walaber::Texture	40	4	int	?	0	2	1	0	high	Texture,setSettings
Walaber::Texture	44	1	int	u	0	2	1	0	high	Texture,setSettings
Walaber::Texture	45	1	int	u	0	2	1	0	high	Texture,setSettings
Walaber::Texture	46	1	int	u	0	2	1	0	high	Texture,setSettings
Walaber::Texture	47	1	int	u	0	2	1	0	high	Texture,setSettings
Walaber::Texture	48	16	vec16	?	0	2	1	0	high	Texture,setSettings
Walaber::Texture	64	8	int	?	0	2	1	0	high	Texture,setSettings
Walaber::Texture	96	16	vec16	?	0	2	1	0	high	Texture,setSettings
Walaber::Texture	112	8	int	?	0	2	1	0	high	Texture,setSettings
Walaber::Texture	120	4	int	?	0	2	1	0	high	Texture,invalidate
Walaber::Texture	124	4	float	?	0	2	1	0	high	Texture,create_empty_buffer
Walaber::Texture2D	0	8	int	?	0	3	2	0	high	Texture2D,_fileLoaded,~Texture2D
Walaber::Texture2D	8	1	int	u	0	4	3	0	high	_fileLoaded,clearGlMem,reload
Walaber::Texture2D	16	8	int	?	0	2	2	0	high	clearGlMem,~Texture2D
Walaber::Texture2D	24	8	int	?	0	4	3	0	high	_fileLoaded,clearGlMem,reload
Walaber::Texture2D	120	4	int	?	0	5	4	0	high	_applySettings,_failedToLoad,clearGlMem
Walaber::Texture2D	124	8	float	?	0	2	0	0	med	_failedToLoad,_fileLoaded
Walaber::Texture2D	132	8	float	?	0	2	0	0	med	_failedToLoad,_fileLoaded
Walaber::Texture2D	168	8	int	?	0	3	2	0	high	_fileLoaded,clearGlMem,~Texture2D
Walaber::Texture2D	176	8	int	?	0	3	2	0	high	_fileLoaded,clearGlMem,~Texture2D
Walaber::Texture2D	192	8	int	?	0	2	1	0	high	Texture2D,_fileLoaded
Walaber::Texture2D	208	8	int	?	0	3	1	0	high	Texture2D,_failedToLoad,_fileLoaded
Walaber::Texture2D	224	4	int	?	0	4	2	0	high	Texture2D,initFromFileName,loadFromFile
Walaber::Texture2D	228	4	int	?	0	5	3	0	high	_fileLoaded,_getData,loadFromFile
Walaber::TextureManager	0	8	int	?	0	15	1	0	high	TextureManager,_clearSubtextureParents,_createErrorTexture
Walaber::TextureManager::SubTexInfo	24	16	vec16	?	0	3	0	0	med	__construct_at_end<Walaber::TextureManager::SubTexInfo*>,__push_back_slow_path<Walaber::TextureManager::SubTexInfo_const&>,assign<Walaber::TextureManager::SubTexInfo*>
Walaber::TextureManager::SubTexInfo	40	8	int	?	0	3	0	0	med	__construct_at_end<Walaber::TextureManager::SubTexInfo*>,__push_back_slow_path<Walaber::TextureManager::SubTexInfo_const&>,assign<Walaber::TextureManager::SubTexInfo*>
Walaber::TextureManager::SubTexInfo	48	8	int	?	0	3	0	0	med	__construct_at_end<Walaber::TextureManager::SubTexInfo*>,__push_back_slow_path<Walaber::TextureManager::SubTexInfo_const&>,assign<Walaber::TextureManager::SubTexInfo*>
Walaber::TextureManager::SubTexInfo	56	4	int	?	0	3	0	0	med	__construct_at_end<Walaber::TextureManager::SubTexInfo*>,__push_back_slow_path<Walaber::TextureManager::SubTexInfo_const&>,assign<Walaber::TextureManager::SubTexInfo*>
Walaber::TextureSettings	0	8	int	?	0	6	4	1	high	RenderTexture2D,Texture,Texture2D
Walaber::TextureSettings	8	4	int	?	0	7	4	0	high	RenderTexture2D,Texture,Texture2D
Walaber::TextureSettings	12	1	int	u	0	7	4	0	high	RenderTexture2D,Texture,Texture2D
Walaber::TextureSettings	13	1	int	u	0	7	4	0	high	RenderTexture2D,Texture,Texture2D
Walaber::TextureSettings	14	1	int	u	0	7	4	0	high	RenderTexture2D,Texture,Texture2D
Walaber::TextureSettings	15	1	int	u	0	6	4	0	high	RenderTexture2D,Texture,Texture2D
Walaber::TextureSettings	16	4	float	?	0	7	4	0	high	RenderTexture2D,Texture,Texture2D
Walaber::TextureSettings	24	4	int	?	0	2	1	0	high	TextureSettings,debugLog
Walaber::TextureSettings	28	4	int	?	0	2	1	0	high	TextureSettings,debugLog
Walaber::TextureSettings	32	8	int	?	0	7	4	1	high	RenderTexture2D,Texture,Texture2D
Walaber::TextureSettings	64	1	int	u	0	6	4	1	high	RenderTexture2D,Texture,Texture2D
Walaber::TextureSettings	80	8	int	?	0	5	3	0	high	RenderTexture2D,Texture,Texture2D
Walaber::Transition	0	8	int	?	0	3	3	0	high	Transition,setup,~Transition
Walaber::Transition	128	1	int	u	0	2	2	0	high	Transition,setup
Walaber::Transition	136	1	int	u	0	2	2	0	high	Transition,setup
Walaber::Transition	138	1	int	u	0	2	2	0	high	Transition,setup
Walaber::Transition	144	8	int	?	0	3	2	0	high	Transition,_drawFont,setup
Walaber::Transition	152	1	int	u	0	3	3	0	high	Transition,setup,~Transition
Walaber::Transition	160	8	int	?	0	2	2	0	high	Transition,setup
Walaber::Transition	168	8	int	?	0	3	3	0	high	Transition,setup,~Transition
Walaber::Transition	176	8	float	?	0	2	2	0	high	Transition,setup
Walaber::Transition	184	4	float	?	0	2	1	0	high	_drawFont,setup
Walaber::Transition	188	4	int	?	0	2	1	0	high	_drawFont,setup
Walaber::Transition	192	4	int	?	0	2	2	0	high	Transition,setup
Walaber::TransitionLoader	0	4	int	?	0	2	0	0	med	addTransitionLoader,transitionFromNameDefault
Walaber::TransitionLoader	8	8	int	?	0	2	0	0	med	addTransitionLoader,transitionFromNameDefault
Walaber::Transition_Block	0	8	int	?	0	3	3	0	high	Transition_Block,setup,~Transition_Block
Walaber::Transition_Block	112	4	float	?	0	2	2	0	high	setup,update
Walaber::Transition_Block	116	4	float	?	0	2	2	0	high	setup,update
Walaber::Transition_Block	120	4	int	?	0	2	2	0	high	setup,update
Walaber::Transition_Block	196	1	int	u	0	2	2	0	high	setup,update
Walaber::Transition_Block	200	4	int	?	0	2	2	0	high	draw,setup
Walaber::Transition_Block	204	8	float	?	0	2	2	0	high	Transition_Block,setup
Walaber::Transition_Block	212	4	float	?	0	2	2	0	high	Transition_Block,draw
Walaber::Transition_Block	224	8	int	?	0	4	4	0	high	Transition_Block,draw,update
Walaber::Transition_Block	232	8	int	?	0	2	2	0	high	Transition_Block,setup
Walaber::Transition_Block	248	4	int	?	0	3	3	0	high	draw,setup,update
Walaber::Transition_Block	252	4	int	?	0	2	2	0	high	setup,update
Walaber::Transition_Block	256	4	int	?	0	2	2	0	high	draw,setup
Walaber::Transition_Block	260	4	int	?	0	2	2	0	high	draw,setup
Walaber::Transition_Fade	0	8	int	?	0	2	2	0	high	Transition_Fade,setup
Walaber::Transition_Fade	112	4	float	?	0	2	2	0	high	setup,update
Walaber::Transition_Fade	116	4	float	?	0	2	2	0	high	setup,update
Walaber::Transition_Fade	120	4	int	?	0	2	2	0	high	setup,update
Walaber::Transition_Fade	124	1	int	u	0	2	2	0	high	setup,update
Walaber::Transition_Fade	192	1	int	u	0	2	2	0	high	setup,update
Walaber::Transition_Fade	196	1	int	u	0	2	2	0	high	setup,update
Walaber::Transition_Fade	200	4	int	?	0	2	2	0	high	draw,setup
Walaber::Transition_Fade	204	8	int	?	0	2	2	0	high	Transition_Fade,setup
Walaber::Transition_Fade	212	8	int	?	0	2	2	0	high	Transition_Fade,setup
Walaber::Transition_Fade	220	1	int	u	0	3	3	0	high	Transition_Fade,setup,update
Walaber::Transition_Fade	222	1	int	u	0	3	3	0	high	Transition_Fade,setup,update
Walaber::Transition_Fade	223	1	int	u	0	2	2	0	high	Transition_Fade,update
Walaber::Transition_Fade	224	1	int	u	0	2	2	0	high	setup,update
Walaber::Transition_Fade	228	1	int	u	0	2	2	0	high	setup,update
Walaber::Transition_Fade	230	1	int	u	0	2	2	0	high	setup,update
Walaber::Transition_Fade	231	1	int	u	0	3	3	0	high	Transition_Fade,setup,update
Walaber::Transition_Iris	0	8	int	?	0	3	3	0	high	Transition_Iris,setup,~Transition_Iris
Walaber::Transition_Iris	112	4	float	?	0	2	2	0	high	setup,update
Walaber::Transition_Iris	116	4	float	?	0	2	2	0	high	setup,update
Walaber::Transition_Iris	120	4	float	?	0	2	2	0	high	setup,update
Walaber::Transition_Iris	124	1	int	u	0	2	2	0	high	setup,update
Walaber::Transition_Iris	196	1	int	u	0	2	2	0	high	setup,update
Walaber::Transition_Iris	200	4	int	?	0	3	2	0	high	Transition_Iris,_initBladeAnchors,setup
Walaber::Transition_Iris	204	4	float	?	0	3	3	0	high	Transition_Iris,draw,update
Walaber::Transition_Iris	208	4	float	?	0	2	2	0	high	setup,update
Walaber::Transition_Iris	220	4	float	?	0	3	3	0	high	Transition_Iris,draw,update
Walaber::Transition_Iris	224	8	int	?	0	4	3	0	high	Transition_Iris,_initBladeAnchors,draw
Walaber::Transition_Iris	232	8	int	?	0	4	3	0	high	Transition_Iris,_initBladeAnchors,draw
Walaber::Transition_Iris	240	8	int	?	0	2	1	0	high	Transition_Iris,_initBladeAnchors
Walaber::Transition_Iris	248	8	int	?	0	2	2	0	high	Transition_Iris,draw
Walaber::Transition_Iris	256	8	int	?	0	2	2	0	high	Transition_Iris,draw
Walaber::Transition_Slide	0	8	int	?	0	2	2	0	high	Transition_Slide,~Transition_Slide
Walaber::Transition_Slide	112	4	float	?	0	3	3	0	high	draw,setup,update
Walaber::Transition_Slide	116	4	float	?	0	3	3	0	high	draw,setup,update
Walaber::Transition_Slide	192	1	int	u	0	2	2	0	high	setup,update
Walaber::Transition_Slide	196	4	int	?	0	2	0	0	med	_renderGameScreenToTexture,_setupRenderTextureBuffer
Walaber::Transition_Slide	200	4	int	?	0	2	1	0	high	_setupRenderTextureBuffer,draw
Walaber::Transition_Slide	204	4	int	?	0	2	0	0	med	_renderGameScreenToTexture,_setupRenderTextureBuffer
Walaber::Transition_Slide	208	4	int	?	0	2	0	0	med	_renderGameScreenToTexture,_setupRenderTextureBuffer
Walaber::Transition_Slide	212	8	float	?	0	2	1	0	high	_setupRenderTextureBuffer,draw
Walaber::Transition_Slide	220	4	int	?	0	4	2	0	high	Transition_Slide,_goIntro,_goOutro
Walaber::Transition_Slide	224	1	int	u	0	3	2	0	high	Transition_Slide,_renderGameScreenToTexture,draw
Walaber::Transition_Slide	228	8	float	?	0	4	2	0	high	Transition_Slide,_goIntro,_goOutro
Walaber::Transition_Slide	236	4	float	?	0	4	2	0	high	Transition_Slide,_goIntro,_goOutro
Walaber::Transition_Slide	244	8	float	?	0	3	2	0	high	Transition_Slide,_goIntro,draw
Walaber::Transition_Slide	252	8	float	?	0	4	2	0	high	Transition_Slide,_goIntro,_goOutro
Walaber::Transition_Slide	264	8	int	?	0	2	2	0	high	Transition_Slide,draw
Walaber::Transition_Slide	280	4	float	?	0	5	3	0	high	Transition_Slide,_goIntro,_goOutro
Walaber::Transition_Slide	284	4	float	?	0	3	1	0	high	_goIntro,_goOutro,draw
Walaber::Transition_Slide	288	1	int	u	0	2	2	0	high	Transition_Slide,setup
Walaber::Transition_Slide	292	4	int	?	0	3	3	0	high	draw,setup,update
Walaber::Transition_Widget_Slide	0	4	unknown	?	0	4	4	0	high	Transition_Widget_Slide,setup,update
Walaber::Transition_Widget_Slide	112	4	float	?	0	2	2	0	high	setup,update
Walaber::Transition_Widget_Slide	116	4	float	?	0	4	2	0	high	_findWidgetsInAABB,_updateWidgetManagers,setup
Walaber::Transition_Widget_Slide	120	4	float	?	0	2	2	0	high	setup,update
Walaber::Transition_Widget_Slide	129	1	int	u	0	2	2	0	high	setup,update
Walaber::Transition_Widget_Slide	130	1	int	u	0	2	2	0	high	setup,update
Walaber::Transition_Widget_Slide	196	1	int	u	0	4	2	0	high	_setPositionsByDirection,_updateWidgetManagers,setup
Walaber::Transition_Widget_Slide	198	1	int	u	0	2	2	0	high	setup,update
Walaber::Transition_Widget_Slide	200	8	float	?	0	5	3	0	high	Transition_Widget_Slide,_setPositionsByDirection,_updateWidgetManagers
Walaber::Transition_Widget_Slide	208	8	float	?	0	4	2	0	high	Transition_Widget_Slide,_setPositionsByDirection,_updateWidgetManagers
Walaber::Transition_Widget_Slide	216	8	float	?	0	4	2	0	high	Transition_Widget_Slide,_setPositionsByDirection,_updateWidgetManagers
Walaber::Transition_Widget_Slide	224	8	int	?	0	3	2	0	high	Transition_Widget_Slide,_setPositionsByDirection,setup
Walaber::Transition_Widget_Slide	232	8	int	?	0	3	2	0	high	Transition_Widget_Slide,_setPositionsByDirection,setup
Walaber::Transition_Widget_Slide	240	8	float	?	0	4	3	0	high	Transition_Widget_Slide,_setPositionsByDirection,setup
Walaber::Transition_Widget_Slide	248	4	float	?	0	3	2	0	high	Transition_Widget_Slide,_setPositionsByDirection,update
Walaber::Transition_Widget_Slide	252	4	float	?	0	2	1	0	high	_setPositionsByDirection,update
Walaber::Transition_Widget_Slide	256	4	float	?	0	2	1	0	high	_setPositionsByDirection,update
Walaber::Transition_Widget_Slide	260	4	float	?	0	2	1	0	high	_setPositionsByDirection,update
Walaber::Transition_Widget_Slide	264	4	int	?	0	3	2	0	high	Transition_Widget_Slide,_setPositionsByDirection,update
Walaber::Transition_Widget_Slide	272	4	int	?	0	2	1	0	high	_populateWidgetManagerMap,setup
Walaber::Transition_Widget_Slide	276	1	int	u	0	4	2	0	high	_findWidgetsInAABB,_updateWidgetManagers,setup
Walaber::Transition_Widget_Slide	280	8	int	?	0	5	1	0	high	Transition_Widget_Slide,_findWidgetsInAABB,_offsetWidgetManagers
Walaber::Transition_Widget_Slide	288	8	int	?	0	3	2	0	high	Transition_Widget_Slide,_populateWidgetManagerMap,~Transition_Widget_Slide
Walaber::Transition_Widget_Slide	296	8	int	?	0	2	1	0	high	Transition_Widget_Slide,_populateWidgetManagerMap
Walaber::Transition_Wipe	0	4	unknown	?	0	2	2	0	high	Transition_Wipe,setup
Walaber::Transition_Wipe	112	4	float	?	0	2	2	0	high	setup,update
Walaber::Transition_Wipe	116	4	float	?	0	2	2	0	high	setup,update
Walaber::Transition_Wipe	120	4	int	?	0	2	2	0	high	setup,update
Walaber::Transition_Wipe	196	1	int	u	0	2	2	0	high	setup,update
Walaber::Transition_Wipe	200	8	float	?	0	3	3	0	high	Transition_Wipe,setup,update
Walaber::Transition_Wipe	208	8	float	?	0	3	3	0	high	Transition_Wipe,setup,update
Walaber::Transition_Wipe	216	4	float	?	0	3	3	0	high	Transition_Wipe,setup,update
Walaber::Transition_Wipe	224	8	int	?	0	3	3	0	high	Transition_Wipe,setup,update
Walaber::Transition_Wipe	232	4	int	?	0	2	2	0	high	draw,setup
Walaber::Transition_Wipe	236	4	int	?	0	2	2	0	high	Transition_Wipe,setup
Walaber::Transition_Wipe	244	4	int	?	0	2	2	0	high	Transition_Wipe,setup
Walaber::TweenedLinearCurve	0	8	int	?	0	3	3	0	high	TweenedLinearCurve,loadFromXmlNode,~TweenedLinearCurve
Walaber::TweenedLinearCurve	8	8	int	?	0	4	3	0	high	TweenedLinearCurve,_computeDurations,writeToBuffer
Walaber::TweenedLinearCurve	24	8	int	?	0	5	4	0	high	TweenedLinearCurve,_computeDurations,_evaluateCurve
Walaber::TweenedLinearCurve	32	4	int	?	0	3	3	0	high	TweenedLinearCurve,loadFromXmlNode,writeToBuffer
Walaber::TweenedLinearCurve	36	4	int	?	0	2	2	0	high	loadFromXmlNode,writeToBuffer
Walaber::TweenedLinearCurve	40	4	int	?	0	2	2	0	high	TweenedLinearCurve,writeToBuffer
Walaber::TweenedLinearCurve	48	8	int	?	0	4	3	0	high	TweenedLinearCurve,_computeDurations,getWriteSize
Walaber::TweenedLinearCurve	56	8	int	?	0	2	1	0	high	TweenedLinearCurve,_computeDurations
Walaber::TweenedLinearCurve	64	8	int	?	0	5	4	0	high	TweenedLinearCurve,_computeDurations,_evaluateCurve
Walaber::TweenedLinearCurve	72	8	int	?	0	4	4	0	high	TweenedLinearCurve,getWriteSize,loadFromXmlNode
Walaber::TweenedLinearCurve	80	8	int	?	0	2	2	0	high	TweenedLinearCurve,loadFromXmlNode
Walaber::TweenedLinearCurve	88	8	int	?	0	5	5	0	high	TweenedLinearCurve,_evaluateCurve,loadFromXmlNode
Walaber::ValueTweaker	0	8	int	?	0	4	0	0	high	_StringToValueType,loadFromFile,mapTweakableValue
Walaber::ValueTweaker	16	8	int	?	0	2	0	0	med	_StringToValueType,loadFromFile
Walaber::ValueTweaker::TweakableValue	0	4	int	?	0	7	0	0	high	_fireMappings,asColor,asFloat
Walaber::ValueTweaker::TweakableValue	8	8	int	?	0	2	0	0	med	_fireMappings,removeMappingForOwner
Walaber::ValueTweaker::TweakableValue	32	1	int	u	0	5	0	0	high	asColor,asFloat,asInt
Walaber::ValueTweaker::TweakableValue	80	8	int	?	0	5	0	0	high	asColor,asFloat,asInt
Walaber::Vector2	0	4	float	?	0	176	48	41	high	AABB,AlgaeHider,Bomb
Walaber::Vector2	4	4	float	?	0	62	4	15	high	Widget,Widget_NumberSpinner,Widget_Slider
Walaber::VectorTools	0	8	float	?	0	9	0	0	high	bezierInterp,calculateSpringForce,calculateSpringForceAllowSlack
Walaber::VerletIntegrator	0	4	int	?	0	3	1	1	high	VerletIntegrator,integrateParticles,operator=
Walaber::VertexArraysObject	0	1	int	u	0	2	0	0	med	bind,unbind
Walaber::VertexArraysObject	8	4	int	?	0	2	0	0	med	bind,unbind
Walaber::VertexArraysObject	40	1	int	u	0	2	0	0	med	bind,unbind
Walaber::VertexArraysObject	41	1	int	u	0	2	0	0	med	bind,unbind
Walaber::VertexArraysObject	44	4	int	?	0	2	0	0	med	bind,unbind
Walaber::VertexArraysObject	48	4	int	?	0	2	0	0	med	bind,unbind
Walaber::VertexArraysObject	52	4	int	?	0	2	0	0	med	bind,unbind
Walaber::VertexArraysObject	56	8	int	?	0	2	0	0	med	bind,unbind
Walaber::VertexArraysObject	88	1	int	u	0	2	0	0	med	bind,unbind
Walaber::VertexArraysObject	89	1	int	u	0	2	0	0	med	bind,unbind
Walaber::VertexArraysObject	92	4	int	?	0	2	0	0	med	bind,unbind
Walaber::VertexArraysObject	96	4	int	?	0	2	0	0	med	bind,unbind
Walaber::VertexArraysObject	100	4	int	?	0	2	0	0	med	bind,unbind
Walaber::VertexArraysObject	104	8	int	?	0	2	0	0	med	bind,unbind
Walaber::VertexArraysObject	184	1	int	u	0	2	0	0	med	bind,unbind
Walaber::VertexArraysObject	185	1	int	u	0	2	0	0	med	bind,unbind
Walaber::VertexArraysObject	188	4	int	?	0	2	0	0	med	bind,unbind
Walaber::VertexArraysObject	192	4	int	?	0	2	0	0	med	bind,unbind
Walaber::VertexArraysObject	196	4	int	?	0	2	0	0	med	bind,unbind
Walaber::VertexArraysObject	200	8	int	?	0	2	0	0	med	bind,unbind
Walaber::VertexColorBlendMode	0	4	int	?	0	2	0	0	med	_drawStringLeft,_drawStringLeftClip
Walaber::Widget	0	8	int	?	0	7	4	2	high	Widget,_copyFromPrototype,_parsePositionToScreen
Walaber::Widget	8	8	int	?	0	2	0	0	med	addWidget,removeWidget
Walaber::Widget	24	8	int	?	0	2	0	0	med	addWidget,removeWidget
Walaber::Widget	128	4	int	?	0	2	1	0	high	addWidget,setLayer
Walaber::Widget	132	4	int	?	0	3	2	0	high	Widget,_copyFromPrototype,handleFocus
Walaber::Widget	136	4	int	?	0	3	1	0	high	Widget,_getAngle,_updateAABB
Walaber::Widget	140	2	int	u	0	2	1	0	high	Widget,_copyFromPrototype
Walaber::Widget	144	4	float	?	0	5	2	0	high	Widget,_copyFromPrototype,_snapWidget
Walaber::Widget	148	4	float	?	0	3	1	0	high	Widget,_snapWidget,_updateAABB
Walaber::Widget	152	8	int	?	0	3	1	0	high	Widget,_copyFromPrototype,_updateAABB
Walaber::Widget	168	4	int	?	0	3	1	0	high	Widget,_copyFromPrototype,_updateAABB
Walaber::Widget	172	4	int	?	0	2	0	0	med	_copyFromPrototype,_snapWidget
Walaber::Widget	176	1	int	u	0	2	1	0	high	Widget,_copyFromPrototype
Walaber::Widget	180	8	int	?	0	2	1	0	high	Widget,_copyFromPrototype
Walaber::Widget	196	4	int	?	0	2	1	0	high	Widget,_copyFromPrototype
Walaber::Widget	200	8	int	?	0	4	1	0	high	_copyFromPrototype,addWidget,setLayer
Walaber::Widget	232	8	int	?	0	2	1	0	high	_copyFromPrototype,reloadFont
Walaber::Widget	240	8	int	?	0	3	1	0	high	Widget,_copyFromPrototype,draw
Walaber::Widget	248	4	int	?	0	2	1	0	high	Widget,_copyFromPrototype
Walaber::Widget	256	8	int	?	0	2	1	0	high	_copyFromPrototype,handleEvent
Walaber::Widget	336	1	int	u	0	2	1	0	high	_copyFromPrototype,handleFocus
Walaber::Widget::WidgetActionRet	0	1	int	u	0	2	2	0	high	handleEvent,update
Walaber::Widget::WidgetActionRet	12	4	int	?	0	3	2	0	high	_handleCanvasEvent,handleEvent,update
Walaber::Widget::WidgetActionRet	16	4	int	?	0	2	2	0	high	handleEvent,update
Walaber::WidgetHelper	0	1	int	u	0	4	0	0	high	_fileReadCallback,_getTexture,_recurseFileReadCallback
Walaber::WidgetHelper	32	8	int	?	0	2	0	0	med	_fileReadCallback,_recurseFileReadCallback
Walaber::WidgetHelper	40	8	int	?	0	2	0	0	med	_fileReadCallback,_recurseFileReadCallback
Walaber::WidgetManager	0	8	int	?	0	10	0	0	high	_clearFingers,addWidget,clearAndDestroyAllWidgets
Walaber::WidgetManager	40	8	int	?	0	3	1	0	high	WidgetManager,touchDown,update
Walaber::WidgetManager	48	8	int	?	0	8	2	0	high	WidgetManager,_clearFingers,drawAll
Walaber::WidgetManager	56	8	int	?	0	6	2	0	high	WidgetManager,_clearFingers,touchDown
Walaber::WidgetManager	64	8	int	?	0	7	2	0	high	WidgetManager,_clearFingers,touchDown
Walaber::WidgetManager	72	1	int	u	0	6	1	0	high	WidgetManager,drawAll,drawLayerRange
Walaber::WidgetManager	73	1	int	u	0	4	0	0	high	drawAll,drawLayerRange,setCustomizeMode
Walaber::WidgetManager	88	8	int	?	0	3	2	0	high	WidgetManager,setCustomizeMode,~WidgetManager
Walaber::WidgetManager	112	1	int	u	0	5	1	0	high	WidgetManager,touchDown,touchMoved
Walaber::WidgetManager	116	4	int	?	0	3	1	0	high	WidgetManager,addWidget,updateLayerCount
Walaber::WidgetManager	124	1	int	u	0	3	1	0	high	WidgetManager,drawAll,drawLayerRange
Walaber::WidgetManager	128	8	int	?	0	3	1	0	high	WidgetManager,drawAll,drawLayerRange
Walaber::WidgetManager	136	8	int	?	0	3	1	0	high	WidgetManager,drawAll,drawLayerRange
Walaber::Widget_Canvas	0	8	int	?	0	5	3	0	high	Widget_Canvas,_releaseFinger,acceptNewFingerDown
Walaber::Widget_Canvas	256	8	int	?	0	11	7	1	high	Widget_Canvas,_acceptFinger,_handleCanvasEvent
Walaber::Widget_Canvas	264	8	int	?	0	10	7	1	high	Widget_Canvas,_acceptFinger,_releaseFinger
Walaber::Widget_Canvas	272	4	int	?	0	4	2	0	high	Widget_Canvas,_releaseFinger,acceptNewFingerDown
Walaber::Widget_Canvas	284	4	int	?	0	5	3	0	high	Widget_Canvas,_releaseFinger,acceptNewFingerDown
Walaber::Widget_Canvas	288	4	int	?	0	4	2	0	high	Widget_Canvas,_releaseFinger,acceptNewFingerDown
Walaber::Widget_Canvas	292	4	int	?	0	5	4	0	high	_releaseFinger,acceptNewFingerDown,releaseFingerMoved
Walaber::Widget_Canvas	296	1	int	u	0	3	2	0	high	Widget_Canvas,acceptNewFingerEntered,init
Walaber::Widget_ClassicControls	256	8	int	?	0	12	8	0	high	Widget_ClassicControls,_acceptFinger,_releaseFinger
Walaber::Widget_ClassicControls	264	8	int	?	0	11	8	0	high	Widget_ClassicControls,_acceptFinger,_releaseFinger
Walaber::Widget_ColorPicker	0	4	unknown	?	0	4	2	1	high	Widget_ColorPicker,_updateFinger,operator=
Walaber::Widget_ColorPicker	144	4	float	?	0	4	1	1	high	_setupColorSwatches,_updateFinger,draw
Walaber::Widget_ColorPicker	240	8	float	?	0	2	1	1	high	draw,operator=
Walaber::Widget_ColorPicker	252	4	int	?	0	6	2	1	high	Widget_ColorPicker,_setupColorSwatches,_updateFinger
Walaber::Widget_ColorPicker	256	4	int	?	0	6	3	0	high	Widget_ColorPicker,_setupColorSwatches,_updateFinger
Walaber::Widget_ColorPicker	264	8	int	?	0	5	3	0	high	Widget_ColorPicker,_setupColorSwatches,draw
Walaber::Widget_ColorPicker	272	4	float	?	0	3	2	0	high	Widget_ColorPicker,_setupColorSwatches,draw
Walaber::Widget_ColorPicker	276	4	float	?	0	2	1	0	high	Widget_ColorPicker,_setupColorSwatches
Walaber::Widget_ColorPicker	280	4	float	?	0	5	2	1	high	Widget_ColorPicker,_setupColorSwatches,_updateFinger
Walaber::Widget_ColorPicker	288	1	int	u	0	6	2	1	high	Widget_ColorPicker,_updateFinger,init
Walaber::Widget_ColorPicker	292	4	int	?	0	5	3	0	high	Widget_ColorPicker,draw,init
Walaber::Widget_ColorPicker	296	4	int	?	0	5	3	0	high	Widget_ColorPicker,draw,init
Walaber::Widget_ColorPicker	300	2	int	u	0	4	2	0	high	Widget_ColorPicker,_updateFinger,init
Walaber::Widget_ColorPicker	304	8	int	?	0	3	2	0	high	Widget_ColorPicker,draw,setBGTexture
Walaber::Widget_ColorPicker	312	8	int	?	0	3	2	0	high	Widget_ColorPicker,draw,setBGTexture
Walaber::Widget_ColorPicker	320	8	int	?	0	3	2	0	high	Widget_ColorPicker,draw,setSwatchTexture
Walaber::Widget_ColorPicker	328	8	int	?	0	3	2	0	high	Widget_ColorPicker,draw,setSwatchTexture
Walaber::Widget_ColorPicker	336	8	int	?	0	3	2	0	high	Widget_ColorPicker,draw,setSwatchHilightTexture
Walaber::Widget_ColorPicker	344	8	int	?	0	3	2	0	high	Widget_ColorPicker,draw,setSwatchHilightTexture
Walaber::Widget_ColorPicker	352	8	float	?	0	5	1	1	high	Widget_ColorPicker,operator=,setBGTexture
Walaber::Widget_ColorPicker	360	8	float	?	0	5	1	1	high	Widget_ColorPicker,operator=,setBGTexture
Walaber::Widget_ColorPicker	368	8	int	?	0	2	1	1	high	Widget_ColorPicker,operator=
Walaber::Widget_ColorPicker	376	8	int	?	0	2	1	1	high	Widget_ColorPicker,operator=
Walaber::Widget_ColorPicker	384	8	int	?	0	2	1	1	high	Widget_ColorPicker,operator=
Walaber::Widget_ColorPicker	392	8	int	?	0	2	1	1	high	Widget_ColorPicker,operator=
Walaber::Widget_ColorPicker	400	8	int	?	0	3	2	0	high	Widget_ColorPicker,draw,setIcon
Walaber::Widget_ColorPicker	408	8	int	?	0	3	2	0	high	Widget_ColorPicker,draw,setIcon
Walaber::Widget_ColorPicker	416	4	float	?	0	5	2	1	high	Widget_ColorPicker,draw,init
Walaber::Widget_FingerCatcher	0	8	int	?	0	2	2	0	high	Widget_FingerCatcher,~Widget_FingerCatcher
Walaber::Widget_FingerCatcher	256	8	int	?	0	3	2	0	high	Widget_FingerCatcher,operator=,reset
Walaber::Widget_FingerCatcher	264	8	int	?	0	6	5	0	high	Widget_FingerCatcher,_releaseFinger,releaseFingerMoved
Walaber::Widget_FingerCatcher	272	8	int	?	0	3	3	0	high	Widget_FingerCatcher,reset,update
Walaber::Widget_FingerCatcher	280	8	int	?	0	2	1	0	high	Widget_FingerCatcher,operator=
Walaber::Widget_FingerCatcher	288	8	int	?	0	3	2	0	high	Widget_FingerCatcher,getLostFingerPosition,~Widget_FingerCatcher
Walaber::Widget_FingerCatcher	304	8	int	?	0	2	1	0	high	Widget_FingerCatcher,_releaseFinger
Walaber::Widget_FingerCatcher	312	8	int	?	0	3	1	0	high	Widget_FingerCatcher,lostFingerHandled,operator=
Walaber::Widget_FingerCatcher	320	8	int	?	0	4	2	0	high	Widget_FingerCatcher,_releaseFinger,lostFingerHandled
Walaber::Widget_FingerCatcher	328	1	int	u	0	3	1	1	high	acceptNewFingerEntered,init,operator=
Walaber::Widget_Group	0	4	float	?	0	5	2	0	high	Widget_Group,_createButtons,addGroup
Walaber::Widget_Group	84	8	float	?	0	3	2	0	high	addWidget,applyScaleOffset,setLocalScale
Walaber::Widget_Group	92	8	float	?	0	2	2	0	high	applyScaleOffset,setLocalScale
Walaber::Widget_Group	264	8	int	?	0	8	4	0	high	Widget_Group,applyPositionOffset,applyScaleOffset
Walaber::Widget_Group	272	8	int	?	0	2	2	1	high	Widget_Group,~Widget_Group
Walaber::Widget_Group::WidgetInfo	0	8	int	?	0	2	0	0	med	__emplace_multi<Walaber::Widget_Group::WidgetInfo_const&>,__emplace_unique_key_args<Walaber::Widget_Group::WidgetInfo,Walaber::Widget_Group::WidgetInfo_const&>
Walaber::Widget_Group::WidgetInfo	8	8	int	?	0	2	0	2	high	__emplace_multi<Walaber::Widget_Group::WidgetInfo_const&>,__emplace_unique_key_args<Walaber::Widget_Group::WidgetInfo,Walaber::Widget_Group::WidgetInfo_const&>
Walaber::Widget_IconList	0	4	unknown	?	0	7	4	1	high	Widget_IconList,draw,init
Walaber::Widget_IconList	144	8	float	?	0	4	2	1	high	_iconFromPos,draw,operator=
Walaber::Widget_IconList	256	8	int	?	0	8	3	0	high	Widget_IconList,_iconFromPos,addIcon
Walaber::Widget_IconList	264	8	int	?	0	7	2	0	high	Widget_IconList,_iconFromPos,addIcon
Walaber::Widget_IconList	280	4	int	?	0	7	3	1	high	Widget_IconList,_iconFromPos,addIcon
Walaber::Widget_IconList	284	4	float	?	0	6	3	0	high	Widget_IconList,_iconFromPos,addIcon
Walaber::Widget_IconList	288	4	int	?	0	7	3	1	high	Widget_IconList,_iconFromPos,addIcon
Walaber::Widget_IconList	292	4	float	?	0	4	3	0	high	Widget_IconList,_iconFromPos,draw
Walaber::Widget_IconList	296	4	float	?	0	5	3	0	high	Widget_IconList,_iconFromPos,addIcon
Walaber::Widget_IconList	308	4	float	?	0	4	2	0	high	_iconFromPos,_updateFinger,draw
Walaber::Widget_IconList	316	4	float	?	0	6	3	0	high	Widget_IconList,_updateFinger,addIcon
Walaber::Widget_IconList	320	4	int	?	0	5	4	0	high	Widget_IconList,init,releaseFingerMoved
Walaber::Widget_IconList	324	4	int	?	0	3	2	0	high	draw,selectIconWithID,update
Walaber::Widget_IconList	328	1	int	u	0	4	3	0	high	Widget_IconList,init,releaseFingerUp
Walaber::Widget_IconList	336	8	int	?	0	3	2	0	high	Widget_IconList,draw,setBGTexture
Walaber::Widget_IconList	344	8	int	?	0	3	2	0	high	Widget_IconList,draw,setBGTexture
Walaber::Widget_IconList	352	8	int	?	0	3	2	0	high	Widget_IconList,draw,setScrollBarTexture
Walaber::Widget_IconList	360	8	int	?	0	3	2	0	high	Widget_IconList,draw,setScrollBarTexture
Walaber::Widget_IconList	368	8	int	?	0	3	2	0	high	Widget_IconList,draw,setIconHilightTexture
Walaber::Widget_IconList	376	8	int	?	0	3	2	0	high	Widget_IconList,draw,setIconHilightTexture
Walaber::Widget_IconList	384	8	int	?	0	3	1	1	high	Widget_IconList,operator=,setBGTexture
Walaber::Widget_IconList	392	8	int	?	0	3	1	1	high	Widget_IconList,operator=,setBGTexture
Walaber::Widget_IconList	400	8	int	?	0	3	1	1	high	Widget_IconList,operator=,setScrollBarTexture
Walaber::Widget_IconList	408	8	int	?	0	3	1	1	high	Widget_IconList,operator=,setScrollBarTexture
Walaber::Widget_IconList	416	8	int	?	0	3	1	1	high	Widget_IconList,operator=,setIconHilightTexture
Walaber::Widget_IconList	424	8	int	?	0	3	1	1	high	Widget_IconList,operator=,setIconHilightTexture
Walaber::Widget_IconList	432	8	int	?	0	10	7	1	high	Widget_IconList,_updateFinger,acceptNewFingerDown
Walaber::Widget_IconList::Icon	0	8	int	?	0	2	1	1	high	Icon,__construct_at_end<Walaber::Widget_IconList::Icon*>
Walaber::Widget_IconList::Icon	40	4	int	?	0	2	1	0	high	Icon,assign<Walaber::Widget_IconList::Icon*>
Walaber::Widget_Label	0	4	unknown	?	0	8	3	1	high	Widget_Label,_adjustTextureSize,_wrapTextInLabel
Walaber::Widget_Label	144	4	float	?	0	12	2	2	high	Widget_Label,_adjustTextureSize,_setTextScale
Walaber::Widget_Label	148	4	float	?	0	8	2	1	high	Widget_Label,_setTextScale,_setTextTopLeft
Walaber::Widget_Label	232	8	int	?	0	7	3	1	high	Widget_Label,_wrapTextInLabel,addText
Walaber::Widget_Label	240	8	int	?	0	3	2	1	high	Widget_Label,draw,operator=
Walaber::Widget_Label	248	4	float	?	0	3	2	1	high	Widget_Label,draw,operator=
Walaber::Widget_Label	252	4	float	?	0	3	2	0	high	Widget_Label,_setTextTopLeft,draw
Walaber::Widget_Label	256	4	float	?	0	3	1	1	high	Widget_Label,_setTextTopLeft,operator=
Walaber::Widget_Label	264	4	int	?	0	4	1	1	high	Widget_Label,_setTextScale,_setTextTopLeft
Walaber::Widget_Label	272	8	int	?	0	6	2	0	high	Widget_Label,_adjustTextureSize,_applyTile
Walaber::Widget_Label	280	8	int	?	0	5	2	0	high	Widget_Label,_adjustTextureSize,_applyTile
Walaber::Widget_Label	288	8	float	?	0	7	2	1	high	Widget_Label,_applyTile,getTileOffsetBySize
Walaber::Widget_Label	296	8	float	?	0	5	1	1	high	Widget_Label,_applyTile,getTileOffsetBySize
Walaber::Widget_Label	304	8	int	?	0	7	1	1	high	Widget_Label,_applyTile,getTextureTile
Walaber::Widget_Label	312	8	int	?	0	5	2	1	high	Widget_Label,init,operator=
Walaber::Widget_Label	320	1	int	u	0	4	2	1	high	Widget_Label,draw,init
Walaber::Widget_Label	321	1	int	u	0	4	2	1	high	Widget_Label,draw,init
Walaber::Widget_Label	322	1	int	u	0	4	2	1	high	Widget_Label,draw,init
Walaber::Widget_Label	323	1	int	u	0	4	2	1	high	Widget_Label,draw,init
Walaber::Widget_Label	324	1	int	u	0	4	2	1	high	Widget_Label,draw,init
Walaber::Widget_Label	325	1	int	u	0	4	2	1	high	Widget_Label,draw,init
Walaber::Widget_Label	326	1	int	u	0	4	2	1	high	Widget_Label,draw,init
Walaber::Widget_Label	327	1	int	u	0	4	2	1	high	Widget_Label,draw,init
Walaber::Widget_Label	328	4	float	?	0	7	1	1	high	Widget_Label,_setTextScale,_setTextTopLeft
Walaber::Widget_Label	332	4	float	?	0	6	1	1	high	Widget_Label,_setTextScale,_setTextTopLeft
Walaber::Widget_Label	336	4	float	?	0	5	1	1	high	Widget_Label,_setTextScale,_setTextTopLeft
Walaber::Widget_Label	340	4	float	?	0	5	1	1	high	Widget_Label,_setTextScale,_setTextTopLeft
Walaber::Widget_Label	344	4	int	?	0	4	0	1	high	_wrapTextInLabel,addText,init
Walaber::Widget_Label	348	4	float	?	0	6	1	1	high	_setTextScale,_setTextTopLeft,_wrapTextInLabel
Walaber::Widget_Label	356	4	int	?	0	4	2	0	high	Widget_Label,_setTextTopLeft,_wrapTextInLabel
Walaber::Widget_Label	360	8	int	?	0	4	3	0	high	Widget_Label,draw,setText
Walaber::Widget_Label	368	8	int	?	0	3	2	0	high	Widget_Label,draw,setText
Walaber::Widget_Label	376	8	int	?	0	3	3	0	high	Widget_Label,draw,~Widget_Label
Walaber::Widget_Label	384	8	int	?	0	3	1	1	high	Widget_Label,init,operator=
Walaber::Widget_Manipulator	0	8	int	?	0	3	2	0	high	Widget_Manipulator,init,~Widget_Manipulator
Walaber::Widget_Manipulator	256	8	int	?	0	2	2	0	high	Widget_Manipulator,draw
Walaber::Widget_Manipulator	264	8	int	?	0	2	2	0	high	Widget_Manipulator,draw
Walaber::Widget_Manipulator	288	4	int	?	0	3	2	0	high	Widget_Manipulator,draw,init
Walaber::Widget_Manipulator	292	1	int	u	0	6	5	0	high	Widget_Manipulator,acceptNewFingerDown,init
Walaber::Widget_Manipulator	296	8	int	?	0	4	4	0	high	acceptNewFingerDown,releaseFingerLeft,releaseFingerMoved
Walaber::Widget_Manipulator	304	8	float	?	0	5	5	0	high	acceptNewFingerDown,notifyFingerLost,releaseFingerLeft
Walaber::Widget_Manipulator	312	1	int	u	0	6	5	0	high	Widget_Manipulator,acceptNewFingerDown,draw
Walaber::Widget_Manipulator	314	1	int	u	0	4	4	0	high	Widget_Manipulator,acceptNewFingerDown,releaseFingerLeft
Walaber::Widget_MovingTextBox	0	4	unknown	?	0	7	3	1	high	Widget_MovingTextBox,_setTextStartingPos,_updateBorders
Walaber::Widget_MovingTextBox	144	8	float	?	0	4	1	1	high	_setTextStartingPos,_updateBorders,draw
Walaber::Widget_MovingTextBox	232	8	int	?	0	3	1	1	high	addString,draw,operator=
Walaber::Widget_MovingTextBox	272	1	int	u	0	4	3	1	high	Widget_MovingTextBox,draw,operator=
Walaber::Widget_MovingTextBox	273	1	int	u	0	3	2	1	high	draw,operator=,~Widget_MovingTextBox
Walaber::Widget_MovingTextBox	274	1	int	u	0	3	2	1	high	draw,operator=,~Widget_MovingTextBox
Walaber::Widget_MovingTextBox	275	1	int	u	0	3	2	1	high	draw,operator=,~Widget_MovingTextBox
Walaber::Widget_MovingTextBox	328	8	int	?	0	5	2	0	high	Widget_MovingTextBox,addString,advanceToNextString
Walaber::Widget_MovingTextBox	336	8	int	?	0	5	3	0	high	Widget_MovingTextBox,addString,advanceToNextString
Walaber::Widget_MovingTextBox	344	8	int	?	0	8	4	1	high	Widget_MovingTextBox,_setTextStartingPos,addString
Walaber::Widget_MovingTextBox	352	1	int	u	0	4	3	1	high	Widget_MovingTextBox,draw,operator=
Walaber::Widget_MovingTextBox	353	1	int	u	0	3	2	1	high	draw,operator=,~Widget_MovingTextBox
Walaber::Widget_MovingTextBox	354	1	int	u	0	3	2	1	high	draw,operator=,~Widget_MovingTextBox
Walaber::Widget_MovingTextBox	355	1	int	u	0	3	2	1	high	draw,operator=,~Widget_MovingTextBox
Walaber::Widget_MovingTextBox	356	4	float	?	0	3	1	0	high	Widget_MovingTextBox,_updateBorders,setPadding
Walaber::Widget_MovingTextBox	360	4	float	?	0	3	1	0	high	Widget_MovingTextBox,_updateBorders,setPadding
Walaber::Widget_MovingTextBox	372	4	float	?	0	3	2	0	high	addString,draw,~Widget_MovingTextBox
Walaber::Widget_MovingTextBox	376	4	int	?	0	3	2	0	high	Widget_MovingTextBox,_setTextStartingPos,update
Walaber::Widget_MovingTextBox	384	4	int	?	0	9	9	0	high	acceptNewFingerDown,draw,notifyFingerLost
Walaber::Widget_MovingTextBox	388	1	int	u	0	4	3	1	high	operator=,releaseFingerUp,update
Walaber::Widget_NumberSpinner	0	8	float	?	0	3	2	0	high	Widget_NumberSpinner,setPadding,~Widget_NumberSpinner
Walaber::Widget_ProgressBar	0	8	int	?	0	3	2	0	high	Widget_ProgressBar,init,~Widget_ProgressBar
Walaber::Widget_ProgressBar	144	4	float	?	0	4	2	0	high	Widget_ProgressBar,draw,setPadding
Walaber::Widget_ProgressBar	148	4	float	?	0	2	1	0	high	draw,setPadding
Walaber::Widget_ProgressBar	256	8	int	?	0	3	2	0	high	Widget_ProgressBar,draw,setBGTexture
Walaber::Widget_ProgressBar	264	8	int	?	0	3	2	0	high	Widget_ProgressBar,draw,setBGTexture
Walaber::Widget_ProgressBar	272	8	int	?	0	3	2	0	high	Widget_ProgressBar,draw,setFillTexture
Walaber::Widget_ProgressBar	280	8	int	?	0	3	2	0	high	Widget_ProgressBar,draw,setFillTexture
Walaber::Widget_ProgressBar	288	8	float	?	0	2	1	0	high	Widget_ProgressBar,setBGTexture
Walaber::Widget_ProgressBar	296	8	float	?	0	2	1	0	high	Widget_ProgressBar,setBGTexture
Walaber::Widget_ProgressBar	304	8	float	?	0	3	2	0	high	Widget_ProgressBar,draw,setFillTexture
Walaber::Widget_ProgressBar	312	8	float	?	0	2	1	0	high	Widget_ProgressBar,setFillTexture
Walaber::Widget_ProgressBar	320	4	float	?	0	4	2	0	high	Widget_ProgressBar,draw,init
Walaber::Widget_ProgressBar	328	4	float	?	0	2	1	0	high	draw,updateValue
Walaber::Widget_ProgressBar	336	4	float	?	0	4	2	0	high	Widget_ProgressBar,draw,setPadding
Walaber::Widget_ProgressBar	340	4	float	?	0	2	1	0	high	draw,setPadding
Walaber::Widget_ProgressBar	352	4	float	?	0	5	3	0	high	Widget_ProgressBar,draw,getValue
Walaber::Widget_ProgressBar	360	4	int	?	0	2	2	0	high	Widget_ProgressBar,draw
Walaber::Widget_ProgressBar	364	1	int	u	0	4	2	0	high	Widget_ProgressBar,init,update
Walaber::Widget_ProgressBar	365	1	int	u	0	2	1	0	high	Widget_ProgressBar,init
Walaber::Widget_ProgressBar	366	1	int	u	0	2	1	0	high	Widget_ProgressBar,init
Walaber::Widget_ProgressBar	367	1	int	u	0	2	1	0	high	Widget_ProgressBar,init
Walaber::Widget_ProgressBar	368	1	int	u	0	2	1	0	high	Widget_ProgressBar,init
Walaber::Widget_PushButton	0	8	int	?	0	6	4	1	high	Widget_PushButton,draw,init
Walaber::Widget_PushButton	132	8	int	?	0	2	1	1	high	Widget_PushButton,operator=
Walaber::Widget_PushButton	141	1	int	u	0	4	4	0	high	acceptNewFingerDown,draw,releaseFingerLeft
Walaber::Widget_PushButton	144	4	float	?	0	6	2	1	high	Widget_PushButton,_resizeFont,_wrapTextInButton
Walaber::Widget_PushButton	148	4	float	?	0	3	1	0	high	_resizeFont,draw,setTile
Walaber::Widget_PushButton	152	8	int	?	0	2	1	1	high	Widget_PushButton,operator=
Walaber::Widget_PushButton	160	8	int	?	0	2	1	1	high	Widget_PushButton,operator=
Walaber::Widget_PushButton	168	4	int	?	0	2	1	1	high	Widget_PushButton,operator=
Walaber::Widget_PushButton	172	4	int	?	0	2	1	1	high	Widget_PushButton,operator=
Walaber::Widget_PushButton	176	1	int	u	0	2	1	1	high	Widget_PushButton,operator=
Walaber::Widget_PushButton	180	8	int	?	0	2	1	1	high	Widget_PushButton,operator=
Walaber::Widget_PushButton	188	8	int	?	0	2	1	1	high	Widget_PushButton,operator=
Walaber::Widget_PushButton	196	4	int	?	0	2	1	1	high	Widget_PushButton,operator=
Walaber::Widget_PushButton	200	8	int	?	0	2	1	1	high	Widget_PushButton,operator=
Walaber::Widget_PushButton	232	8	int	?	0	4	2	1	high	Widget_PushButton,_resizeFont,draw
Walaber::Widget_PushButton	240	8	int	?	0	3	2	1	high	Widget_PushButton,draw,operator=
Walaber::Widget_PushButton	248	4	float	?	0	2	1	1	high	draw,operator=
Walaber::Widget_PushButton	252	4	int	?	0	7	6	0	high	acceptNewFingerDown,acceptNewFingerEntered,init
Walaber::Widget_PushButton	256	8	int	?	0	3	2	0	high	Widget_PushButton,_applyTile,draw
Walaber::Widget_PushButton	264	8	int	?	0	3	2	0	high	Widget_PushButton,_applyTile,draw
Walaber::Widget_PushButton	272	8	int	?	0	3	2	0	high	Widget_PushButton,_applyTile,draw
Walaber::Widget_PushButton	280	8	int	?	0	3	2	0	high	Widget_PushButton,_applyTile,draw
Walaber::Widget_PushButton	288	8	float	?	0	6	2	1	high	Widget_PushButton,_applyTile,operator=
Walaber::Widget_PushButton	296	8	float	?	0	4	1	1	high	Widget_PushButton,_applyTile,operator=
Walaber::Widget_PushButton	304	8	int	?	0	5	2	1	high	Widget_PushButton,_applyTile,operator=
Walaber::Widget_PushButton	312	8	int	?	0	3	1	1	high	Widget_PushButton,_applyTile,operator=
Walaber::Widget_PushButton	320	8	int	?	0	5	1	1	high	Widget_PushButton,_applyTile,init
Walaber::Widget_PushButton	328	8	int	?	0	5	2	1	high	Widget_PushButton,init,operator=
Walaber::Widget_PushButton	336	1	int	u	0	6	5	1	high	Widget_PushButton,acceptNewFingerDown,acceptNewFingerEntered
Walaber::Widget_PushButton	337	1	int	u	0	4	4	0	high	acceptNewFingerDown,acceptNewFingerEntered,releaseFingerUp
Walaber::Widget_PushButton	338	1	int	u	0	3	3	0	high	releaseFingerLeft,releaseFingerUp,update
Walaber::Widget_PushButton	339	1	int	u	0	7	7	0	high	acceptNewFingerDown,acceptNewFingerEntered,draw
Walaber::Widget_PushButton	340	1	int	u	0	3	2	1	high	Widget_PushButton,acceptNewFingerEntered,operator=
Walaber::Widget_PushButton	341	1	int	u	0	3	1	1	high	Widget_PushButton,init,operator=
Walaber::Widget_PushButton	342	1	int	u	0	3	1	1	high	Widget_PushButton,init,operator=
Walaber::Widget_PushButton	343	1	int	u	0	3	1	1	high	Widget_PushButton,init,operator=
Walaber::Widget_PushButton	344	1	int	u	0	3	1	1	high	Widget_PushButton,init,operator=
Walaber::Widget_PushButton	372	4	int	?	0	5	2	1	high	Widget_PushButton,_resizeFont,_wrapTextInButton
Walaber::Widget_PushButton	376	1	int	u	0	3	3	0	high	Widget_PushButton,draw,~Widget_PushButton
Walaber::Widget_PushButton	384	8	int	?	0	2	2	0	high	Widget_PushButton,draw
Walaber::Widget_PushButton	392	8	int	?	0	2	2	0	high	draw,~Widget_PushButton
Walaber::Widget_PushButton	400	1	int	u	0	3	1	1	high	Widget_PushButton,init,operator=
Walaber::Widget_PushButton	401	1	int	u	0	3	1	1	high	Widget_PushButton,init,operator=
Walaber::Widget_PushButton	402	1	int	u	0	3	1	1	high	Widget_PushButton,init,operator=
Walaber::Widget_PushButton	403	1	int	u	0	3	1	1	high	Widget_PushButton,init,operator=
Walaber::Widget_PushButton	404	1	int	u	0	2	1	1	high	Widget_PushButton,operator=
Walaber::Widget_PushButton	405	1	int	u	0	2	1	1	high	Widget_PushButton,operator=
Walaber::Widget_PushButton	406	1	int	u	0	2	1	1	high	Widget_PushButton,operator=
Walaber::Widget_PushButton	407	1	int	u	0	2	1	1	high	Widget_PushButton,operator=
Walaber::Widget_PushButton	408	1	int	u	0	2	1	1	high	Widget_PushButton,operator=
Walaber::Widget_PushButton	409	1	int	u	0	2	1	1	high	Widget_PushButton,operator=
Walaber::Widget_PushButton	410	1	int	u	0	2	1	1	high	Widget_PushButton,operator=
Walaber::Widget_PushButton	411	1	int	u	0	2	1	1	high	Widget_PushButton,operator=
Walaber::Widget_PushButton	412	1	int	u	0	2	1	1	high	Widget_PushButton,operator=
Walaber::Widget_PushButton	413	1	int	u	0	2	1	1	high	Widget_PushButton,operator=
Walaber::Widget_PushButton	414	1	int	u	0	2	1	1	high	Widget_PushButton,operator=
Walaber::Widget_PushButton	415	1	int	u	0	2	1	1	high	Widget_PushButton,operator=
Walaber::Widget_PushButton	416	1	int	u	0	2	1	1	high	Widget_PushButton,operator=
Walaber::Widget_PushButton	417	1	int	u	0	2	1	1	high	Widget_PushButton,operator=
Walaber::Widget_PushButton	418	1	int	u	0	2	1	1	high	Widget_PushButton,operator=
Walaber::Widget_PushButton	419	1	int	u	0	2	1	1	high	Widget_PushButton,operator=
Walaber::Widget_PushButton	424	8	int	?	0	5	3	0	high	Widget_PushButton,addLabel,draw
Walaber::Widget_PushButton	432	8	int	?	0	5	3	0	high	Widget_PushButton,addLabel,draw
Walaber::Widget_PushButton	440	8	int	?	0	2	1	0	high	Widget_PushButton,addLabel
Walaber::Widget_PushButton	448	8	int	?	0	6	4	1	high	Widget_PushButton,addLabel,applyPositionOffset
Walaber::Widget_ScoreCounter	0	4	unknown	?	0	7	3	1	high	Widget_ScoreCounter,_setTextStartingPos,_updateBorders
Walaber::Widget_ScoreCounter	144	8	float	?	0	3	1	1	high	_updateBorders,draw,operator=
Walaber::Widget_ScoreCounter	232	8	int	?	0	3	1	1	high	draw,init,operator=
Walaber::Widget_ScoreCounter	272	1	int	u	0	4	3	1	high	Widget_ScoreCounter,draw,operator=
Walaber::Widget_ScoreCounter	273	1	int	u	0	3	2	1	high	draw,operator=,~Widget_ScoreCounter
Walaber::Widget_ScoreCounter	274	1	int	u	0	3	2	1	high	draw,operator=,~Widget_ScoreCounter
Walaber::Widget_ScoreCounter	275	1	int	u	0	3	2	1	high	draw,operator=,~Widget_ScoreCounter
Walaber::Widget_ScoreCounter	320	8	int	?	0	5	3	0	high	Widget_ScoreCounter,advanceToNextString,draw
Walaber::Widget_ScoreCounter	328	8	int	?	0	4	1	0	high	Widget_ScoreCounter,advanceToNextString,init
Walaber::Widget_ScoreCounter	344	8	int	?	0	5	3	0	high	Widget_ScoreCounter,advanceToNextString,draw
Walaber::Widget_ScoreCounter	352	8	int	?	0	5	3	0	high	Widget_ScoreCounter,draw,init
Walaber::Widget_ScoreCounter	368	4	int	s	0	4	1	1	high	advanceToNextString,draw,init
Walaber::Widget_ScoreCounter	372	4	int	?	0	4	1	0	high	Widget_ScoreCounter,_getDigitAtIndex,advanceToNextString
Walaber::Widget_ScoreCounter	376	4	int	?	0	4	0	1	high	_getDigitAtIndex,advanceToNextString,init
Walaber::Widget_ScoreCounter	380	1	int	u	0	4	3	1	high	Widget_ScoreCounter,draw,operator=
Walaber::Widget_ScoreCounter	381	1	int	u	0	3	2	1	high	draw,operator=,~Widget_ScoreCounter
Walaber::Widget_ScoreCounter	382	1	int	u	0	3	2	1	high	draw,operator=,~Widget_ScoreCounter
Walaber::Widget_ScoreCounter	383	1	int	u	0	3	2	1	high	draw,operator=,~Widget_ScoreCounter
Walaber::Widget_ScoreCounter	384	4	float	?	0	5	2	1	high	Widget_ScoreCounter,_updateBorders,draw
Walaber::Widget_ScoreCounter	388	4	float	?	0	3	2	0	high	Widget_ScoreCounter,draw,setPadding
Walaber::Widget_ScoreCounter	400	4	float	?	0	5	3	1	high	Widget_ScoreCounter,draw,init
Walaber::Widget_ScoreCounter	404	4	int	?	0	3	1	0	high	Widget_ScoreCounter,advanceToNextString,init
Walaber::Widget_ScoreCounter	408	4	int	?	0	4	1	0	high	_setTextStartingPos,advanceToNextString,init
Walaber::Widget_ScoreCounter	412	4	int	?	0	3	2	0	high	Widget_ScoreCounter,advanceToNextString,update
Walaber::Widget_ScoreCounter	416	4	float	?	0	4	2	1	high	Widget_ScoreCounter,advanceToNextString,operator=
Walaber::Widget_ScoreCounter	420	4	int	?	0	3	2	0	high	Widget_ScoreCounter,advanceToNextString,update
Walaber::Widget_ScoreCounter	432	4	int	?	0	9	9	0	high	acceptNewFingerDown,draw,notifyFingerLost
Walaber::Widget_ScoreCounter	436	1	int	u	0	3	3	0	high	releaseFingerUp,update,~Widget_ScoreCounter
Walaber::Widget_ScrollableCamera	0	8	int	?	0	3	2	1	high	Widget_ScrollableCamera,operator=,~Widget_ScrollableCamera
Walaber::Widget_ScrollableCamera	256	8	int	?	0	9	7	1	high	Widget_ScrollableCamera,_updateFinger,acceptNewFingerEntered
Walaber::Widget_ScrollableCamera	264	4	int	?	0	5	5	0	high	Widget_ScrollableCamera,acceptNewFingerDown,notifyFingerLost
Walaber::Widget_ScrollableCamera	268	4	int	?	0	4	1	0	high	_updateSlider,getCurrentIndex,setIndex
Walaber::Widget_ScrollableCamera	272	4	float	?	0	6	4	1	high	getCurrentIndexPercentage,notifyFingerLost,operator=
Walaber::Widget_ScrollableCamera	276	4	int	?	0	5	4	0	high	notifyFingerLost,releaseFingerLeft,releaseFingerUp
Walaber::Widget_ScrollableCamera	280	4	int	?	0	8	7	0	high	acceptNewFingerDown,acceptNewFingerEntered,notifyFingerLost
Walaber::Widget_ScrollableCamera	284	4	int	?	0	7	4	0	high	_updateFinger,addGroup,notifyFingerLost
Walaber::Widget_ScrollableCamera	288	4	float	?	0	4	1	1	high	_updateFinger,operator=,setIndex
Walaber::Widget_ScrollableCamera	296	4	float	?	0	7	5	0	high	Widget_ScrollableCamera,_updateFinger,notifyFingerLost
Walaber::Widget_ScrollableCamera	304	4	int	s	0	3	1	1	high	operator=,setIndex,update
Walaber::Widget_ScrollableCamera	320	8	int	?	0	5	2	0	high	_updateFinger,operator=,setIndex
Walaber::Widget_ScrollableCamera	328	8	int	?	0	3	1	0	high	addGroup,operator=,~Widget_ScrollableCamera
Walaber::Widget_ScrollableCamera	344	8	int	?	0	3	2	0	high	operator=,update,~Widget_ScrollableCamera
Walaber::Widget_ScrollableCamera	352	8	int	?	0	4	2	0	high	addMovableGroup,operator=,update
Walaber::Widget_ScrollableCamera	368	8	int	?	0	5	3	0	high	_updateSlider,draw,operator=
Walaber::Widget_ScrollableCamera	376	8	int	?	0	6	3	0	high	_updateSlider,createFakeSliderIndex,draw
Walaber::Widget_ScrollableCamera	392	8	int	?	0	3	2	0	high	operator=,update,~Widget_ScrollableCamera
Walaber::Widget_ScrollableCamera	400	8	int	?	0	3	1	0	high	createFakeSliderIndex,operator=,~Widget_ScrollableCamera
Walaber::Widget_ScrollableCamera	416	8	int	?	0	3	2	0	high	operator=,update,~Widget_ScrollableCamera
Walaber::Widget_ScrollableCamera	424	8	int	?	0	3	1	0	high	addMovableGroup,operator=,~Widget_ScrollableCamera
Walaber::Widget_ScrollableCamera	440	8	int	?	0	3	2	0	high	Widget_ScrollableCamera,initCamera,update
Walaber::Widget_ScrollableCamera	456	8	int	?	0	3	1	0	high	Widget_ScrollableCamera,_updateSlider,createFakeSliderIndex
Walaber::Widget_ScrollableCamera	464	8	int	?	0	3	1	0	high	Widget_ScrollableCamera,_updateSlider,createFakeSliderIndex
Walaber::Widget_ScrollableGroup	0	8	float	?	0	4	3	1	high	Widget_ScrollableGroup,operator=,update
Walaber::Widget_ScrollableGroup	144	8	float	?	0	3	0	1	med	_relativePositionToOffset,operator=,setGroup
Walaber::Widget_ScrollableGroup	256	8	int	?	0	10	7	1	high	_updateFinger,acceptNewFingerEntered,init
Walaber::Widget_ScrollableGroup	264	4	int	?	0	6	5	0	high	acceptNewFingerDown,acceptNewFingerEntered,init
Walaber::Widget_ScrollableGroup	272	8	int	?	0	6	2	1	high	_widgetPositionToOffset,init,operator=
Walaber::Widget_ScrollableGroup	280	8	float	?	0	4	1	1	high	Widget_ScrollableGroup,_relativePositionToOffset,operator=
Walaber::Widget_ScrollableGroup	288	4	float	?	0	9	2	1	high	Widget_ScrollableGroup,_clampInBounds,_dollyFromTo
Walaber::Widget_ScrollableGroup	292	4	float	?	0	5	1	0	high	_clampInBounds,_dollyFromTo,_updateFinger
Walaber::Widget_ScrollableGroup	296	4	float	?	0	9	2	1	high	Widget_ScrollableGroup,_clampInBounds,_dollyFromTo
Walaber::Widget_ScrollableGroup	300	4	float	?	0	5	1	0	high	_clampInBounds,_dollyFromTo,_updateFinger
Walaber::Widget_ScrollableGroup	304	8	float	?	0	6	2	1	high	Widget_ScrollableGroup,_updateFinger,init
Walaber::Widget_ScrollableGroup	312	8	int	?	0	4	2	1	high	Widget_ScrollableGroup,_updateFinger,operator=
Walaber::Widget_ScrollableGroup	320	8	int	?	0	3	2	1	high	Widget_ScrollableGroup,operator=,update
Walaber::Widget_ScrollableGroup	328	4	int	?	0	6	4	1	high	init,notifyFingerLost,operator=
Walaber::Widget_ScrollableGroup	336	4	int	?	0	3	0	1	med	_updateFinger,init,operator=
Walaber::Widget_ScrollableGroup	344	8	float	?	0	6	2	0	high	Widget_ScrollableGroup,_updateFinger,init
Walaber::Widget_ScrollableGroup	352	4	int	?	0	5	1	1	high	_dollyFromTo,_updateFinger,init
Walaber::Widget_ScrollableGroup	360	4	float	?	0	4	2	1	high	Widget_ScrollableGroup,_dollyFromTo,operator=
Walaber::Widget_ScrollableGroup	368	4	float	?	0	4	2	1	high	Widget_ScrollableGroup,_dollyFromTo,operator=
Walaber::Widget_ScrollableGroup	376	4	float	?	0	3	0	1	med	_updateFinger,init,operator=
Walaber::Widget_ScrollableGroup	384	8	int	?	0	3	2	0	high	Widget_ScrollableGroup,operator=,~Widget_ScrollableGroup
Walaber::Widget_ScrollableGroup	392	8	int	?	0	3	2	0	high	Widget_ScrollableGroup,operator=,~Widget_ScrollableGroup
Walaber::Widget_ScrollableSet	0	8	int	?	0	4	2	1	high	Widget_ScrollableSet,init,operator=
Walaber::Widget_ScrollableSet	256	8	int	?	0	11	8	1	high	Widget_ScrollableSet,_updateFinger,acceptNewFingerEntered
Walaber::Widget_ScrollableSet	264	4	int	?	0	5	5	0	high	acceptNewFingerDown,acceptNewFingerEntered,notifyFingerLost
Walaber::Widget_ScrollableSet	268	4	int	?	0	8	3	0	high	_updateFinger,acceptNewFingerDown,acceptNewFingerEntered
Walaber::Widget_ScrollableSet	272	4	int	?	0	4	3	1	high	acceptNewFingerDown,acceptNewFingerEntered,operator=
Walaber::Widget_ScrollableSet	276	4	int	?	0	9	1	0	high	_updateFinger,_updateSlider,addGroup
Walaber::Widget_ScrollableSet	280	4	float	?	0	8	2	0	high	Widget_ScrollableSet,_updateFinger,_updateSlider
Walaber::Widget_ScrollableSet	288	4	float	?	0	10	2	1	high	Widget_ScrollableSet,_updateFinger,_updateSlider
Walaber::Widget_ScrollableSet	292	4	int	?	0	6	5	0	high	Widget_ScrollableSet,init,notifyFingerLost
Walaber::Widget_ScrollableSet	296	4	int	?	0	5	2	0	high	Widget_ScrollableSet,_updateFinger,init
Walaber::Widget_ScrollableSet	304	4	int	?	0	4	2	0	high	acceptNewFingerDown,dollyFromTo,dollyTo
Walaber::Widget_ScrollableSet	308	4	float	?	0	4	1	0	high	_updateFinger,dollyFromTo,dollyTo
Walaber::Widget_ScrollableSet	312	4	float	?	0	3	1	0	high	dollyFromTo,dollyTo,update
Walaber::Widget_ScrollableSet	320	8	int	?	0	4	3	0	high	Widget_ScrollableSet,operator=,update
Walaber::Widget_ScrollableSet	328	8	int	?	0	5	3	0	high	Widget_ScrollableSet,addGroup,operator=
Walaber::Widget_ScrollableSet	344	8	int	?	0	4	3	0	high	Widget_ScrollableSet,operator=,update
Walaber::Widget_ScrollableSet	352	8	int	?	0	4	2	0	high	Widget_ScrollableSet,addGroup,operator=
Walaber::Widget_ScrollableSet	368	8	int	?	0	7	2	1	high	Widget_ScrollableSet,_updateSlider,init
Walaber::Widget_ScrollableSet	376	8	int	?	0	5	2	0	high	Widget_ScrollableSet,addGroup,init
Walaber::Widget_ScrollableSet	384	1	int	u	0	7	2	1	high	Widget_ScrollableSet,addGroup,getCameraMode
Walaber::Widget_SlideWheel	284	4	float	?	0	3	2	0	high	_updateFinger,draw,update
Walaber::Widget_SlideWheel	296	8	int	?	0	3	3	0	high	Widget_SlideWheel,draw,~Widget_SlideWheel
Walaber::Widget_SlideWheel	304	4	float	?	0	4	3	0	high	Widget_SlideWheel,draw,setPadding
Walaber::Widget_SlideWheel	312	8	int	?	0	4	3	0	high	Widget_SlideWheel,draw,setPadding
Walaber::Widget_SlideWheel	320	8	int	?	0	11	10	0	high	_updateFinger,acceptNewFingerDown,acceptNewFingerEntered
Walaber::Widget_Slider	0	8	int	?	0	4	2	1	high	Widget_Slider,init,operator=
Walaber::Widget_Slider	144	4	float	?	0	3	1	1	high	draw,operator=,setHandleSize
Walaber::Widget_Slider	256	8	int	?	0	10	7	1	high	_setValue,acceptNewFingerDown,init
Walaber::Widget_Slider	328	4	float	?	0	6	4	1	high	Widget_Slider,acceptNewFingerDown,draw
Walaber::Widget_Slider	336	4	float	?	0	7	4	1	high	Widget_Slider,_setValue,acceptNewFingerDown
Walaber::Widget_Slider	340	4	int	?	0	3	2	0	high	Widget_Slider,setBaseSize,setHandleSize
Walaber::Widget_Slider	344	8	int	?	0	4	2	1	high	Widget_Slider,draw,operator=
Walaber::Widget_Slider	360	4	float	?	0	5	2	1	high	Widget_Slider,_setValue,acceptNewFingerDown
Walaber::Widget_Slider	368	4	float	?	0	8	4	3	high	Widget_Slider,acceptNewFingerDown,draw
Walaber::Widget_Slider	372	4	float	?	0	7	4	0	high	Widget_Slider,acceptNewFingerDown,draw
Walaber::Widget_Slider	376	4	float	?	0	8	4	0	high	Widget_Slider,acceptNewFingerDown,draw
Walaber::Widget_Slider	380	4	float	?	0	6	3	0	high	_setValue,acceptNewFingerDown,draw
Walaber::Widget_Slider	388	1	int	u	0	3	1	0	high	_setValue,init,update
Walaber::Widget_Slider	400	4	int	?	0	4	1	1	high	draw,init,linkSlider
Walaber::Widget_Slider	416	8	int	?	0	3	2	0	high	Widget_Slider,linkScrollSet,update
Walaber::Widget_Spinner	296	4	float	?	0	5	3	0	high	Widget_Spinner,_updateFinger,draw
Walaber::Widget_Spinner	304	8	int	?	0	13	11	0	high	Widget_Spinner,_updateFinger,acceptNewFingerDown
Walaber::Widget_TimedButton	0	8	int	?	0	4	3	0	high	Widget_TimedButton,draw,init
Walaber::Widget_TimedButton	288	8	float	?	0	2	1	0	high	Widget_TimedButton,setActiveTexture
Walaber::Widget_TimedButton	296	8	float	?	0	2	1	0	high	Widget_TimedButton,setActiveTexture
Walaber::Widget_TimedButton	304	8	float	?	0	2	1	0	high	Widget_TimedButton,setInactiveTexture
Walaber::Widget_TimedButton	312	8	float	?	0	2	1	0	high	Widget_TimedButton,setInactiveTexture
Walaber::Widget_TimedButton	320	1	int	u	0	7	5	0	high	Widget_TimedButton,acceptNewFingerDown,draw
Walaber::Widget_TimedButton	321	1	int	u	0	5	4	0	high	acceptNewFingerDown,draw,setEnabled
Walaber::Widget_TimedButton	324	4	float	?	0	6	4	0	high	Widget_TimedButton,acceptNewFingerDown,draw
Walaber::Widget_TimedButton	328	4	float	?	0	4	3	0	high	Widget_TimedButton,draw,setTimeRemaining
Walaber::Widget_TimedButton	340	4	int	?	0	2	2	0	high	draw,update
Walaber::Widget_TimedButton	344	1	int	u	0	5	4	0	high	Widget_TimedButton,acceptNewFingerDown,init
Walaber::Widget_Toggle	0	8	int	?	0	3	3	0	high	Widget_Toggle,draw,~Widget_Toggle
Walaber::Widget_Toggle	144	4	float	?	0	2	1	1	high	draw,operator=
Walaber::Widget_Toggle	232	8	int	?	0	2	1	1	high	draw,operator=
Walaber::Widget_Toggle	240	8	int	?	0	2	1	1	high	draw,operator=
Walaber::Widget_Toggle	256	8	int	?	0	3	2	0	high	Widget_Toggle,draw,setTextureOn
Walaber::Widget_Toggle	264	8	int	?	0	3	2	0	high	Widget_Toggle,draw,setTextureOn
Walaber::Widget_Toggle	272	8	int	?	0	3	2	0	high	Widget_Toggle,draw,setTextureOff
Walaber::Widget_Toggle	280	8	int	?	0	3	2	0	high	Widget_Toggle,draw,setTextureOff
Walaber::Widget_Toggle	288	8	int	?	0	3	1	1	high	Widget_Toggle,operator=,setTextureOn
Walaber::Widget_Toggle	296	8	int	?	0	3	1	1	high	Widget_Toggle,operator=,setTextureOn
Walaber::Widget_Toggle	304	8	int	?	0	3	1	1	high	Widget_Toggle,operator=,setTextureOff
Walaber::Widget_Toggle	312	8	int	?	0	3	1	1	high	Widget_Toggle,operator=,setTextureOff
Walaber::Widget_Toggle	320	8	int	?	0	2	2	0	high	Widget_Toggle,draw
Walaber::Widget_Toggle	328	8	int	?	0	2	2	0	high	Widget_Toggle,draw
Walaber::Widget_Toggle	336	4	float	?	0	4	2	1	high	Widget_Toggle,draw,operator=
Walaber::Widget_Toggle	344	8	int	?	0	2	0	1	med	operator=,setIcon
Walaber::Widget_Toggle	352	8	int	?	0	2	0	1	med	operator=,setIcon
Walaber::Widget_Toggle	360	1	int	u	0	3	3	0	high	Widget_Toggle,draw,~Widget_Toggle
Walaber::Widget_Toggle	376	8	int	?	0	3	3	0	high	Widget_Toggle,draw,~Widget_Toggle
Walaber::Widget_Toggle	384	1	int	u	0	3	3	0	high	Widget_Toggle,draw,~Widget_Toggle
Walaber::Widget_Toggle	400	8	int	?	0	3	3	0	high	Widget_Toggle,draw,~Widget_Toggle
Walaber::Widget_Toggle	408	4	float	?	0	4	2	1	high	Widget_Toggle,draw,init
Walaber::Widget_Toggle	412	1	int	u	0	2	1	1	high	Widget_Toggle,operator=
Walaber::Widget_Toggle	416	4	int	?	0	2	1	1	high	draw,operator=
Walaber::Widget_Toggle	420	1	int	u	0	6	4	1	high	Widget_Toggle,acceptNewFingerDown,draw
Walaber::Widget_Toggle	421	1	int	u	0	2	2	0	high	acceptNewFingerDown,update
Walaber::XML	24	8	int	?	0	2	0	0	med	getNode,parsePropertyList
Walaber::XMLDocument	0	8	int	?	0	3	2	0	high	XMLDocument,_buildXMLObject,~XMLDocument
Walaber::XMLDocument	8	8	int	?	0	3	1	0	high	XMLDocument,_buildXMLObject,_readFileCallback
Walaber::XMLDocument	16	8	int	?	0	2	1	0	high	XMLDocument,_readFileCallback
Walaber::XMLDocument::AttributeIterator	0	8	int	?	0	4	1	1	high	AttributeIterator,getName,getValue
Walaber::XMLDocument::Iterator	0	8	int	?	0	8	1	1	high	Iterator,getAttribute,getChildIterator
Walaber::XMLDocument::NamedIterator	0	8	int	?	0	8	1	6	high	NamedIterator,getAttribute,getChildIterator
Walaber::ZipArchiveCreator	0	8	int	?	0	3	2	0	high	ZipArchiveCreator,addFileToZip,~ZipArchiveCreator
Walaber::ZipArchiveReader	0	8	int	?	0	4	2	0	high	ZipArchiveReader,openFile,readCurrentFile
Walaber::ZipArchiveReader	8	8	int	?	0	2	1	0	high	ZipArchiveReader,getFilenames
Walaber::ZipArchiveReader	16	8	int	?	0	2	2	0	high	ZipArchiveReader,~ZipArchiveReader
Walaber::ZipArchiveReader	88	4	int	?	0	2	0	0	med	getCurrentFileSize,readCurrentFile
Walaber::ZipUtilities	0	8	int	?	0	5	0	0	high	_handleAtlases,_handleSQLFile,_handleSounds
Walaber::ZipUtilities	32	8	int	?	0	2	0	0	med	_fileReadCallback,_xmlFileRead
Walaber::ZipUtilities	40	8	int	?	0	2	0	0	med	_fileReadCallback,_xmlFileRead
Walaber::ZipUtilities	96	8	int	?	0	2	0	0	med	_fileReadCallback,_xmlFileRead
WaterConcept::AlgaeHider	0	8	float	?	0	3	2	1	high	AlgaeHider,_addAlgaeHiderAlgaeDots,~AlgaeHider
WaterConcept::AlgaeHider	936	8	int	?	0	2	1	0	high	particleHasCollided,removeAll
WaterConcept::AlgaeHider	952	4	int	?	0	3	1	0	high	_addAlgaeHiderAlgaeDots,addAlgae,setProperties
WaterConcept::AlgaeHider	960	8	int	?	0	4	2	0	high	AlgaeHider,addAlgae,particleHasCollided
WaterConcept::AlgaeHider	976	8	int	?	0	4	2	0	high	AlgaeHider,addAlgae,particleHasCollided
WaterConcept::Bomb	0	8	int	?	0	4	3	0	high	Bomb,setToExplode,update
WaterConcept::Bomb	400	8	int	?	0	3	1	0	high	_explosionAnimationFinished,_initFinished,setToExplode
WaterConcept::Bomb	936	4	int	?	0	4	3	0	high	Bomb,particleHasCollided,setToExplode
WaterConcept::Bomb	940	4	int	?	0	2	2	0	high	Bomb,particleHasCollided
WaterConcept::Bomb	944	4	int	?	0	3	2	0	high	Bomb,particleHasCollided,setToExplode
WaterConcept::Bomb	952	8	int	?	0	2	1	0	high	setToExplode,update
WaterConcept::Bomb	968	4	int	?	0	4	3	0	high	Bomb,particleHasCollided,setToExplode
WaterConcept::Collectible	0	8	int	?	0	2	2	0	high	Collectible,~Collectible
WaterConcept::Collectible	376	8	int	?	0	5	3	0	high	_initFinished,getSpriteWorldSize,setProperties
WaterConcept::Collectible	384	8	int	?	0	2	2	0	high	_initFinished,update
WaterConcept::Collectible	936	4	int	?	0	3	2	0	high	Collectible,setExposed,update
WaterConcept::Collectible	940	4	float	?	0	2	1	0	high	setExposed,update
WaterConcept::Collectible	944	8	int	?	0	3	3	0	high	Collectible,_initFinished,update
WaterConcept::Collectible	952	8	int	?	0	2	2	0	high	Collectible,handleTouchDown
WaterConcept::Collectible	960	4	float	?	0	2	2	0	high	handleTouchDown,update
WaterConcept::Collectible	964	1	int	u	0	2	1	0	high	setExposed,update
WaterConcept::Collectible	984	4	float	?	0	3	3	0	high	Collectible,handleTouchDown,update
WaterConcept::Collectible	992	1	int	u	0	2	2	0	high	Collectible,setProperties
WaterConcept::Collectible	996	4	int	?	0	4	3	0	high	Collectible,setProperties,turnToGhost
WaterConcept::Collectible	1000	1	int	u	0	2	2	0	high	Collectible,update
WaterConcept::Collectible	1001	1	int	u	0	3	1	0	high	isGhost,setProperties,turnToGhost
WaterConcept::Collectible	1004	4	float	?	0	2	2	0	high	Collectible,update
WaterConcept::DirtyWall	0	4	float	?	0	4	4	0	high	DirtyWall,setProperties,update
WaterConcept::DirtyWall	936	8	int	?	0	2	2	0	high	DirtyWall,update
WaterConcept::DirtyWall	944	8	int	?	0	2	2	0	high	DirtyWall,update
WaterConcept::DirtyWall	960	1	int	u	0	3	3	0	high	DirtyWall,particleHasCollided,update
WaterConcept::DirtyWall	984	8	int	?	0	3	3	0	high	DirtyWall,update,~DirtyWall
WaterConcept::DirtyWall	992	8	int	?	0	4	4	0	high	DirtyWall,particleHasCollided,update
WaterConcept::DirtyWall	1000	8	int	?	0	2	2	0	high	DirtyWall,particleHasCollided
WaterConcept::Fan	0	8	int	?	0	3	3	0	high	Fan,update,~Fan
WaterConcept::Fan	376	8	int	?	0	2	2	0	high	_initFinished,update
WaterConcept::Fan	400	8	int	?	0	2	2	0	high	_initFinished,update
WaterConcept::Fan	408	8	int	?	0	2	2	0	high	_initFinished,update
WaterConcept::Fan	776	4	float	?	0	2	2	0	high	_initFinished,update
WaterConcept::Fan	936	1	int	u	0	3	2	0	high	Fan,_setState,update
WaterConcept::Fan	940	4	int	?	0	2	2	0	high	setProperties,update
WaterConcept::Fan	944	8	int	?	0	2	2	0	high	update,~Fan
WaterConcept::Fan	952	8	int	?	0	3	3	0	high	setProperties,update,~Fan
WaterConcept::Fan	968	8	int	?	0	3	3	0	high	_initFinished,update,~Fan
WaterConcept::Fan	976	8	int	?	0	4	4	0	high	_initFinished,setProperties,update
WaterConcept::Fan	1024	8	int	?	0	3	1	0	high	_setState,connectDrain,update
WaterConcept::Fan	1032	8	int	?	0	2	2	0	high	update,~Fan
WaterConcept::Fan	1040	8	int	?	0	3	2	0	high	connectPump,update,~Fan
WaterConcept::Fan	1056	8	int	?	0	2	2	0	high	update,~Fan
WaterConcept::Fan	1064	8	int	?	0	2	2	0	high	_initFinished,~Fan
WaterConcept::Fan	1080	8	int	?	0	2	2	0	high	update,~Fan
WaterConcept::Fan	1088	8	int	?	0	2	2	0	high	_initFinished,~Fan
WaterConcept::Floater	0	8	int	?	0	10	7	0	high	Floater,_derivePositionAndAngle,_handleFloaterVsFloaterCollision
WaterConcept::Floater	224	8	int	?	0	4	2	0	high	_derivePositionAndAngle,_initFinished,_updateGlobalShape
WaterConcept::Floater	232	8	int	?	0	3	2	0	high	_derivePositionAndAngle,_initFinished,_updateGlobalShape
WaterConcept::Floater	936	8	int	?	0	10	5	0	high	Floater,_derivePositionAndAngle,_drawSprite
WaterConcept::Floater	944	4	float	?	0	3	3	0	high	Floater,_initFinished,setProperties
WaterConcept::Floater	952	8	int	?	0	4	3	0	high	_draw,_updateSpringDs,update
WaterConcept::Floater	960	8	int	?	0	6	5	0	high	_draw,_initFinished,_updateSpringDs
WaterConcept::Floater	976	8	int	?	0	3	3	0	high	_initFinished,update,~Floater
WaterConcept::Floater	1024	4	float	?	0	3	3	0	high	Floater,_initFinished,setProperties
WaterConcept::Floater	1040	8	int	?	0	3	2	0	high	Floater,_drawSprite,~Floater
WaterConcept::Floater	1048	8	int	?	0	4	3	0	high	Floater,_drawSprite,_initFromXML
WaterConcept::Floater	1064	8	int	?	0	4	3	0	high	Floater,_drawSprite,_initFromXML
WaterConcept::Floater	1072	8	int	?	0	4	3	0	high	Floater,_drawSprite,_initFromXML
WaterConcept::Floater	1080	4	float	?	0	3	2	0	high	Floater,_handleCollision,update
WaterConcept::Floater	1092	1	int	u	0	3	3	0	high	Floater,draw,drawBackground
WaterConcept::Floater	1104	4	float	?	0	3	1	0	high	_handleFloaterVsFloaterCollision,_handleFloaterVsObjectCollision,setProperties
WaterConcept::Floater	1108	4	float	?	0	3	1	0	high	_handleFloaterVsFloaterCollision,_handleFloaterVsObjectCollision,setProperties
WaterConcept::FluidConverter	0	8	int	?	0	3	3	0	high	FluidConverter,setProperties,~FluidConverter
WaterConcept::Fluids	0	4	float	?	1	28	2	2	high	Fluids,_buildRefractionGrid,_calculate_densities
WaterConcept::Fluids::FluidCollisionRecord	0	16	vec16	?	0	2	0	2	high	__push_back_slow_path<WaterConcept::Fluids::FluidCollisionRecord_const&>,assign<WaterConcept::Fluids::FluidCollisionRecord*>
WaterConcept::Fluids::FluidCollisionRecord	16	8	int	?	0	2	0	2	high	__push_back_slow_path<WaterConcept::Fluids::FluidCollisionRecord_const&>,assign<WaterConcept::Fluids::FluidCollisionRecord*>
WaterConcept::Fluids::FluidCollisionRecord	24	8	int	?	0	2	0	0	med	__push_back_slow_path<WaterConcept::Fluids::FluidCollisionRecord_const&>,assign<WaterConcept::Fluids::FluidCollisionRecord*>
WaterConcept::GameSettings	0	1	int	u	0	15	0	0	high	appendDuckSuffix,appendPromotion,appendTheme
WaterConcept::GameSettings	8	8	int	?	0	14	0	0	high	appendDuckSuffix,appendPromotion,appendTheme
WaterConcept::GameSettings	16	8	int	?	0	12	0	0	high	appendDuckSuffix,appendPromotion,appendTheme
WaterConcept::GameState	0	8	int	?	0	9	2	0	high	GameState,_addParticleCallback,getNumSecondaryGoalFailures
WaterConcept::GameState	8	8	int	?	0	6	1	0	high	_addParticleCallback,getNumSecondaryGoalFailures,getNumSecondaryGoalSuccesses
WaterConcept::GameState	24	8	int	?	0	3	1	0	high	_addParticleCallback,init,~GameState
WaterConcept::GameState	32	8	int	?	0	3	1	0	high	_addParticleCallback,init,~GameState
WaterConcept::GameState	48	8	int	?	0	8	1	0	high	_addParticleCallback,areGoalsFull,audioUpdate
WaterConcept::GameState	56	8	int	?	0	7	1	0	high	_addParticleCallback,areGoalsFull,getGoalOverflow
WaterConcept::GameState	72	8	int	?	0	3	1	0	high	_starChangeCallback,init,~GameState
WaterConcept::GameState	80	8	int	?	0	3	1	0	high	_starChangeCallback,init,~GameState
WaterConcept::GameState	96	8	int	?	0	4	1	0	high	_requirementsFailed,_starChangeCallback,init
WaterConcept::GameState	104	8	int	?	0	4	1	0	high	_requirementsFailed,_starChangeCallback,init
WaterConcept::GameState	120	8	int	?	0	9	1	0	high	GameState,_requirementsFailed,_requirementsWon
WaterConcept::GameState	128	8	int	?	0	3	1	0	high	GameState,init,update
WaterConcept::GameState	136	1	int	u	0	4	0	0	high	_requirementsFailed,audioUpdate,reset
WaterConcept::GameState	137	1	int	u	0	4	0	0	high	_addParticleCallback,audioUpdate,isGameOver
WaterConcept::GameState	140	4	int	?	0	3	0	0	med	_addParticleCallback,audioUpdate,isGameOver
WaterConcept::GameState	144	1	int	u	0	3	1	0	high	GameState,init,update
WaterConcept::GameState	148	4	int	?	0	3	1	0	high	GameState,audioUpdate,init
WaterConcept::GameState	168	8	int	?	0	5	1	0	high	GameState,audioUpdate,init
WaterConcept::GameState	184	8	int	?	0	4	1	0	high	GameState,audioUpdate,init
WaterConcept::GameState	200	8	int	?	0	3	1	0	high	GameState,audioUpdate,reset
WaterConcept::GameState	220	4	float	?	0	4	1	0	high	GameState,_requirementsFailed,reset
WaterConcept::GameState	224	4	float	?	0	3	0	0	med	_requirementsFailed,setAdditionalRequirements,update
WaterConcept::GameState	228	4	int	?	0	7	1	0	high	GameState,_hasRequirements,_requirementsFailed
WaterConcept::GameState	232	4	int	?	0	4	0	0	high	_requirementsFailed,_requirementsWon,_starChangeCallback
WaterConcept::GameState	240	8	int	?	0	5	1	0	high	GameState,_hasRequirements,_requirementsFailed
WaterConcept::GameState	248	8	int	?	0	4	1	0	high	GameState,_hasRequirements,_requirementsFailed
WaterConcept::GameState	288	8	int	?	0	5	1	0	high	GameState,_hasRequirements,_requirementsFailed
WaterConcept::GameState	296	8	int	?	0	3	0	0	med	_hasRequirements,_requirementsFailed,_requirementsWon
WaterConcept::GameState	336	4	int	?	0	5	1	0	high	GameState,_hasRequirements,_requirementsFailed
WaterConcept::GameState	340	4	int	?	0	5	1	0	high	GameState,_notifyExplosion,_requirementsFailed
WaterConcept::GameState	344	4	int	?	0	4	0	0	high	_notifyExplosion,_requirementsFailed,_requirementsWon
WaterConcept::GameState	348	1	int	u	0	3	0	0	med	_requirementsFailed,_requirementsWon,setAdditionalRequirements
WaterConcept::GameState	352	1	int	u	0	4	0	0	high	_hasRequirements,_requirementsFailed,_requirementsWon
WaterConcept::GameState	353	1	int	u	0	4	0	0	high	_hasRequirements,_requirementsFailed,_requirementsWon
WaterConcept::GameState	356	4	int	?	0	4	1	0	high	GameState,_requirementsFailed,_requirementsWon
WaterConcept::GameState	360	4	int	?	0	4	0	0	high	_requirementsFailed,_requirementsWon,_ySwitchFlipped
WaterConcept::GameState	368	8	int	?	0	3	1	0	high	GameState,_requirementsFailed,_requirementsWon
WaterConcept::GameState	392	8	int	?	0	4	1	0	high	GameState,_hasRequirements,_requirementsFailed
WaterConcept::GameState	400	8	int	?	0	3	0	0	med	_hasRequirements,_requirementsFailed,_requirementsWon
WaterConcept::GameState	424	8	int	?	0	3	1	0	high	GameState,_requirementsFailed,_requirementsWon
WaterConcept::GameState	468	4	int	?	0	3	1	0	high	GameState,_starChangeCallback,reset
WaterConcept::Grid	0	4	float	?	0	5	1	1	high	Grid,_setGridResolution,getCellForPos
WaterConcept::Grid	8	4	float	?	0	2	1	0	high	Grid,_setGridResolution
WaterConcept::Grid	12	4	float	?	0	2	1	0	high	Grid,_setGridResolution
WaterConcept::Grid	16	4	int	?	0	4	1	1	high	Grid,_setGridResolution,getCellForPos
WaterConcept::Grid	20	4	int	?	0	3	1	0	high	Grid,_setGridResolution,getCellForPos
WaterConcept::Grid	24	4	float	?	0	4	1	0	high	Grid,_setGridResolution,getCellForPos
WaterConcept::Grid	28	4	float	?	0	3	1	0	high	Grid,_setGridResolution,getCellForPos
WaterConcept::Grid	32	4	int	?	0	3	1	1	high	Grid,_setGridResolution,operator=
WaterConcept::Grid	36	4	int	?	0	3	1	1	high	Grid,_setGridResolution,operator=
WaterConcept::Grid	40	4	int	?	0	4	1	1	high	Grid,_setGridResolution,getCellPos
WaterConcept::Grid	44	4	int	?	0	3	1	1	high	Grid,_setGridResolution,operator=
WaterConcept::GridCell	0	4	int	?	0	15	0	17	high	__emplace_unique_key_args<WaterConcept::GridCell,WaterConcept::GridCell_const&>,__find_equal<WaterConcept::GridCell>,_addAlgaeDot
WaterConcept::GridCell	4	4	int	?	0	10	0	0	high	__find_equal<WaterConcept::GridCell>,_expandTunnel,_findMaterialPool
WaterConcept::HDAssetsNotification	0	8	int	?	0	5	5	0	high	HDAssetsNotification,goNotify,handleEvent
WaterConcept::HDAssetsNotification	500	1	int	u	0	4	4	0	high	HDAssetsNotification,goNotify,update
WaterConcept::HDAssetsNotification	501	1	int	u	0	3	3	0	high	HDAssetsNotification,goNotify,update
WaterConcept::HDAssetsNotification	502	1	int	u	0	3	3	0	high	HDAssetsNotification,goNotify,update
WaterConcept::HDAssetsNotification	503	1	int	u	0	3	3	0	high	HDAssetsNotification,goNotify,update
WaterConcept::HDAssetsNotification	504	1	int	u	0	4	4	0	high	HDAssetsNotification,goNotify,update
WaterConcept::HDAssetsNotification	505	1	int	u	0	2	2	0	high	HDAssetsNotification,update
WaterConcept::HDAssetsNotification	506	1	int	u	0	2	2	0	high	HDAssetsNotification,update
WaterConcept::HDAssetsNotification	507	1	int	u	0	2	2	0	high	HDAssetsNotification,update
WaterConcept::HDAssetsNotification	508	4	int	?	0	3	3	0	high	goNotify,messageRx,update
WaterConcept::HDAssetsNotification	516	1	int	u	0	2	2	0	high	HDAssetsNotification,messageRx
WaterConcept::HDAssetsNotification	517	1	int	u	0	3	3	0	high	HDAssetsNotification,goNotify,widgetsLoaded
WaterConcept::IAPNotification	0	2	int	u	0	4	3	0	high	IAPNotification,_spriteAnimationEventCallback,goNotify
WaterConcept::IAPNotification	448	4	int	?	0	2	2	0	high	goNotify,update
WaterConcept::IAPNotification	488	8	int	?	0	2	2	0	high	IAPNotification,~IAPNotification
WaterConcept::IAPNotification	508	1	int	u	0	3	3	0	high	IAPNotification,goNotify,widgetsLoaded
WaterConcept::IAPNotification	512	8	int	?	0	5	3	0	high	IAPNotification,_loadSprites,_updateUI
WaterConcept::IAPNotification	520	8	int	?	0	8	4	0	high	_loadSprites,_spriteAnimationEventCallback,_unloadSprites
WaterConcept::IAPNotification	528	1	int	u	0	4	3	0	high	IAPNotification,_updateUI,goNotify
WaterConcept::IAPNotification	536	8	int	?	0	2	1	0	high	_updateUI,goNotify
WaterConcept::IAPNotification	544	8	int	?	0	3	3	0	high	IAPNotification,goNotify,~IAPNotification
WaterConcept::IAPNotification	552	8	float	?	0	2	1	0	high	_loadSprites,update
WaterConcept::IAPNotification	560	4	int	?	0	3	2	0	high	IAPNotification,_loadSprites,goNotify
WaterConcept::IAPNotification	576	8	int	?	0	4	2	0	high	IAPNotification,_loadSprites,_updateUI
WaterConcept::IAPNotification	584	1	int	u	0	3	2	0	high	_updateUI,goNotify,~IAPNotification
WaterConcept::IAPNotification	592	8	int	?	0	3	2	0	high	IAPNotification,_updateUI,goNotify
WaterConcept::IAPNotification	600	8	int	?	0	2	2	0	high	goNotify,~IAPNotification
WaterConcept::IAPNotification	608	1	int	u	0	4	3	0	high	IAPNotification,_spriteAnimationEventCallback,goNotify
WaterConcept::IAPNotification	624	8	int	?	0	2	2	0	high	IAPNotification,update
WaterConcept::IcyHot	0	4	float	?	0	3	3	0	high	IcyHot,update,~IcyHot
WaterConcept::IcyHot	400	8	int	?	0	4	4	0	high	_initFinished,draw,setProperties
WaterConcept::IcyHot	936	8	int	?	0	3	2	0	high	addOffsetToMouthWithProbability,update,~IcyHot
WaterConcept::IcyHot	944	8	int	?	0	2	1	0	high	addOffsetToMouthWithProbability,~IcyHot
WaterConcept::IcyHot	952	8	int	?	0	2	1	0	high	IcyHot,addOffsetToMouthWithProbability
WaterConcept::IcyHot	960	8	int	?	0	3	3	0	high	IcyHot,update,~IcyHot
WaterConcept::IcyHot	968	8	int	?	0	4	3	0	high	IcyHot,addOffsetToMouthWithProbability,update
WaterConcept::IcyHot	976	8	int	?	0	2	1	0	high	IcyHot,addOffsetToMouthWithProbability
WaterConcept::IcyHot	984	8	int	?	0	3	3	0	high	IcyHot,update,~IcyHot
WaterConcept::IcyHot	996	4	int	?	0	2	2	0	high	IcyHot,update
WaterConcept::IcyHot	1000	4	int	?	0	2	2	0	high	IcyHot,update
WaterConcept::IcyHot	1008	4	float	?	0	3	3	0	high	IcyHot,setProperties,update
WaterConcept::IcyHot	1016	8	int	?	0	2	2	0	high	IcyHot,update
WaterConcept::IcyHot	1024	4	float	?	0	3	3	0	high	IcyHot,setProperties,update
WaterConcept::IcyHot	1080	4	int	?	0	3	3	0	high	IcyHot,particleHasCollided,update
WaterConcept::IcyHot	1084	4	int	?	0	2	2	0	high	setProperties,update
WaterConcept::IcyHot	1092	4	int	?	0	4	4	0	high	IcyHot,_initFinished,setProperties
WaterConcept::IcyHot	1096	4	int	?	0	3	3	0	high	_initFinished,setProperties,update
WaterConcept::IcyHot	1104	8	int	?	0	2	2	0	high	IcyHot,particleHasCollided
WaterConcept::IcyHot	1120	4	int	?	0	2	2	0	high	IcyHot,update
WaterConcept::IcyHot	1124	1	int	u	0	3	3	0	high	IcyHot,setProperties,update
WaterConcept::IcyHot	1128	4	float	?	0	3	3	0	high	IcyHot,setProperties,update
WaterConcept::IcyHot	1132	1	int	u	0	2	2	0	high	IcyHot,update
WaterConcept::IndexGrid<std::__ndk1::map<int, WaterConcept::World::VBOData, std::__ndk1::less<int>, std::__ndk1::allocator<std::__ndk1::pair<int const, WaterConcept::World::VBOData>>>>	8	8	int	?	0	2	1	0	high	IndexGrid,~IndexGrid
WaterConcept::IndexGrid<std::__ndk1::vector<WaterConcept::ParticleDescription, std::__ndk1::allocator<WaterConcept::ParticleDescription>>>	0	4	int	?	0	2	0	0	med	IndexGrid,resize
WaterConcept::IndexGrid<std::__ndk1::vector<WaterConcept::ParticleDescription, std::__ndk1::allocator<WaterConcept::ParticleDescription>>>	4	4	int	?	0	2	0	0	med	IndexGrid,resize
WaterConcept::IndexGrid<std::__ndk1::vector<WaterConcept::ParticleDescription, std::__ndk1::allocator<WaterConcept::ParticleDescription>>>	8	8	int	?	0	3	1	0	high	IndexGrid,resize,~IndexGrid
WaterConcept::InteractiveObject	0	8	int	?	0	26	4	5	high	InteractiveObject,_applyCommand,_applyConstraints
WaterConcept::InteractiveObject	216	4	int	?	0	7	2	0	high	InteractiveObject,_handleFloaterVsObjectCollision,_shiftYSwitchConnection
WaterConcept::InteractiveObject	224	8	int	?	0	7	1	1	high	InteractiveObject,_buildVaccuum,_handleFloaterVsObjectCollision
WaterConcept::InteractiveObject	232	8	int	?	0	8	1	1	high	_buildVaccuum,_handleFloaterVsObjectCollision,_updateGlobalShape
WaterConcept::InteractiveObject	248	8	int	?	0	16	0	0	high	_buildVaccuum,_handleFloaterVsObjectCollision,_updateGlobalShape
WaterConcept::InteractiveObject	256	8	int	?	0	7	2	0	high	InteractiveObject,addShape,contains
WaterConcept::InteractiveObject	296	8	float	?	0	7	2	0	high	InteractiveObject,_applyConstraints,_handleFloaterVsObjectCollision
WaterConcept::InteractiveObject	384	8	int	?	0	7	2	0	high	_spriteLoaded,_updateGlobalShape,addSprite
WaterConcept::InteractiveObject	400	8	int	?	0	9	2	4	high	_spriteLoaded,_updateGlobalShape,_updateMotor
WaterConcept::InteractiveObject	616	8	int	?	0	9	3	0	high	InteractiveObject,_applyCommand,_applyConstraints
WaterConcept::InteractiveObject	624	8	int	?	0	9	3	0	high	InteractiveObject,_applyCommand,_applyConstraints
WaterConcept::InteractiveObject	640	1	int	u	0	7	2	0	high	InteractiveObject,_applyConstraints,_goNextMotorCommand
WaterConcept::InteractiveObject	680	4	int	?	0	11	2	0	high	InteractiveObject,_buildVaccuum,_handleCollision
WaterConcept::InteractiveObject	708	1	int	u	0	8	2	0	high	InteractiveObject,_handleCollision,_handleFloaterVsObjectCollision
WaterConcept::MysteryCave	0	8	int	?	0	3	3	0	high	MysteryCave,_initFinished,~MysteryCave
WaterConcept::MysteryCave	184	8	int	?	0	4	4	0	high	_initFinished,draw,drawBackground
WaterConcept::MysteryCave	936	8	int	?	0	2	2	0	high	particleHasCollided,update
WaterConcept::MysteryCave	952	1	int	u	0	3	3	0	high	MysteryCave,particleHasCollided,update
WaterConcept::MysteryCave	956	4	float	?	0	3	3	0	high	MysteryCave,draw,update
WaterConcept::MysteryCave	960	4	int	?	0	2	2	0	high	MysteryCave,update
WaterConcept::MysteryCave	968	1	int	u	0	7	7	0	high	MysteryCave,_initFinished,draw
WaterConcept::MysteryCave	972	4	int	?	0	3	3	0	high	MysteryCave,draw,setProperties
WaterConcept::Notification	0	8	int	?	0	6	4	0	high	Notification,_applyTransitionBehavior,_finishedLoadingWidgets
WaterConcept::Notification	8	8	int	?	0	3	1	0	high	_applyTransitionBehavior,_finishedLoadingWidgets,goNotify
WaterConcept::Notification	152	8	int	?	0	3	2	0	high	Notification,_finishedLoadingWidgets,goNotify
WaterConcept::Notification	288	4	int	?	0	3	2	0	high	Notification,goToNextState,update
WaterConcept::Notification	416	4	int	?	0	3	2	0	high	Notification,goToNextState,update
WaterConcept::Notification	424	4	float	?	0	2	1	0	high	Notification,_applyTransitionBehavior
WaterConcept::Notification	432	4	float	?	0	3	1	0	high	Notification,_applyTransitionBehavior,goNotify
WaterConcept::Notification	440	4	float	?	0	4	2	0	high	Notification,_applyTransitionBehavior,goToNextState
WaterConcept::Notification	444	4	float	?	0	2	2	0	high	goNotify,update
WaterConcept::Notification	448	4	int	?	0	4	3	0	high	Notification,goNotify,goToNextState
WaterConcept::Notification	456	1	int	u	0	3	2	0	high	Notification,reloadWidgets,~Notification
WaterConcept::Notification	472	8	int	?	0	3	2	0	high	Notification,reloadWidgets,~Notification
WaterConcept::Notification::NotificationTransitionBehavior	0	8	int	?	0	2	0	1	med	_applyTransitionBehavior,calcTransitionLength
WaterConcept::Notification::NotificationTransitionBehavior	8	8	int	?	0	2	0	1	med	_applyTransitionBehavior,calcTransitionLength
WaterConcept::Notification::NotificationTransitionBehavior	16	8	int	?	0	2	0	0	med	_applyTransitionBehavior,calcTransitionLength
WaterConcept::Notification::NotificationTransitionBehavior	24	8	int	?	0	2	0	0	med	_applyTransitionBehavior,calcTransitionLength
WaterConcept::Notification::NotificationTransitionBehavior	32	8	int	?	0	2	0	0	med	_applyTransitionBehavior,calcTransitionLength
WaterConcept::Notification::NotificationTransitionBehavior	40	8	int	?	0	2	0	0	med	_applyTransitionBehavior,calcTransitionLength
WaterConcept::Notification::NotificationTransitionBehavior	48	8	int	?	0	2	0	0	med	_applyTransitionBehavior,calcTransitionLength
WaterConcept::Notification::NotificationTransitionBehavior	56	8	int	?	0	2	0	0	med	_applyTransitionBehavior,calcTransitionLength
WaterConcept::Notification::NotificationTransitionBehavior	64	8	int	?	0	2	0	0	med	_applyTransitionBehavior,calcTransitionLength
WaterConcept::Notification::NotificationTransitionBehavior	72	8	int	?	0	2	0	0	med	_applyTransitionBehavior,calcTransitionLength
WaterConcept::NotificationSingleton	0	8	int	?	0	3	2	0	high	NotificationSingleton,clearNotifications,~NotificationSingleton
WaterConcept::NotificationSingleton	32	8	int	?	0	4	1	0	high	NotificationSingleton,clearNotifications,notify
WaterConcept::NotificationSingleton	40	8	int	?	0	4	1	0	high	NotificationSingleton,clearNotifications,notify
WaterConcept::NotificationSingleton	56	8	int	?	0	4	1	0	high	NotificationSingleton,clearNotifications,notify
WaterConcept::NotificationSingleton	64	8	int	?	0	4	1	0	high	NotificationSingleton,clearNotifications,notify
WaterConcept::NotificationSingleton	80	8	int	?	0	4	2	0	high	NotificationSingleton,reloadFont,reloadWidgets
WaterConcept::NotificationSingleton	88	8	int	?	0	2	2	0	high	NotificationSingleton,~NotificationSingleton
WaterConcept::NotificationSingleton	96	8	int	?	0	3	2	0	high	NotificationSingleton,clearNotifications,~NotificationSingleton
WaterConcept::NotificationSingleton	104	8	int	?	0	7	1	0	high	NotificationSingleton,clearNotifications,draw
WaterConcept::NotificationSingleton	112	1	int	u	0	3	3	0	high	NotificationSingleton,messageRx,~NotificationSingleton
WaterConcept::NotificationSingleton	120	8	int	?	0	2	2	0	high	NotificationSingleton,messageRx
WaterConcept::NotificationSingleton	128	8	int	?	0	2	2	0	high	NotificationSingleton,~NotificationSingleton
WaterConcept::NotificationSingleton	136	4	int	?	0	3	1	0	high	NotificationSingleton,notify,update
WaterConcept::NotificationSingleton	140	8	int	?	0	2	1	0	high	NotificationSingleton,update
WaterConcept::NotificationSingleton	148	1	int	u	0	2	1	0	high	NotificationSingleton,draw
WaterConcept::NotificationSingleton	256	8	int	?	0	2	1	0	high	NotificationSingleton,draw
WaterConcept::NotificationSingleton	264	8	int	?	0	2	1	0	high	NotificationSingleton,draw
WaterConcept::NotificationSingleton	272	4	float	?	0	2	1	0	high	NotificationSingleton,update
WaterConcept::NotificationSingleton	280	4	float	?	0	2	1	0	high	NotificationSingleton,update
WaterConcept::NotificationSingleton	288	8	float	?	0	2	1	0	high	NotificationSingleton,update
WaterConcept::NotificationSingleton	304	4	float	?	0	2	0	0	med	draw,update
WaterConcept::NotificationSingleton	308	1	int	u	0	2	0	0	med	draw,update
WaterConcept::NotificationSingleton	312	4	float	?	0	3	1	0	high	NotificationSingleton,draw,update
WaterConcept::NotificationSingleton	316	1	int	u	0	3	1	0	high	NotificationSingleton,notify,update
WaterConcept::ParallaxPuppetShow	0	1	int	u	0	6	1	0	high	ParallaxPuppetShow,_doneLoading,_gotXmlFile
WaterConcept::ParallaxPuppetShow	1	1	int	u	0	2	0	0	med	_doneLoading,start
WaterConcept::ParallaxPuppetShow	4	4	float	?	0	4	1	0	high	ParallaxPuppetShow,_doneLoading,start
WaterConcept::ParallaxPuppetShow	8	1	int	u	0	4	1	0	high	ParallaxPuppetShow,_doneLoading,start
WaterConcept::ParallaxPuppetShow	24	4	int	?	0	2	0	0	med	_fireCameraMoves,draw
WaterConcept::ParallaxPuppetShow	352	8	int	?	0	6	1	0	high	ParallaxPuppetShow,_clearScene,_doneLoading
WaterConcept::ParallaxPuppetShow	360	8	int	?	0	2	1	0	high	ParallaxPuppetShow,_fireCameraMoves
WaterConcept::ParallaxPuppetShow	480	8	int	?	0	5	1	0	high	ParallaxPuppetShow,_clearScene,_doneLoading
WaterConcept::ParallaxPuppetShow	488	8	int	?	0	2	1	0	high	_clearScene,~ParallaxPuppetShow
WaterConcept::ParallaxPuppetShow	504	8	int	?	0	3	1	0	high	ParallaxPuppetShow,_clearScene,_fireCameraMoves
WaterConcept::ParallaxPuppetShow	512	8	int	?	0	3	2	0	high	ParallaxPuppetShow,_clearScene,~ParallaxPuppetShow
WaterConcept::ParallaxPuppetShow	528	8	int	?	0	3	1	0	high	ParallaxPuppetShow,_clearScene,_fireTransitions
WaterConcept::ParallaxPuppetShow	536	8	int	?	0	2	1	0	high	_clearScene,~ParallaxPuppetShow
WaterConcept::ParallaxPuppetShow	552	8	int	?	0	3	1	0	high	ParallaxPuppetShow,_clearScene,_fireAnimationCues
WaterConcept::ParallaxPuppetShow	560	8	int	?	0	3	2	0	high	ParallaxPuppetShow,_clearScene,~ParallaxPuppetShow
WaterConcept::ParallaxPuppetShow	576	8	int	?	0	2	1	0	high	ParallaxPuppetShow,_fireColorCues
WaterConcept::ParallaxPuppetShow	600	8	int	?	0	5	1	0	high	ParallaxPuppetShow,_clearScene,_fireTransitions
WaterConcept::ParallaxPuppetShow	608	4	int	?	0	2	1	0	high	ParallaxPuppetShow,update
WaterConcept::ParallaxPuppetShow	612	4	int	?	0	3	0	0	med	_gotXmlFile,_skeletonLoaded,update
WaterConcept::ParallaxPuppetShow	616	8	int	?	0	5	0	0	high	_doneLoading,pause,resume
WaterConcept::ParallaxPuppetShow	632	1	int	u	0	4	1	0	high	ParallaxPuppetShow,pause,resume
WaterConcept::ParticleDescription	0	4	int	?	0	12	2	3	high	__push_back_slow_path<WaterConcept::ParticleDescription_const&>,_addParticleAndNeighbors<WaterConcept::ConsiderPoolAny>,_convertPoolToFluidType
WaterConcept::ParticleDescription	4	4	int	s	0	8	2	0	high	_addParticleAndNeighbors<WaterConcept::ConsiderPoolAny>,_handleCollision,addCloneParticleToFluidWithDamping
WaterConcept::ParticleDescription	8	4	int	?	0	8	2	2	high	__push_back_slow_path<WaterConcept::ParticleDescription_const&>,_convertPoolToFluidType,_killFluidPool
WaterConcept::PlayerDataSerializer	0	1	int	u	0	6	0	0	high	_updateLocalAchievementInfo,_updateLocalLevelInfo,_updateLocalLevelPackInfo
WaterConcept::PlayerDataSerializer	8	8	int	?	0	5	0	0	high	_updateLocalAchievementInfo,_updateLocalLevelInfo,_updateLocalLevelPackInfo
WaterConcept::PlayerDataSerializer	16	8	int	?	0	4	0	0	high	_updateLocalAchievementInfo,_updateLocalLevelInfo,_updateLocalLevelPackInfo
WaterConcept::PurchaseHandler	0	8	int	?	0	3	3	0	high	PurchaseHandler,messageRx,~PurchaseHandler
WaterConcept::PurchaseHandler	16	1	int	u	0	2	2	0	high	PurchaseHandler,~PurchaseHandler
WaterConcept::PurchaseHandler	32	8	int	?	0	2	2	0	high	PurchaseHandler,~PurchaseHandler
WaterConcept::Screen_Achievements	0	4	float	?	0	4	3	0	high	Screen_Achievements,_finishedLoadingWidgets,handleEvent
WaterConcept::Screen_Achievements	16	8	int	?	0	6	4	0	high	Screen_Achievements,_buildUI,_finishedLoadingWidgets
WaterConcept::Screen_Achievements	32	8	int	?	0	2	2	0	high	Screen_Achievements,~Screen_Achievements
WaterConcept::Screen_Achievements	144	8	int	?	0	2	2	0	high	Screen_Achievements,~Screen_Achievements
WaterConcept::Screen_Achievements	260	4	float	?	0	2	2	0	high	enter,update
WaterConcept::Screen_AchievementsTest	0	8	int	?	0	2	2	0	high	Screen_AchievementsTest,handleEvent
WaterConcept::Screen_AchievementsTest	16	8	int	?	0	4	2	0	high	_buildUI,_finishedLoadingWidgets,draw
WaterConcept::Screen_AchievementsTest	144	8	int	?	0	2	0	0	med	_finishedLoadingWidgets,_updateUIForCurrentAchievement
WaterConcept::Screen_AchievementsTest	152	8	int	?	0	2	0	0	med	_finishedLoadingWidgets,_updateUIForCurrentAchievement
WaterConcept::Screen_AchievementsTest	160	8	int	?	0	2	0	0	med	_finishedLoadingWidgets,_updateUIForCurrentAchievement
WaterConcept::Screen_AchievementsTest	168	8	int	?	0	2	0	0	med	_finishedLoadingWidgets,_updateUIForCurrentAchievement
WaterConcept::Screen_AchievementsTest	176	8	int	?	0	4	4	0	high	Screen_AchievementsTest,enter,exit
WaterConcept::Screen_AchievementsTest	184	8	int	?	0	2	2	0	high	Screen_AchievementsTest,handleEvent
WaterConcept::Screen_AchievementsTest	192	8	int	?	0	3	2	0	high	Screen_AchievementsTest,_updateUIForCurrentAchievement,handleEvent
WaterConcept::Screen_AchievementsTest	200	1	int	u	0	2	2	0	high	Screen_AchievementsTest,handleEvent
WaterConcept::Screen_AgeGate	0	8	int	?	0	3	3	0	high	Screen_AgeGate,handleEvent,~Screen_AgeGate
WaterConcept::Screen_AgeGate	16	8	int	?	0	7	3	0	high	_buildUI,_finishedLoadingWidgets,_onAgeChange
WaterConcept::Screen_AgeGate	32	8	int	?	0	2	2	0	high	Screen_AgeGate,~Screen_AgeGate
WaterConcept::Screen_AgeGate	144	8	int	?	0	2	2	0	high	Screen_AgeGate,~Screen_AgeGate
WaterConcept::Screen_AgeGate	160	8	int	?	0	3	2	0	high	Screen_AgeGate,_finishedLoadingWidgets,loadPropertyList
WaterConcept::Screen_AgeGate	176	8	int	?	0	2	2	0	high	Screen_AgeGate,update
WaterConcept::Screen_AgeGate	192	1	int	u	0	2	1	0	high	Screen_AgeGate,_curveLoadCallback
WaterConcept::Screen_AgeGate	196	4	float	?	0	4	3	0	high	Screen_AgeGate,_finishedLoadingWidgets,handleEvent
WaterConcept::Screen_AgeGate	200	1	int	u	0	5	4	0	high	Screen_AgeGate,_finishedLoadingWidgets,handleEvent
WaterConcept::Screen_AgeGate	201	1	int	?	0	2	2	0	high	Screen_AgeGate,update
WaterConcept::Screen_AgeGate	204	4	int	?	0	2	2	0	high	handleEvent,update
WaterConcept::Screen_AgeGate	240	8	int	?	0	3	2	0	high	Screen_AgeGate,_finishedLoadingWidgets,update
WaterConcept::Screen_AgeGate	248	4	float	?	0	2	2	0	high	enter,update
WaterConcept::Screen_AgeGate	252	4	int	?	0	5	3	0	high	Screen_AgeGate,_finishedLoadingWidgets,_onAgeChange
WaterConcept::Screen_AgeGate	256	1	int	u	0	6	5	0	high	Screen_AgeGate,_finishedLoadingWidgets,backKeyPressed
WaterConcept::Screen_AgeGate	257	1	int	u	0	4	2	0	high	_finishedLoadingWidgets,_showIAPMessage,handleEvent
WaterConcept::Screen_AnimationTest	0	8	int	?	0	2	2	0	high	Screen_AnimationTest,~Screen_AnimationTest
WaterConcept::Screen_AnimationTest	16	8	int	?	0	5	2	0	high	_buildUI,_finishedLoadingWidgets,_reloadCurrentActor
WaterConcept::Screen_AnimationTest	32	8	int	?	0	2	2	0	high	Screen_AnimationTest,~Screen_AnimationTest
WaterConcept::Screen_AnimationTest	144	8	int	?	0	7	4	0	high	Screen_AnimationTest,_reloadCurrentActor,_screenToWorld
WaterConcept::Screen_AnimationTest	152	8	int	?	0	3	3	0	high	Screen_AnimationTest,loadPropertyList,~Screen_AnimationTest
WaterConcept::Screen_AnimationTest	160	8	int	?	0	2	0	0	med	_finishedLoadingWidgets,_playAnimation
WaterConcept::Screen_AnimationTest	168	8	int	?	0	2	0	0	med	_finishedLoadingWidgets,_playAnimation
WaterConcept::Screen_AnimationTest	176	8	int	?	0	2	0	0	med	_finishedLoadingWidgets,_playAnimation
WaterConcept::Screen_AnimationTest	184	8	int	?	0	6	4	0	high	_playAnimation,_reloadCurrentActor,draw
WaterConcept::Screen_AnimationTest	192	4	int	?	0	3	2	0	high	Screen_AnimationTest,_reloadCurrentActor,enter
WaterConcept::Screen_AnimationTest	200	8	int	?	0	2	2	0	high	Screen_AnimationTest,draw
WaterConcept::Screen_Challenges	0	8	int	?	0	3	3	0	high	Screen_Challenges,handleEvent,~Screen_Challenges
WaterConcept::Screen_Challenges	16	8	int	?	0	5	3	0	high	Screen_Challenges,_buildUI,_finishedLoadingWidgets
WaterConcept::Screen_Challenges	32	8	int	?	0	2	2	0	high	Screen_Challenges,~Screen_Challenges
WaterConcept::Screen_Challenges	144	8	int	?	0	2	2	0	high	Screen_Challenges,~Screen_Challenges
WaterConcept::Screen_Challenges	160	1	int	u	0	2	2	0	high	Screen_Challenges,~Screen_Challenges
WaterConcept::Screen_Challenges	176	8	int	?	0	2	2	0	high	Screen_Challenges,~Screen_Challenges
WaterConcept::Screen_Challenges	188	4	float	?	0	2	2	0	high	enter,update
WaterConcept::Screen_Challenges	200	8	int	?	0	3	3	0	high	Screen_Challenges,handleEvent,~Screen_Challenges
WaterConcept::Screen_Challenges	224	8	int	?	0	3	3	0	high	Screen_Challenges,handleEvent,~Screen_Challenges
WaterConcept::Screen_Collectibles	0	8	int	?	0	5	4	0	high	Screen_Collectibles,_addNewLabel,handleEvent
WaterConcept::Screen_Collectibles	16	8	int	?	0	6	4	0	high	Screen_Collectibles,_addNewLabel,_buildUI
WaterConcept::Screen_Collectibles	32	8	int	?	0	2	2	0	high	Screen_Collectibles,~Screen_Collectibles
WaterConcept::Screen_Collectibles	144	8	int	?	0	2	2	0	high	Screen_Collectibles,~Screen_Collectibles
WaterConcept::Screen_Collectibles	160	8	int	?	0	2	2	0	high	handleEvent,~Screen_Collectibles
WaterConcept::Screen_Collectibles	236	4	int	?	0	2	1	0	high	Screen_Collectibles,_addNewLabel
WaterConcept::Screen_Collectibles	248	8	int	?	0	2	2	0	high	Screen_Collectibles,handleEvent
WaterConcept::Screen_Collectibles	272	4	float	?	0	3	3	0	high	Screen_Collectibles,handleEvent,update
WaterConcept::Screen_Collectibles	288	8	int	?	0	2	2	0	high	Screen_Collectibles,update
WaterConcept::Screen_Collectibles	304	4	int	?	0	2	2	0	high	handleEvent,update
WaterConcept::Screen_Collectibles	308	1	int	u	0	3	3	0	high	Screen_Collectibles,handleEvent,regainedTop
WaterConcept::Screen_Collectibles	312	8	int	?	0	3	3	0	high	Screen_Collectibles,update,~Screen_Collectibles
WaterConcept::Screen_Collectibles	320	8	int	?	0	4	3	0	high	Screen_Collectibles,_addNewLabel,update
WaterConcept::Screen_Collectibles	328	8	int	?	0	2	1	0	high	Screen_Collectibles,_addNewLabel
WaterConcept::Screen_Collectibles	336	8	int	?	0	3	3	0	high	Screen_Collectibles,update,~Screen_Collectibles
WaterConcept::Screen_Collectibles	344	8	int	?	0	4	3	0	high	Screen_Collectibles,_addNewLabel,update
WaterConcept::Screen_Collectibles	352	8	int	?	0	2	1	0	high	Screen_Collectibles,_addNewLabel
WaterConcept::Screen_Collectibles	360	4	float	?	0	2	2	0	high	handleEvent,update
WaterConcept::Screen_Collectibles	368	8	int	?	0	4	4	0	high	draw,enter,update
WaterConcept::Screen_Collectibles	384	8	int	?	0	2	2	0	high	Screen_Collectibles,enter
WaterConcept::Screen_Collectibles	392	8	int	?	0	2	2	0	high	Screen_Collectibles,enter
WaterConcept::Screen_Collectibles	400	4	float	?	0	2	2	0	high	enter,update
WaterConcept::Screen_ComicStrip	16	8	int	?	0	3	2	0	high	_buildUI,draw,update
WaterConcept::Screen_ComicStrip	152	8	int	?	0	3	3	0	high	Screen_ComicStrip,draw,update
WaterConcept::Screen_ComicStrip	160	1	int	u	0	2	1	0	high	Screen_ComicStrip,endStrip
WaterConcept::Screen_Credits	0	8	int	?	0	3	3	0	high	Screen_Credits,handleEvent,~Screen_Credits
WaterConcept::Screen_Credits	16	8	int	?	0	5	3	0	high	_buildUI,_finishedLoadingWidgets,draw
WaterConcept::Screen_Credits	32	8	int	?	0	2	2	0	high	Screen_Credits,~Screen_Credits
WaterConcept::Screen_Credits	144	8	int	?	0	2	2	0	high	Screen_Credits,~Screen_Credits
WaterConcept::Screen_Credits	160	8	int	?	0	2	2	0	high	Screen_Credits,draw
WaterConcept::Screen_Credits	168	8	int	?	0	2	2	0	high	Screen_Credits,draw
WaterConcept::Screen_Credits	176	8	int	?	0	2	2	0	high	Screen_Credits,draw
WaterConcept::Screen_Credits	184	8	int	?	0	2	2	0	high	Screen_Credits,draw
WaterConcept::Screen_Credits	192	1	int	u	0	4	3	0	high	Screen_Credits,_finishedLoadingWidgets,messageRx
WaterConcept::Screen_Credits	196	4	int	?	0	2	2	0	high	enter,update
WaterConcept::Screen_Credits	200	8	int	?	0	5	5	0	high	Screen_Credits,backKeyPressed,draw
WaterConcept::Screen_Credits	208	8	int	?	0	4	3	0	high	Screen_Credits,_skeletonLoadedCallback,draw
WaterConcept::Screen_Credits	216	4	float	?	0	2	2	0	high	Screen_Credits,update
WaterConcept::Screen_Credits	224	1	int	u	0	2	2	0	high	Screen_Credits,update
WaterConcept::Screen_Credits	226	1	int	u	0	2	2	0	high	Screen_Credits,update
WaterConcept::Screen_Credits	228	4	float	?	0	2	2	0	high	Screen_Credits,update
WaterConcept::Screen_Credits	232	4	float	?	0	2	1	0	high	_finishedLoadingWidgets,update
WaterConcept::Screen_Credits	236	4	int	?	0	3	2	0	high	Screen_Credits,_finishedLoadingWidgets,update
WaterConcept::Screen_Credits	244	8	float	?	0	3	2	0	high	Screen_Credits,_finishedLoadingWidgets,update
WaterConcept::Screen_Credits	264	8	int	?	0	2	2	0	high	Screen_Credits,update
WaterConcept::Screen_Credits	280	4	float	?	0	2	2	0	high	enter,update
WaterConcept::Screen_Dialogue	0	4	unknown	?	0	5	4	0	high	Screen_Dialogue,_finishedLoadingWidgets,loadPropertyList
WaterConcept::Screen_Dialogue	16	8	int	?	0	5	3	0	high	_buildUI,_finishedLoadingWidgets,draw
WaterConcept::Screen_Dialogue	32	8	int	?	0	2	2	0	high	Screen_Dialogue,~Screen_Dialogue
WaterConcept::Screen_Dialogue	144	1	int	?	0	3	2	0	high	Screen_Dialogue,_finishedLoadingWidgets,update
WaterConcept::Screen_Dialogue	148	4	int	?	0	4	3	0	high	_finishedLoadingWidgets,backKeyPressed,loadPropertyList
WaterConcept::Screen_Dialogue	152	4	int	?	0	3	3	0	high	backKeyPressed,handleEvent,update
WaterConcept::Screen_Dialogue	160	8	int	?	0	3	2	0	high	Screen_Dialogue,_finishedLoadingWidgets,loadPropertyList
WaterConcept::Screen_Dialogue	168	8	int	?	0	3	2	0	high	Screen_Dialogue,_finishedLoadingWidgets,loadPropertyList
WaterConcept::Screen_Dialogue	176	8	int	?	0	2	2	0	high	Screen_Dialogue,loadPropertyList
WaterConcept::Screen_Dialogue	184	4	int	?	0	4	3	0	high	Screen_Dialogue,_finishedLoadingWidgets,loadPropertyList
WaterConcept::Screen_Dialogue	192	4	int	?	0	5	4	0	high	Screen_Dialogue,_finishedLoadingWidgets,backKeyPressed
WaterConcept::Screen_Dialogue	196	1	int	u	0	4	4	0	high	Screen_Dialogue,backKeyPressed,handleEvent
WaterConcept::Screen_Dialogue	197	1	int	u	0	2	1	0	high	_finishedLoadingWidgets,loadPropertyList
WaterConcept::Screen_Dialogue	200	4	int	?	0	3	2	0	high	Screen_Dialogue,_finishedLoadingWidgets,loadPropertyList
WaterConcept::Screen_Dialogue	204	4	int	?	0	2	1	0	high	_finishedLoadingWidgets,loadPropertyList
WaterConcept::Screen_Dialogue	208	4	int	?	0	3	2	0	high	Screen_Dialogue,_finishedLoadingWidgets,loadPropertyList
WaterConcept::Screen_Dialogue	212	4	int	?	0	3	2	0	high	_finishedLoadingWidgets,loadPropertyList,update
WaterConcept::Screen_Dialogue	216	8	int	?	0	2	1	0	high	Screen_Dialogue,_finishedLoadingWidgets
WaterConcept::Screen_Dialogue	224	8	int	?	0	2	2	0	high	Screen_Dialogue,update
WaterConcept::Screen_Dialogue	244	4	float	?	0	3	2	0	high	Screen_Dialogue,_finishedLoadingWidgets,update
WaterConcept::Screen_Dialogue	252	8	int	?	0	3	2	0	high	Screen_Dialogue,_finishedLoadingWidgets,update
WaterConcept::Screen_Dialogue	320	1	int	u	0	3	2	0	high	_finishedLoadingWidgets,loadPropertyList,~Screen_Dialogue
WaterConcept::Screen_Dialogue	328	8	int	?	0	2	1	0	high	_finishedLoadingWidgets,loadPropertyList
WaterConcept::Screen_Dialogue	336	8	int	?	0	2	2	0	high	loadPropertyList,~Screen_Dialogue
WaterConcept::Screen_Dialogue	344	1	int	u	0	3	2	0	high	_finishedLoadingWidgets,loadPropertyList,~Screen_Dialogue
WaterConcept::Screen_Dialogue	352	8	int	?	0	2	1	0	high	_finishedLoadingWidgets,loadPropertyList
WaterConcept::Screen_Dialogue	360	8	int	?	0	2	2	0	high	loadPropertyList,~Screen_Dialogue
WaterConcept::Screen_Dialogue	368	1	int	u	0	3	2	0	high	_finishedLoadingWidgets,loadPropertyList,~Screen_Dialogue
WaterConcept::Screen_Dialogue	376	8	int	?	0	2	1	0	high	_finishedLoadingWidgets,loadPropertyList
WaterConcept::Screen_Dialogue	384	8	int	?	0	2	2	0	high	loadPropertyList,~Screen_Dialogue
WaterConcept::Screen_Dialogue	392	1	int	u	0	2	1	0	high	_buildUI,loadPropertyList
WaterConcept::Screen_Dialogue	393	1	int	u	0	2	1	0	high	_finishedLoadingWidgets,loadPropertyList
WaterConcept::Screen_Dialogue	395	1	int	u	0	2	1	0	high	_buildUI,loadPropertyList
WaterConcept::Screen_Dialogue	396	4	float	?	0	2	1	0	high	_finishedLoadingWidgets,loadPropertyList
WaterConcept::Screen_Editor	0	8	int	?	0	9	3	0	high	Screen_Editor,_deselectGroupMembers,_paste
WaterConcept::Screen_Editor	16	8	int	?	0	19	7	0	high	Screen_Editor,_buildUI,_showHideGroup
WaterConcept::Screen_Editor	152	8	int	?	0	11	4	0	high	_clipCameraToWorld,_gotDefaultPropertiesNewObject,_loadLevelPart2
WaterConcept::Screen_Editor	160	4	float	?	0	8	3	0	high	_clipCameraToWorld,_gotDefaultPropertiesNewObject,_handleCanvasEvent
WaterConcept::Screen_Editor	164	4	float	?	0	5	1	0	high	_clipCameraToWorld,_handleCanvasEvent,_screenToWorld
WaterConcept::Screen_Editor	168	4	float	?	0	7	3	0	high	_clipCameraToWorld,_handleCanvasEvent,_screenToWorld
WaterConcept::Screen_Editor	172	4	float	?	0	5	2	0	high	_handleCanvasEvent,_screenToWorld,_worldToScreen
WaterConcept::Screen_Editor	256	8	int	?	0	5	2	0	high	_gotDefaultPropertiesNewObject,_handleCanvasEvent,_pressTrack
WaterConcept::Screen_Editor	264	8	int	?	0	6	2	0	high	_gotDefaultPropertiesNewObject,_handleCanvasEvent,_paste
WaterConcept::Screen_Editor	385	1	int	u	0	5	5	0	high	Screen_Editor,beingStacked,draw
WaterConcept::Screen_Editor	392	8	int	?	0	18	3	0	high	Screen_Editor,_editObject,_getObject
WaterConcept::Screen_Editor	400	8	int	?	0	17	3	0	high	Screen_Editor,_editObject,_getObject
WaterConcept::Screen_Editor	416	8	int	?	0	16	3	0	high	Screen_Editor,_handleCanvasEvent,_paste
WaterConcept::Screen_Editor	432	8	int	?	0	13	2	0	high	_handleCanvasEvent,_paste,_showHideGroup
WaterConcept::Screen_Editor	520	8	int	?	0	6	0	0	high	_deselectGroupMembers,_getObjectHilightColor,_selectGroupMembers
WaterConcept::Screen_Editor	528	8	int	?	0	7	0	0	high	_deselectGroupMembers,_getObjectHilightColor,_loadedEditorData
WaterConcept::Screen_Editor::ObjectData	24	8	int	?	0	3	1	0	high	ObjectData,_pressTrack,insert
WaterConcept::Screen_Editor::ObjectData	80	1	int	u	0	2	1	0	high	ObjectData,insert
WaterConcept::Screen_Editor::ObjectData	88	8	int	?	0	2	1	0	high	ObjectData,insert
WaterConcept::Screen_Editor::ObjectData	96	8	int	?	0	2	1	0	high	ObjectData,insert
WaterConcept::Screen_Editor::ObjectData	112	8	int	?	0	2	1	0	high	ObjectData,insert
WaterConcept::Screen_EditorObjectEditor	0	8	int	?	0	3	3	0	high	Screen_EditorObjectEditor,draw,~Screen_EditorObjectEditor
WaterConcept::Screen_EditorObjectEditor	16	8	int	?	0	6	4	0	high	Screen_EditorObjectEditor,_buildUI,_toggleSnap
WaterConcept::Screen_EditorObjectEditor	32	8	int	?	0	2	2	0	high	Screen_EditorObjectEditor,~Screen_EditorObjectEditor
WaterConcept::Screen_EditorObjectEditor	144	8	int	?	0	2	2	0	high	Screen_EditorObjectEditor,~Screen_EditorObjectEditor
WaterConcept::Screen_EditorObjectEditor	160	1	int	u	0	3	3	0	high	Screen_EditorObjectEditor,loadPropertyList,~Screen_EditorObjectEditor
WaterConcept::Screen_EditorObjectEditor	168	8	int	?	0	2	2	0	high	Screen_EditorObjectEditor,loadPropertyList
WaterConcept::Screen_EditorObjectEditor	176	8	int	?	0	3	3	0	high	Screen_EditorObjectEditor,loadPropertyList,~Screen_EditorObjectEditor
WaterConcept::Screen_EditorObjectEditor	184	8	int	?	0	6	5	0	high	Screen_EditorObjectEditor,_save,draw
WaterConcept::Screen_EditorObjectEditor	216	4	int	?	0	4	4	0	high	Screen_EditorObjectEditor,draw,handleEvent
WaterConcept::Screen_EditorObjectEditor	224	8	int	?	0	2	2	0	high	Screen_EditorObjectEditor,handleEvent
WaterConcept::Screen_EditorObjectEditor	232	8	int	?	0	2	2	0	high	Screen_EditorObjectEditor,~Screen_EditorObjectEditor
WaterConcept::Screen_EditorObjectEditor	248	4	float	?	0	6	4	0	high	Screen_EditorObjectEditor,_screenToWorld,_worldToScreen
WaterConcept::Screen_EditorObjectEditor	252	4	float	?	0	4	2	0	high	_screenToWorld,_worldToScreen,draw
WaterConcept::Screen_EditorObjectEditor	256	4	float	?	0	6	4	0	high	Screen_EditorObjectEditor,_screenToWorld,_worldToScreen
WaterConcept::Screen_EditorObjectEditor	260	4	float	?	0	5	3	0	high	_screenToWorld,_worldToScreen,draw
WaterConcept::Screen_EditorObjectEditor	264	1	int	u	0	3	1	0	high	Screen_EditorObjectEditor,_snapPosition,_toggleSnap
WaterConcept::Screen_EditorObjectEditor	268	4	int	?	0	3	3	0	high	Screen_EditorObjectEditor,draw,handleEvent
WaterConcept::Screen_EditorObjectEditor	284	4	float	?	0	2	2	0	high	Screen_EditorObjectEditor,handleEvent
WaterConcept::Screen_EditorObjectEditor	296	8	int	?	0	2	2	0	high	Screen_EditorObjectEditor,~Screen_EditorObjectEditor
WaterConcept::Screen_EditorObjectEditor	304	8	int	?	0	2	2	0	high	Screen_EditorObjectEditor,~Screen_EditorObjectEditor
WaterConcept::Screen_EditorObjectEditor	328	8	int	?	0	2	1	0	high	Screen_EditorObjectEditor,_gotObjectFile
WaterConcept::Screen_EditorObjectEditor	336	8	int	?	0	2	1	0	high	Screen_EditorObjectEditor,_gotObjectFile
WaterConcept::Screen_EditorObjectSelect	0	8	int	?	0	3	3	0	high	Screen_EditorObjectSelect,handleEvent,~Screen_EditorObjectSelect
WaterConcept::Screen_EditorObjectSelect	16	8	int	?	0	5	4	0	high	_buildUI,touchDown,touchMoved
WaterConcept::Screen_EditorObjectSelect	32	8	int	?	0	2	2	0	high	Screen_EditorObjectSelect,~Screen_EditorObjectSelect
WaterConcept::Screen_EditorObjectSelect	144	8	int	?	0	2	2	0	high	Screen_EditorObjectSelect,~Screen_EditorObjectSelect
WaterConcept::Screen_EditorObjectSelect	160	8	int	?	0	3	3	0	high	Screen_EditorObjectSelect,draw,exit
WaterConcept::Screen_EditorObjectSelect	168	8	int	?	0	3	3	0	high	Screen_EditorObjectSelect,exit,~Screen_EditorObjectSelect
WaterConcept::Screen_EditorObjectSelect	176	8	int	?	0	2	2	0	high	Screen_EditorObjectSelect,exit
WaterConcept::Screen_EditorObjectSelect	184	8	int	?	0	3	3	0	high	Screen_EditorObjectSelect,touchDown,update
WaterConcept::Screen_EditorObjectSelect	192	4	float	?	0	6	4	0	high	Screen_EditorObjectSelect,_screenToWorld,_worldToScreen
WaterConcept::Screen_EditorObjectSelect	196	4	float	?	0	5	3	0	high	_screenToWorld,_worldToScreen,draw
WaterConcept::Screen_EditorObjectSelect	200	4	float	?	0	6	4	0	high	Screen_EditorObjectSelect,_screenToWorld,_worldToScreen
WaterConcept::Screen_EditorObjectSelect	204	4	float	?	0	5	3	0	high	_screenToWorld,_worldToScreen,draw
WaterConcept::Screen_FoodPyramid	0	8	float	?	0	4	3	0	high	Screen_FoodPyramid,_finishedLoadingWidgets,handleEvent
WaterConcept::Screen_FoodPyramid	16	8	int	?	0	5	3	0	high	Screen_FoodPyramid,_buildUI,_finishedLoadingWidgets
WaterConcept::Screen_FoodPyramid	32	8	int	?	0	2	2	0	high	Screen_FoodPyramid,~Screen_FoodPyramid
WaterConcept::Screen_FoodPyramid	144	8	int	?	0	2	2	0	high	Screen_FoodPyramid,~Screen_FoodPyramid
WaterConcept::Screen_FoodPyramid	160	8	int	?	0	3	3	0	high	Screen_FoodPyramid,update,~Screen_FoodPyramid
WaterConcept::Screen_FoodPyramid	168	8	int	?	0	3	3	0	high	Screen_FoodPyramid,update,~Screen_FoodPyramid
WaterConcept::Screen_FoodPyramid	192	8	int	?	0	2	2	0	high	Screen_FoodPyramid,update
WaterConcept::Screen_FoodPyramid	208	1	int	u	0	3	2	0	high	Screen_FoodPyramid,_curveLoadCallback,update
WaterConcept::Screen_FoodPyramid	209	1	int	u	0	2	2	0	high	handleEvent,regainedTop
WaterConcept::Screen_FoodPyramid	224	8	int	?	0	2	2	0	high	Screen_FoodPyramid,~Screen_FoodPyramid
WaterConcept::Screen_FoodPyramid	240	4	int	?	0	4	4	0	high	Screen_FoodPyramid,handleEvent,loadPropertyList
WaterConcept::Screen_FoodPyramid	244	4	float	?	0	2	2	0	high	enter,update
WaterConcept::Screen_FullScreenAlert	0	4	unknown	?	0	6	5	0	high	Screen_FullScreenAlert,_finishedLoadingWidgets,handleEvent
WaterConcept::Screen_FullScreenAlert	16	8	int	?	0	5	3	0	high	_buildUI,_finishedLoadingWidgets,draw
WaterConcept::Screen_FullScreenAlert	32	8	int	?	0	2	2	0	high	Screen_FullScreenAlert,~Screen_FullScreenAlert
WaterConcept::Screen_FullScreenAlert	168	1	int	u	0	2	2	0	high	loadPropertyList,~Screen_FullScreenAlert
WaterConcept::Screen_FullScreenAlert	184	8	int	?	0	2	2	0	high	loadPropertyList,~Screen_FullScreenAlert
WaterConcept::Screen_FullScreenAlert	192	1	int	u	0	2	2	0	high	loadPropertyList,~Screen_FullScreenAlert
WaterConcept::Screen_FullScreenAlert	208	8	int	?	0	2	2	0	high	loadPropertyList,~Screen_FullScreenAlert
WaterConcept::Screen_FullScreenAlert	216	1	int	u	0	3	2	0	high	_finishedLoadingWidgets,loadPropertyList,~Screen_FullScreenAlert
WaterConcept::Screen_FullScreenAlert	224	8	int	?	0	2	1	0	high	_finishedLoadingWidgets,loadPropertyList
WaterConcept::Screen_FullScreenAlert	232	8	int	?	0	3	2	0	high	_finishedLoadingWidgets,loadPropertyList,~Screen_FullScreenAlert
WaterConcept::Screen_FullScreenAlert	240	1	int	u	0	3	2	0	high	_finishedLoadingWidgets,loadPropertyList,~Screen_FullScreenAlert
WaterConcept::Screen_FullScreenAlert	248	8	int	?	0	2	1	0	high	_finishedLoadingWidgets,loadPropertyList
WaterConcept::Screen_FullScreenAlert	256	8	int	?	0	2	2	0	high	loadPropertyList,~Screen_FullScreenAlert
WaterConcept::Screen_FullScreenAlert	264	1	int	u	0	3	3	0	high	Screen_FullScreenAlert,loadPropertyList,~Screen_FullScreenAlert
WaterConcept::Screen_FullScreenAlert	272	8	int	?	0	2	2	0	high	Screen_FullScreenAlert,loadPropertyList
WaterConcept::Screen_FullScreenAlert	280	8	int	?	0	3	3	0	high	Screen_FullScreenAlert,loadPropertyList,~Screen_FullScreenAlert
WaterConcept::Screen_FullScreenAlert	288	1	int	u	0	3	2	0	high	Screen_FullScreenAlert,_finishedLoadingWidgets,loadPropertyList
WaterConcept::Screen_FullScreenAlert	292	4	float	?	0	2	1	0	high	_finishedLoadingWidgets,loadPropertyList
WaterConcept::Screen_FullScreenAlert	296	4	float	?	0	3	2	0	high	_finishedLoadingWidgets,backKeyPressed,update
WaterConcept::Screen_FullScreenAlert	300	1	int	u	0	3	3	0	high	Screen_FullScreenAlert,backKeyPressed,update
WaterConcept::Screen_FullScreenAlert	301	1	int	u	0	2	2	0	high	Screen_FullScreenAlert,update
WaterConcept::Screen_FullScreenAlert	302	1	int	u	0	2	2	0	high	Screen_FullScreenAlert,update
WaterConcept::Screen_FullScreenAlert	303	1	int	u	0	2	2	0	high	Screen_FullScreenAlert,update
WaterConcept::Screen_FullScreenAlert	304	1	int	u	0	2	2	0	high	Screen_FullScreenAlert,update
WaterConcept::Screen_FullScreenAlert	308	4	int	?	0	3	2	0	high	Screen_FullScreenAlert,_finishedLoadingWidgets,update
WaterConcept::Screen_FullScreenAlert	312	8	int	?	0	2	1	0	high	Screen_FullScreenAlert,_finishedLoadingWidgets
WaterConcept::Screen_FullScreenAlert	320	8	int	?	0	2	2	0	high	Screen_FullScreenAlert,update
WaterConcept::Screen_FullScreenAlert	336	4	int	?	0	3	2	0	high	Screen_FullScreenAlert,_finishedLoadingWidgets,update
WaterConcept::Screen_FullScreenAlert	344	8	int	?	0	3	2	0	high	Screen_FullScreenAlert,_finishedLoadingWidgets,update
WaterConcept::Screen_FullScreenAlert	352	4	int	?	0	3	2	0	high	Screen_FullScreenAlert,_finishedLoadingWidgets,update
WaterConcept::Screen_FullScreenAlert	356	1	int	u	0	2	2	0	high	Screen_FullScreenAlert,backKeyPressed
WaterConcept::Screen_GameTransition	16	8	int	?	0	3	2	0	high	_buildUI,draw,update
WaterConcept::Screen_GameTransition	156	4	int	?	0	4	4	0	high	Screen_GameTransition,draw,loadPropertyList
WaterConcept::Screen_GameTransition	160	1	int	u	0	2	2	0	high	loadPropertyList,update
WaterConcept::Screen_GameTransition	161	1	int	u	0	2	2	0	high	loadPropertyList,update
WaterConcept::Screen_GraphicsContextRestore	0	8	int	?	0	2	2	0	high	Screen_GraphicsContextRestore,recreateGraphicsContext
WaterConcept::Screen_GraphicsContextRestore	13	1	int	u	0	2	2	0	high	Screen_GraphicsContextRestore,update
WaterConcept::Screen_GraphicsContextRestore	16	8	int	?	0	6	5	0	high	_buildUI,draw,touchDown
WaterConcept::Screen_GraphicsContextRestore	144	8	int	?	0	2	2	0	high	enter,update
WaterConcept::Screen_GraphicsContextRestore	152	8	int	?	0	2	2	0	high	enter,update
WaterConcept::Screen_GraphicsContextRestore	160	1	int	u	0	2	2	0	high	Screen_GraphicsContextRestore,update
WaterConcept::Screen_Hub	0	8	int	?	0	3	3	0	high	Screen_Hub,handleEvent,~Screen_Hub
WaterConcept::Screen_Hub	16	8	int	?	0	6	2	0	high	_buildUI,_copyAndFormatButton,_copyAndFormatLabel
WaterConcept::Screen_Hub	32	8	int	?	0	2	2	0	high	Screen_Hub,~Screen_Hub
WaterConcept::Screen_Hub	144	8	int	?	0	2	2	0	high	Screen_Hub,~Screen_Hub
WaterConcept::Screen_Hub	172	4	int	?	0	2	1	0	high	Screen_Hub,_finishedLoadingWidgets
WaterConcept::Screen_Hub	184	8	int	?	0	5	5	0	high	Screen_Hub,draw,enter
WaterConcept::Screen_Hub	200	8	int	?	0	2	2	0	high	Screen_Hub,enter
WaterConcept::Screen_Hub	208	8	int	?	0	2	2	0	high	Screen_Hub,enter
WaterConcept::Screen_Hub	216	1	int	u	0	2	2	0	high	Screen_Hub,messageRx
WaterConcept::Screen_Hub	217	1	int	u	0	2	2	0	high	enter,loadPropertyList
WaterConcept::Screen_Hub	218	1	int	u	0	2	2	0	high	Screen_Hub,loadPropertyList
WaterConcept::Screen_Hub	220	4	int	?	0	2	2	0	high	Screen_Hub,loadPropertyList
WaterConcept::Screen_Hub	232	8	int	?	0	2	2	0	high	Screen_Hub,~Screen_Hub
WaterConcept::Screen_Hub	248	4	float	?	0	3	3	0	high	Screen_Hub,enter,update
WaterConcept::Screen_Hub	264	8	int	?	0	3	3	0	high	Screen_Hub,handleEvent,~Screen_Hub
WaterConcept::Screen_Hub::HubAction	0	8	int	?	0	3	0	1	med	__emplace_unique_key_args<WaterConcept::Screen_Hub::HubAction,std::__ndk1::piecewise_construct_t_const&,std::__ndk1::tuple<WaterConcept::Screen_Hub::HubAction_const&>,std::__ndk1::tuple<>>,__find_equal<WaterConcept::Screen_Hub::HubAction>,create_map
WaterConcept::Screen_InAppPurchase	0	8	int	?	0	6	4	0	high	Screen_InAppPurchase,_setAndshowState,loadPropertyList
WaterConcept::Screen_InAppPurchase	16	8	int	?	0	8	4	0	high	_buildUI,_fileExistsCallback,_finishedLoadingWidgets
WaterConcept::Screen_InAppPurchase	32	8	int	?	0	2	2	0	high	Screen_InAppPurchase,~Screen_InAppPurchase
WaterConcept::Screen_InAppPurchase	144	8	int	?	0	2	2	0	high	Screen_InAppPurchase,~Screen_InAppPurchase
WaterConcept::Screen_InAppPurchase	156	4	int	?	0	3	2	0	high	Screen_InAppPurchase,_setAndshowState,update
WaterConcept::Screen_InAppPurchase	168	1	int	u	0	3	3	0	high	loadPropertyList,messageRx,~Screen_InAppPurchase
WaterConcept::Screen_InAppPurchase	176	8	int	?	0	2	2	0	high	loadPropertyList,messageRx
WaterConcept::Screen_InAppPurchase	184	8	int	?	0	2	2	0	high	loadPropertyList,~Screen_InAppPurchase
WaterConcept::Screen_InAppPurchase	192	1	int	u	0	6	5	0	high	handleEvent,loadPropertyList,messageRx
WaterConcept::Screen_InAppPurchase	200	8	int	?	0	5	4	0	high	handleEvent,loadPropertyList,messageRx
WaterConcept::Screen_InAppPurchase	208	8	int	?	0	4	3	0	high	loadPropertyList,messageRx,updateScreenWithProducts
WaterConcept::Screen_InAppPurchase	240	1	int	u	0	4	3	0	high	_finishedLoadingWidgets,loadPropertyList,messageRx
WaterConcept::Screen_InAppPurchase	248	8	int	?	0	3	2	0	high	_finishedLoadingWidgets,loadPropertyList,messageRx
WaterConcept::Screen_InAppPurchase	256	8	int	?	0	2	2	0	high	loadPropertyList,~Screen_InAppPurchase
WaterConcept::Screen_InAppPurchase	264	1	int	u	0	5	4	0	high	handleEvent,loadPropertyList,messageRx
WaterConcept::Screen_InAppPurchase	272	8	int	?	0	4	3	0	high	handleEvent,loadPropertyList,messageRx
WaterConcept::Screen_InAppPurchase	280	8	int	?	0	4	3	0	high	loadPropertyList,messageRx,updateScreenWithProducts
WaterConcept::Screen_InAppPurchase	328	4	int	?	0	7	4	0	high	Screen_InAppPurchase,_finishedLoadingWidgets,_setAndshowState
WaterConcept::Screen_InAppPurchase	332	1	int	u	0	6	4	0	high	Screen_InAppPurchase,_setAndshowState,backKeyPressed
WaterConcept::Screen_InAppPurchase	336	4	int	?	0	4	3	0	high	_setAndshowState,backKeyPressed,messageRx
WaterConcept::Screen_InAppPurchase	340	1	int	u	0	3	2	0	high	Screen_InAppPurchase,_finishedLoadingWidgets,update
WaterConcept::Screen_InAppPurchase	341	1	int	u	0	2	2	0	high	Screen_InAppPurchase,update
WaterConcept::Screen_InAppPurchase	342	1	int	u	0	2	2	0	high	Screen_InAppPurchase,update
WaterConcept::Screen_InAppPurchase	343	1	int	u	0	2	2	0	high	Screen_InAppPurchase,update
WaterConcept::Screen_InAppPurchase	344	4	int	?	0	3	2	0	high	Screen_InAppPurchase,_finishedLoadingWidgets,update
WaterConcept::Screen_InAppPurchase	384	8	int	?	0	2	2	0	high	Screen_InAppPurchase,~Screen_InAppPurchase
WaterConcept::Screen_InAppPurchase	400	4	int	?	0	2	1	0	high	_setAndshowState,update
WaterConcept::Screen_InAppPurchase	404	1	int	u	0	6	4	0	high	Screen_InAppPurchase,_setAndshowState,backKeyPressed
WaterConcept::Screen_InAppPurchase	405	1	int	u	0	2	1	0	high	_setAndshowState,update
WaterConcept::Screen_InAppPurchase	407	1	int	u	0	3	3	0	high	Screen_InAppPurchase,messageRx,update
WaterConcept::Screen_InAppPurchase	412	4	float	?	0	3	3	0	high	loadPropertyList,messageRx,update
WaterConcept::Screen_InAppPurchase	416	8	int	?	0	2	1	0	high	Screen_InAppPurchase,_finishedLoadingWidgets
WaterConcept::Screen_InAppPurchase	424	8	int	?	0	2	1	0	high	_finishedLoadingWidgets,update
WaterConcept::Screen_InAppPurchase	432	4	float	?	0	2	2	0	high	Screen_InAppPurchase,update
WaterConcept::Screen_InAppPurchase	448	1	int	?	0	3	2	0	high	Screen_InAppPurchase,_finishedLoadingWidgets,update
WaterConcept::Screen_InAppPurchase	450	1	int	u	0	2	2	0	high	Screen_InAppPurchase,update
WaterConcept::Screen_InAppPurchase	452	1	int	u	0	2	1	0	high	_finishedLoadingWidgets,update
WaterConcept::Screen_InAppPurchase	453	1	int	u	0	5	3	0	high	Screen_InAppPurchase,_setAndshowState,backKeyPressed
WaterConcept::Screen_InAppPurchase	454	1	int	u	0	2	2	0	high	loadPropertyList,messageRx
WaterConcept::Screen_InAppPurchase	455	1	int	u	0	2	2	0	high	loadPropertyList,messageRx
WaterConcept::Screen_InAppPurchase	456	1	int	u	0	6	4	0	high	Screen_InAppPurchase,_buildUI,enter
WaterConcept::Screen_InAppPurchase	457	1	int	u	0	4	2	0	high	_buildUI,_finishedLoadingWidgets,loadPropertyList
WaterConcept::Screen_InAppPurchase	458	1	int	u	0	3	2	0	high	_buildUI,loadPropertyList,messageRx
WaterConcept::Screen_InAppPurchase	459	1	int	u	0	6	3	0	high	_buildUI,_finishedLoadingWidgets,_setAndshowState
WaterConcept::Screen_InAppPurchase	460	1	int	u	0	2	2	0	high	Screen_InAppPurchase,update
WaterConcept::Screen_InAppPurchase	464	4	int	?	0	6	4	0	high	Screen_InAppPurchase,_finishedLoadingWidgets,_setAndshowState
WaterConcept::Screen_InAppPurchase	472	1	int	u	0	2	2	0	high	loadPropertyList,~Screen_InAppPurchase
WaterConcept::Screen_InAppPurchase	488	8	int	?	0	2	2	0	high	loadPropertyList,~Screen_InAppPurchase
WaterConcept::Screen_InAppPurchase	496	1	int	u	0	2	2	0	high	messageRx,~Screen_InAppPurchase
WaterConcept::Screen_InAppPurchase	512	8	int	?	0	2	2	0	high	messageRx,~Screen_InAppPurchase
WaterConcept::Screen_InAppPurchase	520	4	int	?	0	2	1	0	high	loadPropertyList,updateScreenWithProducts
WaterConcept::Screen_InAppPurchase	528	1	int	u	0	2	2	0	high	loadPropertyList,~Screen_InAppPurchase
WaterConcept::Screen_InAppPurchase	544	8	int	?	0	2	2	0	high	loadPropertyList,~Screen_InAppPurchase
WaterConcept::Screen_InAppPurchase	552	1	int	u	0	2	2	0	high	loadPropertyList,~Screen_InAppPurchase
WaterConcept::Screen_InAppPurchase	568	8	int	?	0	2	2	0	high	loadPropertyList,~Screen_InAppPurchase
WaterConcept::Screen_InAppPurchase	604	1	int	u	0	3	3	0	high	Screen_InAppPurchase,backKeyPressed,messageRx
WaterConcept::Screen_InAppPurchase	605	1	int	u	0	4	2	0	high	_finishedLoadingWidgets,_setAndshowState,loadPropertyList
WaterConcept::Screen_Languages	0	8	int	?	0	4	4	0	high	Screen_Languages,handleEvent,update
WaterConcept::Screen_Languages	16	8	int	?	0	6	2	0	high	_buildUI,_finishedLoadingWidgets,_handleLanguageButtonTap
WaterConcept::Screen_Languages	32	8	int	?	0	2	2	0	high	Screen_Languages,~Screen_Languages
WaterConcept::Screen_Languages	144	8	int	?	0	2	2	0	high	Screen_Languages,~Screen_Languages
WaterConcept::Screen_Languages	160	8	int	?	0	2	2	0	high	Screen_Languages,draw
WaterConcept::Screen_Languages	168	8	int	?	0	2	2	0	high	Screen_Languages,draw
WaterConcept::Screen_Languages	192	4	int	?	0	2	1	0	high	Screen_Languages,_setUpLanguages
WaterConcept::Screen_Languages	196	4	int	?	0	4	2	0	high	_handleLanguageButtonTap,_setUpLanguages,handleEvent
WaterConcept::Screen_Languages	200	4	int	?	0	3	2	0	high	Screen_Languages,_setUpLanguages,handleEvent
WaterConcept::Screen_Languages	204	4	int	?	0	2	0	0	med	_handleLanguageButtonTap,_setUpLanguages
WaterConcept::Screen_Languages	208	1	int	u	0	2	2	0	high	Screen_Languages,update
WaterConcept::Screen_Languages	212	4	int	?	0	2	2	0	high	Screen_Languages,update
WaterConcept::Screen_LevelSelect	0	8	int	?	0	6	5	0	high	Screen_LevelSelect,_finishedLoadingWidgets,enter
WaterConcept::Screen_LevelSelect	16	8	int	?	0	8	4	0	high	_buildUI,_finishedLoadingWidgets,_loadLevelList
WaterConcept::Screen_LevelSelect	32	8	int	?	0	2	2	0	high	Screen_LevelSelect,~Screen_LevelSelect
WaterConcept::Screen_LevelSelect	144	8	int	?	0	2	2	0	high	Screen_LevelSelect,~Screen_LevelSelect
WaterConcept::Screen_LevelSelect	192	1	int	u	0	3	3	0	high	Screen_LevelSelect,handleEvent,update
WaterConcept::Screen_LevelSelect	248	8	int	?	0	2	2	0	high	handleEvent,~Screen_LevelSelect
WaterConcept::Screen_LevelSelect	272	8	int	?	0	2	2	0	high	update,~Screen_LevelSelect
WaterConcept::Screen_LevelSelect	280	8	int	?	0	3	2	0	high	_loadLevelList,update,~Screen_LevelSelect
WaterConcept::Screen_LevelSelect	296	8	int	?	0	5	5	0	high	draw,enter,handleEvent
WaterConcept::Screen_LevelSelect	304	1	int	u	0	2	1	0	high	Screen_LevelSelect,_finishedLoadingWidgets
WaterConcept::Screen_LevelSelect	305	1	int	u	0	2	1	0	high	Screen_LevelSelect,_finishedLoadingWidgets
WaterConcept::Screen_LevelSelect	306	1	int	u	0	2	1	0	high	Screen_LevelSelect,_finishedLoadingWidgets
WaterConcept::Screen_LevelSelect	307	1	int	u	0	2	1	0	high	Screen_LevelSelect,_finishedLoadingWidgets
WaterConcept::Screen_LevelSelect	312	4	int	?	0	2	1	0	high	_finishedLoadingWidgets,update
WaterConcept::Screen_LevelSelect	384	8	int	?	0	2	2	0	high	handleEvent,loadPropertyList
WaterConcept::Screen_LevelSelect	392	8	int	?	0	2	2	0	high	handleEvent,loadPropertyList
WaterConcept::Screen_LevelSelect	432	4	int	?	0	3	3	0	high	Screen_LevelSelect,handleEvent,update
WaterConcept::Screen_LevelSelect	440	1	int	u	0	2	2	0	high	Screen_LevelSelect,update
WaterConcept::Screen_LevelSelect	448	8	int	?	0	7	5	0	high	Screen_LevelSelect,_loadLevelList,_playUnlockAnimationForSprite
WaterConcept::Screen_LevelSelect	464	8	int	?	0	2	2	0	high	Screen_LevelSelect,enter
WaterConcept::Screen_LevelSelect	480	4	float	?	0	2	2	0	high	Screen_LevelSelect,update
WaterConcept::Screen_LevelSelect	484	4	float	?	0	2	2	0	high	enter,update
WaterConcept::Screen_LevelSelect	488	8	int	?	0	5	3	0	high	_playUnlockAnimationForSprite,_spriteAnimationEventCallback,draw
WaterConcept::Screen_LevelSelect	496	8	int	?	0	6	4	0	high	_loadLevelList,_spriteAnimationEventCallback,draw
WaterConcept::Screen_LevelSelect	504	8	int	?	0	2	1	0	high	_loadLevelList,handleEvent
WaterConcept::Screen_LevelSelect	512	8	int	?	0	2	2	0	high	update,~Screen_LevelSelect
WaterConcept::Screen_LevelSelect	520	8	int	?	0	4	3	0	high	_loadLevelList,handleEvent,update
WaterConcept::Screen_LevelSelect	528	8	int	?	0	2	1	0	high	_loadLevelList,handleEvent
WaterConcept::Screen_LevelSelect	536	8	int	?	0	3	2	0	high	_spriteAnimationEventCallback,update,~Screen_LevelSelect
WaterConcept::Screen_LevelSelect	560	8	int	?	0	2	2	0	high	Screen_LevelSelect,update
WaterConcept::Screen_LevelSelect	568	8	int	?	0	2	2	0	high	update,~Screen_LevelSelect
WaterConcept::Screen_LevelSelect	584	4	int	?	0	3	3	0	high	Screen_LevelSelect,notifyTransitionPhaseChange,update
WaterConcept::Screen_LevelSelect	588	4	int	?	0	2	1	0	high	_spriteAnimationEventCallback,update
WaterConcept::Screen_LevelSelect	592	4	int	?	0	4	3	0	high	Screen_LevelSelect,_loadLevelList,handleEvent
WaterConcept::Screen_LevelSelect	596	4	int	?	0	2	1	0	high	Screen_LevelSelect,_loadLevelList
WaterConcept::Screen_LevelSelect	600	4	int	?	0	4	3	0	high	Screen_LevelSelect,_loadLevelList,handleEvent
WaterConcept::Screen_LevelSelect	604	4	int	?	0	2	1	0	high	Screen_LevelSelect,_loadLevelList
WaterConcept::Screen_LevelSelect	608	8	int	?	0	7	4	0	high	Screen_LevelSelect,_finishedLoadingWidgets,_loadLevelList
WaterConcept::Screen_LevelSelect	616	8	int	?	0	7	4	0	high	Screen_LevelSelect,_finishedLoadingWidgets,_loadLevelList
WaterConcept::Screen_LevelSelect	624	8	int	?	0	3	2	0	high	Screen_LevelSelect,_treasureSpriteAnimationEventCallback,update
WaterConcept::Screen_LevelSelect	632	8	int	?	0	3	2	0	high	Screen_LevelSelect,_loadLevelList,update
WaterConcept::Screen_LevelSelect	640	8	int	?	0	2	2	0	high	Screen_LevelSelect,update
WaterConcept::Screen_LevelSelect	648	4	float	?	0	2	2	0	high	Screen_LevelSelect,update
WaterConcept::Screen_LevelSelect	652	4	int	?	0	2	0	0	med	_loadLevelList,_treasureSpriteAnimationEventCallback
WaterConcept::Screen_LevelSelect	656	4	int	?	0	2	1	0	high	_treasureSpriteAnimationEventCallback,draw
WaterConcept::Screen_LevelSelect	660	4	float	?	0	2	1	0	high	_loadLevelList,update
WaterConcept::Screen_LevelSelect	664	4	int	?	0	2	1	0	high	_loadLevelList,update
WaterConcept::Screen_LevelSelect	668	4	int	?	0	3	2	0	high	Screen_LevelSelect,_finishedLoadingWidgets,update
WaterConcept::Screen_LevelSelect	672	8	int	?	0	4	4	0	high	draw,touchMoved,update
WaterConcept::Screen_LevelSelect	680	8	int	?	0	5	4	0	high	_finishedLoadingWidgets,draw,touchMoved
WaterConcept::Screen_LevelSelect	696	8	int	?	0	4	4	0	high	draw,touchMoved,update
WaterConcept::Screen_LevelSelect	704	8	int	?	0	5	4	0	high	_finishedLoadingWidgets,draw,touchMoved
WaterConcept::Screen_LevelSelect	720	1	int	u	0	3	1	0	high	_finishedLoadingWidgets,_loadLevelList,~Screen_LevelSelect
WaterConcept::Screen_LevelSelect	728	8	int	?	0	2	0	0	med	_finishedLoadingWidgets,_loadLevelList
WaterConcept::Screen_LevelSelect	736	8	int	?	0	3	1	0	high	_finishedLoadingWidgets,_loadLevelList,~Screen_LevelSelect
WaterConcept::Screen_Loading	0	4	int	?	0	14	2	0	high	Screen_Loading,_animationsLoaded,_loadAchievementsFromDB
WaterConcept::Screen_Loading	4	1	int	u	0	13	0	0	high	_animationsLoaded,_loadAchievementsFromDB,_loadAllie
WaterConcept::Screen_Loading	16	8	int	?	0	4	2	0	high	_buildUI,_finishedLoadingWidgets,draw
WaterConcept::Screen_MainMenu	0	4	int	?	0	11	4	0	high	Screen_MainMenu,_loadAchievementsFromDB,_loadAtlases
WaterConcept::Screen_MainMenu	4	1	int	u	0	8	0	0	high	_loadAchievementsFromDB,_loadAtlases,_loadFluidTextures
WaterConcept::Screen_MainMenu	16	8	int	?	0	9	4	0	high	_buildUI,_fileExistsCallback,_finishedLoadingWidgets
WaterConcept::Screen_MainMenu	32	8	int	?	0	3	2	0	high	Screen_MainMenu,_atlasLoaded,~Screen_MainMenu
WaterConcept::Screen_MainMenu	169	1	int	u	0	3	3	0	high	enter,loadPropertyList,update
WaterConcept::Screen_MainMenu	188	8	float	?	0	4	3	0	high	Screen_MainMenu,_finishedLoadingWidgets,handleEvent
WaterConcept::Screen_MainMenu	196	8	float	?	0	3	2	0	high	Screen_MainMenu,_finishedLoadingWidgets,update
WaterConcept::Screen_MainMenu	232	8	int	?	0	3	3	0	high	draw,handleEvent,update
WaterConcept::Screen_MainMenu	240	4	int	?	0	3	2	0	high	_setNumPacksFromDB,enter,handleEvent
WaterConcept::Screen_MainMenu	264	8	int	?	0	6	5	0	high	Screen_MainMenu,draw,handleEvent
WaterConcept::Screen_MainMenu	328	1	int	u	0	3	2	0	high	Screen_MainMenu,_curveLoadCallback,update
WaterConcept::Screen_MainMenu	336	4	float	?	0	3	2	0	high	Screen_MainMenu,triggerAccelerometerTheme,update
WaterConcept::Screen_MainMenu	520	4	float	?	0	4	1	0	high	_curtainEnter,_curtainExit,_updateCurtain
WaterConcept::Screen_MainMenu	524	4	float	?	0	3	0	0	med	_curtainEnter,_curtainExit,_updateCurtain
WaterConcept::Screen_MainMenu	528	4	float	?	0	3	2	0	high	Screen_MainMenu,_updateCurtain,enter
WaterConcept::Screen_MainMenu	544	4	int	?	0	5	2	0	high	_curtainEnter,_curtainExit,_updateCurtain
WaterConcept::Screen_MainMenu	560	8	int	?	0	3	3	0	high	enter,loadPropertyList,update
WaterConcept::Screen_MainMenu	588	4	int	?	0	3	3	0	high	Screen_MainMenu,handleEvent,update
WaterConcept::Screen_MainMenu	592	1	int	u	0	5	5	0	high	Screen_MainMenu,backKeyPressed,draw
WaterConcept::Screen_MainMenu	600	8	int	?	0	3	3	0	high	Screen_MainMenu,handleEvent,~Screen_MainMenu
WaterConcept::Screen_MainMenu	632	4	int	?	0	3	3	0	high	Screen_MainMenu,handleEvent,update
WaterConcept::Screen_MainMenu	640	8	int	?	0	3	3	0	high	Screen_MainMenu,handleEvent,~Screen_MainMenu
WaterConcept::Screen_MainMenu	696	8	int	?	0	5	4	0	high	Screen_MainMenu,_loadSprites,draw
WaterConcept::Screen_MainMenu	704	1	int	u	0	4	2	0	high	Screen_MainMenu,_loadSprites,_spriteAnimationEventCallback
WaterConcept::Screen_MainMenu	708	4	int	?	0	4	2	0	high	Screen_MainMenu,_loadSprites,_spriteAnimationEventCallback
WaterConcept::Screen_MainMenu_v2	0	8	int	?	0	11	4	0	high	Screen_MainMenu_v2,_initAnimations,_initTappableObjects
WaterConcept::Screen_MainMenu_v2	16	8	int	?	0	24	7	0	high	_buildLOWScreen,_buildUI,_createButtons
WaterConcept::Screen_MainMenu_v2	160	8	int	?	0	8	5	0	high	_curveLoadCallback,_finishedLoadingWidgets,_handleSaleTransition
WaterConcept::Screen_MainMenu_v2	176	1	int	u	0	6	2	0	high	Screen_MainMenu_v2,_finishedLoadingWidgets,_loadSprites
WaterConcept::Screen_MainMenu_v2	180	4	int	?	0	6	2	0	high	Screen_MainMenu_v2,_finishedLoadingWidgets,_loadSprites
WaterConcept::Screen_MainMenu_v2	224	1	int	u	0	9	5	0	high	Screen_MainMenu_v2,_finishedLoadingWidgets,_getSubscreenIDForCurrentIndex
WaterConcept::Screen_MainMenu_v2	440	8	int	?	0	10	7	0	high	_finishedLoadingWidgets,_setupSettingScreen,_updateSettingScreenPosition
WaterConcept::Screen_MainMenu_v2	520	8	int	?	0	6	1	0	high	_createTriducks,_initTappableObjects,_updateMainMenuAnimation
WaterConcept::Screen_MainMenu_v2	528	8	int	?	0	6	2	0	high	Screen_MainMenu_v2,_finishedLoadingWidgets,_updateMainMenuAnimation
WaterConcept::Screen_MainMenu_v2	680	4	int	?	0	9	7	0	high	_finishedLoadingWidgets,backKeyPressed,draw
WaterConcept::Screen_MainMenu_v2	936	8	int	?	0	6	2	0	high	_finishedLoadingWidgets,_initAnimations,_initTappableObjects
WaterConcept::Screen_MainMenu_v2	952	8	int	?	0	6	3	0	high	_initAnimations,_initTappableObjects,_updateAnimations
WaterConcept::Screen_MainMenu_v2	960	8	int	?	0	6	2	0	high	_finishedLoadingWidgets,_initAnimations,_initTappableObjects
WaterConcept::Screen_MainMenu_v2	1036	1	int	u	0	7	4	0	high	Screen_MainMenu_v2,_finishedLoadingWidgets,_setupSettingScreen
WaterConcept::Screen_MainMenu_v2	1038	1	int	u	0	6	4	0	high	Screen_MainMenu_v2,_finishedLoadingWidgets,_initTappableObjects
WaterConcept::Screen_MainMenu_v2	1072	8	int	?	0	8	3	0	high	Screen_MainMenu_v2,_createButtons,_finishedLoadingWidgets
WaterConcept::Screen_MenuOverlay	0	8	int	?	0	2	2	0	high	Screen_MenuOverlay,handleEvent
WaterConcept::Screen_MenuOverlay	16	8	int	?	0	6	3	0	high	_buildUI,_finishedLoadingWidgets,_updateAudioButtons
WaterConcept::Screen_MenuOverlay	148	1	int	u	0	2	2	0	high	Screen_MenuOverlay,update
WaterConcept::Screen_MenuOverlay	149	1	int	u	0	3	3	0	high	backKeyPressed,handleEvent,loadPropertyList
WaterConcept::Screen_MenuOverlay	152	4	float	?	0	2	2	0	high	enter,update
WaterConcept::Screen_MusicCollection	0	8	float	?	0	4	3	0	high	Screen_MusicCollection,_finishedLoadingWidgets,handleEvent
WaterConcept::Screen_MusicCollection	16	8	int	?	0	5	3	0	high	Screen_MusicCollection,_buildUI,_finishedLoadingWidgets
WaterConcept::Screen_MusicCollection	32	8	int	?	0	2	2	0	high	Screen_MusicCollection,~Screen_MusicCollection
WaterConcept::Screen_MusicCollection	144	8	int	?	0	2	2	0	high	Screen_MusicCollection,~Screen_MusicCollection
WaterConcept::Screen_MusicCollection	160	8	int	?	0	3	3	0	high	Screen_MusicCollection,update,~Screen_MusicCollection
WaterConcept::Screen_MusicCollection	168	8	int	?	0	3	3	0	high	Screen_MusicCollection,update,~Screen_MusicCollection
WaterConcept::Screen_MusicCollection	192	8	int	?	0	2	2	0	high	Screen_MusicCollection,update
WaterConcept::Screen_MusicCollection	208	1	int	u	0	3	2	0	high	Screen_MusicCollection,_curveLoadCallback,update
WaterConcept::Screen_MusicCollection	209	1	int	u	0	2	2	0	high	handleEvent,regainedTop
WaterConcept::Screen_MusicCollection	224	8	int	?	0	2	2	0	high	Screen_MusicCollection,~Screen_MusicCollection
WaterConcept::Screen_MusicCollection	240	4	int	?	0	4	4	0	high	Screen_MusicCollection,handleEvent,loadPropertyList
WaterConcept::Screen_MusicCollection	244	4	float	?	0	2	2	0	high	enter,update
WaterConcept::Screen_MusicCollection	248	8	int	?	0	2	2	0	high	handleEvent,~Screen_MusicCollection
WaterConcept::Screen_MysteryShow	0	8	int	?	0	3	3	0	high	Screen_MysteryShow,handleEvent,~Screen_MysteryShow
WaterConcept::Screen_MysteryShow	16	8	int	?	0	3	3	0	high	draw,handleEvent,update
WaterConcept::Screen_MysteryShow	32	8	int	?	0	2	2	0	high	Screen_MysteryShow,~Screen_MysteryShow
WaterConcept::Screen_MysteryShow	144	8	int	?	0	6	5	0	high	Screen_MysteryShow,_playAnimation,draw
WaterConcept::Screen_MysteryShow	152	4	int	?	0	4	3	0	high	Screen_MysteryShow,_playAnimation,draw
WaterConcept::Screen_MysteryShow	156	4	float	?	0	3	2	0	high	_playAnimation,draw,update
WaterConcept::Screen_MysteryShow	160	4	int	?	0	2	2	0	high	Screen_MysteryShow,update
WaterConcept::Screen_MysteryShow	164	4	int	?	0	2	2	0	high	loadPropertyList,update
WaterConcept::Screen_MysteryShow	168	8	int	?	0	5	4	0	high	Screen_MysteryShow,_playAnimation,draw
WaterConcept::Screen_MysteryShow	176	8	int	?	0	5	4	0	high	Screen_MysteryShow,_playAnimation,draw
WaterConcept::Screen_MysteryShow	184	8	int	?	0	5	4	0	high	Screen_MysteryShow,_playAnimation,draw
WaterConcept::Screen_MysteryShow	192	8	int	?	0	3	2	0	high	Screen_MysteryShow,_playAnimation,update
WaterConcept::Screen_MysteryShow	208	4	float	?	0	3	3	0	high	Screen_MysteryShow,handleEvent,update
WaterConcept::Screen_MysteryShow	212	1	int	u	0	3	2	0	high	Screen_MysteryShow,_finishAnimation,update
WaterConcept::Screen_NoteChallenges	0	8	int	?	0	3	3	0	high	Screen_NoteChallenges,handleEvent,~Screen_NoteChallenges
WaterConcept::Screen_NoteChallenges	16	8	int	?	0	5	3	0	high	Screen_NoteChallenges,_buildUI,_finishedLoadingWidgets
WaterConcept::Screen_NoteChallenges	32	8	int	?	0	2	2	0	high	Screen_NoteChallenges,~Screen_NoteChallenges
WaterConcept::Screen_NoteChallenges	144	8	int	?	0	2	2	0	high	Screen_NoteChallenges,~Screen_NoteChallenges
WaterConcept::Screen_NoteChallenges	160	1	int	u	0	2	2	0	high	Screen_NoteChallenges,~Screen_NoteChallenges
WaterConcept::Screen_NoteChallenges	176	8	int	?	0	2	2	0	high	Screen_NoteChallenges,~Screen_NoteChallenges
WaterConcept::Screen_NoteChallenges	188	4	float	?	0	2	2	0	high	enter,update
WaterConcept::Screen_NoteChallenges	200	8	int	?	0	3	3	0	high	Screen_NoteChallenges,handleEvent,~Screen_NoteChallenges
WaterConcept::Screen_NoteChallenges	224	8	int	?	0	3	3	0	high	Screen_NoteChallenges,handleEvent,~Screen_NoteChallenges
WaterConcept::Screen_NoteChallenges	240	8	int	?	0	2	1	0	high	Screen_NoteChallenges,_gotSE
WaterConcept::Screen_PerformanceTest	16	8	int	?	0	4	3	0	high	_buildUI,beingStacked,draw
WaterConcept::Screen_PerformanceTest	144	4	int	?	0	3	3	0	high	Screen_PerformanceTest,enter,update
WaterConcept::Screen_PerformanceTest	162	1	int	u	0	3	2	0	high	Screen_PerformanceTest,_finishedLoadingWidgets,update
WaterConcept::Screen_PerryDemo	0	4	int	?	0	3	2	0	high	Screen_PerryDemo,_loadSounds,~Screen_PerryDemo
WaterConcept::Screen_PerryDemo	16	8	int	?	0	6	3	0	high	_buildUI,_finishedLoadingWidgets,_localizedLogoExistsCallback
WaterConcept::Screen_PerryDemo	32	8	int	?	0	2	2	0	high	Screen_PerryDemo,~Screen_PerryDemo
WaterConcept::Screen_PerryDemo	144	8	int	?	0	2	2	0	high	Screen_PerryDemo,~Screen_PerryDemo
WaterConcept::Screen_PerryDemo	157	1	int	u	0	2	1	0	high	_closeButtonPressed,messageRx
WaterConcept::Screen_PerryDemo	208	1	int	u	0	3	3	0	high	Screen_PerryDemo,draw,enter
WaterConcept::Screen_PerryDemo	210	1	int	u	0	2	2	0	high	Screen_PerryDemo,update
WaterConcept::Screen_PerryDemo	212	4	int	?	0	2	2	0	high	Screen_PerryDemo,update
WaterConcept::Screen_PerryDemo	216	1	int	u	0	3	2	0	high	_finishedLoadingWidgets,loadPropertyList,~Screen_PerryDemo
WaterConcept::Screen_PerryDemo	224	8	int	?	0	2	1	0	high	_finishedLoadingWidgets,loadPropertyList
WaterConcept::Screen_PerryDemo	232	8	int	?	0	2	2	0	high	loadPropertyList,~Screen_PerryDemo
WaterConcept::Screen_PerryDemo	240	1	int	u	0	3	2	0	high	_finishedLoadingWidgets,loadPropertyList,~Screen_PerryDemo
WaterConcept::Screen_PerryDemo	248	8	int	?	0	2	1	0	high	_finishedLoadingWidgets,loadPropertyList
WaterConcept::Screen_PerryDemo	256	8	int	?	0	2	2	0	high	loadPropertyList,~Screen_PerryDemo
WaterConcept::Screen_Popup	0	4	unknown	?	0	13	8	0	high	Screen_Popup,_finishedLoadingWidgets,_transitionEnter
WaterConcept::Screen_Popup	16	8	int	?	0	18	9	0	high	_buildUI,_finishedLoadingWidgets,_hideLikeAndEnlargenLikeLabel
WaterConcept::Screen_Popup	188	4	int	?	0	5	3	0	high	Screen_Popup,_finishedLoadingWidgets,_specialWidgetOverrideForCrankyCollectionOnLOTW
WaterConcept::Screen_Popup	228	4	int	?	0	9	5	0	high	Screen_Popup,_buildUI,_check3StarPackAchievement
WaterConcept::Screen_Popup	680	4	int	?	0	5	1	0	high	_transitionEnter,_transitionExit,_transitionExitLeft
WaterConcept::Screen_Popup	736	4	int	s	0	9	5	0	high	_transitionEnter,_transitionExit,_transitionExitLeft
WaterConcept::Screen_Popup	780	4	int	?	0	14	7	0	high	Screen_Popup,_buildUI,_finishedLoadingWidgets
WaterConcept::Screen_Popup	784	4	int	?	0	7	5	0	high	_curveLoadCallback,draw,enter
WaterConcept::Screen_Popup	840	4	float	?	0	6	3	0	high	_curveLoadCallback,getStageTranslation,handleEvent
WaterConcept::Screen_Popup	844	1	int	u	0	5	4	0	high	backKeyPressed,draw,handleEvent
WaterConcept::Screen_Popup	1120	8	int	?	0	8	6	0	high	Screen_Popup,_particleFadeOut,_transitionUpdate
WaterConcept::Screen_Popup	1128	8	int	?	0	6	4	0	high	_addMysteryParticles,_particleFadeOut,draw
WaterConcept::Screen_Popup	1168	1	int	u	0	6	5	0	high	Screen_Popup,_finishedLoadingWidgets,draw
WaterConcept::Screen_Popup	1224	8	int	?	0	5	4	0	high	_gotSE,beingStacked,exit
WaterConcept::Screen_Popup	1248	1	int	u	0	7	6	0	high	Screen_Popup,_finishedLoadingWidgets,beingStacked
WaterConcept::Screen_Popup	1344	1	int	u	0	5	3	0	high	Screen_Popup,_curveLoadCallback,_finishedLoadingWidgets
WaterConcept::Screen_Popup	1432	8	int	?	0	5	3	0	high	_finishedLoadingWidgets,_spriteEventCallback,draw
WaterConcept::Screen_Processing	0	8	int	?	0	3	3	0	high	Screen_Processing,handleEvent,~Screen_Processing
WaterConcept::Screen_Processing	16	8	int	?	0	5	2	0	high	_buildUI,_finishedLoadingWidgets,_setAndshowState
WaterConcept::Screen_Processing	32	8	int	?	0	2	2	0	high	Screen_Processing,~Screen_Processing
WaterConcept::Screen_Processing	144	8	int	?	0	2	2	0	high	Screen_Processing,~Screen_Processing
WaterConcept::Screen_Processing	156	4	int	?	0	2	1	0	high	Screen_Processing,_setAndshowState
WaterConcept::Screen_Processing	176	4	float	?	0	3	2	0	high	_finishedLoadingWidgets,backKeyPressed,update
WaterConcept::Screen_Processing	184	1	int	u	0	4	3	0	high	Screen_Processing,_setAndshowState,backKeyPressed
WaterConcept::Screen_Processing	208	8	int	?	0	2	2	0	high	Screen_Processing,~Screen_Processing
WaterConcept::Screen_Processing	232	8	int	?	0	2	2	0	high	Screen_Processing,~Screen_Processing
WaterConcept::Screen_Processing	252	1	int	u	0	3	3	0	high	Screen_Processing,backKeyPressed,update
WaterConcept::Screen_Processing	253	1	int	u	0	2	1	0	high	_setAndshowState,update
WaterConcept::Screen_Processing	255	1	int	u	0	3	2	0	high	Screen_Processing,_finishedLoadingWidgets,update
WaterConcept::Screen_PuppetShow	0	8	int	?	0	3	3	0	high	Screen_PuppetShow,loadPropertyList,~Screen_PuppetShow
WaterConcept::Screen_PuppetShow	16	8	int	?	0	5	4	0	high	_buildUI,beingStacked,draw
WaterConcept::Screen_PuppetShow	32	8	int	?	0	2	2	0	high	Screen_PuppetShow,~Screen_PuppetShow
WaterConcept::Screen_PuppetShow	784	4	float	?	0	2	2	0	high	Screen_PuppetShow,update
WaterConcept::Screen_PuppetShow	788	1	int	u	0	2	2	0	high	Screen_PuppetShow,update
WaterConcept::Screen_PuppetShow	792	4	int	?	0	3	3	0	high	Screen_PuppetShow,loadPropertyList,update
WaterConcept::Screen_PuppetShow	796	4	int	?	0	2	1	0	high	_fileExists,loadPropertyList
WaterConcept::Screen_PuppetShow	824	4	int	?	0	3	3	0	high	Screen_PuppetShow,exit,loadPropertyList
WaterConcept::Screen_PuppetShow	832	8	int	?	0	2	2	0	high	Screen_PuppetShow,exit
WaterConcept::Screen_PuppetShow	848	1	int	u	0	3	3	0	high	Screen_PuppetShow,loadPropertyList,~Screen_PuppetShow
WaterConcept::Screen_PuppetShow	856	8	int	?	0	2	2	0	high	Screen_PuppetShow,loadPropertyList
WaterConcept::Screen_PuppetShow	864	8	int	?	0	3	3	0	high	Screen_PuppetShow,loadPropertyList,~Screen_PuppetShow
WaterConcept::Screen_PuppetShow	872	4	float	?	0	4	3	0	high	Screen_PuppetShow,_buildUI,loadPropertyList
WaterConcept::Screen_PuppetShow	876	1	int	u	0	5	2	0	high	Screen_PuppetShow,pause,regainedTop
WaterConcept::Screen_Settings	0	8	int	?	0	3	3	0	high	Screen_Settings,handleEvent,~Screen_Settings
WaterConcept::Screen_Settings	16	8	int	?	0	6	2	0	high	_buildUI,_finishedLoadingWidgets,_updateAudioButtons
WaterConcept::Screen_Settings	32	8	int	?	0	2	2	0	high	Screen_Settings,~Screen_Settings
WaterConcept::Screen_Settings	144	8	int	?	0	2	2	0	high	Screen_Settings,~Screen_Settings
WaterConcept::Screen_Settings	160	8	int	?	0	3	2	0	high	Screen_Settings,_finishedLoadingWidgets,loadPropertyList
WaterConcept::Screen_Settings	168	1	int	u	0	3	3	0	high	Screen_Settings,handleEvent,messageRx
WaterConcept::Screen_Settings	176	8	int	?	0	2	2	0	high	Screen_Settings,update
WaterConcept::Screen_Settings	192	1	int	u	0	2	1	0	high	Screen_Settings,_curveLoadCallback
WaterConcept::Screen_Settings	196	4	float	?	0	3	2	0	high	Screen_Settings,_finishedLoadingWidgets,update
WaterConcept::Screen_Settings	200	1	int	u	0	4	3	0	high	Screen_Settings,_finishedLoadingWidgets,loadPropertyList
WaterConcept::Screen_Settings	201	1	int	u	0	3	3	0	high	Screen_Settings,backKeyPressed,update
WaterConcept::Screen_Settings	202	1	int	u	0	2	1	0	high	_finishedLoadingWidgets,loadPropertyList
WaterConcept::Screen_Settings	208	1	int	u	0	5	4	0	high	Screen_Settings,_finishedLoadingWidgets,backKeyPressed
WaterConcept::Screen_Settings	212	4	float	?	0	2	2	0	high	enter,update
WaterConcept::Screen_Settings	224	8	int	?	0	2	2	0	high	Screen_Settings,~Screen_Settings
WaterConcept::Screen_Settings	240	8	int	?	0	3	3	0	high	backKeyPressed,enter,update
WaterConcept::Screen_Settings	256	1	int	u	0	3	3	0	high	Screen_Settings,backKeyPressed,handleEvent
WaterConcept::Screen_Settings	257	1	int	u	0	2	2	0	high	consumesInput,handleEvent
WaterConcept::Screen_SettingsProfile	0	8	int	?	0	4	4	0	high	Screen_SettingsProfile,handleEvent,update
WaterConcept::Screen_SettingsProfile	16	8	int	?	0	6	3	0	high	_buildUI,_finishedLoadingWidgets,_updateCloudButton
WaterConcept::Screen_SettingsProfile	32	8	int	?	0	2	2	0	high	Screen_SettingsProfile,~Screen_SettingsProfile
WaterConcept::Screen_SettingsProfile	144	8	int	?	0	2	2	0	high	Screen_SettingsProfile,~Screen_SettingsProfile
WaterConcept::Screen_SettingsProfile	156	8	int	?	0	3	2	0	high	Screen_SettingsProfile,_finishedLoadingWidgets,loadPropertyList
WaterConcept::Screen_SettingsProfile	168	8	int	?	0	2	2	0	high	Screen_SettingsProfile,update
WaterConcept::Screen_SettingsProfile	176	8	int	?	0	2	2	0	high	Screen_SettingsProfile,~Screen_SettingsProfile
WaterConcept::Screen_SettingsProfile	192	8	int	?	0	3	2	0	high	Screen_SettingsProfile,_finishedLoadingWidgets,update
WaterConcept::Screen_SettingsProfile	200	8	float	?	0	3	2	0	high	Screen_SettingsProfile,_finishedLoadingWidgets,update
WaterConcept::Screen_SettingsProfile	208	8	int	?	0	2	2	0	high	Screen_SettingsProfile,update
WaterConcept::Screen_SettingsProfile	224	1	int	u	0	3	2	0	high	Screen_SettingsProfile,_curveLoadCallback,update
WaterConcept::Screen_SettingsProfile	228	4	float	?	0	3	2	0	high	_finishedLoadingWidgets,handleEvent,update
WaterConcept::Screen_SettingsProfile	232	1	int	u	0	5	4	0	high	Screen_SettingsProfile,_finishedLoadingWidgets,handleEvent
WaterConcept::Screen_SettingsProfile	236	4	int	?	0	2	2	0	high	handleEvent,update
WaterConcept::Screen_SettingsProfile	240	4	float	?	0	2	2	0	high	enter,update
WaterConcept::Screen_SettingsReset	0	8	int	?	0	3	3	0	high	Screen_SettingsReset,handleEvent,~Screen_SettingsReset
WaterConcept::Screen_SettingsReset	16	8	int	?	0	4	2	0	high	_buildUI,_finishedLoadingWidgets,draw
WaterConcept::Screen_SettingsReset	32	8	int	?	0	2	2	0	high	Screen_SettingsReset,~Screen_SettingsReset
WaterConcept::Screen_SettingsReset	144	8	int	?	0	2	2	0	high	Screen_SettingsReset,~Screen_SettingsReset
WaterConcept::Screen_SettingsReset	156	8	int	?	0	3	2	0	high	Screen_SettingsReset,_finishedLoadingWidgets,loadPropertyList
WaterConcept::Screen_SettingsReset	164	1	int	u	0	3	2	0	high	Screen_SettingsReset,_curveLoadCallback,update
WaterConcept::Screen_SettingsReset	172	1	int	u	0	4	3	0	high	Screen_SettingsReset,messageRx,regainedTop
WaterConcept::Screen_SettingsReset	176	8	int	?	0	3	3	0	high	Screen_SettingsReset,handleEvent,~Screen_SettingsReset
WaterConcept::Screen_SettingsReset	184	4	int	?	0	2	2	0	high	Screen_SettingsReset,handleEvent
WaterConcept::Screen_SettingsReset	188	4	int	?	0	2	2	0	high	Screen_SettingsReset,handleEvent
WaterConcept::Screen_SettingsReset	192	4	int	?	0	2	2	0	high	Screen_SettingsReset,handleEvent
WaterConcept::Screen_SettingsReset	200	8	int	?	0	2	2	0	high	Screen_SettingsReset,update
WaterConcept::Screen_SettingsReset	216	4	float	?	0	4	3	0	high	_finishedLoadingWidgets,backKeyPressed,messageRx
WaterConcept::Screen_SettingsReset	220	1	int	u	0	6	5	0	high	Screen_SettingsReset,_finishedLoadingWidgets,backKeyPressed
WaterConcept::Screen_SettingsReset	224	4	int	?	0	3	3	0	high	backKeyPressed,messageRx,update
WaterConcept::Screen_SettingsReset	228	1	int	u	0	3	3	0	high	Screen_SettingsReset,messageRx,update
WaterConcept::Screen_SettingsReset	232	8	int	?	0	2	2	0	high	Screen_SettingsReset,update
WaterConcept::Screen_SettingsReset	248	8	int	?	0	2	2	0	high	Screen_SettingsReset,update
WaterConcept::Screen_SettingsReset	256	8	int	?	0	2	2	0	high	Screen_SettingsReset,~Screen_SettingsReset
WaterConcept::Screen_SettingsReset	272	4	float	?	0	2	2	0	high	enter,update
WaterConcept::Screen_SettingsReset	276	1	int	u	0	3	2	0	high	Screen_SettingsReset,regainedTop,waitForRestore
WaterConcept::Screen_Sunset	0	8	int	?	0	3	3	0	high	Screen_Sunset,handleEvent,~Screen_Sunset
WaterConcept::Screen_Sunset	16	8	int	?	0	5	2	0	high	_buildUI,_fileExistsCallback,_finishedLoadingWidgets
WaterConcept::Screen_Sunset	32	8	int	?	0	2	2	0	high	Screen_Sunset,~Screen_Sunset
WaterConcept::Screen_Sunset	144	8	int	?	0	2	2	0	high	Screen_Sunset,~Screen_Sunset
WaterConcept::Screen_Sunset	184	1	int	u	0	2	2	0	high	Screen_Sunset,backKeyPressed
WaterConcept::Screen_Upsell	0	8	int	?	0	3	3	0	high	Screen_Upsell,handleEvent,~Screen_Upsell
WaterConcept::Screen_Upsell	16	8	int	?	0	5	2	0	high	_buildUI,_fileExistsCallback,_finishedLoadingWidgets
WaterConcept::Screen_Upsell	32	8	int	?	0	2	2	0	high	Screen_Upsell,~Screen_Upsell
WaterConcept::Screen_Upsell	144	8	int	?	0	2	2	0	high	Screen_Upsell,~Screen_Upsell
WaterConcept::Screen_Upsell	184	1	int	u	0	2	2	0	high	Screen_Upsell,backKeyPressed
WaterConcept::Screen_UpsellWater2	0	8	int	?	0	2	2	0	high	Screen_UpsellWater2,~Screen_UpsellWater2
WaterConcept::Screen_UpsellWater2	16	8	int	?	0	5	2	0	high	_buildUI,_fileExistsCallback,_finishedLoadingWidgets
WaterConcept::Screen_UpsellWater2	32	8	int	?	0	2	2	0	high	Screen_UpsellWater2,~Screen_UpsellWater2
WaterConcept::Screen_UpsellWater2	144	8	int	?	0	2	2	0	high	Screen_UpsellWater2,~Screen_UpsellWater2
WaterConcept::Screen_UpsellWater2	168	8	int	?	0	3	2	0	high	Screen_UpsellWater2,_closeButtonPressed,update
WaterConcept::Screen_UpsellWater2	176	8	int	?	0	2	2	0	high	Screen_UpsellWater2,~Screen_UpsellWater2
WaterConcept::Screen_UpsellWater2	240	1	int	u	0	3	3	0	high	Screen_UpsellWater2,draw,enter
WaterConcept::Screen_UpsellWater2	248	8	int	?	0	4	3	0	high	Screen_UpsellWater2,_finishedLoadingWidgets,exit
WaterConcept::Screen_UpsellWater2	264	1	int	u	0	2	2	0	high	Screen_UpsellWater2,~Screen_UpsellWater2
WaterConcept::Screen_UpsellWater2	280	8	int	?	0	2	2	0	high	Screen_UpsellWater2,~Screen_UpsellWater2
WaterConcept::Screen_WaterTest	0	8	int	?	0	14	6	0	high	Screen_WaterTest,_collectibleCallback,_drawPhotoFinish
WaterConcept::Screen_WaterTest	16	8	int	?	0	18	10	0	high	Screen_WaterTest,_buildUI,_collectibleCallback
WaterConcept::Screen_WaterTest	168	8	int	?	0	24	7	0	high	_clipCameraToWorld,_drawEndcaps,_drawPhotoFinish
WaterConcept::Screen_WaterTest	438	1	int	u	0	7	1	0	high	Screen_WaterTest,_drawEndcaps,_finalLoadStep
WaterConcept::Screen_WaterTest	456	8	int	?	0	7	2	0	high	Screen_WaterTest,_clipCameraToWorld,_finalLoadStep
WaterConcept::Screen_WaterTest	576	8	int	?	0	18	4	0	high	Screen_WaterTest,_clipCameraToWorld,_collectibleCallback
WaterConcept::Screen_WaterTest	584	8	int	?	0	8	4	0	high	Screen_WaterTest,_bombCallback,_clipCameraToWorld
WaterConcept::Screen_WaterTest	592	8	int	?	0	7	4	0	high	_finalLoadStep,_focusOnSwampy,_loadLevelPart2
WaterConcept::Screen_WaterTest	600	8	int	?	0	7	5	0	high	Screen_WaterTest,backKeyPressed,draw
WaterConcept::Screen_WaterTest	614	1	int	u	0	8	3	0	high	_finalLoadStep,_finishedLoadingWidgets,_loadLevelPart2
WaterConcept::Screen_WaterTest	615	1	int	u	0	10	5	0	high	_drawPhotoFinish,_finalLoadStep,_finishedLoadingWidgets
WaterConcept::Screen_WaterTest	652	1	int	u	0	6	4	0	high	Screen_WaterTest,_loadLevelPart2,accelerometerChanged
WaterConcept::Screen_WaterTest	656	8	int	?	0	8	4	0	high	Screen_WaterTest,_finalLoadStep,_finishedLoadingWidgets
WaterConcept::Screen_WaterTest	672	4	int	?	0	6	2	0	high	Screen_WaterTest,_drawEndcaps,_finalLoadStep
WaterConcept::Screen_WaterTest::FingerStamp	0	8	int	?	0	2	0	2	high	__push_back_slow_path<WaterConcept::Screen_WaterTest::FingerStamp_const&>,assign<WaterConcept::Screen_WaterTest::FingerStamp*>
WaterConcept::Screen_WaterTest::FingerStamp	8	8	int	?	0	2	0	2	high	__push_back_slow_path<WaterConcept::Screen_WaterTest::FingerStamp_const&>,assign<WaterConcept::Screen_WaterTest::FingerStamp*>
WaterConcept::Screen_WaterTest::FingerStamp	16	4	int	?	0	2	0	2	high	__push_back_slow_path<WaterConcept::Screen_WaterTest::FingerStamp_const&>,assign<WaterConcept::Screen_WaterTest::FingerStamp*>
WaterConcept::Screen_WaterTest::PhotoFinishSnapshot	16	8	int	?	0	2	0	0	med	CreatePhotoFinishRenderTexture,InitFromRenderTexture
WaterConcept::Screen_WorldSelect	0	8	int	?	0	4	4	0	high	Screen_WorldSelect,enter,handleEvent
WaterConcept::Screen_WorldSelect	16	8	int	?	0	10	6	0	high	_buildUI,_finishedLoadingWidgets,_loadLockSmithSprites
WaterConcept::Screen_WorldSelect	160	4	int	?	0	4	4	0	high	Screen_WorldSelect,enter,loadPropertyList
WaterConcept::Screen_WorldSelect	168	4	int	?	0	3	3	0	high	Screen_WorldSelect,enter,update
WaterConcept::Screen_WorldSelect	172	4	int	?	0	4	3	0	high	_loadLockSmithSprites,draw,loadPropertyList
WaterConcept::Screen_WorldSelect	179	1	int	u	0	5	5	0	high	enter,touchDown,touchMoved
WaterConcept::Screen_WorldSelect	240	8	int	?	0	4	4	0	high	enter,messageRx,update
WaterConcept::Screen_WorldSelect	336	8	int	?	0	3	2	0	high	Screen_WorldSelect,_finishedLoadingWidgets,update
WaterConcept::Screen_WorldSelect	344	8	float	?	0	3	2	0	high	Screen_WorldSelect,_finishedLoadingWidgets,update
WaterConcept::Screen_WorldSelect	352	8	int	?	0	3	2	0	high	Screen_WorldSelect,_finishedLoadingWidgets,update
WaterConcept::Screen_WorldSelect	360	4	float	?	0	4	3	0	high	Screen_WorldSelect,_spriteAnimationEventCallback,handleEvent
WaterConcept::Screen_WorldSelect	384	4	int	?	0	3	2	0	high	_spriteAnimationEventCallback,handleEvent,update
WaterConcept::Screen_WorldSelect	448	8	int	?	0	6	5	0	high	Screen_WorldSelect,_spriteAnimationEventCallback,draw
WaterConcept::Screen_WorldSelect	456	4	int	?	0	5	4	0	high	Screen_WorldSelect,_spriteAnimationEventCallback,draw
WaterConcept::Screen_WorldSelect	460	1	int	u	0	3	3	0	high	Screen_WorldSelect,enter,loadPropertyList
WaterConcept::Screen_WorldSelect	472	4	int	?	0	3	3	0	high	Screen_WorldSelect,enter,update
WaterConcept::Screen_WorldSelect	480	4	int	?	0	4	4	0	high	Screen_WorldSelect,enter,handleEvent
WaterConcept::Screen_WorldSelect	488	4	int	?	0	3	3	0	high	Screen_WorldSelect,enter,update
WaterConcept::Screen_WorldSelect	496	4	int	?	0	3	3	0	high	Screen_WorldSelect,enter,handleEvent
WaterConcept::Screen_WorldSelect	504	4	int	?	0	3	3	0	high	Screen_WorldSelect,enter,update
WaterConcept::Screen_WorldSelect	528	1	int	u	0	3	3	0	high	Screen_WorldSelect,enter,loadPropertyList
WaterConcept::Screen_WorldSelect	530	1	int	u	0	4	4	0	high	Screen_WorldSelect,draw,messageRx
WaterConcept::SeaweedStrand	0	4	float	?	0	5	1	0	high	SeaweedStrand,_applySpringForces,draw
WaterConcept::SeaweedStrand	4	4	int	?	0	5	0	0	high	_applyPositionConstraints,_applySpringForces,draw
WaterConcept::SeaweedStrand	8	4	float	?	0	4	1	0	high	SeaweedStrand,_applyPositionConstraints,handleTouchMoved
WaterConcept::SeaweedStrand	16	4	float	?	0	3	0	0	med	_applySpringForces,init,update
WaterConcept::SeaweedStrand	20	8	int	?	0	3	0	0	med	init,setBottomPosition,update
WaterConcept::SeaweedStrand	32	8	int	?	0	6	0	0	high	_applyPositionConstraints,_applySpringForces,draw
WaterConcept::SeaweedStrand	120	4	float	?	0	3	1	0	high	SeaweedStrand,_applySpringForces,init
WaterConcept::SeaweedStrand	136	8	int	?	0	2	1	0	high	SeaweedStrand,draw
WaterConcept::SeaweedStrand	152	4	int	?	0	2	1	0	high	SeaweedStrand,update
WaterConcept::SeaweedStrand	160	4	int	?	0	2	1	0	high	SeaweedStrand,_applyPositionConstraints
WaterConcept::SeaweedStrand	164	4	int	?	0	2	0	0	med	draw,init
WaterConcept::SeaweedStrand	168	8	int	?	0	4	2	0	high	SeaweedStrand,draw,init
WaterConcept::ShowerCurtain	0	4	float	?	0	4	0	0	high	_applySpringForces,draw,handleTouchMoved
WaterConcept::ShowerCurtain	8	4	float	?	0	4	0	0	high	_applySpringForces,_getLightingForVert,init
WaterConcept::ShowerCurtain	12	4	float	?	0	3	0	0	med	_applySpringForces,_getLightingForVert,init
WaterConcept::ShowerCurtain	16	4	int	?	0	2	1	0	high	ShowerCurtain,draw
WaterConcept::ShowerCurtain	20	4	int	?	0	7	1	0	high	ShowerCurtain,_applySpringForces,_getLightingForVert
WaterConcept::ShowerCurtain	24	4	int	?	0	5	0	0	high	_applySpringForces,_getLightingForVert,draw
WaterConcept::ShowerCurtain	32	8	int	?	0	5	0	0	high	_applySpringForces,_getLightingForVert,draw
WaterConcept::ShowerCurtain	120	4	float	?	0	3	1	0	high	ShowerCurtain,_applySpringForces,init
WaterConcept::ShowerCurtain	136	8	int	?	0	2	1	0	high	ShowerCurtain,draw
WaterConcept::ShowerCurtain	152	4	int	?	0	2	1	0	high	ShowerCurtain,_applySpringForces
WaterConcept::ShowerCurtain	160	4	int	?	0	2	0	0	med	draw,init
WaterConcept::ShowerCurtain	168	8	int	?	0	4	2	0	high	ShowerCurtain,draw,init
WaterConcept::Spout	0	8	int	?	0	5	4	0	high	Spout,pickFinalParticles,setProperties
WaterConcept::Spout	274	1	int	u	0	7	7	0	high	_initFinished,addParticles,handleTouchDown
WaterConcept::Spout	400	8	int	?	0	2	2	1	high	setProperties,update
WaterConcept::Spout	680	4	int	?	0	2	2	0	high	particleHasCollided,update
WaterConcept::Spout	800	8	int	?	0	2	2	0	high	_initFinished,update
WaterConcept::Spout	808	8	int	?	0	2	2	0	high	_initFinished,update
WaterConcept::Spout	936	8	float	?	0	4	2	0	high	getWorldBlockPosition,getWorldMouthPosition,setProperties
WaterConcept::Spout	944	8	int	?	0	2	1	0	high	getWorldBlockPosition,setProperties
WaterConcept::Spout	952	8	int	?	0	3	3	0	high	Spout,update,~Spout
WaterConcept::Spout	964	4	int	?	0	2	2	0	high	Spout,update
WaterConcept::Spout	968	4	int	?	0	2	2	0	high	Spout,update
WaterConcept::Spout	976	4	float	?	0	3	3	0	high	Spout,setProperties,update
WaterConcept::Spout	980	4	int	?	0	8	7	0	high	Spout,_initFinished,addConnectedSpout
WaterConcept::Spout	984	8	int	?	0	3	3	0	high	Spout,addParticles,update
WaterConcept::Spout	992	4	float	?	0	3	3	0	high	Spout,setProperties,update
WaterConcept::Spout	996	4	float	?	0	2	2	0	high	setProperties,update
WaterConcept::Spout	1000	4	float	?	0	2	2	0	high	setProperties,update
WaterConcept::Spout	1004	4	float	?	0	3	2	0	high	setInfiniteParticles,setProperties,update
WaterConcept::Spout	1008	4	float	?	0	3	3	0	high	Spout,setProperties,update
WaterConcept::Spout	1012	4	int	?	0	2	2	0	high	setProperties,update
WaterConcept::Spout	1020	1	int	u	0	3	3	0	high	Spout,setProperties,update
WaterConcept::Spout	1021	1	int	u	0	2	2	0	high	setProperties,update
WaterConcept::Spout	1022	1	int	u	0	4	4	0	high	Spout,isLowTouchPriority,particleHasCollided
WaterConcept::Spout	1056	8	int	?	0	2	2	0	high	Spout,update
WaterConcept::Spout	1064	8	int	?	0	5	2	0	high	addConnectedSpout,addParticles,pickFinalParticles
WaterConcept::Spout	1072	4	int	?	0	4	3	0	high	Spout,addParticles,pickFinalParticles
WaterConcept::Spout	1080	8	int	?	0	2	1	0	high	pickFinalParticles,~Spout
WaterConcept::Spout	1088	8	int	?	0	3	2	0	high	addParticles,pickFinalParticles,~Spout
WaterConcept::Spout	1104	8	int	?	0	2	1	0	high	pickFinalParticles,~Spout
WaterConcept::Spout	1112	8	int	?	0	2	1	0	high	pickFinalParticles,~Spout
WaterConcept::Spout	1128	4	float	?	0	2	2	0	high	Spout,update
WaterConcept::Spout	1132	4	int	?	0	2	2	0	high	setProperties,update
WaterConcept::Spout	1136	4	int	?	0	3	3	0	high	Spout,setProperties,update
WaterConcept::Spout	1168	8	int	?	0	2	2	0	high	Spout,addParticles
WaterConcept::Spout	1184	8	int	?	0	2	2	0	high	Spout,~Spout
WaterConcept::Spout	1192	8	int	?	0	2	1	1	high	addConnectedSpout,~Spout
WaterConcept::Spout	1200	8	int	?	0	2	1	1	high	Spout,addConnectedSpout
WaterConcept::Spout	1208	4	int	?	0	3	3	0	high	Spout,setProperties,update
WaterConcept::Spout	1216	8	int	?	0	4	2	0	high	Spout,_addParticleToRandomSpout,canConvertToWater
WaterConcept::Spout	1224	8	int	?	0	2	1	0	high	attachToSpout,update
WaterConcept::Spout	1236	1	int	u	0	4	2	0	high	addConnectedSpout,addParticles,setInfiniteParticles
WaterConcept::Spout	1237	1	int	u	0	2	2	0	high	Spout,setProperties
WaterConcept::Spout	1238	1	int	u	0	2	2	0	high	Spout,setProperties
WaterConcept::Spout	1240	1	int	u	0	2	2	0	high	setProperties,~Spout
WaterConcept::Spout	1256	8	int	?	0	3	3	0	high	Spout,setProperties,~Spout
WaterConcept::Spout	1264	1	int	u	0	4	4	0	high	Spout,particleHasCollided,setProperties
WaterConcept::Spout	1268	4	int	?	0	2	2	0	high	particleHasCollided,update
WaterConcept::Spout	1276	1	int	u	0	2	2	0	high	Spout,update
WaterConcept::Spout	1280	4	float	?	0	2	2	0	high	Spout,update
WaterConcept::Spout	1284	1	int	u	0	3	3	0	high	Spout,addParticles,setProperties
WaterConcept::StarSeed	0	8	int	?	8	10	6	0	high	StarSeed,_initFinished,_makePoof
WaterConcept::Switch	0	8	int	?	0	2	2	0	high	Switch,~Switch
WaterConcept::Switch	400	8	int	?	0	5	2	0	high	_animationEvent,_initFinished,_setState
WaterConcept::Switch	408	8	int	?	0	3	1	0	high	_animationEvent,_initFinished,_setState
WaterConcept::Switch	936	4	int	?	0	5	4	0	high	Switch,_setState,particleHasCollided
WaterConcept::Switch	940	1	int	u	0	7	4	0	high	Switch,_animationEvent,_initFinished
WaterConcept::Switch	944	4	int	?	0	3	2	0	high	Switch,_triggerMomentary,update
WaterConcept::Switch	948	4	int	?	0	3	2	0	high	Switch,_triggerMomentary,setProperties
WaterConcept::Switch	952	8	int	?	0	2	1	0	high	Switch,_setState
WaterConcept::Switch	960	8	int	?	0	2	2	0	high	Switch,~Switch
WaterConcept::Switch	976	8	int	?	0	6	4	0	high	Switch,_setState,_triggerMomentary
WaterConcept::Switch	984	8	int	?	0	5	3	0	high	_setState,_triggerMomentary,setProperties
WaterConcept::Switch	992	8	int	?	0	2	2	0	high	Switch,setProperties
WaterConcept::Switch	1000	8	int	?	0	4	2	0	high	_setState,_triggerMomentary,update
WaterConcept::Switch	1008	8	int	?	0	2	2	0	high	Switch,setProperties
WaterConcept::Switch	1024	4	float	?	0	3	3	0	high	Switch,setProperties,update
WaterConcept::Switch	1028	4	float	?	0	2	2	0	high	setProperties,update
WaterConcept::Switch	1036	4	int	?	0	2	2	0	high	particleHasCollided,setProperties
WaterConcept::Switch	1040	8	int	?	0	3	1	0	high	Switch,_setState,_triggerMomentary
WaterConcept::WCScreen	0	8	int	?	0	2	2	0	high	WCScreen,~WCScreen
WaterConcept::WCScreen	16	8	int	?	0	6	2	0	high	WCScreen,beingStacked,touchDown
WaterConcept::WCScreen	32	8	int	?	0	2	2	0	high	WCScreen,~WCScreen
WaterConcept::WaterBalloon	0	8	int	?	0	7	6	0	high	WaterBalloon,_initFinished,_updateScale
WaterConcept::WaterBalloon	220	1	int	u	0	5	3	0	high	addFluidParticles,doPop,handleTouchUp
WaterConcept::WaterBalloon	400	8	int	?	0	5	2	0	high	_detachFromSpout,_drawAttachMouth,_initFinished
WaterConcept::WaterBalloon	936	8	int	?	0	4	2	0	high	_drawAttachMouth,_updateMass,update
WaterConcept::WaterBalloon	1112	8	int	?	0	15	7	0	high	WaterBalloon,_updateMass,_updateScale
WaterConcept::WaterBalloon	1120	8	int	?	0	15	7	0	high	WaterBalloon,_updateMass,_updateScale
WaterConcept::WaterBalloon	1136	4	float	?	0	5	2	0	high	WaterBalloon,_updateMass,_updateScale
WaterConcept::WaterBalloon	1140	4	float	?	0	5	1	0	high	_updateMass,_updateScale,addFluidParticles
WaterConcept::WaterBalloon	1176	8	int	?	0	11	5	0	high	WaterBalloon,_detachFromSpout,_drawAttachMouth
WaterConcept::WaterBalloon	1184	4	int	?	0	5	3	0	high	WaterBalloon,_drawAttachMouth,_updateScale
WaterConcept::WaterBalloon	1188	4	int	?	0	6	3	0	high	_detachFromSpout,_drawAttachMouth,_initFinished
WaterConcept::WaterBalloon	1244	1	int	u	0	5	5	0	high	WaterBalloon,getTouchRadiusSlop,handleTouchDown
WaterConcept::WaterBalloon	1248	4	float	?	0	5	5	0	high	WaterBalloon,getTouchRadiusSlop,handleTouchDown
WaterConcept::WaterBalloon	1256	8	int	?	0	6	3	0	high	_detachFromSpout,addFluidParticles,doPop
WaterConcept::World	0	8	int	?	0	36	2	0	high	World,_addAlgaeDot,_addAlgaeHiderAlgaeDots
WaterConcept::World	16	8	int	?	0	27	1	0	high	_addAlgaeHiderAlgaeDots,_algaeHiderCallback,_calculateClosestEdgeCellsForVisBlock
WaterConcept::World	1088	8	int	?	0	25	3	0	high	GameState,World,_applyBombForce
WaterConcept::World	1208	8	int	?	0	22	1	0	high	_clearMaterialInCapsule,_crankyChompAnimationCallback,_doKillRadius
WaterConcept::World	1216	8	int	?	0	22	1	0	high	_clearMaterialInCapsule,_crankyChompAnimationCallback,_doKillRadius
WaterConcept::World	1448	8	int	?	0	19	1	0	high	_algaeHiderCallback,_bombStateChangeCallback,_clearMaterialInCapsule
WaterConcept::World	1480	8	int	?	0	9	1	0	high	_dirtyWallStateChangeCallback,_icyHotStateChangeCallback,draw
WaterConcept::World	2512	8	int	?	0	17	2	0	high	World,_addParticleCallback,_bombStateChangeCallback
WaterConcept::World::WorldSpoutConnection	-32	8	int	?	0	2	0	0	med	__move_range,__swap_out_circular_buffer
WaterConcept::World::WorldSpoutConnection	-24	8	int	?	0	2	0	0	med	__move_range,__swap_out_circular_buffer
WaterConcept::World::WorldSpoutConnection	-16	8	int	?	0	2	0	0	med	__move_range,__swap_out_circular_buffer
WaterConcept::World::WorldSpoutConnection	-8	8	int	?	0	2	0	0	med	__move_range,__swap_out_circular_buffer
WaterConcept::World::WorldSpoutConnection	0	8	int	?	0	2	0	2	high	__move_range,__swap_out_circular_buffer
WaterConcept::World::WorldSpoutConnection	8	8	int	?	0	2	0	3	high	__move_range,__swap_out_circular_buffer
WaterConcept::World::WorldSpoutConnection	16	8	int	?	0	2	0	2	high	__move_range,__swap_out_circular_buffer
WaterConcept::World::WorldSpoutConnection	24	8	int	?	0	5	0	0	high	__move_range,__push_back_slow_path<WaterConcept::World::WorldSpoutConnection_const&>,__swap_out_circular_buffer
WaterConcept::YSwitch	0	8	int	?	0	4	3	0	high	YSwitch,_initFinished,setYSwitchPosition
WaterConcept::YSwitch	400	8	int	?	0	3	1	1	high	_initFinished,_updatePlugSprite,_updateToggleSprite
WaterConcept::YSwitch	1216	8	int	?	0	2	1	0	high	YSwitch,_updatePlugSprite
WaterConcept::YSwitch	1285	1	int	u	0	6	5	0	high	YSwitch,_initFinished,addParticles
WaterConcept::YSwitch	1288	4	int	?	0	3	2	0	high	_shiftYSwitchConnection,addParticles,setProperties
WaterConcept::YSwitch	1292	4	int	?	0	3	2	0	high	_shiftYSwitchConnection,addParticles,setProperties
WaterConcept::YSwitch	1296	4	int	?	0	2	1	0	high	setYSwitchPosition,update
WaterConcept::YSwitch	1300	4	int	s	0	3	2	0	high	_initFinished,_updateToggleSprite,setProperties
WaterConcept::YSwitch	1304	4	int	?	0	3	3	0	high	YSwitch,_initFinished,setProperties
WaterConcept::YSwitch	1308	4	int	s	0	3	2	0	high	_initFinished,_updatePlugSprite,setProperties
WaterConcept::YSwitch	1312	8	int	?	0	2	2	0	high	YSwitch,_initFinished
WaterConcept::YSwitch	1320	4	float	?	0	3	2	0	high	_initFinished,_updateToggleSprite,update
WaterConcept::YSwitch	1328	4	float	?	0	2	1	0	high	YSwitch,_updatePlugSprite
WaterConcept::YSwitch	1332	4	float	?	0	2	1	0	high	_initFinished,_updatePlugSprite
WaterConcept::YSwitch	1336	4	float	?	0	2	1	0	high	_updatePlugSprite,addParticles
WaterConcept::YSwitch	1344	4	float	?	0	2	2	0	high	YSwitch,update
WaterConcept::YSwitch	1348	4	float	?	0	2	2	0	high	_initFinished,setProperties
WaterConceptConstants::FluidDescription	0	4	int	?	0	2	1	1	high	FluidDescription,operator=
WaterConceptConstants::FluidDescription	56	1	int	u	0	2	1	1	high	FluidDescription,operator=
WaterConceptConstants::FluidDescription	57	1	int	u	0	2	1	1	high	FluidDescription,operator=
WaterConceptConstants::FluidDescription	58	1	int	u	0	2	1	1	high	FluidDescription,operator=
WaterConceptConstants::FluidDescription	59	1	int	u	0	2	1	1	high	FluidDescription,operator=
WaterConceptConstants::FluidDescription	60	1	int	u	0	2	1	1	high	FluidDescription,operator=
WaterConceptConstants::FluidDescription	61	1	int	u	0	2	1	1	high	FluidDescription,operator=
WaterConceptConstants::FluidDescription	62	1	int	u	0	2	1	1	high	FluidDescription,operator=
WaterConceptConstants::FluidDescription	63	1	int	u	0	2	1	1	high	FluidDescription,operator=
WaterConceptConstants::FluidDescription	64	1	int	u	0	2	1	1	high	FluidDescription,operator=
WaterConceptConstants::FluidDescription	65	1	int	u	0	2	1	1	high	FluidDescription,operator=
WaterConceptConstants::FluidDescription	66	1	int	u	0	2	1	1	high	FluidDescription,operator=
WaterConceptConstants::FluidDescription	67	1	int	u	0	2	1	1	high	FluidDescription,operator=
WaterConceptConstants::FluidDescription	68	1	int	u	0	2	1	1	high	FluidDescription,operator=
WaterConceptConstants::FluidDescription	69	1	int	u	0	2	1	1	high	FluidDescription,operator=
WaterConceptConstants::FluidDescription	70	1	int	u	0	2	1	1	high	FluidDescription,operator=
WaterConceptConstants::FluidDescription	71	1	int	u	0	2	1	1	high	FluidDescription,operator=
WaterConceptConstants::FluidDescription	72	1	int	u	0	2	1	1	high	FluidDescription,operator=
WaterConceptConstants::FluidDescription	73	1	int	u	0	2	1	1	high	FluidDescription,operator=
WaterConceptConstants::FluidDescription	74	1	int	u	0	2	1	1	high	FluidDescription,operator=
WaterConceptConstants::FluidDescription	75	1	int	u	0	2	1	1	high	FluidDescription,operator=
WaterConceptConstants::FluidDescription	76	1	int	u	0	2	1	1	high	FluidDescription,operator=
WaterConceptConstants::FluidDescription	77	1	int	u	0	2	1	1	high	FluidDescription,operator=
WaterConceptConstants::FluidDescription	78	1	int	u	0	2	1	1	high	FluidDescription,operator=
WaterConceptConstants::FluidDescription	79	1	int	u	0	2	1	1	high	FluidDescription,operator=
WaterConceptConstants::FluidDescription	80	1	int	u	0	2	1	1	high	FluidDescription,operator=
WaterConceptConstants::FluidDescription	81	1	int	u	0	2	1	1	high	FluidDescription,operator=
WaterConceptConstants::FluidDescription	82	1	int	u	0	2	1	1	high	FluidDescription,operator=
WaterConceptConstants::FluidDescription	83	1	int	u	0	2	1	1	high	FluidDescription,operator=
WaterConceptConstants::FluidDescription	84	1	int	u	0	2	1	1	high	FluidDescription,operator=
WaterConceptConstants::FluidDescription	85	1	int	u	0	2	1	1	high	FluidDescription,operator=
WaterConceptConstants::FluidDescription	86	1	int	u	0	2	1	1	high	FluidDescription,operator=
WaterConceptConstants::FluidDescription	87	1	int	u	0	2	1	1	high	FluidDescription,operator=
WaterConceptConstants::FluidDescription	88	1	int	u	0	2	1	1	high	FluidDescription,operator=
WaterConceptConstants::FluidDescription	89	1	int	u	0	2	1	1	high	FluidDescription,operator=
WaterConceptConstants::FluidDescription	90	1	int	u	0	2	1	1	high	FluidDescription,operator=
WaterConceptConstants::FluidDescription	91	1	int	u	0	2	1	1	high	FluidDescription,operator=
WaterConceptConstants::FluidDescription	92	1	int	u	0	2	1	1	high	FluidDescription,operator=
WaterConceptConstants::FluidDescription	93	1	int	u	0	2	1	1	high	FluidDescription,operator=
WaterConceptConstants::FluidDescription	94	1	int	u	0	2	1	1	high	FluidDescription,operator=
WaterConceptConstants::FluidDescription	95	1	int	u	0	2	1	1	high	FluidDescription,operator=
WaterConceptConstants::FluidType	0	8	int	?	0	3	0	1	med	__emplace_unique_key_args<WaterConceptConstants::FluidType,WaterConceptConstants::FluidType>,_convertPoolToFluidType,addFluidParticles
WaterConceptConstants::MaterialType	0	4	int	?	0	3	0	2	high	__push_back_slow_path<WaterConceptConstants::MaterialType_const&>,_fillMaterialGridUsingObjectShape,_findMaterialPool
_JNIEnv	0	8	int	?	0	5	0	0	high	CallBooleanMethod,CallFloatMethod,CallIntMethod
ndk::AccelerometerEvent	0	4	float	?	0	3	0	1	med	accelerometerChanged,pop,push
ndk::AccelerometerEvent	8	4	int	?	0	3	0	1	med	accelerometerChanged,pop,push
ndk::ApplicationContext	0	8	int	?	0	3	2	0	high	ApplicationContext,copyDatabaseFromBundle,~ApplicationContext
ndk::ApplicationContext	16	8	int	?	0	8	3	0	high	ApplicationContext,_setDisplayPercent,checkAudioStatus
ndk::ApplicationContext	24	8	int	?	0	7	3	0	high	ApplicationContext,_setDisplayPercent,checkAudioStatus
ndk::ApplicationContext	32	1	int	u	0	4	1	0	high	ApplicationContext,onPause,onRegainedFocus
ndk::ApplicationContext	41	1	int	u	0	2	0	0	med	backKeyPressed,drawFrame
ndk::ApplicationContext	43	1	int	u	0	2	0	0	med	onLostFocus,onPause
ndk::ApplicationContext	48	8	int	?	0	2	1	0	high	ApplicationContext,drawFrame
ndk::ApplicationContext	96	1	int	u	0	2	2	0	high	ApplicationContext,~ApplicationContext
ndk::ApplicationContext	104	8	int	?	0	2	1	0	high	ApplicationContext,copyDatabaseFromBundle
ndk::ApplicationContext	112	8	int	?	0	2	2	0	high	ApplicationContext,~ApplicationContext
ndk::ApplicationContext	120	1	int	u	0	2	2	0	high	ApplicationContext,~ApplicationContext
ndk::ApplicationContext	136	8	int	?	0	2	2	0	high	ApplicationContext,~ApplicationContext
ndk::ApplicationContext	144	4	float	?	0	6	2	0	high	ApplicationContext,initializeGame,messageRx
ndk::ApplicationContext	148	4	float	?	0	2	1	0	high	messageRx,setPlatformConstants
ndk::ApplicationContext	152	4	float	?	0	4	1	0	high	ApplicationContext,drawFrame,setDisplaySize
ndk::ApplicationContext	156	4	float	?	0	3	0	0	med	drawFrame,setDisplaySize,setRedisplaySize
ndk::ApplicationContext	160	1	int	u	0	3	1	0	high	ApplicationContext,setDisplaySize,setRedisplaySize
ndk::ApplicationContext	164	4	float	?	0	3	1	0	high	ApplicationContext,initializeGame,setDisplaySizeInMM
ndk::ApplicationContext	168	4	int	?	0	2	1	0	high	ApplicationContext,setDisplaySizeInMM
ndk::ApplicationContext	176	1	int	u	0	2	2	0	high	ApplicationContext,~ApplicationContext
ndk::ApplicationContext	192	8	int	?	0	2	2	0	high	ApplicationContext,~ApplicationContext
ndk::ApplicationContext	200	1	int	u	0	2	0	0	med	_setDisplayPercent,onResume
ndk::ApplicationContext	204	4	float	?	0	5	1	0	high	ApplicationContext,initializeGame,setDisplayDensity
ndk::ApplicationContext	208	1	int	u	0	2	2	0	high	ApplicationContext,~ApplicationContext
ndk::ApplicationContext	224	8	int	?	0	2	2	0	high	ApplicationContext,~ApplicationContext
ndk::DatabaseCallbackClass	0	4	int	?	0	2	1	0	high	DatabaseCallbackClass,databaseCompletedCallback
ndk::MotionEvent	0	4	int	?	0	5	0	0	high	addEvent,set,touchBegan
ndk::MotionEvent	8	8	int	?	0	4	0	0	high	set,touchBegan,touchEnded
ndk::MotionEvent	16	8	int	?	0	2	0	0	med	addEvent,set
ndk::MotionEvent	24	8	int	?	0	2	0	0	med	addEvent,set
ndk::MotionEvent	32	8	int	?	0	4	0	0	high	set,touchBegan,touchEnded
ndk::MotionEvent	40	8	int	?	0	2	0	0	med	addEvent,set
ndk::MotionEvent	48	8	int	?	0	2	0	0	med	addEvent,set
ndk::MotionEvent	56	8	int	?	0	2	0	0	med	set,touchMoved
ndk::MotionEvent	64	8	int	?	0	2	0	0	med	addEvent,set
ndk::MotionEvent	72	8	int	?	0	2	0	0	med	addEvent,set
ndk::MotionEvent	80	8	int	?	0	2	0	0	med	set,touchMoved
ndk::MotionEvent	88	8	int	?	0	2	0	0	med	addEvent,set
ndk::MotionEvent	96	8	int	?	0	2	0	0	med	addEvent,set
ndk::MotionEvent	104	8	int	?	0	4	0	0	high	set,touchBegan,touchEnded
ndk::MotionEvent	112	8	int	?	0	2	0	0	med	addEvent,set
ndk::MotionEvent	120	8	int	?	0	2	0	0	med	addEvent,set
ndk::SafePool<ndk::MotionEvent>	48	8	int	?	0	4	0	0	high	SafePool,getFreeItemIndex,getItem
ndk::SafePool<ndk::MotionEvent>	56	8	int	?	0	3	0	0	med	SafePool,getFreeItemIndex,reserve
ndk::SafePool<ndk::MotionEvent>	64	8	int	?	0	2	0	0	med	SafePool,getFreeItemIndex
ndk::SafePool<ndk::MotionEvent>	72	8	int	?	0	3	1	0	high	SafePool,getFreeItemIndex,~SafePool
ndk::SafePool<ndk::MotionEvent>	80	8	int	?	0	5	1	0	high	SafePool,freeItem,getFreeItemIndex
ndk::SafePool<ndk::MotionEvent>	88	8	int	?	0	3	0	0	med	SafePool,freeItem,reserve
ndk::SafeQueue<int>	0	8	int	?	0	2	0	0	med	SafeQueue,push
ndk::SafeQueue<int>	8	8	int	?	0	2	0	0	med	SafeQueue,pop
ndk::SafeQueue<int>	16	8	int	?	0	3	0	0	med	SafeQueue,pop,push
ndk::SafeQueue<ndk::AbstractCommand*>	8	8	int	?	0	2	0	0	med	SafeQueue,pop
ndk::SafeQueue<ndk::AbstractCommand*>	16	8	int	?	0	2	0	0	med	SafeQueue,pop
ndk::SafeQueue<ndk::AccelerometerEvent>	0	8	int	?	0	2	0	0	med	SafeQueue,push
ndk::SafeQueue<ndk::AccelerometerEvent>	8	8	int	?	0	2	0	0	med	SafeQueue,pop
ndk::SafeQueue<ndk::AccelerometerEvent>	16	8	int	?	0	3	0	0	med	SafeQueue,pop,push
std::__ndk1	0	1	int	u	0	10	0	0	high	__call_once,__check_grouping,stod
std::__ndk1	16	8	int	?	0	9	0	0	high	__check_grouping,stod,stof
std::__ndk1::__assoc_sub_state	0	8	int	?	0	5	2	2	high	__make_ready_at_thread_exit,__on_zero_shared,copy
std::__ndk1::__assoc_sub_state	16	8	int	?	0	5	0	0	high	copy,set_exception,set_exception_at_thread_exit
std::__ndk1::__assoc_sub_state	112	4	int	?	0	9	0	0	high	__make_ready,__sub_wait,copy
std::__ndk1::__codecvt_utf16<char16_t, false>	16	8	int	?	0	3	3	0	high	do_in,do_length,do_out
std::__ndk1::__codecvt_utf16<char16_t, false>	24	1	int	u	0	4	4	0	high	do_in,do_length,do_max_length
std::__ndk1::__codecvt_utf16<char16_t, true>	16	8	int	?	0	3	3	0	high	do_in,do_length,do_out
std::__ndk1::__codecvt_utf16<char16_t, true>	24	1	int	u	0	4	4	0	high	do_in,do_length,do_max_length
std::__ndk1::__codecvt_utf16<char32_t, false>	16	8	int	?	0	3	3	0	high	do_in,do_length,do_out
std::__ndk1::__codecvt_utf16<char32_t, false>	24	1	int	u	0	4	4	0	high	do_in,do_length,do_max_length
std::__ndk1::__codecvt_utf16<char32_t, true>	16	8	int	?	0	3	3	0	high	do_in,do_length,do_out
std::__ndk1::__codecvt_utf16<char32_t, true>	24	1	int	u	0	4	4	0	high	do_in,do_length,do_max_length
std::__ndk1::__codecvt_utf16<wchar_t, false>	24	8	int	?	0	3	3	0	high	do_in,do_length,do_out
std::__ndk1::__codecvt_utf16<wchar_t, false>	32	1	int	u	0	4	4	0	high	do_in,do_length,do_max_length
std::__ndk1::__codecvt_utf16<wchar_t, true>	24	8	int	?	0	3	3	0	high	do_in,do_length,do_out
std::__ndk1::__codecvt_utf16<wchar_t, true>	32	1	int	u	0	4	4	0	high	do_in,do_length,do_max_length
std::__ndk1::__codecvt_utf8<char16_t>	16	8	int	?	0	3	3	0	high	do_in,do_length,do_out
std::__ndk1::__codecvt_utf8<char16_t>	24	1	int	u	0	4	4	0	high	do_in,do_length,do_max_length
std::__ndk1::__codecvt_utf8<char32_t>	16	8	int	?	0	3	3	0	high	do_in,do_length,do_out
std::__ndk1::__codecvt_utf8<char32_t>	24	4	int	?	0	4	4	0	high	do_in,do_length,do_max_length
std::__ndk1::__codecvt_utf8<wchar_t>	24	8	int	?	0	3	3	0	high	do_in,do_length,do_out
std::__ndk1::__codecvt_utf8<wchar_t>	32	4	int	?	0	4	4	0	high	do_in,do_length,do_max_length
std::__ndk1::__codecvt_utf8_utf16<char16_t>	16	8	int	?	0	3	3	0	high	do_in,do_length,do_out
std::__ndk1::__codecvt_utf8_utf16<char16_t>	24	4	int	?	0	4	4	0	high	do_in,do_length,do_max_length
std::__ndk1::__codecvt_utf8_utf16<char32_t>	16	8	int	?	0	3	3	0	high	do_in,do_length,do_out
std::__ndk1::__codecvt_utf8_utf16<char32_t>	24	4	int	?	0	4	4	0	high	do_in,do_length,do_max_length
std::__ndk1::__codecvt_utf8_utf16<wchar_t>	24	8	int	?	0	3	3	0	high	do_in,do_length,do_out
std::__ndk1::__codecvt_utf8_utf16<wchar_t>	32	4	int	?	0	4	4	0	high	do_in,do_length,do_max_length
std::__ndk1::__deque_base<Walaber::Node*, std::__ndk1::allocator<Walaber::Node*>>	8	8	int	?	0	2	1	0	high	clear,~__deque_base
std::__ndk1::__deque_base<Walaber::Node*, std::__ndk1::allocator<Walaber::Node*>>	16	8	int	?	0	2	1	0	high	clear,~__deque_base
std::__ndk1::__deque_base<Walaber::PCSNode*, std::__ndk1::allocator<Walaber::PCSNode*>>	8	8	int	?	0	2	1	0	high	clear,~__deque_base
std::__ndk1::__deque_base<Walaber::PCSNode*, std::__ndk1::allocator<Walaber::PCSNode*>>	16	8	int	?	0	2	1	0	high	clear,~__deque_base
std::__ndk1::__deque_base<WaterConcept::NotificationSingleton::NotificationData, std::__ndk1::allocator<WaterConcept::NotificationSingleton::NotificationData>>	8	8	int	?	0	2	1	0	high	clear,~__deque_base
std::__ndk1::__deque_base<WaterConcept::NotificationSingleton::NotificationData, std::__ndk1::allocator<WaterConcept::NotificationSingleton::NotificationData>>	16	8	int	?	0	2	1	0	high	clear,~__deque_base
std::__ndk1::__deque_base<WaterConcept::Spout::QueuedParticle, std::__ndk1::allocator<WaterConcept::Spout::QueuedParticle>>	8	8	int	?	0	2	1	0	high	clear,~__deque_base
std::__ndk1::__deque_base<WaterConcept::Spout::QueuedParticle, std::__ndk1::allocator<WaterConcept::Spout::QueuedParticle>>	16	8	int	?	0	2	1	0	high	clear,~__deque_base
std::__ndk1::__deque_base<_xmlNode*, std::__ndk1::allocator<_xmlNode*>>	8	8	int	?	0	2	1	0	high	clear,~__deque_base
std::__ndk1::__deque_base<_xmlNode*, std::__ndk1::allocator<_xmlNode*>>	16	8	int	?	0	2	1	0	high	clear,~__deque_base
std::__ndk1::__deque_base<int, std::__ndk1::allocator<int>>	8	8	int	?	0	2	1	0	high	clear,~__deque_base
std::__ndk1::__deque_base<int, std::__ndk1::allocator<int>>	16	8	int	?	0	2	1	0	high	clear,~__deque_base
std::__ndk1::__num_put<char>	-1	1	int	u	0	2	0	0	med	__widen_and_group_float,__widen_and_group_int
std::__ndk1::__num_put<char>	0	1	int	u	0	2	0	0	med	__widen_and_group_float,__widen_and_group_int
std::__ndk1::__num_put<char>	1	1	int	u	0	2	0	0	med	__widen_and_group_float,__widen_and_group_int
std::__ndk1::__num_put<wchar_t>	-1	1	int	u	0	2	0	0	med	__widen_and_group_float,__widen_and_group_int
std::__ndk1::__num_put<wchar_t>	0	1	int	u	0	2	0	0	med	__widen_and_group_float,__widen_and_group_int
std::__ndk1::__num_put<wchar_t>	1	1	int	u	0	2	0	0	med	__widen_and_group_float,__widen_and_group_int
std::__ndk1::__num_put_base	0	1	int	u	0	3	0	0	med	__format_float,__format_int,__identify_padding
std::__ndk1::__num_put_base	1	1	int	u	0	2	0	0	med	__format_float,__format_int
std::__ndk1::__num_put_base	2	1	int	u	0	2	0	0	med	__format_float,__format_int
std::__ndk1::__shared_count	0	8	int	?	0	2	0	0	med	__add_shared,__release_shared
std::__ndk1::__shared_weak_count	0	8	int	?	0	5	0	0	high	__add_shared,__add_weak,__release_shared
std::__ndk1::__sp_mut	0	8	int	?	0	2	0	0	med	lock,unlock
std::__ndk1::__split_buffer<Walaber::Achievement, std::__ndk1::allocator<Walaber::Achievement>&>	0	8	int	?	0	2	1	0	high	__split_buffer,~__split_buffer
std::__ndk1::__split_buffer<Walaber::Achievement, std::__ndk1::allocator<Walaber::Achievement>&>	8	8	int	?	0	2	1	0	high	__split_buffer,~__split_buffer
std::__ndk1::__split_buffer<Walaber::Achievement, std::__ndk1::allocator<Walaber::Achievement>&>	16	8	int	?	0	2	1	0	high	__split_buffer,~__split_buffer
std::__ndk1::__split_buffer<Walaber::AnimationCueAnimationTrack::CueAnimationEvent, std::__ndk1::allocator<Walaber::AnimationCueAnimationTrack::CueAnimationEvent>&>	0	8	int	?	0	3	1	0	high	__split_buffer,push_back,~__split_buffer
std::__ndk1::__split_buffer<Walaber::AnimationCueAnimationTrack::CueAnimationEvent, std::__ndk1::allocator<Walaber::AnimationCueAnimationTrack::CueAnimationEvent>&>	8	8	int	?	0	3	1	0	high	__split_buffer,push_back,~__split_buffer
std::__ndk1::__split_buffer<Walaber::AnimationCueAnimationTrack::CueAnimationEvent, std::__ndk1::allocator<Walaber::AnimationCueAnimationTrack::CueAnimationEvent>&>	16	8	int	?	0	3	1	0	high	__split_buffer,push_back,~__split_buffer
std::__ndk1::__split_buffer<Walaber::AnimationCueAnimationTrack::CueAnimationEvent, std::__ndk1::allocator<Walaber::AnimationCueAnimationTrack::CueAnimationEvent>&>	24	8	int	?	0	2	0	0	med	__split_buffer,push_back
std::__ndk1::__split_buffer<Walaber::AnimationCueAnimationTrack::CueAnimationEvent, std::__ndk1::allocator<Walaber::AnimationCueAnimationTrack::CueAnimationEvent>&>	32	8	int	?	0	2	0	0	med	__split_buffer,push_back
std::__ndk1::__split_buffer<Walaber::CurveManager::CurveCollection, std::__ndk1::allocator<Walaber::CurveManager::CurveCollection>&>	0	8	int	?	0	2	1	0	high	__split_buffer,~__split_buffer
std::__ndk1::__split_buffer<Walaber::CurveManager::CurveCollection, std::__ndk1::allocator<Walaber::CurveManager::CurveCollection>&>	8	8	int	?	0	2	1	0	high	__split_buffer,~__split_buffer
std::__ndk1::__split_buffer<Walaber::CurveManager::CurveCollection, std::__ndk1::allocator<Walaber::CurveManager::CurveCollection>&>	16	8	int	?	0	2	1	0	high	__split_buffer,~__split_buffer
std::__ndk1::__split_buffer<Walaber::FluidParticle, std::__ndk1::allocator<Walaber::FluidParticle>&>	16	8	int	?	0	2	0	0	med	__construct_at_end,__split_buffer
std::__ndk1::__split_buffer<Walaber::Node**, std::__ndk1::allocator<Walaber::Node**>&>	0	8	int	?	0	3	0	0	med	__split_buffer,push_back,push_front
std::__ndk1::__split_buffer<Walaber::Node**, std::__ndk1::allocator<Walaber::Node**>&>	8	8	int	?	0	3	0	0	med	__split_buffer,push_back,push_front
std::__ndk1::__split_buffer<Walaber::Node**, std::__ndk1::allocator<Walaber::Node**>&>	16	8	int	?	0	3	0	0	med	__split_buffer,push_back,push_front
std::__ndk1::__split_buffer<Walaber::Node**, std::__ndk1::allocator<Walaber::Node**>&>	24	8	int	?	0	3	0	0	med	__split_buffer,push_back,push_front
std::__ndk1::__split_buffer<Walaber::Node**, std::__ndk1::allocator<Walaber::Node**>&>	32	8	int	?	0	3	0	0	med	__split_buffer,push_back,push_front
std::__ndk1::__split_buffer<Walaber::Node**, std::__ndk1::allocator<Walaber::Node**>>	0	8	int	?	0	3	1	0	high	push_back,push_front,~__split_buffer
std::__ndk1::__split_buffer<Walaber::Node**, std::__ndk1::allocator<Walaber::Node**>>	8	8	int	?	0	3	1	0	high	push_back,push_front,~__split_buffer
std::__ndk1::__split_buffer<Walaber::Node**, std::__ndk1::allocator<Walaber::Node**>>	16	8	int	?	0	3	1	0	high	push_back,push_front,~__split_buffer
std::__ndk1::__split_buffer<Walaber::Node**, std::__ndk1::allocator<Walaber::Node**>>	24	8	int	?	0	2	0	0	med	push_back,push_front
std::__ndk1::__split_buffer<Walaber::PCSNode**, std::__ndk1::allocator<Walaber::PCSNode**>&>	0	8	int	?	0	3	0	0	med	__split_buffer,push_back,push_front
std::__ndk1::__split_buffer<Walaber::PCSNode**, std::__ndk1::allocator<Walaber::PCSNode**>&>	8	8	int	?	0	3	0	0	med	__split_buffer,push_back,push_front
std::__ndk1::__split_buffer<Walaber::PCSNode**, std::__ndk1::allocator<Walaber::PCSNode**>&>	16	8	int	?	0	3	0	0	med	__split_buffer,push_back,push_front
std::__ndk1::__split_buffer<Walaber::PCSNode**, std::__ndk1::allocator<Walaber::PCSNode**>&>	24	8	int	?	0	3	0	0	med	__split_buffer,push_back,push_front
std::__ndk1::__split_buffer<Walaber::PCSNode**, std::__ndk1::allocator<Walaber::PCSNode**>&>	32	8	int	?	0	3	0	0	med	__split_buffer,push_back,push_front
std::__ndk1::__split_buffer<Walaber::PCSNode**, std::__ndk1::allocator<Walaber::PCSNode**>>	0	8	int	?	0	3	1	0	high	push_back,push_front,~__split_buffer
std::__ndk1::__split_buffer<Walaber::PCSNode**, std::__ndk1::allocator<Walaber::PCSNode**>>	8	8	int	?	0	3	1	0	high	push_back,push_front,~__split_buffer
std::__ndk1::__split_buffer<Walaber::PCSNode**, std::__ndk1::allocator<Walaber::PCSNode**>>	16	8	int	?	0	3	1	0	high	push_back,push_front,~__split_buffer
std::__ndk1::__split_buffer<Walaber::PCSNode**, std::__ndk1::allocator<Walaber::PCSNode**>>	24	8	int	?	0	2	0	0	med	push_back,push_front
std::__ndk1::__split_buffer<Walaber::Particle, std::__ndk1::allocator<Walaber::Particle>&>	16	8	int	?	0	2	0	0	med	__construct_at_end,__split_buffer
std::__ndk1::__split_buffer<Walaber::ScreenManager::ScreenOperationDetails, std::__ndk1::allocator<Walaber::ScreenManager::ScreenOperationDetails>&>	0	8	int	?	0	2	1	0	high	__split_buffer,~__split_buffer
std::__ndk1::__split_buffer<Walaber::ScreenManager::ScreenOperationDetails, std::__ndk1::allocator<Walaber::ScreenManager::ScreenOperationDetails>&>	8	8	int	?	0	2	1	0	high	__split_buffer,~__split_buffer
std::__ndk1::__split_buffer<Walaber::ScreenManager::ScreenOperationDetails, std::__ndk1::allocator<Walaber::ScreenManager::ScreenOperationDetails>&>	16	8	int	?	0	2	1	0	high	__split_buffer,~__split_buffer
std::__ndk1::__split_buffer<Walaber::SharedPtr<Walaber::Callback>, std::__ndk1::allocator<Walaber::SharedPtr<Walaber::Callback>>&>	0	8	int	?	0	2	1	0	high	__split_buffer,~__split_buffer
std::__ndk1::__split_buffer<Walaber::SharedPtr<Walaber::Callback>, std::__ndk1::allocator<Walaber::SharedPtr<Walaber::Callback>>&>	8	8	int	?	0	2	1	0	high	__split_buffer,~__split_buffer
std::__ndk1::__split_buffer<Walaber::SharedPtr<Walaber::Callback>, std::__ndk1::allocator<Walaber::SharedPtr<Walaber::Callback>>&>	16	8	int	?	0	2	1	0	high	__split_buffer,~__split_buffer
std::__ndk1::__split_buffer<Walaber::SharedPtr<Walaber::SkeletonActor::EventActionData>, std::__ndk1::allocator<Walaber::SharedPtr<Walaber::SkeletonActor::EventActionData>>&>	0	8	int	?	0	2	1	0	high	__split_buffer,~__split_buffer
std::__ndk1::__split_buffer<Walaber::SharedPtr<Walaber::SkeletonActor::EventActionData>, std::__ndk1::allocator<Walaber::SharedPtr<Walaber::SkeletonActor::EventActionData>>&>	8	8	int	?	0	2	1	0	high	__split_buffer,~__split_buffer
std::__ndk1::__split_buffer<Walaber::SharedPtr<Walaber::SkeletonActor::EventActionData>, std::__ndk1::allocator<Walaber::SharedPtr<Walaber::SkeletonActor::EventActionData>>&>	16	8	int	?	0	2	1	0	high	__split_buffer,~__split_buffer
std::__ndk1::__split_buffer<Walaber::SharedPtr<Walaber::SoundEffectInstance>, std::__ndk1::allocator<Walaber::SharedPtr<Walaber::SoundEffectInstance>>&>	0	8	int	?	0	2	1	0	high	__split_buffer,~__split_buffer
std::__ndk1::__split_buffer<Walaber::SharedPtr<Walaber::SoundEffectInstance>, std::__ndk1::allocator<Walaber::SharedPtr<Walaber::SoundEffectInstance>>&>	8	8	int	?	0	2	1	0	high	__split_buffer,~__split_buffer
std::__ndk1::__split_buffer<Walaber::SharedPtr<Walaber::SoundEffectInstance>, std::__ndk1::allocator<Walaber::SharedPtr<Walaber::SoundEffectInstance>>&>	16	8	int	?	0	2	1	0	high	__split_buffer,~__split_buffer
std::__ndk1::__split_buffer<Walaber::SharedPtr<Walaber::Texture>, std::__ndk1::allocator<Walaber::SharedPtr<Walaber::Texture>>&>	0	8	int	?	0	2	1	0	high	__split_buffer,~__split_buffer
std::__ndk1::__split_buffer<Walaber::SharedPtr<Walaber::Texture>, std::__ndk1::allocator<Walaber::SharedPtr<Walaber::Texture>>&>	8	8	int	?	0	2	1	0	high	__split_buffer,~__split_buffer
std::__ndk1::__split_buffer<Walaber::SharedPtr<Walaber::Texture>, std::__ndk1::allocator<Walaber::SharedPtr<Walaber::Texture>>&>	16	8	int	?	0	2	1	0	high	__split_buffer,~__split_buffer
std::__ndk1::__split_buffer<Walaber::SkeletonActor::AnimationGroupDataAux, std::__ndk1::allocator<Walaber::SkeletonActor::AnimationGroupDataAux>&>	0	8	int	?	0	2	1	0	high	__split_buffer,~__split_buffer
std::__ndk1::__split_buffer<Walaber::SkeletonActor::AnimationGroupDataAux, std::__ndk1::allocator<Walaber::SkeletonActor::AnimationGroupDataAux>&>	8	8	int	?	0	2	1	0	high	__split_buffer,~__split_buffer
std::__ndk1::__split_buffer<Walaber::SkeletonActor::AnimationGroupDataAux, std::__ndk1::allocator<Walaber::SkeletonActor::AnimationGroupDataAux>&>	16	8	int	?	0	2	1	0	high	__split_buffer,~__split_buffer
std::__ndk1::__split_buffer<Walaber::SoundManager::SoundInfo, std::__ndk1::allocator<Walaber::SoundManager::SoundInfo>&>	0	8	int	?	0	2	1	0	high	__split_buffer,~__split_buffer
std::__ndk1::__split_buffer<Walaber::SoundManager::SoundInfo, std::__ndk1::allocator<Walaber::SoundManager::SoundInfo>&>	8	8	int	?	0	2	1	0	high	__split_buffer,~__split_buffer
std::__ndk1::__split_buffer<Walaber::SoundManager::SoundInfo, std::__ndk1::allocator<Walaber::SoundManager::SoundInfo>&>	16	8	int	?	0	2	1	0	high	__split_buffer,~__split_buffer
std::__ndk1::__split_buffer<Walaber::SpriteAnimation::AnimationFrame, std::__ndk1::allocator<Walaber::SpriteAnimation::AnimationFrame>&>	0	8	int	?	0	2	1	0	high	__split_buffer,~__split_buffer
std::__ndk1::__split_buffer<Walaber::SpriteAnimation::AnimationFrame, std::__ndk1::allocator<Walaber::SpriteAnimation::AnimationFrame>&>	8	8	int	?	0	2	1	0	high	__split_buffer,~__split_buffer
std::__ndk1::__split_buffer<Walaber::SpriteAnimation::AnimationFrame, std::__ndk1::allocator<Walaber::SpriteAnimation::AnimationFrame>&>	16	8	int	?	0	2	1	0	high	__split_buffer,~__split_buffer
std::__ndk1::__split_buffer<Walaber::SpriteAnimation::FrameImport, std::__ndk1::allocator<Walaber::SpriteAnimation::FrameImport>&>	0	8	int	?	0	2	1	0	high	__split_buffer,~__split_buffer
std::__ndk1::__split_buffer<Walaber::SpriteAnimation::FrameImport, std::__ndk1::allocator<Walaber::SpriteAnimation::FrameImport>&>	8	8	int	?	0	2	1	0	high	__split_buffer,~__split_buffer
std::__ndk1::__split_buffer<Walaber::SpriteAnimation::FrameImport, std::__ndk1::allocator<Walaber::SpriteAnimation::FrameImport>&>	16	8	int	?	0	2	1	0	high	__split_buffer,~__split_buffer
std::__ndk1::__split_buffer<Walaber::SpriteAnimationTrack::SpriteAnimationEvent, std::__ndk1::allocator<Walaber::SpriteAnimationTrack::SpriteAnimationEvent>&>	0	8	int	?	0	3	1	0	high	__split_buffer,push_back,~__split_buffer
std::__ndk1::__split_buffer<Walaber::SpriteAnimationTrack::SpriteAnimationEvent, std::__ndk1::allocator<Walaber::SpriteAnimationTrack::SpriteAnimationEvent>&>	8	8	int	?	0	3	1	0	high	__split_buffer,push_back,~__split_buffer
std::__ndk1::__split_buffer<Walaber::SpriteAnimationTrack::SpriteAnimationEvent, std::__ndk1::allocator<Walaber::SpriteAnimationTrack::SpriteAnimationEvent>&>	16	8	int	?	0	3	1	0	high	__split_buffer,push_back,~__split_buffer
std::__ndk1::__split_buffer<Walaber::SpriteAnimationTrack::SpriteAnimationEvent, std::__ndk1::allocator<Walaber::SpriteAnimationTrack::SpriteAnimationEvent>&>	24	8	int	?	0	2	0	0	med	__split_buffer,push_back
std::__ndk1::__split_buffer<Walaber::SpriteAnimationTrack::SpriteAnimationEvent, std::__ndk1::allocator<Walaber::SpriteAnimationTrack::SpriteAnimationEvent>&>	32	8	int	?	0	2	0	0	med	__split_buffer,push_back
std::__ndk1::__split_buffer<Walaber::TextLineInfo, std::__ndk1::allocator<Walaber::TextLineInfo>&>	0	8	int	?	0	2	1	0	high	__split_buffer,~__split_buffer
std::__ndk1::__split_buffer<Walaber::TextLineInfo, std::__ndk1::allocator<Walaber::TextLineInfo>&>	8	8	int	?	0	2	1	0	high	__split_buffer,~__split_buffer
std::__ndk1::__split_buffer<Walaber::TextLineInfo, std::__ndk1::allocator<Walaber::TextLineInfo>&>	16	8	int	?	0	2	1	0	high	__split_buffer,~__split_buffer
std::__ndk1::__split_buffer<Walaber::TextureManager::SubTexInfo, std::__ndk1::allocator<Walaber::TextureManager::SubTexInfo>&>	0	8	int	?	0	2	1	0	high	__split_buffer,~__split_buffer
std::__ndk1::__split_buffer<Walaber::TextureManager::SubTexInfo, std::__ndk1::allocator<Walaber::TextureManager::SubTexInfo>&>	8	8	int	?	0	2	1	0	high	__split_buffer,~__split_buffer
std::__ndk1::__split_buffer<Walaber::TextureManager::SubTexInfo, std::__ndk1::allocator<Walaber::TextureManager::SubTexInfo>&>	16	8	int	?	0	2	1	0	high	__split_buffer,~__split_buffer
std::__ndk1::__split_buffer<Walaber::Widget_IconList::Icon, std::__ndk1::allocator<Walaber::Widget_IconList::Icon>&>	0	8	int	?	0	2	1	0	high	__split_buffer,~__split_buffer
std::__ndk1::__split_buffer<Walaber::Widget_IconList::Icon, std::__ndk1::allocator<Walaber::Widget_IconList::Icon>&>	8	8	int	?	0	2	1	0	high	__split_buffer,~__split_buffer
std::__ndk1::__split_buffer<Walaber::Widget_IconList::Icon, std::__ndk1::allocator<Walaber::Widget_IconList::Icon>&>	16	8	int	?	0	2	1	0	high	__split_buffer,~__split_buffer
std::__ndk1::__split_buffer<WaterConcept::Fluid, std::__ndk1::allocator<WaterConcept::Fluid>&>	0	8	int	?	0	2	1	0	high	__split_buffer,~__split_buffer
std::__ndk1::__split_buffer<WaterConcept::Fluid, std::__ndk1::allocator<WaterConcept::Fluid>&>	8	8	int	?	0	2	1	0	high	__split_buffer,~__split_buffer
std::__ndk1::__split_buffer<WaterConcept::Fluid, std::__ndk1::allocator<WaterConcept::Fluid>&>	16	8	int	?	0	2	1	0	high	__split_buffer,~__split_buffer
std::__ndk1::__split_buffer<WaterConcept::InteractiveObject::SpriteInfo, std::__ndk1::allocator<WaterConcept::InteractiveObject::SpriteInfo>&>	0	8	int	?	0	2	1	0	high	__split_buffer,~__split_buffer
std::__ndk1::__split_buffer<WaterConcept::InteractiveObject::SpriteInfo, std::__ndk1::allocator<WaterConcept::InteractiveObject::SpriteInfo>&>	8	8	int	?	0	2	1	0	high	__split_buffer,~__split_buffer
std::__ndk1::__split_buffer<WaterConcept::InteractiveObject::SpriteInfo, std::__ndk1::allocator<WaterConcept::InteractiveObject::SpriteInfo>&>	16	8	int	?	0	2	1	0	high	__split_buffer,~__split_buffer
std::__ndk1::__split_buffer<WaterConcept::NotificationSingleton::NotificationData*, std::__ndk1::allocator<WaterConcept::NotificationSingleton::NotificationData*>&>	0	8	int	?	0	3	0	0	med	__split_buffer,push_back,push_front
std::__ndk1::__split_buffer<WaterConcept::NotificationSingleton::NotificationData*, std::__ndk1::allocator<WaterConcept::NotificationSingleton::NotificationData*>&>	8	8	int	?	0	3	0	0	med	__split_buffer,push_back,push_front
std::__ndk1::__split_buffer<WaterConcept::NotificationSingleton::NotificationData*, std::__ndk1::allocator<WaterConcept::NotificationSingleton::NotificationData*>&>	16	8	int	?	0	3	0	0	med	__split_buffer,push_back,push_front
std::__ndk1::__split_buffer<WaterConcept::NotificationSingleton::NotificationData*, std::__ndk1::allocator<WaterConcept::NotificationSingleton::NotificationData*>&>	24	8	int	?	0	3	0	0	med	__split_buffer,push_back,push_front
std::__ndk1::__split_buffer<WaterConcept::NotificationSingleton::NotificationData*, std::__ndk1::allocator<WaterConcept::NotificationSingleton::NotificationData*>&>	32	8	int	?	0	3	0	0	med	__split_buffer,push_back,push_front
std::__ndk1::__split_buffer<WaterConcept::NotificationSingleton::NotificationData*, std::__ndk1::allocator<WaterConcept::NotificationSingleton::NotificationData*>>	0	8	int	?	0	3	1	0	high	push_back,push_front,~__split_buffer
std::__ndk1::__split_buffer<WaterConcept::NotificationSingleton::NotificationData*, std::__ndk1::allocator<WaterConcept::NotificationSingleton::NotificationData*>>	8	8	int	?	0	3	1	0	high	push_back,push_front,~__split_buffer
std::__ndk1::__split_buffer<WaterConcept::NotificationSingleton::NotificationData*, std::__ndk1::allocator<WaterConcept::NotificationSingleton::NotificationData*>>	16	8	int	?	0	3	1	0	high	push_back,push_front,~__split_buffer
std::__ndk1::__split_buffer<WaterConcept::NotificationSingleton::NotificationData*, std::__ndk1::allocator<WaterConcept::NotificationSingleton::NotificationData*>>	24	8	int	?	0	2	0	0	med	push_back,push_front
std::__ndk1::__split_buffer<WaterConcept::Screen_Editor::ObjectData, std::__ndk1::allocator<WaterConcept::Screen_Editor::ObjectData>&>	0	8	int	?	0	2	1	0	high	__split_buffer,~__split_buffer
std::__ndk1::__split_buffer<WaterConcept::Screen_Editor::ObjectData, std::__ndk1::allocator<WaterConcept::Screen_Editor::ObjectData>&>	8	8	int	?	0	2	1	0	high	__split_buffer,~__split_buffer
std::__ndk1::__split_buffer<WaterConcept::Screen_Editor::ObjectData, std::__ndk1::allocator<WaterConcept::Screen_Editor::ObjectData>&>	16	8	int	?	0	2	1	0	high	__split_buffer,~__split_buffer
std::__ndk1::__split_buffer<WaterConcept::Screen_InAppPurchase::product, std::__ndk1::allocator<WaterConcept::Screen_InAppPurchase::product>&>	0	8	int	?	0	2	1	0	high	__split_buffer,~__split_buffer
std::__ndk1::__split_buffer<WaterConcept::Screen_InAppPurchase::product, std::__ndk1::allocator<WaterConcept::Screen_InAppPurchase::product>&>	8	8	int	?	0	2	1	0	high	__split_buffer,~__split_buffer
std::__ndk1::__split_buffer<WaterConcept::Screen_InAppPurchase::product, std::__ndk1::allocator<WaterConcept::Screen_InAppPurchase::product>&>	16	8	int	?	0	2	1	0	high	__split_buffer,~__split_buffer
std::__ndk1::__split_buffer<WaterConcept::Screen_WaterTest::StrokeInfo, std::__ndk1::allocator<WaterConcept::Screen_WaterTest::StrokeInfo>&>	0	8	int	?	0	2	1	0	high	__split_buffer,~__split_buffer
std::__ndk1::__split_buffer<WaterConcept::Screen_WaterTest::StrokeInfo, std::__ndk1::allocator<WaterConcept::Screen_WaterTest::StrokeInfo>&>	8	8	int	?	0	2	1	0	high	__split_buffer,~__split_buffer
std::__ndk1::__split_buffer<WaterConcept::Screen_WaterTest::StrokeInfo, std::__ndk1::allocator<WaterConcept::Screen_WaterTest::StrokeInfo>&>	16	8	int	?	0	2	1	0	high	__split_buffer,~__split_buffer
std::__ndk1::__split_buffer<WaterConcept::Spout::QueuedParticle*, std::__ndk1::allocator<WaterConcept::Spout::QueuedParticle*>&>	0	8	int	?	0	3	0	0	med	__split_buffer,push_back,push_front
std::__ndk1::__split_buffer<WaterConcept::Spout::QueuedParticle*, std::__ndk1::allocator<WaterConcept::Spout::QueuedParticle*>&>	8	8	int	?	0	3	0	0	med	__split_buffer,push_back,push_front
std::__ndk1::__split_buffer<WaterConcept::Spout::QueuedParticle*, std::__ndk1::allocator<WaterConcept::Spout::QueuedParticle*>&>	16	8	int	?	0	3	0	0	med	__split_buffer,push_back,push_front
std::__ndk1::__split_buffer<WaterConcept::Spout::QueuedParticle*, std::__ndk1::allocator<WaterConcept::Spout::QueuedParticle*>&>	24	8	int	?	0	3	0	0	med	__split_buffer,push_back,push_front
std::__ndk1::__split_buffer<WaterConcept::Spout::QueuedParticle*, std::__ndk1::allocator<WaterConcept::Spout::QueuedParticle*>&>	32	8	int	?	0	3	0	0	med	__split_buffer,push_back,push_front
std::__ndk1::__split_buffer<WaterConcept::Spout::QueuedParticle*, std::__ndk1::allocator<WaterConcept::Spout::QueuedParticle*>>	0	8	int	?	0	3	1	0	high	push_back,push_front,~__split_buffer
std::__ndk1::__split_buffer<WaterConcept::Spout::QueuedParticle*, std::__ndk1::allocator<WaterConcept::Spout::QueuedParticle*>>	8	8	int	?	0	3	1	0	high	push_back,push_front,~__split_buffer
std::__ndk1::__split_buffer<WaterConcept::Spout::QueuedParticle*, std::__ndk1::allocator<WaterConcept::Spout::QueuedParticle*>>	16	8	int	?	0	3	1	0	high	push_back,push_front,~__split_buffer
std::__ndk1::__split_buffer<WaterConcept::Spout::QueuedParticle*, std::__ndk1::allocator<WaterConcept::Spout::QueuedParticle*>>	24	8	int	?	0	2	0	0	med	push_back,push_front
std::__ndk1::__split_buffer<WaterConcept::World::RegionInfo, std::__ndk1::allocator<WaterConcept::World::RegionInfo>&>	0	8	int	?	0	2	1	0	high	__split_buffer,~__split_buffer
std::__ndk1::__split_buffer<WaterConcept::World::RegionInfo, std::__ndk1::allocator<WaterConcept::World::RegionInfo>&>	8	8	int	?	0	2	1	0	high	__split_buffer,~__split_buffer
std::__ndk1::__split_buffer<WaterConcept::World::RegionInfo, std::__ndk1::allocator<WaterConcept::World::RegionInfo>&>	16	8	int	?	0	2	1	0	high	__split_buffer,~__split_buffer
std::__ndk1::__split_buffer<WaterConcept::World::WorldSpoutConnection, std::__ndk1::allocator<WaterConcept::World::WorldSpoutConnection>&>	0	8	int	?	0	2	1	0	high	__split_buffer,~__split_buffer
std::__ndk1::__split_buffer<WaterConcept::World::WorldSpoutConnection, std::__ndk1::allocator<WaterConcept::World::WorldSpoutConnection>&>	8	8	int	?	0	2	1	0	high	__split_buffer,~__split_buffer
std::__ndk1::__split_buffer<WaterConcept::World::WorldSpoutConnection, std::__ndk1::allocator<WaterConcept::World::WorldSpoutConnection>&>	16	8	int	?	0	2	1	0	high	__split_buffer,~__split_buffer
std::__ndk1::__split_buffer<_xmlNode**, std::__ndk1::allocator<_xmlNode**>&>	0	8	int	?	0	3	0	0	med	__split_buffer,push_back,push_front
std::__ndk1::__split_buffer<_xmlNode**, std::__ndk1::allocator<_xmlNode**>&>	8	8	int	?	0	3	0	0	med	__split_buffer,push_back,push_front
std::__ndk1::__split_buffer<_xmlNode**, std::__ndk1::allocator<_xmlNode**>&>	16	8	int	?	0	3	0	0	med	__split_buffer,push_back,push_front
std::__ndk1::__split_buffer<_xmlNode**, std::__ndk1::allocator<_xmlNode**>&>	24	8	int	?	0	3	0	0	med	__split_buffer,push_back,push_front
std::__ndk1::__split_buffer<_xmlNode**, std::__ndk1::allocator<_xmlNode**>&>	32	8	int	?	0	3	0	0	med	__split_buffer,push_back,push_front
std::__ndk1::__split_buffer<_xmlNode**, std::__ndk1::allocator<_xmlNode**>>	0	8	int	?	0	3	1	0	high	push_back,push_front,~__split_buffer
std::__ndk1::__split_buffer<_xmlNode**, std::__ndk1::allocator<_xmlNode**>>	8	8	int	?	0	3	1	0	high	push_back,push_front,~__split_buffer
std::__ndk1::__split_buffer<_xmlNode**, std::__ndk1::allocator<_xmlNode**>>	16	8	int	?	0	3	1	0	high	push_back,push_front,~__split_buffer
std::__ndk1::__split_buffer<_xmlNode**, std::__ndk1::allocator<_xmlNode**>>	24	8	int	?	0	2	0	0	med	push_back,push_front
std::__ndk1::__split_buffer<int*, std::__ndk1::allocator<int*>&>	0	8	int	?	0	3	0	0	med	__split_buffer,push_back,push_front
std::__ndk1::__split_buffer<int*, std::__ndk1::allocator<int*>&>	8	8	int	?	0	3	0	0	med	__split_buffer,push_back,push_front
std::__ndk1::__split_buffer<int*, std::__ndk1::allocator<int*>&>	16	8	int	?	0	3	0	0	med	__split_buffer,push_back,push_front
std::__ndk1::__split_buffer<int*, std::__ndk1::allocator<int*>&>	24	8	int	?	0	3	0	0	med	__split_buffer,push_back,push_front
std::__ndk1::__split_buffer<int*, std::__ndk1::allocator<int*>&>	32	8	int	?	0	3	0	0	med	__split_buffer,push_back,push_front
std::__ndk1::__split_buffer<int*, std::__ndk1::allocator<int*>>	0	8	int	?	0	3	1	0	high	push_back,push_front,~__split_buffer
std::__ndk1::__split_buffer<int*, std::__ndk1::allocator<int*>>	8	8	int	?	0	3	1	0	high	push_back,push_front,~__split_buffer
std::__ndk1::__split_buffer<int*, std::__ndk1::allocator<int*>>	16	8	int	?	0	3	1	0	high	push_back,push_front,~__split_buffer
std::__ndk1::__split_buffer<int*, std::__ndk1::allocator<int*>>	24	8	int	?	0	2	0	0	med	push_back,push_front
std::__ndk1::__split_buffer<ndk::MotionEvent, std::__ndk1::allocator<ndk::MotionEvent>&>	0	8	int	?	0	2	1	0	high	__split_buffer,~__split_buffer
std::__ndk1::__split_buffer<ndk::MotionEvent, std::__ndk1::allocator<ndk::MotionEvent>&>	8	8	int	?	0	2	1	0	high	__split_buffer,~__split_buffer
std::__ndk1::__split_buffer<ndk::MotionEvent, std::__ndk1::allocator<ndk::MotionEvent>&>	16	8	int	?	0	2	1	0	high	__split_buffer,~__split_buffer
std::__ndk1::__split_buffer<std::__ndk1::basic_string<char, std::__ndk1::char_traits<char>, std::__ndk1::allocator<char>>, std::__ndk1::allocator<std::__ndk1::basic_string<char, std::__ndk1::char_traits<char>, std::__ndk1::allocator<char>>>&>	0	8	int	?	0	2	1	0	high	__split_buffer,~__split_buffer
std::__ndk1::__split_buffer<std::__ndk1::basic_string<char, std::__ndk1::char_traits<char>, std::__ndk1::allocator<char>>, std::__ndk1::allocator<std::__ndk1::basic_string<char, std::__ndk1::char_traits<char>, std::__ndk1::allocator<char>>>&>	8	8	int	?	0	2	1	0	high	__split_buffer,~__split_buffer
std::__ndk1::__split_buffer<std::__ndk1::basic_string<char, std::__ndk1::char_traits<char>, std::__ndk1::allocator<char>>, std::__ndk1::allocator<std::__ndk1::basic_string<char, std::__ndk1::char_traits<char>, std::__ndk1::allocator<char>>>&>	16	8	int	?	0	2	1	0	high	__split_buffer,~__split_buffer
std::__ndk1::__split_buffer<std::__ndk1::pair<std::__ndk1::basic_string<char, std::__ndk1::char_traits<char>, std::__ndk1::allocator<char>>, std::__ndk1::basic_string<char, std::__ndk1::char_traits<char>, std::__ndk1::allocator<char>>>, std::__ndk1::allocator<std::__ndk1::pair<std::__ndk1::basic_string<char, std::__ndk1::char_traits<char>, std::__ndk1::allocator<char>>, std::__ndk1::basic_string<char, std::__ndk1::char_traits<char>, std::__ndk1::allocator<char>>>>&>	0	8	int	?	0	2	1	0	high	__split_buffer,~__split_buffer
std::__ndk1::__split_buffer<std::__ndk1::pair<std::__ndk1::basic_string<char, std::__ndk1::char_traits<char>, std::__ndk1::allocator<char>>, std::__ndk1::basic_string<char, std::__ndk1::char_traits<char>, std::__ndk1::allocator<char>>>, std::__ndk1::allocator<std::__ndk1::pair<std::__ndk1::basic_string<char, std::__ndk1::char_traits<char>, std::__ndk1::allocator<char>>, std::__ndk1::basic_string<char, std::__ndk1::char_traits<char>, std::__ndk1::allocator<char>>>>&>	8	8	int	?	0	2	1	0	high	__split_buffer,~__split_buffer
std::__ndk1::__split_buffer<std::__ndk1::pair<std::__ndk1::basic_string<char, std::__ndk1::char_traits<char>, std::__ndk1::allocator<char>>, std::__ndk1::basic_string<char, std::__ndk1::char_traits<char>, std::__ndk1::allocator<char>>>, std::__ndk1::allocator<std::__ndk1::pair<std::__ndk1::basic_string<char, std::__ndk1::char_traits<char>, std::__ndk1::allocator<char>>, std::__ndk1::basic_string<char, std::__ndk1::char_traits<char>, std::__ndk1::allocator<char>>>>&>	16	8	int	?	0	2	1	0	high	__split_buffer,~__split_buffer
std::__ndk1::__split_buffer<std::__ndk1::set<WaterConcept::InteractiveObject*, std::__ndk1::less<WaterConcept::InteractiveObject*>, std::__ndk1::allocator<WaterConcept::InteractiveObject*>>, std::__ndk1::allocator<std::__ndk1::set<WaterConcept::InteractiveObject*, std::__ndk1::less<WaterConcept::InteractiveObject*>, std::__ndk1::allocator<WaterConcept::InteractiveObject*>>>&>	0	8	int	?	0	2	1	0	high	__split_buffer,~__split_buffer
std::__ndk1::__split_buffer<std::__ndk1::set<WaterConcept::InteractiveObject*, std::__ndk1::less<WaterConcept::InteractiveObject*>, std::__ndk1::allocator<WaterConcept::InteractiveObject*>>, std::__ndk1::allocator<std::__ndk1::set<WaterConcept::InteractiveObject*, std::__ndk1::less<WaterConcept::InteractiveObject*>, std::__ndk1::allocator<WaterConcept::InteractiveObject*>>>&>	8	8	int	?	0	2	1	0	high	__split_buffer,~__split_buffer
std::__ndk1::__split_buffer<std::__ndk1::set<WaterConcept::InteractiveObject*, std::__ndk1::less<WaterConcept::InteractiveObject*>, std::__ndk1::allocator<WaterConcept::InteractiveObject*>>, std::__ndk1::allocator<std::__ndk1::set<WaterConcept::InteractiveObject*, std::__ndk1::less<WaterConcept::InteractiveObject*>, std::__ndk1::allocator<WaterConcept::InteractiveObject*>>>&>	16	8	int	?	0	2	1	0	high	__split_buffer,~__split_buffer
std::__ndk1::__split_buffer<std::__ndk1::vector<Walaber::PositionTextureColorVert, std::__ndk1::allocator<Walaber::PositionTextureColorVert>>, std::__ndk1::allocator<std::__ndk1::vector<Walaber::PositionTextureColorVert, std::__ndk1::allocator<Walaber::PositionTextureColorVert>>>&>	0	8	int	?	0	2	1	0	high	__split_buffer,~__split_buffer
std::__ndk1::__split_buffer<std::__ndk1::vector<Walaber::PositionTextureColorVert, std::__ndk1::allocator<Walaber::PositionTextureColorVert>>, std::__ndk1::allocator<std::__ndk1::vector<Walaber::PositionTextureColorVert, std::__ndk1::allocator<Walaber::PositionTextureColorVert>>>&>	8	8	int	?	0	2	1	0	high	__split_buffer,~__split_buffer
std::__ndk1::__split_buffer<std::__ndk1::vector<Walaber::PositionTextureColorVert, std::__ndk1::allocator<Walaber::PositionTextureColorVert>>, std::__ndk1::allocator<std::__ndk1::vector<Walaber::PositionTextureColorVert, std::__ndk1::allocator<Walaber::PositionTextureColorVert>>>&>	16	8	int	?	0	2	1	0	high	__split_buffer,~__split_buffer
std::__ndk1::__split_buffer<std::__ndk1::vector<Walaber::Vector2, std::__ndk1::allocator<Walaber::Vector2>>, std::__ndk1::allocator<std::__ndk1::vector<Walaber::Vector2, std::__ndk1::allocator<Walaber::Vector2>>>&>	0	8	int	?	0	2	1	0	high	__split_buffer,~__split_buffer
std::__ndk1::__split_buffer<std::__ndk1::vector<Walaber::Vector2, std::__ndk1::allocator<Walaber::Vector2>>, std::__ndk1::allocator<std::__ndk1::vector<Walaber::Vector2, std::__ndk1::allocator<Walaber::Vector2>>>&>	8	8	int	?	0	2	1	0	high	__split_buffer,~__split_buffer
std::__ndk1::__split_buffer<std::__ndk1::vector<Walaber::Vector2, std::__ndk1::allocator<Walaber::Vector2>>, std::__ndk1::allocator<std::__ndk1::vector<Walaber::Vector2, std::__ndk1::allocator<Walaber::Vector2>>>&>	16	8	int	?	0	2	1	0	high	__split_buffer,~__split_buffer
std::__ndk1::__split_buffer<std::__ndk1::vector<Walaber::Widget*, std::__ndk1::allocator<Walaber::Widget*>>, std::__ndk1::allocator<std::__ndk1::vector<Walaber::Widget*, std::__ndk1::allocator<Walaber::Widget*>>>&>	0	8	int	?	0	2	1	0	high	__split_buffer,~__split_buffer
std::__ndk1::__split_buffer<std::__ndk1::vector<Walaber::Widget*, std::__ndk1::allocator<Walaber::Widget*>>, std::__ndk1::allocator<std::__ndk1::vector<Walaber::Widget*, std::__ndk1::allocator<Walaber::Widget*>>>&>	8	8	int	?	0	2	1	0	high	__split_buffer,~__split_buffer
std::__ndk1::__split_buffer<std::__ndk1::vector<Walaber::Widget*, std::__ndk1::allocator<Walaber::Widget*>>, std::__ndk1::allocator<std::__ndk1::vector<Walaber::Widget*, std::__ndk1::allocator<Walaber::Widget*>>>&>	16	8	int	?	0	2	1	0	high	__split_buffer,~__split_buffer
std::__ndk1::__split_buffer<std::__ndk1::vector<WaterConcept::Screen_MainMenu_v2::DuckInfo, std::__ndk1::allocator<WaterConcept::Screen_MainMenu_v2::DuckInfo>>, std::__ndk1::allocator<std::__ndk1::vector<WaterConcept::Screen_MainMenu_v2::DuckInfo, std::__ndk1::allocator<WaterConcept::Screen_MainMenu_v2::DuckInfo>>>&>	0	8	int	?	0	2	1	0	high	__split_buffer,~__split_buffer
std::__ndk1::__split_buffer<std::__ndk1::vector<WaterConcept::Screen_MainMenu_v2::DuckInfo, std::__ndk1::allocator<WaterConcept::Screen_MainMenu_v2::DuckInfo>>, std::__ndk1::allocator<std::__ndk1::vector<WaterConcept::Screen_MainMenu_v2::DuckInfo, std::__ndk1::allocator<WaterConcept::Screen_MainMenu_v2::DuckInfo>>>&>	8	8	int	?	0	2	1	0	high	__split_buffer,~__split_buffer
std::__ndk1::__split_buffer<std::__ndk1::vector<WaterConcept::Screen_MainMenu_v2::DuckInfo, std::__ndk1::allocator<WaterConcept::Screen_MainMenu_v2::DuckInfo>>, std::__ndk1::allocator<std::__ndk1::vector<WaterConcept::Screen_MainMenu_v2::DuckInfo, std::__ndk1::allocator<WaterConcept::Screen_MainMenu_v2::DuckInfo>>>&>	16	8	int	?	0	2	1	0	high	__split_buffer,~__split_buffer
std::__ndk1::__split_buffer<std::__ndk1::vector<std::__ndk1::basic_string<char, std::__ndk1::char_traits<char>, std::__ndk1::allocator<char>>, std::__ndk1::allocator<std::__ndk1::basic_string<char, std::__ndk1::char_traits<char>, std::__ndk1::allocator<char>>>>, std::__ndk1::allocator<std::__ndk1::vector<std::__ndk1::basic_string<char, std::__ndk1::char_traits<char>, std::__ndk1::allocator<char>>, std::__ndk1::allocator<std::__ndk1::basic_string<char, std::__ndk1::char_traits<char>, std::__ndk1::allocator<char>>>>>&>	0	8	int	?	0	2	1	0	high	__split_buffer,~__split_buffer
std::__ndk1::__split_buffer<std::__ndk1::vector<std::__ndk1::basic_string<char, std::__ndk1::char_traits<char>, std::__ndk1::allocator<char>>, std::__ndk1::allocator<std::__ndk1::basic_string<char, std::__ndk1::char_traits<char>, std::__ndk1::allocator<char>>>>, std::__ndk1::allocator<std::__ndk1::vector<std::__ndk1::basic_string<char, std::__ndk1::char_traits<char>, std::__ndk1::allocator<char>>, std::__ndk1::allocator<std::__ndk1::basic_string<char, std::__ndk1::char_traits<char>, std::__ndk1::allocator<char>>>>>&>	8	8	int	?	0	2	1	0	high	__split_buffer,~__split_buffer
std::__ndk1::__split_buffer<std::__ndk1::vector<std::__ndk1::basic_string<char, std::__ndk1::char_traits<char>, std::__ndk1::allocator<char>>, std::__ndk1::allocator<std::__ndk1::basic_string<char, std::__ndk1::char_traits<char>, std::__ndk1::allocator<char>>>>, std::__ndk1::allocator<std::__ndk1::vector<std::__ndk1::basic_string<char, std::__ndk1::char_traits<char>, std::__ndk1::allocator<char>>, std::__ndk1::allocator<std::__ndk1::basic_string<char, std::__ndk1::char_traits<char>, std::__ndk1::allocator<char>>>>>&>	16	8	int	?	0	2	1	0	high	__split_buffer,~__split_buffer
std::__ndk1::__split_buffer<std::__ndk1::vector<std::__ndk1::pair<std::__ndk1::basic_string<char, std::__ndk1::char_traits<char>, std::__ndk1::allocator<char>>, std::__ndk1::basic_string<char, std::__ndk1::char_traits<char>, std::__ndk1::allocator<char>>>, std::__ndk1::allocator<std::__ndk1::pair<std::__ndk1::basic_string<char, std::__ndk1::char_traits<char>, std::__ndk1::allocator<char>>, std::__ndk1::basic_string<char, std::__ndk1::char_traits<char>, std::__ndk1::allocator<char>>>>>, std::__ndk1::allocator<std::__ndk1::vector<std::__ndk1::pair<std::__ndk1::basic_string<char, std::__ndk1::char_traits<char>, std::__ndk1::allocator<char>>, std::__ndk1::basic_string<char, std::__ndk1::char_traits<char>, std::__ndk1::allocator<char>>>, std::__ndk1::allocator<std::__ndk1::pair<std::__ndk1::basic_string<char, std::__ndk1::char_traits<char>, std::__ndk1::allocator<char>>, std::__ndk1::basic_string<char, std::__ndk1::char_traits<char>, std::__ndk1::allocator<char>>>>>>&>	0	8	int	?	0	2	1	0	high	__split_buffer,~__split_buffer
std::__ndk1::__split_buffer<std::__ndk1::vector<std::__ndk1::pair<std::__ndk1::basic_string<char, std::__ndk1::char_traits<char>, std::__ndk1::allocator<char>>, std::__ndk1::basic_string<char, std::__ndk1::char_traits<char>, std::__ndk1::allocator<char>>>, std::__ndk1::allocator<std::__ndk1::pair<std::__ndk1::basic_string<char, std::__ndk1::char_traits<char>, std::__ndk1::allocator<char>>, std::__ndk1::basic_string<char, std::__ndk1::char_traits<char>, std::__ndk1::allocator<char>>>>>, std::__ndk1::allocator<std::__ndk1::vector<std::__ndk1::pair<std::__ndk1::basic_string<char, std::__ndk1::char_traits<char>, std::__ndk1::allocator<char>>, std::__ndk1::basic_string<char, std::__ndk1::char_traits<char>, std::__ndk1::allocator<char>>>, std::__ndk1::allocator<std::__ndk1::pair<std::__ndk1::basic_string<char, std::__ndk1::char_traits<char>, std::__ndk1::allocator<char>>, std::__ndk1::basic_string<char, std::__ndk1::char_traits<char>, std::__ndk1::allocator<char>>>>>>&>	8	8	int	?	0	2	1	0	high	__split_buffer,~__split_buffer
std::__ndk1::__split_buffer<std::__ndk1::vector<std::__ndk1::pair<std::__ndk1::basic_string<char, std::__ndk1::char_traits<char>, std::__ndk1::allocator<char>>, std::__ndk1::basic_string<char, std::__ndk1::char_traits<char>, std::__ndk1::allocator<char>>>, std::__ndk1::allocator<std::__ndk1::pair<std::__ndk1::basic_string<char, std::__ndk1::char_traits<char>, std::__ndk1::allocator<char>>, std::__ndk1::basic_string<char, std::__ndk1::char_traits<char>, std::__ndk1::allocator<char>>>>>, std::__ndk1::allocator<std::__ndk1::vector<std::__ndk1::pair<std::__ndk1::basic_string<char, std::__ndk1::char_traits<char>, std::__ndk1::allocator<char>>, std::__ndk1::basic_string<char, std::__ndk1::char_traits<char>, std::__ndk1::allocator<char>>>, std::__ndk1::allocator<std::__ndk1::pair<std::__ndk1::basic_string<char, std::__ndk1::char_traits<char>, std::__ndk1::allocator<char>>, std::__ndk1::basic_string<char, std::__ndk1::char_traits<char>, std::__ndk1::allocator<char>>>>>>&>	16	8	int	?	0	2	1	0	high	__split_buffer,~__split_buffer
std::__ndk1::__thread_struct	0	8	int	?	0	4	2	0	high	__make_ready_at_thread_exit,__thread_struct,notify_all_at_thread_exit
std::__ndk1::__time_get	0	8	int	?	0	2	2	0	high	__time_get,~__time_get
std::__ndk1::__time_get_storage<char>	0	2	int	u	0	3	0	0	med	__analyze,__time_get_storage,init
std::__ndk1::__time_get_storage<char>	1016	1	int	u	0	2	0	0	med	__do_date_order,init
std::__ndk1::__time_get_storage<char>	1024	8	int	?	0	2	0	0	med	__do_date_order,init
std::__ndk1::__time_get_storage<char>	1032	8	int	?	0	2	0	0	med	__do_date_order,init
std::__ndk1::__time_get_storage<wchar_t>	0	1	int	u	0	3	0	0	med	__analyze,__time_get_storage,init
std::__ndk1::__time_get_storage<wchar_t>	1016	1	int	u	0	2	0	0	med	__do_date_order,init
std::__ndk1::__time_get_storage<wchar_t>	1024	8	int	?	0	2	0	0	med	__do_date_order,init
std::__ndk1::__time_get_storage<wchar_t>	1032	8	int	?	0	2	0	0	med	__do_date_order,init
std::__ndk1::__time_put	0	8	int	?	0	3	2	0	high	__do_put,__time_put,~__time_put
std::__ndk1::__tree<Walaber::Widget_Group::WidgetInfo, std::__ndk1::less<Walaber::Widget_Group::WidgetInfo>, std::__ndk1::allocator<Walaber::Widget_Group::WidgetInfo>>	16	8	int	?	0	2	0	0	med	__detach,__insert_node_at
std::__ndk1::__tree<WaterConcept::InteractiveObject*, std::__ndk1::less<WaterConcept::InteractiveObject*>, std::__ndk1::allocator<WaterConcept::InteractiveObject*>>	0	8	int	?	0	3	0	0	med	__insert_node_at,__move_assign,erase
std::__ndk1::__tree<WaterConcept::InteractiveObject*, std::__ndk1::less<WaterConcept::InteractiveObject*>, std::__ndk1::allocator<WaterConcept::InteractiveObject*>>	8	8	int	?	0	3	0	0	med	__insert_node_at,__move_assign,erase
std::__ndk1::__tree<WaterConcept::InteractiveObject*, std::__ndk1::less<WaterConcept::InteractiveObject*>, std::__ndk1::allocator<WaterConcept::InteractiveObject*>>	16	8	int	?	0	3	0	0	med	__insert_node_at,__move_assign,erase
std::__ndk1::__tree<int, std::__ndk1::less<int>, std::__ndk1::allocator<int>>	0	8	int	?	0	2	0	0	med	__insert_node_at,erase
std::__ndk1::__tree<int, std::__ndk1::less<int>, std::__ndk1::allocator<int>>	8	8	int	?	0	2	0	0	med	__insert_node_at,erase
std::__ndk1::__tree<int, std::__ndk1::less<int>, std::__ndk1::allocator<int>>	16	8	int	?	0	2	0	0	med	__insert_node_at,erase
std::__ndk1::__tree<std::__ndk1::__value_type<WaterConcept::GridCell, WaterConcept::World::AlgaeDot>, std::__ndk1::__map_value_compare<WaterConcept::GridCell, std::__ndk1::__value_type<WaterConcept::GridCell, WaterConcept::World::AlgaeDot>, std::__ndk1::less<WaterConcept::GridCell>, true>, std::__ndk1::allocator<std::__ndk1::__value_type<WaterConcept::GridCell, WaterConcept::World::AlgaeDot>>>	0	8	int	?	0	2	0	0	med	__insert_node_at,erase
std::__ndk1::__tree<std::__ndk1::__value_type<WaterConcept::GridCell, WaterConcept::World::AlgaeDot>, std::__ndk1::__map_value_compare<WaterConcept::GridCell, std::__ndk1::__value_type<WaterConcept::GridCell, WaterConcept::World::AlgaeDot>, std::__ndk1::less<WaterConcept::GridCell>, true>, std::__ndk1::allocator<std::__ndk1::__value_type<WaterConcept::GridCell, WaterConcept::World::AlgaeDot>>>	8	8	int	?	0	2	0	0	med	__insert_node_at,erase
std::__ndk1::__tree<std::__ndk1::__value_type<WaterConcept::GridCell, WaterConcept::World::AlgaeDot>, std::__ndk1::__map_value_compare<WaterConcept::GridCell, std::__ndk1::__value_type<WaterConcept::GridCell, WaterConcept::World::AlgaeDot>, std::__ndk1::less<WaterConcept::GridCell>, true>, std::__ndk1::allocator<std::__ndk1::__value_type<WaterConcept::GridCell, WaterConcept::World::AlgaeDot>>>	16	8	int	?	0	2	0	0	med	__insert_node_at,erase
std::__ndk1::__tree<std::__ndk1::__value_type<WaterConcept::GridCell, WaterConcept::World::CoalDot>, std::__ndk1::__map_value_compare<WaterConcept::GridCell, std::__ndk1::__value_type<WaterConcept::GridCell, WaterConcept::World::CoalDot>, std::__ndk1::less<WaterConcept::GridCell>, true>, std::__ndk1::allocator<std::__ndk1::__value_type<WaterConcept::GridCell, WaterConcept::World::CoalDot>>>	0	8	int	?	0	2	0	0	med	__insert_node_at,erase
std::__ndk1::__tree<std::__ndk1::__value_type<WaterConcept::GridCell, WaterConcept::World::CoalDot>, std::__ndk1::__map_value_compare<WaterConcept::GridCell, std::__ndk1::__value_type<WaterConcept::GridCell, WaterConcept::World::CoalDot>, std::__ndk1::less<WaterConcept::GridCell>, true>, std::__ndk1::allocator<std::__ndk1::__value_type<WaterConcept::GridCell, WaterConcept::World::CoalDot>>>	8	8	int	?	0	2	0	0	med	__insert_node_at,erase
std::__ndk1::__tree<std::__ndk1::__value_type<WaterConcept::GridCell, WaterConcept::World::CoalDot>, std::__ndk1::__map_value_compare<WaterConcept::GridCell, std::__ndk1::__value_type<WaterConcept::GridCell, WaterConcept::World::CoalDot>, std::__ndk1::less<WaterConcept::GridCell>, true>, std::__ndk1::allocator<std::__ndk1::__value_type<WaterConcept::GridCell, WaterConcept::World::CoalDot>>>	16	8	int	?	0	2	0	0	med	__insert_node_at,erase
std::__ndk1::__tree<std::__ndk1::__value_type<WaterConcept::InteractiveObject*, WaterConcept::Screen_Editor::SelectedObjData>, std::__ndk1::__map_value_compare<WaterConcept::InteractiveObject*, std::__ndk1::__value_type<WaterConcept::InteractiveObject*, WaterConcept::Screen_Editor::SelectedObjData>, std::__ndk1::less<WaterConcept::InteractiveObject*>, true>, std::__ndk1::allocator<std::__ndk1::__value_type<WaterConcept::InteractiveObject*, WaterConcept::Screen_Editor::SelectedObjData>>>	0	8	int	?	0	2	0	0	med	__insert_node_at,erase
std::__ndk1::__tree<std::__ndk1::__value_type<WaterConcept::InteractiveObject*, WaterConcept::Screen_Editor::SelectedObjData>, std::__ndk1::__map_value_compare<WaterConcept::InteractiveObject*, std::__ndk1::__value_type<WaterConcept::InteractiveObject*, WaterConcept::Screen_Editor::SelectedObjData>, std::__ndk1::less<WaterConcept::InteractiveObject*>, true>, std::__ndk1::allocator<std::__ndk1::__value_type<WaterConcept::InteractiveObject*, WaterConcept::Screen_Editor::SelectedObjData>>>	8	8	int	?	0	2	0	0	med	__insert_node_at,erase
std::__ndk1::__tree<std::__ndk1::__value_type<WaterConcept::InteractiveObject*, WaterConcept::Screen_Editor::SelectedObjData>, std::__ndk1::__map_value_compare<WaterConcept::InteractiveObject*, std::__ndk1::__value_type<WaterConcept::InteractiveObject*, WaterConcept::Screen_Editor::SelectedObjData>, std::__ndk1::less<WaterConcept::InteractiveObject*>, true>, std::__ndk1::allocator<std::__ndk1::__value_type<WaterConcept::InteractiveObject*, WaterConcept::Screen_Editor::SelectedObjData>>>	16	8	int	?	0	2	0	0	med	__insert_node_at,erase
std::__ndk1::__tree<std::__ndk1::__value_type<WaterConcept::Switch*, WaterConcept::World::SwitchAnimInfo>, std::__ndk1::__map_value_compare<WaterConcept::Switch*, std::__ndk1::__value_type<WaterConcept::Switch*, WaterConcept::World::SwitchAnimInfo>, std::__ndk1::less<WaterConcept::Switch*>, true>, std::__ndk1::allocator<std::__ndk1::__value_type<WaterConcept::Switch*, WaterConcept::World::SwitchAnimInfo>>>	0	8	int	?	0	2	0	0	med	__insert_node_at,erase
std::__ndk1::__tree<std::__ndk1::__value_type<WaterConcept::Switch*, WaterConcept::World::SwitchAnimInfo>, std::__ndk1::__map_value_compare<WaterConcept::Switch*, std::__ndk1::__value_type<WaterConcept::Switch*, WaterConcept::World::SwitchAnimInfo>, std::__ndk1::less<WaterConcept::Switch*>, true>, std::__ndk1::allocator<std::__ndk1::__value_type<WaterConcept::Switch*, WaterConcept::World::SwitchAnimInfo>>>	8	8	int	?	0	2	0	0	med	__insert_node_at,erase
std::__ndk1::__tree<std::__ndk1::__value_type<WaterConcept::Switch*, WaterConcept::World::SwitchAnimInfo>, std::__ndk1::__map_value_compare<WaterConcept::Switch*, std::__ndk1::__value_type<WaterConcept::Switch*, WaterConcept::World::SwitchAnimInfo>, std::__ndk1::less<WaterConcept::Switch*>, true>, std::__ndk1::allocator<std::__ndk1::__value_type<WaterConcept::Switch*, WaterConcept::World::SwitchAnimInfo>>>	16	8	int	?	0	2	0	0	med	__insert_node_at,erase
std::__ndk1::__tree<std::__ndk1::__value_type<int, Walaber::FileManager::FileHandler*>, std::__ndk1::__map_value_compare<int, std::__ndk1::__value_type<int, Walaber::FileManager::FileHandler*>, std::__ndk1::less<int>, true>, std::__ndk1::allocator<std::__ndk1::__value_type<int, Walaber::FileManager::FileHandler*>>>	0	8	int	?	0	2	0	0	med	__insert_node_at,erase
std::__ndk1::__tree<std::__ndk1::__value_type<int, Walaber::FileManager::FileHandler*>, std::__ndk1::__map_value_compare<int, std::__ndk1::__value_type<int, Walaber::FileManager::FileHandler*>, std::__ndk1::less<int>, true>, std::__ndk1::allocator<std::__ndk1::__value_type<int, Walaber::FileManager::FileHandler*>>>	8	8	int	?	0	2	0	0	med	__insert_node_at,erase
std::__ndk1::__tree<std::__ndk1::__value_type<int, Walaber::FileManager::FileHandler*>, std::__ndk1::__map_value_compare<int, std::__ndk1::__value_type<int, Walaber::FileManager::FileHandler*>, std::__ndk1::less<int>, true>, std::__ndk1::allocator<std::__ndk1::__value_type<int, Walaber::FileManager::FileHandler*>>>	16	8	int	?	0	2	0	0	med	__insert_node_at,erase
std::__ndk1::__tree<std::__ndk1::__value_type<int, Walaber::FingerInfo*>, std::__ndk1::__map_value_compare<int, std::__ndk1::__value_type<int, Walaber::FingerInfo*>, std::__ndk1::less<int>, true>, std::__ndk1::allocator<std::__ndk1::__value_type<int, Walaber::FingerInfo*>>>	0	8	int	?	0	2	0	0	med	__insert_node_at,erase
std::__ndk1::__tree<std::__ndk1::__value_type<int, Walaber::FingerInfo*>, std::__ndk1::__map_value_compare<int, std::__ndk1::__value_type<int, Walaber::FingerInfo*>, std::__ndk1::less<int>, true>, std::__ndk1::allocator<std::__ndk1::__value_type<int, Walaber::FingerInfo*>>>	8	8	int	?	0	2	0	0	med	__insert_node_at,erase
std::__ndk1::__tree<std::__ndk1::__value_type<int, Walaber::FingerInfo*>, std::__ndk1::__map_value_compare<int, std::__ndk1::__value_type<int, Walaber::FingerInfo*>, std::__ndk1::less<int>, true>, std::__ndk1::allocator<std::__ndk1::__value_type<int, Walaber::FingerInfo*>>>	16	8	int	?	0	2	0	0	med	__insert_node_at,erase
std::__ndk1::__tree<std::__ndk1::__value_type<int, Walaber::SkeletonActor*>, std::__ndk1::__map_value_compare<int, std::__ndk1::__value_type<int, Walaber::SkeletonActor*>, std::__ndk1::less<int>, true>, std::__ndk1::allocator<std::__ndk1::__value_type<int, Walaber::SkeletonActor*>>>	0	8	int	?	0	2	0	0	med	__insert_node_at,erase
std::__ndk1::__tree<std::__ndk1::__value_type<int, Walaber::SkeletonActor*>, std::__ndk1::__map_value_compare<int, std::__ndk1::__value_type<int, Walaber::SkeletonActor*>, std::__ndk1::less<int>, true>, std::__ndk1::allocator<std::__ndk1::__value_type<int, Walaber::SkeletonActor*>>>	8	8	int	?	0	2	0	0	med	__insert_node_at,erase
std::__ndk1::__tree<std::__ndk1::__value_type<int, Walaber::SkeletonActor*>, std::__ndk1::__map_value_compare<int, std::__ndk1::__value_type<int, Walaber::SkeletonActor*>, std::__ndk1::less<int>, true>, std::__ndk1::allocator<std::__ndk1::__value_type<int, Walaber::SkeletonActor*>>>	16	8	int	?	0	2	0	0	med	__insert_node_at,erase
std::__ndk1::__tree<std::__ndk1::__value_type<int, Walaber::Vector2>, std::__ndk1::__map_value_compare<int, std::__ndk1::__value_type<int, Walaber::Vector2>, std::__ndk1::less<int>, true>, std::__ndk1::allocator<std::__ndk1::__value_type<int, Walaber::Vector2>>>	16	8	int	?	0	2	0	0	med	__detach,__insert_node_at
std::__ndk1::__tree<std::__ndk1::__value_type<int, Walaber::Widget_FingerCatcher::CaughtFingerInfo>, std::__ndk1::__map_value_compare<int, std::__ndk1::__value_type<int, Walaber::Widget_FingerCatcher::CaughtFingerInfo>, std::__ndk1::less<int>, true>, std::__ndk1::allocator<std::__ndk1::__value_type<int, Walaber::Widget_FingerCatcher::CaughtFingerInfo>>>	0	8	int	?	0	2	0	0	med	__insert_node_at,erase
std::__ndk1::__tree<std::__ndk1::__value_type<int, Walaber::Widget_FingerCatcher::CaughtFingerInfo>, std::__ndk1::__map_value_compare<int, std::__ndk1::__value_type<int, Walaber::Widget_FingerCatcher::CaughtFingerInfo>, std::__ndk1::less<int>, true>, std::__ndk1::allocator<std::__ndk1::__value_type<int, Walaber::Widget_FingerCatcher::CaughtFingerInfo>>>	8	8	int	?	0	2	0	0	med	__insert_node_at,erase
std::__ndk1::__tree<std::__ndk1::__value_type<int, Walaber::Widget_FingerCatcher::CaughtFingerInfo>, std::__ndk1::__map_value_compare<int, std::__ndk1::__value_type<int, Walaber::Widget_FingerCatcher::CaughtFingerInfo>, std::__ndk1::less<int>, true>, std::__ndk1::allocator<std::__ndk1::__value_type<int, Walaber::Widget_FingerCatcher::CaughtFingerInfo>>>	16	8	int	?	0	3	0	0	med	__detach,__insert_node_at,erase
std::__ndk1::__tree<std::__ndk1::__value_type<int, WaterConcept::World::TouchOwner>, std::__ndk1::__map_value_compare<int, std::__ndk1::__value_type<int, WaterConcept::World::TouchOwner>, std::__ndk1::less<int>, true>, std::__ndk1::allocator<std::__ndk1::__value_type<int, WaterConcept::World::TouchOwner>>>	0	8	int	?	0	2	0	0	med	__insert_node_at,erase
std::__ndk1::__tree<std::__ndk1::__value_type<int, WaterConcept::World::TouchOwner>, std::__ndk1::__map_value_compare<int, std::__ndk1::__value_type<int, WaterConcept::World::TouchOwner>, std::__ndk1::less<int>, true>, std::__ndk1::allocator<std::__ndk1::__value_type<int, WaterConcept::World::TouchOwner>>>	8	8	int	?	0	2	0	0	med	__insert_node_at,erase
std::__ndk1::__tree<std::__ndk1::__value_type<int, WaterConcept::World::TouchOwner>, std::__ndk1::__map_value_compare<int, std::__ndk1::__value_type<int, WaterConcept::World::TouchOwner>, std::__ndk1::less<int>, true>, std::__ndk1::allocator<std::__ndk1::__value_type<int, WaterConcept::World::TouchOwner>>>	16	8	int	?	0	2	0	0	med	__insert_node_at,erase
std::__ndk1::__tree<std::__ndk1::__value_type<int, float>, std::__ndk1::__map_value_compare<int, std::__ndk1::__value_type<int, float>, std::__ndk1::less<int>, true>, std::__ndk1::allocator<std::__ndk1::__value_type<int, float>>>	0	8	int	?	0	2	0	0	med	__insert_node_at,erase
std::__ndk1::__tree<std::__ndk1::__value_type<int, float>, std::__ndk1::__map_value_compare<int, std::__ndk1::__value_type<int, float>, std::__ndk1::less<int>, true>, std::__ndk1::allocator<std::__ndk1::__value_type<int, float>>>	8	8	int	?	0	2	0	0	med	__insert_node_at,erase
std::__ndk1::__tree<std::__ndk1::__value_type<int, float>, std::__ndk1::__map_value_compare<int, std::__ndk1::__value_type<int, float>, std::__ndk1::less<int>, true>, std::__ndk1::allocator<std::__ndk1::__value_type<int, float>>>	16	8	int	?	0	2	0	0	med	__insert_node_at,erase
std::__ndk1::__tree<std::__ndk1::__value_type<int, sqlite3*>, std::__ndk1::__map_value_compare<int, std::__ndk1::__value_type<int, sqlite3*>, std::__ndk1::less<int>, true>, std::__ndk1::allocator<std::__ndk1::__value_type<int, sqlite3*>>>	0	8	int	?	0	2	0	0	med	__insert_node_at,erase
std::__ndk1::__tree<std::__ndk1::__value_type<int, sqlite3*>, std::__ndk1::__map_value_compare<int, std::__ndk1::__value_type<int, sqlite3*>, std::__ndk1::less<int>, true>, std::__ndk1::allocator<std::__ndk1::__value_type<int, sqlite3*>>>	8	8	int	?	0	2	0	0	med	__insert_node_at,erase
std::__ndk1::__tree<std::__ndk1::__value_type<int, sqlite3*>, std::__ndk1::__map_value_compare<int, std::__ndk1::__value_type<int, sqlite3*>, std::__ndk1::less<int>, true>, std::__ndk1::allocator<std::__ndk1::__value_type<int, sqlite3*>>>	16	8	int	?	0	2	0	0	med	__insert_node_at,erase
std::__ndk1::__tree<std::__ndk1::__value_type<int, std::__ndk1::vector<Walaber::SpriteBatch::DrawAction*, std::__ndk1::allocator<Walaber::SpriteBatch::DrawAction*>>>, std::__ndk1::__map_value_compare<int, std::__ndk1::__value_type<int, std::__ndk1::vector<Walaber::SpriteBatch::DrawAction*, std::__ndk1::allocator<Walaber::SpriteBatch::DrawAction*>>>, std::__ndk1::less<int>, true>, std::__ndk1::allocator<std::__ndk1::__value_type<int, std::__ndk1::vector<Walaber::SpriteBatch::DrawAction*, std::__ndk1::allocator<Walaber::SpriteBatch::DrawAction*>>>>>	16	8	int	?	0	2	0	0	med	__detach,__insert_node_at
std::__ndk1::__tree<std::__ndk1::__value_type<std::__ndk1::basic_string<char, std::__ndk1::char_traits<char>, std::__ndk1::allocator<char>>, Walaber::Animation*>, std::__ndk1::__map_value_compare<std::__ndk1::basic_string<char, std::__ndk1::char_traits<char>, std::__ndk1::allocator<char>>, std::__ndk1::__value_type<std::__ndk1::basic_string<char, std::__ndk1::char_traits<char>, std::__ndk1::allocator<char>>, Walaber::Animation*>, std::__ndk1::less<std::__ndk1::basic_string<char, std::__ndk1::char_traits<char>, std::__ndk1::allocator<char>>>, true>, std::__ndk1::allocator<std::__ndk1::__value_type<std::__ndk1::basic_string<char, std::__ndk1::char_traits<char>, std::__ndk1::allocator<char>>, Walaber::Animation*>>>	8	8	int	?	0	2	0	0	med	__find_leaf_high,__insert_node_at
std::__ndk1::__tree<std::__ndk1::__value_type<std::__ndk1::basic_string<char, std::__ndk1::char_traits<char>, std::__ndk1::allocator<char>>, Walaber::Animation*>, std::__ndk1::__map_value_compare<std::__ndk1::basic_string<char, std::__ndk1::char_traits<char>, std::__ndk1::allocator<char>>, std::__ndk1::__value_type<std::__ndk1::basic_string<char, std::__ndk1::char_traits<char>, std::__ndk1::allocator<char>>, Walaber::Animation*>, std::__ndk1::less<std::__ndk1::basic_string<char, std::__ndk1::char_traits<char>, std::__ndk1::allocator<char>>>, true>, std::__ndk1::allocator<std::__ndk1::__value_type<std::__ndk1::basic_string<char, std::__ndk1::char_traits<char>, std::__ndk1::allocator<char>>, Walaber::Animation*>>>	16	8	int	?	0	2	0	0	med	__detach,__insert_node_at
std::__ndk1::__tree<std::__ndk1::__value_type<std::__ndk1::basic_string<char, std::__ndk1::char_traits<char>, std::__ndk1::allocator<char>>, Walaber::Bone*>, std::__ndk1::__map_value_compare<std::__ndk1::basic_string<char, std::__ndk1::char_traits<char>, std::__ndk1::allocator<char>>, std::__ndk1::__value_type<std::__ndk1::basic_string<char, std::__ndk1::char_traits<char>, std::__ndk1::allocator<char>>, Walaber::Bone*>, std::__ndk1::less<std::__ndk1::basic_string<char, std::__ndk1::char_traits<char>, std::__ndk1::allocator<char>>>, true>, std::__ndk1::allocator<std::__ndk1::__value_type<std::__ndk1::basic_string<char, std::__ndk1::char_traits<char>, std::__ndk1::allocator<char>>, Walaber::Bone*>>>	8	8	int	?	0	2	0	0	med	__find_leaf_high,__insert_node_at
std::__ndk1::__tree<std::__ndk1::__value_type<std::__ndk1::basic_string<char, std::__ndk1::char_traits<char>, std::__ndk1::allocator<char>>, Walaber::Bone*>, std::__ndk1::__map_value_compare<std::__ndk1::basic_string<char, std::__ndk1::char_traits<char>, std::__ndk1::allocator<char>>, std::__ndk1::__value_type<std::__ndk1::basic_string<char, std::__ndk1::char_traits<char>, std::__ndk1::allocator<char>>, Walaber::Bone*>, std::__ndk1::less<std::__ndk1::basic_string<char, std::__ndk1::char_traits<char>, std::__ndk1::allocator<char>>>, true>, std::__ndk1::allocator<std::__ndk1::__value_type<std::__ndk1::basic_string<char, std::__ndk1::char_traits<char>, std::__ndk1::allocator<char>>, Walaber::Bone*>>>	16	8	int	?	0	2	0	0	med	__detach,__insert_node_at
std::__ndk1::__tree<std::__ndk1::__value_type<std::__ndk1::basic_string<char, std::__ndk1::char_traits<char>, std::__ndk1::allocator<char>>, Walaber::CurveManager::CurveMapEntry>, std::__ndk1::__map_value_compare<std::__ndk1::basic_string<char, std::__ndk1::char_traits<char>, std::__ndk1::allocator<char>>, std::__ndk1::__value_type<std::__ndk1::basic_string<char, std::__ndk1::char_traits<char>, std::__ndk1::allocator<char>>, Walaber::CurveManager::CurveMapEntry>, std::__ndk1::less<std::__ndk1::basic_string<char, std::__ndk1::char_traits<char>, std::__ndk1::allocator<char>>>, true>, std::__ndk1::allocator<std::__ndk1::__value_type<std::__ndk1::basic_string<char, std::__ndk1::char_traits<char>, std::__ndk1::allocator<char>>, Walaber::CurveManager::CurveMapEntry>>>	0	8	int	?	0	2	0	0	med	__insert_node_at,erase
std::__ndk1::__tree<std::__ndk1::__value_type<std::__ndk1::basic_string<char, std::__ndk1::char_traits<char>, std::__ndk1::allocator<char>>, Walaber::CurveManager::CurveMapEntry>, std::__ndk1::__map_value_compare<std::__ndk1::basic_string<char, std::__ndk1::char_traits<char>, std::__ndk1::allocator<char>>, std::__ndk1::__value_type<std::__ndk1::basic_string<char, std::__ndk1::char_traits<char>, std::__ndk1::allocator<char>>, Walaber::CurveManager::CurveMapEntry>, std::__ndk1::less<std::__ndk1::basic_string<char, std::__ndk1::char_traits<char>, std::__ndk1::allocator<char>>>, true>, std::__ndk1::allocator<std::__ndk1::__value_type<std::__ndk1::basic_string<char, std::__ndk1::char_traits<char>, std::__ndk1::allocator<char>>, Walaber::CurveManager::CurveMapEntry>>>	8	8	int	?	0	2	0	0	med	__insert_node_at,erase
std::__ndk1::__tree<std::__ndk1::__value_type<std::__ndk1::basic_string<char, std::__ndk1::char_traits<char>, std::__ndk1::allocator<char>>, Walaber::CurveManager::CurveMapEntry>, std::__ndk1::__map_value_compare<std::__ndk1::basic_string<char, std::__ndk1::char_traits<char>, std::__ndk1::allocator<char>>, std::__ndk1::__value_type<std::__ndk1::basic_string<char, std::__ndk1::char_traits<char>, std::__ndk1::allocator<char>>, Walaber::CurveManager::CurveMapEntry>, std::__ndk1::less<std::__ndk1::basic_string<char, std::__ndk1::char_traits<char>, std::__ndk1::allocator<char>>>, true>, std::__ndk1::allocator<std::__ndk1::__value_type<std::__ndk1::basic_string<char, std::__ndk1::char_traits<char>, std::__ndk1::allocator<char>>, Walaber::CurveManager::CurveMapEntry>>>	16	8	int	?	0	2	0	0	med	__insert_node_at,erase
std::__ndk1::__tree<std::__ndk1::__value_type<std::__ndk1::basic_string<char, std::__ndk1::char_traits<char>, std::__ndk1::allocator<char>>, Walaber::CurveManager::PtrCurvePtrCallback>, std::__ndk1::__map_value_compare<std::__ndk1::basic_string<char, std::__ndk1::char_traits<char>, std::__ndk1::allocator<char>>, std::__ndk1::__value_type<std::__ndk1::basic_string<char, std::__ndk1::char_traits<char>, std::__ndk1::allocator<char>>, Walaber::CurveManager::PtrCurvePtrCallback>, std::__ndk1::less<std::__ndk1::basic_string<char, std::__ndk1::char_traits<char>, std::__ndk1::allocator<char>>>, true>, std::__ndk1::allocator<std::__ndk1::__value_type<std::__ndk1::basic_string<char, std::__ndk1::char_traits<char>, std::__ndk1::allocator<char>>, Walaber::CurveManager::PtrCurvePtrCallback>>>	0	8	int	?	0	2	0	0	med	__insert_node_at,erase
std::__ndk1::__tree<std::__ndk1::__value_type<std::__ndk1::basic_string<char, std::__ndk1::char_traits<char>, std::__ndk1::allocator<char>>, Walaber::CurveManager::PtrCurvePtrCallback>, std::__ndk1::__map_value_compare<std::__ndk1::basic_string<char, std::__ndk1::char_traits<char>, std::__ndk1::allocator<char>>, std::__ndk1::__value_type<std::__ndk1::basic_string<char, std::__ndk1::char_traits<char>, std::__ndk1::allocator<char>>, Walaber::CurveManager::PtrCurvePtrCallback>, std::__ndk1::less<std::__ndk1::basic_string<char, std::__ndk1::char_traits<char>, std::__ndk1::allocator<char>>>, true>, std::__ndk1::allocator<std::__ndk1::__value_type<std::__ndk1::basic_string<char, std::__ndk1::char_traits<char>, std::__ndk1::allocator<char>>, Walaber::CurveManager::PtrCurvePtrCallback>>>	8	8	int	?	0	3	0	0	med	__find_leaf_high,__insert_node_at,erase
std::__ndk1::__tree<std::__ndk1::__value_type<std::__ndk1::basic_string<char, std::__ndk1::char_traits<char>, std::__ndk1::allocator<char>>, Walaber::CurveManager::PtrCurvePtrCallback>, std::__ndk1::__map_value_compare<std::__ndk1::basic_string<char, std::__ndk1::char_traits<char>, std::__ndk1::allocator<char>>, std::__ndk1::__value_type<std::__ndk1::basic_string<char, std::__ndk1::char_traits<char>, std::__ndk1::allocator<char>>, Walaber::CurveManager::PtrCurvePtrCallback>, std::__ndk1::less<std::__ndk1::basic_string<char, std::__ndk1::char_traits<char>, std::__ndk1::allocator<char>>>, true>, std::__ndk1::allocator<std::__ndk1::__value_type<std::__ndk1::basic_string<char, std::__ndk1::char_traits<char>, std::__ndk1::allocator<char>>, Walaber::CurveManager::PtrCurvePtrCallback>>>	16	8	int	?	0	2	0	0	med	__insert_node_at,erase
std::__ndk1::__tree<std::__ndk1::__value_type<std::__ndk1::basic_string<char, std::__ndk1::char_traits<char>, std::__ndk1::allocator<char>>, Walaber::FileManager::FileRecord>, std::__ndk1::__map_value_compare<std::__ndk1::basic_string<char, std::__ndk1::char_traits<char>, std::__ndk1::allocator<char>>, std::__ndk1::__value_type<std::__ndk1::basic_string<char, std::__ndk1::char_traits<char>, std::__ndk1::allocator<char>>, Walaber::FileManager::FileRecord>, std::__ndk1::less<std::__ndk1::basic_string<char, std::__ndk1::char_traits<char>, std::__ndk1::allocator<char>>>, true>, std::__ndk1::allocator<std::__ndk1::__value_type<std::__ndk1::basic_string<char, std::__ndk1::char_traits<char>, std::__ndk1::allocator<char>>, Walaber::FileManager::FileRecord>>>	0	8	int	?	0	2	0	0	med	__insert_node_at,erase
std::__ndk1::__tree<std::__ndk1::__value_type<std::__ndk1::basic_string<char, std::__ndk1::char_traits<char>, std::__ndk1::allocator<char>>, Walaber::FileManager::FileRecord>, std::__ndk1::__map_value_compare<std::__ndk1::basic_string<char, std::__ndk1::char_traits<char>, std::__ndk1::allocator<char>>, std::__ndk1::__value_type<std::__ndk1::basic_string<char, std::__ndk1::char_traits<char>, std::__ndk1::allocator<char>>, Walaber::FileManager::FileRecord>, std::__ndk1::less<std::__ndk1::basic_string<char, std::__ndk1::char_traits<char>, std::__ndk1::allocator<char>>>, true>, std::__ndk1::allocator<std::__ndk1::__value_type<std::__ndk1::basic_string<char, std::__ndk1::char_traits<char>, std::__ndk1::allocator<char>>, Walaber::FileManager::FileRecord>>>	8	8	int	?	0	2	0	0	med	__insert_node_at,erase
std::__ndk1::__tree<std::__ndk1::__value_type<std::__ndk1::basic_string<char, std::__ndk1::char_traits<char>, std::__ndk1::allocator<char>>, Walaber::FileManager::FileRecord>, std::__ndk1::__map_value_compare<std::__ndk1::basic_string<char, std::__ndk1::char_traits<char>, std::__ndk1::allocator<char>>, std::__ndk1::__value_type<std::__ndk1::basic_string<char, std::__ndk1::char_traits<char>, std::__ndk1::allocator<char>>, Walaber::FileManager::FileRecord>, std::__ndk1::less<std::__ndk1::basic_string<char, std::__ndk1::char_traits<char>, std::__ndk1::allocator<char>>>, true>, std::__ndk1::allocator<std::__ndk1::__value_type<std::__ndk1::basic_string<char, std::__ndk1::char_traits<char>, std::__ndk1::allocator<char>>, Walaber::FileManager::FileRecord>>>	16	8	int	?	0	2	0	0	med	__insert_node_at,erase
std::__ndk1::__tree<std::__ndk1::__value_type<std::__ndk1::basic_string<char, std::__ndk1::char_traits<char>, std::__ndk1::allocator<char>>, Walaber::Property>, std::__ndk1::__map_value_compare<std::__ndk1::basic_string<char, std::__ndk1::char_traits<char>, std::__ndk1::allocator<char>>, std::__ndk1::__value_type<std::__ndk1::basic_string<char, std::__ndk1::char_traits<char>, std::__ndk1::allocator<char>>, Walaber::Property>, std::__ndk1::less<std::__ndk1::basic_string<char, std::__ndk1::char_traits<char>, std::__ndk1::allocator<char>>>, true>, std::__ndk1::allocator<std::__ndk1::__value_type<std::__ndk1::basic_string<char, std::__ndk1::char_traits<char>, std::__ndk1::allocator<char>>, Walaber::Property>>>	0	8	int	?	0	2	0	0	med	__insert_node_at,erase
std::__ndk1::__tree<std::__ndk1::__value_type<std::__ndk1::basic_string<char, std::__ndk1::char_traits<char>, std::__ndk1::allocator<char>>, Walaber::Property>, std::__ndk1::__map_value_compare<std::__ndk1::basic_string<char, std::__ndk1::char_traits<char>, std::__ndk1::allocator<char>>, std::__ndk1::__value_type<std::__ndk1::basic_string<char, std::__ndk1::char_traits<char>, std::__ndk1::allocator<char>>, Walaber::Property>, std::__ndk1::less<std::__ndk1::basic_string<char, std::__ndk1::char_traits<char>, std::__ndk1::allocator<char>>>, true>, std::__ndk1::allocator<std::__ndk1::__value_type<std::__ndk1::basic_string<char, std::__ndk1::char_traits<char>, std::__ndk1::allocator<char>>, Walaber::Property>>>	8	8	int	?	0	3	0	0	med	__find_leaf_high,__insert_node_at,erase
std::__ndk1::__tree<std::__ndk1::__value_type<std::__ndk1::basic_string<char, std::__ndk1::char_traits<char>, std::__ndk1::allocator<char>>, Walaber::Property>, std::__ndk1::__map_value_compare<std::__ndk1::basic_string<char, std::__ndk1::char_traits<char>, std::__ndk1::allocator<char>>, std::__ndk1::__value_type<std::__ndk1::basic_string<char, std::__ndk1::char_traits<char>, std::__ndk1::allocator<char>>, Walaber::Property>, std::__ndk1::less<std::__ndk1::basic_string<char, std::__ndk1::char_traits<char>, std::__ndk1::allocator<char>>>, true>, std::__ndk1::allocator<std::__ndk1::__value_type<std::__ndk1::basic_string<char, std::__ndk1::char_traits<char>, std::__ndk1::allocator<char>>, Walaber::Property>>>	16	8	int	?	0	3	0	0	med	__detach,__insert_node_at,erase
std::__ndk1::__tree<std::__ndk1::__value_type<std::__ndk1::basic_string<char, std::__ndk1::char_traits<char>, std::__ndk1::allocator<char>>, Walaber::SharedPtr<Walaber::Callback>>, std::__ndk1::__map_value_compare<std::__ndk1::basic_string<char, std::__ndk1::char_traits<char>, std::__ndk1::allocator<char>>, std::__ndk1::__value_type<std::__ndk1::basic_string<char, std::__ndk1::char_traits<char>, std::__ndk1::allocator<char>>, Walaber::SharedPtr<Walaber::Callback>>, std::__ndk1::less<std::__ndk1::basic_string<char, std::__ndk1::char_traits<char>, std::__ndk1::allocator<char>>>, true>, std::__ndk1::allocator<std::__ndk1::__value_type<std::__ndk1::basic_string<char, std::__ndk1::char_traits<char>, std::__ndk1::allocator<char>>, Walaber::SharedPtr<Walaber::Callback>>>>	0	8	int	?	0	2	0	0	med	__insert_node_at,erase
std::__ndk1::__tree<std::__ndk1::__value_type<std::__ndk1::basic_string<char, std::__ndk1::char_traits<char>, std::__ndk1::allocator<char>>, Walaber::SharedPtr<Walaber::Callback>>, std::__ndk1::__map_value_compare<std::__ndk1::basic_string<char, std::__ndk1::char_traits<char>, std::__ndk1::allocator<char>>, std::__ndk1::__value_type<std::__ndk1::basic_string<char, std::__ndk1::char_traits<char>, std::__ndk1::allocator<char>>, Walaber::SharedPtr<Walaber::Callback>>, std::__ndk1::less<std::__ndk1::basic_string<char, std::__ndk1::char_traits<char>, std::__ndk1::allocator<char>>>, true>, std::__ndk1::allocator<std::__ndk1::__value_type<std::__ndk1::basic_string<char, std::__ndk1::char_traits<char>, std::__ndk1::allocator<char>>, Walaber::SharedPtr<Walaber::Callback>>>>	8	8	int	?	0	3	0	0	med	__find_leaf_high,__insert_node_at,erase
std::__ndk1::__tree<std::__ndk1::__value_type<std::__ndk1::basic_string<char, std::__ndk1::char_traits<char>, std::__ndk1::allocator<char>>, Walaber::SharedPtr<Walaber::Callback>>, std::__ndk1::__map_value_compare<std::__ndk1::basic_string<char, std::__ndk1::char_traits<char>, std::__ndk1::allocator<char>>, std::__ndk1::__value_type<std::__ndk1::basic_string<char, std::__ndk1::char_traits<char>, std::__ndk1::allocator<char>>, Walaber::SharedPtr<Walaber::Callback>>, std::__ndk1::less<std::__ndk1::basic_string<char, std::__ndk1::char_traits<char>, std::__ndk1::allocator<char>>>, true>, std::__ndk1::allocator<std::__ndk1::__value_type<std::__ndk1::basic_string<char, std::__ndk1::char_traits<char>, std::__ndk1::allocator<char>>, Walaber::SharedPtr<Walaber::Callback>>>>	16	8	int	?	0	2	0	0	med	__insert_node_at,erase
std::__ndk1::__tree<std::__ndk1::__value_type<std::__ndk1::basic_string<char, std::__ndk1::char_traits<char>, std::__ndk1::allocator<char>>, Walaber::SharedPtr<Walaber::SpriteAnimation>>, std::__ndk1::__map_value_compare<std::__ndk1::basic_string<char, std::__ndk1::char_traits<char>, std::__ndk1::allocator<char>>, std::__ndk1::__value_type<std::__ndk1::basic_string<char, std::__ndk1::char_traits<char>, std::__ndk1::allocator<char>>, Walaber::SharedPtr<Walaber::SpriteAnimation>>, std::__ndk1::less<std::__ndk1::basic_string<char, std::__ndk1::char_traits<char>, std::__ndk1::allocator<char>>>, true>, std::__ndk1::allocator<std::__ndk1::__value_type<std::__ndk1::basic_string<char, std::__ndk1::char_traits<char>, std::__ndk1::allocator<char>>, Walaber::SharedPtr<Walaber::SpriteAnimation>>>>	0	8	int	?	0	2	0	0	med	__insert_node_at,erase
std::__ndk1::__tree<std::__ndk1::__value_type<std::__ndk1::basic_string<char, std::__ndk1::char_traits<char>, std::__ndk1::allocator<char>>, Walaber::SharedPtr<Walaber::SpriteAnimation>>, std::__ndk1::__map_value_compare<std::__ndk1::basic_string<char, std::__ndk1::char_traits<char>, std::__ndk1::allocator<char>>, std::__ndk1::__value_type<std::__ndk1::basic_string<char, std::__ndk1::char_traits<char>, std::__ndk1::allocator<char>>, Walaber::SharedPtr<Walaber::SpriteAnimation>>, std::__ndk1::less<std::__ndk1::basic_string<char, std::__ndk1::char_traits<char>, std::__ndk1::allocator<char>>>, true>, std::__ndk1::allocator<std::__ndk1::__value_type<std::__ndk1::basic_string<char, std::__ndk1::char_traits<char>, std::__ndk1::allocator<char>>, Walaber::SharedPtr<Walaber::SpriteAnimation>>>>	8	8	int	?	0	2	0	0	med	__insert_node_at,erase
std::__ndk1::__tree<std::__ndk1::__value_type<std::__ndk1::basic_string<char, std::__ndk1::char_traits<char>, std::__ndk1::allocator<char>>, Walaber::SharedPtr<Walaber::SpriteAnimation>>, std::__ndk1::__map_value_compare<std::__ndk1::basic_string<char, std::__ndk1::char_traits<char>, std::__ndk1::allocator<char>>, std::__ndk1::__value_type<std::__ndk1::basic_string<char, std::__ndk1::char_traits<char>, std::__ndk1::allocator<char>>, Walaber::SharedPtr<Walaber::SpriteAnimation>>, std::__ndk1::less<std::__ndk1::basic_string<char, std::__ndk1::char_traits<char>, std::__ndk1::allocator<char>>>, true>, std::__ndk1::allocator<std::__ndk1::__value_type<std::__ndk1::basic_string<char, std::__ndk1::char_traits<char>, std::__ndk1::allocator<char>>, Walaber::SharedPtr<Walaber::SpriteAnimation>>>>	16	8	int	?	0	2	0	0	med	__insert_node_at,erase
std::__ndk1::__tree<std::__ndk1::__value_type<std::__ndk1::basic_string<char, std::__ndk1::char_traits<char>, std::__ndk1::allocator<char>>, Walaber::SharedPtr<Walaber::Texture>>, std::__ndk1::__map_value_compare<std::__ndk1::basic_string<char, std::__ndk1::char_traits<char>, std::__ndk1::allocator<char>>, std::__ndk1::__value_type<std::__ndk1::basic_string<char, std::__ndk1::char_traits<char>, std::__ndk1::allocator<char>>, Walaber::SharedPtr<Walaber::Texture>>, std::__ndk1::less<std::__ndk1::basic_string<char, std::__ndk1::char_traits<char>, std::__ndk1::allocator<char>>>, true>, std::__ndk1::allocator<std::__ndk1::__value_type<std::__ndk1::basic_string<char, std::__ndk1::char_traits<char>, std::__ndk1::allocator<char>>, Walaber::SharedPtr<Walaber::Texture>>>>	0	8	int	?	0	2	0	0	med	__insert_node_at,erase
std::__ndk1::__tree<std::__ndk1::__value_type<std::__ndk1::basic_string<char, std::__ndk1::char_traits<char>, std::__ndk1::allocator<char>>, Walaber::SharedPtr<Walaber::Texture>>, std::__ndk1::__map_value_compare<std::__ndk1::basic_string<char, std::__ndk1::char_traits<char>, std::__ndk1::allocator<char>>, std::__ndk1::__value_type<std::__ndk1::basic_string<char, std::__ndk1::char_traits<char>, std::__ndk1::allocator<char>>, Walaber::SharedPtr<Walaber::Texture>>, std::__ndk1::less<std::__ndk1::basic_string<char, std::__ndk1::char_traits<char>, std::__ndk1::allocator<char>>>, true>, std::__ndk1::allocator<std::__ndk1::__value_type<std::__ndk1::basic_string<char, std::__ndk1::char_traits<char>, std::__ndk1::allocator<char>>, Walaber::SharedPtr<Walaber::Texture>>>>	8	8	int	?	0	2	0	0	med	__insert_node_at,erase
std::__ndk1::__tree<std::__ndk1::__value_type<std::__ndk1::basic_string<char, std::__ndk1::char_traits<char>, std::__ndk1::allocator<char>>, Walaber::SharedPtr<Walaber::Texture>>, std::__ndk1::__map_value_compare<std::__ndk1::basic_string<char, std::__ndk1::char_traits<char>, std::__ndk1::allocator<char>>, std::__ndk1::__value_type<std::__ndk1::basic_string<char, std::__ndk1::char_traits<char>, std::__ndk1::allocator<char>>, Walaber::SharedPtr<Walaber::Texture>>, std::__ndk1::less<std::__ndk1::basic_string<char, std::__ndk1::char_traits<char>, std::__ndk1::allocator<char>>>, true>, std::__ndk1::allocator<std::__ndk1::__value_type<std::__ndk1::basic_string<char, std::__ndk1::char_traits<char>, std::__ndk1::allocator<char>>, Walaber::SharedPtr<Walaber::Texture>>>>	16	8	int	?	0	2	0	0	med	__insert_node_at,erase
std::__ndk1::__tree<std::__ndk1::__value_type<std::__ndk1::basic_string<char, std::__ndk1::char_traits<char>, std::__ndk1::allocator<char>>, Walaber::SkeletonActor::Prop*>, std::__ndk1::__map_value_compare<std::__ndk1::basic_string<char, std::__ndk1::char_traits<char>, std::__ndk1::allocator<char>>, std::__ndk1::__value_type<std::__ndk1::basic_string<char, std::__ndk1::char_traits<char>, std::__ndk1::allocator<char>>, Walaber::SkeletonActor::Prop*>, std::__ndk1::less<std::__ndk1::basic_string<char, std::__ndk1::char_traits<char>, std::__ndk1::allocator<char>>>, true>, std::__ndk1::allocator<std::__ndk1::__value_type<std::__ndk1::basic_string<char, std::__ndk1::char_traits<char>, std::__ndk1::allocator<char>>, Walaber::SkeletonActor::Prop*>>>	0	8	int	?	0	2	0	0	med	__insert_node_at,erase
std::__ndk1::__tree<std::__ndk1::__value_type<std::__ndk1::basic_string<char, std::__ndk1::char_traits<char>, std::__ndk1::allocator<char>>, Walaber::SkeletonActor::Prop*>, std::__ndk1::__map_value_compare<std::__ndk1::basic_string<char, std::__ndk1::char_traits<char>, std::__ndk1::allocator<char>>, std::__ndk1::__value_type<std::__ndk1::basic_string<char, std::__ndk1::char_traits<char>, std::__ndk1::allocator<char>>, Walaber::SkeletonActor::Prop*>, std::__ndk1::less<std::__ndk1::basic_string<char, std::__ndk1::char_traits<char>, std::__ndk1::allocator<char>>>, true>, std::__ndk1::allocator<std::__ndk1::__value_type<std::__ndk1::basic_string<char, std::__ndk1::char_traits<char>, std::__ndk1::allocator<char>>, Walaber::SkeletonActor::Prop*>>>	8	8	int	?	0	2	0	0	med	__insert_node_at,erase
std::__ndk1::__tree<std::__ndk1::__value_type<std::__ndk1::basic_string<char, std::__ndk1::char_traits<char>, std::__ndk1::allocator<char>>, Walaber::SkeletonActor::Prop*>, std::__ndk1::__map_value_compare<std::__ndk1::basic_string<char, std::__ndk1::char_traits<char>, std::__ndk1::allocator<char>>, std::__ndk1::__value_type<std::__ndk1::basic_string<char, std::__ndk1::char_traits<char>, std::__ndk1::allocator<char>>, Walaber::SkeletonActor::Prop*>, std::__ndk1::less<std::__ndk1::basic_string<char, std::__ndk1::char_traits<char>, std::__ndk1::allocator<char>>>, true>, std::__ndk1::allocator<std::__ndk1::__value_type<std::__ndk1::basic_string<char, std::__ndk1::char_traits<char>, std::__ndk1::allocator<char>>, Walaber::SkeletonActor::Prop*>>>	16	8	int	?	0	2	0	0	med	__insert_node_at,erase
std::__ndk1::__tree<std::__ndk1::__value_type<std::__ndk1::basic_string<char, std::__ndk1::char_traits<char>, std::__ndk1::allocator<char>>, Walaber::SoundManager::GotSoundCallbackData>, std::__ndk1::__map_value_compare<std::__ndk1::basic_string<char, std::__ndk1::char_traits<char>, std::__ndk1::allocator<char>>, std::__ndk1::__value_type<std::__ndk1::basic_string<char, std::__ndk1::char_traits<char>, std::__ndk1::allocator<char>>, Walaber::SoundManager::GotSoundCallbackData>, std::__ndk1::less<std::__ndk1::basic_string<char, std::__ndk1::char_traits<char>, std::__ndk1::allocator<char>>>, true>, std::__ndk1::allocator<std::__ndk1::__value_type<std::__ndk1::basic_string<char, std::__ndk1::char_traits<char>, std::__ndk1::allocator<char>>, Walaber::SoundManager::GotSoundCallbackData>>>	0	8	int	?	0	2	0	0	med	__insert_node_at,erase
std::__ndk1::__tree<std::__ndk1::__value_type<std::__ndk1::basic_string<char, std::__ndk1::char_traits<char>, std::__ndk1::allocator<char>>, Walaber::SoundManager::GotSoundCallbackData>, std::__ndk1::__map_value_compare<std::__ndk1::basic_string<char, std::__ndk1::char_traits<char>, std::__ndk1::allocator<char>>, std::__ndk1::__value_type<std::__ndk1::basic_string<char, std::__ndk1::char_traits<char>, std::__ndk1::allocator<char>>, Walaber::SoundManager::GotSoundCallbackData>, std::__ndk1::less<std::__ndk1::basic_string<char, std::__ndk1::char_traits<char>, std::__ndk1::allocator<char>>>, true>, std::__ndk1::allocator<std::__ndk1::__value_type<std::__ndk1::basic_string<char, std::__ndk1::char_traits<char>, std::__ndk1::allocator<char>>, Walaber::SoundManager::GotSoundCallbackData>>>	8	8	int	?	0	3	0	0	med	__find_leaf_high,__insert_node_at,erase
std::__ndk1::__tree<std::__ndk1::__value_type<std::__ndk1::basic_string<char, std::__ndk1::char_traits<char>, std::__ndk1::allocator<char>>, Walaber::SoundManager::GotSoundCallbackData>, std::__ndk1::__map_value_compare<std::__ndk1::basic_string<char, std::__ndk1::char_traits<char>, std::__ndk1::allocator<char>>, std::__ndk1::__value_type<std::__ndk1::basic_string<char, std::__ndk1::char_traits<char>, std::__ndk1::allocator<char>>, Walaber::SoundManager::GotSoundCallbackData>, std::__ndk1::less<std::__ndk1::basic_string<char, std::__ndk1::char_traits<char>, std::__ndk1::allocator<char>>>, true>, std::__ndk1::allocator<std::__ndk1::__value_type<std::__ndk1::basic_string<char, std::__ndk1::char_traits<char>, std::__ndk1::allocator<char>>, Walaber::SoundManager::GotSoundCallbackData>>>	16	8	int	?	0	2	0	0	med	__insert_node_at,erase
std::__ndk1::__tree<std::__ndk1::__value_type<std::__ndk1::basic_string<char, std::__ndk1::char_traits<char>, std::__ndk1::allocator<char>>, Walaber::Sprite*>, std::__ndk1::__map_value_compare<std::__ndk1::basic_string<char, std::__ndk1::char_traits<char>, std::__ndk1::allocator<char>>, std::__ndk1::__value_type<std::__ndk1::basic_string<char, std::__ndk1::char_traits<char>, std::__ndk1::allocator<char>>, Walaber::Sprite*>, std::__ndk1::less<std::__ndk1::basic_string<char, std::__ndk1::char_traits<char>, std::__ndk1::allocator<char>>>, true>, std::__ndk1::allocator<std::__ndk1::__value_type<std::__ndk1::basic_string<char, std::__ndk1::char_traits<char>, std::__ndk1::allocator<char>>, Walaber::Sprite*>>>	8	8	int	?	0	2	0	0	med	__find_leaf_high,__insert_node_at
std::__ndk1::__tree<std::__ndk1::__value_type<std::__ndk1::basic_string<char, std::__ndk1::char_traits<char>, std::__ndk1::allocator<char>>, Walaber::Sprite*>, std::__ndk1::__map_value_compare<std::__ndk1::basic_string<char, std::__ndk1::char_traits<char>, std::__ndk1::allocator<char>>, std::__ndk1::__value_type<std::__ndk1::basic_string<char, std::__ndk1::char_traits<char>, std::__ndk1::allocator<char>>, Walaber::Sprite*>, std::__ndk1::less<std::__ndk1::basic_string<char, std::__ndk1::char_traits<char>, std::__ndk1::allocator<char>>>, true>, std::__ndk1::allocator<std::__ndk1::__value_type<std::__ndk1::basic_string<char, std::__ndk1::char_traits<char>, std::__ndk1::allocator<char>>, Walaber::Sprite*>>>	16	8	int	?	0	2	0	0	med	__detach,__insert_node_at
std::__ndk1::__tree<std::__ndk1::__value_type<std::__ndk1::basic_string<char, std::__ndk1::char_traits<char>, std::__ndk1::allocator<char>>, Walaber::WidgetHelper::LoadPassThroughParams>, std::__ndk1::__map_value_compare<std::__ndk1::basic_string<char, std::__ndk1::char_traits<char>, std::__ndk1::allocator<char>>, std::__ndk1::__value_type<std::__ndk1::basic_string<char, std::__ndk1::char_traits<char>, std::__ndk1::allocator<char>>, Walaber::WidgetHelper::LoadPassThroughParams>, std::__ndk1::less<std::__ndk1::basic_string<char, std::__ndk1::char_traits<char>, std::__ndk1::allocator<char>>>, true>, std::__ndk1::allocator<std::__ndk1::__value_type<std::__ndk1::basic_string<char, std::__ndk1::char_traits<char>, std::__ndk1::allocator<char>>, Walaber::WidgetHelper::LoadPassThroughParams>>>	0	8	int	?	0	2	0	0	med	__insert_node_at,erase
std::__ndk1::__tree<std::__ndk1::__value_type<std::__ndk1::basic_string<char, std::__ndk1::char_traits<char>, std::__ndk1::allocator<char>>, Walaber::WidgetHelper::LoadPassThroughParams>, std::__ndk1::__map_value_compare<std::__ndk1::basic_string<char, std::__ndk1::char_traits<char>, std::__ndk1::allocator<char>>, std::__ndk1::__value_type<std::__ndk1::basic_string<char, std::__ndk1::char_traits<char>, std::__ndk1::allocator<char>>, Walaber::WidgetHelper::LoadPassThroughParams>, std::__ndk1::less<std::__ndk1::basic_string<char, std::__ndk1::char_traits<char>, std::__ndk1::allocator<char>>>, true>, std::__ndk1::allocator<std::__ndk1::__value_type<std::__ndk1::basic_string<char, std::__ndk1::char_traits<char>, std::__ndk1::allocator<char>>, Walaber::WidgetHelper::LoadPassThroughParams>>>	8	8	int	?	0	2	0	0	med	__insert_node_at,erase
std::__ndk1::__tree<std::__ndk1::__value_type<std::__ndk1::basic_string<char, std::__ndk1::char_traits<char>, std::__ndk1::allocator<char>>, Walaber::WidgetHelper::LoadPassThroughParams>, std::__ndk1::__map_value_compare<std::__ndk1::basic_string<char, std::__ndk1::char_traits<char>, std::__ndk1::allocator<char>>, std::__ndk1::__value_type<std::__ndk1::basic_string<char, std::__ndk1::char_traits<char>, std::__ndk1::allocator<char>>, Walaber::WidgetHelper::LoadPassThroughParams>, std::__ndk1::less<std::__ndk1::basic_string<char, std::__ndk1::char_traits<char>, std::__ndk1::allocator<char>>>, true>, std::__ndk1::allocator<std::__ndk1::__value_type<std::__ndk1::basic_string<char, std::__ndk1::char_traits<char>, std::__ndk1::allocator<char>>, Walaber::WidgetHelper::LoadPassThroughParams>>>	16	8	int	?	0	2	0	0	med	__insert_node_at,erase
std::__ndk1::__tree<std::__ndk1::__value_type<std::__ndk1::basic_string<char, std::__ndk1::char_traits<char>, std::__ndk1::allocator<char>>, WaterConcept::Notification*>, std::__ndk1::__map_value_compare<std::__ndk1::basic_string<char, std::__ndk1::char_traits<char>, std::__ndk1::allocator<char>>, std::__ndk1::__value_type<std::__ndk1::basic_string<char, std::__ndk1::char_traits<char>, std::__ndk1::allocator<char>>, WaterConcept::Notification*>, std::__ndk1::less<std::__ndk1::basic_string<char, std::__ndk1::char_traits<char>, std::__ndk1::allocator<char>>>, true>, std::__ndk1::allocator<std::__ndk1::__value_type<std::__ndk1::basic_string<char, std::__ndk1::char_traits<char>, std::__ndk1::allocator<char>>, WaterConcept::Notification*>>>	0	8	int	?	0	2	0	0	med	__insert_node_at,erase
std::__ndk1::__tree<std::__ndk1::__value_type<std::__ndk1::basic_string<char, std::__ndk1::char_traits<char>, std::__ndk1::allocator<char>>, WaterConcept::Notification*>, std::__ndk1::__map_value_compare<std::__ndk1::basic_string<char, std::__ndk1::char_traits<char>, std::__ndk1::allocator<char>>, std::__ndk1::__value_type<std::__ndk1::basic_string<char, std::__ndk1::char_traits<char>, std::__ndk1::allocator<char>>, WaterConcept::Notification*>, std::__ndk1::less<std::__ndk1::basic_string<char, std::__ndk1::char_traits<char>, std::__ndk1::allocator<char>>>, true>, std::__ndk1::allocator<std::__ndk1::__value_type<std::__ndk1::basic_string<char, std::__ndk1::char_traits<char>, std::__ndk1::allocator<char>>, WaterConcept::Notification*>>>	8	8	int	?	0	2	0	0	med	__insert_node_at,erase
std::__ndk1::__tree<std::__ndk1::__value_type<std::__ndk1::basic_string<char, std::__ndk1::char_traits<char>, std::__ndk1::allocator<char>>, WaterConcept::Notification*>, std::__ndk1::__map_value_compare<std::__ndk1::basic_string<char, std::__ndk1::char_traits<char>, std::__ndk1::allocator<char>>, std::__ndk1::__value_type<std::__ndk1::basic_string<char, std::__ndk1::char_traits<char>, std::__ndk1::allocator<char>>, WaterConcept::Notification*>, std::__ndk1::less<std::__ndk1::basic_string<char, std::__ndk1::char_traits<char>, std::__ndk1::allocator<char>>>, true>, std::__ndk1::allocator<std::__ndk1::__value_type<std::__ndk1::basic_string<char, std::__ndk1::char_traits<char>, std::__ndk1::allocator<char>>, WaterConcept::Notification*>>>	16	8	int	?	0	2	0	0	med	__insert_node_at,erase
std::__ndk1::__tree<std::__ndk1::__value_type<std::__ndk1::basic_string<char, std::__ndk1::char_traits<char>, std::__ndk1::allocator<char>>, WaterConcept::ParallaxPuppetShow::ShowElement>, std::__ndk1::__map_value_compare<std::__ndk1::basic_string<char, std::__ndk1::char_traits<char>, std::__ndk1::allocator<char>>, std::__ndk1::__value_type<std::__ndk1::basic_string<char, std::__ndk1::char_traits<char>, std::__ndk1::allocator<char>>, WaterConcept::ParallaxPuppetShow::ShowElement>, std::__ndk1::less<std::__ndk1::basic_string<char, std::__ndk1::char_traits<char>, std::__ndk1::allocator<char>>>, true>, std::__ndk1::allocator<std::__ndk1::__value_type<std::__ndk1::basic_string<char, std::__ndk1::char_traits<char>, std::__ndk1::allocator<char>>, WaterConcept::ParallaxPuppetShow::ShowElement>>>	8	8	int	?	0	2	0	0	med	__find_leaf_high,__insert_node_at
std::__ndk1::__tree<std::__ndk1::__value_type<std::__ndk1::basic_string<char, std::__ndk1::char_traits<char>, std::__ndk1::allocator<char>>, WaterConcept::World::WorldSpoutConnection>, std::__ndk1::__map_value_compare<std::__ndk1::basic_string<char, std::__ndk1::char_traits<char>, std::__ndk1::allocator<char>>, std::__ndk1::__value_type<std::__ndk1::basic_string<char, std::__ndk1::char_traits<char>, std::__ndk1::allocator<char>>, WaterConcept::World::WorldSpoutConnection>, std::__ndk1::less<std::__ndk1::basic_string<char, std::__ndk1::char_traits<char>, std::__ndk1::allocator<char>>>, true>, std::__ndk1::allocator<std::__ndk1::__value_type<std::__ndk1::basic_string<char, std::__ndk1::char_traits<char>, std::__ndk1::allocator<char>>, WaterConcept::World::WorldSpoutConnection>>>	0	8	int	?	0	2	0	0	med	__insert_node_at,erase
std::__ndk1::__tree<std::__ndk1::__value_type<std::__ndk1::basic_string<char, std::__ndk1::char_traits<char>, std::__ndk1::allocator<char>>, WaterConcept::World::WorldSpoutConnection>, std::__ndk1::__map_value_compare<std::__ndk1::basic_string<char, std::__ndk1::char_traits<char>, std::__ndk1::allocator<char>>, std::__ndk1::__value_type<std::__ndk1::basic_string<char, std::__ndk1::char_traits<char>, std::__ndk1::allocator<char>>, WaterConcept::World::WorldSpoutConnection>, std::__ndk1::less<std::__ndk1::basic_string<char, std::__ndk1::char_traits<char>, std::__ndk1::allocator<char>>>, true>, std::__ndk1::allocator<std::__ndk1::__value_type<std::__ndk1::basic_string<char, std::__ndk1::char_traits<char>, std::__ndk1::allocator<char>>, WaterConcept::World::WorldSpoutConnection>>>	8	8	int	?	0	3	0	0	med	__find_leaf_high,__insert_node_at,erase
std::__ndk1::__tree<std::__ndk1::__value_type<std::__ndk1::basic_string<char, std::__ndk1::char_traits<char>, std::__ndk1::allocator<char>>, WaterConcept::World::WorldSpoutConnection>, std::__ndk1::__map_value_compare<std::__ndk1::basic_string<char, std::__ndk1::char_traits<char>, std::__ndk1::allocator<char>>, std::__ndk1::__value_type<std::__ndk1::basic_string<char, std::__ndk1::char_traits<char>, std::__ndk1::allocator<char>>, WaterConcept::World::WorldSpoutConnection>, std::__ndk1::less<std::__ndk1::basic_string<char, std::__ndk1::char_traits<char>, std::__ndk1::allocator<char>>>, true>, std::__ndk1::allocator<std::__ndk1::__value_type<std::__ndk1::basic_string<char, std::__ndk1::char_traits<char>, std::__ndk1::allocator<char>>, WaterConcept::World::WorldSpoutConnection>>>	16	8	int	?	0	2	0	0	med	__insert_node_at,erase
std::__ndk1::__tree<std::__ndk1::__value_type<std::__ndk1::basic_string<char, std::__ndk1::char_traits<char>, std::__ndk1::allocator<char>>, std::__ndk1::basic_string<char, std::__ndk1::char_traits<char>, std::__ndk1::allocator<char>>>, std::__ndk1::__map_value_compare<std::__ndk1::basic_string<char, std::__ndk1::char_traits<char>, std::__ndk1::allocator<char>>, std::__ndk1::__value_type<std::__ndk1::basic_string<char, std::__ndk1::char_traits<char>, std::__ndk1::allocator<char>>, std::__ndk1::basic_string<char, std::__ndk1::char_traits<char>, std::__ndk1::allocator<char>>>, std::__ndk1::less<std::__ndk1::basic_string<char, std::__ndk1::char_traits<char>, std::__ndk1::allocator<char>>>, true>, std::__ndk1::allocator<std::__ndk1::__value_type<std::__ndk1::basic_string<char, std::__ndk1::char_traits<char>, std::__ndk1::allocator<char>>, std::__ndk1::basic_string<char, std::__ndk1::char_traits<char>, std::__ndk1::allocator<char>>>>>	0	8	int	?	0	2	0	0	med	__insert_node_at,erase
std::__ndk1::__tree<std::__ndk1::__value_type<std::__ndk1::basic_string<char, std::__ndk1::char_traits<char>, std::__ndk1::allocator<char>>, std::__ndk1::basic_string<char, std::__ndk1::char_traits<char>, std::__ndk1::allocator<char>>>, std::__ndk1::__map_value_compare<std::__ndk1::basic_string<char, std::__ndk1::char_traits<char>, std::__ndk1::allocator<char>>, std::__ndk1::__value_type<std::__ndk1::basic_string<char, std::__ndk1::char_traits<char>, std::__ndk1::allocator<char>>, std::__ndk1::basic_string<char, std::__ndk1::char_traits<char>, std::__ndk1::allocator<char>>>, std::__ndk1::less<std::__ndk1::basic_string<char, std::__ndk1::char_traits<char>, std::__ndk1::allocator<char>>>, true>, std::__ndk1::allocator<std::__ndk1::__value_type<std::__ndk1::basic_string<char, std::__ndk1::char_traits<char>, std::__ndk1::allocator<char>>, std::__ndk1::basic_string<char, std::__ndk1::char_traits<char>, std::__ndk1::allocator<char>>>>>	8	8	int	?	0	3	0	0	med	__find_leaf_high,__insert_node_at,erase
std::__ndk1::__tree<std::__ndk1::__value_type<std::__ndk1::basic_string<char, std::__ndk1::char_traits<char>, std::__ndk1::allocator<char>>, std::__ndk1::basic_string<char, std::__ndk1::char_traits<char>, std::__ndk1::allocator<char>>>, std::__ndk1::__map_value_compare<std::__ndk1::basic_string<char, std::__ndk1::char_traits<char>, std::__ndk1::allocator<char>>, std::__ndk1::__value_type<std::__ndk1::basic_string<char, std::__ndk1::char_traits<char>, std::__ndk1::allocator<char>>, std::__ndk1::basic_string<char, std::__ndk1::char_traits<char>, std::__ndk1::allocator<char>>>, std::__ndk1::less<std::__ndk1::basic_string<char, std::__ndk1::char_traits<char>, std::__ndk1::allocator<char>>>, true>, std::__ndk1::allocator<std::__ndk1::__value_type<std::__ndk1::basic_string<char, std::__ndk1::char_traits<char>, std::__ndk1::allocator<char>>, std::__ndk1::basic_string<char, std::__ndk1::char_traits<char>, std::__ndk1::allocator<char>>>>>	16	8	int	?	0	2	0	0	med	__insert_node_at,erase
std::__ndk1::__tree<std::__ndk1::__value_type<std::__ndk1::basic_string<char, std::__ndk1::char_traits<char>, std::__ndk1::allocator<char>>, std::__ndk1::vector<Walaber::TextureManager::SubTexInfo, std::__ndk1::allocator<Walaber::TextureManager::SubTexInfo>>>, std::__ndk1::__map_value_compare<std::__ndk1::basic_string<char, std::__ndk1::char_traits<char>, std::__ndk1::allocator<char>>, std::__ndk1::__value_type<std::__ndk1::basic_string<char, std::__ndk1::char_traits<char>, std::__ndk1::allocator<char>>, std::__ndk1::vector<Walaber::TextureManager::SubTexInfo, std::__ndk1::allocator<Walaber::TextureManager::SubTexInfo>>>, std::__ndk1::less<std::__ndk1::basic_string<char, std::__ndk1::char_traits<char>, std::__ndk1::allocator<char>>>, true>, std::__ndk1::allocator<std::__ndk1::__value_type<std::__ndk1::basic_string<char, std::__ndk1::char_traits<char>, std::__ndk1::allocator<char>>, std::__ndk1::vector<Walaber::TextureManager::SubTexInfo, std::__ndk1::allocator<Walaber::TextureManager::SubTexInfo>>>>>	0	8	int	?	0	2	0	0	med	__insert_node_at,erase
std::__ndk1::__tree<std::__ndk1::__value_type<std::__ndk1::basic_string<char, std::__ndk1::char_traits<char>, std::__ndk1::allocator<char>>, std::__ndk1::vector<Walaber::TextureManager::SubTexInfo, std::__ndk1::allocator<Walaber::TextureManager::SubTexInfo>>>, std::__ndk1::__map_value_compare<std::__ndk1::basic_string<char, std::__ndk1::char_traits<char>, std::__ndk1::allocator<char>>, std::__ndk1::__value_type<std::__ndk1::basic_string<char, std::__ndk1::char_traits<char>, std::__ndk1::allocator<char>>, std::__ndk1::vector<Walaber::TextureManager::SubTexInfo, std::__ndk1::allocator<Walaber::TextureManager::SubTexInfo>>>, std::__ndk1::less<std::__ndk1::basic_string<char, std::__ndk1::char_traits<char>, std::__ndk1::allocator<char>>>, true>, std::__ndk1::allocator<std::__ndk1::__value_type<std::__ndk1::basic_string<char, std::__ndk1::char_traits<char>, std::__ndk1::allocator<char>>, std::__ndk1::vector<Walaber::TextureManager::SubTexInfo, std::__ndk1::allocator<Walaber::TextureManager::SubTexInfo>>>>>	8	8	int	?	0	2	0	0	med	__insert_node_at,erase
std::__ndk1::__tree<std::__ndk1::__value_type<std::__ndk1::basic_string<char, std::__ndk1::char_traits<char>, std::__ndk1::allocator<char>>, std::__ndk1::vector<Walaber::TextureManager::SubTexInfo, std::__ndk1::allocator<Walaber::TextureManager::SubTexInfo>>>, std::__ndk1::__map_value_compare<std::__ndk1::basic_string<char, std::__ndk1::char_traits<char>, std::__ndk1::allocator<char>>, std::__ndk1::__value_type<std::__ndk1::basic_string<char, std::__ndk1::char_traits<char>, std::__ndk1::allocator<char>>, std::__ndk1::vector<Walaber::TextureManager::SubTexInfo, std::__ndk1::allocator<Walaber::TextureManager::SubTexInfo>>>, std::__ndk1::less<std::__ndk1::basic_string<char, std::__ndk1::char_traits<char>, std::__ndk1::allocator<char>>>, true>, std::__ndk1::allocator<std::__ndk1::__value_type<std::__ndk1::basic_string<char, std::__ndk1::char_traits<char>, std::__ndk1::allocator<char>>, std::__ndk1::vector<Walaber::TextureManager::SubTexInfo, std::__ndk1::allocator<Walaber::TextureManager::SubTexInfo>>>>>	16	8	int	?	0	2	0	0	med	__insert_node_at,erase
std::__ndk1::__tree<std::__ndk1::__value_type<std::__ndk1::basic_string<char, std::__ndk1::char_traits<char>, std::__ndk1::allocator<char>>, unsigned int>, std::__ndk1::__map_value_compare<std::__ndk1::basic_string<char, std::__ndk1::char_traits<char>, std::__ndk1::allocator<char>>, std::__ndk1::__value_type<std::__ndk1::basic_string<char, std::__ndk1::char_traits<char>, std::__ndk1::allocator<char>>, unsigned int>, std::__ndk1::less<std::__ndk1::basic_string<char, std::__ndk1::char_traits<char>, std::__ndk1::allocator<char>>>, true>, std::__ndk1::allocator<std::__ndk1::__value_type<std::__ndk1::basic_string<char, std::__ndk1::char_traits<char>, std::__ndk1::allocator<char>>, unsigned int>>>	0	8	int	?	0	2	0	0	med	__insert_node_at,erase
std::__ndk1::__tree<std::__ndk1::__value_type<std::__ndk1::basic_string<char, std::__ndk1::char_traits<char>, std::__ndk1::allocator<char>>, unsigned int>, std::__ndk1::__map_value_compare<std::__ndk1::basic_string<char, std::__ndk1::char_traits<char>, std::__ndk1::allocator<char>>, std::__ndk1::__value_type<std::__ndk1::basic_string<char, std::__ndk1::char_traits<char>, std::__ndk1::allocator<char>>, unsigned int>, std::__ndk1::less<std::__ndk1::basic_string<char, std::__ndk1::char_traits<char>, std::__ndk1::allocator<char>>>, true>, std::__ndk1::allocator<std::__ndk1::__value_type<std::__ndk1::basic_string<char, std::__ndk1::char_traits<char>, std::__ndk1::allocator<char>>, unsigned int>>>	8	8	int	?	0	2	0	0	med	__insert_node_at,erase
std::__ndk1::__tree<std::__ndk1::__value_type<std::__ndk1::basic_string<char, std::__ndk1::char_traits<char>, std::__ndk1::allocator<char>>, unsigned int>, std::__ndk1::__map_value_compare<std::__ndk1::basic_string<char, std::__ndk1::char_traits<char>, std::__ndk1::allocator<char>>, std::__ndk1::__value_type<std::__ndk1::basic_string<char, std::__ndk1::char_traits<char>, std::__ndk1::allocator<char>>, unsigned int>, std::__ndk1::less<std::__ndk1::basic_string<char, std::__ndk1::char_traits<char>, std::__ndk1::allocator<char>>>, true>, std::__ndk1::allocator<std::__ndk1::__value_type<std::__ndk1::basic_string<char, std::__ndk1::char_traits<char>, std::__ndk1::allocator<char>>, unsigned int>>>	16	8	int	?	0	2	0	0	med	__insert_node_at,erase
std::__ndk1::__tree<std::__ndk1::__value_type<std::__ndk1::pair<int, int>, Walaber::SoundManager::GotSoundCallbackData>, std::__ndk1::__map_value_compare<std::__ndk1::pair<int, int>, std::__ndk1::__value_type<std::__ndk1::pair<int, int>, Walaber::SoundManager::GotSoundCallbackData>, std::__ndk1::less<std::__ndk1::pair<int, int>>, true>, std::__ndk1::allocator<std::__ndk1::__value_type<std::__ndk1::pair<int, int>, Walaber::SoundManager::GotSoundCallbackData>>>	0	8	int	?	0	2	0	0	med	__insert_node_at,erase
std::__ndk1::__tree<std::__ndk1::__value_type<std::__ndk1::pair<int, int>, Walaber::SoundManager::GotSoundCallbackData>, std::__ndk1::__map_value_compare<std::__ndk1::pair<int, int>, std::__ndk1::__value_type<std::__ndk1::pair<int, int>, Walaber::SoundManager::GotSoundCallbackData>, std::__ndk1::less<std::__ndk1::pair<int, int>>, true>, std::__ndk1::allocator<std::__ndk1::__value_type<std::__ndk1::pair<int, int>, Walaber::SoundManager::GotSoundCallbackData>>>	8	8	int	?	0	3	0	0	med	__find_leaf_high,__insert_node_at,erase
std::__ndk1::__tree<std::__ndk1::__value_type<std::__ndk1::pair<int, int>, Walaber::SoundManager::GotSoundCallbackData>, std::__ndk1::__map_value_compare<std::__ndk1::pair<int, int>, std::__ndk1::__value_type<std::__ndk1::pair<int, int>, Walaber::SoundManager::GotSoundCallbackData>, std::__ndk1::less<std::__ndk1::pair<int, int>>, true>, std::__ndk1::allocator<std::__ndk1::__value_type<std::__ndk1::pair<int, int>, Walaber::SoundManager::GotSoundCallbackData>>>	16	8	int	?	0	2	0	0	med	__insert_node_at,erase
std::__ndk1::__tree<std::__ndk1::__value_type<unsigned int, Walaber::SharedPtr<Walaber::Callback>>, std::__ndk1::__map_value_compare<unsigned int, std::__ndk1::__value_type<unsigned int, Walaber::SharedPtr<Walaber::Callback>>, std::__ndk1::less<unsigned int>, true>, std::__ndk1::allocator<std::__ndk1::__value_type<unsigned int, Walaber::SharedPtr<Walaber::Callback>>>>	0	8	int	?	0	2	0	0	med	__insert_node_at,erase
std::__ndk1::__tree<std::__ndk1::__value_type<unsigned int, Walaber::SharedPtr<Walaber::Callback>>, std::__ndk1::__map_value_compare<unsigned int, std::__ndk1::__value_type<unsigned int, Walaber::SharedPtr<Walaber::Callback>>, std::__ndk1::less<unsigned int>, true>, std::__ndk1::allocator<std::__ndk1::__value_type<unsigned int, Walaber::SharedPtr<Walaber::Callback>>>>	8	8	int	?	0	2	0	0	med	__insert_node_at,erase
std::__ndk1::__tree<std::__ndk1::__value_type<unsigned int, Walaber::SharedPtr<Walaber::Callback>>, std::__ndk1::__map_value_compare<unsigned int, std::__ndk1::__value_type<unsigned int, Walaber::SharedPtr<Walaber::Callback>>, std::__ndk1::less<unsigned int>, true>, std::__ndk1::allocator<std::__ndk1::__value_type<unsigned int, Walaber::SharedPtr<Walaber::Callback>>>>	16	8	int	?	0	2	0	0	med	__insert_node_at,erase
std::__ndk1::__tree<std::__ndk1::__value_type<unsigned int, Walaber::SoundManager::SoundGroup>, std::__ndk1::__map_value_compare<unsigned int, std::__ndk1::__value_type<unsigned int, Walaber::SoundManager::SoundGroup>, std::__ndk1::less<unsigned int>, true>, std::__ndk1::allocator<std::__ndk1::__value_type<unsigned int, Walaber::SoundManager::SoundGroup>>>	0	8	int	?	0	2	0	0	med	__insert_node_at,erase
std::__ndk1::__tree<std::__ndk1::__value_type<unsigned int, Walaber::SoundManager::SoundGroup>, std::__ndk1::__map_value_compare<unsigned int, std::__ndk1::__value_type<unsigned int, Walaber::SoundManager::SoundGroup>, std::__ndk1::less<unsigned int>, true>, std::__ndk1::allocator<std::__ndk1::__value_type<unsigned int, Walaber::SoundManager::SoundGroup>>>	8	8	int	?	0	2	0	0	med	__insert_node_at,erase
std::__ndk1::__tree<std::__ndk1::__value_type<unsigned int, Walaber::SoundManager::SoundGroup>, std::__ndk1::__map_value_compare<unsigned int, std::__ndk1::__value_type<unsigned int, Walaber::SoundManager::SoundGroup>, std::__ndk1::less<unsigned int>, true>, std::__ndk1::allocator<std::__ndk1::__value_type<unsigned int, Walaber::SoundManager::SoundGroup>>>	16	8	int	?	0	2	0	0	med	__insert_node_at,erase
std::__ndk1::__tree<std::__ndk1::__value_type<void*, Walaber::SharedPtr<Walaber::Callback>>, std::__ndk1::__map_value_compare<void*, std::__ndk1::__value_type<void*, Walaber::SharedPtr<Walaber::Callback>>, std::__ndk1::less<void*>, true>, std::__ndk1::allocator<std::__ndk1::__value_type<void*, Walaber::SharedPtr<Walaber::Callback>>>>	0	8	int	?	0	2	0	0	med	__insert_node_at,erase
std::__ndk1::__tree<std::__ndk1::__value_type<void*, Walaber::SharedPtr<Walaber::Callback>>, std::__ndk1::__map_value_compare<void*, std::__ndk1::__value_type<void*, Walaber::SharedPtr<Walaber::Callback>>, std::__ndk1::less<void*>, true>, std::__ndk1::allocator<std::__ndk1::__value_type<void*, Walaber::SharedPtr<Walaber::Callback>>>>	8	8	int	?	0	2	0	0	med	__insert_node_at,erase
std::__ndk1::__tree<std::__ndk1::__value_type<void*, Walaber::SharedPtr<Walaber::Callback>>, std::__ndk1::__map_value_compare<void*, std::__ndk1::__value_type<void*, Walaber::SharedPtr<Walaber::Callback>>, std::__ndk1::less<void*>, true>, std::__ndk1::allocator<std::__ndk1::__value_type<void*, Walaber::SharedPtr<Walaber::Callback>>>>	16	8	int	?	0	2	0	0	med	__insert_node_at,erase
std::__ndk1::__tree<std::__ndk1::__value_type<void*, void*>, std::__ndk1::__map_value_compare<void*, std::__ndk1::__value_type<void*, void*>, std::__ndk1::less<void*>, true>, std::__ndk1::allocator<std::__ndk1::__value_type<void*, void*>>>	0	8	int	?	0	2	0	0	med	__insert_node_at,erase
std::__ndk1::__tree<std::__ndk1::__value_type<void*, void*>, std::__ndk1::__map_value_compare<void*, std::__ndk1::__value_type<void*, void*>, std::__ndk1::less<void*>, true>, std::__ndk1::allocator<std::__ndk1::__value_type<void*, void*>>>	8	8	int	?	0	2	0	0	med	__insert_node_at,erase
std::__ndk1::__tree<std::__ndk1::__value_type<void*, void*>, std::__ndk1::__map_value_compare<void*, std::__ndk1::__value_type<void*, void*>, std::__ndk1::less<void*>, true>, std::__ndk1::allocator<std::__ndk1::__value_type<void*, void*>>>	16	8	int	?	0	3	0	0	med	__detach,__insert_node_at,erase
std::__ndk1::__tree<std::__ndk1::basic_string<char, std::__ndk1::char_traits<char>, std::__ndk1::allocator<char>>, std::__ndk1::less<std::__ndk1::basic_string<char, std::__ndk1::char_traits<char>, std::__ndk1::allocator<char>>>, std::__ndk1::allocator<std::__ndk1::basic_string<char, std::__ndk1::char_traits<char>, std::__ndk1::allocator<char>>>>	0	8	int	?	0	3	0	0	med	__insert_node_at,__move_assign,erase
std::__ndk1::__tree<std::__ndk1::basic_string<char, std::__ndk1::char_traits<char>, std::__ndk1::allocator<char>>, std::__ndk1::less<std::__ndk1::basic_string<char, std::__ndk1::char_traits<char>, std::__ndk1::allocator<char>>>, std::__ndk1::allocator<std::__ndk1::basic_string<char, std::__ndk1::char_traits<char>, std::__ndk1::allocator<char>>>>	8	8	int	?	0	4	0	0	high	__find_leaf_high,__insert_node_at,__move_assign
std::__ndk1::__tree<std::__ndk1::basic_string<char, std::__ndk1::char_traits<char>, std::__ndk1::allocator<char>>, std::__ndk1::less<std::__ndk1::basic_string<char, std::__ndk1::char_traits<char>, std::__ndk1::allocator<char>>>, std::__ndk1::allocator<std::__ndk1::basic_string<char, std::__ndk1::char_traits<char>, std::__ndk1::allocator<char>>>>	16	8	int	?	0	4	0	0	high	__detach,__insert_node_at,__move_assign
std::__ndk1::__tree<unsigned int, std::__ndk1::less<unsigned int>, std::__ndk1::allocator<unsigned int>>	0	8	int	?	0	2	0	0	med	__insert_node_at,erase
std::__ndk1::__tree<unsigned int, std::__ndk1::less<unsigned int>, std::__ndk1::allocator<unsigned int>>	8	8	int	?	0	2	0	0	med	__insert_node_at,erase
std::__ndk1::__tree<unsigned int, std::__ndk1::less<unsigned int>, std::__ndk1::allocator<unsigned int>>	16	8	int	?	0	2	0	0	med	__insert_node_at,erase
std::__ndk1::basic_filebuf<char, std::__ndk1::char_traits<char>>	0	8	int	?	0	7	5	0	high	basic_filebuf,close,imbue
std::__ndk1::basic_filebuf<char, std::__ndk1::char_traits<char>>	16	8	int	?	0	7	5	0	high	__write_mode,basic_filebuf,imbue
std::__ndk1::basic_filebuf<char, std::__ndk1::char_traits<char>>	24	8	int	?	0	4	3	0	high	__write_mode,pbackfail,sync
std::__ndk1::basic_filebuf<char, std::__ndk1::char_traits<char>>	32	8	int	?	0	6	4	0	high	__write_mode,basic_filebuf,imbue
std::__ndk1::basic_filebuf<char, std::__ndk1::char_traits<char>>	40	8	int	?	0	4	3	0	high	__write_mode,overflow,sync
std::__ndk1::basic_filebuf<char, std::__ndk1::char_traits<char>>	48	8	int	?	0	7	5	0	high	__write_mode,basic_filebuf,imbue
std::__ndk1::basic_filebuf<char, std::__ndk1::char_traits<char>>	56	8	int	?	0	3	2	0	high	__write_mode,overflow,underflow
std::__ndk1::basic_filebuf<char, std::__ndk1::char_traits<char>>	64	8	int	?	0	8	6	0	high	__write_mode,basic_filebuf,imbue
std::__ndk1::basic_filebuf<char, std::__ndk1::char_traits<char>>	72	8	int	?	0	3	2	0	high	basic_filebuf,sync,underflow
std::__ndk1::basic_filebuf<char, std::__ndk1::char_traits<char>>	80	8	int	?	0	2	2	0	high	sync,underflow
std::__ndk1::basic_filebuf<char, std::__ndk1::char_traits<char>>	96	8	int	?	0	6	5	0	high	__write_mode,imbue,overflow
std::__ndk1::basic_filebuf<char, std::__ndk1::char_traits<char>>	104	8	int	?	0	4	3	0	high	__write_mode,imbue,setbuf
std::__ndk1::basic_filebuf<char, std::__ndk1::char_traits<char>>	112	8	int	?	0	4	3	0	high	__write_mode,imbue,setbuf
std::__ndk1::basic_filebuf<char, std::__ndk1::char_traits<char>>	120	8	int	?	0	7	6	0	high	close,overflow,pbackfail
std::__ndk1::basic_filebuf<char, std::__ndk1::char_traits<char>>	128	8	int	?	0	6	5	0	high	basic_filebuf,imbue,overflow
std::__ndk1::basic_filebuf<char, std::__ndk1::char_traits<char>>	136	8	int	?	0	2	2	0	high	sync,underflow
std::__ndk1::basic_filebuf<char, std::__ndk1::char_traits<char>>	144	8	int	?	0	2	2	0	high	sync,underflow
std::__ndk1::basic_filebuf<char, std::__ndk1::char_traits<char>>	156	4	int	?	0	3	2	0	high	__write_mode,sync,underflow
std::__ndk1::basic_filebuf<char, std::__ndk1::char_traits<char>>	160	1	int	u	0	3	3	0	high	imbue,setbuf,~basic_filebuf
std::__ndk1::basic_filebuf<char, std::__ndk1::char_traits<char>>	161	1	int	u	0	3	3	0	high	imbue,setbuf,~basic_filebuf
std::__ndk1::basic_filebuf<char, std::__ndk1::char_traits<char>>	162	1	int	u	0	7	5	0	high	__write_mode,basic_filebuf,imbue
std::__ndk1::basic_iostream<char, std::__ndk1::char_traits<char>>	0	8	int	?	0	3	1	0	high	basic_iostream,swap,~basic_iostream
std::__ndk1::basic_iostream<char, std::__ndk1::char_traits<char>>	8	8	int	?	0	2	0	0	med	basic_iostream,swap
std::__ndk1::basic_iostream<char, std::__ndk1::char_traits<char>>	136	8	int	?	0	2	0	0	med	basic_iostream,swap
std::__ndk1::basic_iostream<char, std::__ndk1::char_traits<char>>	144	4	int	?	0	2	0	0	med	basic_iostream,swap
std::__ndk1::basic_istream<char, std::__ndk1::char_traits<char>>	0	8	int	?	0	15	1	0	high	basic_istream,get,getline
std::__ndk1::basic_istream<char, std::__ndk1::char_traits<char>>	8	8	int	?	0	11	0	0	high	basic_istream,get,getline
std::__ndk1::basic_istream<char, std::__ndk1::char_traits<char>>	32	4	int	?	0	12	0	0	high	basic_istream,get,getline
std::__ndk1::basic_istream<char, std::__ndk1::char_traits<char>>	40	8	int	?	0	6	0	0	high	basic_istream,getline,operator>>
std::__ndk1::basic_istream<char, std::__ndk1::char_traits<char>>	136	8	int	?	0	7	0	0	high	basic_istream,get,operator>>
std::__ndk1::basic_istream<wchar_t, std::__ndk1::char_traits<wchar_t>>	0	8	int	?	0	15	1	0	high	basic_istream,get,getline
std::__ndk1::basic_istream<wchar_t, std::__ndk1::char_traits<wchar_t>>	8	8	int	?	0	11	0	0	high	basic_istream,get,getline
std::__ndk1::basic_istream<wchar_t, std::__ndk1::char_traits<wchar_t>>	32	4	int	?	0	13	0	0	high	basic_istream,get,getline
std::__ndk1::basic_istream<wchar_t, std::__ndk1::char_traits<wchar_t>>	40	8	int	?	0	4	0	0	high	basic_istream,getline,operator>>
std::__ndk1::basic_istream<wchar_t, std::__ndk1::char_traits<wchar_t>>	136	8	int	?	0	8	0	0	high	basic_istream,get,operator>>
std::__ndk1::basic_ostream<char, std::__ndk1::char_traits<char>>	0	8	int	?	0	9	1	0	high	basic_ostream,flush,operator<<
std::__ndk1::basic_ostream<char, std::__ndk1::char_traits<char>>	32	4	int	?	0	7	0	0	high	basic_ostream,flush,operator<<
std::__ndk1::basic_ostream<char, std::__ndk1::char_traits<char>>	40	8	int	?	0	6	0	0	high	basic_ostream,flush,operator<<
std::__ndk1::basic_ostream<char, std::__ndk1::char_traits<char>>	136	8	int	?	0	5	0	0	high	basic_ostream,operator<<,put
std::__ndk1::basic_ostream<char, std::__ndk1::char_traits<char>>	144	4	int	?	0	3	0	0	med	basic_ostream,operator<<,swap
std::__ndk1::basic_ostream<char, std::__ndk1::char_traits<char>>::sentry	8	8	int	?	0	2	2	0	high	sentry,~sentry
std::__ndk1::basic_ostream<wchar_t, std::__ndk1::char_traits<wchar_t>>	0	8	int	?	0	9	1	0	high	basic_ostream,flush,operator<<
std::__ndk1::basic_ostream<wchar_t, std::__ndk1::char_traits<wchar_t>>	32	4	int	?	0	7	0	0	high	basic_ostream,flush,operator<<
std::__ndk1::basic_ostream<wchar_t, std::__ndk1::char_traits<wchar_t>>	40	8	int	?	0	6	0	0	high	basic_ostream,flush,operator<<
std::__ndk1::basic_ostream<wchar_t, std::__ndk1::char_traits<wchar_t>>	136	8	int	?	0	6	0	0	high	basic_ostream,flush,operator<<
std::__ndk1::basic_ostream<wchar_t, std::__ndk1::char_traits<wchar_t>>	144	4	int	?	0	3	0	0	med	basic_ostream,operator<<,swap
std::__ndk1::basic_ostream<wchar_t, std::__ndk1::char_traits<wchar_t>>::sentry	8	8	int	?	0	2	2	0	high	sentry,~sentry
std::__ndk1::basic_streambuf<char, std::__ndk1::char_traits<char>>	0	8	int	?	0	13	1	0	high	basic_streambuf,pubimbue,pubseekoff
std::__ndk1::basic_streambuf<char, std::__ndk1::char_traits<char>>	16	8	int	?	0	6	0	0	high	basic_streambuf,operator=,setg
std::__ndk1::basic_streambuf<char, std::__ndk1::char_traits<char>>	24	8	int	?	0	11	0	0	high	gbump,in_avail,sbumpc
std::__ndk1::basic_streambuf<char, std::__ndk1::char_traits<char>>	32	8	int	?	0	9	0	0	high	basic_streambuf,in_avail,operator=
std::__ndk1::basic_streambuf<char, std::__ndk1::char_traits<char>>	48	8	int	?	0	7	0	0	high	basic_streambuf,operator=,pbump
std::__ndk1::basic_streambuf<char, std::__ndk1::char_traits<char>>	56	8	int	?	0	4	0	0	high	setp,sputc,swap
std::__ndk1::basic_streambuf<wchar_t, std::__ndk1::char_traits<wchar_t>>	0	8	int	?	0	13	4	0	high	basic_streambuf,pubimbue,pubseekoff
std::__ndk1::basic_streambuf<wchar_t, std::__ndk1::char_traits<wchar_t>>	16	8	int	?	0	6	0	0	high	basic_streambuf,operator=,setg
std::__ndk1::basic_streambuf<wchar_t, std::__ndk1::char_traits<wchar_t>>	24	8	int	?	0	11	2	0	high	gbump,in_avail,sbumpc
std::__ndk1::basic_streambuf<wchar_t, std::__ndk1::char_traits<wchar_t>>	32	8	int	?	0	9	1	0	high	basic_streambuf,in_avail,operator=
std::__ndk1::basic_streambuf<wchar_t, std::__ndk1::char_traits<wchar_t>>	48	8	int	?	0	7	1	0	high	basic_streambuf,operator=,pbump
std::__ndk1::basic_streambuf<wchar_t, std::__ndk1::char_traits<wchar_t>>	56	8	int	?	0	4	1	0	high	setp,sputc,swap
std::__ndk1::basic_string<char, std::__ndk1::char_traits<char>, std::__ndk1::allocator<char>>	0	1	int	u	0	23	1	0	high	__grow_by,__grow_by_and_replace,__init
std::__ndk1::basic_string<char, std::__ndk1::char_traits<char>, std::__ndk1::allocator<char>>	8	8	int	?	0	19	0	0	high	__grow_by_and_replace,append,assign
std::__ndk1::basic_string<char, std::__ndk1::char_traits<char>, std::__ndk1::allocator<char>>	16	8	int	?	0	20	1	0	high	__grow_by,__grow_by_and_replace,append
std::__ndk1::basic_string<wchar_t, std::__ndk1::char_traits<wchar_t>, std::__ndk1::allocator<wchar_t>>	0	1	int	u	4	23	1	0	high	__grow_by,__grow_by_and_replace,__init
std::__ndk1::basic_stringbuf<char, std::__ndk1::char_traits<char>, std::__ndk1::allocator<char>>	0	8	int	?	0	2	1	0	high	str,~basic_stringbuf
std::__ndk1::basic_stringbuf<char, std::__ndk1::char_traits<char>, std::__ndk1::allocator<char>>	16	8	int	?	0	4	3	0	high	overflow,pbackfail,seekoff
std::__ndk1::basic_stringbuf<char, std::__ndk1::char_traits<char>, std::__ndk1::allocator<char>>	24	8	int	?	0	5	4	0	high	overflow,pbackfail,seekoff
std::__ndk1::basic_stringbuf<char, std::__ndk1::char_traits<char>, std::__ndk1::allocator<char>>	32	8	int	?	0	4	3	0	high	overflow,pbackfail,str
std::__ndk1::basic_stringbuf<char, std::__ndk1::char_traits<char>, std::__ndk1::allocator<char>>	40	8	int	?	0	3	2	0	high	overflow,seekoff,str
std::__ndk1::basic_stringbuf<char, std::__ndk1::char_traits<char>, std::__ndk1::allocator<char>>	48	8	int	?	0	5	4	0	high	overflow,pbackfail,seekoff
std::__ndk1::basic_stringbuf<char, std::__ndk1::char_traits<char>, std::__ndk1::allocator<char>>	56	8	int	?	0	2	1	0	high	overflow,str
std::__ndk1::basic_stringbuf<char, std::__ndk1::char_traits<char>, std::__ndk1::allocator<char>>	64	1	int	u	0	4	3	0	high	overflow,seekoff,str
std::__ndk1::basic_stringbuf<char, std::__ndk1::char_traits<char>, std::__ndk1::allocator<char>>	72	8	int	?	0	2	1	0	high	overflow,str
std::__ndk1::basic_stringbuf<char, std::__ndk1::char_traits<char>, std::__ndk1::allocator<char>>	80	8	int	?	0	4	3	0	high	overflow,seekoff,str
std::__ndk1::basic_stringbuf<char, std::__ndk1::char_traits<char>, std::__ndk1::allocator<char>>	88	8	int	?	0	5	4	0	high	overflow,pbackfail,seekoff
std::__ndk1::basic_stringbuf<char, std::__ndk1::char_traits<char>, std::__ndk1::allocator<char>>	96	1	int	u	0	4	3	0	high	overflow,pbackfail,str
std::__ndk1::codecvt<wchar_t, char, mbstate_t>	0	8	int	?	0	2	1	0	high	codecvt,~codecvt
std::__ndk1::codecvt<wchar_t, char, mbstate_t>	16	8	int	?	0	8	7	0	high	codecvt,do_encoding,do_in
std::__ndk1::collate_byname<char>	0	8	int	?	0	2	1	0	high	collate_byname,~collate_byname
std::__ndk1::collate_byname<char>	16	8	int	?	0	2	1	0	high	collate_byname,~collate_byname
std::__ndk1::collate_byname<wchar_t>	0	8	int	?	0	2	1	0	high	collate_byname,~collate_byname
std::__ndk1::collate_byname<wchar_t>	16	8	int	?	0	2	1	0	high	collate_byname,~collate_byname
std::__ndk1::ctype<char>	0	8	int	?	0	2	1	0	high	ctype,~ctype
std::__ndk1::ctype<char>	16	8	int	?	0	2	1	0	high	ctype,~ctype
std::__ndk1::ctype<char>	24	1	int	u	0	2	1	0	high	ctype,~ctype
std::__ndk1::ctype<wchar_t>	0	8	int	?	0	2	2	0	high	do_tolower,do_toupper
std::__ndk1::ctype_byname<char>	0	8	int	?	0	2	1	0	high	ctype_byname,~ctype_byname
std::__ndk1::ctype_byname<char>	16	8	int	?	0	2	1	0	high	ctype_byname,~ctype_byname
std::__ndk1::ctype_byname<char>	24	1	int	u	0	2	1	0	high	ctype_byname,~ctype_byname
std::__ndk1::ctype_byname<char>	32	8	int	?	0	2	1	0	high	ctype_byname,~ctype_byname
std::__ndk1::ctype_byname<wchar_t>	0	8	int	?	0	2	1	0	high	ctype_byname,~ctype_byname
std::__ndk1::ctype_byname<wchar_t>	16	8	int	?	0	4	3	0	high	ctype_byname,do_narrow,do_widen
std::__ndk1::deque<Walaber::Node*, std::__ndk1::allocator<Walaber::Node*>>	8	8	int	?	0	3	0	0	med	__add_back_capacity,pop_back,push_back
std::__ndk1::deque<Walaber::Node*, std::__ndk1::allocator<Walaber::Node*>>	16	8	int	?	0	3	0	0	med	__add_back_capacity,pop_back,push_back
std::__ndk1::deque<Walaber::Node*, std::__ndk1::allocator<Walaber::Node*>>	32	8	int	?	0	3	0	0	med	__add_back_capacity,pop_back,push_back
std::__ndk1::deque<Walaber::Node*, std::__ndk1::allocator<Walaber::Node*>>	40	8	int	?	0	2	0	0	med	pop_back,push_back
std::__ndk1::deque<Walaber::PCSNode*, std::__ndk1::allocator<Walaber::PCSNode*>>	8	8	int	?	0	3	0	0	med	__add_back_capacity,pop_back,push_back
std::__ndk1::deque<Walaber::PCSNode*, std::__ndk1::allocator<Walaber::PCSNode*>>	16	8	int	?	0	3	0	0	med	__add_back_capacity,pop_back,push_back
std::__ndk1::deque<Walaber::PCSNode*, std::__ndk1::allocator<Walaber::PCSNode*>>	32	8	int	?	0	3	0	0	med	__add_back_capacity,pop_back,push_back
std::__ndk1::deque<Walaber::PCSNode*, std::__ndk1::allocator<Walaber::PCSNode*>>	40	8	int	?	0	2	0	0	med	pop_back,push_back
std::__ndk1::deque<WaterConcept::NotificationSingleton::NotificationData, std::__ndk1::allocator<WaterConcept::NotificationSingleton::NotificationData>>	8	8	int	?	0	3	0	0	med	__add_back_capacity,pop_back,push_back
std::__ndk1::deque<WaterConcept::NotificationSingleton::NotificationData, std::__ndk1::allocator<WaterConcept::NotificationSingleton::NotificationData>>	16	8	int	?	0	3	0	0	med	__add_back_capacity,pop_back,push_back
std::__ndk1::deque<WaterConcept::NotificationSingleton::NotificationData, std::__ndk1::allocator<WaterConcept::NotificationSingleton::NotificationData>>	32	8	int	?	0	3	0	0	med	__add_back_capacity,pop_back,push_back
std::__ndk1::deque<WaterConcept::NotificationSingleton::NotificationData, std::__ndk1::allocator<WaterConcept::NotificationSingleton::NotificationData>>	40	8	int	?	0	2	0	0	med	pop_back,push_back
std::__ndk1::deque<WaterConcept::Spout::QueuedParticle, std::__ndk1::allocator<WaterConcept::Spout::QueuedParticle>>	8	8	int	?	0	3	0	0	med	__add_back_capacity,pop_front,push_back
std::__ndk1::deque<WaterConcept::Spout::QueuedParticle, std::__ndk1::allocator<WaterConcept::Spout::QueuedParticle>>	16	8	int	?	0	2	0	0	med	__add_back_capacity,push_back
std::__ndk1::deque<WaterConcept::Spout::QueuedParticle, std::__ndk1::allocator<WaterConcept::Spout::QueuedParticle>>	32	8	int	?	0	3	0	0	med	__add_back_capacity,pop_front,push_back
std::__ndk1::deque<_xmlNode*, std::__ndk1::allocator<_xmlNode*>>	8	8	int	?	0	3	0	0	med	__add_back_capacity,pop_back,push_back
std::__ndk1::deque<_xmlNode*, std::__ndk1::allocator<_xmlNode*>>	16	8	int	?	0	3	0	0	med	__add_back_capacity,pop_back,push_back
std::__ndk1::deque<_xmlNode*, std::__ndk1::allocator<_xmlNode*>>	32	8	int	?	0	3	0	0	med	__add_back_capacity,pop_back,push_back
std::__ndk1::deque<_xmlNode*, std::__ndk1::allocator<_xmlNode*>>	40	8	int	?	0	2	0	0	med	pop_back,push_back
std::__ndk1::deque<int, std::__ndk1::allocator<int>>	8	8	int	?	0	3	0	0	med	__add_back_capacity,pop_front,push_back
std::__ndk1::deque<int, std::__ndk1::allocator<int>>	16	8	int	?	0	2	0	0	med	__add_back_capacity,push_back
std::__ndk1::deque<int, std::__ndk1::allocator<int>>	32	8	int	?	0	3	0	0	med	__add_back_capacity,pop_front,push_back
std::__ndk1::error_category	0	8	int	?	0	2	2	0	high	equivalent,error_category
std::__ndk1::error_code	0	8	int	?	0	4	2	1	high	__init,equivalent,failure
std::__ndk1::error_code	8	8	int	?	0	4	2	1	high	__init,equivalent,failure
std::__ndk1::error_condition	0	4	int	?	0	2	1	0	high	equivalent,message
std::__ndk1::error_condition	8	8	int	?	0	2	1	0	high	equivalent,message
std::__ndk1::future<void>	0	8	int	?	0	3	1	0	high	future,get,~future
std::__ndk1::ios_base	8	4	int	?	0	12	2	4	high	__do_get_signed<long>,__do_get_signed<long_long>,__do_get_unsigned<unsigned_int>
std::__ndk1::ios_base	16	4	int	?	0	5	1	3	high	copyfmt,do_put,init
std::__ndk1::ios_base	32	4	int	?	0	7	0	2	high	__set_badbit_and_consider_rethrow,__set_failbit_and_consider_rethrow,clear
std::__ndk1::ios_base	36	4	int	?	0	5	0	1	high	__set_badbit_and_consider_rethrow,__set_failbit_and_consider_rethrow,clear
std::__ndk1::ios_base	40	8	int	?	0	3	0	1	med	clear,init,move
std::__ndk1::ios_base	56	8	int	?	0	8	1	3	high	__call_callbacks,copyfmt,imbue
std::__ndk1::ios_base	64	8	int	?	0	7	1	2	high	__call_callbacks,copyfmt,imbue
std::__ndk1::ios_base	72	8	int	?	0	7	1	2	high	__call_callbacks,copyfmt,imbue
std::__ndk1::ios_base	80	8	int	?	0	4	0	2	high	copyfmt,init,register_callback
std::__ndk1::ios_base	88	8	int	?	0	5	1	2	high	copyfmt,init,iword
std::__ndk1::ios_base	96	8	int	?	0	4	0	2	high	copyfmt,init,iword
std::__ndk1::ios_base	104	8	int	?	0	6	0	3	high	copyfmt,init,iword
std::__ndk1::ios_base	112	8	int	?	0	4	1	1	high	copyfmt,init,pword
std::__ndk1::ios_base	120	8	int	?	0	5	0	3	high	copyfmt,init,move
std::__ndk1::ios_base	128	8	int	?	0	4	0	2	high	copyfmt,init,pword
std::__ndk1::list<int, std::__ndk1::allocator<int>>	16	8	int	?	0	2	0	0	med	erase,list
std::__ndk1::list<std::__ndk1::basic_string<char, std::__ndk1::char_traits<char>, std::__ndk1::allocator<char>>, std::__ndk1::allocator<std::__ndk1::basic_string<char, std::__ndk1::char_traits<char>, std::__ndk1::allocator<char>>>>	16	8	int	?	0	2	0	0	med	erase,push_back
std::__ndk1::locale	0	8	int	?	0	10	2	5	high	__gather_info,__install_ctor,global
std::__ndk1::locale::facet	0	8	int	?	0	2	0	0	med	__install_ctor,__on_zero_shared
std::__ndk1::locale::id	0	8	int	?	0	3	0	2	high	__get,has_facet,use_facet
std::__ndk1::locale::id	8	4	int	s	0	4	0	0	high	__get,__init,has_facet
std::__ndk1::moneypunct_byname<char, false>	120	4	int	?	0	2	1	0	high	do_frac_digits,init
std::__ndk1::moneypunct_byname<char, true>	120	4	int	?	0	2	1	0	high	do_frac_digits,init
std::__ndk1::moneypunct_byname<wchar_t, false>	120	4	int	?	0	2	1	0	high	do_frac_digits,init
std::__ndk1::moneypunct_byname<wchar_t, true>	120	4	int	?	0	2	1	0	high	do_frac_digits,init
std::__ndk1::numpunct<char>	0	8	int	?	0	2	1	0	high	numpunct,~numpunct
std::__ndk1::numpunct<char>	16	1	int	u	0	2	1	0	high	do_decimal_point,numpunct
std::__ndk1::numpunct<char>	24	1	int	u	0	2	1	0	high	numpunct,~numpunct
std::__ndk1::numpunct<char>	40	8	int	?	0	2	1	0	high	numpunct,~numpunct
std::__ndk1::numpunct<wchar_t>	0	8	int	?	0	2	1	0	high	numpunct,~numpunct
std::__ndk1::numpunct<wchar_t>	16	4	int	?	0	2	1	0	high	do_decimal_point,numpunct
std::__ndk1::numpunct<wchar_t>	24	1	int	u	0	2	1	0	high	numpunct,~numpunct
std::__ndk1::numpunct<wchar_t>	40	8	int	?	0	2	1	0	high	numpunct,~numpunct
std::__ndk1::numpunct_byname<char>	0	8	int	?	0	2	1	0	high	numpunct_byname,~numpunct_byname
std::__ndk1::numpunct_byname<char>	24	1	int	u	0	2	1	0	high	numpunct_byname,~numpunct_byname
std::__ndk1::numpunct_byname<char>	40	8	int	?	0	2	1	0	high	numpunct_byname,~numpunct_byname
std::__ndk1::numpunct_byname<wchar_t>	0	8	int	?	0	2	1	0	high	numpunct_byname,~numpunct_byname
std::__ndk1::numpunct_byname<wchar_t>	24	1	int	u	0	2	1	0	high	numpunct_byname,~numpunct_byname
std::__ndk1::numpunct_byname<wchar_t>	40	8	int	?	0	2	1	0	high	numpunct_byname,~numpunct_byname
std::__ndk1::piecewise_construct_t	0	4	int	?	0	3	0	0	med	__emplace_unique_key_args<Walaber::AnimationEventType,std::__ndk1::piecewise_construct_t_const&,std::__ndk1::tuple<Walaber::AnimationEventType&&>,std::__ndk1::tuple<>>,__emplace_unique_key_args<Walaber::Language,std::__ndk1::piecewise_construct_t_const&,std::__ndk1::tuple<Walaber::Language_const&>,std::__ndk1::tuple<>>,__emplace_unique_key_args<WaterConcept::Screen_Hub::HubAction,std::__ndk1::piecewise_construct_t_const&,std::__ndk1::tuple<WaterConcept::Screen_Hub::HubAction_const&>,std::__ndk1::tuple<>>
std::__ndk1::promise<void>	0	8	int	?	0	7	1	0	high	get_future,promise,set_exception
std::__ndk1::recursive_timed_mutex	88	8	int	?	0	3	0	0	med	lock,try_lock,unlock
std::__ndk1::recursive_timed_mutex	96	8	int	?	0	3	1	0	high	lock,recursive_timed_mutex,try_lock
std::__ndk1::shared_future<void>	0	8	int	?	0	2	1	0	high	operator=,~shared_future
std::__ndk1::system_error	0	8	int	?	0	2	1	0	high	__init,system_error
std::__ndk1::thread	0	8	int	?	0	3	1	0	high	detach,join,~thread
std::__ndk1::time_get<char, std::__ndk1::istreambuf_iterator<char, std::__ndk1::char_traits<char>>>	16	8	int	?	0	7	4	0	high	__get_am_pm,__get_monthname,__get_weekdayname
std::__ndk1::time_get<wchar_t, std::__ndk1::istreambuf_iterator<wchar_t, std::__ndk1::char_traits<wchar_t>>>	16	8	int	?	0	7	4	0	high	__get_am_pm,__get_monthname,__get_weekdayname
std::__ndk1::timed_mutex	88	1	int	u	0	4	1	0	high	lock,timed_mutex,try_lock
std::__ndk1::vector<Walaber::Achievement, std::__ndk1::allocator<Walaber::Achievement>>	0	8	int	?	0	3	0	0	med	__swap_out_circular_buffer,__vallocate,vector
std::__ndk1::vector<Walaber::Achievement, std::__ndk1::allocator<Walaber::Achievement>>	8	8	int	?	0	3	0	0	med	__swap_out_circular_buffer,__vallocate,vector
std::__ndk1::vector<Walaber::Achievement, std::__ndk1::allocator<Walaber::Achievement>>	16	8	int	?	0	3	0	0	med	__swap_out_circular_buffer,__vallocate,vector
std::__ndk1::vector<Walaber::AnimationCueAnimationTrack::CueAnimationEvent, std::__ndk1::allocator<Walaber::AnimationCueAnimationTrack::CueAnimationEvent>>	0	8	int	?	0	5	0	0	high	__swap_out_circular_buffer,__vallocate,__vdeallocate
std::__ndk1::vector<Walaber::AnimationCueAnimationTrack::CueAnimationEvent, std::__ndk1::allocator<Walaber::AnimationCueAnimationTrack::CueAnimationEvent>>	8	8	int	?	0	6	0	0	high	__move_range,__swap_out_circular_buffer,__vallocate
std::__ndk1::vector<Walaber::AnimationCueAnimationTrack::CueAnimationEvent, std::__ndk1::allocator<Walaber::AnimationCueAnimationTrack::CueAnimationEvent>>	16	8	int	?	0	5	0	0	high	__swap_out_circular_buffer,__vallocate,__vdeallocate
std::__ndk1::vector<Walaber::Color, std::__ndk1::allocator<Walaber::Color>>	0	8	int	?	0	3	0	0	med	__swap_out_circular_buffer,__vallocate,vector
std::__ndk1::vector<Walaber::Color, std::__ndk1::allocator<Walaber::Color>>	8	8	int	?	0	3	0	0	med	__swap_out_circular_buffer,__vallocate,vector
std::__ndk1::vector<Walaber::Color, std::__ndk1::allocator<Walaber::Color>>	16	8	int	?	0	3	0	0	med	__swap_out_circular_buffer,__vallocate,vector
std::__ndk1::vector<Walaber::FluidParticle, std::__ndk1::allocator<Walaber::FluidParticle>>	0	8	int	?	0	4	0	0	high	__swap_out_circular_buffer,__vallocate,insert
std::__ndk1::vector<Walaber::FluidParticle, std::__ndk1::allocator<Walaber::FluidParticle>>	8	8	int	?	0	5	0	0	high	__move_range,__swap_out_circular_buffer,__vallocate
std::__ndk1::vector<Walaber::FluidParticle, std::__ndk1::allocator<Walaber::FluidParticle>>	16	8	int	?	0	4	0	0	high	__swap_out_circular_buffer,__vallocate,insert
std::__ndk1::vector<Walaber::Particle, std::__ndk1::allocator<Walaber::Particle>>	0	8	int	?	0	4	0	0	high	__swap_out_circular_buffer,__vallocate,insert
std::__ndk1::vector<Walaber::Particle, std::__ndk1::allocator<Walaber::Particle>>	8	8	int	?	0	6	0	0	high	__construct_at_end,__move_range,__swap_out_circular_buffer
std::__ndk1::vector<Walaber::Particle, std::__ndk1::allocator<Walaber::Particle>>	16	8	int	?	0	4	0	0	high	__swap_out_circular_buffer,__vallocate,insert
std::__ndk1::vector<Walaber::PositionColorVert, std::__ndk1::allocator<Walaber::PositionColorVert>>	0	8	int	?	0	2	0	0	med	__vallocate,vector
std::__ndk1::vector<Walaber::PositionColorVert, std::__ndk1::allocator<Walaber::PositionColorVert>>	8	8	int	?	0	2	0	0	med	__vallocate,vector
std::__ndk1::vector<Walaber::PositionColorVert, std::__ndk1::allocator<Walaber::PositionColorVert>>	16	8	int	?	0	2	0	0	med	__vallocate,vector
std::__ndk1::vector<Walaber::PositionTextureVert, std::__ndk1::allocator<Walaber::PositionTextureVert>>	0	8	int	?	0	2	0	0	med	__vallocate,vector
std::__ndk1::vector<Walaber::PositionTextureVert, std::__ndk1::allocator<Walaber::PositionTextureVert>>	8	8	int	?	0	2	0	0	med	__vallocate,vector
std::__ndk1::vector<Walaber::PositionTextureVert, std::__ndk1::allocator<Walaber::PositionTextureVert>>	16	8	int	?	0	2	0	0	med	__vallocate,vector
std::__ndk1::vector<Walaber::RibbonParticle<10>, std::__ndk1::allocator<Walaber::RibbonParticle<10>>>	0	8	int	?	0	2	0	0	med	__vallocate,vector
std::__ndk1::vector<Walaber::RibbonParticle<10>, std::__ndk1::allocator<Walaber::RibbonParticle<10>>>	8	8	int	?	0	3	0	0	med	__construct_at_end,__vallocate,vector
std::__ndk1::vector<Walaber::RibbonParticle<10>, std::__ndk1::allocator<Walaber::RibbonParticle<10>>>	16	8	int	?	0	2	0	0	med	__vallocate,vector
std::__ndk1::vector<Walaber::ScreenManager::ScreenOperationDetails, std::__ndk1::allocator<Walaber::ScreenManager::ScreenOperationDetails>>	0	8	int	?	0	4	0	0	high	__swap_out_circular_buffer,__vallocate,__vdeallocate
std::__ndk1::vector<Walaber::ScreenManager::ScreenOperationDetails, std::__ndk1::allocator<Walaber::ScreenManager::ScreenOperationDetails>>	8	8	int	?	0	5	0	0	high	__move_range,__swap_out_circular_buffer,__vallocate
std::__ndk1::vector<Walaber::ScreenManager::ScreenOperationDetails, std::__ndk1::allocator<Walaber::ScreenManager::ScreenOperationDetails>>	16	8	int	?	0	4	0	0	high	__swap_out_circular_buffer,__vallocate,__vdeallocate
std::__ndk1::vector<Walaber::SharedPtr<Walaber::Callback>, std::__ndk1::allocator<Walaber::SharedPtr<Walaber::Callback>>>	0	8	int	?	0	3	0	0	med	__swap_out_circular_buffer,__vallocate,vector
std::__ndk1::vector<Walaber::SharedPtr<Walaber::Callback>, std::__ndk1::allocator<Walaber::SharedPtr<Walaber::Callback>>>	8	8	int	?	0	3	0	0	med	__swap_out_circular_buffer,__vallocate,vector
std::__ndk1::vector<Walaber::SharedPtr<Walaber::Callback>, std::__ndk1::allocator<Walaber::SharedPtr<Walaber::Callback>>>	16	8	int	?	0	3	0	0	med	__swap_out_circular_buffer,__vallocate,vector
std::__ndk1::vector<Walaber::SharedPtr<Walaber::Texture>, std::__ndk1::allocator<Walaber::SharedPtr<Walaber::Texture>>>	0	8	int	?	0	3	0	0	med	__swap_out_circular_buffer,__vallocate,vector
std::__ndk1::vector<Walaber::SharedPtr<Walaber::Texture>, std::__ndk1::allocator<Walaber::SharedPtr<Walaber::Texture>>>	8	8	int	?	0	3	0	0	med	__swap_out_circular_buffer,__vallocate,vector
std::__ndk1::vector<Walaber::SharedPtr<Walaber::Texture>, std::__ndk1::allocator<Walaber::SharedPtr<Walaber::Texture>>>	16	8	int	?	0	3	0	0	med	__swap_out_circular_buffer,__vallocate,vector
std::__ndk1::vector<Walaber::SkeletonActorCueAnimationTrack::CueAnimationEvent, std::__ndk1::allocator<Walaber::SkeletonActorCueAnimationTrack::CueAnimationEvent>>	0	8	int	?	0	3	0	0	med	__vallocate,__vdeallocate,vector
std::__ndk1::vector<Walaber::SkeletonActorCueAnimationTrack::CueAnimationEvent, std::__ndk1::allocator<Walaber::SkeletonActorCueAnimationTrack::CueAnimationEvent>>	8	8	int	?	0	3	0	0	med	__vallocate,__vdeallocate,vector
std::__ndk1::vector<Walaber::SkeletonActorCueAnimationTrack::CueAnimationEvent, std::__ndk1::allocator<Walaber::SkeletonActorCueAnimationTrack::CueAnimationEvent>>	16	8	int	?	0	3	0	0	med	__vallocate,__vdeallocate,vector
std::__ndk1::vector<Walaber::SoundManager::SoundInfo, std::__ndk1::allocator<Walaber::SoundManager::SoundInfo>>	0	8	int	?	0	2	0	0	med	__swap_out_circular_buffer,__vdeallocate
std::__ndk1::vector<Walaber::SoundManager::SoundInfo, std::__ndk1::allocator<Walaber::SoundManager::SoundInfo>>	8	8	int	?	0	2	0	0	med	__swap_out_circular_buffer,__vdeallocate
std::__ndk1::vector<Walaber::SoundManager::SoundInfo, std::__ndk1::allocator<Walaber::SoundManager::SoundInfo>>	16	8	int	?	0	2	0	0	med	__swap_out_circular_buffer,__vdeallocate
std::__ndk1::vector<Walaber::SpriteAnimationTrack::SpriteAnimationEvent, std::__ndk1::allocator<Walaber::SpriteAnimationTrack::SpriteAnimationEvent>>	0	8	int	?	0	5	0	0	high	__swap_out_circular_buffer,__vallocate,__vdeallocate
std::__ndk1::vector<Walaber::SpriteAnimationTrack::SpriteAnimationEvent, std::__ndk1::allocator<Walaber::SpriteAnimationTrack::SpriteAnimationEvent>>	8	8	int	?	0	6	0	0	high	__move_range,__swap_out_circular_buffer,__vallocate
std::__ndk1::vector<Walaber::SpriteAnimationTrack::SpriteAnimationEvent, std::__ndk1::allocator<Walaber::SpriteAnimationTrack::SpriteAnimationEvent>>	16	8	int	?	0	5	0	0	high	__swap_out_circular_buffer,__vallocate,__vdeallocate
std::__ndk1::vector<Walaber::SpriteBatch::DrawAction*, std::__ndk1::allocator<Walaber::SpriteBatch::DrawAction*>>	0	8	int	?	0	2	0	0	med	__vallocate,vector
std::__ndk1::vector<Walaber::SpriteBatch::DrawAction*, std::__ndk1::allocator<Walaber::SpriteBatch::DrawAction*>>	8	8	int	?	0	2	0	0	med	__vallocate,vector
std::__ndk1::vector<Walaber::SpriteBatch::DrawAction*, std::__ndk1::allocator<Walaber::SpriteBatch::DrawAction*>>	16	8	int	?	0	2	0	0	med	__vallocate,vector
std::__ndk1::vector<Walaber::TextLineInfo, std::__ndk1::allocator<Walaber::TextLineInfo>>	0	8	int	?	0	3	0	0	med	__swap_out_circular_buffer,__vallocate,__vdeallocate
std::__ndk1::vector<Walaber::TextLineInfo, std::__ndk1::allocator<Walaber::TextLineInfo>>	8	8	int	?	0	3	0	0	med	__swap_out_circular_buffer,__vallocate,__vdeallocate
std::__ndk1::vector<Walaber::TextLineInfo, std::__ndk1::allocator<Walaber::TextLineInfo>>	16	8	int	?	0	3	0	0	med	__swap_out_circular_buffer,__vallocate,__vdeallocate
std::__ndk1::vector<Walaber::TextureManager::SubTexInfo, std::__ndk1::allocator<Walaber::TextureManager::SubTexInfo>>	0	8	int	?	0	3	0	0	med	__swap_out_circular_buffer,__vallocate,__vdeallocate
std::__ndk1::vector<Walaber::TextureManager::SubTexInfo, std::__ndk1::allocator<Walaber::TextureManager::SubTexInfo>>	8	8	int	?	0	3	0	0	med	__swap_out_circular_buffer,__vallocate,__vdeallocate
std::__ndk1::vector<Walaber::TextureManager::SubTexInfo, std::__ndk1::allocator<Walaber::TextureManager::SubTexInfo>>	16	8	int	?	0	3	0	0	med	__swap_out_circular_buffer,__vallocate,__vdeallocate
std::__ndk1::vector<Walaber::Vector2, std::__ndk1::allocator<Walaber::Vector2>>	0	8	int	?	0	5	0	0	high	__move_assign,__swap_out_circular_buffer,__vallocate
std::__ndk1::vector<Walaber::Vector2, std::__ndk1::allocator<Walaber::Vector2>>	8	8	int	?	0	6	0	0	high	__move_assign,__move_range,__swap_out_circular_buffer
std::__ndk1::vector<Walaber::Vector2, std::__ndk1::allocator<Walaber::Vector2>>	16	8	int	?	0	5	0	0	high	__move_assign,__swap_out_circular_buffer,__vallocate
std::__ndk1::vector<Walaber::Widget*, std::__ndk1::allocator<Walaber::Widget*>>	0	8	int	?	0	2	0	0	med	__vallocate,vector
std::__ndk1::vector<Walaber::Widget*, std::__ndk1::allocator<Walaber::Widget*>>	8	8	int	?	0	2	0	0	med	__vallocate,vector
std::__ndk1::vector<Walaber::Widget*, std::__ndk1::allocator<Walaber::Widget*>>	16	8	int	?	0	2	0	0	med	__vallocate,vector
std::__ndk1::vector<Walaber::Widget_IconList::Icon, std::__ndk1::allocator<Walaber::Widget_IconList::Icon>>	0	8	int	?	0	3	0	0	med	__swap_out_circular_buffer,__vallocate,__vdeallocate
std::__ndk1::vector<Walaber::Widget_IconList::Icon, std::__ndk1::allocator<Walaber::Widget_IconList::Icon>>	8	8	int	?	0	3	0	0	med	__swap_out_circular_buffer,__vallocate,__vdeallocate
std::__ndk1::vector<Walaber::Widget_IconList::Icon, std::__ndk1::allocator<Walaber::Widget_IconList::Icon>>	16	8	int	?	0	3	0	0	med	__swap_out_circular_buffer,__vallocate,__vdeallocate
std::__ndk1::vector<Walaber::Widget_Label*, std::__ndk1::allocator<Walaber::Widget_Label*>>	0	8	int	?	0	2	0	0	med	__vallocate,vector
std::__ndk1::vector<Walaber::Widget_Label*, std::__ndk1::allocator<Walaber::Widget_Label*>>	8	8	int	?	0	2	0	0	med	__vallocate,vector
std::__ndk1::vector<Walaber::Widget_Label*, std::__ndk1::allocator<Walaber::Widget_Label*>>	16	8	int	?	0	2	0	0	med	__vallocate,vector
std::__ndk1::vector<WaterConcept::Fluid, std::__ndk1::allocator<WaterConcept::Fluid>>	0	8	int	?	0	3	0	0	med	__swap_out_circular_buffer,__vallocate,vector
std::__ndk1::vector<WaterConcept::Fluid, std::__ndk1::allocator<WaterConcept::Fluid>>	8	8	int	?	0	4	0	0	high	__construct_at_end,__swap_out_circular_buffer,__vallocate
std::__ndk1::vector<WaterConcept::Fluid, std::__ndk1::allocator<WaterConcept::Fluid>>	16	8	int	?	0	3	0	0	med	__swap_out_circular_buffer,__vallocate,vector
std::__ndk1::vector<WaterConcept::Fluids::FluidCollisionRecord, std::__ndk1::allocator<WaterConcept::Fluids::FluidCollisionRecord>>	0	8	int	?	0	3	0	0	med	__swap_out_circular_buffer,__vallocate,reserve
std::__ndk1::vector<WaterConcept::Fluids::FluidCollisionRecord, std::__ndk1::allocator<WaterConcept::Fluids::FluidCollisionRecord>>	8	8	int	?	0	3	0	0	med	__swap_out_circular_buffer,__vallocate,reserve
std::__ndk1::vector<WaterConcept::Fluids::FluidCollisionRecord, std::__ndk1::allocator<WaterConcept::Fluids::FluidCollisionRecord>>	16	8	int	?	0	3	0	0	med	__swap_out_circular_buffer,__vallocate,reserve
std::__ndk1::vector<WaterConcept::InteractiveObject*, std::__ndk1::allocator<WaterConcept::InteractiveObject*>>	0	8	int	?	0	2	0	0	med	__swap_out_circular_buffer,insert
std::__ndk1::vector<WaterConcept::InteractiveObject*, std::__ndk1::allocator<WaterConcept::InteractiveObject*>>	8	8	int	?	0	2	0	0	med	__swap_out_circular_buffer,insert
std::__ndk1::vector<WaterConcept::InteractiveObject*, std::__ndk1::allocator<WaterConcept::InteractiveObject*>>	16	8	int	?	0	2	0	0	med	__swap_out_circular_buffer,insert
std::__ndk1::vector<WaterConcept::ParticleDescription, std::__ndk1::allocator<WaterConcept::ParticleDescription>>	0	8	int	?	0	2	0	0	med	__swap_out_circular_buffer,insert
std::__ndk1::vector<WaterConcept::ParticleDescription, std::__ndk1::allocator<WaterConcept::ParticleDescription>>	8	8	int	?	0	2	0	0	med	__swap_out_circular_buffer,insert
std::__ndk1::vector<WaterConcept::ParticleDescription, std::__ndk1::allocator<WaterConcept::ParticleDescription>>	16	8	int	?	0	2	0	0	med	__swap_out_circular_buffer,insert
std::__ndk1::vector<WaterConcept::Screen_Editor::ObjectData, std::__ndk1::allocator<WaterConcept::Screen_Editor::ObjectData>>	0	8	int	?	0	2	0	0	med	__swap_out_circular_buffer,insert
std::__ndk1::vector<WaterConcept::Screen_Editor::ObjectData, std::__ndk1::allocator<WaterConcept::Screen_Editor::ObjectData>>	8	8	int	?	0	3	0	0	med	__move_range,__swap_out_circular_buffer,insert
std::__ndk1::vector<WaterConcept::Screen_Editor::ObjectData, std::__ndk1::allocator<WaterConcept::Screen_Editor::ObjectData>>	16	8	int	?	0	2	0	0	med	__swap_out_circular_buffer,insert
std::__ndk1::vector<WaterConcept::Screen_InAppPurchase::product, std::__ndk1::allocator<WaterConcept::Screen_InAppPurchase::product>>	0	8	int	?	0	3	0	0	med	__swap_out_circular_buffer,__vallocate,vector
std::__ndk1::vector<WaterConcept::Screen_InAppPurchase::product, std::__ndk1::allocator<WaterConcept::Screen_InAppPurchase::product>>	8	8	int	?	0	3	0	0	med	__swap_out_circular_buffer,__vallocate,vector
std::__ndk1::vector<WaterConcept::Screen_InAppPurchase::product, std::__ndk1::allocator<WaterConcept::Screen_InAppPurchase::product>>	16	8	int	?	0	3	0	0	med	__swap_out_circular_buffer,__vallocate,vector
std::__ndk1::vector<WaterConcept::Screen_MainMenu_v2::DuckInfo, std::__ndk1::allocator<WaterConcept::Screen_MainMenu_v2::DuckInfo>>	0	8	int	?	0	3	0	0	med	__swap_out_circular_buffer,__vallocate,vector
std::__ndk1::vector<WaterConcept::Screen_MainMenu_v2::DuckInfo, std::__ndk1::allocator<WaterConcept::Screen_MainMenu_v2::DuckInfo>>	8	8	int	?	0	3	0	0	med	__swap_out_circular_buffer,__vallocate,vector
std::__ndk1::vector<WaterConcept::Screen_MainMenu_v2::DuckInfo, std::__ndk1::allocator<WaterConcept::Screen_MainMenu_v2::DuckInfo>>	16	8	int	?	0	3	0	0	med	__swap_out_circular_buffer,__vallocate,vector
std::__ndk1::vector<WaterConcept::Screen_WaterTest::FingerStamp, std::__ndk1::allocator<WaterConcept::Screen_WaterTest::FingerStamp>>	0	8	int	?	0	3	0	0	med	__swap_out_circular_buffer,__vallocate,vector
std::__ndk1::vector<WaterConcept::Screen_WaterTest::FingerStamp, std::__ndk1::allocator<WaterConcept::Screen_WaterTest::FingerStamp>>	8	8	int	?	0	3	0	0	med	__swap_out_circular_buffer,__vallocate,vector
std::__ndk1::vector<WaterConcept::Screen_WaterTest::FingerStamp, std::__ndk1::allocator<WaterConcept::Screen_WaterTest::FingerStamp>>	16	8	int	?	0	3	0	0	med	__swap_out_circular_buffer,__vallocate,vector
std::__ndk1::vector<WaterConcept::Spout*, std::__ndk1::allocator<WaterConcept::Spout*>>	0	8	int	?	0	2	0	0	med	__vallocate,vector
std::__ndk1::vector<WaterConcept::Spout*, std::__ndk1::allocator<WaterConcept::Spout*>>	8	8	int	?	0	2	0	0	med	__vallocate,vector
std::__ndk1::vector<WaterConcept::Spout*, std::__ndk1::allocator<WaterConcept::Spout*>>	16	8	int	?	0	2	0	0	med	__vallocate,vector
std::__ndk1::vector<WaterConcept::StarSeed*, std::__ndk1::allocator<WaterConcept::StarSeed*>>	0	8	int	?	0	2	0	0	med	__vallocate,vector
std::__ndk1::vector<WaterConcept::StarSeed*, std::__ndk1::allocator<WaterConcept::StarSeed*>>	8	8	int	?	0	2	0	0	med	__vallocate,vector
std::__ndk1::vector<WaterConcept::StarSeed*, std::__ndk1::allocator<WaterConcept::StarSeed*>>	16	8	int	?	0	2	0	0	med	__vallocate,vector
std::__ndk1::vector<WaterConcept::World::WorldSpoutConnection, std::__ndk1::allocator<WaterConcept::World::WorldSpoutConnection>>	0	8	int	?	0	5	0	0	high	__swap_out_circular_buffer,__vallocate,__vdeallocate
std::__ndk1::vector<WaterConcept::World::WorldSpoutConnection, std::__ndk1::allocator<WaterConcept::World::WorldSpoutConnection>>	8	8	int	?	0	6	0	0	high	__move_range,__swap_out_circular_buffer,__vallocate
std::__ndk1::vector<WaterConcept::World::WorldSpoutConnection, std::__ndk1::allocator<WaterConcept::World::WorldSpoutConnection>>	16	8	int	?	0	5	0	0	high	__swap_out_circular_buffer,__vallocate,__vdeallocate
std::__ndk1::vector<bool, std::__ndk1::allocator<bool>>	0	8	int	?	0	4	0	0	high	__vallocate,push_back,reserve
std::__ndk1::vector<bool, std::__ndk1::allocator<bool>>	8	8	int	?	0	4	0	0	high	__vallocate,push_back,reserve
std::__ndk1::vector<bool, std::__ndk1::allocator<bool>>	16	8	int	?	0	4	0	0	high	__vallocate,push_back,reserve
std::__ndk1::vector<char, std::__ndk1::allocator<char>>	0	8	int	?	0	2	0	0	med	__vallocate,vector
std::__ndk1::vector<char, std::__ndk1::allocator<char>>	8	8	int	?	0	2	0	0	med	__vallocate,vector
std::__ndk1::vector<char, std::__ndk1::allocator<char>>	16	8	int	?	0	2	0	0	med	__vallocate,vector
std::__ndk1::vector<int, std::__ndk1::allocator<int>>	0	8	int	?	0	3	0	0	med	__vallocate,reserve,vector
std::__ndk1::vector<int, std::__ndk1::allocator<int>>	8	8	int	?	0	3	0	0	med	__vallocate,reserve,vector
std::__ndk1::vector<int, std::__ndk1::allocator<int>>	16	8	int	?	0	3	0	0	med	__vallocate,reserve,vector
std::__ndk1::vector<ndk::MotionEvent, std::__ndk1::allocator<ndk::MotionEvent>>	0	8	int	?	0	3	0	0	med	__append,__swap_out_circular_buffer,resize
std::__ndk1::vector<ndk::MotionEvent, std::__ndk1::allocator<ndk::MotionEvent>>	8	8	int	?	0	3	0	0	med	__append,__swap_out_circular_buffer,resize
std::__ndk1::vector<ndk::MotionEvent, std::__ndk1::allocator<ndk::MotionEvent>>	16	8	int	?	0	2	0	0	med	__append,__swap_out_circular_buffer
std::__ndk1::vector<std::__ndk1::basic_string<char, std::__ndk1::char_traits<char>, std::__ndk1::allocator<char>>, std::__ndk1::allocator<std::__ndk1::basic_string<char, std::__ndk1::char_traits<char>, std::__ndk1::allocator<char>>>>	0	8	int	?	0	3	0	0	med	__vallocate,__vdeallocate,vector
std::__ndk1::vector<std::__ndk1::basic_string<char, std::__ndk1::char_traits<char>, std::__ndk1::allocator<char>>, std::__ndk1::allocator<std::__ndk1::basic_string<char, std::__ndk1::char_traits<char>, std::__ndk1::allocator<char>>>>	8	8	int	?	0	3	0	0	med	__vallocate,__vdeallocate,vector
std::__ndk1::vector<std::__ndk1::basic_string<char, std::__ndk1::char_traits<char>, std::__ndk1::allocator<char>>, std::__ndk1::allocator<std::__ndk1::basic_string<char, std::__ndk1::char_traits<char>, std::__ndk1::allocator<char>>>>	16	8	int	?	0	3	0	0	med	__vallocate,__vdeallocate,vector
std::__ndk1::vector<std::__ndk1::pair<float, int>, std::__ndk1::allocator<std::__ndk1::pair<float, int>>>	0	8	int	?	0	2	0	0	med	__vallocate,vector
std::__ndk1::vector<std::__ndk1::pair<float, int>, std::__ndk1::allocator<std::__ndk1::pair<float, int>>>	8	8	int	?	0	2	0	0	med	__vallocate,vector
std::__ndk1::vector<std::__ndk1::pair<float, int>, std::__ndk1::allocator<std::__ndk1::pair<float, int>>>	16	8	int	?	0	2	0	0	med	__vallocate,vector
std::__ndk1::vector<std::__ndk1::pair<std::__ndk1::basic_string<char, std::__ndk1::char_traits<char>, std::__ndk1::allocator<char>>, std::__ndk1::basic_string<char, std::__ndk1::char_traits<char>, std::__ndk1::allocator<char>>>, std::__ndk1::allocator<std::__ndk1::pair<std::__ndk1::basic_string<char, std::__ndk1::char_traits<char>, std::__ndk1::allocator<char>>, std::__ndk1::basic_string<char, std::__ndk1::char_traits<char>, std::__ndk1::allocator<char>>>>>	0	8	int	?	0	3	0	0	med	__swap_out_circular_buffer,__vallocate,vector
std::__ndk1::vector<std::__ndk1::pair<std::__ndk1::basic_string<char, std::__ndk1::char_traits<char>, std::__ndk1::allocator<char>>, std::__ndk1::basic_string<char, std::__ndk1::char_traits<char>, std::__ndk1::allocator<char>>>, std::__ndk1::allocator<std::__ndk1::pair<std::__ndk1::basic_string<char, std::__ndk1::char_traits<char>, std::__ndk1::allocator<char>>, std::__ndk1::basic_string<char, std::__ndk1::char_traits<char>, std::__ndk1::allocator<char>>>>>	8	8	int	?	0	3	0	0	med	__swap_out_circular_buffer,__vallocate,vector
std::__ndk1::vector<std::__ndk1::pair<std::__ndk1::basic_string<char, std::__ndk1::char_traits<char>, std::__ndk1::allocator<char>>, std::__ndk1::basic_string<char, std::__ndk1::char_traits<char>, std::__ndk1::allocator<char>>>, std::__ndk1::allocator<std::__ndk1::pair<std::__ndk1::basic_string<char, std::__ndk1::char_traits<char>, std::__ndk1::allocator<char>>, std::__ndk1::basic_string<char, std::__ndk1::char_traits<char>, std::__ndk1::allocator<char>>>>>	16	8	int	?	0	3	0	0	med	__swap_out_circular_buffer,__vallocate,vector
std::__ndk1::vector<std::__ndk1::vector<Walaber::PositionTextureColorVert, std::__ndk1::allocator<Walaber::PositionTextureColorVert>>, std::__ndk1::allocator<std::__ndk1::vector<Walaber::PositionTextureColorVert, std::__ndk1::allocator<Walaber::PositionTextureColorVert>>>>	0	8	int	?	0	2	0	0	med	__swap_out_circular_buffer,reserve
std::__ndk1::vector<std::__ndk1::vector<Walaber::PositionTextureColorVert, std::__ndk1::allocator<Walaber::PositionTextureColorVert>>, std::__ndk1::allocator<std::__ndk1::vector<Walaber::PositionTextureColorVert, std::__ndk1::allocator<Walaber::PositionTextureColorVert>>>>	8	8	int	?	0	2	0	0	med	__swap_out_circular_buffer,reserve
std::__ndk1::vector<std::__ndk1::vector<Walaber::PositionTextureColorVert, std::__ndk1::allocator<Walaber::PositionTextureColorVert>>, std::__ndk1::allocator<std::__ndk1::vector<Walaber::PositionTextureColorVert, std::__ndk1::allocator<Walaber::PositionTextureColorVert>>>>	16	8	int	?	0	2	0	0	med	__swap_out_circular_buffer,reserve
std::__ndk1::vector<std::__ndk1::vector<Walaber::Vector2, std::__ndk1::allocator<Walaber::Vector2>>, std::__ndk1::allocator<std::__ndk1::vector<Walaber::Vector2, std::__ndk1::allocator<Walaber::Vector2>>>>	0	8	int	?	0	3	0	0	med	__swap_out_circular_buffer,__vallocate,vector
std::__ndk1::vector<std::__ndk1::vector<Walaber::Vector2, std::__ndk1::allocator<Walaber::Vector2>>, std::__ndk1::allocator<std::__ndk1::vector<Walaber::Vector2, std::__ndk1::allocator<Walaber::Vector2>>>>	8	8	int	?	0	3	0	0	med	__swap_out_circular_buffer,__vallocate,vector
std::__ndk1::vector<std::__ndk1::vector<Walaber::Vector2, std::__ndk1::allocator<Walaber::Vector2>>, std::__ndk1::allocator<std::__ndk1::vector<Walaber::Vector2, std::__ndk1::allocator<Walaber::Vector2>>>>	16	8	int	?	0	3	0	0	med	__swap_out_circular_buffer,__vallocate,vector
std::__ndk1::vector<unsigned int, std::__ndk1::allocator<unsigned int>>	0	8	int	?	0	2	0	0	med	__vallocate,vector
std::__ndk1::vector<unsigned int, std::__ndk1::allocator<unsigned int>>	8	8	int	?	0	2	0	0	med	__vallocate,vector
std::__ndk1::vector<unsigned int, std::__ndk1::allocator<unsigned int>>	16	8	int	?	0	2	0	0	med	__vallocate,vector
std::exception_ptr	0	8	int	?	0	3	2	4	high	exception_ptr,operator=,~exception_ptr
std::logic_error	0	8	int	?	0	2	2	0	high	logic_error,~logic_error
std::logic_error	8	8	int	?	0	4	2	1	high	logic_error,operator=,what
std::nested_exception	0	8	int	?	0	2	2	0	high	nested_exception,~nested_exception
std::nested_exception	8	8	int	?	0	3	2	0	high	nested_exception,rethrow_nested,~nested_exception
std::runtime_error	0	8	int	?	0	2	2	0	high	runtime_error,~runtime_error
std::runtime_error	8	8	int	?	0	4	2	1	high	operator=,runtime_error,what
