#	file	address	size	mangled	demangled	status
AnimationActionData.cpp	0x348144	64	_ZN7Walaber13SkeletonActor19AnimationActionDataD2Ev	AnimationActionData::~AnimationActionData	ok
AnimationActionData.cpp	0x348184	68	_ZN7Walaber13SkeletonActor19AnimationActionDataD0Ev	AnimationActionData::~AnimationActionData	ok
Bomb.cpp	0x47775c	176	_ZN12WaterConcept4BombC2EN7Walaber7Vector2EfS2_	Bomb::Bomb	ok
Bomb.cpp	0x47780c	220	_ZN12WaterConcept4BombD0Ev	Bomb::~Bomb	ok
BroadcastManager.cpp	0x3e86e8	1048	_ZN7Walaber16BroadcastManagerC2Ev	BroadcastManager::BroadcastManager	ok
Collectible.cpp	0x478574	88	_ZN12WaterConcept11CollectibleC2EN7Walaber7Vector2EfS2_	Collectible::Collectible	ok
Collectible.cpp	0x47861c	320	_ZN12WaterConcept11CollectibleD2Ev	Collectible::~Collectible	ok
Curve.cpp	0x3e0774	120	_ZN7Walaber5CurveD2Ev	Curve::~Curve	ok
Curve.cpp	0x3e3f2c	1256	_ZN7Walaber5CurveC2EPcRj	Curve::Curve	ok
DirtyWall.cpp	0x47928c	92	_ZN12WaterConcept9DirtyWallC2EN7Walaber7Vector2EfS2_PNS_6FluidsE	DirtyWall::DirtyWall	ok
DirtyWall.cpp	0x4792e8	64	_ZN12WaterConcept9DirtyWallD2Ev	DirtyWall::~DirtyWall	ok
DirtyWall.cpp	0x479328	84	_ZN12WaterConcept9DirtyWallD0Ev	DirtyWall::~DirtyWall	ok
FH_StandardFileSystem.cpp	0x3d4418	60	_ZN7Walaber11FileManager21FH_StandardFileSystemD2Ev	FH_StandardFileSystem::~FH_StandardFileSystem	ok
FH_StandardFileSystem.cpp	0x3d4454	52	_ZN7Walaber11FileManager21FH_StandardFileSystemD0Ev	FH_StandardFileSystem::~FH_StandardFileSystem	ok
Fan.cpp	0x4797ac	92	_ZN12WaterConcept3FanC2EN7Walaber7Vector2EfS2_	Fan::Fan	ok
Fan.cpp	0x479808	64	_ZN12WaterConcept3FanD2Ev	Fan::~Fan	ok
Fan.cpp	0x47989c	140	_ZN12WaterConcept3FanD0Ev	Fan::~Fan	ok
FileExistsCallbackParameters.cpp	0x3d2800	8	_ZN7Walaber11FileManager28FileExistsCallbackParametersC2ERKNSt6__ndk112basic_stringIcNS2_11char_traitsIcEENS2_9allocatorIcEEEEbSA_SA_RKNS_12PropertyListE	FileExistsCallbackParameters::FileExistsCallbackParameters	ok
Flipbook.cpp	0x359130	152	_ZN7Walaber8FlipbookC2ERKNSt6__ndk112basic_stringIcNS1_11char_traitsIcEENS1_9allocatorIcEEEE	Flipbook::Flipbook	ok
Floater.cpp	0x47aa04	52	_ZN12WaterConcept7FloaterC2EN7Walaber7Vector2EfS2_	Floater::Floater	ok
Floater.cpp	0x47aacc	4	_ZN12WaterConcept7FloaterD2Ev	Floater::~Floater	ok
FluidConverter.cpp	0x47cc98	168	_ZN12WaterConcept14FluidConverterC2EN7Walaber7Vector2EfS2_	FluidConverter::FluidConverter	ok
GameState.cpp	0x42993c	556	_ZN12WaterConcept9GameStateC2EPNS_5WorldE	GameState::GameState	ok
GameState.cpp	0x429b68	296	_ZN12WaterConcept9GameStateC2EPNS_5WorldENS0_11StatePresetENSt6__ndk16vectorIPNS_5SpoutENS4_9allocatorIS7_EEEENS5_IPNS_8StarSeedENS8_ISC_EEEE	GameState::GameState	ok
GameState.cpp	0x42affc	8	_ZN12WaterConcept9GameStateC2EPNS_5WorldENSt6__ndk16vectorIN21WaterConceptConstants9FluidTypeENS3_9allocatorIS6_EEEENS4_INS0_4GoalENS7_ISA_EEEENS4_INS0_13SecondaryGoalENS7_ISD_EEEESF_	GameState::GameState	ok
GameState.cpp	0x42b2b0	136	_ZN12WaterConcept9GameStateD2Ev	GameState::~GameState	ok
HDAssetsNotification.cpp	0x49973c	312	_ZN12WaterConcept20HDAssetsNotificationC2Ev	HDAssetsNotification::HDAssetsNotification	ok
Icon.cpp	0x37d684	1036	_ZN7Walaber15Widget_IconList4IconC2ENS_9SharedPtrINS_7TextureEEEi	Icon::Icon	ok
IcyHot.cpp	0x47eb90	220	_ZN12WaterConcept6IcyHotC2EN7Walaber7Vector2EfS2_PNS_6FluidsE	IcyHot::IcyHot	ok
IcyHot.cpp	0x47ecac	28	_ZN12WaterConcept6IcyHotD2Ev	IcyHot::~IcyHot	ok
_tmpl/IndexGrid_std____ndk1__map_int__WaterCon_fc8b4a7.cpp	0x455934	108	_ZN12WaterConcept9IndexGridINSt6__ndk13mapIiNS_5World7VBODataENS1_4lessIiEENS1_9allocatorINS1_4pairIKiS4_EEEEEEEC2Eii	IndexGrid<std::__ndk1::map<int, WaterConcept::World::VBOData, WaterConcept::IndexGrid::less<int>, WaterConcept::IndexGrid::allocator<WaterConcept::IndexGrid::pair<int const, WaterConcept::World>>>>::IndexGrid	ok
InteractiveObject.cpp	0x480c2c	4	_ZN12WaterConcept17InteractiveObjectC2EN7Walaber7Vector2EfS2_bb	InteractiveObject::InteractiveObject	ok
InteractiveObject.cpp	0x481118	508	_ZN12WaterConcept17InteractiveObjectD2Ev	InteractiveObject::~InteractiveObject	ok
MessageReceiver.cpp	0x3e8580	204	_ZN7Walaber15MessageReceiverD2Ev	MessageReceiver::~MessageReceiver	ok
Mutex.cpp	0x2c6360	68	_ZN3ndk5MutexD2Ev	Mutex::~Mutex	ok
MysteryCave.cpp	0x48ab48	60	_ZN12WaterConcept11MysteryCaveC2EN7Walaber7Vector2EfS2_	MysteryCave::MysteryCave	ok
ObjectData.cpp	0x4c2648	484	_ZN12WaterConcept13Screen_Editor10ObjectDataC2ERKS1_	ObjectData::ObjectData	ok
ObjectData.cpp	0x4ccd60	16	_ZN12WaterConcept13Screen_Editor10ObjectDataC2EOS1_	ObjectData::ObjectData	ok
ParticleEmitter.cpp	0x3906c4	16	_ZN7Walaber15ParticleEmitterC2Ei	ParticleEmitter::ParticleEmitter	ok
ParticleSet.cpp	0x3908a8	360	_ZN7Walaber11ParticleSetD2Ev	ParticleSet::~ParticleSet	ok
ProgrammaticTexture2D.cpp	0x395524	56	_ZN7Walaber21ProgrammaticTexture2DC2ERKNSt6__ndk112basic_stringIcNS1_11char_traitsIcEENS1_9allocatorIcEEEEjjNS_25TextureInMemoryColorspaceE	ProgrammaticTexture2D::ProgrammaticTexture2D	ok
ProgrammaticTexture2D.cpp	0x395764	88	_ZN7Walaber21ProgrammaticTexture2DC2ERKNSt6__ndk112basic_stringIcNS1_11char_traitsIcEENS1_9allocatorIcEEEEjjNS_25TextureInMemoryColorspaceENS_9SharedPtrINS1_6vectorINS_5ColorENS5_ISD_EEEEEE	ProgrammaticTexture2D::ProgrammaticTexture2D	ok
PropActionData.cpp	0x3480c0	68	_ZN7Walaber13SkeletonActor14PropActionDataD2Ev	PropActionData::~PropActionData	ok
PropActionData.cpp	0x348104	64	_ZN7Walaber13SkeletonActor14PropActionDataD0Ev	PropActionData::~PropActionData	ok
PurchaseHandler.cpp	0x43d5a8	212	_ZN12WaterConcept15PurchaseHandlerD2Ev	PurchaseHandler::~PurchaseHandler	ok
ReadFileCallbackParameters.cpp	0x3d2df8	28	_ZN7Walaber11FileManager26ReadFileCallbackParametersC2ERKNSt6__ndk112basic_stringIcNS2_11char_traitsIcEENS2_9allocatorIcEEEEPcmSA_SA_RKNS_12PropertyListE	ReadFileCallbackParameters::ReadFileCallbackParameters	ok
RenderTexture2D.cpp	0x3968a0	308	_ZN7Walaber15RenderTexture2DC2EjjNS_15TextureSettingsENS_25TextureInMemoryColorspaceE	RenderTexture2D::RenderTexture2D	ok
RenderTexture2D.cpp	0x396ab4	244	_ZN7Walaber15RenderTexture2DC2EjjPhNS_25TextureInMemoryColorspaceE	RenderTexture2D::RenderTexture2D	ok
_tmpl/SafePool_ndk__MotionEvent__50d8d8bc.cpp	0x2c34b8	64	_ZN3ndk8SafePoolINS_11MotionEventEEC2Em	SafePool<ndk::MotionEvent>::SafePool	ok
_tmpl/SafeQueue_int__50fbed87.cpp	0x2c3478	64	_ZN3ndk9SafeQueueIiEC2Ev	SafeQueue<int>::SafeQueue	ok
_tmpl/SafeQueue_ndk__AbstractCommand___b9712640.cpp	0x2c3608	68	_ZN3ndk9SafeQueueIPNS_15AbstractCommandEEC2Ev	SafeQueue<ndk::AbstractCommand*>::SafeQueue	ok
_tmpl/SafeQueue_ndk__AbstractCommand___b9712640.cpp	0x2c364c	68	_ZN3ndk9SafeQueueIPNS_15AbstractCommandEED2Ev	SafeQueue<ndk::AbstractCommand*>::~SafeQueue	ok
_tmpl/SafeQueue_ndk__AccelerometerEvent__d3996bb6.cpp	0x2c3580	68	_ZN3ndk9SafeQueueINS_18AccelerometerEventEEC2Ev	SafeQueue<ndk::AccelerometerEvent>::SafeQueue	ok
Screen_AgeGate.cpp	0x4a4dd0	1696	_ZN12WaterConcept14Screen_AgeGateC2Ev	Screen_AgeGate::Screen_AgeGate	ok
Screen_Challenges.cpp	0x4a85d4	76	_ZN12WaterConcept17Screen_ChallengesC2Ev	Screen_Challenges::Screen_Challenges	ok
Screen_Challenges.cpp	0x4a8620	892	_ZN12WaterConcept17Screen_ChallengesD2Ev	Screen_Challenges::~Screen_Challenges	ok
Screen_Collectibles.cpp	0x4ae110	172	_ZN12WaterConcept19Screen_CollectiblesC2Ev	Screen_Collectibles::Screen_Collectibles	ok
Screen_Collectibles.cpp	0x4ae298	176	_ZN12WaterConcept19Screen_CollectiblesD2Ev	Screen_Collectibles::~Screen_Collectibles	ok
Screen_Collectibles.cpp	0x4ae348	44	_ZN12WaterConcept19Screen_CollectiblesD0Ev	Screen_Collectibles::~Screen_Collectibles	ok
Screen_Credits.cpp	0x4b6630	624	_ZN12WaterConcept14Screen_CreditsC2Ev	Screen_Credits::Screen_Credits	ok
Screen_Editor.cpp	0x4bc8e4	1224	_ZN12WaterConcept13Screen_EditorC2Ev	Screen_Editor::Screen_Editor	ok
Screen_EditorObjectEditor.cpp	0x4cda7c	44	_ZN12WaterConcept25Screen_EditorObjectEditorC2Ev	Screen_EditorObjectEditor::Screen_EditorObjectEditor	ok
Screen_EditorObjectEditor.cpp	0x4cdb78	12	_ZN12WaterConcept25Screen_EditorObjectEditorD2Ev	Screen_EditorObjectEditor::~Screen_EditorObjectEditor	ok
Screen_FoodPyramid.cpp	0x4d4290	304	_ZN12WaterConcept18Screen_FoodPyramidC2Ev	Screen_FoodPyramid::Screen_FoodPyramid	ok
Screen_Hub.cpp	0x4dbce4	168	_ZN12WaterConcept10Screen_HubC2Ev	Screen_Hub::Screen_Hub	ok
Screen_Hub.cpp	0x4dbd8c	60	_ZN12WaterConcept10Screen_HubD2Ev	Screen_Hub::~Screen_Hub	ok
Screen_Hub.cpp	0x4dbdc8	60	_ZN12WaterConcept10Screen_HubD0Ev	Screen_Hub::~Screen_Hub	ok
Screen_Languages.cpp	0x4ece54	88	_ZN12WaterConcept16Screen_LanguagesC2Ev	Screen_Languages::Screen_Languages	ok
Screen_Languages.cpp	0x4ecf1c	56	_ZN12WaterConcept16Screen_LanguagesD0Ev	Screen_Languages::~Screen_Languages	ok
Screen_LevelSelect.cpp	0x4ee438	208	_ZN12WaterConcept18Screen_LevelSelectC2Ev	Screen_LevelSelect::Screen_LevelSelect	ok
Screen_LevelSelect.cpp	0x4eed38	3184	_ZN12WaterConcept18Screen_LevelSelectD2Ev	Screen_LevelSelect::~Screen_LevelSelect	ok
Screen_Loading.cpp	0x4fee14	44	_ZN12WaterConcept14Screen_LoadingD0Ev	Screen_Loading::~Screen_Loading	ok
Screen_MainMenu.cpp	0x506e30	500	_ZN12WaterConcept15Screen_MainMenuC2Ev	Screen_MainMenu::Screen_MainMenu	ok
Screen_MainMenu.cpp	0x5073e4	20	_ZN12WaterConcept15Screen_MainMenuD2Ev	Screen_MainMenu::~Screen_MainMenu	ok
Screen_Popup.cpp	0x5448b0	4272	_ZN12WaterConcept12Screen_PopupC2Ev	Screen_Popup::Screen_Popup	ok
Screen_SettingsProfile.cpp	0x5610d4	16	_ZN12WaterConcept22Screen_SettingsProfileC2Ev	Screen_SettingsProfile::Screen_SettingsProfile	ok
Screen_Sunset.cpp	0x565550	384	_ZN12WaterConcept13Screen_SunsetC2Ev	Screen_Sunset::Screen_Sunset	ok
Screen_Upsell.cpp	0x566ca4	524	_ZN12WaterConcept13Screen_UpsellC2Ev	Screen_Upsell::Screen_Upsell	ok
Screen_UpsellWater2.cpp	0x5685c8	300	_ZN12WaterConcept19Screen_UpsellWater2C2Ev	Screen_UpsellWater2::Screen_UpsellWater2	ok
Screen_WaterTest.cpp	0x56a63c	68	_ZN12WaterConcept16Screen_WaterTestC2Ev	Screen_WaterTest::Screen_WaterTest	ok
Screen_WaterTest.cpp	0x56b050	400	_ZN12WaterConcept16Screen_WaterTestD2Ev	Screen_WaterTest::~Screen_WaterTest	ok
Screen_WaterTest.cpp	0x56b25c	16	_ZN12WaterConcept16Screen_WaterTestD0Ev	Screen_WaterTest::~Screen_WaterTest	ok
Screen_WorldSelect.cpp	0x58ad6c	380	_ZN12WaterConcept18Screen_WorldSelectC2Ev	Screen_WorldSelect::Screen_WorldSelect	ok
_tmpl/SharedPtr_Walaber__MemberCallback_WaterC_6eadbfcf.cpp	0x5068c0	656	_ZN7Walaber9SharedPtrINS_14MemberCallbackIN12WaterConcept21NotificationSingletonEEEED2Ev	SharedPtr<Walaber::MemberCallback<WaterConcept::NotificationSingleton>>::~SharedPtr	ok
_tmpl/SharedPtr_Walaber__MemberCallback_WaterC_dcaca9a8.cpp	0x4a5470	12	_ZN7Walaber9SharedPtrINS_14MemberCallbackIN12WaterConcept14Screen_AgeGateEEEED2Ev	SharedPtr<Walaber::MemberCallback<WaterConcept::Screen_AgeGate>>::~SharedPtr	ok
_tmpl/SharedPtr_Walaber__MemberCallback_WaterC_adcfefd8.cpp	0x4b8480	1700	_ZN7Walaber9SharedPtrINS_14MemberCallbackIN12WaterConcept14Screen_CreditsEEEED2Ev	SharedPtr<Walaber::MemberCallback<WaterConcept::Screen_Credits>>::~SharedPtr	ok
_tmpl/SharedPtr_Walaber__MemberCallback_WaterC_a5e9582f.cpp	0x4c00cc	576	_ZN7Walaber9SharedPtrINS_14MemberCallbackIN12WaterConcept13Screen_EditorEEEED2Ev	SharedPtr<Walaber::MemberCallback<WaterConcept::Screen_Editor>>::~SharedPtr	ok
_tmpl/SharedPtr_Walaber__MemberCallback_WaterC_d30bb0a5.cpp	0x544524	596	_ZN7Walaber9SharedPtrINS_14MemberCallbackIN12WaterConcept16Screen_PerryDemoEEEED2Ev	SharedPtr<Walaber::MemberCallback<WaterConcept::Screen_PerryDemo>>::~SharedPtr	ok
_tmpl/SharedPtr_Walaber__MemberCallback_WaterC_21603a44.cpp	0x561830	2068	_ZN7Walaber9SharedPtrINS_14MemberCallbackIN12WaterConcept22Screen_SettingsProfileEEEED2Ev	SharedPtr<Walaber::MemberCallback<WaterConcept::Screen_SettingsProfile>>::~SharedPtr	ok
_tmpl/SharedPtr_Walaber__MemberCallback_WaterC_4c56d1d4.cpp	0x48fe00	1000	_ZN7Walaber9SharedPtrINS_14MemberCallbackIN12WaterConcept8StarSeedEEEED2Ev	SharedPtr<Walaber::MemberCallback<WaterConcept::StarSeed>>::~SharedPtr	ok
_tmpl/SharedPtr_Walaber__MemberCallback_WaterC_ca673125.cpp	0x495cc8	36	_ZN7Walaber9SharedPtrINS_14MemberCallbackIN12WaterConcept6SwitchEEEED2Ev	SharedPtr<Walaber::MemberCallback<WaterConcept::Switch>>::~SharedPtr	ok
_tmpl/SharedPtr_Walaber__MemberCallback_WaterC_dd78ed81.cpp	0x447398	816	_ZN7Walaber9SharedPtrINS_14MemberCallbackIN12WaterConcept5WorldEEEED2Ev	SharedPtr<Walaber::MemberCallback<WaterConcept::World>>::~SharedPtr	ok
_tmpl/SharedPtr_Walaber__ProgrammaticTexture2D_ab41ba64.cpp	0x39555c	184	_ZN7Walaber9SharedPtrINS_21ProgrammaticTexture2DEED2Ev	SharedPtr<Walaber::ProgrammaticTexture2D>::~SharedPtr	ok
_tmpl/SharedPtr_Walaber__RenderTexture2D__ad9c7f44.cpp	0x48aafc	76	_ZN7Walaber9SharedPtrINS_15RenderTexture2DEED2Ev	SharedPtr<Walaber::RenderTexture2D>::~SharedPtr	ok
_tmpl/SharedPtr_Walaber__SpriteAnimation__e9e311bc.cpp	0x3356c8	68	_ZN7Walaber9SharedPtrINS_15SpriteAnimationEED2Ev	SharedPtr<Walaber::SpriteAnimation>::~SharedPtr	ok
_tmpl/SharedPtr_Walaber__Texture__c07dcb60.cpp	0x35960c	1184	_ZN7Walaber9SharedPtrINS_7TextureEED2Ev	SharedPtr<Walaber::Texture>::~SharedPtr	ok
SoundActionData.cpp	0x348038	68	_ZN7Walaber13SkeletonActor15SoundActionDataD2Ev	SoundActionData::~SoundActionData	ok
SoundActionData.cpp	0x34807c	68	_ZN7Walaber13SkeletonActor15SoundActionDataD0Ev	SoundActionData::~SoundActionData	ok
Sprite.cpp	0x35b898	136	_ZN7Walaber6SpriteC2ERKNSt6__ndk112basic_stringIcNS1_11char_traitsIcEENS1_9allocatorIcEEEENS_9SharedPtrINS_7TextureEEENS_7Vector2ESD_fS7_i	Sprite::Sprite	ok
Sprite.cpp	0x35be44	232	_ZN7Walaber6SpriteC2ERKNSt6__ndk112basic_stringIcNS1_11char_traitsIcEENS1_9allocatorIcEEEENS_9SharedPtrINS_7TextureEEENS_7Vector2ESD_fSD_SD_S7_i	Sprite::Sprite	ok
SpriteAnimation.cpp	0x359aac	1128	_ZN7Walaber15SpriteAnimationC2ENSt6__ndk112basic_stringIcNS1_11char_traitsIcEENS1_9allocatorIcEEEENS_9SharedPtrINS_7TextureEEENS_7Vector2ESB_SB_	SpriteAnimation::SpriteAnimation	ok
SpriteBatch.cpp	0x35dcf8	156	_ZN7Walaber11SpriteBatchC2ERKS0_	SpriteBatch::SpriteBatch	ok
Texture.cpp	0x395c98	44	_ZN7Walaber7TextureD2Ev	Texture::~Texture	ok
Texture2D.cpp	0x399808	160	_ZN7Walaber9Texture2DD2Ev	Texture2D::~Texture2D	ok
Texture2D.cpp	0x3998a8	88	_ZN7Walaber9Texture2DD0Ev	Texture2D::~Texture2D	ok
TextureManager.cpp	0x399a08	236	_ZN7Walaber14TextureManagerC2Ev	TextureManager::TextureManager	ok
TextureManager.cpp	0x399ce8	52	_ZN7Walaber14TextureManagerD2Ev	TextureManager::~TextureManager	ok
Transition.cpp	0x3f40e0	120	_ZN7Walaber10TransitionC2Ev	Transition::Transition	ok
Transition_Block.cpp	0x3f4644	320	_ZN7Walaber16Transition_BlockD2Ev	Transition_Block::~Transition_Block	ok
Transition_Iris.cpp	0x3f51cc	212	_ZN7Walaber15Transition_IrisC2Ev	Transition_Iris::Transition_Iris	ok
Transition_Iris.cpp	0x3f52a0	192	_ZN7Walaber15Transition_IrisD2Ev	Transition_Iris::~Transition_Iris	ok
Transition_Slide.cpp	0x3f5e48	80	_ZN7Walaber16Transition_SlideC2Ev	Transition_Slide::Transition_Slide	ok
Transition_Slide.cpp	0x3f6090	124	_ZN7Walaber16Transition_SlideD2Ev	Transition_Slide::~Transition_Slide	ok
TweenedLinearCurve.cpp	0x3e11c0	164	_ZN7Walaber18TweenedLinearCurveC2Ev	TweenedLinearCurve::TweenedLinearCurve	ok
TweenedLinearCurve.cpp	0x3e386c	736	_ZN7Walaber18TweenedLinearCurveC2EPcRjb	TweenedLinearCurve::TweenedLinearCurve	ok
TweenedLinearCurve.cpp	0x3e3b4c	992	_ZN7Walaber18TweenedLinearCurveC2EPcRjjRKNS_17CompressionRecordES5_	TweenedLinearCurve::TweenedLinearCurve	ok
TweenedLinearCurve.cpp	0x3e6d74	352	_ZN7Walaber18TweenedLinearCurveD2Ev	TweenedLinearCurve::~TweenedLinearCurve	ok
WCScreen.cpp	0x4a1810	900	_ZN12WaterConcept8WCScreenC2Ej	WCScreen::WCScreen	ok
Walaber.cpp	0x395468	188	_ZN7Walaber27createProgrammaticTexture2DERKNSt6__ndk112basic_stringIcNS0_11char_traitsIcEENS0_9allocatorIcEEEEjjNS_25TextureInMemoryColorspaceE	Walaber::createProgrammaticTexture2D	ok
Walaber.cpp	0x395614	84	_ZN7Walaber27createProgrammaticTexture2DERKNSt6__ndk112basic_stringIcNS0_11char_traitsIcEENS0_9allocatorIcEEEEjjNS_25TextureInMemoryColorspaceENS_9SharedPtrINS0_6vectorINS_5ColorENS4_ISC_EEEEEE	Walaber::createProgrammaticTexture2D	ok
Walaber.cpp	0x3957bc	88	_ZN7Walaber37createProgrammaticSolidColorTexture2DERKNSt6__ndk112basic_stringIcNS0_11char_traitsIcEENS0_9allocatorIcEEEEjjNS_5ColorENS_25TextureInMemoryColorspaceE	Walaber::createProgrammaticSolidColorTexture2D	ok
Walaber.cpp	0x397944	396	_ZN7Walaber30strToTextureInMemoryColorspaceERKNSt6__ndk112basic_stringIcNS0_11char_traitsIcEENS0_9allocatorIcEEEE	Walaber::strToTextureInMemoryColorspace	ok
Walaber.cpp	0x399488	212	_ZN7Walaber15createTexture2DERKNSt6__ndk112basic_stringIcNS0_11char_traitsIcEENS0_9allocatorIcEEEE	Walaber::createTexture2D	ok
Walaber.cpp	0x39955c	104	_ZN7Walaber15createTexture2DERKNSt6__ndk112basic_stringIcNS0_11char_traitsIcEENS0_9allocatorIcEEEENS_15TextureSettingsE	Walaber::createTexture2D	ok
Walaber/AABB.cpp	0x3dfaa8	276	_ZN7Walaber4AABB15expandToIncludeERKNS_7Vector2E	Walaber::AABB::expandToInclude	ok
Walaber/AchievementManager.cpp	0x32f440	68	_ZN7Walaber18AchievementManager16loadAchievementsEiNSt6__ndk112basic_stringIcNS1_11char_traitsIcEENS1_9allocatorIcEEEE	Walaber::AchievementManager::loadAchievements	ok
Walaber/Animation.cpp	0x332500	68	_ZN7Walaber9Animation14copyPropertiesERKS0_	Walaber::Animation::copyProperties	ok
Walaber/Animation.cpp	0x332584	64	_ZN7Walaber9Animation22createAnimationFromXmlERKNSt6__ndk112basic_stringIcNS1_11char_traitsIcEENS1_9allocatorIcEEEEPNS_10SceneGraphE	Walaber::Animation::createAnimationFromXml	ok
Walaber/Animation.cpp	0x33279c	68	_ZN7Walaber9Animation26createAnimationFromXmlNodeEP8_xmlNodePNS_10SceneGraphE	Walaber::Animation::createAnimationFromXmlNode	ok
Walaber/BezierCurve.cpp	0x3dfd84	1584	_ZN7Walaber11BezierCurve15loadFromXmlNodeEP8_xmlNode	Walaber::BezierCurve::loadFromXmlNode	ok
Walaber/BitmapFont.cpp	0x36471c	832	_ZN7Walaber10BitmapFont4loadENSt6__ndk112basic_stringIcNS1_11char_traitsIcEENS1_9allocatorIcEEEENS_9SharedPtrINS_8CallbackEEE	Walaber::BitmapFont::load	ok
Walaber/BitmapFont.cpp	0x367e24	264	_ZN7Walaber10BitmapFont14drawStringWrapEPKcRKNS_7Vector2EfffRKNS_5ColorENS0_13JustificationE	Walaber::BitmapFont::drawStringWrap	ok
Walaber/BitmapFont.cpp	0x367ff4	1468	_ZN7Walaber10BitmapFont9_wrapTextERiNSt6__ndk112basic_stringIcNS2_11char_traitsIcEENS2_9allocatorIcEEEEff	Walaber::BitmapFont::_wrapText	ok
Walaber/BitmapFont.cpp	0x3685b0	792	_ZN7Walaber10BitmapFont14_wrapTextScaleERffNSt6__ndk112basic_stringIcNS2_11char_traitsIcEENS2_9allocatorIcEEEERKNS_7Vector2E	Walaber::BitmapFont::_wrapTextScale	ok
Walaber/BitmapFont.cpp	0x3688c8	2132	_ZN7Walaber10BitmapFont21_insertQuadIntoBufferEi	Walaber::BitmapFont::_insertQuadIntoBuffer	ok
Walaber/BroadcastManager.cpp	0x3e864c	156	_ZN7Walaber16BroadcastManager15_removeReceiverEPNS_15MessageReceiverE	Walaber::BroadcastManager::_removeReceiver	ok
Walaber/CharacterManager.cpp	0x4622ec	244	_ZN7Walaber16CharacterManager25removeSkeletonActorWithIDEi	Walaber::CharacterManager::removeSkeletonActorWithID	ok
Walaber/CharacterManager.cpp	0x4623fc	436	_ZN7Walaber16CharacterManager25createSkeletonActorWithIDEi	Walaber::CharacterManager::createSkeletonActorWithID	ok
Walaber/CircleHelper.cpp	0x36994c	1372	_ZN7Walaber12CircleHelper23drawFilledCircleSegmentERKNS_7Vector2EfffbRKNS_5ColorE	Walaber::CircleHelper::drawFilledCircleSegment	ok
Walaber/Color.cpp	0x358d5c	152	_ZN7Walaber5Color7fromHSVEfff	Walaber::Color::fromHSV	ok
Walaber/Curve.cpp	0x3e03b4	564	_ZN7Walaber5Curve13writeToBufferEPc	Walaber::Curve::writeToBuffer	ok
Walaber/Curve.cpp	0x3e07ec	204	_ZN7Walaber5Curve21getMinMaxNonTimeValueEv	Walaber::Curve::getMinMaxNonTimeValue	ok
Walaber/Curve.cpp	0x3e08b8	140	_ZN7Walaber5Curve13writeToBufferEPcjRKNS_17CompressionRecordES4_	Walaber::Curve::writeToBuffer	ok
Walaber/Curve.cpp	0x3e0de4	88	_ZN7Walaber5Curve11loadFromXmlEP8_xmlNode	Walaber::Curve::loadFromXml	ok
Walaber/Curve.cpp	0x3e1264	900	_ZN7Walaber5Curve23curveLoopTypeFromStringERNSt6__ndk112basic_stringIcNS1_11char_traitsIcEENS1_9allocatorIcEEEE	Walaber::Curve::curveLoopTypeFromString	ok
Walaber/CurveManager.cpp	0x3e1cec	320	_ZN7Walaber12CurveManager20_initCurveFileLoadedEPv	Walaber::CurveManager::_initCurveFileLoaded	ok
Walaber/CurveManager.cpp	0x3e2188	96	_ZN7Walaber12CurveManager19loadCurveCollectionERKNSt6__ndk112basic_stringIcNS1_11char_traitsIcEENS1_9allocatorIcEEEENS_9SharedPtrINS_8CallbackEEE	Walaber::CurveManager::loadCurveCollection	ok
Walaber/CurveManager.cpp	0x3e23c8	168	_ZN7Walaber12CurveManager26_initCurveCollectionLoadedEPv	Walaber::CurveManager::_initCurveCollectionLoaded	ok
Walaber/CurveManager.cpp	0x3e25d4	144	_ZN7Walaber12CurveManager21unloadCurveCollectionERKNSt6__ndk112basic_stringIcNS1_11char_traitsIcEENS1_9allocatorIcEEEE	Walaber::CurveManager::unloadCurveCollection	ok
Walaber/CurveManager.cpp	0x3e2918	288	_ZN7Walaber12CurveManager17_loadV2CollectionERKNSt6__ndk112basic_stringIcNS1_11char_traitsIcEENS1_9allocatorIcEEEEPcj	Walaber::CurveManager::_loadV2Collection	ok
Walaber/CurveManager.cpp	0x3e34c8	116	_ZN7Walaber12CurveManager17_loadV1CollectionERKNSt6__ndk112basic_stringIcNS1_11char_traitsIcEENS1_9allocatorIcEEEEPcj	Walaber::CurveManager::_loadV1Collection	ok
Walaber/DatabaseManager.cpp	0x32c404	64	_ZN7Walaber15DatabaseManager8_readSQLEPv	Walaber::DatabaseManager::_readSQL	ok
Walaber/FileManager.cpp	0x3d1ad0	144	_ZN7Walaber11FileManager14addFileHandlerEiPNS0_11FileHandlerE	Walaber::FileManager::addFileHandler	ok
Walaber/FileManager.cpp	0x3d1b60	320	_ZN7Walaber11FileManager10fileExistsERKNSt6__ndk112basic_stringIcNS1_11char_traitsIcEENS1_9allocatorIcEEEENS_9SharedPtrINS_8CallbackEEERKNS_12PropertyListENS0_14PlatformPolicyE	Walaber::FileManager::fileExists	ok
Walaber/FileManager.cpp	0x3d1fbc	80	_ZN7Walaber11FileManager8readFileERKNSt6__ndk112basic_stringIcNS1_11char_traitsIcEENS1_9allocatorIcEEEENS_9SharedPtrINS_8CallbackEEERKNS_12PropertyListENS0_14PlatformPolicyE	Walaber::FileManager::readFile	ok
Walaber/FileManager.cpp	0x3d227c	8	_ZN7Walaber11FileManager18_printFileRequestsEv	Walaber::FileManager::_printFileRequests	ok
Walaber/FileManager.cpp	0x3d2378	96	_ZN7Walaber11FileManager10_existFailERKNSt6__ndk112basic_stringIcNS1_11char_traitsIcEENS1_9allocatorIcEEEEPNS0_11FileHandlerENS_9SharedPtrINS_8CallbackEEERKNS_12PropertyListE	Walaber::FileManager::_existFail	ok
Walaber/FileManager.cpp	0x3d2854	8	_ZN7Walaber11FileManager9_readFailERKNSt6__ndk112basic_stringIcNS1_11char_traitsIcEENS1_9allocatorIcEEEEPNS0_11FileHandlerENS_9SharedPtrINS_8CallbackEEERKNS_12PropertyListE	Walaber::FileManager::_readFail	ok
Walaber/FileManager/FH_StandardFileSystem.cpp	0x3d2e50	60	_ZN7Walaber11FileManager21FH_StandardFileSystem10fileExistsERKNSt6__ndk112basic_stringIcNS2_11char_traitsIcEENS2_9allocatorIcEEEENS_9SharedPtrINS_8CallbackEEERKNS_12PropertyListE	Walaber::FileManager::FH_StandardFileSystem::fileExists	ok
Walaber/FileManager/FH_StandardFileSystem.cpp	0x3d310c	60	_ZN7Walaber11FileManager21FH_StandardFileSystem8readFileERKNSt6__ndk112basic_stringIcNS2_11char_traitsIcEENS2_9allocatorIcEEEENS_9SharedPtrINS_8CallbackEEERKNS_12PropertyListE	Walaber::FileManager::FH_StandardFileSystem::readFile	ok
Walaber/FileManager/FH_StandardFileSystem.cpp	0x3d4488	52	_ZN7Walaber11FileManager21FH_StandardFileSystem7getNameEv	Walaber::FileManager::FH_StandardFileSystem::getName	ok
Walaber/FileManager/FH_ZipFileSystem.cpp	0x3d3df0	12	_ZN7Walaber11FileManager16FH_ZipFileSystem18fileExistsSuceededERKNSt6__ndk112basic_stringIcNS2_11char_traitsIcEENS2_9allocatorIcEEEESA_NS_9SharedPtrINS_8CallbackEEERKNS_12PropertyListE	Walaber::FileManager::FH_ZipFileSystem::fileExistsSuceeded	ok
Walaber/FileManager/FH_ZipFileSystem.cpp	0x3d4054	48	_ZN7Walaber11FileManager16FH_ZipFileSystem8readFileERKNSt6__ndk112basic_stringIcNS2_11char_traitsIcEENS2_9allocatorIcEEEENS_9SharedPtrINS_8CallbackEEERKNS_12PropertyListE	Walaber::FileManager::FH_ZipFileSystem::readFile	ok
Walaber/FileManager/FH_ZipFileSystem.cpp	0x3d4294	52	_ZN7Walaber11FileManager16FH_ZipFileSystem17readFileSucceededERKNSt6__ndk112basic_stringIcNS2_11char_traitsIcEENS2_9allocatorIcEEEESA_NS_9SharedPtrINS_8CallbackEEERKNS_12PropertyListE	Walaber::FileManager::FH_ZipFileSystem::readFileSucceeded	ok
Walaber/FileManager/FH_ZipFileSystem.cpp	0x3d44bc	56	_ZN7Walaber11FileManager16FH_ZipFileSystem7getNameEv	Walaber::FileManager::FH_ZipFileSystem::getName	ok
Walaber/FluidParticleSet.cpp	0x38ddcc	536	_ZN7Walaber16FluidParticleSet15updateParticlesEf	Walaber::FluidParticleSet::updateParticles	ok
Walaber/FluidParticleSet.cpp	0x38dfe4	208	_ZN7Walaber16FluidParticleSet13drawParticlesERNS_11SpriteBatchENS_9SharedPtrINS_7TextureEEERKNS_5ColorES8_iff	Walaber::FluidParticleSet::drawParticles	ok
Walaber/FluidParticleSet.cpp	0x38e0b4	4	_ZN7Walaber16FluidParticleSet13drawParticlesERNS_11SpriteBatchENS_9SharedPtrINS_7TextureEEERKNS_5ColorES8_iffi	Walaber::FluidParticleSet::drawParticles	ok
Walaber/FluidParticleSet.cpp	0x38e268	8	_ZN7Walaber16FluidParticleSet13drawParticlesERNS_11SpriteBatchENS_9SharedPtrINS_7TextureEEERKNS_5ColorES8_iPfff	Walaber::FluidParticleSet::drawParticles	ok
Walaber/FluidParticleSet.cpp	0x38e6c0	128	_ZN7Walaber16FluidParticleSet13drawParticlesERNS_11SpriteBatchENS_9SharedPtrINS_7TextureEEERKNS_5ColorES8_iPfffffi	Walaber::FluidParticleSet::drawParticles	ok
Walaber/FluidParticleSet.cpp	0x38e8f0	224	_ZN7Walaber16FluidParticleSet18drawIntoVertBufferEPNS_24PositionTextureColorVertERjRKNS_5ColorES6_ffibifS6_i	Walaber::FluidParticleSet::drawIntoVertBuffer	ok
Walaber/FluidParticleSet.cpp	0x38ec18	236	_ZN7Walaber16FluidParticleSet19_drawIntoVertBufferEPNS_24PositionTextureColorVertERjjRKNS_7Vector2ES6_S6_ff	Walaber::FluidParticleSet::_drawIntoVertBuffer	ok
Walaber/FluidParticleSet.cpp	0x38eed0	24	_ZN7Walaber16FluidParticleSet18drawIntoVertBufferEPNS_24PositionTextureColorVertERjRKNS_5ColorES6_ffffibifS6_i	Walaber::FluidParticleSet::drawIntoVertBuffer	ok
Walaber/FluidParticleSet.cpp	0x38f120	60	_ZN7Walaber16FluidParticleSet18drawIntoVertBufferEPNS_24PositionTextureColorVertERjRKNS_5ColorES6_S6_ibifi	Walaber::FluidParticleSet::drawIntoVertBuffer	ok
Walaber/FluidParticleSet.cpp	0x38f2dc	72	_ZN7Walaber16FluidParticleSet15writeIntoBufferEPvRKNS_5ColorES4_ffibiS4_i	Walaber::FluidParticleSet::writeIntoBuffer	ok
Walaber/FluidParticleSet.cpp	0x38f694	8	_ZN7Walaber16FluidParticleSet15writeIntoBufferEPvRKNS_5ColorES4_ffffibiS4_i	Walaber::FluidParticleSet::writeIntoBuffer	ok
Walaber/FluidParticleSet.cpp	0x38fbdc	276	_ZN7Walaber16FluidParticleSet15writeIntoBufferEPvRKNS_5ColorES4_S4_ibii	Walaber::FluidParticleSet::writeIntoBuffer	ok
Walaber/FluidParticleSet.cpp	0x38fd54	272	_ZN7Walaber16FluidParticleSet21drawParticlesTeardropERNS_11SpriteBatchENS_9SharedPtrINS_7TextureEEERKNS_5ColorEi	Walaber::FluidParticleSet::drawParticlesTeardrop	ok
Walaber/FluidParticleSet.cpp	0x406488	152	_ZN7Walaber16FluidParticleSet11addParticleEfRKNS_7Vector2ES3_S3_S3_S3_Ri	Walaber::FluidParticleSet::addParticle	ok
Walaber/FluidParticleSet.cpp	0x4066f0	240	_ZN7Walaber16FluidParticleSet14removeParticleEi	Walaber::FluidParticleSet::removeParticle	ok
Walaber/FontManager.cpp	0x369ea8	1984	_ZN7Walaber11FontManager7addFontENSt6__ndk112basic_stringIcNS1_11char_traitsIcEENS1_9allocatorIcEEEES7_	Walaber::FontManager::addFont	ok
Walaber/GraphicsGL.cpp	0x362e14	16	_ZN7Walaber10GraphicsGL11setBlendingEb	Walaber::GraphicsGL::setBlending	ok
Walaber/GraphicsGL.cpp	0x362f4c	708	_ZN7Walaber10GraphicsGL25disableTextureClientStateEv	Walaber::GraphicsGL::disableTextureClientState	ok
Walaber/GraphicsGL.cpp	0x38d83c	8	_ZN7Walaber10GraphicsGL13checkForErrorEv	Walaber::GraphicsGL::checkForError	ok
Walaber/GraphicsGL/DumpedGLState.cpp	0x38ccd0	36	_ZN7Walaber10GraphicsGL13DumpedGLState4dumpEv	Walaber::GraphicsGL::DumpedGLState::dump	ok
Walaber/GraphicsGL/DumpedGLState.cpp	0x38ce28	124	_ZN7Walaber10GraphicsGL13DumpedGLState5printEv	Walaber::GraphicsGL::DumpedGLState::print	ok
Walaber/GraphicsGL/DumpedGLState.cpp	0x38d1f8	12	_ZN7Walaber10GraphicsGL13DumpedGLState10printDiffsERKS1_	Walaber::GraphicsGL::DumpedGLState::printDiffs	ok
Walaber/HermiteCurve.cpp	0x3e5944	312	_ZN7Walaber12HermiteCurve15ComputeTangentsENS0_19HermiteCurveTangentES1_	Walaber::HermiteCurve::ComputeTangents	ok
Walaber/HermiteCurve.cpp	0x3e5a7c	1656	_ZN7Walaber12HermiteCurve7HermiteERKNS_8CurveKeyES3_f	Walaber::HermiteCurve::Hermite	ok
Walaber/LinearCurve.cpp	0x3e621c	184	_ZN7Walaber11LinearCurve15loadFromXmlNodeEP8_xmlNode	Walaber::LinearCurve::loadFromXmlNode	ok
Walaber/LinearCurve.cpp	0x3e65a0	860	_ZN7Walaber11LinearCurve15computeTangentsEv	Walaber::LinearCurve::computeTangents	ok
_tmpl/Walaber__MemberCallback_Walaber__Particl_d581aa19.cpp	0x3939ec	76	_ZN7Walaber14MemberCallbackINS_15ParticleEmitterEE6invokeEPv	Walaber::MemberCallback<Walaber::ParticleEmitter>::invoke	ok
_tmpl/Walaber__MemberCallback_Walaber__XMLDocu_59d6448f.cpp	0x3d71f0	276	_ZN7Walaber14MemberCallbackINS_11XMLDocumentEE6invokeEPv	Walaber::MemberCallback<Walaber::XMLDocument>::invoke	ok
_tmpl/Walaber__MemberCallback_WaterConcept__Sc_2e586b33.cpp	0x4a4d0c	196	_ZN7Walaber14MemberCallbackIN12WaterConcept23Screen_AchievementsTestEE6invokeEPv	Walaber::MemberCallback<WaterConcept::Screen_AchievementsTest>::invoke	ok
_tmpl/Walaber__MemberCallback_WaterConcept__Sc_e4c80dd6.cpp	0x4ec918	60	_ZN7Walaber14MemberCallbackIN12WaterConcept20Screen_InAppPurchaseEE6invokeEPv	Walaber::MemberCallback<WaterConcept::Screen_InAppPurchase>::invoke	ok
_tmpl/Walaber__MemberCallback_WaterConcept__Sc_68ec853c.cpp	0x56858c	60	_ZN7Walaber14MemberCallbackIN12WaterConcept13Screen_UpsellEE6invokeEPv	Walaber::MemberCallback<WaterConcept::Screen_Upsell>::invoke	ok
Walaber/Node.cpp	0x3ea8c0	456	_ZN7Walaber4Node13setLocalScaleERKNS_7Vector2E	Walaber::Node::setLocalScale	ok
Walaber/Node.cpp	0x3eaa88	1348	_ZN7Walaber4Node16getWorldPositionEv	Walaber::Node::getWorldPosition	ok
Walaber/Node.cpp	0x3eafcc	156	_ZN7Walaber4Node21inverseTransformPointERKNS_7Vector2E	Walaber::Node::inverseTransformPoint	ok
Walaber/PCSNode.cpp	0x3eb068	104	_ZN7Walaber7PCSNode18removeNodeFromTreeEPS0_RKNSt6__ndk112basic_stringIcNS2_11char_traitsIcEENS2_9allocatorIcEEEE	Walaber::PCSNode::removeNodeFromTree	ok
Walaber/PCSNode.cpp	0x3eb0d0	188	_ZN7Walaber7PCSNode18removeNodeFromTreeEPS0_RKNSt6__ndk112basic_stringIcNS2_11char_traitsIcEENS2_9allocatorIcEEEEi	Walaber::PCSNode::removeNodeFromTree	ok
Walaber/PCSNode.cpp	0x3eb18c	80	_ZN7Walaber7PCSNode21_depthFirstNameSearchEPS0_RKNSt6__ndk112basic_stringIcNS2_11char_traitsIcEENS2_9allocatorIcEEEE	Walaber::PCSNode::_depthFirstNameSearch	ok
Walaber/ParticleEmitter.cpp	0x390a10	16	_ZN7Walaber15ParticleEmitter11loadFromXMLERKNSt6__ndk112basic_stringIcNS1_11char_traitsIcEENS1_9allocatorIcEEEENS_9SharedPtrINS_8CallbackEEE	Walaber::ParticleEmitter::loadFromXML	ok
Walaber/ParticleEmitter.cpp	0x390ac0	128	_ZN7Walaber15ParticleEmitter14_xmlFileLoadedEPv	Walaber::ParticleEmitter::_xmlFileLoaded	ok
Walaber/ParticleEmitter.cpp	0x3928e4	148	_ZN7Walaber15ParticleEmitter6updateEf	Walaber::ParticleEmitter::update	ok
Walaber/ParticleEmitter.cpp	0x3934dc	92	_ZN7Walaber15ParticleEmitter4drawEPNS_11SpriteBatchE	Walaber::ParticleEmitter::draw	ok
Walaber/ParticleEmitter.cpp	0x393638	100	_ZN7Walaber15ParticleEmitter4drawEPNS_11SpriteBatchENS_5ColorE	Walaber::ParticleEmitter::draw	ok
Walaber/ParticleEmitter.cpp	0x39369c	236	_ZN7Walaber15ParticleEmitter24addDirectionRangeDegreesEff	Walaber::ParticleEmitter::addDirectionRangeDegrees	ok
Walaber/ParticleSet.cpp	0x39332c	132	_ZN7Walaber11ParticleSet11addParticleEfRKNS_7Vector2ES3_fS3_S3_S3_ffiRi	Walaber::ParticleSet::addParticle	ok
Walaber/ParticleSet.cpp	0x393a88	140	_ZN7Walaber11ParticleSet13initParticlesEj	Walaber::ParticleSet::initParticles	ok
Walaber/ParticleSet.cpp	0x393edc	56	_ZN7Walaber11ParticleSet15updateParticlesEf	Walaber::ParticleSet::updateParticles	ok
Walaber/ParticleSet.cpp	0x394000	72	_ZN7Walaber11ParticleSet14removeParticleEi	Walaber::ParticleSet::removeParticle	ok
Walaber/ParticleSet.cpp	0x3940c0	228	_ZN7Walaber11ParticleSet13drawParticlesERNS_11SpriteBatchENSt6__ndk16vectorINS_9SharedPtrINS_7TextureEEENS3_9allocatorIS7_EEEERKNS_5ColorEi	Walaber::ParticleSet::drawParticles	ok
Walaber/ParticleSet.cpp	0x394390	260	_ZN7Walaber11ParticleSet17_getParticleColorEPKNS_8ParticleERKNS_5ColorE	Walaber::ParticleSet::_getParticleColor	ok
Walaber/ParticleSet.cpp	0x394494	132	_ZN7Walaber11ParticleSet15getParticleSizeEi	Walaber::ParticleSet::getParticleSize	ok
Walaber/ParticleSet.cpp	0x394580	892	_ZN7Walaber11ParticleSet13drawParticlesERNS_11SpriteBatchENS_9SharedPtrINS_7TextureEEERKNS_5ColorEi	Walaber::ParticleSet::drawParticles	ok
Walaber/ParticleSet.cpp	0x3948fc	24	_ZN7Walaber11ParticleSet13drawParticlesERNS_11SpriteBatchENS_9SharedPtrINS_7TextureEEERKNS_5ColorEifb	Walaber::ParticleSet::drawParticles	ok
Walaber/PlatformManager.cpp	0x358288	880	_ZN7Walaber15PlatformManager29stripPlatformSpecificFilenameERKNSt6__ndk112basic_stringIcNS1_11char_traitsIcEENS1_9allocatorIcEEEE	Walaber::PlatformManager::stripPlatformSpecificFilename	ok
Walaber/PlatformManager.cpp	0x3585f8	1892	_ZN7Walaber15PlatformManager35appendSpecificPlatformTagToFilenameERKNSt6__ndk112basic_stringIcNS1_11char_traitsIcEENS1_9allocatorIcEEEENS0_19PlatformStringNamesE	Walaber::PlatformManager::appendSpecificPlatformTagToFilename	ok
Walaber/ProgrammaticTexture2D.cpp	0x395068	616	_ZN7Walaber21ProgrammaticTexture2D12initWithSizeEjjNS_25TextureInMemoryColorspaceE	Walaber::ProgrammaticTexture2D::initWithSize	ok
Walaber/ProgrammaticTexture2D.cpp	0x3952d0	116	_ZN7Walaber21ProgrammaticTexture2D14_applySettingsEv	Walaber::ProgrammaticTexture2D::_applySettings	ok
Walaber/ProgrammaticTexture2D.cpp	0x395344	292	_ZN7Walaber21ProgrammaticTexture2D6reloadENS_9SharedPtrINS_8CallbackEEENS_11FileManager14PlatformPolicyE	Walaber::ProgrammaticTexture2D::reload	ok
Walaber/PushCommand.cpp	0x3e8b00	412	_ZN7Walaber11PushCommand19ResumeNotificationsEv	Walaber::PushCommand::ResumeNotifications	ok
Walaber/PushCommand.cpp	0x3e8c9c	192	_ZN7Walaber11PushCommand16LoadHeldCommandsEv	Walaber::PushCommand::LoadHeldCommands	ok
Walaber/PushCommand.cpp	0x3e8dc0	232	_ZN7Walaber11PushCommand5ParseENSt6__ndk112basic_stringIcNS1_11char_traitsIcEENS1_9allocatorIcEEEE	Walaber::PushCommand::Parse	ok
Walaber/PushCommand.cpp	0x3e8f88	72	_ZN7Walaber11PushCommand17PumpNotificationsEv	Walaber::PushCommand::PumpNotifications	ok
Walaber/PushCommand.cpp	0x3e8fd0	2596	_ZN7Walaber11PushCommand11ValueAsBoolENSt6__ndk112basic_stringIcNS1_11char_traitsIcEENS1_9allocatorIcEEEE	Walaber::PushCommand::ValueAsBool	ok
Walaber/PushCommand.cpp	0x3e9bf0	192	_ZN7Walaber11PushCommand11SaveCommandENSt6__ndk112basic_stringIcNS1_11char_traitsIcEENS1_9allocatorIcEEEE	Walaber::PushCommand::SaveCommand	ok
Walaber/PushCommand.cpp	0x3e9de0	320	_ZN7Walaber11PushCommand8RegisterENS_9SharedPtrINS_8CallbackEEENSt6__ndk112basic_stringIcNS4_11char_traitsIcEENS4_9allocatorIcEEEESA_SA_	Walaber::PushCommand::Register	ok
Walaber/PushCommand.cpp	0x3ea018	204	_ZN7Walaber11PushCommand11ParseKVpairENSt6__ndk112basic_stringIcNS1_11char_traitsIcEENS1_9allocatorIcEEEERNS1_3mapIS7_S7_NS1_4lessIS7_EENS5_INS1_4pairIKS7_S7_EEEEEE	Walaber::PushCommand::ParseKVpair	ok
Walaber/QuadHelper.cpp	0x36f0e4	160	_ZN7Walaber10QuadHelper8drawQuadEjRKNS_7Vector2EfS3_RKNS_5ColorE	Walaber::QuadHelper::drawQuad	ok
Walaber/QuadHelper.cpp	0x36f184	4068	_ZN7Walaber10QuadHelper8drawQuadEjRKNS_7Vector2EfS3_RKNS_4RectEjjRKNS_5ColorEb	Walaber::QuadHelper::drawQuad	ok
Walaber/RenderTexture2D.cpp	0x3963c4	24	_ZN7Walaber15RenderTexture2D4bindEv	Walaber::RenderTexture2D::bind	ok
Walaber/RenderTexture2D.cpp	0x3963dc	76	_ZN7Walaber15RenderTexture2D6unbindEv	Walaber::RenderTexture2D::unbind	ok
Walaber/RenderTexture2D.cpp	0x396444	28	_ZN7Walaber15RenderTexture2D11setViewportEv	Walaber::RenderTexture2D::setViewport	ok
Walaber/RenderTexture2D.cpp	0x396460	1088	_ZN7Walaber15RenderTexture2D14_applySettingsEv	Walaber::RenderTexture2D::_applySettings	ok
Walaber/RenderTexture2D.cpp	0x396c48	260	_ZN7Walaber15RenderTexture2D16createScreenGrabEPjS1_S1_	Walaber::RenderTexture2D::createScreenGrab	ok
Walaber/RenderTexture2D.cpp	0x396d4c	3064	_ZN7Walaber15RenderTexture2D10clearGlMemEv	Walaber::RenderTexture2D::clearGlMem	ok
_tmpl/Walaber__RingBuffer_int__27c3f82b.cpp	0x447320	120	_ZN7Walaber10RingBufferIiE11setCapacityEi	Walaber::RingBuffer<int>::setCapacity	ok
Walaber/Skeleton.cpp	0x33b740	68	_ZN7Walaber8Skeleton23_recursiveBuildSkeletonEP8_xmlNodePS0_PNS_4NodeE	Walaber::Skeleton::_recursiveBuildSkeleton	ok
Walaber/Skeleton.cpp	0x33ba20	68	_ZN7Walaber8Skeleton21loadAnimationsFromXmlERKNSt6__ndk112basic_stringIcNS1_11char_traitsIcEENS1_9allocatorIcEEEE	Walaber::Skeleton::loadAnimationsFromXml	ok
Walaber/Skeleton.cpp	0x33bb6c	68	_ZN7Walaber8Skeleton24loadSkeletonWithCallbackERKNSt6__ndk112basic_stringIcNS1_11char_traitsIcEENS1_9allocatorIcEEEENS_9SharedPtrINS_8CallbackEEERKNS_7Vector2EfSF_S9_	Walaber::Skeleton::loadSkeletonWithCallback	ok
Walaber/SkeletonActor.cpp	0x344980	68	_ZN7Walaber13SkeletonActor4initERKNS_7Vector2EjS3_b	Walaber::SkeletonActor::init	ok
Walaber/SkeletonActor.cpp	0x344acc	68	_ZN7Walaber13SkeletonActor6updateEf	Walaber::SkeletonActor::update	ok
Walaber/SkeletonActor.cpp	0x344c60	68	_ZN7Walaber13SkeletonActor4drawEPNS_11SpriteBatchEbb	Walaber::SkeletonActor::draw	ok
Walaber/SkeletonActor.cpp	0x344dac	68	_ZN7Walaber13SkeletonActor9drawPropsEPNS_11SpriteBatchE	Walaber::SkeletonActor::drawProps	ok
Walaber/SkeletonActor.cpp	0x344ebc	68	_ZN7Walaber13SkeletonActor13playAnimationENSt6__ndk112basic_stringIcNS1_11char_traitsIcEENS1_9allocatorIcEEEEfNS_21AnimationPlaybackModeEib	Walaber::SkeletonActor::playAnimation	ok
Walaber/SkeletonActor.cpp	0x344f88	68	_ZN7Walaber13SkeletonActor14_playAnimationEiNS0_19AnimationSoundStateEfNS_21AnimationPlaybackModeEib	Walaber::SkeletonActor::_playAnimation	ok
Walaber/SoundManager.cpp	0x34df1c	44	_ZN7Walaber12SoundManager19_initConfigFileReadEPv	Walaber::SoundManager::_initConfigFileRead	ok
Walaber/SoundManager.cpp	0x34e900	832	_ZN7Walaber12SoundManager8addSoundEiNSt6__ndk112basic_stringIcNS1_11char_traitsIcEENS1_9allocatorIcEEEEbfbbb	Walaber::SoundManager::addSound	ok
Walaber/SoundManager.cpp	0x34fd94	192	_ZN7Walaber12SoundManager10_loadSoundEiiNS_9SharedPtrINS_8CallbackEEERKNS_12PropertyListE	Walaber::SoundManager::_loadSound	ok
Walaber/SoundManager.cpp	0x350538	36	_ZN7Walaber12SoundManager20refreshStreamedTrackERKNSt6__ndk112basic_stringIcNS1_11char_traitsIcEENS1_9allocatorIcEEEEi	Walaber::SoundManager::refreshStreamedTrack	ok
Walaber/SoundManager.cpp	0x350e68	392	_ZN7Walaber12SoundManager18_loadSoundFileReadEPv	Walaber::SoundManager::_loadSoundFileRead	ok
Walaber/SoundManager.cpp	0x3517a4	296	_ZN7Walaber12SoundManager18_loadSoundResourceEPNS_11FileManager26ReadFileCallbackParametersEb	Walaber::SoundManager::_loadSoundResource	ok
Walaber/SoundManager.cpp	0x351a6c	712	_ZN7Walaber12SoundManager19modifyMusicFilePathERKNSt6__ndk112basic_stringIcNS1_11char_traitsIcEENS1_9allocatorIcEEEES9_	Walaber::SoundManager::modifyMusicFilePath	ok
Walaber/SoundManager.cpp	0x351d34	28	_ZN7Walaber12SoundManager18playSoundFromGroupEiff	Walaber::SoundManager::playSoundFromGroup	ok
Walaber/SoundManager.cpp	0x351ea4	12	_ZN7Walaber12SoundManager16_oneShotCallbackEPv	Walaber::SoundManager::_oneShotCallback	ok
Walaber/SoundManager.cpp	0x352184	364	_ZN7Walaber12SoundManager17newSoundFromGroupEiNS_9SharedPtrINS_8CallbackEEERKNS_12PropertyListE	Walaber::SoundManager::newSoundFromGroup	ok
Walaber/SoundManager.cpp	0x3523e0	144	_ZN7Walaber12SoundManager16newSoundSpecificEiiNS_9SharedPtrINS_8CallbackEEERKNS_12PropertyListE	Walaber::SoundManager::newSoundSpecific	ok
Walaber/SoundManager.cpp	0x3527d4	96	_ZN7Walaber12SoundManager18soundCountForGroupEi	Walaber::SoundManager::soundCountForGroup	ok
Walaber/SoundManager.cpp	0x352834	48	_ZN7Walaber12SoundManager17playSoundSpecificEiif	Walaber::SoundManager::playSoundSpecific	ok
Walaber/SoundManager.cpp	0x352d38	396	_ZN7Walaber12SoundManager13playSoundFileERKNSt6__ndk112basic_stringIcNS1_11char_traitsIcEENS1_9allocatorIcEEEEffb	Walaber::SoundManager::playSoundFile	ok
Walaber/SoundManager.cpp	0x352ec4	8	_ZN7Walaber12SoundManager26_oneShotCallbackDirectFileEPv	Walaber::SoundManager::_oneShotCallbackDirectFile	ok
Walaber/SoundManager.cpp	0x352fcc	484	_ZN7Walaber12SoundManager12getSoundFileERKNSt6__ndk112basic_stringIcNS1_11char_traitsIcEENS1_9allocatorIcEEEENS_9SharedPtrINS_8CallbackEEERKNS_12PropertyListEb	Walaber::SoundManager::getSoundFile	ok
Walaber/SoundManager.cpp	0x3535c0	48	_ZN7Walaber12SoundManager24_loadSoundFileDirectReadEPv	Walaber::SoundManager::_loadSoundFileDirectRead	ok
Walaber/SoundManager.cpp	0x354058	548	_ZN7Walaber12SoundManager8optimizeEb	Walaber::SoundManager::optimize	ok
Walaber/SoundManager.cpp	0x35427c	176	_ZN7Walaber12SoundManager9freeGroupEib	Walaber::SoundManager::freeGroup	ok
Walaber/SoundManager.cpp	0x35432c	336	_ZN7Walaber12SoundManager11removeGroupEi	Walaber::SoundManager::removeGroup	ok
Walaber/SoundManager.cpp	0x35447c	636	_ZN7Walaber12SoundManager6updateEf	Walaber::SoundManager::update	ok
Walaber/SoundManager.cpp	0x3546f8	636	_ZN7Walaber12SoundManager18_streamMusicAtPathERKNSt6__ndk112basic_stringIcNS1_11char_traitsIcEENS1_9allocatorIcEEEEii	Walaber::SoundManager::_streamMusicAtPath	ok
Walaber/SoundManager.cpp	0x354974	1144	_ZN7Walaber12SoundManager11resumeMusicEv	Walaber::SoundManager::resumeMusic	ok
Walaber/SoundManager.cpp	0x354dec	192	_ZN7Walaber12SoundManager21playHubMusicFromGroupEif	Walaber::SoundManager::playHubMusicFromGroup	ok
Walaber/SoundManager.cpp	0x35511c	92	_ZN7Walaber12SoundManager27_resumeStreamingMusicAtPathEPv	Walaber::SoundManager::_resumeStreamingMusicAtPath	ok
Walaber/SoundManager.cpp	0x355178	76	_ZN7Walaber12SoundManager21clearHubMusicChannelsEv	Walaber::SoundManager::clearHubMusicChannels	ok
Walaber/SoundManager.cpp	0x355248	40	_ZN7Walaber12SoundManager20playNextTrackInGroupEi	Walaber::SoundManager::playNextTrackInGroup	ok
Walaber/SoundManager.cpp	0x3553f0	12	_ZN7Walaber12SoundManager23playCurrentTrackInGroupEi	Walaber::SoundManager::playCurrentTrackInGroup	ok
Walaber/SoundManager.cpp	0x35558c	12	_ZN7Walaber12SoundManager26playSpecificMusicFromGroupEii	Walaber::SoundManager::playSpecificMusicFromGroup	ok
Walaber/SoundManager.cpp	0x3556ec	12	_ZN7Walaber12SoundManager23initDefaultSubtitleTextEv	Walaber::SoundManager::initDefaultSubtitleText	ok
Walaber/SoundManager.cpp	0x355958	344	_ZN7Walaber12SoundManager10pauseMusicEv	Walaber::SoundManager::pauseMusic	ok
Walaber/SoundManager.cpp	0x355ab0	16	_ZN7Walaber12SoundManager13isMusicPausedEv	Walaber::SoundManager::isMusicPaused	ok
Walaber/Sprite.cpp	0x35bacc	340	_ZN7Walaber6Sprite12addAnimationENS_9SharedPtrINS_15SpriteAnimationEEE	Walaber::Sprite::addAnimation	ok
Walaber/Sprite.cpp	0x35bc20	548	_ZN7Walaber6Sprite12setAnimationERKNSt6__ndk112basic_stringIcNS1_11char_traitsIcEENS1_9allocatorIcEEEE	Walaber::Sprite::setAnimation	ok
Walaber/Sprite.cpp	0x35bf2c	116	_ZN7Walaber6Sprite11loadFromXMLERKNSt6__ndk112basic_stringIcNS1_11char_traitsIcEENS1_9allocatorIcEEEENS_9SharedPtrINS_8CallbackEEE	Walaber::Sprite::loadFromXML	ok
Walaber/Sprite.cpp	0x35bfa0	244	_ZN7Walaber6Sprite21loadAnimationsFromXMLERKNSt6__ndk112basic_stringIcNS1_11char_traitsIcEENS1_9allocatorIcEEEE	Walaber::Sprite::loadAnimationsFromXML	ok
Walaber/SpriteAnimation.cpp	0x35b1e8	588	_ZN7Walaber15SpriteAnimation4playEf	Walaber::SpriteAnimation::play	ok
Walaber/SpriteAnimation.cpp	0x35b434	160	_ZN7Walaber15SpriteAnimation5pauseEv	Walaber::SpriteAnimation::pause	ok
Walaber/SpriteAnimation.cpp	0x35b5ac	12	_ZN7Walaber15SpriteAnimation4stopEv	Walaber::SpriteAnimation::stop	ok
Walaber/SpriteAnimation.cpp	0x35b5b8	292	_ZN7Walaber15SpriteAnimation19projectCurrentFrameERKNS_7Vector2EfS3_RS1_RfS4_RNS_4RectEb	Walaber::SpriteAnimation::projectCurrentFrame	ok
Walaber/SpriteAnimation.cpp	0x35b6dc	444	_ZN7Walaber15SpriteAnimation12getFrameSizeEv	Walaber::SpriteAnimation::getFrameSize	ok
Walaber/SpriteBatch.cpp	0x35e030	624	_ZN7Walaber11SpriteBatch15_flushImmediateEv	Walaber::SpriteBatch::_flushImmediate	ok
Walaber/SpriteBatch.cpp	0x35e2a0	876	_ZN7Walaber11SpriteBatch13_flushOptimalEv	Walaber::SpriteBatch::_flushOptimal	ok
Walaber/SpriteBatch.cpp	0x35e60c	316	_ZN7Walaber11SpriteBatch24_addQuadToBatchImmediateENS_9SharedPtrINS_7TextureEEERKNS_7Vector2EfS6_RKNS_5ColorENS_20VertexColorBlendModeE	Walaber::SpriteBatch::_addQuadToBatchImmediate	ok
Walaber/SpriteBatch.cpp	0x35e748	92	_ZN7Walaber11SpriteBatch22_addQuadToBatchOptimalENS_9SharedPtrINS_7TextureEEERKNS_7Vector2EfS6_RKNS_5ColorENS_20VertexColorBlendModeE	Walaber::SpriteBatch::_addQuadToBatchOptimal	ok
Walaber/SpriteBatch.cpp	0x35e7a4	196	_ZN7Walaber11SpriteBatch8drawQuadEiNS_9SharedPtrINS_7TextureEEERKNS_7Vector2EfS6_RKNS_5ColorENS_20VertexColorBlendModeE	Walaber::SpriteBatch::drawQuad	ok
Walaber/SpriteBatch.cpp	0x35eaa4	136	_ZN7Walaber11SpriteBatch8drawQuadENS_9SharedPtrINS_7TextureEEERKNS_7Vector2EfS6_RKNS_4RectERKNS_5ColorENS_20VertexColorBlendModeE	Walaber::SpriteBatch::drawQuad	ok
Walaber/SpriteBatch.cpp	0x35f12c	304	_ZN7Walaber11SpriteBatch8drawQuadENS_9SharedPtrINS_7TextureEEERKNS_7Vector2EfS6_RKNS_4RectEPKNS_5ColorENS_20VertexColorBlendModeE	Walaber::SpriteBatch::drawQuad	ok
Walaber/SpriteBatch.cpp	0x35f668	784	_ZN7Walaber11SpriteBatch8drawQuadEiNS_9SharedPtrINS_7TextureEEERKNS_7Vector2EfS6_RKNS_4RectEPKNS_5ColorENS_20VertexColorBlendModeE	Walaber::SpriteBatch::drawQuad	ok
Walaber/SpriteBatch.cpp	0x35f978	88	_ZN7Walaber11SpriteBatch15drawQuadColoredERKNS_7Vector2EfS3_RKNS_5ColorE	Walaber::SpriteBatch::drawQuadColored	ok
Walaber/SpriteBatch.cpp	0x35fa9c	204	_ZN7Walaber11SpriteBatch14_getDrawActionEv	Walaber::SpriteBatch::_getDrawAction	ok
Walaber/SpriteBatch.cpp	0x35fb68	1412	_ZN7Walaber11SpriteBatch21_addQuadToBatchUVRectERNSt6__ndk16vectorINS_24PositionTextureColorVertENS1_9allocatorIS3_EEEERNS2_INS0_12BlendSectionENS4_IS8_EEEERKNS_4RectERKNS_7Vector2EffSH_jNS_20VertexColorBlendModeE	Walaber::SpriteBatch::_addQuadToBatchUVRect	ok
Walaber/SpriteBatch.cpp	0x3600ec	12	_ZN7Walaber11SpriteBatch15drawQuadColoredEiRKNS_7Vector2EfS3_RKNS_5ColorE	Walaber::SpriteBatch::drawQuadColored	ok
Walaber/SpriteBatch.cpp	0x360204	284	_ZN7Walaber11SpriteBatch10drawCircleEiNS_9SharedPtrINS_7TextureEEERKNS_7Vector2EfRKNS_5ColorENS_20VertexColorBlendModeE	Walaber::SpriteBatch::drawCircle	ok
Walaber/SpriteBatch.cpp	0x360548	8	_ZN7Walaber11SpriteBatch10drawCircleENS_9SharedPtrINS_7TextureEEERKNS_7Vector2EfRKNS_5ColorENS_20VertexColorBlendModeE	Walaber::SpriteBatch::drawCircle	ok
Walaber/SpriteBatch.cpp	0x360700	256	_ZN7Walaber11SpriteBatch17drawCircleColoredERKNS_7Vector2EfRKNS_5ColorE	Walaber::SpriteBatch::drawCircleColored	ok
Walaber/SpriteBatch.cpp	0x3608fc	16	_ZN7Walaber11SpriteBatch15drawLineColoredERKNS_7Vector2ES3_fRKNS_5ColorE	Walaber::SpriteBatch::drawLineColored	ok
Walaber/SpriteBatch.cpp	0x36092c	140	_ZN7Walaber11SpriteBatch7drawTriENS_9SharedPtrINS_7TextureEEEPKNS_7Vector2ES6_PKNS_5ColorENS_20VertexColorBlendModeE	Walaber::SpriteBatch::drawTri	ok
Walaber/SpriteBatch.cpp	0x360b3c	212	_ZN7Walaber11SpriteBatch25_addVertsToBatchImmediateENS_9SharedPtrINS_7TextureEEEjbPKNS_7Vector2ES6_PKNS_5ColorENS_20VertexColorBlendModeE	Walaber::SpriteBatch::_addVertsToBatchImmediate	ok
Walaber/SpriteBatch.cpp	0x360d34	100	_ZN7Walaber11SpriteBatch23_addVertsToBatchOptimalENS_9SharedPtrINS_7TextureEEEjbPKNS_7Vector2ES6_PKNS_5ColorENS_20VertexColorBlendModeE	Walaber::SpriteBatch::_addVertsToBatchOptimal	ok
Walaber/SpriteBatch.cpp	0x360f20	136	_ZN7Walaber11SpriteBatch7drawTriEiNS_9SharedPtrINS_7TextureEEEPKNS_7Vector2ES6_PKNS_5ColorENS_20VertexColorBlendModeE	Walaber::SpriteBatch::drawTri	ok
Walaber/SpriteBatch.cpp	0x3610f0	68	_ZN7Walaber11SpriteBatch9drawVertsENS_9SharedPtrINS_7TextureEEEjbPKNS_7Vector2ES6_PKNS_5ColorENS_20VertexColorBlendModeE	Walaber::SpriteBatch::drawVerts	ok
Walaber/SpriteBatch.cpp	0x361220	148	_ZN7Walaber11SpriteBatch9drawVertsEiNS_9SharedPtrINS_7TextureEEEjbPKNS_7Vector2ES6_PKNS_5ColorENS_20VertexColorBlendModeE	Walaber::SpriteBatch::drawVerts	ok
Walaber/SpriteBatch.cpp	0x361408	180	_ZN7Walaber11SpriteBatch10drawStringEPNS_10BitmapFontENSt6__ndk112basic_stringIcNS3_11char_traitsIcEENS3_9allocatorIcEEEERKNS_7Vector2EffRKNS_5ColorENS0_13JustificationE	Walaber::SpriteBatch::drawString	ok
Walaber/SpriteBatch.cpp	0x3615cc	216	_ZN7Walaber11SpriteBatch11_drawStringEPNS_10BitmapFontENSt6__ndk112basic_stringIcNS3_11char_traitsIcEENS3_9allocatorIcEEEERKNS_7Vector2EffRKNS_5ColorENS0_13JustificationENS_20VertexColorBlendModeE	Walaber::SpriteBatch::_drawString	ok
Walaber/SpriteBatch.cpp	0x3616a4	72	_ZN7Walaber11SpriteBatch10drawStringEiPNS_10BitmapFontENSt6__ndk112basic_stringIcNS3_11char_traitsIcEENS3_9allocatorIcEEEERKNS_7Vector2EffRKNS_5ColorENS0_13JustificationE	Walaber::SpriteBatch::drawString	ok
Walaber/SpriteBatch.cpp	0x3617d8	360	_ZN7Walaber11SpriteBatch17drawStringClippedEPNS_10BitmapFontENSt6__ndk112basic_stringIcNS3_11char_traitsIcEENS3_9allocatorIcEEEERKNS_7Vector2ERKNS_4RectEffRKNS_5ColorENS0_13JustificationE	Walaber::SpriteBatch::drawStringClipped	ok
Walaber/SpriteBatch.cpp	0x361a38	872	_ZN7Walaber11SpriteBatch17drawStringClippedEiPNS_10BitmapFontENSt6__ndk112basic_stringIcNS3_11char_traitsIcEENS3_9allocatorIcEEEERKNS_7Vector2ERKNS_4RectEffRKNS_5ColorENS0_13JustificationE	Walaber::SpriteBatch::drawStringClipped	ok
Walaber/SpriteBatch.cpp	0x361da0	220	_ZN7Walaber11SpriteBatch17_drawStringCenterEPNS_10BitmapFontERKNSt6__ndk112basic_stringIcNS3_11char_traitsIcEENS3_9allocatorIcEEEERKNS_7Vector2EffRKNS_5ColorENS_20VertexColorBlendModeE	Walaber::SpriteBatch::_drawStringCenter	ok
Walaber/SpriteBatch.cpp	0x361e7c	88	_ZN7Walaber11SpriteBatch16_drawStringRightEPNS_10BitmapFontERKNSt6__ndk112basic_stringIcNS3_11char_traitsIcEENS3_9allocatorIcEEEERKNS_7Vector2EffRKNS_5ColorENS_20VertexColorBlendModeE	Walaber::SpriteBatch::_drawStringRight	ok
Walaber/SpriteBatch.cpp	0x3622b0	252	_ZN7Walaber11SpriteBatch21_drawStringCenterClipEPNS_10BitmapFontERKNSt6__ndk112basic_stringIcNS3_11char_traitsIcEENS3_9allocatorIcEEEERKNS_7Vector2ERKNS_4RectEffRKNS_5ColorENS_20VertexColorBlendModeE	Walaber::SpriteBatch::_drawStringCenterClip	ok
Walaber/SpriteBatch.cpp	0x3623ac	2040	_ZN7Walaber11SpriteBatch20_drawStringRightClipEPNS_10BitmapFontERKNSt6__ndk112basic_stringIcNS3_11char_traitsIcEENS3_9allocatorIcEEEERKNS_7Vector2ERKNS_4RectEffRKNS_5ColorENS_20VertexColorBlendModeE	Walaber::SpriteBatch::_drawStringRightClip	ok
Walaber/SpriteBatch.cpp	0x362d6c	168	_ZN7Walaber11SpriteBatch10_flushToGLEjRNSt6__ndk16vectorINS_24PositionTextureColorVertENS1_9allocatorIS3_EEEERNS2_INS0_12BlendSectionENS4_IS8_EEEE	Walaber::SpriteBatch::_flushToGL	ok
Walaber/SpriteBatch.cpp	0x38e4a0	76	_ZN7Walaber11SpriteBatch12drawTeardropEiNS_9SharedPtrINS_7TextureEEERKNS_7Vector2ES6_fRKNS_5ColorENS_20VertexColorBlendModeEb	Walaber::SpriteBatch::drawTeardrop	ok
Walaber/SpriteBatch.cpp	0x38fe64	8	_ZN7Walaber11SpriteBatch19_addTeardropToBatchERNSt6__ndk16vectorINS_24PositionTextureColorVertENS1_9allocatorIS3_EEEERNS2_INS0_12BlendSectionENS4_IS8_EEEERKNS_7Vector2ESE_fRKNS_5ColorENS_20VertexColorBlendModeEb	Walaber::SpriteBatch::_addTeardropToBatch	ok
Walaber/SpriteBatch.cpp	0x4947c0	636	_ZN7Walaber11SpriteBatch19drawTeardropColoredEiRKNS_7Vector2ES3_fRKNS_5ColorENS_20VertexColorBlendModeEb	Walaber::SpriteBatch::drawTeardropColored	ok
Walaber/StringHelper.cpp	0x3f8640	192	_ZN7Walaber12StringHelper15cleanLineEndingERKNSt6__ndk112basic_stringIcNS1_11char_traitsIcEENS1_9allocatorIcEEEE	Walaber::StringHelper::cleanLineEnding	ok
Walaber/StringHelper.cpp	0x3f8700	256	_ZN7Walaber12StringHelper15removeExtensionERKNSt6__ndk112basic_stringIcNS1_11char_traitsIcEENS1_9allocatorIcEEEE	Walaber::StringHelper::removeExtension	ok
Walaber/StringHelper.cpp	0x3f8800	184	_ZN7Walaber12StringHelper14stringContainsERKNSt6__ndk112basic_stringIcNS1_11char_traitsIcEENS1_9allocatorIcEEEES9_	Walaber::StringHelper::stringContains	ok
Walaber/StringHelper.cpp	0x3f8a00	480	_ZN7Walaber12StringHelper23removeLastPathComponentERKNSt6__ndk112basic_stringIcNS1_11char_traitsIcEENS1_9allocatorIcEEEE	Walaber::StringHelper::removeLastPathComponent	ok
Walaber/StringHelper.cpp	0x3f8be0	252	_ZN7Walaber12StringHelper10appendPathERKNSt6__ndk112basic_stringIcNS1_11char_traitsIcEENS1_9allocatorIcEEEES9_	Walaber::StringHelper::appendPath	ok
Walaber/StringHelper.cpp	0x3f8cdc	272	_ZN7Walaber12StringHelper7toLowerERKNSt6__ndk112basic_stringIcNS1_11char_traitsIcEENS1_9allocatorIcEEEE	Walaber::StringHelper::toLower	ok
Walaber/StringHelper.cpp	0x3f8dec	404	_ZN7Walaber12StringHelper12formatStringERKNSt6__ndk112basic_stringIcNS1_11char_traitsIcEENS1_9allocatorIcEEEERKNS_12PropertyListE	Walaber::StringHelper::formatString	ok
Walaber/StringHelper.cpp	0x45ca38	280	_ZN7Walaber12StringHelper9uIntToStrEj	Walaber::StringHelper::uIntToStr	ok
Walaber/Subtexture.cpp	0x39c3dc	124	_ZN7Walaber10Subtexture15isTextureParentERKNSt6__ndk112basic_stringIcNS1_11char_traitsIcEENS1_9allocatorIcEEEE	Walaber::Subtexture::isTextureParent	ok
Walaber/TextManager.cpp	0x3f9d54	228	_ZN7Walaber11TextManager9getStringENSt6__ndk112basic_stringIcNS1_11char_traitsIcEENS1_9allocatorIcEEEE	Walaber::TextManager::getString	ok
Walaber/TextManager.cpp	0x3f9e38	1716	_ZN7Walaber11TextManager12stringExistsENSt6__ndk112basic_stringIcNS1_11char_traitsIcEENS1_9allocatorIcEEEENS_8LanguageE	Walaber::TextManager::stringExists	ok
Walaber/TextManager.cpp	0x3fa4ec	296	_ZN7Walaber11TextManager16loadedScriptFileEPv	Walaber::TextManager::loadedScriptFile	ok
Walaber/TextManager.cpp	0x3fad64	972	_ZN7Walaber11TextManager16stringToLanguageENSt6__ndk112basic_stringIcNS1_11char_traitsIcEENS1_9allocatorIcEEEERNS_8LanguageE	Walaber::TextManager::stringToLanguage	ok
Walaber/TextManager.cpp	0x3fb7dc	260	_ZN7Walaber11TextManager16containsLanguageERKNSt6__ndk16vectorINS_8LanguageENS1_9allocatorIS3_EEEERKS3_	Walaber::TextManager::containsLanguage	ok
Walaber/TextManager.cpp	0x3fb8e0	168	_ZN7Walaber11TextManager20loadSubtitlesFromTSVENSt6__ndk112basic_stringIcNS1_11char_traitsIcEENS1_9allocatorIcEEEERNS1_6vectorINS_8LanguageENS5_IS9_EEEE	Walaber::TextManager::loadSubtitlesFromTSV	ok
Walaber/TextManager.cpp	0x3fb988	360	_ZN7Walaber11TextManager18loadedSubtitleFileEPv	Walaber::TextManager::loadedSubtitleFile	ok
Walaber/TextManager.cpp	0x3fc348	80	_ZN7Walaber11TextManager21CountryInfoToLanguageENSt6__ndk112basic_stringIcNS1_11char_traitsIcEENS1_9allocatorIcEEEE	Walaber::TextManager::CountryInfoToLanguage	ok
Walaber/TextManager.cpp	0x3fccbc	172	_ZN7Walaber11TextManager36getISOLanguageCountryCodeForLanguageENS_8LanguageE	Walaber::TextManager::getISOLanguageCountryCodeForLanguage	ok
Walaber/TextManager.cpp	0x3fcdcc	116	_ZN7Walaber11TextManager39getPrivacyCountryCodeForCurrentLanguageEv	Walaber::TextManager::getPrivacyCountryCodeForCurrentLanguage	ok
Walaber/TextManager.cpp	0x3fd010	132	_ZN7Walaber11TextManager21getAvailableLanguagesERNSt6__ndk16vectorINS_8LanguageENS1_9allocatorIS3_EEEE	Walaber::TextManager::getAvailableLanguages	ok
Walaber/TextManager.cpp	0x3fd094	16148	_ZN7Walaber11TextManager30getAvailableLanguagesAsStringsENSt6__ndk16vectorINS1_12basic_stringIcNS1_11char_traitsIcEENS1_9allocatorIcEEEENS6_IS8_EEEE	Walaber::TextManager::getAvailableLanguagesAsStrings	ok
Walaber/Texture.cpp	0x395928	44	_ZN7Walaber7Texture19create_empty_bufferEv	Walaber::Texture::create_empty_buffer	ok
Walaber/Texture2D.cpp	0x397ad0	12	_ZN7Walaber9Texture2D12loadFromFileENS_9SharedPtrINS_8CallbackEEENS_11FileManager14PlatformPolicyE	Walaber::Texture2D::loadFromFile	ok
Walaber/Texture2D.cpp	0x397bec	8	_ZN7Walaber9Texture2D16initFromFileNameEv	Walaber::Texture2D::initFromFileName	ok
Walaber/Texture2D.cpp	0x397d70	232	_ZN7Walaber9Texture2D8_getDataENS_9SharedPtrINS_8CallbackEEE	Walaber::Texture2D::_getData	ok
Walaber/Texture2D.cpp	0x398244	60	_ZN7Walaber9Texture2D11_fileLoadedEPv	Walaber::Texture2D::_fileLoaded	ok
Walaber/Texture2D.cpp	0x398d38	292	_ZN7Walaber9Texture2D7setDataENS_9SharedPtrINSt6__ndk16vectorINS_5ColorENS2_9allocatorIS4_EEEEEE	Walaber::Texture2D::setData	ok
Walaber/Texture2D.cpp	0x398e5c	56	_ZN7Walaber9Texture2D7setDataENS_9SharedPtrINSt6__ndk16vectorINS_5ColorENS2_9allocatorIS4_EEEEEEiiiiiii	Walaber::Texture2D::setData	ok
Walaber/Texture2D.cpp	0x39907c	168	_ZN7Walaber9Texture2D14_applySettingsEv	Walaber::Texture2D::_applySettings	ok
Walaber/Texture2D.cpp	0x399124	300	_ZN7Walaber9Texture2D13_failedToLoadERKNSt6__ndk112basic_stringIcNS1_11char_traitsIcEENS1_9allocatorIcEEEE	Walaber::Texture2D::_failedToLoad	ok
Walaber/Texture2D.cpp	0x399250	224	_ZN7Walaber9Texture2D19bufferFromImageDataEPhii	Walaber::Texture2D::bufferFromImageData	ok
Walaber/Texture2D.cpp	0x399380	168	_ZN7Walaber9Texture2D6reloadENS_9SharedPtrINS_8CallbackEEENS_11FileManager14PlatformPolicyE	Walaber::Texture2D::reload	ok
Walaber/Texture2D.cpp	0x399900	52	_ZN7Walaber9Texture2D10clearGlMemEv	Walaber::Texture2D::clearGlMem	ok
Walaber/TextureManager.cpp	0x399bd4	276	_ZN7Walaber14TextureManager19_createErrorTextureEv	Walaber::TextureManager::_createErrorTexture	ok
Walaber/TextureManager.cpp	0x399f34	256	_ZN7Walaber14TextureManager16loadTextureAtlasERKNSt6__ndk112basic_stringIcNS1_11char_traitsIcEENS1_9allocatorIcEEEENS_9SharedPtrINS_8CallbackEEE	Walaber::TextureManager::loadTextureAtlas	ok
Walaber/TextureManager.cpp	0x39a1e8	168	_ZN7Walaber14TextureManager28_unloadTextureAndSubTexturesERKNSt6__ndk112basic_stringIcNS1_11char_traitsIcEENS1_9allocatorIcEEEE	Walaber::TextureManager::_unloadTextureAndSubTextures	ok
Walaber/TextureManager.cpp	0x39a518	264	_ZN7Walaber14TextureManager19_loadedTextureAtlasEPv	Walaber::TextureManager::_loadedTextureAtlas	ok
Walaber/TextureManager.cpp	0x39a790	152	_ZN7Walaber14TextureManager10getTextureERKNSt6__ndk112basic_stringIcNS1_11char_traitsIcEENS1_9allocatorIcEEEENS_9SharedPtrINS_8CallbackEEENS_11FileManager14PlatformPolicyEb	Walaber::TextureManager::getTexture	ok
Walaber/TextureManager.cpp	0x39ba08	168	_ZN7Walaber14TextureManager14_loadImageListEP7_xmlDocP8_xmlNodeRKNSt6__ndk112basic_stringIcNS5_11char_traitsIcEENS5_9allocatorIcEEEE	Walaber::TextureManager::_loadImageList	ok
Walaber/TextureManager.cpp	0x39c4ec	172	_ZN7Walaber14TextureManager19_isTextureSupportedERKNSt6__ndk112basic_stringIcNS1_11char_traitsIcEENS1_9allocatorIcEEEE	Walaber::TextureManager::_isTextureSupported	ok
Walaber/TextureManager.cpp	0x39c600	148	_ZN7Walaber14TextureManager20_loadAtlasGotTextureEPv	Walaber::TextureManager::_loadAtlasGotTexture	ok
Walaber/TextureManager.cpp	0x39cad8	104	_ZN7Walaber14TextureManager19loadTextureSettingsERKNSt6__ndk112basic_stringIcNS1_11char_traitsIcEENS1_9allocatorIcEEEE	Walaber::TextureManager::loadTextureSettings	ok
Walaber/TextureManager.cpp	0x39cc6c	148	_ZN7Walaber14TextureManager22_loadedTextureSettingsEPv	Walaber::TextureManager::_loadedTextureSettings	ok
Walaber/TextureManager.cpp	0x39ddf4	136	_ZN7Walaber14TextureManager18setTextureSettingsERKNSt6__ndk112basic_stringIcNS1_11char_traitsIcEENS1_9allocatorIcEEEENS_15TextureSettingsE	Walaber::TextureManager::setTextureSettings	ok
Walaber/TextureManager.cpp	0x39e358	32	_ZN7Walaber14TextureManager21reloadTextureFromDiskERKNSt6__ndk112basic_stringIcNS1_11char_traitsIcEENS1_9allocatorIcEEEENS_9SharedPtrINS_8CallbackEEE	Walaber::TextureManager::reloadTextureFromDisk	ok
Walaber/TextureManager.cpp	0x39e758	8	_ZN7Walaber14TextureManager14reloadTexturesEv	Walaber::TextureManager::reloadTextures	ok
Walaber/TextureManager.cpp	0x39e948	212	_ZN7Walaber14TextureManager18invalidateTexturesEb	Walaber::TextureManager::invalidateTextures	ok
Walaber/TextureManager.cpp	0x39ea1c	112	_ZN7Walaber14TextureManager24reloadNextInvalidTextureEv	Walaber::TextureManager::reloadNextInvalidTexture	ok
Walaber/TextureManager.cpp	0x39ecb8	628	_ZN7Walaber14TextureManager17reloadSubTexturesEv	Walaber::TextureManager::reloadSubTextures	ok
Walaber/TextureManager.cpp	0x39ef2c	128	_ZN7Walaber14TextureManager18getTextureSettingsERKNSt6__ndk112basic_stringIcNS1_11char_traitsIcEENS1_9allocatorIcEEEE	Walaber::TextureManager::getTextureSettings	ok
Walaber/TextureManager.cpp	0x39f064	120	_ZN7Walaber14TextureManager12clearTextureENSt6__ndk112basic_stringIcNS1_11char_traitsIcEENS1_9allocatorIcEEEE	Walaber::TextureManager::clearTexture	ok
Walaber/TextureManager.cpp	0x39f384	672	_ZN7Walaber14TextureManager10clearCacheEv	Walaber::TextureManager::clearCache	ok
Walaber/TextureManager.cpp	0x39f624	200	_ZN7Walaber14TextureManager21_removeUnusedTexturesEb	Walaber::TextureManager::_removeUnusedTextures	ok
Walaber/Transition.cpp	0x3f4158	924	_ZN7Walaber10Transition5setupEfRKNS_12PropertyListE	Walaber::Transition::setup	ok
Walaber/Transition_Block.cpp	0x3f4784	124	_ZN7Walaber16Transition_Block5setupEfRKNS_12PropertyListE	Walaber::Transition_Block::setup	ok
Walaber/Transition_Block.cpp	0x3f4938	1420	_ZN7Walaber16Transition_Block6updateEf	Walaber::Transition_Block::update	ok
Walaber/Transition_Fade.cpp	0x3f4ec4	688	_ZN7Walaber15Transition_Fade6updateEf	Walaber::Transition_Fade::update	ok
Walaber/Transition_Fade.cpp	0x3f5174	88	_ZN7Walaber15Transition_Fade4drawEv	Walaber::Transition_Fade::draw	ok
Walaber/Transition_Iris.cpp	0x3f5360	440	_ZN7Walaber15Transition_Iris17_initBladeAnchorsEv	Walaber::Transition_Iris::_initBladeAnchors	ok
Walaber/Transition_Iris.cpp	0x3f5518	280	_ZN7Walaber15Transition_Iris5setupEfRKNS_12PropertyListE	Walaber::Transition_Iris::setup	ok
Walaber/Transition_Iris.cpp	0x3f56f8	168	_ZN7Walaber15Transition_Iris6updateEf	Walaber::Transition_Iris::update	ok
Walaber/Transition_Iris.cpp	0x3f59e0	92	_ZN7Walaber15Transition_Iris4drawEv	Walaber::Transition_Iris::draw	ok
Walaber/Transition_Slide.cpp	0x3f5e98	256	_ZN7Walaber16Transition_Slide25_setupRenderTextureBufferEv	Walaber::Transition_Slide::_setupRenderTextureBuffer	ok
Walaber/Transition_Slide.cpp	0x3f610c	528	_ZN7Walaber16Transition_Slide5setupEf	Walaber::Transition_Slide::setup	ok
Walaber/Transition_Slide.cpp	0x3f631c	316	_ZN7Walaber16Transition_Slide5setupEfRKNS_12PropertyListE	Walaber::Transition_Slide::setup	ok
Walaber/Transition_Slide.cpp	0x3f6614	812	_ZN7Walaber16Transition_Slide6updateEf	Walaber::Transition_Slide::update	ok
Walaber/Transition_Slide.cpp	0x3f6940	964	_ZN7Walaber16Transition_Slide4drawEv	Walaber::Transition_Slide::draw	ok
Walaber/Transition_Widget_Slide.cpp	0x3f6d04	4924	_ZN7Walaber23Transition_Widget_Slide25_populateWidgetManagerMapEv	Walaber::Transition_Widget_Slide::_populateWidgetManagerMap	ok
Walaber/Transition_Wipe.cpp	0x3f8040	152	_ZN7Walaber15Transition_Wipe6updateEf	Walaber::Transition_Wipe::update	ok
Walaber/Transition_Wipe.cpp	0x3f80d8	920	_ZN7Walaber15Transition_Wipe4drawEv	Walaber::Transition_Wipe::draw	ok
Walaber/TweenedLinearCurve.cpp	0x3e6ed4	2060	_ZN7Walaber18TweenedLinearCurve13writeToBufferEPc	Walaber::TweenedLinearCurve::writeToBuffer	ok
Walaber/Tweens.cpp	0x3e76e0	1236	_ZN7Walaber6Tweens29getTweenTypeForEasingFunctionEPFfffffE	Walaber::Tweens::getTweenTypeForEasingFunction	ok
Walaber/ValueTweaker.cpp	0x40160c	1628	_ZN7Walaber12ValueTweaker17setTweakableValueENSt6__ndk112basic_stringIcNS1_11char_traitsIcEENS1_9allocatorIcEEEENS_4RectE	Walaber::ValueTweaker::setTweakableValue	ok
Walaber/ValueTweaker.cpp	0x40201c	2840	_ZN7Walaber12ValueTweaker17mapTweakableValueENSt6__ndk112basic_stringIcNS1_11char_traitsIcEENS1_9allocatorIcEEEEPfPv	Walaber::ValueTweaker::mapTweakableValue	ok
Walaber/ValueTweaker.cpp	0x402b34	80	_ZN7Walaber12ValueTweaker12loadFromFileENSt6__ndk112basic_stringIcNS1_11char_traitsIcEENS1_9allocatorIcEEEE	Walaber::ValueTweaker::loadFromFile	ok
Walaber/ValueTweaker/TweakableValue.cpp	0x400fa8	128	_ZN7Walaber12ValueTweaker14TweakableValue8setValueEf	Walaber::ValueTweaker::TweakableValue::setValue	ok
Walaber/ValueTweaker/TweakableValue.cpp	0x401db8	132	_ZN7Walaber12ValueTweaker14TweakableValue13_fireMappingsEv	Walaber::ValueTweaker::TweakableValue::_fireMappings	ok
Walaber/VectorTools.cpp	0x3e7bb4	292	_ZN7Walaber11VectorTools27distanceBetweenLineSegmentsERKNS_7Vector2ES3_S3_S3_	Walaber::VectorTools::distanceBetweenLineSegments	ok
Walaber/VectorTools.cpp	0x3e7cd8	440	_ZN7Walaber11VectorTools17distToLineSegmentERKNS_7Vector2ES3_S3_S3_fS3_Rf	Walaber::VectorTools::distToLineSegment	ok
Walaber/VectorTools.cpp	0x3e7e90	108	_ZN7Walaber11VectorTools34distanceBetweenLineSegmentsSquaredERKNS_7Vector2ES3_S3_S3_	Walaber::VectorTools::distanceBetweenLineSegmentsSquared	ok
Walaber/VectorTools.cpp	0x3e8020	136	_ZN7Walaber11VectorTools24distToLineSegmentSquaredERKNS_7Vector2ES3_S3_S3_fS3_Rf	Walaber::VectorTools::distToLineSegmentSquared	ok
Walaber/VectorTools.cpp	0x3e80a8	376	_ZN7Walaber11VectorTools17distToLineSegmentERKNS_7Vector2ES3_S3_Rf	Walaber::VectorTools::distToLineSegment	ok
Walaber/VectorTools.cpp	0x3e8220	168	_ZN7Walaber11VectorTools20calculateSpringForceERKNS_7Vector2ES3_S3_S3_fff	Walaber::VectorTools::calculateSpringForce	ok
Walaber/VectorTools.cpp	0x3e82c8	380	_ZN7Walaber11VectorTools20calculateSpringForceERKNS_7Vector2EfS3_S3_fff	Walaber::VectorTools::calculateSpringForce	ok
Walaber/VectorTools.cpp	0x3e8444	316	_ZN7Walaber11VectorTools12bezierInterpERKNS_7Vector2ES3_S3_S3_f	Walaber::VectorTools::bezierInterp	ok
Walaber/Widget.cpp	0x36aadc	1560	_ZN7Walaber6Widget16setLocalPositionERKNS_7Vector2E	Walaber::Widget::setLocalPosition	ok
Walaber/Widget.cpp	0x36d644	1096	_ZN7Walaber6Widget6updateEfRNS0_15WidgetActionRetE	Walaber::Widget::update	ok
Walaber/Widget.cpp	0x370168	152	_ZN7Walaber6Widget13getWidgetNameEv	Walaber::Widget::getWidgetName	ok
Walaber/WidgetHelper.cpp	0x371630	124	_ZN7Walaber12WidgetHelper22_parsePositionToScreenEP8_xmlNodePNS_6WidgetENS_7Vector2E	Walaber::WidgetHelper::_parsePositionToScreen	ok
Walaber/WidgetHelper.cpp	0x371a80	6040	_ZN7Walaber12WidgetHelper15getTextureNamesERKNSt6__ndk112basic_stringIcNS1_11char_traitsIcEENS1_9allocatorIcEEEERNS1_6vectorIS7_NS5_IS7_EEEE	Walaber::WidgetHelper::getTextureNames	ok
Walaber/WidgetHelper.cpp	0x373218	620	_ZN7Walaber12WidgetHelper9_parseIntEP8_xmlNodePKc	Walaber::WidgetHelper::_parseInt	ok
Walaber/WidgetHelper.cpp	0x373df4	832	_ZN7Walaber12WidgetHelper24_updateWidgetTimedButtonEP8_xmlNodePNS_18Widget_TimedButtonEPNS_6WidgetE	Walaber::WidgetHelper::_updateWidgetTimedButton	ok
Walaber/WidgetHelper.cpp	0x374134	172	_ZN7Walaber12WidgetHelper24_updateWidgetColorPickerEP8_xmlNodePNS_18Widget_ColorPickerEPNS_6WidgetE	Walaber::WidgetHelper::_updateWidgetColorPicker	ok
Walaber/WidgetHelper.cpp	0x3744b8	124	_ZN7Walaber12WidgetHelper21_updateWidgetIconListEP8_xmlNodePNS_15Widget_IconListEPNS_6WidgetE	Walaber::WidgetHelper::_updateWidgetIconList	ok
Walaber/WidgetHelper.cpp	0x3748f8	260	_ZN7Walaber12WidgetHelper19_updateWidgetCanvasEP8_xmlNodePNS_13Widget_CanvasEPNS_6WidgetE	Walaber::WidgetHelper::_updateWidgetCanvas	ok
Walaber/WidgetHelper.cpp	0x3749fc	8	_ZN7Walaber12WidgetHelper19_updateWidgetToggleEP8_xmlNodePNS_13Widget_ToggleEPNS_6WidgetE	Walaber::WidgetHelper::_updateWidgetToggle	ok
Walaber/WidgetHelper.cpp	0x3760c8	524	_ZN7Walaber12WidgetHelper23_updateWidgetSlideWheelEP8_xmlNodePNS_17Widget_SlideWheelEPNS_6WidgetE	Walaber::WidgetHelper::_updateWidgetSlideWheel	ok
Walaber/WidgetHelper.cpp	0x37640c	72	_ZN7Walaber12WidgetHelper24_updateWidgetProgressBarEP8_xmlNodePNS_18Widget_ProgressBarEPNS_6WidgetE	Walaber::WidgetHelper::_updateWidgetProgressBar	ok
Walaber/WidgetHelper.cpp	0x376968	468	_ZN7Walaber12WidgetHelper26_updateWidgetMovingTextBoxEP8_xmlNodePNS_20Widget_MovingTextBoxEPNS_6WidgetE	Walaber::WidgetHelper::_updateWidgetMovingTextBox	ok
Walaber/WidgetHelper.cpp	0x37748c	444	_ZN7Walaber12WidgetHelper11_getTextureERKNSt6__ndk112basic_stringIcNS1_11char_traitsIcEENS1_9allocatorIcEEEE	Walaber::WidgetHelper::_getTexture	ok
Walaber/WidgetHelper.cpp	0x377648	244	_ZN7Walaber12WidgetHelper10_parseBoolEP8_xmlNodePKc	Walaber::WidgetHelper::_parseBool	ok
Walaber/WidgetHelper.cpp	0x37773c	204	_ZN7Walaber12WidgetHelper11_parseColorEP8_xmlNodePKc	Walaber::WidgetHelper::_parseColor	ok
Walaber/WidgetHelper.cpp	0x377808	216	_ZN7Walaber12WidgetHelper11_parseFloatEP8_xmlNodePKc	Walaber::WidgetHelper::_parseFloat	ok
Walaber/WidgetHelper.cpp	0x3778e0	184	_ZN7Walaber12WidgetHelper23_parseRealWorldToScreenEP8_xmlNodePKc	Walaber::WidgetHelper::_parseRealWorldToScreen	ok
Walaber/WidgetHelper.cpp	0x377998	192	_ZN7Walaber12WidgetHelper25_parseScreenCoordToScreenEP8_xmlNodePKc	Walaber::WidgetHelper::_parseScreenCoordToScreen	ok
Walaber/WidgetHelper.cpp	0x377f6c	224	_ZN7Walaber12WidgetHelper16_extractPriorityEP8_xmlNode	Walaber::WidgetHelper::_extractPriority	ok
Walaber/WidgetHelper.cpp	0x37804c	836	_ZN7Walaber12WidgetHelper17_fileReadCallbackEPv	Walaber::WidgetHelper::_fileReadCallback	ok
Walaber/WidgetManager.cpp	0x36b0f4	308	_ZN7Walaber13WidgetManager6updateEf	Walaber::WidgetManager::update	ok
Walaber/WidgetManager.cpp	0x36ba58	1892	_ZN7Walaber13WidgetManager15updateCustomizeEv	Walaber::WidgetManager::updateCustomize	ok
Walaber/WidgetManager.cpp	0x36c1bc	424	_ZN7Walaber13WidgetManager14drawLayerRangeERNS_11SpriteBatchEPNS_6CameraEii	Walaber::WidgetManager::drawLayerRange	ok
Walaber/WidgetManager.cpp	0x36c620	768	_ZN7Walaber13WidgetManager14drawLayerRangeERNS_11SpriteBatchEii	Walaber::WidgetManager::drawLayerRange	ok
Walaber/WidgetManager.cpp	0x36c920	204	_ZN7Walaber13WidgetManager13_clearFingersEv	Walaber::WidgetManager::_clearFingers	ok
Walaber/WidgetManager.cpp	0x36d03c	656	_ZN7Walaber13WidgetManager7touchUpEiNS_7Vector2E	Walaber::WidgetManager::touchUp	ok
Walaber/WidgetManager.cpp	0x36d2cc	888	_ZN7Walaber13WidgetManager15getBoundingAreaEv	Walaber::WidgetManager::getBoundingArea	ok
Walaber/Widget_Canvas.cpp	0x37a80c	4	_ZN7Walaber13Widget_Canvas4initEv	Walaber::Widget_Canvas::init	ok
Walaber/Widget_Canvas.cpp	0x37a940	156	_ZN7Walaber13Widget_Canvas6updateEfRNS_6Widget15WidgetActionRetE	Walaber::Widget_Canvas::update	ok
Walaber/Widget_Canvas.cpp	0x37a9dc	1612	_ZN7Walaber13Widget_Canvas19acceptNewFingerDownEiPNS_10FingerInfoE	Walaber::Widget_Canvas::acceptNewFingerDown	ok
Walaber/Widget_ColorPicker.cpp	0x37b6a0	124	_ZN7Walaber18Widget_ColorPicker16setSwatchTextureENS_9SharedPtrINS_7TextureEEE	Walaber::Widget_ColorPicker::setSwatchTexture	ok
Walaber/Widget_ColorPicker.cpp	0x37b71c	140	_ZN7Walaber18Widget_ColorPicker23setSwatchHilightTextureENS_9SharedPtrINS_7TextureEEE	Walaber::Widget_ColorPicker::setSwatchHilightTexture	ok
Walaber/Widget_ColorPicker.cpp	0x37b7a8	1524	_ZN7Walaber18Widget_ColorPicker12setSelectionERKNS_5ColorEb	Walaber::Widget_ColorPicker::setSelection	ok
Walaber/Widget_ColorPicker.cpp	0x37be88	744	_ZN7Walaber18Widget_ColorPicker13_updateFingerEPNS_10FingerInfoE	Walaber::Widget_ColorPicker::_updateFinger	ok
Walaber/Widget_FingerCatcher.cpp	0x37c170	676	_ZN7Walaber20Widget_FingerCatcher13_acceptFingerEiPNS_10FingerInfoE	Walaber::Widget_FingerCatcher::_acceptFinger	ok
Walaber/Widget_FingerCatcher.cpp	0x37c414	4	_ZN7Walaber20Widget_FingerCatcher14_releaseFingerEiPNS_10FingerInfoE	Walaber::Widget_FingerCatcher::_releaseFinger	ok
Walaber/Widget_FingerCatcher.cpp	0x37c590	140	_ZN7Walaber20Widget_FingerCatcher17lostFingerHandledEi	Walaber::Widget_FingerCatcher::lostFingerHandled	ok
Walaber/Widget_Group.cpp	0x37c984	8	_ZN7Walaber12Widget_Group9addWidgetEPNS_6WidgetE	Walaber::Widget_Group::addWidget	ok
Walaber/Widget_Group.cpp	0x37c98c	12	_ZN7Walaber12Widget_Group9getWidgetEi	Walaber::Widget_Group::getWidget	ok
Walaber/Widget_Group.cpp	0x37cbe0	84	_ZN7Walaber12Widget_Group16setLocalPositionENS_7Vector2E	Walaber::Widget_Group::setLocalPosition	ok
Walaber/Widget_Group.cpp	0x37d038	1612	_ZN7Walaber12Widget_Group8setColorERKNS_5ColorE	Walaber::Widget_Group::setColor	ok
Walaber/Widget_IconList.cpp	0x37da90	1172	_ZN7Walaber15Widget_IconList7addIconENSt6__ndk112basic_stringIcNS1_11char_traitsIcEENS1_9allocatorIcEEEEi	Walaber::Widget_IconList::addIcon	ok
Walaber/Widget_IconList.cpp	0x37e07c	100	_ZN7Walaber15Widget_IconList4drawEPNS_11SpriteBatchE	Walaber::Widget_IconList::draw	ok
Walaber/Widget_IconList.cpp	0x37ea8c	276	_ZN7Walaber15Widget_IconList12_iconFromPosENS_7Vector2E	Walaber::Widget_IconList::_iconFromPos	ok
Walaber/Widget_IconList.cpp	0x37eba0	460	_ZN7Walaber15Widget_IconList13_updateFingerEv	Walaber::Widget_IconList::_updateFinger	ok
Walaber/Widget_Label.cpp	0x37f748	72	_ZN7Walaber12Widget_Label13_setTextScaleEv	Walaber::Widget_Label::_setTextScale	ok
Walaber/Widget_Label.cpp	0x37f8b4	1144	_ZN7Walaber12Widget_Label15_setTextTopLeftEv	Walaber::Widget_Label::_setTextTopLeft	ok
Walaber/Widget_Label.cpp	0x37fd2c	348	_ZN7Walaber12Widget_Label10reloadFontEv	Walaber::Widget_Label::reloadFont	ok
Walaber/Widget_Label.cpp	0x37fe88	348	_ZN7Walaber12Widget_Label19getTileOffsetBySizeEv	Walaber::Widget_Label::getTileOffsetBySize	ok
Walaber/Widget_Label.cpp	0x37ffe4	32	_ZN7Walaber12Widget_Label7setTextERKNSt6__ndk112basic_stringIcNS1_11char_traitsIcEENS1_9allocatorIcEEEE	Walaber::Widget_Label::setText	ok
Walaber/Widget_Label.cpp	0x38025c	20	_ZN7Walaber12Widget_Label4drawEPNS_11SpriteBatchE	Walaber::Widget_Label::draw	ok
Walaber/Widget_Label.cpp	0x3806c0	188	_ZN7Walaber12Widget_Label11setBaseSizeENS_7Vector2E	Walaber::Widget_Label::setBaseSize	ok
Walaber/Widget_Label.cpp	0x4da0bc	112	_ZN7Walaber12Widget_Label29setTextEdgePaddingPercentSizeEffff	Walaber::Widget_Label::setTextEdgePaddingPercentSize	ok
Walaber/Widget_Label.cpp	0x589848	148	_ZN7Walaber12Widget_Label29setTextEdgePaddingPercentSizeEf	Walaber::Widget_Label::setTextEdgePaddingPercentSize	ok
Walaber/Widget_Label.cpp	0x5898dc	404	_ZN7Walaber12Widget_Label31setTextEdgeLRPaddingPercentSizeEff	Walaber::Widget_Label::setTextEdgeLRPaddingPercentSize	ok
Walaber/Widget_Manipulator.cpp	0x380824	172	_ZN7Walaber18Widget_Manipulator4initEv	Walaber::Widget_Manipulator::init	ok
Walaber/Widget_Manipulator.cpp	0x3808d0	116	_ZN7Walaber18Widget_Manipulator6updateEfRNS_6Widget15WidgetActionRetE	Walaber::Widget_Manipulator::update	ok
Walaber/Widget_Manipulator.cpp	0x380944	160	_ZN7Walaber18Widget_Manipulator4drawEPNS_11SpriteBatchE	Walaber::Widget_Manipulator::draw	ok
Walaber/Widget_Manipulator.cpp	0x380a9c	172	_ZN7Walaber18Widget_Manipulator19acceptNewFingerDownEiPNS_10FingerInfoE	Walaber::Widget_Manipulator::acceptNewFingerDown	ok
Walaber/Widget_Manipulator.cpp	0x380b48	264	_ZN7Walaber18Widget_Manipulator17releaseFingerLeftEiPNS_10FingerInfoE	Walaber::Widget_Manipulator::releaseFingerLeft	ok
Walaber/Widget_MovingTextBox.cpp	0x380dd0	196	_ZN7Walaber20Widget_MovingTextBox14_updateBordersEv	Walaber::Widget_MovingTextBox::_updateBorders	ok
Walaber/Widget_MovingTextBox.cpp	0x380fb0	172	_ZN7Walaber20Widget_MovingTextBox12setBGTextureENS_9SharedPtrINS_7TextureEEE	Walaber::Widget_MovingTextBox::setBGTexture	ok
Walaber/Widget_MovingTextBox.cpp	0x38105c	264	_ZN7Walaber20Widget_MovingTextBox9addStringERKNSt6__ndk112basic_stringIcNS1_11char_traitsIcEENS1_9allocatorIcEEEE	Walaber::Widget_MovingTextBox::addString	ok
Walaber/Widget_MovingTextBox.cpp	0x381164	220	_ZN7Walaber20Widget_MovingTextBox19_setTextStartingPosEv	Walaber::Widget_MovingTextBox::_setTextStartingPos	ok
Walaber/Widget_MovingTextBox.cpp	0x381390	256	_ZN7Walaber20Widget_MovingTextBox6updateEfRNS_6Widget15WidgetActionRetE	Walaber::Widget_MovingTextBox::update	ok
Walaber/Widget_MovingTextBox.cpp	0x38159c	464	_ZN7Walaber20Widget_MovingTextBox4drawEPNS_11SpriteBatchE	Walaber::Widget_MovingTextBox::draw	ok
Walaber/Widget_MovingTextBox.cpp	0x38176c	8	_ZN7Walaber20Widget_MovingTextBox19acceptNewFingerDownEiPNS_10FingerInfoE	Walaber::Widget_MovingTextBox::acceptNewFingerDown	ok
Walaber/Widget_MovingTextBox.cpp	0x3817d8	76	_ZN7Walaber20Widget_MovingTextBox15releaseFingerUpEiPNS_10FingerInfoE	Walaber::Widget_MovingTextBox::releaseFingerUp	ok
Walaber/Widget_MovingTextBox.cpp	0x381824	76	_ZN7Walaber20Widget_MovingTextBox17releaseFingerLeftEiPNS_10FingerInfoE	Walaber::Widget_MovingTextBox::releaseFingerLeft	ok
Walaber/Widget_MovingTextBox.cpp	0x381870	80	_ZN7Walaber20Widget_MovingTextBox11setBaseSizeENS_7Vector2E	Walaber::Widget_MovingTextBox::setBaseSize	ok
Walaber/Widget_MovingTextBox.cpp	0x3818c0	76	_ZN7Walaber20Widget_MovingTextBox5resetEv	Walaber::Widget_MovingTextBox::reset	ok
Walaber/Widget_NumberSpinner.cpp	0x381cf4	16	_ZN7Walaber20Widget_NumberSpinner10setPaddingEff	Walaber::Widget_NumberSpinner::setPadding	ok
Walaber/Widget_NumberSpinner.cpp	0x381d04	868	_ZN7Walaber20Widget_NumberSpinner19setVisibleCellCountEf	Walaber::Widget_NumberSpinner::setVisibleCellCount	ok
Walaber/Widget_NumberSpinner.cpp	0x382068	12	_ZN7Walaber20Widget_NumberSpinner4drawEPNS_11SpriteBatchE	Walaber::Widget_NumberSpinner::draw	ok
Walaber/Widget_NumberSpinner.cpp	0x382464	1548	_ZN7Walaber20Widget_NumberSpinner14_drawLocalQuadEPNS_11SpriteBatchEiNS_9SharedPtrINS_7TextureEEEfNS_7Vector2ES6_NS_4RectENS_5ColorE	Walaber::Widget_NumberSpinner::_drawLocalQuad	ok
Walaber/Widget_ProgressBar.cpp	0x382d84	368	_ZN7Walaber18Widget_ProgressBar10setPaddingEffff	Walaber::Widget_ProgressBar::setPadding	ok
Walaber/Widget_ProgressBar.cpp	0x382ef4	88	_ZN7Walaber18Widget_ProgressBar11updateValueEf	Walaber::Widget_ProgressBar::updateValue	ok
Walaber/Widget_ProgressBar.cpp	0x383000	204	_ZN7Walaber18Widget_ProgressBar4drawEPNS_11SpriteBatchE	Walaber::Widget_ProgressBar::draw	ok
Walaber/Widget_PushButton.cpp	0x3838fc	104	_ZN7Walaber17Widget_PushButton11_resizeFontEv	Walaber::Widget_PushButton::_resizeFont	ok
Walaber/Widget_PushButton.cpp	0x383d88	452	_ZN7Walaber17Widget_PushButton6updateEfRNS_6Widget15WidgetActionRetE	Walaber::Widget_PushButton::update	ok
Walaber/Widget_PushButton.cpp	0x383f4c	168	_ZN7Walaber17Widget_PushButton4drawEPNS_11SpriteBatchE	Walaber::Widget_PushButton::draw	ok
Walaber/Widget_PushButton.cpp	0x384644	180	_ZN7Walaber17Widget_PushButton15releaseFingerUpEiPNS_10FingerInfoE	Walaber::Widget_PushButton::releaseFingerUp	ok
Walaber/Widget_ScoreCounter.cpp	0x3849fc	252	_ZN7Walaber19Widget_ScoreCounter4initEv	Walaber::Widget_ScoreCounter::init	ok
Walaber/Widget_ScoreCounter.cpp	0x384edc	72	_ZN7Walaber19Widget_ScoreCounter14_updateBordersEv	Walaber::Widget_ScoreCounter::_updateBorders	ok
Walaber/Widget_ScoreCounter.cpp	0x385100	244	_ZN7Walaber19Widget_ScoreCounter19advanceToNextStringEv	Walaber::Widget_ScoreCounter::advanceToNextString	ok
Walaber/Widget_ScoreCounter.cpp	0x385344	200	_ZN7Walaber19Widget_ScoreCounter16_getDigitAtIndexEi	Walaber::Widget_ScoreCounter::_getDigitAtIndex	ok
Walaber/Widget_ScoreCounter.cpp	0x38540c	32	_ZN7Walaber19Widget_ScoreCounter19_setTextStartingPosEv	Walaber::Widget_ScoreCounter::_setTextStartingPos	ok
Walaber/Widget_ScoreCounter.cpp	0x385598	20	_ZN7Walaber19Widget_ScoreCounter6updateEfRNS_6Widget15WidgetActionRetE	Walaber::Widget_ScoreCounter::update	ok
Walaber/Widget_ScoreCounter.cpp	0x385718	548	_ZN7Walaber19Widget_ScoreCounter4drawEPNS_11SpriteBatchE	Walaber::Widget_ScoreCounter::draw	ok
Walaber/Widget_ScoreCounter.cpp	0x385ae0	1160	_ZN7Walaber19Widget_ScoreCounter19acceptNewFingerDownEiPNS_10FingerInfoE	Walaber::Widget_ScoreCounter::acceptNewFingerDown	ok
Walaber/Widget_ScrollableCamera.cpp	0x386418	2072	_ZN7Walaber23Widget_ScrollableCamera6updateEfRNS_6Widget15WidgetActionRetE	Walaber::Widget_ScrollableCamera::update	ok
Walaber/Widget_ScrollableCamera.cpp	0x386c30	3212	_ZN7Walaber23Widget_ScrollableCamera15addMovableGroupEPNS_12Widget_GroupE	Walaber::Widget_ScrollableCamera::addMovableGroup	ok
Walaber/Widget_ScrollableGroup.cpp	0x3878bc	476	_ZN7Walaber22Widget_ScrollableGroup7dollyToEif	Walaber::Widget_ScrollableGroup::dollyTo	ok
Walaber/Widget_ScrollableGroup.cpp	0x387a98	148	_ZN7Walaber22Widget_ScrollableGroup11dollyFromToENS_7Vector2ES1_f	Walaber::Widget_ScrollableGroup::dollyFromTo	ok
Walaber/Widget_ScrollableGroup.cpp	0x387b2c	112	_ZN7Walaber22Widget_ScrollableGroup6updateEfRNS_6Widget15WidgetActionRetE	Walaber::Widget_ScrollableGroup::update	ok
Walaber/Widget_ScrollableSet.cpp	0x38812c	268	_ZN7Walaber20Widget_ScrollableSet6updateEfRNS_6Widget15WidgetActionRetE	Walaber::Widget_ScrollableSet::update	ok
Walaber/Widget_SlideWheel.cpp	0x389f60	1212	_ZN7Walaber17Widget_SlideWheel18releaseFingerMovedEiPNS_10FingerInfoE	Walaber::Widget_SlideWheel::releaseFingerMoved	ok
Walaber/Widget_Slider.cpp	0x388ee0	80	_ZN7Walaber13Widget_Slider8getValueEv	Walaber::Widget_Slider::getValue	ok
Walaber/Widget_Slider.cpp	0x388f30	552	_ZN7Walaber13Widget_Slider4drawEPNS_11SpriteBatchE	Walaber::Widget_Slider::draw	ok
Walaber/Widget_Slider.cpp	0x389558	964	_ZN7Walaber13Widget_Slider19acceptNewFingerDownEiPNS_10FingerInfoE	Walaber::Widget_Slider::acceptNewFingerDown	ok
Walaber/Widget_Spinner.cpp	0x38a41c	232	_ZN7Walaber14Widget_Spinner4drawEPNS_11SpriteBatchE	Walaber::Widget_Spinner::draw	ok
Walaber/Widget_Spinner.cpp	0x38a504	188	_ZN7Walaber14Widget_Spinner19acceptNewFingerDownEiPNS_10FingerInfoE	Walaber::Widget_Spinner::acceptNewFingerDown	ok
Walaber/Widget_Spinner.cpp	0x38a5c0	284	_ZN7Walaber14Widget_Spinner22acceptNewFingerEnteredEiPNS_10FingerInfoE	Walaber::Widget_Spinner::acceptNewFingerEntered	ok
Walaber/Widget_Spinner.cpp	0x38a6dc	416	_ZN7Walaber14Widget_Spinner13_updateFingerEv	Walaber::Widget_Spinner::_updateFinger	ok
Walaber/Widget_TimedButton.cpp	0x38adec	216	_ZN7Walaber18Widget_TimedButton4drawEPNS_11SpriteBatchE	Walaber::Widget_TimedButton::draw	ok
Walaber/Widget_Toggle.cpp	0x38c304	36	_ZN7Walaber13Widget_Toggle12setTextureOnENS_9SharedPtrINS_7TextureEEE	Walaber::Widget_Toggle::setTextureOn	ok
Walaber/Widget_Toggle.cpp	0x38c398	88	_ZN7Walaber13Widget_Toggle7setIconENS_9SharedPtrINS_7TextureEEENS_7Vector2E	Walaber::Widget_Toggle::setIcon	ok
Walaber/Widget_Toggle.cpp	0x38c3f0	76	_ZN7Walaber13Widget_Toggle6updateEfRNS_6Widget15WidgetActionRetE	Walaber::Widget_Toggle::update	ok
Walaber/Widget_Toggle.cpp	0x38c43c	1036	_ZN7Walaber13Widget_Toggle4drawEPNS_11SpriteBatchE	Walaber::Widget_Toggle::draw	ok
Walaber/Widget_Toggle.cpp	0x38cc54	124	_ZN7Walaber13Widget_Toggle19acceptNewFingerDownEiPNS_10FingerInfoE	Walaber::Widget_Toggle::acceptNewFingerDown	ok
Walaber/XML.cpp	0x332690	68	_ZN7Walaber3XML7loadDocENSt6__ndk112basic_stringIcNS1_11char_traitsIcEENS1_9allocatorIcEEEES7_RP7_xmlDoc	Walaber::XML::loadDoc	ok
Walaber/XML.cpp	0x377a58	164	_ZN7Walaber3XML16parseAspectRatioEP8_xmlNodePKc	Walaber::XML::parseAspectRatio	ok
Walaber/XMLDocument.cpp	0x3d6d14	672	_ZN7Walaber11XMLDocument17_readFileCallbackEPv	Walaber::XMLDocument::_readFileCallback	ok
Walaber/XMLDocument.cpp	0x3d714c	164	_ZN7Walaber11XMLDocument15_buildXMLObjectEPcmRKNSt6__ndk112basic_stringIcNS2_11char_traitsIcEENS2_9allocatorIcEEEE	Walaber::XMLDocument::_buildXMLObject	ok
Walaber/XMLDocument/AttributeIterator.cpp	0x3d62d8	120	_ZN7Walaber11XMLDocument17AttributeIterator8getValueEv	Walaber::XMLDocument::AttributeIterator::getValue	ok
Walaber/XMLDocument/NamedIterator.cpp	0x3d64a4	116	_ZN7Walaber11XMLDocument13NamedIterator16getChildIteratorEv	Walaber::XMLDocument::NamedIterator::getChildIterator	ok
Walaber/XMLDocument/NamedIterator.cpp	0x3d6518	12	_ZN7Walaber11XMLDocument13NamedIterator12getAttributeERKNSt6__ndk112basic_stringIcNS2_11char_traitsIcEENS2_9allocatorIcEEEERNS_8PropertyE	Walaber::XMLDocument::NamedIterator::getAttribute	ok
Walaber/XMLDocument/NamedIterator.cpp	0x3d66e4	116	_ZN7Walaber11XMLDocument13NamedIterator12getNodeValueERNS_8PropertyE	Walaber::XMLDocument::NamedIterator::getNodeValue	ok
Walaber/ZipArchiveCreator.cpp	0x3d7854	96	_ZN7Walaber17ZipArchiveCreator12addFileToZipERKNSt6__ndk112basic_stringIcNS1_11char_traitsIcEENS1_9allocatorIcEEEES9_	Walaber::ZipArchiveCreator::addFileToZip	ok
Walaber/ZipArchiveReader.cpp	0x3d74b8	16	_ZN7Walaber16ZipArchiveReader12getFilenamesEv	Walaber::ZipArchiveReader::getFilenames	ok
Walaber/ZipUtilities.cpp	0x3d7fd4	24	_ZN7Walaber12ZipUtilities12_xmlFileReadEPv	Walaber::ZipUtilities::_xmlFileRead	ok
Walaber/ZipUtilities.cpp	0x3d8dfc	8	_ZN7Walaber12ZipUtilities15_handleTexturesENS_11XMLDocument13NamedIteratorE	Walaber::ZipUtilities::_handleTextures	ok
Walaber/ZipUtilities.cpp	0x3d9018	288	_ZN7Walaber12ZipUtilities14_handleAtlasesENS_11XMLDocument13NamedIteratorE	Walaber::ZipUtilities::_handleAtlases	ok
Walaber/ZipUtilities.cpp	0x3d9138	8	_ZN7Walaber12ZipUtilities21_handleStreamedTracksENS_11XMLDocument13NamedIteratorE	Walaber::ZipUtilities::_handleStreamedTracks	ok
Walaber/ZipUtilities.cpp	0x3d9490	100	_ZN7Walaber12ZipUtilities17_fileReadCallbackEPv	Walaber::ZipUtilities::_fileReadCallback	ok
WaterConcept/AlgaeHider.cpp	0x47745c	36	_ZN12WaterConcept10AlgaeHider19particleHasCollidedEPNS_6FluidsERKNS_19ParticleDescriptionEiRb	WaterConcept::AlgaeHider::particleHasCollided	ok
WaterConcept/AlgaeHider.cpp	0x4775a0	236	_ZN12WaterConcept10AlgaeHider8addAlgaeENS_8GridCellE	WaterConcept::AlgaeHider::addAlgae	ok
WaterConcept/Bomb.cpp	0x4778e8	252	_ZN12WaterConcept4Bomb13_initFinishedEv	WaterConcept::Bomb::_initFinished	ok
WaterConcept/Bomb.cpp	0x4779e4	448	_ZN12WaterConcept4Bomb27_explosionAnimationFinishedEPv	WaterConcept::Bomb::_explosionAnimationFinished	ok
WaterConcept/Bomb.cpp	0x477e1c	300	_ZN12WaterConcept4Bomb13setPropertiesERKN7Walaber12PropertyListE	WaterConcept::Bomb::setProperties	ok
WaterConcept/Bomb.cpp	0x477f68	32	_ZN12WaterConcept4Bomb12setToExplodeEb	WaterConcept::Bomb::setToExplode	ok
WaterConcept/Collectible.cpp	0x47875c	68	_ZN12WaterConcept11Collectible13setPropertiesERKN7Walaber12PropertyListE	WaterConcept::Collectible::setProperties	ok
WaterConcept/Collectible.cpp	0x478f30	92	_ZN12WaterConcept11Collectible6updateEf	WaterConcept::Collectible::update	ok
WaterConcept/DirtyWall.cpp	0x47937c	156	_ZN12WaterConcept9DirtyWall13setPropertiesERKN7Walaber12PropertyListE	WaterConcept::DirtyWall::setProperties	ok
WaterConcept/DirtyWall.cpp	0x47946c	208	_ZN12WaterConcept9DirtyWall6updateEf	WaterConcept::DirtyWall::update	ok
WaterConcept/Fan.cpp	0x479928	320	_ZN12WaterConcept3Fan13setPropertiesERKN7Walaber12PropertyListE	WaterConcept::Fan::setProperties	ok
WaterConcept/Fan.cpp	0x479dcc	116	_ZN12WaterConcept3Fan6updateEf	WaterConcept::Fan::update	ok
WaterConcept/Fan.cpp	0x47a1c8	92	_ZN12WaterConcept3Fan9_setStateEb	WaterConcept::Fan::_setState	ok
WaterConcept/Fan.cpp	0x47a23c	84	_ZN12WaterConcept3Fan12connectDrainEPNS_5SpoutE	WaterConcept::Fan::connectDrain	ok
WaterConcept/Fan.cpp	0x47a290	184	_ZN12WaterConcept3Fan11connectPumpEPNS_17InteractiveObjectE	WaterConcept::Fan::connectPump	ok
WaterConcept/Fan.cpp	0x47a5d4	88	_ZN12WaterConcept3Fan13_initFinishedEv	WaterConcept::Fan::_initFinished	ok
WaterConcept/Floater.cpp	0x47abc4	4	_ZN12WaterConcept7Floater13_initFinishedEv	WaterConcept::Floater::_initFinished	ok
WaterConcept/Floater.cpp	0x47ade0	48	_ZN12WaterConcept7Floater15_updateSpringDsEv	WaterConcept::Floater::_updateSpringDs	ok
WaterConcept/Floater.cpp	0x47af18	56	_ZN12WaterConcept7Floater12_initFromXMLEP7_xmlDocP8_xmlNode	WaterConcept::Floater::_initFromXML	ok
WaterConcept/Floater.cpp	0x47b208	404	_ZN12WaterConcept7Floater13setPropertiesERKN7Walaber12PropertyListE	WaterConcept::Floater::setProperties	ok
WaterConcept/Floater.cpp	0x47be58	28	_ZN12WaterConcept7Floater11_drawSpriteEPN7Walaber11SpriteBatchEii	WaterConcept::Floater::_drawSprite	ok
WaterConcept/Floater.cpp	0x47c0ac	80	_ZN12WaterConcept7Floater18_updateGlobalShapeEb	WaterConcept::Floater::_updateGlobalShape	ok
WaterConcept/Floater.cpp	0x47c234	208	_ZN12WaterConcept7Floater23_derivePositionAndAngleEv	WaterConcept::Floater::_derivePositionAndAngle	ok
WaterConcept/Floater.cpp	0x47c558	76	_ZN12WaterConcept7Floater16_handleCollisionEPNS_6FluidsERKNS_19ParticleDescriptionEi	WaterConcept::Floater::_handleCollision	ok
WaterConcept/Floater.cpp	0x47c89c	60	_ZN12WaterConcept7Floater34shouldCollideWithInteractiveObjectEPNS_17InteractiveObjectE	WaterConcept::Floater::shouldCollideWithInteractiveObject	ok
WaterConcept/FluidConverter.cpp	0x47d2bc	40	_ZN12WaterConcept14FluidConverter13setPropertiesERKN7Walaber12PropertyListE	WaterConcept::FluidConverter::setProperties	ok
WaterConcept/FluidConverter.cpp	0x47dcc8	704	_ZN12WaterConcept14FluidConverter12addFluidTypeEN21WaterConceptConstants9FluidTypeEf	WaterConcept::FluidConverter::addFluidType	ok
WaterConcept/Fluids.cpp	0x406238	352	_ZN12WaterConcept6Fluids11addParticleEifRKN7Walaber7Vector2Ef	WaterConcept::Fluids::addParticle	ok
WaterConcept/Fluids.cpp	0x406398	240	_ZN12WaterConcept6Fluids11addParticleEifRKN7Walaber7Vector2ES4_ff	WaterConcept::Fluids::addParticle	ok
WaterConcept/Fluids.cpp	0x406684	108	_ZN12WaterConcept6Fluids14removeParticleERKNS_19ParticleDescriptionE	WaterConcept::Fluids::removeParticle	ok
WaterConcept/Fluids.cpp	0x406950	1552	_ZN12WaterConcept6Fluids25changeParticleToFluidTypeEiRKNS_19ParticleDescriptionE	WaterConcept::Fluids::changeParticleToFluidType	ok
WaterConcept/Fluids.cpp	0x406f60	4936	_ZN12WaterConcept6Fluids34addCloneParticleToFluidWithDampingEiRKNS_19ParticleDescriptionEf	WaterConcept::Fluids::addCloneParticleToFluidWithDamping	ok
WaterConcept/Fluids.cpp	0x4082a8	7900	_ZN12WaterConcept6Fluids19_calculate_pressureEv	WaterConcept::Fluids::_calculate_pressure	ok
WaterConcept/Fluids.cpp	0x40a184	212	_ZN12WaterConcept6Fluids11_fillBufferEPN7Walaber16FluidParticleSetEPvRKNS1_5ColorES7_ffibS7_i	WaterConcept::Fluids::_fillBuffer	ok
WaterConcept/Fluids.cpp	0x40a258	112	_ZN12WaterConcept6Fluids11_fillBufferEPN7Walaber16FluidParticleSetEPvRKNS1_5ColorES7_ffffibS7_i	WaterConcept::Fluids::_fillBuffer	ok
WaterConcept/GameSettings.cpp	0x40d3a8	148	_ZN12WaterConcept12GameSettings33packAndLevelInfoFromLevelFilenameERKNSt6__ndk112basic_stringIcNS1_11char_traitsIcEENS1_9allocatorIcEEEERS7_RiSA_SA_SB_SB_RbSC_NS1_6vectorIiNS5_IiEEEEb	WaterConcept::GameSettings::packAndLevelInfoFromLevelFilename	ok
WaterConcept/GameSettings.cpp	0x40f7ac	316	_ZN12WaterConcept12GameSettings11goPlayLevelERKNSt6__ndk112basic_stringIcNS1_11char_traitsIcEENS1_9allocatorIcEEEEiNS1_6vectorIiNS5_IiEEEEb	WaterConcept::GameSettings::goPlayLevel	ok
WaterConcept/GameSettings.cpp	0x410d84	136	_ZN12WaterConcept12GameSettings25setStandardFadePropertiesERN7Walaber12PropertyListE	WaterConcept::GameSettings::setStandardFadeProperties	ok
WaterConcept/GameSettings.cpp	0x410f70	144	_ZN12WaterConcept12GameSettings20getChallengeForLevelERKNSt6__ndk112basic_stringIcNS1_11char_traitsIcEENS1_9allocatorIcEEEERbSA_	WaterConcept::GameSettings::getChallengeForLevel	ok
WaterConcept/GameSettings.cpp	0x4118f8	20	_ZN12WaterConcept12GameSettings13playCinematicERN7Walaber12PropertyListEiNS_11ScreenTypesE	WaterConcept::GameSettings::playCinematic	ok
WaterConcept/GameSettings.cpp	0x411f8c	312	_ZN12WaterConcept12GameSettings20updateLOTWParametersEN21WaterConceptConstants16LOWStorylineTypeE	WaterConcept::GameSettings::updateLOTWParameters	ok
WaterConcept/GameSettings.cpp	0x412b40	516	_ZN12WaterConcept12GameSettings15goPlayLOTWLevelEN21WaterConceptConstants16LOWStorylineTypeE	WaterConcept::GameSettings::goPlayLOTWLevel	ok
WaterConcept/GameSettings.cpp	0x416d60	92	_ZN12WaterConcept12GameSettings19unlockNextLevelPackERi	WaterConcept::GameSettings::unlockNextLevelPack	ok
WaterConcept/GameSettings.cpp	0x4179ac	696	_ZN12WaterConcept12GameSettings18packContainsLevelsERKNSt6__ndk112basic_stringIcNS1_11char_traitsIcEENS1_9allocatorIcEEEE	WaterConcept::GameSettings::packContainsLevels	ok
WaterConcept/GameSettings.cpp	0x417c64	416	_ZN12WaterConcept12GameSettings22canUnlockNextLevelPackERii	WaterConcept::GameSettings::canUnlockNextLevelPack	ok
WaterConcept/GameSettings.cpp	0x419280	152	_ZN12WaterConcept12GameSettings19nextLevelUnlockableEv	WaterConcept::GameSettings::nextLevelUnlockable	ok
WaterConcept/GameSettings.cpp	0x41abe8	504	_ZN12WaterConcept12GameSettings10goMainMenuEb	WaterConcept::GameSettings::goMainMenu	ok
WaterConcept/GameSettings.cpp	0x41ade0	3856	_ZN12WaterConcept12GameSettings13goMainMenu_v2Eb	WaterConcept::GameSettings::goMainMenu_v2	ok
WaterConcept/GameSettings.cpp	0x421e38	528	_ZN12WaterConcept12GameSettings15appendPromotionENSt6__ndk112basic_stringIcNS1_11char_traitsIcEENS1_9allocatorIcEEEE	WaterConcept::GameSettings::appendPromotion	ok
WaterConcept/GameSettings.cpp	0x422048	204	_ZN12WaterConcept12GameSettings16appendDuckSuffixENSt6__ndk112basic_stringIcNS1_11char_traitsIcEENS1_9allocatorIcEEEE	WaterConcept::GameSettings::appendDuckSuffix	ok
WaterConcept/GameSettings.cpp	0x422114	580	_ZN12WaterConcept12GameSettings17stripIAPGoofyCodeERKNSt6__ndk112basic_stringIcNS1_11char_traitsIcEENS1_9allocatorIcEEEE	WaterConcept::GameSettings::stripIAPGoofyCode	ok
WaterConcept/GameSettings.cpp	0x422358	216	_ZN12WaterConcept12GameSettings20getPurchasedIAPNamesEv	WaterConcept::GameSettings::getPurchasedIAPNames	ok
WaterConcept/GameSettings.cpp	0x4229fc	828	_ZN12WaterConcept12GameSettings22getLocksmithLevelPacksEv	WaterConcept::GameSettings::getLocksmithLevelPacks	ok
WaterConcept/GameSettings.cpp	0x422d38	168	_ZN12WaterConcept12GameSettings20restoreIAPUsingNamesENSt6__ndk16vectorINS1_12basic_stringIcNS1_11char_traitsIcEENS1_9allocatorIcEEEENS6_IS8_EEEE	WaterConcept::GameSettings::restoreIAPUsingNames	ok
WaterConcept/GameSettings.cpp	0x422de0	2552	_ZN12WaterConcept12GameSettings20restoreLPsUsingNamesENSt6__ndk16vectorINS1_12basic_stringIcNS1_11char_traitsIcEENS1_9allocatorIcEEEENS6_IS8_EEEE	WaterConcept::GameSettings::restoreLPsUsingNames	ok
WaterConcept/GameSettings.cpp	0x4239e8	160	_ZN12WaterConcept12GameSettings12nextLanguageEv	WaterConcept::GameSettings::nextLanguage	ok
WaterConcept/GameSettings.cpp	0x423ecc	84	_ZN12WaterConcept12GameSettings18setCurrentLanguageEN7Walaber8LanguageE	WaterConcept::GameSettings::setCurrentLanguage	ok
WaterConcept/GameSettings.cpp	0x4243b0	120	_ZN12WaterConcept12GameSettings24getConsecutiveDaysPlayedEv	WaterConcept::GameSettings::getConsecutiveDaysPlayed	ok
WaterConcept/GameSettings.cpp	0x4252c0	128	_ZN12WaterConcept12GameSettings27getFurthestLevelIndexInPackENSt6__ndk112basic_stringIcNS1_11char_traitsIcEENS1_9allocatorIcEEEE	WaterConcept::GameSettings::getFurthestLevelIndexInPack	ok
WaterConcept/GameSettings.cpp	0x425518	276	_ZN12WaterConcept12GameSettings31getLocksmithPacksNumInStorylineEN21WaterConceptConstants13StorylineTypeE	WaterConcept::GameSettings::getLocksmithPacksNumInStoryline	ok
WaterConcept/GameSettings.cpp	0x427a84	128	_ZN12WaterConcept12GameSettings23handleIAPPromotionTimesEPKcxxx	WaterConcept::GameSettings::handleIAPPromotionTimes	ok
WaterConcept/GameSettings.cpp	0x4280cc	172	_ZN12WaterConcept12GameSettings18shouldCheckForSaleEv	WaterConcept::GameSettings::shouldCheckForSale	ok
WaterConcept/GameSettings.cpp	0x4283ec	160	_ZN12WaterConcept12GameSettings30getLocalizedSaleDaysLeftStringEii	WaterConcept::GameSettings::getLocalizedSaleDaysLeftString	ok
WaterConcept/GameSettings.cpp	0x429538	560	_ZN12WaterConcept12GameSettings15wrapTextInLabelEPN7Walaber12Widget_LabelE	WaterConcept::GameSettings::wrapTextInLabel	ok
WaterConcept/GameState.cpp	0x429e8c	324	_ZN12WaterConcept9GameState4initENS0_11StatePresetENSt6__ndk16vectorIPNS_5SpoutENS2_9allocatorIS5_EEEENS3_IPNS_8StarSeedENS6_ISA_EEEE	WaterConcept::GameState::init	ok
WaterConcept/GameState.cpp	0x42b354	40	_ZN12WaterConcept9GameState4initENSt6__ndk112basic_stringIcNS1_11char_traitsIcEENS1_9allocatorIcEEEENS1_6vectorIPNS_5SpoutENS5_ISA_EEEENS8_IPNS_8StarSeedENS5_ISE_EEEE	WaterConcept::GameState::init	ok
WaterConcept/GameState.cpp	0x42b724	108	_ZN12WaterConcept9GameState25setAdditionalRequirementsERNSt6__ndk112basic_stringIcNS1_11char_traitsIcEENS1_9allocatorIcEEEE	WaterConcept::GameState::setAdditionalRequirements	ok
WaterConcept/GameState.cpp	0x42bf84	124	_ZN12WaterConcept9GameState6updateEf	WaterConcept::GameState::update	ok
WaterConcept/GameState.cpp	0x42c3cc	1804	_ZN12WaterConcept9GameState20getNumSecondaryGoalsEv	WaterConcept::GameState::getNumSecondaryGoals	ok
WaterConcept/GameState.cpp	0x42cbbc	44	_ZN12WaterConcept9GameState20_addParticleCallbackEPv	WaterConcept::GameState::_addParticleCallback	ok
WaterConcept/GameState.cpp	0x42cd6c	436	_ZN12WaterConcept9GameState19_starChangeCallbackEPv	WaterConcept::GameState::_starChangeCallback	ok
WaterConcept/GameState.cpp	0x42cf7c	728	_ZN12WaterConcept9GameState21_switchChangeCallbackEPv	WaterConcept::GameState::_switchChangeCallback	ok
WaterConcept/GameState.cpp	0x42d2bc	48	_ZN12WaterConcept9GameState22_notifyBalloonCallbackEPv	WaterConcept::GameState::_notifyBalloonCallback	ok
WaterConcept/GameState.cpp	0x42d3bc	40	_ZN12WaterConcept9GameState16_hasRequirementsEv	WaterConcept::GameState::_hasRequirements	ok
WaterConcept/GameState.cpp	0x42d3e4	156	_ZN12WaterConcept9GameState16_requirementsWonEv	WaterConcept::GameState::_requirementsWon	ok
WaterConcept/GameState.cpp	0x42d6e4	52	_ZN12WaterConcept9GameState10isGameOverEv	WaterConcept::GameState::isGameOver	ok
WaterConcept/GameState.cpp	0x42dbc8	8	_ZN12WaterConcept9GameState15getGoalProgressEv	WaterConcept::GameState::getGoalProgress	ok
WaterConcept/GameState.cpp	0x42dc1c	40	_ZN12WaterConcept9GameState15getGoalOverflowEv	WaterConcept::GameState::getGoalOverflow	ok
WaterConcept/GameState.cpp	0x42dd58	184	_ZN12WaterConcept9GameState28getNumSecondaryGoalSuccessesEi	WaterConcept::GameState::getNumSecondaryGoalSuccesses	ok
WaterConcept/GameState.cpp	0x42de44	156	_ZN12WaterConcept9GameState27getNumSecondaryGoalFailuresEi	WaterConcept::GameState::getNumSecondaryGoalFailures	ok
WaterConcept/HDAssetsNotification.cpp	0x4998bc	272	_ZN12WaterConcept20HDAssetsNotification6updateEf	WaterConcept::HDAssetsNotification::update	ok
WaterConcept/HDAssetsNotification.cpp	0x499e28	100	_ZN12WaterConcept20HDAssetsNotification8goNotifyERKNSt6__ndk112basic_stringIcNS1_11char_traitsIcEENS1_9allocatorIcEEEEf	WaterConcept::HDAssetsNotification::goNotify	ok
WaterConcept/HDAssetsNotification.cpp	0x49a1b4	672	_ZN12WaterConcept20HDAssetsNotification9messageRxERKN7Walaber7MessageE	WaterConcept::HDAssetsNotification::messageRx	ok
WaterConcept/IAPNotification.cpp	0x49c3ac	180	_ZN12WaterConcept15IAPNotification11handleEventEiRKN7Walaber6Widget15WidgetActionRetEPS2_	WaterConcept::IAPNotification::handleEvent	ok
WaterConcept/IcyHot.cpp	0x47ed3c	8	_ZN12WaterConcept6IcyHot13setPropertiesERKN7Walaber12PropertyListE	WaterConcept::IcyHot::setProperties	ok
WaterConcept/IcyHot.cpp	0x47f4c4	576	_ZN12WaterConcept6IcyHot31addOffsetToMouthWithProbabilityERKN7Walaber7Vector2Ef	WaterConcept::IcyHot::addOffsetToMouthWithProbability	ok
WaterConcept/IcyHot.cpp	0x47fc8c	72	_ZN12WaterConcept6IcyHot19particleHasCollidedEPNS_6FluidsERKNS_19ParticleDescriptionEiRb	WaterConcept::IcyHot::particleHasCollided	ok
WaterConcept/IcyHot.cpp	0x47fcd4	36	_ZN12WaterConcept6IcyHot13_initFinishedEv	WaterConcept::IcyHot::_initFinished	ok
WaterConcept/InteractiveObject.cpp	0x481314	48	_ZN12WaterConcept17InteractiveObject4initENSt6__ndk112basic_stringIcNS1_11char_traitsIcEENS1_9allocatorIcEEEERKN7Walaber12PropertyListENS8_9SharedPtrINS8_8CallbackEEE	WaterConcept::InteractiveObject::init	ok
WaterConcept/InteractiveObject.cpp	0x481508	516	_ZN12WaterConcept17InteractiveObject15_initFileLoadedEPv	WaterConcept::InteractiveObject::_initFileLoaded	ok
WaterConcept/InteractiveObject.cpp	0x482048	980	_ZN12WaterConcept17InteractiveObject9addSpriteEPN7Walaber6SpriteENS1_7Vector2EfS4_bRKNSt6__ndk112basic_stringIcNS5_11char_traitsIcEENS5_9allocatorIcEEEE	WaterConcept::InteractiveObject::addSprite	ok
WaterConcept/InteractiveObject.cpp	0x48244c	532	_ZN12WaterConcept17InteractiveObject13_buildVaccuumEv	WaterConcept::InteractiveObject::_buildVaccuum	ok
WaterConcept/InteractiveObject.cpp	0x4827a0	52	_ZN12WaterConcept17InteractiveObject20getDefaultPropertiesENSt6__ndk112basic_stringIcNS1_11char_traitsIcEENS1_9allocatorIcEEEEN7Walaber9SharedPtrINS8_8CallbackEEE	WaterConcept::InteractiveObject::getDefaultProperties	ok
WaterConcept/InteractiveObject.cpp	0x4828d4	84	_ZN12WaterConcept17InteractiveObject21_gotDefaultPropertiesEPv	WaterConcept::InteractiveObject::_gotDefaultProperties	ok
WaterConcept/InteractiveObject.cpp	0x482b20	460	_ZN12WaterConcept17InteractiveObject13setPropertiesERKN7Walaber12PropertyListE	WaterConcept::InteractiveObject::setProperties	ok
WaterConcept/InteractiveObject.cpp	0x485a9c	88	_ZN12WaterConcept17InteractiveObject19_inferMotorPositionEv	WaterConcept::InteractiveObject::_inferMotorPosition	ok
WaterConcept/InteractiveObject.cpp	0x485ba8	24	_ZN12WaterConcept17InteractiveObject17addTimeQueueEntryEbf	WaterConcept::InteractiveObject::addTimeQueueEntry	ok
WaterConcept/InteractiveObject.cpp	0x485c1c	12	_ZN12WaterConcept17InteractiveObject17strToPlatinumTypeENSt6__ndk112basic_stringIcNS1_11char_traitsIcEENS1_9allocatorIcEEEE	WaterConcept::InteractiveObject::strToPlatinumType	ok
WaterConcept/InteractiveObject.cpp	0x485dc0	156	_ZN12WaterConcept17InteractiveObject16setPositionAngleERKN7Walaber7Vector2EfS4_	WaterConcept::InteractiveObject::setPositionAngle	ok
WaterConcept/InteractiveObject.cpp	0x485e70	172	_ZN12WaterConcept17InteractiveObject17_applyConstraintsEv	WaterConcept::InteractiveObject::_applyConstraints	ok
WaterConcept/InteractiveObject.cpp	0x48639c	1064	_ZN12WaterConcept17InteractiveObject6updateEf	WaterConcept::InteractiveObject::update	ok
WaterConcept/InteractiveObject.cpp	0x4867c4	216	_ZN12WaterConcept17InteractiveObject12_updateMotorEf	WaterConcept::InteractiveObject::_updateMotor	ok
WaterConcept/InteractiveObject.cpp	0x486ca4	148	_ZN12WaterConcept17InteractiveObject13_updateVacuumEv	WaterConcept::InteractiveObject::_updateVacuum	ok
WaterConcept/InteractiveObject.cpp	0x4870d4	180	_ZN12WaterConcept17InteractiveObject14drawBackgroundEPN7Walaber11SpriteBatchEbf	WaterConcept::InteractiveObject::drawBackground	ok
WaterConcept/InteractiveObject.cpp	0x4876c0	144	_ZN12WaterConcept17InteractiveObject15debugDrawShapesEPN7Walaber11SpriteBatchENS1_5ColorEf	WaterConcept::InteractiveObject::debugDrawShapes	ok
WaterConcept/InteractiveObject.cpp	0x487750	92	_ZN12WaterConcept17InteractiveObject20debugDrawConstraintsEPN7Walaber11SpriteBatchEf	WaterConcept::InteractiveObject::debugDrawConstraints	ok
WaterConcept/InteractiveObject.cpp	0x487a34	136	_ZN12WaterConcept17InteractiveObject14debugDrawShapeEjPN7Walaber11SpriteBatchENS1_5ColorEf	WaterConcept::InteractiveObject::debugDrawShape	ok
WaterConcept/InteractiveObject.cpp	0x487c8c	4	_ZN12WaterConcept17InteractiveObject13debugDrawAABBEPN7Walaber11SpriteBatchENS1_5ColorEf	WaterConcept::InteractiveObject::debugDrawAABB	ok
WaterConcept/InteractiveObject.cpp	0x4887a0	8	_ZN12WaterConcept17InteractiveObject12updateShapesEv	WaterConcept::InteractiveObject::updateShapes	ok
WaterConcept/InteractiveObject.cpp	0x48896c	80	_ZN12WaterConcept17InteractiveObject12rayIntersectERKN7Walaber7Vector2ES4_RfRS2_	WaterConcept::InteractiveObject::rayIntersect	ok
WaterConcept/InteractiveObject.cpp	0x488afc	108	_ZN12WaterConcept17InteractiveObject10setMotorOnEb	WaterConcept::InteractiveObject::setMotorOn	ok
WaterConcept/InteractiveObject.cpp	0x488cc0	80	_ZN12WaterConcept17InteractiveObject15handleTouchDownERKN7Walaber7Vector2E	WaterConcept::InteractiveObject::handleTouchDown	ok
WaterConcept/InteractiveObject.cpp	0x488d10	36	_ZN12WaterConcept17InteractiveObject16handleTouchMovedERKN7Walaber7Vector2ES4_	WaterConcept::InteractiveObject::handleTouchMoved	ok
WaterConcept/InteractiveObject.cpp	0x488db4	12	_ZN12WaterConcept17InteractiveObject13handleTouchUpERKN7Walaber7Vector2E	WaterConcept::InteractiveObject::handleTouchUp	ok
WaterConcept/InteractiveObject.cpp	0x488ec0	48	_ZN12WaterConcept17InteractiveObject20resumeBombAnimationsEv	WaterConcept::InteractiveObject::resumeBombAnimations	ok
WaterConcept/InteractiveObject.cpp	0x4894d8	8	_ZN12WaterConcept17InteractiveObject16_handleCollisionEPNS_6FluidsERKNS_19ParticleDescriptionEi	WaterConcept::InteractiveObject::_handleCollision	ok
WaterConcept/InteractiveObject.cpp	0x489684	340	_ZN12WaterConcept17InteractiveObject16applyVacuumForceEPN7Walaber12BaseParticleE	WaterConcept::InteractiveObject::applyVacuumForce	ok
WaterConcept/InteractiveObject.cpp	0x489858	16	_ZN12WaterConcept17InteractiveObject19_goNextMotorCommandEv	WaterConcept::InteractiveObject::_goNextMotorCommand	ok
WaterConcept/InteractiveObject.cpp	0x489900	4	_ZN12WaterConcept17InteractiveObject13_applyCommandEib	WaterConcept::InteractiveObject::_applyCommand	ok
WaterConcept/InteractiveObject.cpp	0x489a78	48	_ZN12WaterConcept17InteractiveObject17platinumTypeToStrENS0_12PlatinumTypeE	WaterConcept::InteractiveObject::platinumTypeToStr	ok
WaterConcept/MysteryCave.cpp	0x48af40	60	_ZN12WaterConcept11MysteryCave19particleHasCollidedEPNS_6FluidsERKNS_19ParticleDescriptionEiRb	WaterConcept::MysteryCave::particleHasCollided	ok
WaterConcept/MysteryCave.cpp	0x48af7c	20	_ZN12WaterConcept11MysteryCave6updateEf	WaterConcept::MysteryCave::update	ok
WaterConcept/Notification.cpp	0x49a6e0	88	_ZN12WaterConcept12Notification9touchDownEiN7Walaber7Vector2E	WaterConcept::Notification::touchDown	ok
WaterConcept/Notification.cpp	0x49a738	3916	_ZN12WaterConcept12Notification10touchMovedEiN7Walaber7Vector2ES2_	WaterConcept::Notification::touchMoved	ok
WaterConcept/Notification/NotificationTransitionBehavior.cpp	0x506760	140	_ZN12WaterConcept12Notification30NotificationTransitionBehavior20calcTransitionLengthEv	WaterConcept::Notification::NotificationTransitionBehavior::calcTransitionLength	ok
WaterConcept/NotificationSingleton.cpp	0x49dd50	768	_ZN12WaterConcept21NotificationSingleton10reloadFontEv	WaterConcept::NotificationSingleton::reloadFont	ok
WaterConcept/NotificationSingleton.cpp	0x49e0d8	132	_ZN12WaterConcept21NotificationSingleton6notifyERKNSt6__ndk112basic_stringIcNS1_11char_traitsIcEENS1_9allocatorIcEEEES9_fiN7Walaber7Vector2E	WaterConcept::NotificationSingleton::notify	ok
WaterConcept/NotificationSingleton.cpp	0x49e23c	928	_ZN12WaterConcept21NotificationSingleton6updateEPv	WaterConcept::NotificationSingleton::update	ok
WaterConcept/NotificationSingleton.cpp	0x49e8a4	180	_ZN12WaterConcept21NotificationSingleton24_handle10DaysAchievementEv	WaterConcept::NotificationSingleton::_handle10DaysAchievement	ok
WaterConcept/NotificationSingleton.cpp	0x49f900	264	_ZN12WaterConcept21NotificationSingleton19touchFirstResponderEPv	WaterConcept::NotificationSingleton::touchFirstResponder	ok
WaterConcept/NotificationSingleton.cpp	0x49fa08	132	_ZN12WaterConcept21NotificationSingleton23notifyIAPAdNotificationENSt6__ndk112basic_stringIcNS1_11char_traitsIcEENS1_9allocatorIcEEEE	WaterConcept::NotificationSingleton::notifyIAPAdNotification	ok
WaterConcept/NotificationSingleton.cpp	0x49fb10	88	_ZN12WaterConcept21NotificationSingleton23notifyIAPAdNotificationENSt6__ndk112basic_stringIcNS1_11char_traitsIcEENS1_9allocatorIcEEEEii	WaterConcept::NotificationSingleton::notifyIAPAdNotification	ok
WaterConcept/NotificationSingleton.cpp	0x49fbc8	88	_ZN12WaterConcept21NotificationSingleton21hideIAPAdNotificationEb	WaterConcept::NotificationSingleton::hideIAPAdNotification	ok
WaterConcept/NotificationSingleton.cpp	0x49fcd4	4	_ZN12WaterConcept21NotificationSingleton9messageRxERKN7Walaber7MessageE	WaterConcept::NotificationSingleton::messageRx	ok
WaterConcept/NotificationSingleton.cpp	0x506390	240	_ZN12WaterConcept21NotificationSingleton18clearNotificationsEv	WaterConcept::NotificationSingleton::clearNotifications	ok
WaterConcept/NotificationSingleton.cpp	0x5066a4	188	_ZN12WaterConcept21NotificationSingleton15addNotificationERKNSt6__ndk112basic_stringIcNS1_11char_traitsIcEENS1_9allocatorIcEEEEPNS_12NotificationE	WaterConcept::NotificationSingleton::addNotification	ok
WaterConcept/ParallaxPuppetShow.cpp	0x42ff48	844	_ZN12WaterConcept18ParallaxPuppetShow11_clearSceneEv	WaterConcept::ParallaxPuppetShow::_clearScene	ok
WaterConcept/ParallaxPuppetShow.cpp	0x43038c	656	_ZN12WaterConcept18ParallaxPuppetShow6updateEf	WaterConcept::ParallaxPuppetShow::update	ok
WaterConcept/ParallaxPuppetShow.cpp	0x43082c	12	_ZN12WaterConcept18ParallaxPuppetShow16_fireCameraMovesEff	WaterConcept::ParallaxPuppetShow::_fireCameraMoves	ok
WaterConcept/ParallaxPuppetShow.cpp	0x430938	292	_ZN12WaterConcept18ParallaxPuppetShow16_fireTransitionsEff	WaterConcept::ParallaxPuppetShow::_fireTransitions	ok
WaterConcept/ParallaxPuppetShow.cpp	0x430a90	340	_ZN12WaterConcept18ParallaxPuppetShow18_fireAnimationCuesEff	WaterConcept::ParallaxPuppetShow::_fireAnimationCues	ok
WaterConcept/ParallaxPuppetShow.cpp	0x430be4	280	_ZN12WaterConcept18ParallaxPuppetShow5pauseEv	WaterConcept::ParallaxPuppetShow::pause	ok
WaterConcept/ParallaxPuppetShow.cpp	0x430d14	80	_ZN12WaterConcept18ParallaxPuppetShow4drawEv	WaterConcept::ParallaxPuppetShow::draw	ok
WaterConcept/ParallaxPuppetShow.cpp	0x430df4	220	_ZN12WaterConcept18ParallaxPuppetShow11_gotXmlFileEPv	WaterConcept::ParallaxPuppetShow::_gotXmlFile	ok
WaterConcept/PlayerDataSerializer.cpp	0x2bd1a8	68	_ZN12WaterConcept20PlayerDataSerializer8resetAllEv	WaterConcept::PlayerDataSerializer::resetAll	ok
WaterConcept/PlayerDataSerializer.cpp	0x43531c	232	_ZN12WaterConcept20PlayerDataSerializer30initAndMergeLocalLevelPackInfoEv	WaterConcept::PlayerDataSerializer::initAndMergeLocalLevelPackInfo	ok
WaterConcept/PlayerDataSerializer.cpp	0x435618	144	_ZN12WaterConcept20PlayerDataSerializer26initAndMergeLocalLevelInfoEv	WaterConcept::PlayerDataSerializer::initAndMergeLocalLevelInfo	ok
WaterConcept/PlayerDataSerializer.cpp	0x435df8	156	_ZN12WaterConcept20PlayerDataSerializer32initAndMergeLocalAchievementInfoEv	WaterConcept::PlayerDataSerializer::initAndMergeLocalAchievementInfo	ok
WaterConcept/PlayerDataSerializer.cpp	0x436080	312	_ZN12WaterConcept20PlayerDataSerializer32initAndMergeLocalCollectibleInfoEv	WaterConcept::PlayerDataSerializer::initAndMergeLocalCollectibleInfo	ok
WaterConcept/PlayerDataSerializer.cpp	0x436408	296	_ZN12WaterConcept20PlayerDataSerializer36initAndMergeLocalCrankyChallengeInfoEv	WaterConcept::PlayerDataSerializer::initAndMergeLocalCrankyChallengeInfo	ok
WaterConcept/PlayerDataSerializer.cpp	0x436658	296	_ZN12WaterConcept20PlayerDataSerializer31initAndMergeLocalCrankyFoodInfoEv	WaterConcept::PlayerDataSerializer::initAndMergeLocalCrankyFoodInfo	ok
WaterConcept/PlayerDataSerializer.cpp	0x436d88	256	_ZN12WaterConcept20PlayerDataSerializer35initAndMergeLocalAllieChallengeInfoEv	WaterConcept::PlayerDataSerializer::initAndMergeLocalAllieChallengeInfo	ok
WaterConcept/PlayerDataSerializer.cpp	0x436f54	260	_ZN12WaterConcept20PlayerDataSerializer15mergeRemoteInfoERNSt6__ndk112basic_stringIcNS1_11char_traitsIcEENS1_9allocatorIcEEEES8_S8_S8_S8_S8_S8_S8_	WaterConcept::PlayerDataSerializer::mergeRemoteInfo	ok
WaterConcept/PlayerDataSerializer.cpp	0x437058	256	_ZN12WaterConcept20PlayerDataSerializer32deserializeAndMergeLevelPackInfoERKNSt6__ndk112basic_stringIcNS1_11char_traitsIcEENS1_9allocatorIcEEEE	WaterConcept::PlayerDataSerializer::deserializeAndMergeLevelPackInfo	ok
WaterConcept/PlayerDataSerializer.cpp	0x437328	24	_ZN12WaterConcept20PlayerDataSerializer28deserializeAndMergeLevelInfoERKNSt6__ndk112basic_stringIcNS1_11char_traitsIcEENS1_9allocatorIcEEEE	WaterConcept::PlayerDataSerializer::deserializeAndMergeLevelInfo	ok
WaterConcept/PlayerDataSerializer.cpp	0x437738	116	_ZN12WaterConcept20PlayerDataSerializer34deserializeAndMergeCollectibleInfoERKNSt6__ndk112basic_stringIcNS1_11char_traitsIcEENS1_9allocatorIcEEEE	WaterConcept::PlayerDataSerializer::deserializeAndMergeCollectibleInfo	ok
WaterConcept/PlayerDataSerializer.cpp	0x4379fc	220	_ZN12WaterConcept20PlayerDataSerializer38deserializeAndMergeCrankyChallengeInfoERKNSt6__ndk112basic_stringIcNS1_11char_traitsIcEENS1_9allocatorIcEEEE	WaterConcept::PlayerDataSerializer::deserializeAndMergeCrankyChallengeInfo	ok
WaterConcept/PlayerDataSerializer.cpp	0x437c24	172	_ZN12WaterConcept20PlayerDataSerializer33deserializeAndMergeCrankyFoodInfoERKNSt6__ndk112basic_stringIcNS1_11char_traitsIcEENS1_9allocatorIcEEEE	WaterConcept::PlayerDataSerializer::deserializeAndMergeCrankyFoodInfo	ok
WaterConcept/PlayerDataSerializer.cpp	0x437e74	200	_ZN12WaterConcept20PlayerDataSerializer33deserializeAndMergeAllieMusicInfoERKNSt6__ndk112basic_stringIcNS1_11char_traitsIcEENS1_9allocatorIcEEEE	WaterConcept::PlayerDataSerializer::deserializeAndMergeAllieMusicInfo	ok
WaterConcept/PlayerDataSerializer.cpp	0x438250	68	_ZN12WaterConcept20PlayerDataSerializer37deserializeAndMergeAllieChallengeInfoERKNSt6__ndk112basic_stringIcNS1_11char_traitsIcEENS1_9allocatorIcEEEE	WaterConcept::PlayerDataSerializer::deserializeAndMergeAllieChallengeInfo	ok
WaterConcept/PlayerDataSerializer.cpp	0x438358	128	_ZN12WaterConcept20PlayerDataSerializer19getStorylineForPackERKNSt6__ndk112basic_stringIcNS1_11char_traitsIcEENS1_9allocatorIcEEEE	WaterConcept::PlayerDataSerializer::getStorylineForPack	ok
WaterConcept/PlayerDataSerializer.cpp	0x438618	748	_ZN12WaterConcept20PlayerDataSerializer22serializeLevelPackInfoEv	WaterConcept::PlayerDataSerializer::serializeLevelPackInfo	ok
WaterConcept/PlayerDataSerializer.cpp	0x438904	92	_ZN12WaterConcept20PlayerDataSerializer18serializeLevelInfoEv	WaterConcept::PlayerDataSerializer::serializeLevelInfo	ok
WaterConcept/PlayerDataSerializer.cpp	0x438d00	92	_ZN12WaterConcept20PlayerDataSerializer24serializeAchievementInfoEv	WaterConcept::PlayerDataSerializer::serializeAchievementInfo	ok
WaterConcept/PlayerDataSerializer.cpp	0x438e30	116	_ZN12WaterConcept20PlayerDataSerializer24serializeCollectibleInfoEv	WaterConcept::PlayerDataSerializer::serializeCollectibleInfo	ok
WaterConcept/PlayerDataSerializer.cpp	0x438ffc	184	_ZN12WaterConcept20PlayerDataSerializer28serializeCrankyChallengeInfoEv	WaterConcept::PlayerDataSerializer::serializeCrankyChallengeInfo	ok
WaterConcept/PlayerDataSerializer.cpp	0x4391d8	48	_ZN12WaterConcept20PlayerDataSerializer23serializeCrankyFoodInfoEv	WaterConcept::PlayerDataSerializer::serializeCrankyFoodInfo	ok
WaterConcept/PlayerDataSerializer.cpp	0x4393e8	8	_ZN12WaterConcept20PlayerDataSerializer23serializeAllieMusicInfoEv	WaterConcept::PlayerDataSerializer::serializeAllieMusicInfo	ok
WaterConcept/PlayerDataSerializer.cpp	0x439624	88	_ZN12WaterConcept20PlayerDataSerializer27serializeAllieChallengeInfoEv	WaterConcept::PlayerDataSerializer::serializeAllieChallengeInfo	ok
WaterConcept/PlayerDataSerializer.cpp	0x43980c	288	_ZN12WaterConcept20PlayerDataSerializer25_updateLocalLevelPackInfoERNSt6__ndk112basic_stringIcNS1_11char_traitsIcEENS1_9allocatorIcEEEENS0_13LevelPackInfoE	WaterConcept::PlayerDataSerializer::_updateLocalLevelPackInfo	ok
WaterConcept/PlayerDataSerializer.cpp	0x439c34	4	_ZN12WaterConcept20PlayerDataSerializer21_updateLocalLevelInfoERNSt6__ndk112basic_stringIcNS1_11char_traitsIcEENS1_9allocatorIcEEEENS0_9LevelInfoE	WaterConcept::PlayerDataSerializer::_updateLocalLevelInfo	ok
WaterConcept/PlayerDataSerializer.cpp	0x43ae5c	112	_ZN12WaterConcept20PlayerDataSerializer27_updateLocalAchievementInfoERNSt6__ndk112basic_stringIcNS1_11char_traitsIcEENS1_9allocatorIcEEEENS0_15AchievementInfoE	WaterConcept::PlayerDataSerializer::_updateLocalAchievementInfo	ok
WaterConcept/PlayerDataSerializer.cpp	0x43b9fc	288	_ZN12WaterConcept20PlayerDataSerializer26_updateLocalCrankyFoodInfoEjNS0_15CollectibleInfoE	WaterConcept::PlayerDataSerializer::_updateLocalCrankyFoodInfo	ok
WaterConcept/PlayerDataSerializer.cpp	0x43c44c	160	_ZN12WaterConcept20PlayerDataSerializer37decodeLevelAndStorylineBitmaskFromKeyERKNSt6__ndk112basic_stringIcNS1_11char_traitsIcEENS1_9allocatorIcEEEERi	WaterConcept::PlayerDataSerializer::decodeLevelAndStorylineBitmaskFromKey	ok
WaterConcept/PlayerDataSerializer.cpp	0x43c594	156	_ZN12WaterConcept20PlayerDataSerializer29storyLineBitmaskFromStorylineEi	WaterConcept::PlayerDataSerializer::storyLineBitmaskFromStoryline	ok
WaterConcept/PlayerDataSerializer/LevelInfo.cpp	0x438588	144	_ZN12WaterConcept20PlayerDataSerializer9LevelInfo5mergeEhhjji	WaterConcept::PlayerDataSerializer::LevelInfo::merge	ok
WaterConcept/PurchaseHandler.cpp	0x43d67c	248	_ZN12WaterConcept15PurchaseHandler9messageRxERKN7Walaber7MessageE	WaterConcept::PurchaseHandler::messageRx	ok
WaterConcept/PurchaseHandler.cpp	0x43e814	92	_ZN12WaterConcept15PurchaseHandler16_processPurchaseENSt6__ndk112basic_stringIcNS1_11char_traitsIcEENS1_9allocatorIcEEEE	WaterConcept::PurchaseHandler::_processPurchase	ok
WaterConcept/PurchaseHandler.cpp	0x43f3b8	192	_ZN12WaterConcept15PurchaseHandler24_processPurchaseSpecificENSt6__ndk112basic_stringIcNS1_11char_traitsIcEENS1_9allocatorIcEEEE	WaterConcept::PurchaseHandler::_processPurchaseSpecific	ok
WaterConcept/Screen_Achievements.cpp	0x4a1e18	212	_ZN12WaterConcept19Screen_Achievements4drawEi	WaterConcept::Screen_Achievements::draw	ok
WaterConcept/Screen_Achievements.cpp	0x4a1eec	44	_ZN12WaterConcept19Screen_Achievements11handleEventEiRKN7Walaber6Widget15WidgetActionRetEPS2_	WaterConcept::Screen_Achievements::handleEvent	ok
WaterConcept/Screen_Achievements.cpp	0x4a2478	68	_ZN12WaterConcept19Screen_Achievements23_finishedLoadingWidgetsEPv	WaterConcept::Screen_Achievements::_finishedLoadingWidgets	ok
WaterConcept/Screen_AchievementsTest.cpp	0x4a4890	184	_ZN12WaterConcept23Screen_AchievementsTest30_updateUIForCurrentAchievementEv	WaterConcept::Screen_AchievementsTest::_updateUIForCurrentAchievement	ok
WaterConcept/Screen_AgeGate.cpp	0x4a5500	192	_ZN12WaterConcept14Screen_AgeGate16loadPropertyListERKN7Walaber12PropertyListE	WaterConcept::Screen_AgeGate::loadPropertyList	ok
WaterConcept/Screen_AgeGate.cpp	0x4a5738	168	_ZN12WaterConcept14Screen_AgeGate6updateEfb	WaterConcept::Screen_AgeGate::update	ok
WaterConcept/Screen_AgeGate.cpp	0x4a63ec	168	_ZN12WaterConcept14Screen_AgeGate23_finishedLoadingWidgetsEPv	WaterConcept::Screen_AgeGate::_finishedLoadingWidgets	ok
WaterConcept/Screen_AnimationTest.cpp	0x4a73d4	260	_ZN12WaterConcept20Screen_AnimationTest4drawEi	WaterConcept::Screen_AnimationTest::draw	ok
WaterConcept/Screen_AnimationTest.cpp	0x4a74d8	168	_ZN12WaterConcept20Screen_AnimationTest11handleEventEiRKN7Walaber6Widget15WidgetActionRetEPS2_	WaterConcept::Screen_AnimationTest::handleEvent	ok
WaterConcept/Screen_AnimationTest.cpp	0x4a7580	1380	_ZN12WaterConcept20Screen_AnimationTest14_playAnimationEi	WaterConcept::Screen_AnimationTest::_playAnimation	ok
WaterConcept/Screen_Challenges.cpp	0x4a8de8	128	_ZN12WaterConcept17Screen_Challenges8_buildUIEv	WaterConcept::Screen_Challenges::_buildUI	ok
WaterConcept/Screen_Challenges.cpp	0x4a8f0c	44	_ZN12WaterConcept17Screen_Challenges23_finishedLoadingWidgetsEPv	WaterConcept::Screen_Challenges::_finishedLoadingWidgets	ok
WaterConcept/Screen_Challenges.cpp	0x4acdac	252	_ZN12WaterConcept17Screen_Challenges11handleEventEiRKN7Walaber6Widget15WidgetActionRetEPS2_	WaterConcept::Screen_Challenges::handleEvent	ok
WaterConcept/Screen_Challenges.cpp	0x4ad6b0	96	_ZN12WaterConcept17Screen_Challenges14backKeyPressedEv	WaterConcept::Screen_Challenges::backKeyPressed	ok
WaterConcept/Screen_Challenges.cpp	0x4ad7dc	176	_ZN12WaterConcept17Screen_Challenges9messageRxERKN7Walaber7MessageE	WaterConcept::Screen_Challenges::messageRx	ok
WaterConcept/Screen_Collectibles.cpp	0x4ae428	48	_ZN12WaterConcept19Screen_Collectibles5enterEv	WaterConcept::Screen_Collectibles::enter	ok
WaterConcept/Screen_Collectibles.cpp	0x4aea40	252	_ZN12WaterConcept19Screen_Collectibles8_buildUIEv	WaterConcept::Screen_Collectibles::_buildUI	ok
WaterConcept/Screen_Collectibles.cpp	0x4aed54	352	_ZN12WaterConcept19Screen_Collectibles23_finishedLoadingWidgetsEPv	WaterConcept::Screen_Collectibles::_finishedLoadingWidgets	ok
WaterConcept/Screen_Collectibles.cpp	0x4b3f68	116	_ZN12WaterConcept19Screen_Collectibles14backKeyPressedEv	WaterConcept::Screen_Collectibles::backKeyPressed	ok
WaterConcept/Screen_ComicStrip.cpp	0x4b5de0	76	_ZN12WaterConcept17Screen_ComicStrip8_buildUIEv	WaterConcept::Screen_ComicStrip::_buildUI	ok
WaterConcept/Screen_ComicStrip.cpp	0x4b5e78	84	_ZN12WaterConcept17Screen_ComicStrip6updateEfb	WaterConcept::Screen_ComicStrip::update	ok
WaterConcept/Screen_ComicStrip.cpp	0x4b5ecc	120	_ZN12WaterConcept17Screen_ComicStrip8endStripEv	WaterConcept::Screen_ComicStrip::endStrip	ok
WaterConcept/Screen_ComicStrip.cpp	0x4b5fec	112	_ZN12WaterConcept17Screen_ComicStrip4drawEi	WaterConcept::Screen_ComicStrip::draw	ok
WaterConcept/Screen_ComicStrip.cpp	0x4b605c	128	_ZN12WaterConcept17Screen_ComicStrip11handleEventEiRKN7Walaber6Widget15WidgetActionRetEPS2_	WaterConcept::Screen_ComicStrip::handleEvent	ok
WaterConcept/Screen_Credits.cpp	0x4b7110	380	_ZN12WaterConcept14Screen_Credits8_buildUIEv	WaterConcept::Screen_Credits::_buildUI	ok
WaterConcept/Screen_Credits.cpp	0x4b728c	1616	_ZN12WaterConcept14Screen_Credits6updateEfb	WaterConcept::Screen_Credits::update	ok
WaterConcept/Screen_Credits.cpp	0x4b78dc	452	_ZN12WaterConcept14Screen_Credits4drawEi	WaterConcept::Screen_Credits::draw	ok
WaterConcept/Screen_Credits.cpp	0x4b7aa0	920	_ZN12WaterConcept14Screen_Credits11handleEventEiRKN7Walaber6Widget15WidgetActionRetEPS2_	WaterConcept::Screen_Credits::handleEvent	ok
WaterConcept/Screen_Credits.cpp	0x4b7e38	68	_ZN12WaterConcept14Screen_Credits9messageRxERKN7Walaber7MessageE	WaterConcept::Screen_Credits::messageRx	ok
WaterConcept/Screen_Credits.cpp	0x4b80fc	432	_ZN12WaterConcept14Screen_Credits23_finishedLoadingWidgetsEPv	WaterConcept::Screen_Credits::_finishedLoadingWidgets	ok
WaterConcept/Screen_Dialogue.cpp	0x4b8b24	60	_ZN12WaterConcept15Screen_Dialogue16loadPropertyListERKN7Walaber12PropertyListE	WaterConcept::Screen_Dialogue::loadPropertyList	ok
WaterConcept/Screen_Dialogue.cpp	0x4b9dd4	212	_ZN12WaterConcept15Screen_Dialogue5enterEv	WaterConcept::Screen_Dialogue::enter	ok
WaterConcept/Screen_Dialogue.cpp	0x4b9f20	244	_ZN12WaterConcept15Screen_Dialogue18_curveLoadCallbackEPv	WaterConcept::Screen_Dialogue::_curveLoadCallback	ok
WaterConcept/Screen_Dialogue.cpp	0x4ba014	692	_ZN12WaterConcept15Screen_Dialogue6updateEfb	WaterConcept::Screen_Dialogue::update	ok
WaterConcept/Screen_Dialogue.cpp	0x4ba598	692	_ZN12WaterConcept15Screen_Dialogue8_buildUIEv	WaterConcept::Screen_Dialogue::_buildUI	ok
WaterConcept/Screen_Dialogue.cpp	0x4ba84c	720	_ZN12WaterConcept15Screen_Dialogue23_finishedLoadingWidgetsEPv	WaterConcept::Screen_Dialogue::_finishedLoadingWidgets	ok
WaterConcept/Screen_Editor.cpp	0x4bcdac	1224	_ZN12WaterConcept13Screen_Editor16loadPropertyListERKN7Walaber12PropertyListE	WaterConcept::Screen_Editor::loadPropertyList	ok
WaterConcept/Screen_Editor.cpp	0x4bd274	1256	_ZN12WaterConcept13Screen_Editor9loadLevelERKNSt6__ndk112basic_stringIcNS1_11char_traitsIcEENS1_9allocatorIcEEEES9_	WaterConcept::Screen_Editor::loadLevel	ok
WaterConcept/Screen_Editor.cpp	0x4bdcb4	108	_ZN12WaterConcept13Screen_Editor5enterEv	WaterConcept::Screen_Editor::enter	ok
WaterConcept/Screen_Editor.cpp	0x4bde84	48	_ZN12WaterConcept13Screen_Editor8_buildUIEv	WaterConcept::Screen_Editor::_buildUI	ok
WaterConcept/Screen_Editor.cpp	0x4bef18	12	_ZN12WaterConcept13Screen_Editor22_getObjectHilightColorEPNS_17InteractiveObjectE	WaterConcept::Screen_Editor::_getObjectHilightColor	ok
WaterConcept/Screen_Editor.cpp	0x4bef90	996	_ZN12WaterConcept13Screen_Editor10_getObjectENSt6__ndk112basic_stringIcNS1_11char_traitsIcEENS1_9allocatorIcEEEE	WaterConcept::Screen_Editor::_getObject	ok
WaterConcept/Screen_Editor.cpp	0x4bf374	1200	_ZN12WaterConcept13Screen_Editor15_loadLevelPart2EPv	WaterConcept::Screen_Editor::_loadLevelPart2	ok
WaterConcept/Screen_Editor.cpp	0x4c030c	532	_ZN12WaterConcept13Screen_Editor17_loadedEditorDataEPv	WaterConcept::Screen_Editor::_loadedEditorData	ok
WaterConcept/Screen_Editor.cpp	0x4c07fc	212	_ZN12WaterConcept13Screen_Editor30_gotDefaultPropertiesNewObjectEPv	WaterConcept::Screen_Editor::_gotDefaultPropertiesNewObject	ok
WaterConcept/Screen_Editor.cpp	0x4c1b58	448	_ZN12WaterConcept13Screen_Editor18_getOpenObjectNameERKNSt6__ndk112basic_stringIcNS1_11char_traitsIcEENS1_9allocatorIcEEEE	WaterConcept::Screen_Editor::_getOpenObjectName	ok
WaterConcept/Screen_Editor.cpp	0x4c1e9c	1964	_ZN12WaterConcept13Screen_Editor12selectObjectEPNS_17InteractiveObjectEb	WaterConcept::Screen_Editor::selectObject	ok
WaterConcept/Screen_Editor.cpp	0x4c282c	1676	_ZN12WaterConcept13Screen_Editor9addObjectENSt6__ndk112basic_stringIcNS1_11char_traitsIcEENS1_9allocatorIcEEEE	WaterConcept::Screen_Editor::addObject	ok
WaterConcept/Screen_Editor.cpp	0x4c4158	212	_ZN12WaterConcept13Screen_Editor18saveEditorMetafileENSt6__ndk112basic_stringIcNS1_11char_traitsIcEENS1_9allocatorIcEEEE	WaterConcept::Screen_Editor::saveEditorMetafile	ok
WaterConcept/Screen_Editor.cpp	0x4c4474	244	_ZN12WaterConcept13Screen_Editor11handleEventEiRKN7Walaber6Widget15WidgetActionRetEPS2_	WaterConcept::Screen_Editor::handleEvent	ok
WaterConcept/Screen_Editor.cpp	0x4c5ac4	16	_ZN12WaterConcept13Screen_Editor18_handleCanvasEventEPN7Walaber13Widget_CanvasERKNS1_6Widget15WidgetActionRetE	WaterConcept::Screen_Editor::_handleCanvasEvent	ok
WaterConcept/Screen_Editor.cpp	0x4c6918	656	_ZN12WaterConcept13Screen_Editor12removeObjectEPNS_17InteractiveObjectE	WaterConcept::Screen_Editor::removeObject	ok
WaterConcept/Screen_Editor.cpp	0x4c8354	328	_ZN12WaterConcept13Screen_Editor11_toggleSnapEv	WaterConcept::Screen_Editor::_toggleSnap	ok
WaterConcept/Screen_Editor.cpp	0x4c8614	92	_ZN12WaterConcept13Screen_Editor12_toggleGroupEv	WaterConcept::Screen_Editor::_toggleGroup	ok
WaterConcept/Screen_Editor.cpp	0x4ca010	148	_ZN12WaterConcept13Screen_Editor19_showHideObjectEditEv	WaterConcept::Screen_Editor::_showHideObjectEdit	ok
WaterConcept/Screen_Editor.cpp	0x4ca0a4	728	_ZN12WaterConcept13Screen_Editor26_showHideTogglePTypeButtonEv	WaterConcept::Screen_Editor::_showHideTogglePTypeButton	ok
WaterConcept/Screen_Editor.cpp	0x4ca4f8	496	_ZN12WaterConcept13Screen_Editor23_shiftYSwitchConnectionEPNS_7YSwitchEPNS_17InteractiveObjectE	WaterConcept::Screen_Editor::_shiftYSwitchConnection	ok
WaterConcept/Screen_Editor.cpp	0x4cb58c	416	_ZN12WaterConcept13Screen_Editor14backKeyPressedEv	WaterConcept::Screen_Editor::backKeyPressed	ok
WaterConcept/Screen_EditorObjectEditor.cpp	0x4cdc48	152	_ZN12WaterConcept25Screen_EditorObjectEditor16loadPropertyListERKN7Walaber12PropertyListE	WaterConcept::Screen_EditorObjectEditor::loadPropertyList	ok
WaterConcept/Screen_EditorObjectEditor.cpp	0x4cdf9c	96	_ZN12WaterConcept25Screen_EditorObjectEditor14_gotObjectFileEPv	WaterConcept::Screen_EditorObjectEditor::_gotObjectFile	ok
WaterConcept/Screen_EditorObjectEditor.cpp	0x4ce46c	792	_ZN12WaterConcept25Screen_EditorObjectEditor8_buildUIEv	WaterConcept::Screen_EditorObjectEditor::_buildUI	ok
WaterConcept/Screen_EditorObjectEditor.cpp	0x4ce990	360	_ZN12WaterConcept25Screen_EditorObjectEditor11handleEventEiRKN7Walaber6Widget15WidgetActionRetEPS2_	WaterConcept::Screen_EditorObjectEditor::handleEvent	ok
WaterConcept/Screen_EditorObjectEditor.cpp	0x4d0150	44	_ZN12WaterConcept25Screen_EditorObjectEditor11_toggleSnapEv	WaterConcept::Screen_EditorObjectEditor::_toggleSnap	ok
WaterConcept/Screen_EditorObjectEditor.cpp	0x4d02e4	348	_ZN12WaterConcept25Screen_EditorObjectEditor13_snapPositionERKN7Walaber7Vector2E	WaterConcept::Screen_EditorObjectEditor::_snapPosition	ok
WaterConcept/Screen_EditorObjectEditor.cpp	0x4d0440	92	_ZN12WaterConcept25Screen_EditorObjectEditor5_saveERKNSt6__ndk112basic_stringIcNS1_11char_traitsIcEENS1_9allocatorIcEEEE	WaterConcept::Screen_EditorObjectEditor::_save	ok
WaterConcept/Screen_EditorObjectEditor.cpp	0x4d07f0	1532	_ZN12WaterConcept25Screen_EditorObjectEditor14backKeyPressedEv	WaterConcept::Screen_EditorObjectEditor::backKeyPressed	ok
WaterConcept/Screen_EditorObjectSelect.cpp	0x4d1564	172	_ZN12WaterConcept25Screen_EditorObjectSelect5enterEv	WaterConcept::Screen_EditorObjectSelect::enter	ok
WaterConcept/Screen_EditorObjectSelect.cpp	0x4d1714	32	_ZN12WaterConcept25Screen_EditorObjectSelect8_buildUIEv	WaterConcept::Screen_EditorObjectSelect::_buildUI	ok
WaterConcept/Screen_EditorObjectSelect.cpp	0x4d17f8	44	_ZN12WaterConcept25Screen_EditorObjectSelect4exitEv	WaterConcept::Screen_EditorObjectSelect::exit	ok
WaterConcept/Screen_EditorObjectSelect.cpp	0x4d1944	132	_ZN12WaterConcept25Screen_EditorObjectSelect4drawEi	WaterConcept::Screen_EditorObjectSelect::draw	ok
WaterConcept/Screen_EditorObjectSelect.cpp	0x4d1d54	472	_ZN12WaterConcept25Screen_EditorObjectSelect11handleEventEiRKN7Walaber6Widget15WidgetActionRetEPS2_	WaterConcept::Screen_EditorObjectSelect::handleEvent	ok
WaterConcept/Screen_EditorObjectSelect.cpp	0x4d1f78	448	_ZN12WaterConcept25Screen_EditorObjectSelect9messageRxERKN7Walaber7MessageE	WaterConcept::Screen_EditorObjectSelect::messageRx	ok
WaterConcept/Screen_FoodPyramid.cpp	0x4d4410	32	_ZN12WaterConcept18Screen_FoodPyramid16loadPropertyListERKN7Walaber12PropertyListE	WaterConcept::Screen_FoodPyramid::loadPropertyList	ok
WaterConcept/Screen_FoodPyramid.cpp	0x4d4520	64	_ZN12WaterConcept18Screen_FoodPyramid5enterEv	WaterConcept::Screen_FoodPyramid::enter	ok
WaterConcept/Screen_FoodPyramid.cpp	0x4d4de4	8	_ZN12WaterConcept18Screen_FoodPyramid18_curveLoadCallbackEPv	WaterConcept::Screen_FoodPyramid::_curveLoadCallback	ok
WaterConcept/Screen_FoodPyramid.cpp	0x4d4eb0	684	_ZN12WaterConcept18Screen_FoodPyramid23_finishedLoadingWidgetsEPv	WaterConcept::Screen_FoodPyramid::_finishedLoadingWidgets	ok
WaterConcept/Screen_FoodPyramid.cpp	0x4d7408	8	_ZN12WaterConcept18Screen_FoodPyramid6updateEfb	WaterConcept::Screen_FoodPyramid::update	ok
WaterConcept/Screen_FoodPyramid.cpp	0x4d7620	8	_ZN12WaterConcept18Screen_FoodPyramid4drawEi	WaterConcept::Screen_FoodPyramid::draw	ok
WaterConcept/Screen_FoodPyramid.cpp	0x4d7664	56	_ZN12WaterConcept18Screen_FoodPyramid11handleEventEiRKN7Walaber6Widget15WidgetActionRetEPS2_	WaterConcept::Screen_FoodPyramid::handleEvent	ok
WaterConcept/Screen_FullScreenAlert.cpp	0x4d8ad0	384	_ZN12WaterConcept22Screen_FullScreenAlert18_curveLoadCallbackEPv	WaterConcept::Screen_FullScreenAlert::_curveLoadCallback	ok
WaterConcept/Screen_FullScreenAlert.cpp	0x4d8c88	376	_ZN12WaterConcept22Screen_FullScreenAlert16loadPropertyListERKN7Walaber12PropertyListE	WaterConcept::Screen_FullScreenAlert::loadPropertyList	ok
WaterConcept/Screen_FullScreenAlert.cpp	0x4d91d4	484	_ZN12WaterConcept22Screen_FullScreenAlert6updateEfb	WaterConcept::Screen_FullScreenAlert::update	ok
WaterConcept/Screen_FullScreenAlert.cpp	0x4d97c0	20	_ZN12WaterConcept22Screen_FullScreenAlert23_finishedLoadingWidgetsEPv	WaterConcept::Screen_FullScreenAlert::_finishedLoadingWidgets	ok
WaterConcept/Screen_FullScreenAlert.cpp	0x4da12c	96	_ZN12WaterConcept22Screen_FullScreenAlert8_buildUIEv	WaterConcept::Screen_FullScreenAlert::_buildUI	ok
WaterConcept/Screen_GameTransition.cpp	0x4da878	100	_ZN12WaterConcept21Screen_GameTransition8_buildUIEv	WaterConcept::Screen_GameTransition::_buildUI	ok
WaterConcept/Screen_GameTransition.cpp	0x4da948	148	_ZN12WaterConcept21Screen_GameTransition6updateEfb	WaterConcept::Screen_GameTransition::update	ok
WaterConcept/Screen_GraphicsContextRestore.cpp	0x4db8e8	20	_ZN12WaterConcept29Screen_GraphicsContextRestore6updateEfb	WaterConcept::Screen_GraphicsContextRestore::update	ok
WaterConcept/Screen_GraphicsContextRestore.cpp	0x4db910	8	_ZN12WaterConcept29Screen_GraphicsContextRestore4drawEi	WaterConcept::Screen_GraphicsContextRestore::draw	ok
WaterConcept/Screen_Hub.cpp	0x4dbe04	112	_ZN12WaterConcept10Screen_Hub16loadPropertyListERKN7Walaber12PropertyListE	WaterConcept::Screen_Hub::loadPropertyList	ok
WaterConcept/Screen_Hub.cpp	0x4dbff4	672	_ZN12WaterConcept10Screen_Hub5enterEv	WaterConcept::Screen_Hub::enter	ok
WaterConcept/Screen_Hub.cpp	0x4dccc8	672	_ZN12WaterConcept10Screen_Hub8_buildUIEv	WaterConcept::Screen_Hub::_buildUI	ok
WaterConcept/Screen_Hub.cpp	0x4dcf68	232	_ZN12WaterConcept10Screen_Hub6updateEfb	WaterConcept::Screen_Hub::update	ok
WaterConcept/Screen_Hub.cpp	0x4dd304	120	_ZN12WaterConcept10Screen_Hub4drawEi	WaterConcept::Screen_Hub::draw	ok
WaterConcept/Screen_Hub.cpp	0x4dfcd0	988	_ZN12WaterConcept10Screen_Hub19pushPerryDemoScreenEv	WaterConcept::Screen_Hub::pushPerryDemoScreen	ok
WaterConcept/Screen_Hub.cpp	0x4e3490	820	_ZN12WaterConcept10Screen_Hub19_copyAndFormatLabelEiiiRKN7Walaber7Vector2ERKNSt6__ndk112basic_stringIcNS5_11char_traitsIcEENS5_9allocatorIcEEEESD_bbb	WaterConcept::Screen_Hub::_copyAndFormatLabel	ok
WaterConcept/Screen_Hub.cpp	0x4e3830	544	_ZN12WaterConcept10Screen_Hub20_copyAndFormatButtonEiiiRKN7Walaber7Vector2ERKNSt6__ndk112basic_stringIcNS5_11char_traitsIcEENS5_9allocatorIcEEEESD_SD_bb	WaterConcept::Screen_Hub::_copyAndFormatButton	ok
WaterConcept/Screen_Hub.cpp	0x4e3c8c	380	_ZN12WaterConcept10Screen_Hub16_wrapTextInLabelEPN7Walaber12Widget_LabelE	WaterConcept::Screen_Hub::_wrapTextInLabel	ok
WaterConcept/Screen_InAppPurchase.cpp	0x4e4770	64	_ZN12WaterConcept20Screen_InAppPurchase16loadPropertyListERKN7Walaber12PropertyListE	WaterConcept::Screen_InAppPurchase::loadPropertyList	ok
WaterConcept/Screen_InAppPurchase.cpp	0x4e6bbc	16	_ZN12WaterConcept20Screen_InAppPurchase16_setAndshowStateENS0_11DialogStateE	WaterConcept::Screen_InAppPurchase::_setAndshowState	ok
WaterConcept/Screen_InAppPurchase.cpp	0x4e7350	20	_ZN12WaterConcept20Screen_InAppPurchase4drawEi	WaterConcept::Screen_InAppPurchase::draw	ok
WaterConcept/Screen_InAppPurchase.cpp	0x4e73c0	28	_ZN12WaterConcept20Screen_InAppPurchase9messageRxERKN7Walaber7MessageE	WaterConcept::Screen_InAppPurchase::messageRx	ok
WaterConcept/Screen_InAppPurchase.cpp	0x4ea988	60	_ZN12WaterConcept20Screen_InAppPurchase7dismissEv	WaterConcept::Screen_InAppPurchase::dismiss	ok
WaterConcept/Screen_InAppPurchase.cpp	0x4eaa2c	80	_ZN12WaterConcept20Screen_InAppPurchase11handleEventEiRKN7Walaber6Widget15WidgetActionRetEPS2_	WaterConcept::Screen_InAppPurchase::handleEvent	ok
WaterConcept/Screen_InAppPurchase.cpp	0x4eb7e8	388	_ZN12WaterConcept20Screen_InAppPurchase8_buildUIEv	WaterConcept::Screen_InAppPurchase::_buildUI	ok
WaterConcept/Screen_InAppPurchase.cpp	0x4ebb38	156	_ZN12WaterConcept20Screen_InAppPurchase23_finishedLoadingWidgetsEPv	WaterConcept::Screen_InAppPurchase::_finishedLoadingWidgets	ok
WaterConcept/Screen_InAppPurchase.cpp	0x4ec6d4	120	_ZN12WaterConcept20Screen_InAppPurchase19_fileExistsCallbackEPv	WaterConcept::Screen_InAppPurchase::_fileExistsCallback	ok
WaterConcept/Screen_InAppPurchase.cpp	0x4ec83c	220	_ZN12WaterConcept20Screen_InAppPurchase14backKeyPressedEv	WaterConcept::Screen_InAppPurchase::backKeyPressed	ok
WaterConcept/Screen_Languages.cpp	0x4ed084	156	_ZN12WaterConcept16Screen_Languages5enterEv	WaterConcept::Screen_Languages::enter	ok
WaterConcept/Screen_Languages.cpp	0x4ed2d4	92	_ZN12WaterConcept16Screen_Languages8_buildUIEv	WaterConcept::Screen_Languages::_buildUI	ok
WaterConcept/Screen_Languages.cpp	0x4ed3b0	24	_ZN12WaterConcept16Screen_Languages23_finishedLoadingWidgetsEPv	WaterConcept::Screen_Languages::_finishedLoadingWidgets	ok
WaterConcept/Screen_Languages.cpp	0x4ed6fc	308	_ZN12WaterConcept16Screen_Languages24_handleLanguageButtonTapEi	WaterConcept::Screen_Languages::_handleLanguageButtonTap	ok
WaterConcept/Screen_Languages.cpp	0x4edbd8	612	_ZN12WaterConcept16Screen_Languages15_setUpLanguagesEv	WaterConcept::Screen_Languages::_setUpLanguages	ok
WaterConcept/Screen_Languages.cpp	0x4ee1dc	604	_ZN12WaterConcept16Screen_Languages14backKeyPressedEv	WaterConcept::Screen_Languages::backKeyPressed	ok
WaterConcept/Screen_LevelSelect.cpp	0x4f0bcc	380	_ZN12WaterConcept18Screen_LevelSelect8_buildUIEv	WaterConcept::Screen_LevelSelect::_buildUI	ok
WaterConcept/Screen_LevelSelect.cpp	0x4f37e4	156	_ZN12WaterConcept18Screen_LevelSelect37_treasureSpriteAnimationEventCallbackEPv	WaterConcept::Screen_LevelSelect::_treasureSpriteAnimationEventCallback	ok
WaterConcept/Screen_LevelSelect.cpp	0x4f3894	296	_ZN12WaterConcept18Screen_LevelSelect14_loadLevelListEv	WaterConcept::Screen_LevelSelect::_loadLevelList	ok
WaterConcept/Screen_LevelSelect.cpp	0x4f8368	324	_ZN12WaterConcept18Screen_LevelSelect6updateEfb	WaterConcept::Screen_LevelSelect::update	ok
WaterConcept/Screen_LevelSelect.cpp	0x4f90d4	120	_ZN12WaterConcept18Screen_LevelSelect29_playUnlockAnimationForSpriteEi	WaterConcept::Screen_LevelSelect::_playUnlockAnimationForSprite	ok
WaterConcept/Screen_LevelSelect.cpp	0x4f93a0	88	_ZN12WaterConcept18Screen_LevelSelect4drawEi	WaterConcept::Screen_LevelSelect::draw	ok
WaterConcept/Screen_LevelSelect.cpp	0x4f9764	160	_ZN12WaterConcept18Screen_LevelSelect9messageRxERKN7Walaber7MessageE	WaterConcept::Screen_LevelSelect::messageRx	ok
WaterConcept/Screen_LevelSelect.cpp	0x4fe610	44	_ZN12WaterConcept18Screen_LevelSelect14backKeyPressedEv	WaterConcept::Screen_LevelSelect::backKeyPressed	ok
WaterConcept/Screen_LevelSelect.cpp	0x4fe658	488	_ZN12WaterConcept18Screen_LevelSelect10touchMovedEiN7Walaber7Vector2ES2_	WaterConcept::Screen_LevelSelect::touchMoved	ok
WaterConcept/Screen_Loading.cpp	0x4fee5c	536	_ZN12WaterConcept14Screen_Loading5enterEv	WaterConcept::Screen_Loading::enter	ok
WaterConcept/Screen_Loading.cpp	0x4ff92c	328	_ZN12WaterConcept14Screen_Loading15_updateDatabaseEPv	WaterConcept::Screen_Loading::_updateDatabase	ok
WaterConcept/Screen_Loading.cpp	0x5005e0	176	_ZN12WaterConcept14Screen_Loading12_loadAtlasesEPv	WaterConcept::Screen_Loading::_loadAtlases	ok
WaterConcept/Screen_Loading.cpp	0x5008e4	8	_ZN12WaterConcept14Screen_Loading11_loadSwampyEPv	WaterConcept::Screen_Loading::_loadSwampy	ok
WaterConcept/Screen_Loading.cpp	0x500ad4	40	_ZN12WaterConcept14Screen_Loading12_loadMysteryEPv	WaterConcept::Screen_Loading::_loadMystery	ok
WaterConcept/Screen_Loading.cpp	0x500c58	408	_ZN12WaterConcept14Screen_Loading11_loadCrankyEPv	WaterConcept::Screen_Loading::_loadCranky	ok
WaterConcept/Screen_Loading.cpp	0x500e44	304	_ZN12WaterConcept14Screen_Loading10_loadAllieEPv	WaterConcept::Screen_Loading::_loadAllie	ok
WaterConcept/Screen_Loading.cpp	0x501194	320	_ZN12WaterConcept14Screen_Loading23_loadAchievementsFromDBEPv	WaterConcept::Screen_Loading::_loadAchievementsFromDB	ok
WaterConcept/Screen_Loading.cpp	0x501300	440	_ZN12WaterConcept14Screen_Loading17_loadAchievementsEPv	WaterConcept::Screen_Loading::_loadAchievements	ok
WaterConcept/Screen_Loading.cpp	0x502738	108	_ZN12WaterConcept14Screen_Loading15_updateLanguageEPv	WaterConcept::Screen_Loading::_updateLanguage	ok
WaterConcept/Screen_Loading.cpp	0x504a84	56	_ZN12WaterConcept14Screen_Loading18_loadFluidTexturesEPv	WaterConcept::Screen_Loading::_loadFluidTextures	ok
WaterConcept/Screen_Loading.cpp	0x504abc	400	_ZN12WaterConcept14Screen_Loading11_loadSoundsEPv	WaterConcept::Screen_Loading::_loadSounds	ok
WaterConcept/Screen_Loading.cpp	0x504c70	176	_ZN12WaterConcept14Screen_Loading13_loadMainMenuEPv	WaterConcept::Screen_Loading::_loadMainMenu	ok
WaterConcept/Screen_Loading.cpp	0x504d5c	1476	_ZN12WaterConcept14Screen_Loading21_doPromoAndThemeCheckEv	WaterConcept::Screen_Loading::_doPromoAndThemeCheck	ok
WaterConcept/Screen_Loading.cpp	0x505320	1036	_ZN12WaterConcept14Screen_Loading8_buildUIEv	WaterConcept::Screen_Loading::_buildUI	ok
WaterConcept/Screen_Loading.cpp	0x505b2c	76	_ZN12WaterConcept14Screen_Loading9messageRxERKN7Walaber7MessageE	WaterConcept::Screen_Loading::messageRx	ok
WaterConcept/Screen_Loading.cpp	0x505db8	36	_ZN12WaterConcept14Screen_Loading14backKeyPressedEv	WaterConcept::Screen_Loading::backKeyPressed	ok
WaterConcept/Screen_Loading.cpp	0x506170	224	_ZN12WaterConcept14Screen_Loading12_atlasLoadedEPv	WaterConcept::Screen_Loading::_atlasLoaded	ok
WaterConcept/Screen_MainMenu.cpp	0x5074a0	804	_ZN12WaterConcept15Screen_MainMenu16loadPropertyListERKN7Walaber12PropertyListE	WaterConcept::Screen_MainMenu::loadPropertyList	ok
WaterConcept/Screen_MainMenu.cpp	0x5077c4	124	_ZN12WaterConcept15Screen_MainMenu5enterEv	WaterConcept::Screen_MainMenu::enter	ok
WaterConcept/Screen_MainMenu.cpp	0x5095a8	976	_ZN12WaterConcept15Screen_MainMenu12_loadAtlasesEPv	WaterConcept::Screen_MainMenu::_loadAtlases	ok
WaterConcept/Screen_MainMenu.cpp	0x509978	796	_ZN12WaterConcept15Screen_MainMenu11_loadSwampyEPv	WaterConcept::Screen_MainMenu::_loadSwampy	ok
WaterConcept/Screen_MainMenu.cpp	0x509c94	544	_ZN12WaterConcept15Screen_MainMenu17_loadAchievementsEPv	WaterConcept::Screen_MainMenu::_loadAchievements	ok
WaterConcept/Screen_MainMenu.cpp	0x50b124	156	_ZN12WaterConcept15Screen_MainMenu18_loadFluidTexturesEPv	WaterConcept::Screen_MainMenu::_loadFluidTextures	ok
WaterConcept/Screen_MainMenu.cpp	0x50b348	176	_ZN12WaterConcept15Screen_MainMenu8_goEnterEv	WaterConcept::Screen_MainMenu::_goEnter	ok
WaterConcept/Screen_MainMenu.cpp	0x50f764	4308	_ZN12WaterConcept15Screen_MainMenu4exitEv	WaterConcept::Screen_MainMenu::exit	ok
WaterConcept/Screen_MainMenu.cpp	0x510c70	100	_ZN12WaterConcept15Screen_MainMenu4drawEi	WaterConcept::Screen_MainMenu::draw	ok
WaterConcept/Screen_MainMenu.cpp	0x510f54	1644	_ZN12WaterConcept15Screen_MainMenu11handleEventEiRKN7Walaber6Widget15WidgetActionRetEPS2_	WaterConcept::Screen_MainMenu::handleEvent	ok
WaterConcept/Screen_MainMenu.cpp	0x51571c	496	_ZN12WaterConcept15Screen_MainMenu23_finishedLoadingWidgetsEPv	WaterConcept::Screen_MainMenu::_finishedLoadingWidgets	ok
WaterConcept/Screen_MainMenu.cpp	0x516c64	2524	_ZN12WaterConcept15Screen_MainMenu20accelerometerChangedEfff	WaterConcept::Screen_MainMenu::accelerometerChanged	fail:no-function
WaterConcept/Screen_MainMenu_v2.cpp	0x517934	20	_ZN12WaterConcept18Screen_MainMenu_v25enterEv	WaterConcept::Screen_MainMenu_v2::enter	fail:no-function
WaterConcept/Screen_MainMenu_v2.cpp	0x519268	1596	_ZN12WaterConcept18Screen_MainMenu_v218_curveLoadCallbackEPv	WaterConcept::Screen_MainMenu_v2::_curveLoadCallback	ok
WaterConcept/Screen_MainMenu_v2.cpp	0x521d68	268	_ZN12WaterConcept18Screen_MainMenu_v210touchMovedEiN7Walaber7Vector2ES2_	WaterConcept::Screen_MainMenu_v2::touchMoved	ok
WaterConcept/Screen_MainMenu_v2.cpp	0x521fc0	268	_ZN12WaterConcept18Screen_MainMenu_v227notifyTransitionPhaseChangeEj	WaterConcept::Screen_MainMenu_v2::notifyTransitionPhaseChange	ok
WaterConcept/Screen_MainMenu_v2.cpp	0x5220ec	80	_ZN12WaterConcept18Screen_MainMenu_v211regainedTopEv	WaterConcept::Screen_MainMenu_v2::regainedTop	ok
WaterConcept/Screen_MainMenu_v2.cpp	0x522190	1500	_ZN12WaterConcept18Screen_MainMenu_v211handleFocusEPN7Walaber6WidgetENS1_10FocusEventE	WaterConcept::Screen_MainMenu_v2::handleFocus	ok
WaterConcept/Screen_MainMenu_v2.cpp	0x525190	552	_ZN12WaterConcept18Screen_MainMenu_v229_rebuildTextInHubForStoryLineENS0_19SubscreenIdentifierE	WaterConcept::Screen_MainMenu_v2::_rebuildTextInHubForStoryLine	ok
WaterConcept/Screen_MainMenu_v2.cpp	0x529660	184	_ZN12WaterConcept18Screen_MainMenu_v218_adjustTextureSizeEPN7Walaber12Widget_LabelE	WaterConcept::Screen_MainMenu_v2::_adjustTextureSize	ok
WaterConcept/Screen_MainMenu_v2.cpp	0x5297c8	100	_ZN12WaterConcept18Screen_MainMenu_v214_createButtonsENS0_11ButtonTypesEiPN7Walaber12Widget_GroupE	WaterConcept::Screen_MainMenu_v2::_createButtons	ok
WaterConcept/Screen_MainMenu_v2.cpp	0x529a48	160	_ZN12WaterConcept18Screen_MainMenu_v215_createTriducksEPN7Walaber12Widget_GroupENS0_19SubscreenIdentifierEi	WaterConcept::Screen_MainMenu_v2::_createTriducks	ok
WaterConcept/Screen_MainMenu_v2.cpp	0x52b604	88	_ZN12WaterConcept18Screen_MainMenu_v220_initTappableObjectsENS0_19SubscreenIdentifierEi	WaterConcept::Screen_MainMenu_v2::_initTappableObjects	ok
WaterConcept/Screen_MainMenu_v2.cpp	0x52bee8	1136	_ZN12WaterConcept18Screen_MainMenu_v215_buildLOWScreenEPN7Walaber12Widget_GroupEb	WaterConcept::Screen_MainMenu_v2::_buildLOWScreen	ok
WaterConcept/Screen_MainMenu_v2.cpp	0x52dd58	208	_ZN12WaterConcept18Screen_MainMenu_v229_rebuildTextLabelForStoryLineEN21WaterConceptConstants16LOWStorylineTypeE	WaterConcept::Screen_MainMenu_v2::_rebuildTextLabelForStoryLine	ok
WaterConcept/Screen_MainMenu_v2.cpp	0x52f908	296	_ZN12WaterConcept18Screen_MainMenu_v225_mergeRemoteLOTWLevelInfoEN21WaterConceptConstants16LOWStorylineTypeE	WaterConcept::Screen_MainMenu_v2::_mergeRemoteLOTWLevelInfo	ok
WaterConcept/Screen_MenuOverlay.cpp	0x5309f8	220	_ZN12WaterConcept18Screen_MenuOverlay16loadPropertyListERKN7Walaber12PropertyListE	WaterConcept::Screen_MenuOverlay::loadPropertyList	ok
WaterConcept/Screen_MenuOverlay.cpp	0x530ad4	240	_ZN12WaterConcept18Screen_MenuOverlay5enterEv	WaterConcept::Screen_MenuOverlay::enter	ok
WaterConcept/Screen_MenuOverlay.cpp	0x530da4	8904	_ZN12WaterConcept18Screen_MenuOverlay8_buildUIEv	WaterConcept::Screen_MenuOverlay::_buildUI	ok
WaterConcept/Screen_MusicCollection.cpp	0x533a3c	320	_ZN12WaterConcept22Screen_MusicCollection23_finishedLoadingWidgetsEPv	WaterConcept::Screen_MusicCollection::_finishedLoadingWidgets	ok
WaterConcept/Screen_MusicCollection.cpp	0x537250	700	_ZN12WaterConcept22Screen_MusicCollection6updateEfb	WaterConcept::Screen_MusicCollection::update	ok
WaterConcept/Screen_MusicCollection.cpp	0x537558	412	_ZN12WaterConcept22Screen_MusicCollection11handleEventEiRKN7Walaber6Widget15WidgetActionRetEPS2_	WaterConcept::Screen_MusicCollection::handleEvent	ok
WaterConcept/Screen_MusicCollection.cpp	0x5387cc	908	_ZN12WaterConcept22Screen_MusicCollection9messageRxERKN7Walaber7MessageE	WaterConcept::Screen_MusicCollection::messageRx	ok
WaterConcept/Screen_MysteryShow.cpp	0x538fc0	416	_ZN12WaterConcept18Screen_MysteryShow20_spriteEventCallbackEPv	WaterConcept::Screen_MysteryShow::_spriteEventCallback	ok
WaterConcept/Screen_MysteryShow.cpp	0x5395f0	416	_ZN12WaterConcept18Screen_MysteryShow16loadPropertyListERKN7Walaber12PropertyListE	WaterConcept::Screen_MysteryShow::loadPropertyList	ok
WaterConcept/Screen_MysteryShow.cpp	0x5397e0	840	_ZN12WaterConcept18Screen_MysteryShow5enterEv	WaterConcept::Screen_MysteryShow::enter	ok
WaterConcept/Screen_NoteChallenges.cpp	0x53b670	532	_ZN12WaterConcept21Screen_NoteChallenges5enterEv	WaterConcept::Screen_NoteChallenges::enter	ok
WaterConcept/Screen_NoteChallenges.cpp	0x53bd24	796	_ZN12WaterConcept21Screen_NoteChallenges8_buildUIEv	WaterConcept::Screen_NoteChallenges::_buildUI	ok
WaterConcept/Screen_PerryDemo.cpp	0x542e08	4	_ZN12WaterConcept16Screen_PerryDemo16loadPropertyListERKN7Walaber12PropertyListE	WaterConcept::Screen_PerryDemo::loadPropertyList	ok
WaterConcept/Screen_PerryDemo.cpp	0x543084	120	_ZN12WaterConcept16Screen_PerryDemo5enterEv	WaterConcept::Screen_PerryDemo::enter	ok
WaterConcept/Screen_PerryDemo.cpp	0x5432fc	324	_ZN12WaterConcept16Screen_PerryDemo8_buildUIEv	WaterConcept::Screen_PerryDemo::_buildUI	ok
WaterConcept/Screen_PerryDemo.cpp	0x543440	8	_ZN12WaterConcept16Screen_PerryDemo6updateEfb	WaterConcept::Screen_PerryDemo::update	ok
WaterConcept/Screen_PerryDemo.cpp	0x543518	272	_ZN12WaterConcept16Screen_PerryDemo4drawEi	WaterConcept::Screen_PerryDemo::draw	ok
WaterConcept/Screen_PerryDemo.cpp	0x543628	232	_ZN12WaterConcept16Screen_PerryDemo19_closeButtonPressedEv	WaterConcept::Screen_PerryDemo::_closeButtonPressed	ok
WaterConcept/Screen_PerryDemo.cpp	0x543e0c	1084	_ZN12WaterConcept16Screen_PerryDemo11handleFocusEPN7Walaber6WidgetENS1_10FocusEventE	WaterConcept::Screen_PerryDemo::handleFocus	ok
WaterConcept/Screen_PerryDemo.cpp	0x544778	312	_ZN12WaterConcept16Screen_PerryDemo11_loadSoundsEPv	WaterConcept::Screen_PerryDemo::_loadSounds	ok
WaterConcept/Screen_Popup.cpp	0x551a5c	248	_ZN12WaterConcept12Screen_Popup11regainedTopEv	WaterConcept::Screen_Popup::regainedTop	ok
WaterConcept/Screen_Popup.cpp	0x551b54	840	_ZN12WaterConcept12Screen_Popup11handleEventEiRKN7Walaber6Widget15WidgetActionRetEPS2_	WaterConcept::Screen_Popup::handleEvent	ok
WaterConcept/Screen_Popup.cpp	0x552e98	808	_ZN12WaterConcept12Screen_Popup9messageRxERKN7Walaber7MessageE	WaterConcept::Screen_Popup::messageRx	ok
WaterConcept/Screen_Popup.cpp	0x5549c8	340	_ZN12WaterConcept12Screen_Popup13_wrapLikeTextEv	WaterConcept::Screen_Popup::_wrapLikeText	ok
WaterConcept/Screen_Popup.cpp	0x554b60	2072	_ZN12WaterConcept12Screen_Popup29_hideLikeAndEnlargenLikeLabelEv	WaterConcept::Screen_Popup::_hideLikeAndEnlargenLikeLabel	ok
WaterConcept/Screen_PuppetShow.cpp	0x55ca00	280	_ZN12WaterConcept17Screen_PuppetShow8_buildUIEv	WaterConcept::Screen_PuppetShow::_buildUI	ok
WaterConcept/Screen_PuppetShow.cpp	0x55cb18	1276	_ZN12WaterConcept17Screen_PuppetShow12beingStackedEv	WaterConcept::Screen_PuppetShow::beingStacked	ok
WaterConcept/Screen_PuppetShow.cpp	0x55d0a0	168	_ZN12WaterConcept17Screen_PuppetShow11handleEventEiRKN7Walaber6Widget15WidgetActionRetEPS2_	WaterConcept::Screen_PuppetShow::handleEvent	ok
WaterConcept/Screen_Settings.cpp	0x55f884	1760	_ZN12WaterConcept15Screen_Settings19_updateAudioButtonsEv	WaterConcept::Screen_Settings::_updateAudioButtons	ok
WaterConcept/Screen_SettingsProfile.cpp	0x561730	248	_ZN12WaterConcept22Screen_SettingsProfile8_buildUIEv	WaterConcept::Screen_SettingsProfile::_buildUI	ok
WaterConcept/Screen_SettingsProfile.cpp	0x5621bc	128	_ZN12WaterConcept22Screen_SettingsProfile11handleEventEiRKN7Walaber6Widget15WidgetActionRetEPS2_	WaterConcept::Screen_SettingsProfile::handleEvent	ok
WaterConcept/Screen_SettingsProfile.cpp	0x562a90	176	_ZN12WaterConcept22Screen_SettingsProfile9messageRxERKN7Walaber7MessageE	WaterConcept::Screen_SettingsProfile::messageRx	ok
WaterConcept/Screen_SettingsProfile.cpp	0x562cfc	2712	_ZN12WaterConcept22Screen_SettingsProfile23_finishedLoadingWidgetsEPv	WaterConcept::Screen_SettingsProfile::_finishedLoadingWidgets	ok
WaterConcept/Screen_SettingsReset.cpp	0x563818	600	_ZN12WaterConcept20Screen_SettingsReset8_buildUIEv	WaterConcept::Screen_SettingsReset::_buildUI	ok
WaterConcept/Screen_SettingsReset.cpp	0x563a70	416	_ZN12WaterConcept20Screen_SettingsReset4exitEv	WaterConcept::Screen_SettingsReset::exit	ok
WaterConcept/Screen_SettingsReset.cpp	0x563c10	488	_ZN12WaterConcept20Screen_SettingsReset16loadPropertyListERKN7Walaber12PropertyListE	WaterConcept::Screen_SettingsReset::loadPropertyList	ok
WaterConcept/Screen_SettingsReset.cpp	0x563dfc	1420	_ZN12WaterConcept20Screen_SettingsReset11regainedTopEv	WaterConcept::Screen_SettingsReset::regainedTop	ok
WaterConcept/Screen_SettingsReset.cpp	0x5650a8	212	_ZN12WaterConcept20Screen_SettingsReset23_finishedLoadingWidgetsEPv	WaterConcept::Screen_SettingsReset::_finishedLoadingWidgets	ok
WaterConcept/Screen_Sunset.cpp	0x5656d0	384	_ZN12WaterConcept13Screen_Sunset5enterEv	WaterConcept::Screen_Sunset::enter	ok
WaterConcept/Screen_Sunset.cpp	0x565a18	3608	_ZN12WaterConcept13Screen_Sunset8_buildUIEv	WaterConcept::Screen_Sunset::_buildUI	ok
WaterConcept/Screen_Sunset.cpp	0x5669e0	708	_ZN12WaterConcept13Screen_Sunset19_fileExistsCallbackEPv	WaterConcept::Screen_Sunset::_fileExistsCallback	ok
WaterConcept/Screen_Upsell.cpp	0x566eb0	620	_ZN12WaterConcept13Screen_Upsell5enterEv	WaterConcept::Screen_Upsell::enter	ok
WaterConcept/Screen_Upsell.cpp	0x56711c	448	_ZN12WaterConcept13Screen_Upsell8_buildUIEv	WaterConcept::Screen_Upsell::_buildUI	ok
WaterConcept/Screen_Upsell.cpp	0x5672dc	312	_ZN12WaterConcept13Screen_Upsell4drawEi	WaterConcept::Screen_Upsell::draw	ok
WaterConcept/Screen_Upsell.cpp	0x567414	268	_ZN12WaterConcept13Screen_Upsell11handleEventEiRKN7Walaber6Widget15WidgetActionRetEPS2_	WaterConcept::Screen_Upsell::handleEvent	ok
WaterConcept/Screen_UpsellWater2.cpp	0x5687d8	296	_ZN12WaterConcept19Screen_UpsellWater25enterEv	WaterConcept::Screen_UpsellWater2::enter	ok
WaterConcept/Screen_UpsellWater2.cpp	0x568af0	312	_ZN12WaterConcept19Screen_UpsellWater28_buildUIEv	WaterConcept::Screen_UpsellWater2::_buildUI	ok
WaterConcept/Screen_UpsellWater2.cpp	0x568c28	344	_ZN12WaterConcept19Screen_UpsellWater26updateEfb	WaterConcept::Screen_UpsellWater2::update	ok
WaterConcept/Screen_UpsellWater2.cpp	0x569408	220	_ZN12WaterConcept19Screen_UpsellWater219_closeButtonPressedEv	WaterConcept::Screen_UpsellWater2::_closeButtonPressed	ok
WaterConcept/Screen_UpsellWater2.cpp	0x56a0c8	824	_ZN12WaterConcept19Screen_UpsellWater219_fileExistsCallbackEPv	WaterConcept::Screen_UpsellWater2::_fileExistsCallback	ok
WaterConcept/Screen_WaterTest.cpp	0x56b318	68	_ZN12WaterConcept16Screen_WaterTest16loadPropertyListERKN7Walaber12PropertyListE	WaterConcept::Screen_WaterTest::loadPropertyList	ok
WaterConcept/Screen_WaterTest.cpp	0x56bdb0	212	_ZN12WaterConcept16Screen_WaterTest12preloadLevelEb	WaterConcept::Screen_WaterTest::preloadLevel	ok
WaterConcept/Screen_WaterTest.cpp	0x56d8dc	296	_ZN12WaterConcept16Screen_WaterTest9loadLevelERKNSt6__ndk112basic_stringIcNS1_11char_traitsIcEENS1_9allocatorIcEEEES9_	WaterConcept::Screen_WaterTest::loadLevel	ok
WaterConcept/Screen_WaterTest.cpp	0x56e7ac	300	_ZN12WaterConcept16Screen_WaterTest5enterEv	WaterConcept::Screen_WaterTest::enter	ok
WaterConcept/Screen_WaterTest.cpp	0x57169c	360	_ZN12WaterConcept16Screen_WaterTest4exitEv	WaterConcept::Screen_WaterTest::exit	ok
WaterConcept/Screen_WaterTest.cpp	0x571804	372	_ZN12WaterConcept16Screen_WaterTest6updateEfb	WaterConcept::Screen_WaterTest::update	ok
WaterConcept/Screen_WaterTest.cpp	0x57dcb8	124	_ZN12WaterConcept16Screen_WaterTest20_cautiousCutterCheckEv	WaterConcept::Screen_WaterTest::_cautiousCutterCheck	ok
WaterConcept/Screen_WaterTest.cpp	0x57e184	216	_ZN12WaterConcept16Screen_WaterTest21_goNextPlatinumDuckPSEv	WaterConcept::Screen_WaterTest::_goNextPlatinumDuckPS	ok
WaterConcept/Screen_WaterTest.cpp	0x57e8f4	100	_ZN12WaterConcept16Screen_WaterTest21_updatePlatinumDuckPSEf	WaterConcept::Screen_WaterTest::_updatePlatinumDuckPS	ok
WaterConcept/Screen_WaterTest.cpp	0x57ea88	156	_ZN12WaterConcept16Screen_WaterTest4drawEi	WaterConcept::Screen_WaterTest::draw	ok
WaterConcept/Screen_WaterTest.cpp	0x57fd60	72	_ZN12WaterConcept16Screen_WaterTest20accelerometerChangedEfff	WaterConcept::Screen_WaterTest::accelerometerChanged	ok
WaterConcept/Screen_WaterTest.cpp	0x57fe8c	52	_ZN12WaterConcept16Screen_WaterTest13_bombCallbackEPv	WaterConcept::Screen_WaterTest::_bombCallback	ok
WaterConcept/Screen_WaterTest.cpp	0x57fec0	296	_ZN12WaterConcept16Screen_WaterTest20_collectibleCallbackEPv	WaterConcept::Screen_WaterTest::_collectibleCallback	ok
WaterConcept/Screen_WaterTest.cpp	0x5812a8	36	_ZN12WaterConcept16Screen_WaterTest14_touchCallbackEPv	WaterConcept::Screen_WaterTest::_touchCallback	ok
WaterConcept/Screen_WaterTest.cpp	0x581430	2380	_ZN12WaterConcept16Screen_WaterTest15_loadLevelPart2EPv	WaterConcept::Screen_WaterTest::_loadLevelPart2	ok
WaterConcept/Screen_WaterTest.cpp	0x581fb8	384	_ZN12WaterConcept16Screen_WaterTest14_finalLoadStepEv	WaterConcept::Screen_WaterTest::_finalLoadStep	ok
WaterConcept/Screen_WaterTest.cpp	0x585d6c	164	_ZN12WaterConcept16Screen_WaterTest12beingStackedEv	WaterConcept::Screen_WaterTest::beingStacked	ok
WaterConcept/Screen_WaterTest.cpp	0x586288	888	_ZN12WaterConcept16Screen_WaterTest11handleEventEiRKN7Walaber6Widget15WidgetActionRetEPS2_	WaterConcept::Screen_WaterTest::handleEvent	ok
WaterConcept/Screen_WaterTest.cpp	0x587084	1436	_ZN12WaterConcept16Screen_WaterTest20_showChallengeDialogEv	WaterConcept::Screen_WaterTest::_showChallengeDialog	ok
WaterConcept/Screen_WaterTest.cpp	0x588494	328	_ZN12WaterConcept16Screen_WaterTest9touchDownEiN7Walaber7Vector2E	WaterConcept::Screen_WaterTest::touchDown	ok
WaterConcept/Screen_WaterTest.cpp	0x5885dc	16	_ZN12WaterConcept16Screen_WaterTest11handleFocusEPN7Walaber6WidgetENS1_10FocusEventE	WaterConcept::Screen_WaterTest::handleFocus	ok
WaterConcept/Screen_WaterTest.cpp	0x5887a0	336	_ZN12WaterConcept16Screen_WaterTest9messageRxERKN7Walaber7MessageE	WaterConcept::Screen_WaterTest::messageRx	ok
WaterConcept/Screen_WaterTest.cpp	0x588cc8	212	_ZN12WaterConcept16Screen_WaterTest14_worldToScreenERKN7Walaber7Vector2E	WaterConcept::Screen_WaterTest::_worldToScreen	ok
WaterConcept/Screen_WaterTest.cpp	0x588d9c	32	_ZN12WaterConcept16Screen_WaterTest23_finishedLoadingWidgetsEPv	WaterConcept::Screen_WaterTest::_finishedLoadingWidgets	ok
WaterConcept/Screen_WaterTest.cpp	0x589a70	172	_ZN12WaterConcept16Screen_WaterTest16_focusOnPositionERKN7Walaber7Vector2Efffbb	WaterConcept::Screen_WaterTest::_focusOnPosition	ok
WaterConcept/Screen_WaterTest.cpp	0x589b1c	524	_ZN12WaterConcept16Screen_WaterTest28_grabAndPlayMysteryDuckSoundEN21WaterConceptConstants12SoundIndexesEi	WaterConcept::Screen_WaterTest::_grabAndPlayMysteryDuckSound	ok
WaterConcept/Screen_WaterTest.cpp	0x589d28	4	_ZN12WaterConcept16Screen_WaterTest21_drawFingerRecordingsEv	WaterConcept::Screen_WaterTest::_drawFingerRecordings	ok
WaterConcept/Screen_WaterTest/PhotoFinishSnapshot.cpp	0x58a364	156	_ZN12WaterConcept16Screen_WaterTest19PhotoFinishSnapshot21InitFromRenderTextureEN7Walaber9SharedPtrINS2_15RenderTexture2DEEE	WaterConcept::Screen_WaterTest::PhotoFinishSnapshot::InitFromRenderTexture	ok
WaterConcept/Screen_WorldSelect.cpp	0x58b358	132	_ZN12WaterConcept18Screen_WorldSelect16loadPropertyListERKN7Walaber12PropertyListE	WaterConcept::Screen_WorldSelect::loadPropertyList	ok
WaterConcept/Screen_WorldSelect.cpp	0x58b648	180	_ZN12WaterConcept18Screen_WorldSelect5enterEv	WaterConcept::Screen_WorldSelect::enter	ok
WaterConcept/Screen_WorldSelect.cpp	0x58fd3c	100	_ZN12WaterConcept18Screen_WorldSelect22_checkAndDeleteGiftAppEv	WaterConcept::Screen_WorldSelect::_checkAndDeleteGiftApp	ok
WaterConcept/Screen_WorldSelect.cpp	0x58fec4	36	_ZN12WaterConcept18Screen_WorldSelect29_spriteAnimationEventCallbackEPv	WaterConcept::Screen_WorldSelect::_spriteAnimationEventCallback	ok
WaterConcept/Screen_WorldSelect.cpp	0x5980e0	172	_ZN12WaterConcept18Screen_WorldSelect9messageRxERKN7Walaber7MessageE	WaterConcept::Screen_WorldSelect::messageRx	ok
WaterConcept/Screen_WorldSelect.cpp	0x5a1c30	320	_ZN12WaterConcept18Screen_WorldSelect38_locksmithSpriteAnimationEventCallbackEPv	WaterConcept::Screen_WorldSelect::_locksmithSpriteAnimationEventCallback	ok
WaterConcept/ShowerCurtain.cpp	0x444798	220	_ZN12WaterConcept13ShowerCurtain16handleTouchMovedERKN7Walaber7Vector2ES4_	WaterConcept::ShowerCurtain::handleTouchMoved	ok
WaterConcept/Spout.cpp	0x48dd30	228	_ZN12WaterConcept5Spout18pickFinalParticlesEPNS_6FluidsEPNSt6__ndk16vectorINS_19ParticleDescriptionENS3_9allocatorIS5_EEEE	WaterConcept::Spout::pickFinalParticles	ok
WaterConcept/Spout.cpp	0x48e028	528	_ZN12WaterConcept5Spout17addConnectedSpoutEPS0_fNS_11YSwitchPortE	WaterConcept::Spout::addConnectedSpout	ok
WaterConcept/StarSeed.cpp	0x45d0c8	188	_ZN12WaterConcept8StarSeed11addTeleportERKN7Walaber7Vector2EffNS_17InteractiveObject8MoveEaseEbb	WaterConcept::StarSeed::addTeleport	ok
WaterConcept/StarSeed.cpp	0x490308	180	_ZN12WaterConcept8StarSeed26_starSeedAnimationCallbackEPv	WaterConcept::StarSeed::_starSeedAnimationCallback	ok
WaterConcept/StarSeed.cpp	0x49059c	100	_ZN12WaterConcept8StarSeed13setPropertiesERKN7Walaber12PropertyListE	WaterConcept::StarSeed::setProperties	ok
WaterConcept/StarSeed.cpp	0x49332c	352	_ZN12WaterConcept8StarSeed4drawEPN7Walaber11SpriteBatchEbf	WaterConcept::StarSeed::draw	ok
WaterConcept/StarSeed.cpp	0x49348c	132	_ZN12WaterConcept8StarSeed14_drawBGSpritesEPN7Walaber11SpriteBatchE	WaterConcept::StarSeed::_drawBGSprites	ok
WaterConcept/StarSeed.cpp	0x493524	132	_ZN12WaterConcept8StarSeed14drawForegroundEPN7Walaber11SpriteBatchEbf	WaterConcept::StarSeed::drawForeground	ok
WaterConcept/StarSeed.cpp	0x493730	88	_ZN12WaterConcept8StarSeed27_drawTeleportShockwaveIntroEPN7Walaber11SpriteBatchE	WaterConcept::StarSeed::_drawTeleportShockwaveIntro	ok
WaterConcept/StarSeed.cpp	0x493a44	252	_ZN12WaterConcept8StarSeed24_drawTeleportSpiralIntroEPN7Walaber11SpriteBatchE	WaterConcept::StarSeed::_drawTeleportSpiralIntro	ok
WaterConcept/Switch.cpp	0x4685b4	320	_ZN12WaterConcept6Switch16triggerMomentaryERKN7Walaber7Vector2E	WaterConcept::Switch::triggerMomentary	ok
WaterConcept/Switch.cpp	0x494a5c	324	_ZN12WaterConcept6Switch13setPropertiesERKN7Walaber12PropertyListE	WaterConcept::Switch::setProperties	ok
WaterConcept/Switch.cpp	0x495084	460	_ZN12WaterConcept6Switch9_setStateEb	WaterConcept::Switch::_setState	ok
WaterConcept/Switch.cpp	0x4953e8	100	_ZN12WaterConcept6Switch6updateEf	WaterConcept::Switch::update	ok
WaterConcept/Switch.cpp	0x495698	196	_ZN12WaterConcept6Switch19particleHasCollidedEPNS_6FluidsERKNS_19ParticleDescriptionEiRb	WaterConcept::Switch::particleHasCollided	ok
WaterConcept/Switch.cpp	0x495780	348	_ZN12WaterConcept6Switch17_triggerMomentaryERKN7Walaber7Vector2E	WaterConcept::Switch::_triggerMomentary	ok
WaterConcept/Switch.cpp	0x495908	156	_ZN12WaterConcept6Switch13_initFinishedEv	WaterConcept::Switch::_initFinished	ok
WaterConcept/Switch.cpp	0x495a54	12	_ZN12WaterConcept6Switch15_animationEventEPv	WaterConcept::Switch::_animationEvent	ok
WaterConcept/WaterBalloon.cpp	0x496098	628	_ZN12WaterConcept12WaterBalloon13_initFinishedEv	WaterConcept::WaterBalloon::_initFinished	ok
WaterConcept/WaterBalloon.cpp	0x49630c	192	_ZN12WaterConcept12WaterBalloon13setPropertiesERKN7Walaber12PropertyListE	WaterConcept::WaterBalloon::setProperties	ok
WaterConcept/WaterBalloon.cpp	0x496d00	36	_ZN12WaterConcept12WaterBalloon17addFluidParticlesEN21WaterConceptConstants9FluidTypeEfj	WaterConcept::WaterBalloon::addFluidParticles	ok
WaterConcept/WaterBalloon.cpp	0x49705c	192	_ZN12WaterConcept12WaterBalloon6updateEf	WaterConcept::WaterBalloon::update	ok
WaterConcept/WaterBalloon.cpp	0x4978a8	320	_ZN12WaterConcept12WaterBalloon16_drawAttachMouthEPN7Walaber11SpriteBatchE	WaterConcept::WaterBalloon::_drawAttachMouth	ok
WaterConcept/WaterBalloon.cpp	0x497af4	472	_ZN12WaterConcept12WaterBalloon16handleTouchMovedERKN7Walaber7Vector2ES4_	WaterConcept::WaterBalloon::handleTouchMoved	ok
WaterConcept/WaterBalloon.cpp	0x497d34	728	_ZN12WaterConcept12WaterBalloon19particleHasCollidedEPNS_6FluidsERKNS_19ParticleDescriptionEiRb	WaterConcept::WaterBalloon::particleHasCollided	ok
WaterConcept/World.cpp	0x446f10	92	_ZN12WaterConcept5World11_gotOtherSEEPv	WaterConcept::World::_gotOtherSE	ok
WaterConcept/World.cpp	0x447004	80	_ZN12WaterConcept5World11_gotAlgaeSEEPv	WaterConcept::World::_gotAlgaeSE	ok
WaterConcept/World.cpp	0x447178	84	_ZN12WaterConcept5World11_gotSpoutSEEPv	WaterConcept::World::_gotSpoutSE	ok
WaterConcept/World.cpp	0x4472ec	52	_ZN12WaterConcept5World9_gotFanSEEPv	WaterConcept::World::_gotFanSE	ok
WaterConcept/World.cpp	0x447e38	72	_ZN12WaterConcept5World9loadLevelERKNSt6__ndk112basic_stringIcNS1_11char_traitsIcEENS1_9allocatorIcEEEEN7Walaber9SharedPtrINSA_8CallbackEEE	WaterConcept::World::loadLevel	ok
WaterConcept/World.cpp	0x447f64	72	_ZN12WaterConcept5World9loadLevelERKNSt6__ndk112basic_stringIcNS1_11char_traitsIcEENS1_9allocatorIcEEEES9_N7Walaber9SharedPtrINSA_8CallbackEEE	WaterConcept::World::loadLevel	ok
WaterConcept/World.cpp	0x4480e0	80	_ZN12WaterConcept5World18createGridFromFileERKNSt6__ndk112basic_stringIcNS1_11char_traitsIcEENS1_9allocatorIcEEEE	WaterConcept::World::createGridFromFile	ok
WaterConcept/World.cpp	0x448350	180	_ZN12WaterConcept5World20setLevelRequirementsERNSt6__ndk112basic_stringIcNS1_11char_traitsIcEENS1_9allocatorIcEEEE	WaterConcept::World::setLevelRequirements	ok
WaterConcept/World.cpp	0x448418	132	_ZN12WaterConcept5World14loadLevelPart2Ev	WaterConcept::World::loadLevelPart2	ok
WaterConcept/World.cpp	0x44b860	440	_ZN12WaterConcept5World21createPolygonsForGridERKNSt6__ndk16vectorIN21WaterConceptConstants12MaterialTypeENS1_9allocatorIS4_EEEE	WaterConcept::World::createPolygonsForGrid	ok
WaterConcept/World.cpp	0x44ba50	764	_ZN12WaterConcept5World13loadLevelDoneEv	WaterConcept::World::loadLevelDone	ok
WaterConcept/World.cpp	0x44c564	232	_ZN12WaterConcept5World20_getTouchOwnerForPosERKN7Walaber7Vector2ERPv	WaterConcept::World::_getTouchOwnerForPos	ok
WaterConcept/World.cpp	0x44c7e4	88	_ZN12WaterConcept5World23_clearMaterialInCapsuleERKN7Walaber7Vector2ES4_	WaterConcept::World::_clearMaterialInCapsule	ok
WaterConcept/World.cpp	0x44c8a4	104	_ZN12WaterConcept5World6updateEf	WaterConcept::World::update	ok
WaterConcept/World.cpp	0x44edf8	1368	_ZN12WaterConcept5World28_fluidCollisionCallback_AtoBEPv	WaterConcept::World::_fluidCollisionCallback_AtoB	ok
WaterConcept/World.cpp	0x44f414	116	_ZN12WaterConcept5World26_resolveParticleCollisionsEv	WaterConcept::World::_resolveParticleCollisions	ok
WaterConcept/World.cpp	0x450d38	2040	_ZN12WaterConcept5World24_resolveObjectCollisionsEv	WaterConcept::World::_resolveObjectCollisions	ok
WaterConcept/World.cpp	0x451b44	328	_ZN12WaterConcept5World13_freezeFluidsEv	WaterConcept::World::_freezeFluids	ok
WaterConcept/World.cpp	0x451cb0	388	_ZN12WaterConcept5World10postUpdateEf	WaterConcept::World::postUpdate	ok
WaterConcept/World.cpp	0x452060	288	_ZN12WaterConcept5World21createPolygonsForGridEv	WaterConcept::World::createPolygonsForGrid	ok
WaterConcept/World.cpp	0x45236c	888	_ZN12WaterConcept5World24checkOneTimeAchievementsEv	WaterConcept::World::checkOneTimeAchievements	ok
WaterConcept/World.cpp	0x452f40	1200	_ZN12WaterConcept5World9_drawGridEPN7Walaber11SpriteBatchERKNS1_7Vector2ES6_	WaterConcept::World::_drawGrid	ok
WaterConcept/World.cpp	0x45465c	380	_ZN12WaterConcept5World12_drawWaterBGEPv	WaterConcept::World::_drawWaterBG	ok
WaterConcept/World.cpp	0x45487c	20	_ZN12WaterConcept5World25_drawFluidRefractionColorEPv	WaterConcept::World::_drawFluidRefractionColor	ok
WaterConcept/World.cpp	0x4549d8	504	_ZN12WaterConcept5World25_drawFluidRefractionAlphaEPv	WaterConcept::World::_drawFluidRefractionAlpha	ok
WaterConcept/World.cpp	0x454bec	144	_ZN12WaterConcept5World30createGridFromFileDataCallbackEPv	WaterConcept::World::createGridFromFileDataCallback	ok
WaterConcept/World.cpp	0x4559a0	160	_ZN12WaterConcept5World21_setupFluidCollisionsEv	WaterConcept::World::_setupFluidCollisions	ok
WaterConcept/World.cpp	0x456428	84	_ZN12WaterConcept5World12_addAlgaeDotENS_8GridCellE	WaterConcept::World::_addAlgaeDot	ok
WaterConcept/World.cpp	0x456494	84	_ZN12WaterConcept5World11_addCoalDotENS_8GridCellE	WaterConcept::World::_addCoalDot	ok
WaterConcept/World.cpp	0x4566c0	228	_ZN12WaterConcept5World17loadLevelMetaFileEv	WaterConcept::World::loadLevelMetaFile	ok
WaterConcept/World.cpp	0x4567f8	144	_ZN12WaterConcept5World25loadLevelMetaFileCallbackEPv	WaterConcept::World::loadLevelMetaFileCallback	ok
WaterConcept/World.cpp	0x45cb84	228	_ZN12WaterConcept5World25_spoutStateChangeCallbackEPv	WaterConcept::World::_spoutStateChangeCallback	ok
WaterConcept/World.cpp	0x45d184	84	_ZN12WaterConcept5World28_starSeedStateChangeCallbackEPv	WaterConcept::World::_starSeedStateChangeCallback	ok
WaterConcept/World.cpp	0x45f0f8	940	_ZN12WaterConcept5World26_switchStateChangeCallbackEPv	WaterConcept::World::_switchStateChangeCallback	ok
WaterConcept/World.cpp	0x45f4dc	964	_ZN12WaterConcept5World26_icyHotStateChangeCallbackEPv	WaterConcept::World::_icyHotStateChangeCallback	ok
WaterConcept/World.cpp	0x45f8d8	440	_ZN12WaterConcept5World21_waterBalloonCallbackEPv	WaterConcept::World::_waterBalloonCallback	ok
WaterConcept/World.cpp	0x45ffa8	464	_ZN12WaterConcept5World19_algaeHiderCallbackEPv	WaterConcept::World::_algaeHiderCallback	ok
WaterConcept/World.cpp	0x460928	348	_ZN12WaterConcept5World12_fanCallbackEPv	WaterConcept::World::_fanCallback	ok
WaterConcept/World.cpp	0x460abc	560	_ZN12WaterConcept5World20_fanParticleCallbackEPv	WaterConcept::World::_fanParticleCallback	ok
WaterConcept/World.cpp	0x460ef8	372	_ZN12WaterConcept5World27_ySwitchStateChangeCallbackEPv	WaterConcept::World::_ySwitchStateChangeCallback	ok
WaterConcept/World.cpp	0x461218	440	_ZN12WaterConcept5World31_mysteryCaveStateChangeCallbackEPv	WaterConcept::World::_mysteryCaveStateChangeCallback	ok
WaterConcept/World.cpp	0x461990	36	_ZN12WaterConcept5World23interactiveObjectLoadedEPv	WaterConcept::World::interactiveObjectLoaded	ok
WaterConcept/World.cpp	0x4621d4	252	_ZN12WaterConcept5World20_addParticleCallbackEPv	WaterConcept::World::_addParticleCallback	ok
WaterConcept/World.cpp	0x4625b0	828	_ZN12WaterConcept5World29_crankyChompAnimationCallbackEPv	WaterConcept::World::_crankyChompAnimationCallback	ok
WaterConcept/World.cpp	0x462c4c	72	_ZN12WaterConcept5World23_clearMaterialInCapsuleERKN7Walaber7Vector2ES4_fNSt6__ndk16vectorIiNS5_9allocatorIiEEEEbbbb	WaterConcept::World::_clearMaterialInCapsule	ok
WaterConcept/World.cpp	0x462e04	84	_ZN12WaterConcept5World23_clearMaterialInCapsuleERKN7Walaber7Vector2ES4_fNSt6__ndk16vectorIiNS5_9allocatorIiEEEEbbb	WaterConcept::World::_clearMaterialInCapsule	ok
WaterConcept/World.cpp	0x463888	216	_ZN12WaterConcept5World23_addAlgaeHiderAlgaeDotsEPNS_10AlgaeHiderE	WaterConcept::World::_addAlgaeHiderAlgaeDots	ok
WaterConcept/World.cpp	0x463b44	156	_ZN12WaterConcept5World33_fillMaterialGridUsingObjectShapeEPNS_17InteractiveObjectEN21WaterConceptConstants12MaterialTypeEb	WaterConcept::World::_fillMaterialGridUsingObjectShape	ok
WaterConcept/World.cpp	0x463d64	368	_ZN12WaterConcept5World15setRoomPositionEN7Walaber7Vector2E	WaterConcept::World::setRoomPosition	ok
WaterConcept/World.cpp	0x463ed4	144	_ZN12WaterConcept5World34_fluidCollisionCallbackWaterVsLavaEPv	WaterConcept::World::_fluidCollisionCallbackWaterVsLava	ok
WaterConcept/World.cpp	0x4643dc	92	_ZN12WaterConcept5World41_fluidCollisionCallbackContaminatedVsLavaEPv	WaterConcept::World::_fluidCollisionCallbackContaminatedVsLava	ok
WaterConcept/World.cpp	0x4657ec	88	_ZN12WaterConcept5World27_collectibleIsRevealedCheckEPNS_17InteractiveObjectE	WaterConcept::World::_collectibleIsRevealedCheck	ok
WaterConcept/World.cpp	0x46591c	168	_ZN12WaterConcept5World19_isMaterialInCircleERKN7Walaber7Vector2Efi	WaterConcept::World::_isMaterialInCircle	ok
WaterConcept/World.cpp	0x465be8	152	_ZN12WaterConcept5World23_calculateCollisionGridENS_8GridCellES1_	WaterConcept::World::_calculateCollisionGrid	ok
WaterConcept/World.cpp	0x466ad8	20	_ZN12WaterConcept5World13_expandTunnelERKNS_8GridCellERKNS0_9DirectionEii	WaterConcept::World::_expandTunnel	ok
WaterConcept/World.cpp	0x4674a0	460	_ZN12WaterConcept5World28_getClosestGridCellAlongPathERKNS_8GridCellES3_i	WaterConcept::World::_getClosestGridCellAlongPath	ok
WaterConcept/World.cpp	0x467688	116	_ZN12WaterConcept5World16_plopOntoGrid3x3EN21WaterConceptConstants12MaterialTypeEii	WaterConcept::World::_plopOntoGrid3x3	ok
WaterConcept/World.cpp	0x467da4	380	_ZN12WaterConcept5World31_handleFloaterVsObjectCollisionEPNS_7FloaterEPNS_17InteractiveObjectE	WaterConcept::World::_handleFloaterVsObjectCollision	ok
WaterConcept/World.cpp	0x46821c	368	_ZN12WaterConcept5World32_handleFloaterVsFloaterCollisionEPNS_7FloaterES2_	WaterConcept::World::_handleFloaterVsFloaterCollision	ok
WaterConcept/World.cpp	0x4686f4	4	_ZN12WaterConcept5World23_convertPoolToFluidTypeERKNS_19ParticleDescriptionERNSt6__ndk13setIjNS4_4lessIjEENS4_9allocatorIjEEEEN21WaterConceptConstants9FluidTypeE	WaterConcept::World::_convertPoolToFluidType	ok
WaterConcept/World.cpp	0x4689b4	80	_ZN12WaterConcept5World17_findMaterialPoolERKNS_8GridCellEN21WaterConceptConstants12MaterialTypeERNSt6__ndk13setIS1_NS6_4lessIS1_EENS6_9allocatorIS1_EEEE	WaterConcept::World::_findMaterialPool	ok
WaterConcept/World.cpp	0x468b40	156	_ZN12WaterConcept5World32_getClosestGridCellFromColStatusERKNS_8GridCellEiNS0_15CollisionStatusE	WaterConcept::World::_getClosestGridCellFromColStatus	ok
WaterConcept/World.cpp	0x468c74	80	_ZN12WaterConcept5World37_calculateClosestEdgeCellsForVisBlockENS_8GridCellE	WaterConcept::World::_calculateClosestEdgeCellsForVisBlock	ok
WaterConcept/World.cpp	0x468da8	4	_ZN12WaterConcept5World25calculateCollisionForGridERNSt6__ndk16vectorIN7Walaber19PositionTextureVertENS1_9allocatorIS4_EEEERNS2_INS3_17PositionColorVertENS5_IS9_EEEENS_8GridCellE	WaterConcept::World::calculateCollisionForGrid	ok
WaterConcept/World.cpp	0x468ddc	248	_ZN12WaterConcept5World22createCollisionForGridERNSt6__ndk16vectorIN7Walaber19PositionTextureVertENS1_9allocatorIS4_EEEERNS2_INS3_17PositionColorVertENS5_IS9_EEEENS_8GridCellE	WaterConcept::World::createCollisionForGrid	ok
WaterConcept/World.cpp	0x468ed4	84	_ZN12WaterConcept5World21createPolygonsForGridERNSt6__ndk16vectorIN7Walaber19PositionTextureVertENS1_9allocatorIS4_EEEERNS2_INS3_17PositionColorVertENS5_IS9_EEEENS_8GridCellEN21WaterConceptConstants12MaterialTypeE	WaterConcept::World::createPolygonsForGrid	ok
WaterConcept/World.cpp	0x469448	192	_ZN12WaterConcept5World36_findLargestQuadFromStartingGridCellERNS_9IndexGridIiEERKNS_8GridCellEiiRiS7_ii	WaterConcept::World::_findLargestQuadFromStartingGridCell	ok
WaterConcept/World.cpp	0x469508	300	_ZN12WaterConcept5World24_createPolyWithGridCellsEN7Walaber9SharedPtrINS1_7TextureEEERNSt6__ndk16vectorINS1_19PositionTextureVertENS5_9allocatorIS7_EEEERKNS_8GridCellESE_	WaterConcept::World::_createPolyWithGridCells	ok
WaterConcept/World.cpp	0x46a170	88	_ZN12WaterConcept5World7raycastERKN7Walaber7Vector2ES4_fNS1_9SharedPtrINS1_8CallbackEEERNSt6__ndk16vectorIN21WaterConceptConstants12MaterialTypeENS8_9allocatorISB_EEEERNS0_14RaycastResultsE	WaterConcept::World::raycast	ok
WaterConcept/World.cpp	0x46a42c	176	_ZN12WaterConcept5World10stopSoundsEv	WaterConcept::World::stopSounds	ok
WaterConcept/World.cpp	0x46a608	88	_ZN12WaterConcept5World11resumeBombsEv	WaterConcept::World::resumeBombs	ok
WaterConcept/World.cpp	0x46a678	84	_ZN12WaterConcept5World22getMaterialForPositionERKN7Walaber7Vector2E	WaterConcept::World::getMaterialForPosition	ok
WaterConcept/World.cpp	0x46a6cc	4	_ZN12WaterConcept5World22_searchRightWithHeightERNS_9IndexGridIiEERKNS_8GridCellEiiiRii	WaterConcept::World::_searchRightWithHeight	ok
WaterConcept/World.cpp	0x46a750	340	_ZN12WaterConcept5World20_searchDownWithWidthERNS_9IndexGridIiEERKNS_8GridCellEiiiRii	WaterConcept::World::_searchDownWithWidth	ok
WaterConcept/World.cpp	0x46a8e4	8	_ZN12WaterConcept5World13_doKillRadiusEN7Walaber7Vector2EffPNS_17InteractiveObjectE	WaterConcept::World::_doKillRadius	ok
WaterConcept/World.cpp	0x46aa9c	36	_ZN12WaterConcept5World15_applyBombForceERKN7Walaber7Vector2Eff	WaterConcept::World::_applyBombForce	ok
WaterConcept/World.cpp	0x46abf0	36	_ZN12WaterConcept5World15makeMysteryPoofERKN7Walaber7Vector2Ef	WaterConcept::World::makeMysteryPoof	ok
WaterConcept/World.cpp	0x46ae28	104	_ZN12WaterConcept5World23_spawnConverterParticleEPNS_14FluidConverterE	WaterConcept::World::_spawnConverterParticle	ok
WaterConcept/World.cpp	0x47158c	1076	_ZN12WaterConcept5World21_addSmoothingTriangleEN7Walaber9SharedPtrINS1_7TextureEEERNSt6__ndk16vectorINS1_19PositionTextureVertENS5_9allocatorIS7_EEEERKNS1_7Vector2ESE_SE_SE_j	WaterConcept::World::_addSmoothingTriangle	ok
_tmpl/WaterConcept__World___addParticleAndNeig_ac19849a.cpp	0x46f6b0	8	_ZN12WaterConcept5World24_addParticleAndNeighborsINS_15ConsiderPoolAnyEEEvRKNS_19ParticleDescriptionEfRNSt6__ndk13setIjNS6_4lessIjEENS6_9allocatorIjEEEEPN7Walaber16FluidParticleSetET_	WaterConcept::World::_addParticleAndNeighbors<WaterConcept::ConsiderPoolAny>	ok
_tmpl/WaterConcept__World___getGridEdgeValue_W_5f2db237.cpp	0x46685c	548	_ZN12WaterConcept5World17_getGridEdgeValueINS_23ConsiderSameRockOutlineEEEiNS_8GridCellEiiT_	WaterConcept::World::_getGridEdgeValue<WaterConcept::ConsiderSameRockOutline>	ok
_tmpl/WaterConcept__World___processSmoothingSt_6783748f.cpp	0x469984	252	_ZN12WaterConcept5World23_processSmoothingStripsINS_19ConsiderSameDefaultEEEvNS_8GridCellES3_iT_NS0_12EdgeTypeFlagERNSt6__ndk16vectorIN7Walaber19PositionTextureVertENS6_9allocatorIS9_EEEERNS7_INS8_17PositionColorVertENSA_ISE_EEEEiN21WaterConceptConstants14CollisionLayerEi	WaterConcept::World::_processSmoothingStrips<WaterConcept::ConsiderSameDefault>	ok
_tmpl/WaterConcept__World___processSmoothingSt_6783748f.cpp	0x469cdc	76	_ZN12WaterConcept5World23_processSmoothingStripsINS_15ConsiderSameAllEEEvNS_8GridCellES3_iT_NS0_12EdgeTypeFlagERNSt6__ndk16vectorIN7Walaber19PositionTextureVertENS6_9allocatorIS9_EEEERNS7_INS8_17PositionColorVertENSA_ISE_EEEEiN21WaterConceptConstants14CollisionLayerEi	WaterConcept::World::_processSmoothingStrips<WaterConcept::ConsiderSameAll>	ok
_tmpl/WaterConcept__World___processSmoothingSt_6783748f.cpp	0x469f14	520	_ZN12WaterConcept5World23_processSmoothingStripsINS_17ConsiderSameAlgaeEEEvNS_8GridCellES3_iT_NS0_12EdgeTypeFlagERNSt6__ndk16vectorIN7Walaber19PositionTextureVertENS6_9allocatorIS9_EEEERNS7_INS8_17PositionColorVertENSA_ISE_EEEEiN21WaterConceptConstants14CollisionLayerEi	WaterConcept::World::_processSmoothingStrips<WaterConcept::ConsiderSameAlgae>	ok
_tmpl/WaterConcept__World___walkStrip_WaterCon_1d3ee69c.cpp	0x471b10	268	_ZN12WaterConcept5World10_walkStripINS_23ConsiderSameRockOutlineEEEvNS_8GridCellES3_S3_iT_NS0_12EdgeTypeFlagERNSt6__ndk16vectorIN7Walaber19PositionTextureVertENS6_9allocatorIS9_EEEERNS7_INS8_17PositionColorVertENSA_ISE_EEEEiN21WaterConceptConstants14CollisionLayerEi	WaterConcept::World::_walkStrip<WaterConcept::ConsiderSameRockOutline>	ok
WaterConcept/YSwitch.cpp	0x4617b8	404	_ZN12WaterConcept7YSwitch16strToYSwitchPortERKNSt6__ndk112basic_stringIcNS1_11char_traitsIcEENS1_9allocatorIcEEEE	WaterConcept::YSwitch::strToYSwitchPort	ok
WaterConcept/YSwitch.cpp	0x498ccc	88	_ZN12WaterConcept7YSwitch6updateEf	WaterConcept::YSwitch::update	ok
WaterConcept/YSwitch.cpp	0x498d24	272	_ZN12WaterConcept7YSwitch19_updateToggleSpriteEv	WaterConcept::YSwitch::_updateToggleSprite	ok
WaterConcept/YSwitch.cpp	0x498e50	452	_ZN12WaterConcept7YSwitch17_updatePlugSpriteEf	WaterConcept::YSwitch::_updatePlugSprite	ok
WaterConcept/YSwitch.cpp	0x499030	116	_ZN12WaterConcept7YSwitch15handleTouchDownERKN7Walaber7Vector2E	WaterConcept::YSwitch::handleTouchDown	ok
WaterConcept/YSwitch.cpp	0x4990a4	292	_ZN12WaterConcept7YSwitch18setYSwitchPositionEb	WaterConcept::YSwitch::setYSwitchPosition	ok
WaterConcept/YSwitch.cpp	0x4991f8	192	_ZN12WaterConcept7YSwitch12addParticlesERKNS_19ParticleDescriptionEiNS_11YSwitchPortEif	WaterConcept::YSwitch::addParticles	ok
WaterConcept/YSwitch.cpp	0x499464	116	_ZN12WaterConcept7YSwitch13_initFinishedEv	WaterConcept::YSwitch::_initFinished	ok
WidgetManager.cpp	0x49ca44	288	_ZN7Walaber13WidgetManagerC2ERKS0_	WidgetManager::WidgetManager	ok
Widget_ColorPicker.cpp	0x37b028	1656	_ZN7Walaber18Widget_ColorPickerC2EiNS_7Vector2ES1_	Widget_ColorPicker::Widget_ColorPicker	ok
Widget_Group.cpp	0x37c818	228	_ZN7Walaber12Widget_GroupC2EiNS_7Vector2ES1_	Widget_Group::Widget_Group	ok
Widget_Group.cpp	0x37c8fc	12	_ZN7Walaber12Widget_GroupD0Ev	Widget_Group::~Widget_Group	ok
Widget_Label.cpp	0x37f478	280	_ZN7Walaber12Widget_LabelC2EiRKNS_7Vector2ES3_NS_9SharedPtrINS_7TextureEEE	Widget_Label::Widget_Label	ok
Widget_Label.cpp	0x37f590	48	_ZN7Walaber12Widget_LabelC2EiRKNS_7Vector2ES3_NS_9SharedPtrINS_7TextureEEERKNSt6__ndk112basic_stringIcNS7_11char_traitsIcEENS7_9allocatorIcEEEESF_fNS0_6VAlignENS0_6HAlignE	Widget_Label::Widget_Label	ok
Widget_Manipulator.cpp	0x38077c	168	_ZN7Walaber18Widget_ManipulatorC2EiNS_7Vector2ES1_NS_9SharedPtrINS_7TextureEEEb	Widget_Manipulator::Widget_Manipulator	ok
Widget_MovingTextBox.cpp	0x380c50	200	_ZN7Walaber20Widget_MovingTextBoxC2EiRKNS_7Vector2ES3_NS_9SharedPtrINS_7TextureEEERKNSt6__ndk112basic_stringIcNS7_11char_traitsIcEENS7_9allocatorIcEEEENS0_17MovementDirectionEfffff	Widget_MovingTextBox::Widget_MovingTextBox	ok
Widget_MovingTextBox.cpp	0x380e94	44	_ZN7Walaber20Widget_MovingTextBoxD2Ev	Widget_MovingTextBox::~Widget_MovingTextBox	ok
Widget_MovingTextBox.cpp	0x380f6c	68	_ZN7Walaber20Widget_MovingTextBoxD0Ev	Widget_MovingTextBox::~Widget_MovingTextBox	ok
Widget_NumberSpinner.cpp	0x381a1c	36	_ZN7Walaber20Widget_NumberSpinnerC2EiNS_7Vector2ES1_	Widget_NumberSpinner::Widget_NumberSpinner	ok
Widget_NumberSpinner.cpp	0x381c80	116	_ZN7Walaber20Widget_NumberSpinnerD0Ev	Widget_NumberSpinner::~Widget_NumberSpinner	ok
Widget_ProgressBar.cpp	0x382a70	36	_ZN7Walaber18Widget_ProgressBarC2EiNS_7Vector2ES1_NS_9SharedPtrINS_7TextureEEES4_fNS0_8FillModeE	Widget_ProgressBar::Widget_ProgressBar	ok
Widget_ProgressBar.cpp	0x382b30	108	_ZN7Walaber18Widget_ProgressBarC2EiNS_7Vector2ES1_NS_9SharedPtrINS_7TextureEEES4_ffffNS0_8FillModeE	Widget_ProgressBar::Widget_ProgressBar	ok
Widget_ProgressBar.cpp	0x382f4c	36	_ZN7Walaber18Widget_ProgressBarD2Ev	Widget_ProgressBar::~Widget_ProgressBar	ok
Widget_ProgressBar.cpp	0x382f70	144	_ZN7Walaber18Widget_ProgressBarD0Ev	Widget_ProgressBar::~Widget_ProgressBar	ok
Widget_PushButton.cpp	0x3832b0	604	_ZN7Walaber17Widget_PushButtonC2EiNS_7Vector2ES1_	Widget_PushButton::Widget_PushButton	ok
Widget_PushButton.cpp	0x38350c	32	_ZN7Walaber17Widget_PushButtonC2EiNS_7Vector2ES1_NS_9SharedPtrINS_7TextureEEEb	Widget_PushButton::Widget_PushButton	ok
Widget_PushButton.cpp	0x383720	36	_ZN7Walaber17Widget_PushButtonC2EiNS_7Vector2ES1_NS_9SharedPtrINS_7TextureEEEbNSt6__ndk112basic_stringIcNS5_11char_traitsIcEENS5_9allocatorIcEEEERKSB_	Widget_PushButton::Widget_PushButton	ok
Widget_PushButton.cpp	0x383ab0	280	_ZN7Walaber17Widget_PushButtonC2EiNS_7Vector2ES1_NS_9SharedPtrINS_7TextureEEES4_bNSt6__ndk112basic_stringIcNS5_11char_traitsIcEENS5_9allocatorIcEEEERKSB_	Widget_PushButton::Widget_PushButton	ok
Widget_PushButton.cpp	0x383c40	328	_ZN7Walaber17Widget_PushButtonD2Ev	Widget_PushButton::~Widget_PushButton	ok
Widget_ScoreCounter.cpp	0x384938	40	_ZN7Walaber19Widget_ScoreCounterC2EiRKNS_7Vector2ES3_	Widget_ScoreCounter::Widget_ScoreCounter	ok
Widget_ScoreCounter.cpp	0x384c98	36	_ZN7Walaber19Widget_ScoreCounterC2EiRKNS_7Vector2ES3_NS_9SharedPtrINS_7TextureEEERKNSt6__ndk112basic_stringIcNS7_11char_traitsIcEENS7_9allocatorIcEEEENS0_17MovementDirectionEiffffff	Widget_ScoreCounter::Widget_ScoreCounter	ok
Widget_ScoreCounter.cpp	0x384f24	12	_ZN7Walaber19Widget_ScoreCounterD2Ev	Widget_ScoreCounter::~Widget_ScoreCounter	ok
Widget_ScrollableCamera.cpp	0x386058	304	_ZN7Walaber23Widget_ScrollableCameraC2EiNS_7Vector2ES1_PNS_6CameraE	Widget_ScrollableCamera::Widget_ScrollableCamera	ok
Widget_ScrollableCamera.cpp	0x386188	656	_ZN7Walaber23Widget_ScrollableCameraD2Ev	Widget_ScrollableCamera::~Widget_ScrollableCamera	ok
Widget_SlideWheel.cpp	0x38991c	1604	_ZN7Walaber17Widget_SlideWheelC2EiNS_7Vector2ES1_NS_9SharedPtrINS_7TextureEEE	Widget_SlideWheel::Widget_SlideWheel	ok
Widget_TimedButton.cpp	0x38a87c	372	_ZN7Walaber18Widget_TimedButtonC2EiNS_7Vector2ES1_	Widget_TimedButton::Widget_TimedButton	ok
Widget_TimedButton.cpp	0x38a9f0	1020	_ZN7Walaber18Widget_TimedButtonC2EiNS_7Vector2ES1_NS_9SharedPtrINS_7TextureEEES4_f	Widget_TimedButton::Widget_TimedButton	ok
Widget_Toggle.cpp	0x38afd0	132	_ZN7Walaber13Widget_ToggleC2EiNS_7Vector2ES1_	Widget_Toggle::Widget_Toggle	ok
Widget_Toggle.cpp	0x38c104	512	_ZN7Walaber13Widget_ToggleC2EiNS_7Vector2ES1_NS_9SharedPtrINS_7TextureEEES4_NSt6__ndk112basic_stringIcNS5_11char_traitsIcEENS5_9allocatorIcEEEESB_RKSB_	Widget_Toggle::Widget_Toggle	ok
World.cpp	0x444aa8	408	_ZN12WaterConcept5WorldC2Efi	World::World	ok
XMLDocument.cpp	0x3d6b50	104	_ZN7Walaber11XMLDocumentC2ERKNSt6__ndk112basic_stringIcNS1_11char_traitsIcEENS1_9allocatorIcEEEENS_9SharedPtrINS_8CallbackEEE	XMLDocument::XMLDocument	ok
XMLDocument.cpp	0x3d6fb4	100	_ZN7Walaber11XMLDocumentC2ERKNSt6__ndk112basic_stringIcNS1_11char_traitsIcEENS1_9allocatorIcEEEES9_NS_9SharedPtrINS_8CallbackEEE	XMLDocument::XMLDocument	ok
ZipArchiveCreator.cpp	0x3d769c	440	_ZN7Walaber17ZipArchiveCreatorD2Ev	ZipArchiveCreator::~ZipArchiveCreator	ok
ZipArchiveReader.cpp	0x3d7304	20	_ZN7Walaber16ZipArchiveReaderC2ERKNSt6__ndk112basic_stringIcNS1_11char_traitsIcEENS1_9allocatorIcEEEE	ZipArchiveReader::ZipArchiveReader	ok
_tmpl/__deque_base__xmlNode___std____ndk1__all_9b8324e4.cpp	0x347e60	68	_ZNSt6__ndk112__deque_baseIP8_xmlNodeNS_9allocatorIS2_EEED2Ev	__deque_base<_xmlNode*, std::__ndk1::allocator<std::__ndk1::allocator>>::~__deque_base	ok
_tmpl/__deque_base_int__std____ndk1__allocator_e1722956.cpp	0x47fd70	12	_ZNSt6__ndk112__deque_baseIiNS_9allocatorIiEEED2Ev	__deque_base<int, std::__ndk1::allocator<int>>::~__deque_base	ok
_tmpl/__split_buffer_Walaber__AnimationCueAnim_fbd3572.cpp	0x43415c	904	_ZNSt6__ndk114__split_bufferIN7Walaber26AnimationCueAnimationTrack17CueAnimationEventERNS_9allocatorIS3_EEEC2EmmS6_	__split_buffer<Walaber::AnimationCueAnimationTrack::CueAnimationEvent, std::__ndk1::allocator<Walaber::AnimationCueAnimationTrack>&>::__split_buffer	ok
_tmpl/__split_buffer_Walaber__Color__std____nd_c9f35698.cpp	0x46ca28	132	_ZNSt6__ndk114__split_bufferIN7Walaber5ColorERNS_9allocatorIS2_EEEC2EmmS5_	__split_buffer<Walaber::Color, std::__ndk1::allocator<Walaber>&>::__split_buffer	ok
_tmpl/__split_buffer_Walaber__CurveManager__Cu_ac200b8e.cpp	0x3e55d4	124	_ZNSt6__ndk114__split_bufferIN7Walaber12CurveManager15CurveCollectionERNS_9allocatorIS3_EEED2Ev	__split_buffer<Walaber::CurveManager::CurveCollection, std::__ndk1::allocator<Walaber::CurveManager>&>::~__split_buffer	ok
_tmpl/__split_buffer_Walaber__FluidParticle__s_6282376b.cpp	0x39031c	4	_ZNSt6__ndk114__split_bufferIN7Walaber13FluidParticleERNS_9allocatorIS2_EEEC2EmmS5_	__split_buffer<Walaber::FluidParticle, std::__ndk1::allocator<Walaber>&>::__split_buffer	ok
_tmpl/__split_buffer_Walaber__NodeAnimationTra_46f5be31.cpp	0x335a74	68	_ZNSt6__ndk114__split_bufferIPN7Walaber18NodeAnimationTrackERNS_9allocatorIS3_EEEC2EmmS6_	__split_buffer<Walaber::NodeAnimationTrack*, std::__ndk1::allocator<Walaber::NodeAnimationTrack>&>::__split_buffer	ok
_tmpl/__split_buffer_Walaber__NumericAnimation_77dc1de5.cpp	0x3358a0	68	_ZNSt6__ndk114__split_bufferIPN7Walaber21NumericAnimationTrackERNS_9allocatorIS3_EEEC2EmmS6_	__split_buffer<Walaber::NumericAnimationTrack*, std::__ndk1::allocator<Walaber::NumericAnimationTrack>&>::__split_buffer	ok
_tmpl/__split_buffer_Walaber__Particle__std____6fa1e4c3.cpp	0x394c08	148	_ZNSt6__ndk114__split_bufferIN7Walaber8ParticleERNS_9allocatorIS2_EEEC2EmmS5_	__split_buffer<Walaber::Particle, std::__ndk1::allocator<Walaber>&>::__split_buffer	ok
_tmpl/__split_buffer_Walaber__ParticleEmitter__20c3f72d.cpp	0x348360	68	_ZNSt6__ndk114__split_bufferIN7Walaber15ParticleEmitter11EmitterZoneERNS_9allocatorIS3_EEEC2EmmS6_	__split_buffer<Walaber::ParticleEmitter::EmitterZone, std::__ndk1::allocator<Walaber::ParticleEmitter>&>::__split_buffer	ok
_tmpl/__split_buffer_Walaber__PositionColorVer_a803bb70.cpp	0x4719c0	280	_ZNSt6__ndk114__split_bufferIN7Walaber17PositionColorVertERNS_9allocatorIS2_EEEC2EmmS5_	__split_buffer<Walaber::PositionColorVert, std::__ndk1::allocator<Walaber>&>::__split_buffer	ok
_tmpl/__split_buffer_Walaber__SoundManager__So_c320cd5e.cpp	0x356d10	92	_ZNSt6__ndk114__split_bufferIN7Walaber12SoundManager9SoundInfoERNS_9allocatorIS3_EEEC2EmmS6_	__split_buffer<Walaber::SoundManager::SoundInfo, std::__ndk1::allocator<Walaber::SoundManager>&>::__split_buffer	ok
_tmpl/__split_buffer_Walaber__SpriteAnimation__3a2d12da.cpp	0x35d08c	96	_ZNSt6__ndk114__split_bufferIN7Walaber15SpriteAnimation14AnimationFrameERNS_9allocatorIS3_EEEC2EmmS6_	__split_buffer<Walaber::SpriteAnimation::AnimationFrame, std::__ndk1::allocator<Walaber::SpriteAnimation>&>::__split_buffer	ok
_tmpl/__split_buffer_Walaber__SpriteAnimation__3a2d12da.cpp	0x35d184	196	_ZNSt6__ndk114__split_bufferIN7Walaber15SpriteAnimation14AnimationFrameERNS_9allocatorIS3_EEED2Ev	__split_buffer<Walaber::SpriteAnimation::AnimationFrame, std::__ndk1::allocator<Walaber::SpriteAnimation>&>::~__split_buffer	ok
_tmpl/__split_buffer_Walaber__SpriteAnimation__e4a35977.cpp	0x35d3ac	132	_ZNSt6__ndk114__split_bufferIN7Walaber15SpriteAnimation11FrameImportERNS_9allocatorIS3_EEEC2EmmS6_	__split_buffer<Walaber::SpriteAnimation::FrameImport, std::__ndk1::allocator<Walaber::SpriteAnimation>&>::__split_buffer	ok
_tmpl/__split_buffer_Walaber__SpriteAnimation__e4a35977.cpp	0x35d4e8	176	_ZNSt6__ndk114__split_bufferIN7Walaber15SpriteAnimation11FrameImportERNS_9allocatorIS3_EEED2Ev	__split_buffer<Walaber::SpriteAnimation::FrameImport, std::__ndk1::allocator<Walaber::SpriteAnimation>&>::~__split_buffer	ok
_tmpl/__split_buffer_Walaber__TextLineInfo__st_603fa81a.cpp	0x385f68	240	_ZNSt6__ndk114__split_bufferIN7Walaber12TextLineInfoERNS_9allocatorIS2_EEED2Ev	__split_buffer<Walaber::TextLineInfo, std::__ndk1::allocator<Walaber>&>::~__split_buffer	ok
_tmpl/__split_buffer_Walaber__TextureManager___2d05fbb0.cpp	0x3a01f8	240	_ZNSt6__ndk114__split_bufferIN7Walaber14TextureManager10SubTexInfoERNS_9allocatorIS3_EEEC2EmmS6_	__split_buffer<Walaber::TextureManager::SubTexInfo, std::__ndk1::allocator<Walaber::TextureManager>&>::__split_buffer	ok
_tmpl/__split_buffer_Walaber__Widget___std_____a167df51.cpp	0x5302e8	472	_ZNSt6__ndk114__split_bufferIPN7Walaber6WidgetERNS_9allocatorIS3_EEEC2EmmS6_	__split_buffer<Walaber::Widget*, std::__ndk1::allocator<Walaber::Widget>&>::__split_buffer	ok
_tmpl/__split_buffer_Walaber__Widget_IconList__41d727ea.cpp	0x37ef80	1272	_ZNSt6__ndk114__split_bufferIN7Walaber15Widget_IconList4IconERNS_9allocatorIS3_EEEC2EmmS6_	__split_buffer<Walaber::Widget_IconList::Icon, std::__ndk1::allocator<Walaber::Widget_IconList>&>::__split_buffer	ok
_tmpl/__split_buffer_WaterConcept__GameState___1dc7bd94.cpp	0x42eb64	184	_ZNSt6__ndk114__split_bufferIN12WaterConcept9GameState13SecondaryGoalERNS_9allocatorIS3_EEEC2EmmS6_	__split_buffer<WaterConcept::GameState::SecondaryGoal, std::__ndk1::allocator<WaterConcept::GameState>&>::__split_buffer	ok
_tmpl/__split_buffer_WaterConcept__IcyHot___st_be4f642f.cpp	0x46ef70	84	_ZNSt6__ndk114__split_bufferIPN12WaterConcept6IcyHotERNS_9allocatorIS3_EEEC2EmmS6_	__split_buffer<WaterConcept::IcyHot*, std::__ndk1::allocator<WaterConcept::IcyHot>&>::__split_buffer	ok
_tmpl/__split_buffer_WaterConcept__Interactive_e7b2d856.cpp	0x48a8d4	32	_ZNSt6__ndk114__split_bufferIN12WaterConcept17InteractiveObject10SpriteInfoERNS_9allocatorIS3_EEEC2EmmS6_	__split_buffer<WaterConcept::InteractiveObject::SpriteInfo, std::__ndk1::allocator<WaterConcept::InteractiveObject>&>::__split_buffer	ok
_tmpl/__split_buffer_WaterConcept__Interactive_1782895e.cpp	0x489e5c	32	_ZNSt6__ndk114__split_bufferIN12WaterConcept17InteractiveObject12TimerSettingERNS_9allocatorIS3_EEEC2EmmS6_	__split_buffer<WaterConcept::InteractiveObject::TimerSetting, std::__ndk1::allocator<WaterConcept::InteractiveObject>&>::__split_buffer	ok
_tmpl/__split_buffer_WaterConcept__Screen_Upse_74d8d0c6.cpp	0x56a400	448	_ZNSt6__ndk114__split_bufferIN12WaterConcept19Screen_UpsellWater214TransitionTypeERNS_9allocatorIS3_EEEC2EmmS6_	__split_buffer<WaterConcept::Screen_UpsellWater2::TransitionType, std::__ndk1::allocator<WaterConcept::Screen_UpsellWater2>&>::__split_buffer	ok
_tmpl/__split_buffer_WaterConcept__Screen_Wate_7697a0ef.cpp	0x58ab20	252	_ZNSt6__ndk114__split_bufferIN12WaterConcept16Screen_WaterTest11FingerStampERNS_9allocatorIS3_EEEC2EmmS6_	__split_buffer<WaterConcept::Screen_WaterTest::FingerStamp, std::__ndk1::allocator<WaterConcept::Screen_WaterTest>&>::__split_buffer	ok
_tmpl/__split_buffer_WaterConcept__Screen_Wate_a1dd01d7.cpp	0x58a848	176	_ZNSt6__ndk114__split_bufferIN12WaterConcept16Screen_WaterTest10StrokeInfoERNS_9allocatorIS3_EEEC2EmmS6_	__split_buffer<WaterConcept::Screen_WaterTest::StrokeInfo, std::__ndk1::allocator<WaterConcept::Screen_WaterTest>&>::__split_buffer	ok
_tmpl/__split_buffer_WaterConcept__Screen_Wate_a1dd01d7.cpp	0x58a970	344	_ZNSt6__ndk114__split_bufferIN12WaterConcept16Screen_WaterTest10StrokeInfoERNS_9allocatorIS3_EEED2Ev	__split_buffer<WaterConcept::Screen_WaterTest::StrokeInfo, std::__ndk1::allocator<WaterConcept::Screen_WaterTest>&>::~__split_buffer	ok
_tmpl/__split_buffer_WaterConcept__Spout___std_6cef13d1.cpp	0x46ec90	84	_ZNSt6__ndk114__split_bufferIPN12WaterConcept5SpoutERNS_9allocatorIS3_EEEC2EmmS6_	__split_buffer<WaterConcept::Spout*, std::__ndk1::allocator<WaterConcept::Spout>&>::__split_buffer	ok
_tmpl/__split_buffer_WaterConcept__Switch___st_d91daf23.cpp	0x46d67c	80	_ZNSt6__ndk114__split_bufferIPN12WaterConcept6SwitchERNS_9allocatorIS3_EEEC2EmmS6_	__split_buffer<WaterConcept::Switch*, std::__ndk1::allocator<WaterConcept::Switch>&>::__split_buffer	ok
_tmpl/__split_buffer_WaterConceptConstants__Fl_5ffa6877.cpp	0x42e6a0	84	_ZNSt6__ndk114__split_bufferIN21WaterConceptConstants9FluidTypeERNS_9allocatorIS2_EEEC2EmmS5_	__split_buffer<WaterConceptConstants::FluidType, std::__ndk1::allocator<WaterConceptConstants>&>::__split_buffer	ok
_tmpl/__split_buffer_WaterConceptConstants__Ma_ba47938c.cpp	0x46cf00	124	_ZNSt6__ndk114__split_bufferIN21WaterConceptConstants12MaterialTypeERNS_9allocatorIS2_EEEC2EmmS5_	__split_buffer<WaterConceptConstants::MaterialType, std::__ndk1::allocator<WaterConceptConstants>&>::__split_buffer	ok
_tmpl/__split_buffer_int___std____ndk1__alloca_de4e617c.cpp	0x480824	44	_ZNSt6__ndk114__split_bufferIPiRNS_9allocatorIS1_EEEC2EmmS4_	__split_buffer<int*, std::__ndk1::allocator<std::__ndk1::__split_buffer>&>::__split_buffer	ok
_tmpl/__split_buffer_ndk__MotionEvent__std_____2d474a77.cpp	0x2c66c8	68	_ZNSt6__ndk114__split_bufferIN3ndk11MotionEventERNS_9allocatorIS2_EEEC2EmmS5_	__split_buffer<ndk::MotionEvent, std::__ndk1::allocator<ndk>&>::__split_buffer	ok
_tmpl/__split_buffer_std____ndk1____wrap_iter__2cb067d3.cpp	0x46d4a4	64	_ZNSt6__ndk114__split_bufferINS_11__wrap_iterIPPN12WaterConcept17InteractiveObjectEEERNS_9allocatorIS6_EEEC2EmmS9_	__split_buffer<std::__ndk1::__wrap_iter<WaterConcept::InteractiveObject**>, std::__ndk1::allocator<std::__ndk1::allocator>&>::__split_buffer	ok
_tmpl/__split_buffer_std____ndk1__pair_WaterCo_9545a4a.cpp	0x47ea8c	260	_ZNSt6__ndk114__split_bufferINS_4pairIN21WaterConceptConstants9FluidTypeEfEERNS_9allocatorIS4_EEEC2EmmS7_	__split_buffer<std::__ndk1::pair<WaterConceptConstants::FluidType, float>, std::__ndk1::allocator<WaterConceptConstants::FluidType>&>::__split_buffer	ok
_tmpl/__split_buffer_std____ndk1__pair_float___57d3ca21.cpp	0x39392c	108	_ZNSt6__ndk114__split_bufferINS_4pairIffEERNS_9allocatorIS2_EEEC2EmmS5_	__split_buffer<std::__ndk1::pair<float, float>, std::__ndk1::allocator<std::__ndk1::pair>&>::__split_buffer	ok
_tmpl/__split_buffer_std____ndk1__pair_int__in_558d6f01.cpp	0x480064	168	_ZNSt6__ndk114__split_bufferINS_4pairIiiEERNS_9allocatorIS2_EEEC2EmmS5_	__split_buffer<std::__ndk1::pair<int, int>, std::__ndk1::allocator<std::__ndk1::pair>&>::__split_buffer	ok
_tmpl/__split_buffer_std____ndk1__pair_std_____6fb5e477.cpp	0x4d0dec	60	_ZNSt6__ndk114__split_bufferINS_4pairINS_12basic_stringIcNS_11char_traitsIcEENS_9allocatorIcEEEES7_EERNS5_IS8_EEEC2EmmSA_	__split_buffer<std::__ndk1::pair<std::__ndk1::basic_string<char, std::__ndk1::char_traits<char>, std::__ndk1::allocator<char>>, std::__ndk1::allocator<char>>, std::__ndk1::char_traits<char><std::__ndk1::basic_string<char, std::__ndk1::char_traits<char>, std::__ndk1::allocator<char>>>&>::__split_buffer	ok
_tmpl/__split_buffer_std____ndk1__set_WaterCon_625bf2ef.cpp	0x4cc784	412	_ZNSt6__ndk114__split_bufferINS_3setIPN12WaterConcept17InteractiveObjectENS_4lessIS4_EENS_9allocatorIS4_EEEERNS7_IS9_EEEC2EmmSB_	__split_buffer<std::__ndk1::set<WaterConcept::InteractiveObject*, std::__ndk1::less<WaterConcept::InteractiveObject>, std::__ndk1::allocator<WaterConcept::InteractiveObject>>, std::__ndk1::allocator<std::__ndk1::set<WaterConcept::InteractiveObject*, std::__ndk1::less<WaterConcept::InteractiveObject>, std::__ndk1::allocator<WaterConcept::InteractiveObject>>>&>::__split_buffer	ok
_tmpl/__split_buffer_std____ndk1__vector_Walab_69d689bd.cpp	0x48a52c	200	_ZNSt6__ndk114__split_bufferINS_6vectorIN7Walaber7Vector2ENS_9allocatorIS3_EEEERNS4_IS6_EEEC2EmmS8_	__split_buffer<std::__ndk1::vector<Walaber::Vector2, std::__ndk1::allocator<Walaber>>, Walaber::Vector2<std::__ndk1::allocator<Walaber>>&>::__split_buffer	ok
_tmpl/__split_buffer_std____ndk1__vector_std___c794a948.cpp	0x2c32e4	68	_ZNSt6__ndk114__split_bufferINS_6vectorINS_12basic_stringIcNS_11char_traitsIcEENS_9allocatorIcEEEENS5_IS7_EEEERNS5_IS9_EEEC2EmmSB_	__split_buffer<std::__ndk1::vector<std::__ndk1::basic_string<char, std::__ndk1::char_traits<char>, std::__ndk1::allocator<char>>, std::__ndk1::char_traits<char><std::__ndk1::allocator<char>>>, std::__ndk1::char_traits<char><std::__ndk1::char_traits<char><std::__ndk1::allocator<char>>>&>::__split_buffer	ok
_tmpl/__split_buffer_std____ndk1__vector_std___c794a948.cpp	0x2c33f0	68	_ZNSt6__ndk114__split_bufferINS_6vectorINS_12basic_stringIcNS_11char_traitsIcEENS_9allocatorIcEEEENS5_IS7_EEEERNS5_IS9_EEED2Ev	__split_buffer<std::__ndk1::vector<std::__ndk1::basic_string<char, std::__ndk1::char_traits<char>, std::__ndk1::allocator<char>>, std::__ndk1::char_traits<char><std::__ndk1::allocator<char>>>, std::__ndk1::char_traits<char><std::__ndk1::char_traits<char><std::__ndk1::allocator<char>>>&>::~__split_buffer	ok
_tmpl/__split_buffer_unsigned_int__std____ndk1_ce012611.cpp	0x3f35fc	276	_ZNSt6__ndk114__split_bufferIjRNS_9allocatorIjEEEC2EmmS3_	__split_buffer<unsigned int, std::__ndk1::allocator<unsigned int>&>::__split_buffer	ok
_tmpl/__time_get_storage_char__1bcf90ec.cpp	0x5c2044	1248	_ZNSt6__ndk118__time_get_storageIcEC2EPKc	__time_get_storage<char>::__time_get_storage	ok
_tmpl/__vector_base_Walaber__SharedPtr_std_____891a7098.cpp	0x3f408c	84	_ZNSt6__ndk113__vector_baseIN7Walaber9SharedPtrINS1_8CallbackEEENS_9allocatorIS4_EEED2Ev	__vector_base<Walaber::SharedPtr<std::__ndk1::__vector_base::Callback>, std::__ndk1::allocator<std::__ndk1::__vector_base::Callback>>::~__vector_base	ok
_tmpl/__vector_base_Walaber__SkeletonActor__An_778f973c.cpp	0x347fb4	68	_ZNSt6__ndk113__vector_baseIN7Walaber13SkeletonActor21AnimationGroupDataAuxENS_9allocatorIS3_EEED2Ev	__vector_base<Walaber::SkeletonActor::AnimationGroupDataAux, std::__ndk1::allocator<Walaber::SkeletonActor>>::~__vector_base	ok
_tmpl/__vector_base_Walaber__SoundManager__Sou_ce003870.cpp	0x35684c	228	_ZNSt6__ndk113__vector_baseIN7Walaber12SoundManager9SoundInfoENS_9allocatorIS3_EEED2Ev	__vector_base<Walaber::SoundManager::SoundInfo, std::__ndk1::allocator<Walaber::SoundManager>>::~__vector_base	ok
_tmpl/__vector_base_Walaber__Widget_IconList___eef53874.cpp	0x37ed6c	532	_ZNSt6__ndk113__vector_baseIN7Walaber15Widget_IconList4IconENS_9allocatorIS3_EEED2Ev	__vector_base<Walaber::Widget_IconList::Icon, std::__ndk1::allocator<Walaber::Widget_IconList>>::~__vector_base	ok
_tmpl/__vector_base_WaterConcept__InteractiveO_a6f9b688.cpp	0x489f84	52	_ZNSt6__ndk113__vector_baseIN12WaterConcept17InteractiveObject10SpriteInfoENS_9allocatorIS3_EEED2Ev	__vector_base<WaterConcept::InteractiveObject::SpriteInfo, std::__ndk1::allocator<WaterConcept::InteractiveObject>>::~__vector_base	ok
_tmpl/__vector_base_WaterConcept__Screen_Water_b9f29ae7.cpp	0x58a5dc	132	_ZNSt6__ndk113__vector_baseIN12WaterConcept16Screen_WaterTest10StrokeInfoENS_9allocatorIS3_EEED2Ev	__vector_base<WaterConcept::Screen_WaterTest::StrokeInfo, std::__ndk1::allocator<WaterConcept::Screen_WaterTest>>::~__vector_base	ok
_tmpl/__vector_base_std____ndk1__set_WaterConc_a89d70cf.cpp	0x4cbbf8	92	_ZNSt6__ndk113__vector_baseINS_3setIPN12WaterConcept17InteractiveObjectENS_4lessIS4_EENS_9allocatorIS4_EEEENS7_IS9_EEED2Ev	__vector_base<std::__ndk1::set<WaterConcept::InteractiveObject*, std::__ndk1::less<WaterConcept::InteractiveObject>, std::__ndk1::allocator<WaterConcept::InteractiveObject>>, std::__ndk1::allocator<std::__ndk1::set<WaterConcept::InteractiveObject*, std::__ndk1::less<WaterConcept::InteractiveObject>, std::__ndk1::allocator<WaterConcept::InteractiveObject>>>>::~__vector_base	ok
_tmpl/__vector_base_std____ndk1__vector_Walabe_9a2a9e31.cpp	0x489f48	36	_ZNSt6__ndk113__vector_baseINS_6vectorIN7Walaber7Vector2ENS_9allocatorIS3_EEEENS4_IS6_EEED2Ev	__vector_base<std::__ndk1::vector<Walaber::Vector2, std::__ndk1::allocator<Walaber>>, Walaber::Vector2<std::__ndk1::allocator<Walaber>>>::~__vector_base	ok
_tmpl/__vector_base_std____ndk1__vector_Walabe_377dbc6d.cpp	0x52fcc0	40	_ZNSt6__ndk113__vector_baseINS_6vectorIPN7Walaber6WidgetENS_9allocatorIS4_EEEENS5_IS7_EEED2Ev	__vector_base<std::__ndk1::vector<Walaber::Widget*, std::__ndk1::allocator<Walaber::Widget>>, std::__ndk1::allocator<std::__ndk1::vector<Walaber::Widget*, std::__ndk1::allocator<Walaber::Widget>>>>::~__vector_base	ok
_globals.cpp	0x2619e0	20	xmlPopInput	xmlPopInput	ok
_globals.cpp	0x261a40	16	xmlParserHandlePEReference	xmlParserHandlePEReference	ok
_globals.cpp	0x261da0	16	xmlPushInput	xmlPushInput	ok
_globals.cpp	0x261ee0	16	xmlParseCharRef	xmlParseCharRef	ok
_globals.cpp	0x2623b0	16	xmlParseName	xmlParseName	ok
_globals.cpp	0x262f50	16	xmlParseTextDecl	xmlParseTextDecl	ok
_globals.cpp	0x263210	16	xmlStringLenDecodeEntities	xmlStringLenDecodeEntities	ok
_globals.cpp	0x263c90	16	xmlParseStringEntityRef	xmlParseStringEntityRef	ok
_globals.cpp	0x264000	16	xmlStringDecodeEntities	xmlStringDecodeEntities	ok
_globals.cpp	0x264150	16	xmlParseStringPEReference	xmlParseStringPEReference	ok
_globals.cpp	0x264320	16	xmlSplitQName	xmlSplitQName	ok
_globals.cpp	0x264720	16	xmlParseNmtoken	xmlParseNmtoken	ok
_globals.cpp	0x264ce0	16	xmlParseEntityValue	xmlParseEntityValue	ok
_globals.cpp	0x2653c0	16	xmlParseAttValue	xmlParseAttValue	ok
_globals.cpp	0x266010	16	xmlParseSystemLiteral	xmlParseSystemLiteral	ok
_globals.cpp	0x2663f0	16	xmlParsePubidLiteral	xmlParsePubidLiteral	ok
_globals.cpp	0x266690	16	xmlParseCharData	xmlParseCharData	ok
_globals.cpp	0x266c10	16	xmlParseCharDataComplex	xmlParseCharDataComplex	ok
_globals.cpp	0x267060	16	xmlParseExternalID	xmlParseExternalID	ok
_globals.cpp	0x2673c0	16	xmlParseComment	xmlParseComment	ok
_globals.cpp	0x267e30	16	xmlParsePITarget	xmlParsePITarget	ok
_globals.cpp	0x268000	16	xmlParsePI	xmlParsePI	ok
_globals.cpp	0x2685b0	16	xmlParseNotationDecl	xmlParseNotationDecl	ok
_globals.cpp	0x2688d0	16	xmlParseEntityDecl	xmlParseEntityDecl	ok
_globals.cpp	0x2691a0	16	xmlParseDefaultDecl	xmlParseDefaultDecl	ok
_globals.cpp	0x269490	16	xmlParseNotationType	xmlParseNotationType	ok
_globals.cpp	0x269640	16	xmlParseEnumerationType	xmlParseEnumerationType	ok
_globals.cpp	0x2697f0	16	xmlParseEnumeratedType	xmlParseEnumeratedType	ok
_globals.cpp	0x269950	16	xmlParseAttributeType	xmlParseAttributeType	ok
_globals.cpp	0x269eb0	16	xmlParseAttributeListDecl	xmlParseAttributeListDecl	ok
_globals.cpp	0x26a6d0	16	xmlParseElementMixedContentDecl	xmlParseElementMixedContentDecl	ok
_globals.cpp	0x26aae0	16	xmlParseElementChildrenContentDecl	xmlParseElementChildrenContentDecl	ok
_globals.cpp	0x26b100	16	xmlParseElementContentDecl	xmlParseElementContentDecl	ok
_globals.cpp	0x26b230	16	xmlParseElementDecl	xmlParseElementDecl	ok
_globals.cpp	0x26b6c0	16	xmlParseMarkupDecl	xmlParseMarkupDecl	ok
_globals.cpp	0x26b820	16	xmlParsePEReference	xmlParsePEReference	ok
_globals.cpp	0x26c1c0	16	xmlParseVersionInfo	xmlParseVersionInfo	ok
_globals.cpp	0x26c370	16	xmlParseEncodingDecl	xmlParseEncodingDecl	ok
_globals.cpp	0x26c620	16	xmlParseExternalSubset	xmlParseExternalSubset	ok
_globals.cpp	0x26c9f0	16	xmlParseReference	xmlParseReference	ok
_globals.cpp	0x26d040	16	xmlParseEntityRef	xmlParseEntityRef	ok
_globals.cpp	0x26da90	16	xmlParseDocTypeDecl	xmlParseDocTypeDecl	ok
_globals.cpp	0x26dc20	16	xmlParseAttribute	xmlParseAttribute	ok
_globals.cpp	0x26ddc0	16	xmlParseStartTag	xmlParseStartTag	ok
_globals.cpp	0x26e300	16	xmlParseEndTag	xmlParseEndTag	ok
_globals.cpp	0x26e520	16	xmlParseCDSect	xmlParseCDSect	ok
_globals.cpp	0x26eab0	16	xmlParseContent	xmlParseContent	ok
_globals.cpp	0x26ece0	16	xmlParseElement	xmlParseElement	ok
_globals.cpp	0x270680	16	xmlParseVersionNum	xmlParseVersionNum	ok
_globals.cpp	0x2707f0	16	xmlParseEncName	xmlParseEncName	ok
_globals.cpp	0x2709e0	16	xmlParseSDDecl	xmlParseSDDecl	ok
_globals.cpp	0x270dd0	16	xmlParseXMLDecl	xmlParseXMLDecl	ok
_globals.cpp	0x271110	16	xmlParseMisc	xmlParseMisc	ok
_globals.cpp	0x2711b0	16	xmlParseDocument	xmlParseDocument	ok
_globals.cpp	0x271630	16	xmlInitParser	xmlInitParser	ok
_globals.cpp	0x271810	16	xmlParseExtParsedEnt	xmlParseExtParsedEnt	ok
_globals.cpp	0x271a80	16	xmlParseChunk	xmlParseChunk	ok
_globals.cpp	0x273220	16	xmlCreatePushParserCtxt	xmlCreatePushParserCtxt	ok
_globals.cpp	0x273490	16	xmlStopParser	xmlStopParser	ok
_globals.cpp	0x2734b0	16	xmlCreateIOParserCtxt	xmlCreateIOParserCtxt	ok
_globals.cpp	0x2735f0	16	xmlParseCtxtExternalEntity	xmlParseCtxtExternalEntity	ok
_globals.cpp	0x273aa0	16	xmlParseExternalEntity	xmlParseExternalEntity	ok
_globals.cpp	0x273ac0	16	xmlParseBalancedChunkMemoryRecover	xmlParseBalancedChunkMemoryRecover	ok
_globals.cpp	0x273e00	16	xmlParseInNodeContext	xmlParseInNodeContext	ok
_globals.cpp	0x274140	16	xmlCreateMemoryParserCtxt	xmlCreateMemoryParserCtxt	ok
_globals.cpp	0x2746b0	68	xmlSAXParseEntity	xmlSAXParseEntity	ok
_globals.cpp	0x274738	64	xmlParseEntity	xmlParseEntity	ok
_globals.cpp	0x274778	64	xmlCreateEntityParserCtxt	xmlCreateEntityParserCtxt	ok
_globals.cpp	0x274884	68	xmlCreateURLParserCtxt	xmlCreateURLParserCtxt	ok
_globals.cpp	0x27490c	68	xmlSAXParseFileWithData	xmlSAXParseFileWithData	ok
_globals.cpp	0x274a1c	10552	xmlSAXParseDoc	xmlSAXParseDoc	ok
_globals.cpp	0x2777a0	44	xmlErrMemory	xmlErrMemory	ok
_globals.cpp	0x277810	120	__xmlErrEncoding	__xmlErrEncoding	ok
_globals.cpp	0x278640	160	xmlCopyCharMultiByte	xmlCopyCharMultiByte	ok
_globals.cpp	0x2786e0	68	xmlCopyChar	xmlCopyChar	ok
_globals.cpp	0x278724	124	xmlSwitchEncoding	xmlSwitchEncoding	ok
_globals.cpp	0x278a38	176	xmlSwitchInputEncoding	xmlSwitchInputEncoding	ok
_globals.cpp	0x279314	140	xmlInitParserCtxt	xmlInitParserCtxt	ok
_globals.cpp	0x279518	68	xmlFreeParserCtxt	xmlFreeParserCtxt	ok
_globals.cpp	0x2797f8	68	xmlNewParserCtxt	xmlNewParserCtxt	ok
_globals.cpp	0x279880	68	xmlClearParserCtxt	xmlClearParserCtxt	ok
_globals.cpp	0x2798c4	68	xmlClearNodeInfoSeq	xmlClearNodeInfoSeq	ok
_globals.cpp	0x279908	68	xmlParserFindNodeInfo	xmlParserFindNodeInfo	ok
_globals.cpp	0x27994c	68	xmlParserFindNodeInfoIndex	xmlParserFindNodeInfoIndex	ok
_globals.cpp	0x2799d4	68	xmlParserAddNodeInfo	xmlParserAddNodeInfo	ok
_globals.cpp	0x27c48c	68	xmlSAX2ProcessingInstruction	xmlSAX2ProcessingInstruction	ok
_globals.cpp	0x27c510	64	xmlSAX2Comment	xmlSAX2Comment	ok
_globals.cpp	0x27c594	68	xmlSAX2CDataBlock	xmlSAX2CDataBlock	ok
_globals.cpp	0x27c61c	68	xmlSAXDefaultVersion	xmlSAXDefaultVersion	ok
_globals.cpp	0x27c660	68	xmlSAXVersion	xmlSAXVersion	ok
_globals.cpp	0x27c7f4	64	xmlSAX2InitDefaultSAXHandler	xmlSAX2InitDefaultSAXHandler	ok
_globals.cpp	0x27c834	64	xmlSAX2InitHtmlDefaultSAXHandler	xmlSAX2InitHtmlDefaultSAXHandler	ok
_globals.cpp	0x27c8fc	68	htmlDefaultSAXHandlerInit	htmlDefaultSAXHandlerInit	ok
_globals.cpp	0x27c984	68	xmlNewMutex	xmlNewMutex	ok
_globals.cpp	0x27c9c8	68	xmlGetGlobalState	xmlGetGlobalState	ok
_globals.cpp	0x27ca0c	68	xmlBuildQName	xmlBuildQName	ok
_globals.cpp	0x27cb28	12300	xmlSplitQName2	xmlSplitQName2	ok
_globals.cpp	0x27fd34	68	xmlNodeListGetString	xmlNodeListGetString	ok
_globals.cpp	0x27fe88	68	xmlNodeListGetRawString	xmlNodeListGetRawString	ok
_globals.cpp	0x280018	64	xmlNewProp	xmlNewProp	ok
_globals.cpp	0x280278	68	xmlNewNsPropEatName	xmlNewNsPropEatName	ok
_globals.cpp	0x2802bc	11180	xmlNewDocProp	xmlNewDocProp	ok
_globals.cpp	0x282fa4	68	xmlNodeSetSpacePreserve	xmlNodeSetSpacePreserve	ok
_globals.cpp	0x283028	64	xmlNodeGetSpacePreserve	xmlNodeGetSpacePreserve	ok
_globals.cpp	0x2830f0	68	xmlNodeSetName	xmlNodeSetName	ok
_globals.cpp	0x2831bc	68	xmlNodeSetBase	xmlNodeSetBase	ok
_globals.cpp	0x2832c8	68	xmlNodeGetBase	xmlNodeGetBase	ok
_globals.cpp	0x283524	68	xmlGetProp	xmlGetProp	ok
_globals.cpp	0x283568	68	xmlNodeBufGetContent	xmlNodeBufGetContent	ok
_globals.cpp	0x28644c	68	xmlDOMWrapCloneNode	xmlDOMWrapCloneNode	ok
_globals.cpp	0x289260	68	xmlURIUnescapeString	xmlURIUnescapeString	ok
_globals.cpp	0x289368	68	xmlURIEscapeStr	xmlURIEscapeStr	ok
_globals.cpp	0x289584	68	xmlURIEscape	xmlURIEscape	ok
_globals.cpp	0x28c320	68	xmlDumpElementTable	xmlDumpElementTable	ok
_globals.cpp	0x28c364	64	xmlCreateEnumeration	xmlCreateEnumeration	ok
_globals.cpp	0x28c3a4	64	xmlFreeEnumeration	xmlFreeEnumeration	ok
_globals.cpp	0x28c428	68	xmlCopyEnumeration	xmlCopyEnumeration	ok
_globals.cpp	0x28c46c	68	xmlAddAttributeDecl	xmlAddAttributeDecl	ok
_globals.cpp	0x28f3e0	68	xmlOutputBufferCreateFilenameDefault	xmlOutputBufferCreateFilenameDefault	ok
_globals.cpp	0x28f424	64	xmlParserInputBufferPush	xmlParserInputBufferPush	ok
_globals.cpp	0x28f52c	68	xmlParserInputBufferGrow	xmlParserInputBufferGrow	ok
_globals.cpp	0x28f6c0	68	xmlParserInputBufferRead	xmlParserInputBufferRead	ok
_globals.cpp	0x28f704	68	xmlOutputBufferWrite	xmlOutputBufferWrite	ok
_globals.cpp	0x28f8d8	68	xmlOutputBufferWriteEscape	xmlOutputBufferWriteEscape	ok
_globals.cpp	0x2925ec	68	xmlNewTextReaderFilename	xmlNewTextReaderFilename	ok
_globals.cpp	0x2926b8	68	xmlFreeTextReader	xmlFreeTextReader	ok
_globals.cpp	0x292910	68	xmlTextReaderClose	xmlTextReaderClose	ok
_globals.cpp	0x292998	68	xmlTextReaderGetAttributeNo	xmlTextReaderGetAttributeNo	ok
_globals.cpp	0x292a64	68	xmlTextReaderGetAttribute	xmlTextReaderGetAttribute	ok
_globals.cpp	0x295560	68	xmlNsListDumpOutput	xmlNsListDumpOutput	ok
_globals.cpp	0x295624	68	xmlSaveToFd	xmlSaveToFd	ok
_globals.cpp	0x2957bc	64	xmlSaveToFilename	xmlSaveToFilename	ok
_globals.cpp	0x295840	68	xmlSaveToBuffer	xmlSaveToBuffer	ok
_globals.cpp	0x2958c8	64	xmlSaveToIO	xmlSaveToIO	ok
_globals.cpp	0x295948	68	xmlSaveDoc	xmlSaveDoc	ok
_globals.cpp	0x298728	68	xmlStrndup	xmlStrndup	ok
_globals.cpp	0x2987b0	68	xmlCharStrndup	xmlCharStrndup	ok
_globals.cpp	0x298838	68	xmlStrcmp	xmlStrcmp	ok
_globals.cpp	0x29887c	64	xmlStrEqual	xmlStrEqual	ok
_globals.cpp	0x298900	68	xmlStrQEqual	xmlStrQEqual	ok
_globals.cpp	0x298988	64	xmlStrncmp	xmlStrncmp	ok
_globals.cpp	0x2989c8	64	xmlStrcasecmp	xmlStrcasecmp	ok
_globals.cpp	0x298a08	68	xmlStrncasecmp	xmlStrncasecmp	ok
_globals.cpp	0x298a90	68	xmlStrchr	xmlStrchr	ok
_globals.cpp	0x298ad4	68	xmlStrstr	xmlStrstr	ok
_globals.cpp	0x298b5c	68	xmlStrlen	xmlStrlen	ok
_globals.cpp	0x298ba0	68	xmlStrcasestr	xmlStrcasestr	ok
_globals.cpp	0x298c28	68	xmlStrsub	xmlStrsub	ok
_globals.cpp	0x298c6c	10552	xmlStrncat	xmlStrncat	ok
_globals.cpp	0x29b6e0	68	xmlTextWriterWriteVFormatRaw	xmlTextWriterWriteVFormatRaw	ok
_globals.cpp	0x29b764	64	xmlTextWriterWriteRaw	xmlTextWriterWriteRaw	ok
_globals.cpp	0x29b7a4	68	xmlTextWriterWriteRawLen	xmlTextWriterWriteRawLen	ok
_globals.cpp	0x29b97c	68	xmlTextWriterWriteFormatString	xmlTextWriterWriteFormatString	ok
_globals.cpp	0x29ba48	64	xmlTextWriterWriteVFormatString	xmlTextWriterWriteVFormatString	ok
_globals.cpp	0x29bac8	68	xmlTextWriterWriteBase64	xmlTextWriterWriteBase64	ok
_globals.cpp	0x29bce8	68	xmlTextWriterWriteBinHex	xmlTextWriterWriteBinHex	ok
_globals.cpp	0x29e7a0	68	xmlXPathFreeCompExpr	xmlXPathFreeCompExpr	ok
_globals.cpp	0x29e8a8	68	xmlXPathFreeObject	xmlXPathFreeObject	ok
_globals.cpp	0x29e974	68	xmlXPathContextSetCache	xmlXPathContextSetCache	ok
_globals.cpp	0x29eac4	68	valuePop	valuePop	ok
_globals.cpp	0x29eb08	64	valuePush	valuePush	ok
_globals.cpp	0x29eb88	68	xmlXPathPopBoolean	xmlXPathPopBoolean	ok
_globals.cpp	0x29ec10	68	xmlXPathCastToBoolean	xmlXPathCastToBoolean	ok
_globals.cpp	0x2a1860	68	xmlXPathWrapCString	xmlXPathWrapCString	ok
_globals.cpp	0x2a18e4	64	xmlXPathWrapExternal	xmlXPathWrapExternal	ok
_globals.cpp	0x2a1968	68	xmlXPathObjectCopy	xmlXPathObjectCopy	ok
_globals.cpp	0x2a1afc	68	xmlXPathCastNumberToString	xmlXPathCastNumberToString	ok
_globals.cpp	0x2a1d9c	68	xmlXPathCastNodeSetToString	xmlXPathCastNodeSetToString	ok
_globals.cpp	0x2a1e24	68	xmlXPathConvertString	xmlXPathConvertString	ok
_globals.cpp	0x2a4920	68	xmlXPathNextAncestor	xmlXPathNextAncestor	ok
_globals.cpp	0x2a4ab0	68	xmlXPathNextFollowingSibling	xmlXPathNextFollowingSibling	ok
_globals.cpp	0x2a4af4	68	xmlXPathNextPrecedingSibling	xmlXPathNextPrecedingSibling	ok
_globals.cpp	0x2a4b7c	64	xmlXPathNextFollowing	xmlXPathNextFollowing	ok
_globals.cpp	0x2a4bbc	68	xmlXPathNextPreceding	xmlXPathNextPreceding	ok
_globals.cpp	0x2a4c44	68	xmlXPathNextNamespace	xmlXPathNextNamespace	ok
_globals.cpp	0x2a4d4c	68	xmlXPathNextAttribute	xmlXPathNextAttribute	ok
_globals.cpp	0x2a4d90	68	xmlXPathRoot	xmlXPathRoot	ok
_globals.cpp	0x2a4ea0	68	xmlXPathLastFunction	xmlXPathLastFunction	ok
_globals.cpp	0x2a7bb4	68	xmlXPathParseName	xmlXPathParseName	ok
_globals.cpp	0x2a7c7c	68	xmlXPathIsNodeType	xmlXPathIsNodeType	ok
_globals.cpp	0x2a7d04	68	xmlXPathEvalPredicate	xmlXPathEvalPredicate	ok
_globals.cpp	0x2a7dc8	68	xmlXPathEvaluatePredicateResult	xmlXPathEvaluatePredicateResult	ok
_globals.cpp	0x2a7e94	68	xmlXPathCtxtCompile	xmlXPathCtxtCompile	ok
_globals.cpp	0x2b0d14	64	xmlXPtrStartPointFunction	xmlXPtrStartPointFunction	ok
_globals.cpp	0x2b0eec	64	xmlXPtrEndPointFunction	xmlXPtrEndPointFunction	ok
_globals.cpp	0x2b1100	68	xmlXPtrHereFunction	xmlXPtrHereFunction	ok
_globals.cpp	0x2b1144	68	xmlXPtrOriginFunction	xmlXPtrOriginFunction	ok
_globals.cpp	0x2b11cc	68	xmlXPtrEval	xmlXPtrEval	ok
_globals.cpp	0x2c3690	68	_Z11printGLInfoPKcj	printGLInfo	ok
_globals.cpp	0x2c36d4	68	_Z10pumpEventsv	pumpEvents	ok
_globals.cpp	0x2cc414	68	sqlite3_vfs_find	sqlite3_vfs_find	ok
_globals.cpp	0x2cc4e0	68	sqlite3_initialize	sqlite3_initialize	ok
_globals.cpp	0x2d24d0	68	sqlite3_reset	sqlite3_reset	ok
_globals.cpp	0x2d261c	68	sqlite3_clear_bindings	sqlite3_clear_bindings	ok
_globals.cpp	0x2d272c	64	sqlite3_value_blob	sqlite3_value_blob	ok
_globals.cpp	0x2d2838	64	sqlite3_value_bytes	sqlite3_value_bytes	ok
_globals.cpp	0x2d2878	64	sqlite3_value_double	sqlite3_value_double	ok
_globals.cpp	0x2d28fc	68	sqlite3_value_int	sqlite3_value_int	ok
_globals.cpp	0x2d29c8	68	sqlite3_value_int64	sqlite3_value_int64	ok
_globals.cpp	0x2d2a94	68	sqlite3_value_type	sqlite3_value_type	ok
_globals.cpp	0x2d2ad8	68	sqlite3_result_blob	sqlite3_result_blob	ok
_globals.cpp	0x2d2b1c	10552	sqlite3_result_double	sqlite3_result_double	ok
_globals.cpp	0x2d88fc	68	sqlite3_config	sqlite3_config	ok
_globals.cpp	0x2d8e38	68	sqlite3_db_config	sqlite3_db_config	ok
_globals.cpp	0x2db9bc	68	sqlite3_test_control	sqlite3_test_control	ok
_globals.cpp	0x335644	64	_ZN7Walaber9SharedPtrINS_15SpriteAnimationEEaSERKS2_	_ZN7Walaber9SharedPtrINS_15SpriteAnimationEEaSERKS2_	ok
_globals.cpp	0x338680	68	_ZNSt6__ndk16__treeINS_12__value_typeINS_12basic_stringIcNS_11char_traitsIcEENS_9allocatorIcEEEEPN7Walaber9AnimationEEENS_19__map_value_compareIS7_SB_NS_4lessIS7_EELb1EEENS5_ISB_EEE12__find_equalIS7_EERPNS_16__tree_node_baseIPvEENS_21__tree_const_iteratorISB_PNS_11__tree_nodeISB_SK_EElEERPNS_15__tree_end_nodeISM_EESN_RKT_	_ZNSt6__ndk16__treeINS_12__value_typeINS_12basic_stringIcNS_11char_traitsIcEENS_9allocatorIcEEEEPN7Walaber9AnimationEEENS_19__map_value_compareIS7_SB_NS_4lessIS7_EELb1EEENS5_ISB_EEE12__find_equalIS7_EERPNS_16__tree_node_baseIPvEENS_21__tree_const_iteratorISB_PNS_11__tree_nodeISB_SK_EElEERPNS_15__tree_end_nodeISM_EESN_RKT_	ok
_globals.cpp	0x33891c	68	_ZNSt6__ndk16__treeINS_12__value_typeINS_12basic_stringIcNS_11char_traitsIcEENS_9allocatorIcEEEEPN7Walaber9AnimationEEENS_19__map_value_compareIS7_SB_NS_4lessIS7_EELb1EEENS5_ISB_EEE16__construct_nodeIJRKNS_4pairIKS7_SA_EEEEENS_10unique_ptrINS_11__tree_nodeISB_PvEENS_22__tree_node_destructorINS5_ISR_EEEEEEDpOT_	_ZNSt6__ndk16__treeINS_12__value_typeINS_12basic_stringIcNS_11char_traitsIcEENS_9allocatorIcEEEEPN7Walaber9AnimationEEENS_19__map_value_compareIS7_SB_NS_4lessIS7_EELb1EEENS5_ISB_EEE16__construct_nodeIJRKNS_4pairIKS7_SA_EEEEENS_10unique_ptrINS_11__tree_nodeISB_PvEENS_22__tree_node_destructorINS5_ISR_EEEEEEDpOT_	ok
_globals.cpp	0x3389a4	68	_ZNSt6__ndk16__treeINS_12__value_typeINS_12basic_stringIcNS_11char_traitsIcEENS_9allocatorIcEEEEPN7Walaber9AnimationEEENS_19__map_value_compareIS7_SB_NS_4lessIS7_EELb1EEENS5_ISB_EEE16__insert_node_atEPNS_15__tree_end_nodeIPNS_16__tree_node_baseIPvEEEERSM_SM_	_ZNSt6__ndk16__treeINS_12__value_typeINS_12basic_stringIcNS_11char_traitsIcEENS_9allocatorIcEEEEPN7Walaber9AnimationEEENS_19__map_value_compareIS7_SB_NS_4lessIS7_EELb1EEENS5_ISB_EEE16__insert_node_atEPNS_15__tree_end_nodeIPNS_16__tree_node_baseIPvEEEERSM_SM_	ok
_globals.cpp	0x3389e8	64	_ZNSt6__ndk16__treeINS_12__value_typeINS_12basic_stringIcNS_11char_traitsIcEENS_9allocatorIcEEEEPN7Walaber9AnimationEEENS_19__map_value_compareIS7_SB_NS_4lessIS7_EELb1EEENS5_ISB_EEE12__find_equalIS7_EERPNS_16__tree_node_baseIPvEERPNS_15__tree_end_nodeISM_EERKT_	_ZNSt6__ndk16__treeINS_12__value_typeINS_12basic_stringIcNS_11char_traitsIcEENS_9allocatorIcEEEEPN7Walaber9AnimationEEENS_19__map_value_compareIS7_SB_NS_4lessIS7_EELb1EEENS5_ISB_EEE12__find_equalIS7_EERPNS_16__tree_node_baseIPvEERPNS_15__tree_end_nodeISM_EERKT_	ok
_globals.cpp	0x338b34	68	_ZNSt6__ndk16__treeINS_12__value_typeINS_12basic_stringIcNS_11char_traitsIcEENS_9allocatorIcEEEEPN7Walaber9AnimationEEENS_19__map_value_compareIS7_SB_NS_4lessIS7_EELb1EEENS5_ISB_EEE14__assign_multiINS_21__tree_const_iteratorISB_PNS_11__tree_nodeISB_PvEElEEEEvT_SP_	_ZNSt6__ndk16__treeINS_12__value_typeINS_12basic_stringIcNS_11char_traitsIcEENS_9allocatorIcEEEEPN7Walaber9AnimationEEENS_19__map_value_compareIS7_SB_NS_4lessIS7_EELb1EEENS5_ISB_EEE14__assign_multiINS_21__tree_const_iteratorISB_PNS_11__tree_nodeISB_PvEElEEEEvT_SP_	ok
_globals.cpp	0x33e800	68	_ZNSt6__ndk16__treeINS_12__value_typeINS_12basic_stringIcNS_11char_traitsIcEENS_9allocatorIcEEEEPN7Walaber4BoneEEENS_19__map_value_compareIS7_SB_NS_4lessIS7_EELb1EEENS5_ISB_EEE14__assign_multiINS_21__tree_const_iteratorISB_PNS_11__tree_nodeISB_PvEElEEEEvT_SP_	_ZNSt6__ndk16__treeINS_12__value_typeINS_12basic_stringIcNS_11char_traitsIcEENS_9allocatorIcEEEEPN7Walaber4BoneEEENS_19__map_value_compareIS7_SB_NS_4lessIS7_EELb1EEENS5_ISB_EEE14__assign_multiINS_21__tree_const_iteratorISB_PNS_11__tree_nodeISB_PvEElEEEEvT_SP_	ok
_globals.cpp	0x33e844	64	_ZNSt6__ndk16__treeINS_12__value_typeINS_12basic_stringIcNS_11char_traitsIcEENS_9allocatorIcEEEEPN7Walaber4BoneEEENS_19__map_value_compareIS7_SB_NS_4lessIS7_EELb1EEENS5_ISB_EEE8__detachEPNS_11__tree_nodeISB_PvEE	_ZNSt6__ndk16__treeINS_12__value_typeINS_12basic_stringIcNS_11char_traitsIcEENS_9allocatorIcEEEEPN7Walaber4BoneEEENS_19__map_value_compareIS7_SB_NS_4lessIS7_EELb1EEENS5_ISB_EEE8__detachEPNS_11__tree_nodeISB_PvEE	ok
_globals.cpp	0x33e884	64	_ZNSt6__ndk16__treeINS_12__value_typeINS_12basic_stringIcNS_11char_traitsIcEENS_9allocatorIcEEEEPN7Walaber4BoneEEENS_19__map_value_compareIS7_SB_NS_4lessIS7_EELb1EEENS5_ISB_EEE16__find_leaf_highERPNS_15__tree_end_nodeIPNS_16__tree_node_baseIPvEEEERKS7_	_ZNSt6__ndk16__treeINS_12__value_typeINS_12basic_stringIcNS_11char_traitsIcEENS_9allocatorIcEEEEPN7Walaber4BoneEEENS_19__map_value_compareIS7_SB_NS_4lessIS7_EELb1EEENS5_ISB_EEE16__find_leaf_highERPNS_15__tree_end_nodeIPNS_16__tree_node_baseIPvEEEERKS7_	ok
_globals.cpp	0x33e94c	68	_ZNSt6__ndk16__treeINS_12__value_typeINS_12basic_stringIcNS_11char_traitsIcEENS_9allocatorIcEEEEPN7Walaber4BoneEEENS_19__map_value_compareIS7_SB_NS_4lessIS7_EELb1EEENS5_ISB_EEE15__emplace_multiIJRKNS_4pairIKS7_SA_EEEEENS_15__tree_iteratorISB_PNS_11__tree_nodeISB_PvEElEEDpOT_	_ZNSt6__ndk16__treeINS_12__value_typeINS_12basic_stringIcNS_11char_traitsIcEENS_9allocatorIcEEEEPN7Walaber4BoneEEENS_19__map_value_compareIS7_SB_NS_4lessIS7_EELb1EEENS5_ISB_EEE15__emplace_multiIJRKNS_4pairIKS7_SA_EEEEENS_15__tree_iteratorISB_PNS_11__tree_nodeISB_PvEElEEDpOT_	ok
_globals.cpp	0x33ea18	68	_ZNSt6__ndk16__treeINS_12__value_typeINS_12basic_stringIcNS_11char_traitsIcEENS_9allocatorIcEEEEPN7Walaber6SpriteEEENS_19__map_value_compareIS7_SB_NS_4lessIS7_EELb1EEENS5_ISB_EEE14__assign_multiINS_21__tree_const_iteratorISB_PNS_11__tree_nodeISB_PvEElEEEEvT_SP_	_ZNSt6__ndk16__treeINS_12__value_typeINS_12basic_stringIcNS_11char_traitsIcEENS_9allocatorIcEEEEPN7Walaber6SpriteEEENS_19__map_value_compareIS7_SB_NS_4lessIS7_EELb1EEENS5_ISB_EEE14__assign_multiINS_21__tree_const_iteratorISB_PNS_11__tree_nodeISB_PvEElEEEEvT_SP_	ok
_globals.cpp	0x33ec2c	68	_ZNSt6__ndk16__treeINS_12__value_typeINS_12basic_stringIcNS_11char_traitsIcEENS_9allocatorIcEEEEPN7Walaber6SpriteEEENS_19__map_value_compareIS7_SB_NS_4lessIS7_EELb1EEENS5_ISB_EEE8__detachEPNS_11__tree_nodeISB_PvEE	_ZNSt6__ndk16__treeINS_12__value_typeINS_12basic_stringIcNS_11char_traitsIcEENS_9allocatorIcEEEEPN7Walaber6SpriteEEENS_19__map_value_compareIS7_SB_NS_4lessIS7_EELb1EEENS5_ISB_EEE8__detachEPNS_11__tree_nodeISB_PvEE	ok
_globals.cpp	0x33ec70	68	_ZNSt6__ndk16__treeINS_12__value_typeINS_12basic_stringIcNS_11char_traitsIcEENS_9allocatorIcEEEEPN7Walaber6SpriteEEENS_19__map_value_compareIS7_SB_NS_4lessIS7_EELb1EEENS5_ISB_EEE16__find_leaf_highERPNS_15__tree_end_nodeIPNS_16__tree_node_baseIPvEEEERKS7_	_ZNSt6__ndk16__treeINS_12__value_typeINS_12basic_stringIcNS_11char_traitsIcEENS_9allocatorIcEEEEPN7Walaber6SpriteEEENS_19__map_value_compareIS7_SB_NS_4lessIS7_EELb1EEENS5_ISB_EEE16__find_leaf_highERPNS_15__tree_end_nodeIPNS_16__tree_node_baseIPvEEEERKS7_	ok
_globals.cpp	0x33ed3c	68	_ZNSt6__ndk16__treeINS_12__value_typeINS_12basic_stringIcNS_11char_traitsIcEENS_9allocatorIcEEEEPN7Walaber6SpriteEEENS_19__map_value_compareIS7_SB_NS_4lessIS7_EELb1EEENS5_ISB_EEE15__emplace_multiIJRKNS_4pairIKS7_SA_EEEEENS_15__tree_iteratorISB_PNS_11__tree_nodeISB_PvEElEEDpOT_	_ZNSt6__ndk16__treeINS_12__value_typeINS_12basic_stringIcNS_11char_traitsIcEENS_9allocatorIcEEEEPN7Walaber6SpriteEEENS_19__map_value_compareIS7_SB_NS_4lessIS7_EELb1EEENS5_ISB_EEE15__emplace_multiIJRKNS_4pairIKS7_SA_EEEEENS_15__tree_iteratorISB_PNS_11__tree_nodeISB_PvEElEEDpOT_	ok
_globals.cpp	0x33ee08	68	_ZNSt6__ndk16__treeINS_12__value_typeINS_12basic_stringIcNS_11char_traitsIcEENS_9allocatorIcEEEEPN7Walaber6SpriteEEENS_19__map_value_compareIS7_SB_NS_4lessIS7_EELb1EEENS5_ISB_EEE4findIS7_EENS_15__tree_iteratorISB_PNS_11__tree_nodeISB_PvEElEERKT_	_ZNSt6__ndk16__treeINS_12__value_typeINS_12basic_stringIcNS_11char_traitsIcEENS_9allocatorIcEEEEPN7Walaber6SpriteEEENS_19__map_value_compareIS7_SB_NS_4lessIS7_EELb1EEENS5_ISB_EEE4findIS7_EENS_15__tree_iteratorISB_PNS_11__tree_nodeISB_PvEElEERKT_	ok
_globals.cpp	0x347d9c	68	_ZNSt6__ndk114__split_bufferIPP8_xmlNodeRNS_9allocatorIS3_EEE10push_frontERKS3_	_ZNSt6__ndk114__split_bufferIPP8_xmlNodeRNS_9allocatorIS3_EEE10push_frontERKS3_	ok
_globals.cpp	0x3518cc	8	_ZN7Walaber9SharedPtrINS_13SoundResourceEEaSERKS2_	_ZN7Walaber9SharedPtrINS_13SoundResourceEEaSERKS2_	ok
_globals.cpp	0x356210	16	_ZNSt6__ndk16__treeINS_12__value_typeINS_12basic_stringIcNS_11char_traitsIcEENS_9allocatorIcEEEEN7Walaber8PropertyEEENS_19__map_value_compareIS7_SA_NS_4lessIS7_EELb1EEENS5_ISA_EEE12__find_equalIS7_EERPNS_16__tree_node_baseIPvEENS_21__tree_const_iteratorISA_PNS_11__tree_nodeISA_SJ_EElEERPNS_15__tree_end_nodeISL_EESM_RKT_	_ZNSt6__ndk16__treeINS_12__value_typeINS_12basic_stringIcNS_11char_traitsIcEENS_9allocatorIcEEEEN7Walaber8PropertyEEENS_19__map_value_compareIS7_SA_NS_4lessIS7_EELb1EEENS5_ISA_EEE12__find_equalIS7_EERPNS_16__tree_node_baseIPvEENS_21__tree_const_iteratorISA_PNS_11__tree_nodeISA_SJ_EElEERPNS_15__tree_end_nodeISL_EESM_RKT_	ok
_globals.cpp	0x356540	12	_ZNSt6__ndk16__treeINS_12__value_typeINS_12basic_stringIcNS_11char_traitsIcEENS_9allocatorIcEEEEN7Walaber8PropertyEEENS_19__map_value_compareIS7_SA_NS_4lessIS7_EELb1EEENS5_ISA_EEE12__find_equalIS7_EERPNS_16__tree_node_baseIPvEERPNS_15__tree_end_nodeISL_EERKT_	_ZNSt6__ndk16__treeINS_12__value_typeINS_12basic_stringIcNS_11char_traitsIcEENS_9allocatorIcEEEEN7Walaber8PropertyEEENS_19__map_value_compareIS7_SA_NS_4lessIS7_EELb1EEENS5_ISA_EEE12__find_equalIS7_EERPNS_16__tree_node_baseIPvEERPNS_15__tree_end_nodeISL_EERKT_	ok
_globals.cpp	0x356930	20	_ZNSt6__ndk16__treeIjNS_4lessIjEENS_9allocatorIjEEE25__emplace_unique_key_argsIjJjEEENS_4pairINS_15__tree_iteratorIjPNS_11__tree_nodeIjPvEElEEbEERKT_DpOT0_	_ZNSt6__ndk16__treeIjNS_4lessIjEENS_9allocatorIjEEE25__emplace_unique_key_argsIjJjEEENS_4pairINS_15__tree_iteratorIjPNS_11__tree_nodeIjPvEElEEbEERKT_DpOT0_	ok
_globals.cpp	0x356aec	12	_ZNSt6__ndk16__treeINS_12__value_typeIN7Walaber8LanguageENS_12basic_stringIcNS_11char_traitsIcEENS_9allocatorIcEEEEEENS_19__map_value_compareIS3_SA_NS_4lessIS3_EELb1EEENS7_ISA_EEE16__insert_node_atEPNS_15__tree_end_nodeIPNS_16__tree_node_baseIPvEEEERSL_SL_	_ZNSt6__ndk16__treeINS_12__value_typeIN7Walaber8LanguageENS_12basic_stringIcNS_11char_traitsIcEENS_9allocatorIcEEEEEENS_19__map_value_compareIS3_SA_NS_4lessIS3_EELb1EEENS7_ISA_EEE16__insert_node_atEPNS_15__tree_end_nodeIPNS_16__tree_node_baseIPvEEEERSL_SL_	ok
_globals.cpp	0x357a1c	200	_ZNSt6__ndk16__treeINS_12__value_typeINS_12basic_stringIcNS_11char_traitsIcEENS_9allocatorIcEEEEN7Walaber12SoundManager20GotSoundCallbackDataEEENS_19__map_value_compareIS7_SB_NS_4lessIS7_EELb1EEENS5_ISB_EEE16__find_leaf_highERPNS_15__tree_end_nodeIPNS_16__tree_node_baseIPvEEEERKS7_	_ZNSt6__ndk16__treeINS_12__value_typeINS_12basic_stringIcNS_11char_traitsIcEENS_9allocatorIcEEEEN7Walaber12SoundManager20GotSoundCallbackDataEEENS_19__map_value_compareIS7_SB_NS_4lessIS7_EELb1EEENS5_ISB_EEE16__find_leaf_highERPNS_15__tree_end_nodeIPNS_16__tree_node_baseIPvEEEERKS7_	ok
_globals.cpp	0x357ae4	620	_ZNSt6__ndk16__treeINS_12__value_typeINS_12basic_stringIcNS_11char_traitsIcEENS_9allocatorIcEEEEN7Walaber12SoundManager20GotSoundCallbackDataEEENS_19__map_value_compareIS7_SB_NS_4lessIS7_EELb1EEENS5_ISB_EEE19__equal_range_multiIS7_EENS_4pairINS_15__tree_iteratorISB_PNS_11__tree_nodeISB_PvEElEESP_EERKT_	_ZNSt6__ndk16__treeINS_12__value_typeINS_12basic_stringIcNS_11char_traitsIcEENS_9allocatorIcEEEEN7Walaber12SoundManager20GotSoundCallbackDataEEENS_19__map_value_compareIS7_SB_NS_4lessIS7_EELb1EEENS5_ISB_EEE19__equal_range_multiIS7_EENS_4pairINS_15__tree_iteratorISB_PNS_11__tree_nodeISB_PvEElEESP_EERKT_	ok
_globals.cpp	0x357d50	208	_ZNSt6__ndk16__treeINS_12__value_typeINS_12basic_stringIcNS_11char_traitsIcEENS_9allocatorIcEEEEN7Walaber12SoundManager20GotSoundCallbackDataEEENS_19__map_value_compareIS7_SB_NS_4lessIS7_EELb1EEENS5_ISB_EEE5eraseENS_21__tree_const_iteratorISB_PNS_11__tree_nodeISB_PvEElEE	_ZNSt6__ndk16__treeINS_12__value_typeINS_12basic_stringIcNS_11char_traitsIcEENS_9allocatorIcEEEEN7Walaber12SoundManager20GotSoundCallbackDataEEENS_19__map_value_compareIS7_SB_NS_4lessIS7_EELb1EEENS5_ISB_EEE5eraseENS_21__tree_const_iteratorISB_PNS_11__tree_nodeISB_PvEElEE	ok
_globals.cpp	0x35d960	920	_ZNSt6__ndk16__treeINS_12__value_typeINS_12basic_stringIcNS_11char_traitsIcEENS_9allocatorIcEEEEN7Walaber9SharedPtrINS8_15SpriteAnimationEEEEENS_19__map_value_compareIS7_SC_NS_4lessIS7_EELb1EEENS5_ISC_EEE12__find_equalIS7_EERPNS_16__tree_node_baseIPvEERPNS_15__tree_end_nodeISN_EERKT_	_ZNSt6__ndk16__treeINS_12__value_typeINS_12basic_stringIcNS_11char_traitsIcEENS_9allocatorIcEEEEN7Walaber9SharedPtrINS8_15SpriteAnimationEEEEENS_19__map_value_compareIS7_SC_NS_4lessIS7_EELb1EEENS5_ISC_EEE12__find_equalIS7_EERPNS_16__tree_node_baseIPvEERPNS_15__tree_end_nodeISN_EERKT_	ok
_globals.cpp	0x363210	2680	_ZNSt6__ndk16__treeINS_12__value_typeIiNS_6vectorIPN7Walaber11SpriteBatch10DrawActionENS_9allocatorIS6_EEEEEENS_19__map_value_compareIiSA_NS_4lessIiEELb1EEENS7_ISA_EEE7destroyEPNS_11__tree_nodeISA_PvEE	_ZNSt6__ndk16__treeINS_12__value_typeIiNS_6vectorIPN7Walaber11SpriteBatch10DrawActionENS_9allocatorIS6_EEEEEENS_19__map_value_compareIiSA_NS_4lessIiEELb1EEENS7_ISA_EEE7destroyEPNS_11__tree_nodeISA_PvEE	ok
_globals.cpp	0x363f14	224	_ZNSt6__ndk16__treeINS_12__value_typeIiNS_6vectorIPN7Walaber11SpriteBatch10DrawActionENS_9allocatorIS6_EEEEEENS_19__map_value_compareIiSA_NS_4lessIiEELb1EEENS7_ISA_EEE30__emplace_hint_unique_key_argsIiJRKNS_4pairIKiS9_EEEEENS_15__tree_iteratorISA_PNS_11__tree_nodeISA_PvEElEENS_21__tree_const_iteratorISA_SR_lEERKT_DpOT0_	_ZNSt6__ndk16__treeINS_12__value_typeIiNS_6vectorIPN7Walaber11SpriteBatch10DrawActionENS_9allocatorIS6_EEEEEENS_19__map_value_compareIiSA_NS_4lessIiEELb1EEENS7_ISA_EEE30__emplace_hint_unique_key_argsIiJRKNS_4pairIKiS9_EEEEENS_15__tree_iteratorISA_PNS_11__tree_nodeISA_PvEElEENS_21__tree_const_iteratorISA_SR_lEERKT_DpOT0_	ok
_globals.cpp	0x363ff4	132	_ZNSt6__ndk16__treeINS_12__value_typeIiNS_6vectorIPN7Walaber11SpriteBatch10DrawActionENS_9allocatorIS6_EEEEEENS_19__map_value_compareIiSA_NS_4lessIiEELb1EEENS7_ISA_EEE12__find_equalIiEERPNS_16__tree_node_baseIPvEENS_21__tree_const_iteratorISA_PNS_11__tree_nodeISA_SJ_EElEERPNS_15__tree_end_nodeISL_EESM_RKT_	_ZNSt6__ndk16__treeINS_12__value_typeIiNS_6vectorIPN7Walaber11SpriteBatch10DrawActionENS_9allocatorIS6_EEEEEENS_19__map_value_compareIiSA_NS_4lessIiEELb1EEENS7_ISA_EEE12__find_equalIiEERPNS_16__tree_node_baseIPvEENS_21__tree_const_iteratorISA_PNS_11__tree_nodeISA_SJ_EElEERPNS_15__tree_end_nodeISL_EESM_RKT_	ok
_globals.cpp	0x364320	1020	_ZNSt6__ndk16__treeINS_12__value_typeIiNS_6vectorIPN7Walaber11SpriteBatch10DrawActionENS_9allocatorIS6_EEEEEENS_19__map_value_compareIiSA_NS_4lessIiEELb1EEENS7_ISA_EEE14__assign_multiINS_21__tree_const_iteratorISA_PNS_11__tree_nodeISA_PvEElEEEEvT_SO_	_ZNSt6__ndk16__treeINS_12__value_typeIiNS_6vectorIPN7Walaber11SpriteBatch10DrawActionENS_9allocatorIS6_EEEEEENS_19__map_value_compareIiSA_NS_4lessIiEELb1EEENS7_ISA_EEE14__assign_multiINS_21__tree_const_iteratorISA_PNS_11__tree_nodeISA_PvEElEEEEvT_SO_	ok
_globals.cpp	0x366c04	1108	_ZNSt6__ndk1plIcNS_11char_traitsIcEENS_9allocatorIcEEEENS_12basic_stringIT_T0_T1_EERKS9_SB_	_ZNSt6__ndk1plIcNS_11char_traitsIcEENS_9allocatorIcEEEENS_12basic_stringIT_T0_T1_EERKS9_SB_	ok
_globals.cpp	0x36a668	92	_ZNSt6__ndk16__treeINS_12__value_typeINS_12basic_stringIcNS_11char_traitsIcEENS_9allocatorIcEEEEPN7Walaber10BitmapFontEEENS_19__map_value_compareIS7_SB_NS_4lessIS7_EELb1EEENS5_ISB_EEE16__construct_nodeIJRKNS_21piecewise_construct_tENS_5tupleIJRKS7_EEENSM_IJEEEEEENS_10unique_ptrINS_11__tree_nodeISB_PvEENS_22__tree_node_destructorINS5_ISU_EEEEEEDpOT_	_ZNSt6__ndk16__treeINS_12__value_typeINS_12basic_stringIcNS_11char_traitsIcEENS_9allocatorIcEEEEPN7Walaber10BitmapFontEEENS_19__map_value_compareIS7_SB_NS_4lessIS7_EELb1EEENS5_ISB_EEE16__construct_nodeIJRKNS_21piecewise_construct_tENS_5tupleIJRKS7_EEENSM_IJEEEEEENS_10unique_ptrINS_11__tree_nodeISB_PvEENS_22__tree_node_destructorINS5_ISU_EEEEEEDpOT_	ok
_globals.cpp	0x36a6c4	1048	_ZNSt6__ndk16__treeINS_12__value_typeINS_12basic_stringIcNS_11char_traitsIcEENS_9allocatorIcEEEEPN7Walaber10BitmapFontEEENS_19__map_value_compareIS7_SB_NS_4lessIS7_EELb1EEENS5_ISB_EEE16__insert_node_atEPNS_15__tree_end_nodeIPNS_16__tree_node_baseIPvEEEERSM_SM_	_ZNSt6__ndk16__treeINS_12__value_typeINS_12basic_stringIcNS_11char_traitsIcEENS_9allocatorIcEEEEPN7Walaber10BitmapFontEEENS_19__map_value_compareIS7_SB_NS_4lessIS7_EELb1EEENS5_ISB_EEE16__insert_node_atEPNS_15__tree_end_nodeIPNS_16__tree_node_baseIPvEEEERSM_SM_	ok
_globals.cpp	0x36da8c	392	_ZNSt6__ndk16__treeINS_12__value_typeINS_12basic_stringIcNS_11char_traitsIcEENS_9allocatorIcEEEEN7Walaber10WidgetTypeEEENS_19__map_value_compareIS7_SA_NS_4lessIS7_EELb1EEENS5_ISA_EEE12__find_equalIS7_EERPNS_16__tree_node_baseIPvEERPNS_15__tree_end_nodeISL_EERKT_	_ZNSt6__ndk16__treeINS_12__value_typeINS_12basic_stringIcNS_11char_traitsIcEENS_9allocatorIcEEEEN7Walaber10WidgetTypeEEENS_19__map_value_compareIS7_SA_NS_4lessIS7_EELb1EEENS5_ISA_EEE12__find_equalIS7_EERPNS_16__tree_node_baseIPvEERPNS_15__tree_end_nodeISL_EERKT_	ok
_globals.cpp	0x36dc14	428	_ZNSt6__ndk16__treeINS_12__value_typeINS_12basic_stringIcNS_11char_traitsIcEENS_9allocatorIcEEEEN7Walaber10WidgetTypeEEENS_19__map_value_compareIS7_SA_NS_4lessIS7_EELb1EEENS5_ISA_EEE30__emplace_hint_unique_key_argsIS7_JRKNS_4pairIKS7_S9_EEEEENS_15__tree_iteratorISA_PNS_11__tree_nodeISA_PvEElEENS_21__tree_const_iteratorISA_SR_lEERKT_DpOT0_	_ZNSt6__ndk16__treeINS_12__value_typeINS_12basic_stringIcNS_11char_traitsIcEENS_9allocatorIcEEEEN7Walaber10WidgetTypeEEENS_19__map_value_compareIS7_SA_NS_4lessIS7_EELb1EEENS5_ISA_EEE30__emplace_hint_unique_key_argsIS7_JRKNS_4pairIKS7_S9_EEEEENS_15__tree_iteratorISA_PNS_11__tree_nodeISA_PvEElEENS_21__tree_const_iteratorISA_SR_lEERKT_DpOT0_	ok
_globals.cpp	0x36ddc0	1112	_ZNSt6__ndk16__treeINS_12__value_typeINS_12basic_stringIcNS_11char_traitsIcEENS_9allocatorIcEEEEN7Walaber10WidgetTypeEEENS_19__map_value_compareIS7_SA_NS_4lessIS7_EELb1EEENS5_ISA_EEE12__find_equalIS7_EERPNS_16__tree_node_baseIPvEENS_21__tree_const_iteratorISA_PNS_11__tree_nodeISA_SJ_EElEERPNS_15__tree_end_nodeISL_EESM_RKT_	_ZNSt6__ndk16__treeINS_12__value_typeINS_12basic_stringIcNS_11char_traitsIcEENS_9allocatorIcEEEEN7Walaber10WidgetTypeEEENS_19__map_value_compareIS7_SA_NS_4lessIS7_EELb1EEENS5_ISA_EEE12__find_equalIS7_EERPNS_16__tree_node_baseIPvEENS_21__tree_const_iteratorISA_PNS_11__tree_nodeISA_SJ_EElEERPNS_15__tree_end_nodeISL_EESM_RKT_	ok
_globals.cpp	0x370200	224	_ZN7Walaber17Widget_PushButtonaSERKS0_	_ZN7Walaber17Widget_PushButtonaSERKS0_	ok
_globals.cpp	0x370678	368	_ZN7Walaber15Widget_IconListaSERKS0_	_ZN7Walaber15Widget_IconListaSERKS0_	ok
_globals.cpp	0x3707e8	496	_ZN7Walaber13Widget_ToggleaSERKS0_	_ZN7Walaber13Widget_ToggleaSERKS0_	ok
_globals.cpp	0x3709d8	1012	_ZN7Walaber12Widget_LabelaSERKS0_	_ZN7Walaber12Widget_LabelaSERKS0_	ok
_globals.cpp	0x370dcc	828	_ZN7Walaber22Widget_ScrollableGroupaSERKS0_	_ZN7Walaber22Widget_ScrollableGroupaSERKS0_	ok
_globals.cpp	0x371108	168	_ZN7Walaber19Widget_ScoreCounteraSERKS0_	_ZN7Walaber19Widget_ScoreCounteraSERKS0_	ok
_globals.cpp	0x3711b0	1152	_ZN7Walaber23Widget_ScrollableCameraaSERKS0_	_ZN7Walaber23Widget_ScrollableCameraaSERKS0_	ok
_globals.cpp	0x3785cc	248	_ZNSt6__ndk16__treeINS_12__value_typeINS_12basic_stringIcNS_11char_traitsIcEENS_9allocatorIcEEEEPN7Walaber6WidgetEEENS_19__map_value_compareIS7_SB_NS_4lessIS7_EELb1EEENS5_ISB_EEE7destroyEPNS_11__tree_nodeISB_PvEE	_ZNSt6__ndk16__treeINS_12__value_typeINS_12basic_stringIcNS_11char_traitsIcEENS_9allocatorIcEEEEPN7Walaber6WidgetEEENS_19__map_value_compareIS7_SB_NS_4lessIS7_EELb1EEENS5_ISB_EEE7destroyEPNS_11__tree_nodeISB_PvEE	ok
_globals.cpp	0x3798d0	96	_ZNSt6__ndk16__treeIN7Walaber12Widget_Group10WidgetInfoENS_4lessIS3_EENS_9allocatorIS3_EEE15__emplace_multiIJRKS3_EEENS_15__tree_iteratorIS3_PNS_11__tree_nodeIS3_PvEElEEDpOT_	_ZNSt6__ndk16__treeIN7Walaber12Widget_Group10WidgetInfoENS_4lessIS3_EENS_9allocatorIS3_EEE15__emplace_multiIJRKS3_EEENS_15__tree_iteratorIS3_PNS_11__tree_nodeIS3_PvEElEEDpOT_	ok
_globals.cpp	0x379f28	120	_ZNSt6__ndk16__treeINS_12__value_typeINS_12basic_stringIcNS_11char_traitsIcEENS_9allocatorIcEEEEN7Walaber12WidgetHelper21LoadPassThroughParamsEEENS_19__map_value_compareIS7_SB_NS_4lessIS7_EELb1EEENS5_ISB_EEE4findIS7_EENS_15__tree_iteratorISB_PNS_11__tree_nodeISB_PvEElEERKT_	_ZNSt6__ndk16__treeINS_12__value_typeINS_12basic_stringIcNS_11char_traitsIcEENS_9allocatorIcEEEEN7Walaber12WidgetHelper21LoadPassThroughParamsEEENS_19__map_value_compareIS7_SB_NS_4lessIS7_EELb1EEENS5_ISB_EEE4findIS7_EENS_15__tree_iteratorISB_PNS_11__tree_nodeISB_PvEElEERKT_	ok
_globals.cpp	0x379fa0	404	_ZNSt6__ndk16__treeINS_12__value_typeINS_12basic_stringIcNS_11char_traitsIcEENS_9allocatorIcEEEEN7Walaber12WidgetHelper21LoadPassThroughParamsEEENS_19__map_value_compareIS7_SB_NS_4lessIS7_EELb1EEENS5_ISB_EEE13__lower_boundIS7_EENS_15__tree_iteratorISB_PNS_11__tree_nodeISB_PvEElEERKT_SN_PNS_15__tree_end_nodeIPNS_16__tree_node_baseISL_EEEE	_ZNSt6__ndk16__treeINS_12__value_typeINS_12basic_stringIcNS_11char_traitsIcEENS_9allocatorIcEEEEN7Walaber12WidgetHelper21LoadPassThroughParamsEEENS_19__map_value_compareIS7_SB_NS_4lessIS7_EELb1EEENS5_ISB_EEE13__lower_boundIS7_EENS_15__tree_iteratorISB_PNS_11__tree_nodeISB_PvEElEERKT_SN_PNS_15__tree_end_nodeIPNS_16__tree_node_baseISL_EEEE	ok
_globals.cpp	0x37a134	220	_ZNSt6__ndk16__treeINS_12__value_typeINS_12basic_stringIcNS_11char_traitsIcEENS_9allocatorIcEEEEN7Walaber12WidgetHelper21LoadPassThroughParamsEEENS_19__map_value_compareIS7_SB_NS_4lessIS7_EELb1EEENS5_ISB_EEE12__find_equalIS7_EERPNS_16__tree_node_baseIPvEERPNS_15__tree_end_nodeISM_EERKT_	_ZNSt6__ndk16__treeINS_12__value_typeINS_12basic_stringIcNS_11char_traitsIcEENS_9allocatorIcEEEEN7Walaber12WidgetHelper21LoadPassThroughParamsEEENS_19__map_value_compareIS7_SB_NS_4lessIS7_EELb1EEENS5_ISB_EEE12__find_equalIS7_EERPNS_16__tree_node_baseIPvEERPNS_15__tree_end_nodeISM_EERKT_	ok
_globals.cpp	0x37a210	16	_ZNSt6__ndk16__treeINS_12__value_typeINS_12basic_stringIcNS_11char_traitsIcEENS_9allocatorIcEEEEN7Walaber12WidgetHelper21LoadPassThroughParamsEEENS_19__map_value_compareIS7_SB_NS_4lessIS7_EELb1EEENS5_ISB_EEE16__construct_nodeIJRKNS_21piecewise_construct_tENS_5tupleIJRKS7_EEENSM_IJEEEEEENS_10unique_ptrINS_11__tree_nodeISB_PvEENS_22__tree_node_destructorINS5_ISU_EEEEEEDpOT_	_ZNSt6__ndk16__treeINS_12__value_typeINS_12basic_stringIcNS_11char_traitsIcEENS_9allocatorIcEEEEN7Walaber12WidgetHelper21LoadPassThroughParamsEEENS_19__map_value_compareIS7_SB_NS_4lessIS7_EELb1EEENS5_ISB_EEE16__construct_nodeIJRKNS_21piecewise_construct_tENS_5tupleIJRKS7_EEENSM_IJEEEEEENS_10unique_ptrINS_11__tree_nodeISB_PvEENS_22__tree_node_destructorINS5_ISU_EEEEEEDpOT_	ok
_globals.cpp	0x37a398	392	_ZNSt6__ndk16__treeINS_12__value_typeINS_12basic_stringIcNS_11char_traitsIcEENS_9allocatorIcEEEEPN7Walaber6WidgetEEENS_19__map_value_compareIS7_SB_NS_4lessIS7_EELb1EEENS5_ISB_EEE13__lower_boundIS7_EENS_15__tree_iteratorISB_PNS_11__tree_nodeISB_PvEElEERKT_SN_PNS_15__tree_end_nodeIPNS_16__tree_node_baseISL_EEEE	_ZNSt6__ndk16__treeINS_12__value_typeINS_12basic_stringIcNS_11char_traitsIcEENS_9allocatorIcEEEEPN7Walaber6WidgetEEENS_19__map_value_compareIS7_SB_NS_4lessIS7_EELb1EEENS5_ISB_EEE13__lower_boundIS7_EENS_15__tree_iteratorISB_PNS_11__tree_nodeISB_PvEElEERKT_SN_PNS_15__tree_end_nodeIPNS_16__tree_node_baseISL_EEEE	ok
_globals.cpp	0x37a520	236	_ZNSt6__ndk16__treeINS_12__value_typeINS_12basic_stringIcNS_11char_traitsIcEENS_9allocatorIcEEEEPN7Walaber6WidgetEEENS_19__map_value_compareIS7_SB_NS_4lessIS7_EELb1EEENS5_ISB_EEE12__find_equalIS7_EERPNS_16__tree_node_baseIPvEERPNS_15__tree_end_nodeISM_EERKT_	_ZNSt6__ndk16__treeINS_12__value_typeINS_12basic_stringIcNS_11char_traitsIcEENS_9allocatorIcEEEEPN7Walaber6WidgetEEENS_19__map_value_compareIS7_SB_NS_4lessIS7_EELb1EEENS5_ISB_EEE12__find_equalIS7_EERPNS_16__tree_node_baseIPvEERPNS_15__tree_end_nodeISM_EERKT_	ok
_globals.cpp	0x37a60c	92	_ZNSt6__ndk16__treeINS_12__value_typeINS_12basic_stringIcNS_11char_traitsIcEENS_9allocatorIcEEEEPN7Walaber6WidgetEEENS_19__map_value_compareIS7_SB_NS_4lessIS7_EELb1EEENS5_ISB_EEE16__construct_nodeIJRKNS_21piecewise_construct_tENS_5tupleIJRKS7_EEENSM_IJEEEEEENS_10unique_ptrINS_11__tree_nodeISB_PvEENS_22__tree_node_destructorINS5_ISU_EEEEEEDpOT_	_ZNSt6__ndk16__treeINS_12__value_typeINS_12basic_stringIcNS_11char_traitsIcEENS_9allocatorIcEEEEPN7Walaber6WidgetEEENS_19__map_value_compareIS7_SB_NS_4lessIS7_EELb1EEENS5_ISB_EEE16__construct_nodeIJRKNS_21piecewise_construct_tENS_5tupleIJRKS7_EEENSM_IJEEEEEENS_10unique_ptrINS_11__tree_nodeISB_PvEENS_22__tree_node_destructorINS5_ISU_EEEEEEDpOT_	ok
_globals.cpp	0x37a668	116	_ZNSt6__ndk16__treeINS_12__value_typeINS_12basic_stringIcNS_11char_traitsIcEENS_9allocatorIcEEEEPN7Walaber6WidgetEEENS_19__map_value_compareIS7_SB_NS_4lessIS7_EELb1EEENS5_ISB_EEE16__insert_node_atEPNS_15__tree_end_nodeIPNS_16__tree_node_baseIPvEEEERSM_SM_	_ZNSt6__ndk16__treeINS_12__value_typeINS_12basic_stringIcNS_11char_traitsIcEENS_9allocatorIcEEEEPN7Walaber6WidgetEEENS_19__map_value_compareIS7_SB_NS_4lessIS7_EELb1EEENS5_ISB_EEE16__insert_node_atEPNS_15__tree_end_nodeIPNS_16__tree_node_baseIPvEEEERSM_SM_	ok
_globals.cpp	0x37a6dc	304	_ZNSt6__ndk16__treeINS_12__value_typeINS_12basic_stringIcNS_11char_traitsIcEENS_9allocatorIcEEEEN7Walaber12WidgetHelper21LoadPassThroughParamsEEENS_19__map_value_compareIS7_SB_NS_4lessIS7_EELb1EEENS5_ISB_EEE5eraseENS_21__tree_const_iteratorISB_PNS_11__tree_nodeISB_PvEElEE	_ZNSt6__ndk16__treeINS_12__value_typeINS_12basic_stringIcNS_11char_traitsIcEENS_9allocatorIcEEEEN7Walaber12WidgetHelper21LoadPassThroughParamsEEENS_19__map_value_compareIS7_SB_NS_4lessIS7_EELb1EEENS5_ISB_EEE5eraseENS_21__tree_const_iteratorISB_PNS_11__tree_nodeISB_PvEElEE	ok
_globals.cpp	0x399330	80	_ZN7Walaber9SharedPtrINSt6__ndk16vectorINS_5ColorENS1_9allocatorIS3_EEEEEaSERKS7_	_ZN7Walaber9SharedPtrINSt6__ndk16vectorINS_5ColorENS1_9allocatorIS3_EEEEEaSERKS7_	ok
_globals.cpp	0x39e12c	556	_ZN7Walaber9SharedPtrINS_9Texture2DEEaSERKS2_	_ZN7Walaber9SharedPtrINS_9Texture2DEEaSERKS2_	ok
_globals.cpp	0x39fb54	140	_ZNSt6__ndk16__treeINS_12__value_typeINS_12basic_stringIcNS_11char_traitsIcEENS_9allocatorIcEEEENS_6vectorIN7Walaber14TextureManager10SubTexInfoENS5_ISB_EEEEEENS_19__map_value_compareIS7_SE_NS_4lessIS7_EELb1EEENS5_ISE_EEE7destroyEPNS_11__tree_nodeISE_PvEE	_ZNSt6__ndk16__treeINS_12__value_typeINS_12basic_stringIcNS_11char_traitsIcEENS_9allocatorIcEEEENS_6vectorIN7Walaber14TextureManager10SubTexInfoENS5_ISB_EEEEEENS_19__map_value_compareIS7_SE_NS_4lessIS7_EELb1EEENS5_ISE_EEE7destroyEPNS_11__tree_nodeISE_PvEE	ok
_globals.cpp	0x39fbe0	240	_ZNSt6__ndk16__treeINS_12__value_typeINS_12basic_stringIcNS_11char_traitsIcEENS_9allocatorIcEEEEN7Walaber9SharedPtrINS8_7TextureEEEEENS_19__map_value_compareIS7_SC_NS_4lessIS7_EELb1EEENS5_ISC_EEE7destroyEPNS_11__tree_nodeISC_PvEE	_ZNSt6__ndk16__treeINS_12__value_typeINS_12basic_stringIcNS_11char_traitsIcEENS_9allocatorIcEEEEN7Walaber9SharedPtrINS8_7TextureEEEEENS_19__map_value_compareIS7_SC_NS_4lessIS7_EELb1EEENS5_ISC_EEE7destroyEPNS_11__tree_nodeISC_PvEE	ok
_globals.cpp	0x39fe04	184	_ZNSt6__ndk16__treeINS_12__value_typeINS_12basic_stringIcNS_11char_traitsIcEENS_9allocatorIcEEEEN7Walaber15TextureSettingsEEENS_19__map_value_compareIS7_SA_NS_4lessIS7_EELb1EEENS5_ISA_EEE4findIS7_EENS_15__tree_iteratorISA_PNS_11__tree_nodeISA_PvEElEERKT_	_ZNSt6__ndk16__treeINS_12__value_typeINS_12basic_stringIcNS_11char_traitsIcEENS_9allocatorIcEEEEN7Walaber15TextureSettingsEEENS_19__map_value_compareIS7_SA_NS_4lessIS7_EELb1EEENS5_ISA_EEE4findIS7_EENS_15__tree_iteratorISA_PNS_11__tree_nodeISA_PvEElEERKT_	ok
_globals.cpp	0x39febc	220	_ZNSt6__ndk16__treeINS_12__value_typeINS_12basic_stringIcNS_11char_traitsIcEENS_9allocatorIcEEEEN7Walaber15TextureSettingsEEENS_19__map_value_compareIS7_SA_NS_4lessIS7_EELb1EEENS5_ISA_EEE13__lower_boundIS7_EENS_15__tree_iteratorISA_PNS_11__tree_nodeISA_PvEElEERKT_SM_PNS_15__tree_end_nodeIPNS_16__tree_node_baseISK_EEEE	_ZNSt6__ndk16__treeINS_12__value_typeINS_12basic_stringIcNS_11char_traitsIcEENS_9allocatorIcEEEEN7Walaber15TextureSettingsEEENS_19__map_value_compareIS7_SA_NS_4lessIS7_EELb1EEENS5_ISA_EEE13__lower_boundIS7_EENS_15__tree_iteratorISA_PNS_11__tree_nodeISA_PvEElEERKT_SM_PNS_15__tree_end_nodeIPNS_16__tree_node_baseISK_EEEE	ok
_globals.cpp	0x3a04b8	172	_ZNSt6__ndk16__treeINS_12__value_typeINS_12basic_stringIcNS_11char_traitsIcEENS_9allocatorIcEEEENS_6vectorIN7Walaber14TextureManager10SubTexInfoENS5_ISB_EEEEEENS_19__map_value_compareIS7_SE_NS_4lessIS7_EELb1EEENS5_ISE_EEE12__find_equalIS7_EERPNS_16__tree_node_baseIPvEERPNS_15__tree_end_nodeISP_EERKT_	_ZNSt6__ndk16__treeINS_12__value_typeINS_12basic_stringIcNS_11char_traitsIcEENS_9allocatorIcEEEENS_6vectorIN7Walaber14TextureManager10SubTexInfoENS5_ISB_EEEEEENS_19__map_value_compareIS7_SE_NS_4lessIS7_EELb1EEENS5_ISE_EEE12__find_equalIS7_EERPNS_16__tree_node_baseIPvEERPNS_15__tree_end_nodeISP_EERKT_	ok
_globals.cpp	0x3a05f0	144	_ZNSt6__ndk16__treeINS_12__value_typeINS_12basic_stringIcNS_11char_traitsIcEENS_9allocatorIcEEEENS_6vectorIN7Walaber14TextureManager10SubTexInfoENS5_ISB_EEEEEENS_19__map_value_compareIS7_SE_NS_4lessIS7_EELb1EEENS5_ISE_EEE16__insert_node_atEPNS_15__tree_end_nodeIPNS_16__tree_node_baseIPvEEEERSP_SP_	_ZNSt6__ndk16__treeINS_12__value_typeINS_12basic_stringIcNS_11char_traitsIcEENS_9allocatorIcEEEENS_6vectorIN7Walaber14TextureManager10SubTexInfoENS5_ISB_EEEEEENS_19__map_value_compareIS7_SE_NS_4lessIS7_EELb1EEENS5_ISE_EEE16__insert_node_atEPNS_15__tree_end_nodeIPNS_16__tree_node_baseIPvEEEERSP_SP_	ok
_globals.cpp	0x3a096c	228	_ZNSt6__ndk16__treeINS_12__value_typeINS_12basic_stringIcNS_11char_traitsIcEENS_9allocatorIcEEEENS_6vectorIN7Walaber14TextureManager10SubTexInfoENS5_ISB_EEEEEENS_19__map_value_compareIS7_SE_NS_4lessIS7_EELb1EEENS5_ISE_EEE4findIS7_EENS_15__tree_iteratorISE_PNS_11__tree_nodeISE_PvEElEERKT_	_ZNSt6__ndk16__treeINS_12__value_typeINS_12basic_stringIcNS_11char_traitsIcEENS_9allocatorIcEEEENS_6vectorIN7Walaber14TextureManager10SubTexInfoENS5_ISB_EEEEEENS_19__map_value_compareIS7_SE_NS_4lessIS7_EELb1EEENS5_ISE_EEE4findIS7_EENS_15__tree_iteratorISE_PNS_11__tree_nodeISE_PvEElEERKT_	ok
_globals.cpp	0x3a0a50	332	_ZNSt6__ndk16__treeINS_12__value_typeINS_12basic_stringIcNS_11char_traitsIcEENS_9allocatorIcEEEENS_6vectorIN7Walaber14TextureManager10SubTexInfoENS5_ISB_EEEEEENS_19__map_value_compareIS7_SE_NS_4lessIS7_EELb1EEENS5_ISE_EEE13__lower_boundIS7_EENS_15__tree_iteratorISE_PNS_11__tree_nodeISE_PvEElEERKT_SQ_PNS_15__tree_end_nodeIPNS_16__tree_node_baseISO_EEEE	_ZNSt6__ndk16__treeINS_12__value_typeINS_12basic_stringIcNS_11char_traitsIcEENS_9allocatorIcEEEENS_6vectorIN7Walaber14TextureManager10SubTexInfoENS5_ISB_EEEEEENS_19__map_value_compareIS7_SE_NS_4lessIS7_EELb1EEENS5_ISE_EEE13__lower_boundIS7_EENS_15__tree_iteratorISE_PNS_11__tree_nodeISE_PvEElEERKT_SQ_PNS_15__tree_end_nodeIPNS_16__tree_node_baseISO_EEEE	ok
_globals.cpp	0x3a0b9c	40	_ZNSt6__ndk16__treeINS_12__value_typeINS_12basic_stringIcNS_11char_traitsIcEENS_9allocatorIcEEEEN7Walaber9SharedPtrINS8_7TextureEEEEENS_19__map_value_compareIS7_SC_NS_4lessIS7_EELb1EEENS5_ISC_EEE12__find_equalIS7_EERPNS_16__tree_node_baseIPvEERPNS_15__tree_end_nodeISN_EERKT_	_ZNSt6__ndk16__treeINS_12__value_typeINS_12basic_stringIcNS_11char_traitsIcEENS_9allocatorIcEEEEN7Walaber9SharedPtrINS8_7TextureEEEEENS_19__map_value_compareIS7_SC_NS_4lessIS7_EELb1EEENS5_ISC_EEE12__find_equalIS7_EERPNS_16__tree_node_baseIPvEERPNS_15__tree_end_nodeISN_EERKT_	ok
_globals.cpp	0x3a0cbc	228	_ZNSt6__ndk16__treeINS_12__value_typeINS_12basic_stringIcNS_11char_traitsIcEENS_9allocatorIcEEEENS_6vectorIN7Walaber14TextureManager10SubTexInfoENS5_ISB_EEEEEENS_19__map_value_compareIS7_SE_NS_4lessIS7_EELb1EEENS5_ISE_EEE14__erase_uniqueIS7_EEmRKT_	_ZNSt6__ndk16__treeINS_12__value_typeINS_12basic_stringIcNS_11char_traitsIcEENS_9allocatorIcEEEENS_6vectorIN7Walaber14TextureManager10SubTexInfoENS5_ISB_EEEEEENS_19__map_value_compareIS7_SE_NS_4lessIS7_EELb1EEENS5_ISE_EEE14__erase_uniqueIS7_EEmRKT_	ok
_globals.cpp	0x3a0da0	44	_ZNSt6__ndk16__treeINS_12__value_typeINS_12basic_stringIcNS_11char_traitsIcEENS_9allocatorIcEEEEN7Walaber9SharedPtrINS8_7TextureEEEEENS_19__map_value_compareIS7_SC_NS_4lessIS7_EELb1EEENS5_ISC_EEE4findIS7_EENS_15__tree_iteratorISC_PNS_11__tree_nodeISC_PvEElEERKT_	_ZNSt6__ndk16__treeINS_12__value_typeINS_12basic_stringIcNS_11char_traitsIcEENS_9allocatorIcEEEEN7Walaber9SharedPtrINS8_7TextureEEEEENS_19__map_value_compareIS7_SC_NS_4lessIS7_EELb1EEENS5_ISC_EEE4findIS7_EENS_15__tree_iteratorISC_PNS_11__tree_nodeISC_PvEElEERKT_	ok
_globals.cpp	0x3a0eb4	228	_ZNSt6__ndk16__treeINS_12__value_typeINS_12basic_stringIcNS_11char_traitsIcEENS_9allocatorIcEEEEN7Walaber9SharedPtrINS8_7TextureEEEEENS_19__map_value_compareIS7_SC_NS_4lessIS7_EELb1EEENS5_ISC_EEE13__lower_boundIS7_EENS_15__tree_iteratorISC_PNS_11__tree_nodeISC_PvEElEERKT_SO_PNS_15__tree_end_nodeIPNS_16__tree_node_baseISM_EEEE	_ZNSt6__ndk16__treeINS_12__value_typeINS_12basic_stringIcNS_11char_traitsIcEENS_9allocatorIcEEEEN7Walaber9SharedPtrINS8_7TextureEEEEENS_19__map_value_compareIS7_SC_NS_4lessIS7_EELb1EEENS5_ISC_EEE13__lower_boundIS7_EENS_15__tree_iteratorISC_PNS_11__tree_nodeISC_PvEElEERKT_SO_PNS_15__tree_end_nodeIPNS_16__tree_node_baseISM_EEEE	ok
_globals.cpp	0x3a0f98	44	_ZNSt6__ndk16__treeINS_12__value_typeINS_12basic_stringIcNS_11char_traitsIcEENS_9allocatorIcEEEEN7Walaber15TextureSettingsEEENS_19__map_value_compareIS7_SA_NS_4lessIS7_EELb1EEENS5_ISA_EEE25__emplace_unique_key_argsIS7_JRKNS_21piecewise_construct_tENS_5tupleIJRKS7_EEENSL_IJEEEEEENS_4pairINS_15__tree_iteratorISA_PNS_11__tree_nodeISA_PvEElEEbEERKT_DpOT0_	_ZNSt6__ndk16__treeINS_12__value_typeINS_12basic_stringIcNS_11char_traitsIcEENS_9allocatorIcEEEEN7Walaber15TextureSettingsEEENS_19__map_value_compareIS7_SA_NS_4lessIS7_EELb1EEENS5_ISA_EEE25__emplace_unique_key_argsIS7_JRKNS_21piecewise_construct_tENS_5tupleIJRKS7_EEENSL_IJEEEEEENS_4pairINS_15__tree_iteratorISA_PNS_11__tree_nodeISA_PvEElEEbEERKT_DpOT0_	ok
_globals.cpp	0x3a0fc4	48	_ZNSt6__ndk16__treeINS_12__value_typeINS_12basic_stringIcNS_11char_traitsIcEENS_9allocatorIcEEEEN7Walaber15TextureSettingsEEENS_19__map_value_compareIS7_SA_NS_4lessIS7_EELb1EEENS5_ISA_EEE12__find_equalIS7_EERPNS_16__tree_node_baseIPvEERPNS_15__tree_end_nodeISL_EERKT_	_ZNSt6__ndk16__treeINS_12__value_typeINS_12basic_stringIcNS_11char_traitsIcEENS_9allocatorIcEEEEN7Walaber15TextureSettingsEEENS_19__map_value_compareIS7_SA_NS_4lessIS7_EELb1EEENS5_ISA_EEE12__find_equalIS7_EERPNS_16__tree_node_baseIPvEERPNS_15__tree_end_nodeISL_EERKT_	ok
_globals.cpp	0x3a113c	12	_ZNSt6__ndk16__treeINS_12__value_typeINS_12basic_stringIcNS_11char_traitsIcEENS_9allocatorIcEEEEN7Walaber15TextureSettingsEEENS_19__map_value_compareIS7_SA_NS_4lessIS7_EELb1EEENS5_ISA_EEE16__construct_nodeIJRKNS_21piecewise_construct_tENS_5tupleIJRKS7_EEENSL_IJEEEEEENS_10unique_ptrINS_11__tree_nodeISA_PvEENS_22__tree_node_destructorINS5_IST_EEEEEEDpOT_	_ZNSt6__ndk16__treeINS_12__value_typeINS_12basic_stringIcNS_11char_traitsIcEENS_9allocatorIcEEEEN7Walaber15TextureSettingsEEENS_19__map_value_compareIS7_SA_NS_4lessIS7_EELb1EEENS5_ISA_EEE16__construct_nodeIJRKNS_21piecewise_construct_tENS_5tupleIJRKS7_EEENSL_IJEEEEEENS_10unique_ptrINS_11__tree_nodeISA_PvEENS_22__tree_node_destructorINS5_IST_EEEEEEDpOT_	ok
_globals.cpp	0x3a11a0	104	_ZNSt6__ndk16__treeINS_12__value_typeINS_12basic_stringIcNS_11char_traitsIcEENS_9allocatorIcEEEEN7Walaber15TextureSettingsEEENS_19__map_value_compareIS7_SA_NS_4lessIS7_EELb1EEENS5_ISA_EEE16__insert_node_atEPNS_15__tree_end_nodeIPNS_16__tree_node_baseIPvEEEERSL_SL_	_ZNSt6__ndk16__treeINS_12__value_typeINS_12basic_stringIcNS_11char_traitsIcEENS_9allocatorIcEEEEN7Walaber15TextureSettingsEEENS_19__map_value_compareIS7_SA_NS_4lessIS7_EELb1EEENS5_ISA_EEE16__insert_node_atEPNS_15__tree_end_nodeIPNS_16__tree_node_baseIPvEEEERSL_SL_	ok
_globals.cpp	0x3a1208	48	_ZNSt6__ndk16__treeINS_12__value_typeINS_12basic_stringIcNS_11char_traitsIcEENS_9allocatorIcEEEEN7Walaber9SharedPtrINS8_7TextureEEEEENS_19__map_value_compareIS7_SC_NS_4lessIS7_EELb1EEENS5_ISC_EEE25__emplace_unique_key_argsIS7_JRKNS_21piecewise_construct_tENS_5tupleIJRKS7_EEENSN_IJEEEEEENS_4pairINS_15__tree_iteratorISC_PNS_11__tree_nodeISC_PvEElEEbEERKT_DpOT0_	_ZNSt6__ndk16__treeINS_12__value_typeINS_12basic_stringIcNS_11char_traitsIcEENS_9allocatorIcEEEEN7Walaber9SharedPtrINS8_7TextureEEEEENS_19__map_value_compareIS7_SC_NS_4lessIS7_EELb1EEENS5_ISC_EEE25__emplace_unique_key_argsIS7_JRKNS_21piecewise_construct_tENS_5tupleIJRKS7_EEENSN_IJEEEEEENS_4pairINS_15__tree_iteratorISC_PNS_11__tree_nodeISC_PvEElEEbEERKT_DpOT0_	ok
_globals.cpp	0x3a12dc	12	_ZNSt6__ndk16__treeINS_12__value_typeINS_12basic_stringIcNS_11char_traitsIcEENS_9allocatorIcEEEEN7Walaber9SharedPtrINS8_7TextureEEEEENS_19__map_value_compareIS7_SC_NS_4lessIS7_EELb1EEENS5_ISC_EEE16__construct_nodeIJRKNS_21piecewise_construct_tENS_5tupleIJRKS7_EEENSN_IJEEEEEENS_10unique_ptrINS_11__tree_nodeISC_PvEENS_22__tree_node_destructorINS5_ISV_EEEEEEDpOT_	_ZNSt6__ndk16__treeINS_12__value_typeINS_12basic_stringIcNS_11char_traitsIcEENS_9allocatorIcEEEEN7Walaber9SharedPtrINS8_7TextureEEEEENS_19__map_value_compareIS7_SC_NS_4lessIS7_EELb1EEENS5_ISC_EEE16__construct_nodeIJRKNS_21piecewise_construct_tENS_5tupleIJRKS7_EEENSN_IJEEEEEENS_10unique_ptrINS_11__tree_nodeISC_PvEENS_22__tree_node_destructorINS5_ISV_EEEEEEDpOT_	ok
_globals.cpp	0x3a12e8	36	_ZNSt6__ndk16__treeINS_12__value_typeINS_12basic_stringIcNS_11char_traitsIcEENS_9allocatorIcEEEEN7Walaber9SharedPtrINS8_7TextureEEEEENS_19__map_value_compareIS7_SC_NS_4lessIS7_EELb1EEENS5_ISC_EEE14__erase_uniqueIS7_EEmRKT_	_ZNSt6__ndk16__treeINS_12__value_typeINS_12basic_stringIcNS_11char_traitsIcEENS_9allocatorIcEEEEN7Walaber9SharedPtrINS8_7TextureEEEEENS_19__map_value_compareIS7_SC_NS_4lessIS7_EELb1EEENS5_ISC_EEE14__erase_uniqueIS7_EEmRKT_	ok
_globals.cpp	0x3a1390	192	save_image_as_DDS	save_image_as_DDS	ok
_globals.cpp	0x3a1530	192	convert_image_to_DXT1	convert_image_to_DXT1	ok
_globals.cpp	0x3a1860	104	convert_image_to_DXT5	convert_image_to_DXT5	ok
_globals.cpp	0x3a1d80	100	compress_DDS_color_block	compress_DDS_color_block	ok
_globals.cpp	0x3a1f0c	20	convert_bit_range	convert_bit_range	ok
_globals.cpp	0x3a1f20	4	rgb_to_565	rgb_to_565	ok
_globals.cpp	0x3a21a0	120	compute_color_line_STDEV	compute_color_line_STDEV	ok
_globals.cpp	0x3a2218	92	LSE_master_colors_max_min	LSE_master_colors_max_min	ok
_globals.cpp	0x3a24c4	808	SOIL_load_image_from_memory	SOIL_load_image_from_memory	ok
_globals.cpp	0x3a27ec	124	stbi_load_from_file	stbi_load_from_file	ok
_globals.cpp	0x3a29a4	80	stbi_jpeg_test_file	stbi_jpeg_test_file	ok
_globals.cpp	0x3a29f4	564	stbi_jpeg_load_from_file	stbi_jpeg_load_from_file	ok
_globals.cpp	0x3a2c28	900	stbi_psd_test_file	stbi_psd_test_file	ok
_globals.cpp	0x3a2fac	320	stbi_hdr_load_from_file	stbi_hdr_load_from_file	ok
_globals.cpp	0x3a30ec	312	stbi_load_from_memory	stbi_load_from_memory	ok
_globals.cpp	0x3a3534	564	stbi_png_test_memory	stbi_png_test_memory	ok
_globals.cpp	0x3a3768	1032	stbi_dds_test_memory	stbi_dds_test_memory	ok
_globals.cpp	0x3a3b70	516	stbi_loadf_from_file	stbi_loadf_from_file	ok
_globals.cpp	0x3a3d74	768	stbi_is_hdr_from_memory	stbi_is_hdr_from_memory	ok
_globals.cpp	0x3a4904	380	stbi_jpeg_load	stbi_jpeg_load	ok
_globals.cpp	0x3a4d14	72	stbi_zlib_decode_malloc_guesssize	stbi_zlib_decode_malloc_guesssize	ok
_globals.cpp	0x3a54dc	152	stbi_zlib_decode_buffer	stbi_zlib_decode_buffer	ok
_globals.cpp	0x3a5574	268	stbi_zlib_decode_noheader_malloc	stbi_zlib_decode_noheader_malloc	ok
_globals.cpp	0x3a5680	348	stbi_zlib_decode_noheader_buffer	stbi_zlib_decode_noheader_buffer	ok
_globals.cpp	0x3a57dc	152	stbi_png_load	stbi_png_load	ok
_globals.cpp	0x3a6310	676	stbi_png_info	stbi_png_info	ok
_globals.cpp	0x3a65b4	432	stbi_bmp_load	stbi_bmp_load	ok
_globals.cpp	0x3a75f4	240	stbi_tga_load	stbi_tga_load	ok
_globals.cpp	0x3a7b98	216	stbi_psd_load	stbi_psd_load	ok
_globals.cpp	0x3a8648	496	stbi_hdr_load_rgbe_file	stbi_hdr_load_rgbe_file	ok
_globals.cpp	0x3a89f8	464	stbi_hdr_load_rgbe	stbi_hdr_load_rgbe	ok
_globals.cpp	0x3a8bc8	656	stbi_write_bmp	stbi_write_bmp	ok
_globals.cpp	0x3a8e58	184	stbi_write_tga	stbi_write_tga	ok
_globals.cpp	0x3a8f10	96	stbi_convert_bit_range	stbi_convert_bit_range	ok
_globals.cpp	0x3a8f70	224	stbi_rgb_888_from_565	stbi_rgb_888_from_565	ok
_globals.cpp	0x3a9050	360	stbi_decode_DXT1_block	stbi_decode_DXT1_block	ok
_globals.cpp	0x3a932c	304	stbi_decode_DXT45_alpha_block	stbi_decode_DXT45_alpha_block	ok
_globals.cpp	0x3a945c	464	stbi_decode_DXT_color_block	stbi_decode_DXT_color_block	ok
_globals.cpp	0x3a9dd4	1784	stbi_dds_load	stbi_dds_load	ok
_globals.cpp	0x3ace80	3344	VP8EnterCritical	VP8EnterCritical	ok
_globals.cpp	0x3ae15c	528	WebPIUpdate	WebPIUpdate	ok
_globals.cpp	0x3ae36c	100	WebPISetIOHooks	WebPISetIOHooks	ok
_globals.cpp	0x3ae484	2396	WebPInitCustomIo	WebPInitCustomIo	ok
_globals.cpp	0x3af868	340	VP8ParseQuant	VP8ParseQuant	ok
_globals.cpp	0x3afa20	112	VP8ResetProba	VP8ResetProba	ok
_globals.cpp	0x3afa90	88	VP8ParseIntraMode	VP8ParseIntraMode	ok
_globals.cpp	0x3b0364	792	VP8ParseProba	VP8ParseProba	ok
_globals.cpp	0x3b067c	1660	VP8GetHeaders	VP8GetHeaders	ok
_globals.cpp	0x3b0cf8	476	VP8DecodeMB	VP8DecodeMB	ok
_globals.cpp	0x3b25c8	416	VP8LGetInfo	VP8LGetInfo	ok
_globals.cpp	0x3b2768	84	VP8LClear	VP8LClear	ok
_globals.cpp	0x3b2854	224	VP8LDecodeAlphaImageStream	VP8LDecodeAlphaImageStream	ok
_globals.cpp	0x3b3a30	144	VP8LDecodeHeader	VP8LDecodeHeader	ok
_globals.cpp	0x3b3b68	144	VP8LDecodeImage	VP8LDecodeImage	ok
_globals.cpp	0x3b4820	2176	WebPDecodeRGBInto	WebPDecodeRGBInto	ok
_globals.cpp	0x3b5d88	10816	VP8DspInit	VP8DspInit	ok
_globals.cpp	0x3b8d28	156	VP8LColorSpaceTransform	VP8LColorSpaceTransform	ok
_globals.cpp	0x3bb4a8	404	WebPInitUpsamplers	WebPInitUpsamplers	ok
_globals.cpp	0x3c1138	144	VP8SSIMAccumulatePlane	VP8SSIMAccumulatePlane	ok
_globals.cpp	0x3c11e0	272	VP8InitFilter	VP8InitFilter	ok
_globals.cpp	0x3c1330	76	VP8StoreFilterStats	VP8StoreFilterStats	ok
_globals.cpp	0x3c199c	40	VP8GetCostLuma4	VP8GetCostLuma4	ok
_globals.cpp	0x3c1bcc	8	VP8GetCostLuma16	VP8GetCostLuma16	ok
_globals.cpp	0x3c1d7c	84	VP8GetCostUV	VP8GetCostUV	ok
_globals.cpp	0x3c1f78	172	VP8EncLoop	VP8EncLoop	ok
_globals.cpp	0x3c271c	120	VP8StatLoop	VP8StatLoop	ok
_globals.cpp	0x3c33ec	80	VP8LHistogramStoreRefs	VP8LHistogramStoreRefs	ok
_globals.cpp	0x3c343c	60	VP8LHistogramAddSinglePixOrCopy	VP8LHistogramAddSinglePixOrCopy	ok
_globals.cpp	0x3c3544	56	VP8LHistogramCreate	VP8LHistogramCreate	ok
_globals.cpp	0x3c35cc	40	VP8LAllocateHistogramSet	VP8LAllocateHistogramSet	ok
_globals.cpp	0x3c36ac	340	VP8LHistogramEstimateBitsBulk	VP8LHistogramEstimateBitsBulk	ok
_globals.cpp	0x3c394c	124	VP8LHistogramEstimateBits	VP8LHistogramEstimateBits	ok
_globals.cpp	0x3c39cc	72	VP8LGetHistoImageSymbols	VP8LGetHistoImageSymbols	ok
_globals.cpp	0x3c45bc	156	VP8IteratorExport	VP8IteratorExport	ok
_globals.cpp	0x3c46f4	188	VP8IteratorNzToBytes	VP8IteratorNzToBytes	ok
_globals.cpp	0x3c480c	96	VP8IteratorNext	VP8IteratorNext	ok
_globals.cpp	0x3c4aa8	416	VP8IteratorStartI4	VP8IteratorStartI4	ok
_globals.cpp	0x3c4cc0	384	WebPPictureAlloc	WebPPictureAlloc	ok
_globals.cpp	0x3c4e40	104	WebPPictureCopy	WebPPictureCopy	ok
_globals.cpp	0x3c51a4	288	WebPPictureView	WebPPictureView	ok
_globals.cpp	0x3c52c4	352	WebPPictureCrop	WebPPictureCrop	ok
_globals.cpp	0x3c5554	20	WebPPictureRescale	WebPPictureRescale	ok
_globals.cpp	0x3c594c	20	WebPMemoryWrite	WebPMemoryWrite	ok
_globals.cpp	0x3c5a7c	64	WebPPictureHasTransparency	WebPPictureHasTransparency	ok
_globals.cpp	0x3c5afc	56	WebPPictureImportRGB	WebPPictureImportRGB	ok
_globals.cpp	0x3c5da8	56	WebPPictureYUVAToARGB	WebPPictureYUVAToARGB	ok
_globals.cpp	0x3c6058	156	WebPPictureARGBToYUVA	WebPPictureARGBToYUVA	ok
_globals.cpp	0x3c6878	168	WebPCleanupTransparentArea	WebPCleanupTransparentArea	ok
_globals.cpp	0x3c6920	292	WebPPictureDistortion	WebPPictureDistortion	ok
_globals.cpp	0x3c6bd8	368	WebPEncodeRGB	WebPEncodeRGB	ok
_globals.cpp	0x3c6d5c	2416	WebPEncodeLosslessRGB	WebPEncodeLosslessRGB	ok
_globals.cpp	0x3c94bc	1424	VP8LEncodeStream	VP8LEncodeStream	ok
_globals.cpp	0x3cae44	324	WebPGetEncoderVersion	WebPGetEncoderVersion	ok
_globals.cpp	0x3caf88	240	WebPEncode	WebPEncode	ok
_globals.cpp	0x3cb5d0	356	WebPDemuxInternal	WebPDemuxInternal	ok
_globals.cpp	0x3cb734	308	WebPDemuxDelete	WebPDemuxDelete	ok
_globals.cpp	0x3cb868	300	WebPDemuxGetFrame	WebPDemuxGetFrame	ok
_globals.cpp	0x3cb994	192	WebPDemuxSelectTile	WebPDemuxSelectTile	ok
_globals.cpp	0x3cba54	248	WebPDemuxGetChunk	WebPDemuxGetChunk	ok
_globals.cpp	0x3cbb4c	96	WebPDemuxReleaseChunkIterator	WebPDemuxReleaseChunkIterator	ok
_globals.cpp	0x3cca30	204	WebPMuxSetMetadata	WebPMuxSetMetadata	ok
_globals.cpp	0x3ccafc	80	WebPMuxDeleteMetadata	WebPMuxDeleteMetadata	ok
_globals.cpp	0x3ccc08	20	WebPMuxSetColorProfile	WebPMuxSetColorProfile	ok
_globals.cpp	0x3cccf0	228	WebPMuxSetLoopCount	WebPMuxSetLoopCount	ok
_globals.cpp	0x3ccdd4	4	WebPMuxPushFrame	WebPMuxPushFrame	ok
_globals.cpp	0x3cd214	180	MuxGetImageWidthHeight	MuxGetImageWidthHeight	ok
_globals.cpp	0x3ce7d0	136	WebPMuxGetFeatures	WebPMuxGetFeatures	ok
_globals.cpp	0x3cea04	492	WebPMuxGetImage	WebPMuxGetImage	ok
_globals.cpp	0x3cebf0	68	WebPMuxGetFrame	WebPMuxGetFrame	ok
_globals.cpp	0x3cf528	364	VP8PutSignedValue	VP8PutSignedValue	ok
_globals.cpp	0x3cf694	184	VP8BitWriterAppend	VP8BitWriterAppend	ok
_globals.cpp	0x3cf74c	236	VP8LBitWriterInit	VP8LBitWriterInit	ok
_globals.cpp	0x3cf838	12	VP8LWriteBits	VP8LWriteBits	ok
_globals.cpp	0x3cf8ec	12	EstimateBestFilter	EstimateBestFilter	ok
_globals.cpp	0x3d065c	276	VP8LCreateCompressedHuffmanTree	VP8LCreateCompressedHuffmanTree	ok
_globals.cpp	0x3d0ef8	132	QuantizeLevels	QuantizeLevels	ok
_globals.cpp	0x3d12ec	184	WebPRescalerInit	WebPRescalerInit	ok
_globals.cpp	0x3d13a4	404	WebPRescalerImportRow	WebPRescalerImportRow	ok
_globals.cpp	0x3d1538	152	WebPRescalerExportRow	WebPRescalerExportRow	ok
_globals.cpp	0x3d15d0	1280	WebPRescalerImport	WebPRescalerImport	ok
_globals.cpp	0x3d44f4	68	_ZNSt6__ndk16__treeINS_12__value_typeINS_12basic_stringIcNS_11char_traitsIcEENS_9allocatorIcEEEEN7Walaber11FileManager10FileRecordEEENS_19__map_value_compareIS7_SB_NS_4lessIS7_EELb1EEENS5_ISB_EEE7destroyEPNS_11__tree_nodeISB_PvEE	_ZNSt6__ndk16__treeINS_12__value_typeINS_12basic_stringIcNS_11char_traitsIcEENS_9allocatorIcEEEEN7Walaber11FileManager10FileRecordEEENS_19__map_value_compareIS7_SB_NS_4lessIS7_EELb1EEENS5_ISB_EEE7destroyEPNS_11__tree_nodeISB_PvEE	ok
_globals.cpp	0x3d4570	48	_ZThn16_NSt6__ndk113basic_fstreamIcNS_11char_traitsIcEEED1Ev	Thn16_NSt6__ndk113basic_fstreamIcNS_11char_traitsIcEEED1Ev	ok
_globals.cpp	0x3d463c	156	_ZTv0_n24_NSt6__ndk113basic_istreamIcNS_11char_traitsIcEEED0Ev	Tv0_n24_NSt6__ndk113basic_istreamIcNS_11char_traitsIcEEED0Ev	ok
_globals.cpp	0x3d46d8	156	_ZThn16_NSt6__ndk113basic_fstreamIcNS_11char_traitsIcEEED0Ev	Thn16_NSt6__ndk113basic_fstreamIcNS_11char_traitsIcEEED0Ev	ok
_globals.cpp	0x3d57d4	180	_ZNSt6__ndk16__treeINS_12__value_typeINS_12basic_stringIcNS_11char_traitsIcEENS_9allocatorIcEEEEN7Walaber11FileManager10FileRecordEEENS_19__map_value_compareIS7_SB_NS_4lessIS7_EELb1EEENS5_ISB_EEE25__emplace_unique_key_argsIS7_JRKNS_21piecewise_construct_tENS_5tupleIJRKS7_EEENSM_IJEEEEEENS_4pairINS_15__tree_iteratorISB_PNS_11__tree_nodeISB_PvEElEEbEERKT_DpOT0_	_ZNSt6__ndk16__treeINS_12__value_typeINS_12basic_stringIcNS_11char_traitsIcEENS_9allocatorIcEEEEN7Walaber11FileManager10FileRecordEEENS_19__map_value_compareIS7_SB_NS_4lessIS7_EELb1EEENS5_ISB_EEE25__emplace_unique_key_argsIS7_JRKNS_21piecewise_construct_tENS_5tupleIJRKS7_EEENSM_IJEEEEEENS_4pairINS_15__tree_iteratorISB_PNS_11__tree_nodeISB_PvEElEEbEERKT_DpOT0_	ok
_globals.cpp	0x3d5888	172	_ZNSt6__ndk16__treeINS_12__value_typeINS_12basic_stringIcNS_11char_traitsIcEENS_9allocatorIcEEEEN7Walaber11FileManager10FileRecordEEENS_19__map_value_compareIS7_SB_NS_4lessIS7_EELb1EEENS5_ISB_EEE12__find_equalIS7_EERPNS_16__tree_node_baseIPvEERPNS_15__tree_end_nodeISM_EERKT_	_ZNSt6__ndk16__treeINS_12__value_typeINS_12basic_stringIcNS_11char_traitsIcEENS_9allocatorIcEEEEN7Walaber11FileManager10FileRecordEEENS_19__map_value_compareIS7_SB_NS_4lessIS7_EELb1EEENS5_ISB_EEE12__find_equalIS7_EERPNS_16__tree_node_baseIPvEERPNS_15__tree_end_nodeISM_EERKT_	ok
_globals.cpp	0x3d5a24	88	_ZNSt6__ndk16__treeINS_12__value_typeINS_12basic_stringIcNS_11char_traitsIcEENS_9allocatorIcEEEEN7Walaber11FileManager10FileRecordEEENS_19__map_value_compareIS7_SB_NS_4lessIS7_EELb1EEENS5_ISB_EEE14__erase_uniqueIS7_EEmRKT_	_ZNSt6__ndk16__treeINS_12__value_typeINS_12basic_stringIcNS_11char_traitsIcEENS_9allocatorIcEEEEN7Walaber11FileManager10FileRecordEEENS_19__map_value_compareIS7_SB_NS_4lessIS7_EELb1EEENS5_ISB_EEE14__erase_uniqueIS7_EEmRKT_	ok
_globals.cpp	0x3d5a7c	148	_ZNSt6__ndk16__treeINS_12__value_typeINS_12basic_stringIcNS_11char_traitsIcEENS_9allocatorIcEEEEN7Walaber11FileManager10FileRecordEEENS_19__map_value_compareIS7_SB_NS_4lessIS7_EELb1EEENS5_ISB_EEE4findIS7_EENS_15__tree_iteratorISB_PNS_11__tree_nodeISB_PvEElEERKT_	_ZNSt6__ndk16__treeINS_12__value_typeINS_12basic_stringIcNS_11char_traitsIcEENS_9allocatorIcEEEEN7Walaber11FileManager10FileRecordEEENS_19__map_value_compareIS7_SB_NS_4lessIS7_EELb1EEENS5_ISB_EEE4findIS7_EENS_15__tree_iteratorISB_PNS_11__tree_nodeISB_PvEElEERKT_	ok
_globals.cpp	0x3d5b74	228	_ZNSt6__ndk16__treeINS_12__value_typeINS_12basic_stringIcNS_11char_traitsIcEENS_9allocatorIcEEEEN7Walaber11FileManager10FileRecordEEENS_19__map_value_compareIS7_SB_NS_4lessIS7_EELb1EEENS5_ISB_EEE5eraseENS_21__tree_const_iteratorISB_PNS_11__tree_nodeISB_PvEElEE	_ZNSt6__ndk16__treeINS_12__value_typeINS_12basic_stringIcNS_11char_traitsIcEENS_9allocatorIcEEEEN7Walaber11FileManager10FileRecordEEENS_19__map_value_compareIS7_SB_NS_4lessIS7_EELb1EEENS5_ISB_EEE5eraseENS_21__tree_const_iteratorISB_PNS_11__tree_nodeISB_PvEElEE	ok
_globals.cpp	0x3d5c58	452	_ZNSt6__ndk16__treeINS_12__value_typeINS_12basic_stringIcNS_11char_traitsIcEENS_9allocatorIcEEEEN7Walaber11FileManager10FileRecordEEENS_19__map_value_compareIS7_SB_NS_4lessIS7_EELb1EEENS5_ISB_EEE13__lower_boundIS7_EENS_15__tree_iteratorISB_PNS_11__tree_nodeISB_PvEElEERKT_SN_PNS_15__tree_end_nodeIPNS_16__tree_node_baseISL_EEEE	_ZNSt6__ndk16__treeINS_12__value_typeINS_12basic_stringIcNS_11char_traitsIcEENS_9allocatorIcEEEEN7Walaber11FileManager10FileRecordEEENS_19__map_value_compareIS7_SB_NS_4lessIS7_EELb1EEENS5_ISB_EEE13__lower_boundIS7_EENS_15__tree_iteratorISB_PNS_11__tree_nodeISB_PvEElEERKT_SN_PNS_15__tree_end_nodeIPNS_16__tree_node_baseISL_EEEE	ok
_globals.cpp	0x3d7a20	4	_ZNSt6__ndk16__treeINS_12__value_typeINS_12basic_stringIcNS_11char_traitsIcEENS_9allocatorIcEEEEN7Walaber16ZipArchiveReader12FileLocationEEENS_19__map_value_compareIS7_SB_NS_4lessIS7_EELb1EEENS5_ISB_EEE25__emplace_unique_key_argsIS7_JRKNS_21piecewise_construct_tENS_5tupleIJOS7_EEENSM_IJEEEEEENS_4pairINS_15__tree_iteratorISB_PNS_11__tree_nodeISB_PvEElEEbEERKT_DpOT0_	_ZNSt6__ndk16__treeINS_12__value_typeINS_12basic_stringIcNS_11char_traitsIcEENS_9allocatorIcEEEEN7Walaber16ZipArchiveReader12FileLocationEEENS_19__map_value_compareIS7_SB_NS_4lessIS7_EELb1EEENS5_ISB_EEE25__emplace_unique_key_argsIS7_JRKNS_21piecewise_construct_tENS_5tupleIJOS7_EEENSM_IJEEEEEENS_4pairINS_15__tree_iteratorISB_PNS_11__tree_nodeISB_PvEElEEbEERKT_DpOT0_	ok
_globals.cpp	0x3d7c1c	952	_ZNSt6__ndk16__treeINS_12__value_typeINS_12basic_stringIcNS_11char_traitsIcEENS_9allocatorIcEEEEN7Walaber16ZipArchiveReader12FileLocationEEENS_19__map_value_compareIS7_SB_NS_4lessIS7_EELb1EEENS5_ISB_EEE16__insert_node_atEPNS_15__tree_end_nodeIPNS_16__tree_node_baseIPvEEEERSM_SM_	_ZNSt6__ndk16__treeINS_12__value_typeINS_12basic_stringIcNS_11char_traitsIcEENS_9allocatorIcEEEEN7Walaber16ZipArchiveReader12FileLocationEEENS_19__map_value_compareIS7_SB_NS_4lessIS7_EELb1EEENS5_ISB_EEE16__insert_node_atEPNS_15__tree_end_nodeIPNS_16__tree_node_baseIPvEEEERSM_SM_	ok
_globals.cpp	0x3d9808	124	call_ztell64	call_ztell64	ok
_globals.cpp	0x3d9884	164	wFill_fopen_filefunc	wFill_fopen_filefunc	ok
_globals.cpp	0x3d999c	332	wFill_fopen64_filefunc	wFill_fopen64_filefunc	ok
_globals.cpp	0x3d9ae8	600	wUnzRepair	wUnzRepair	ok
_globals.cpp	0x3da18c	88	wUnzOpen2	wUnzOpen2	ok
_globals.cpp	0x3da8b4	16	wUnzOpen2_64	wUnzOpen2_64	ok
_globals.cpp	0x3da9ac	104	wUnzCloseCurrentFile	wUnzCloseCurrentFile	ok
_globals.cpp	0x3daa14	60	wUnzGetGlobalInfo	wUnzGetGlobalInfo	ok
_globals.cpp	0x3daa50	12	wUnzGetCurrentFileInfo64	wUnzGetCurrentFileInfo64	ok
_globals.cpp	0x3db094	4	wUnzGoToFirstFile	wUnzGoToFirstFile	ok
_globals.cpp	0x3db178	156	wUnzGoToNextFile	wUnzGoToNextFile	ok
_globals.cpp	0x3db214	488	wUnzLocateFile	wUnzLocateFile	ok
_globals.cpp	0x3db3fc	160	wUnzGoToFilePos64	wUnzGoToFilePos64	ok
_globals.cpp	0x3db49c	204	wUnzOpenCurrentFile3	wUnzOpenCurrentFile3	ok
_globals.cpp	0x3dbf44	288	wUnzSetOffset	wUnzSetOffset	ok
_globals.cpp	0x3dc3a8	156	LoadCentralDirectoryRecord	LoadCentralDirectoryRecord	ok
_globals.cpp	0x3dd24c	320	wZipOpen3	wZipOpen3	ok
_globals.cpp	0x3dd38c	524	wZipOpen2_64	wZipOpen2_64	ok
_globals.cpp	0x3dd598	8	Write_LocalFileHeader	Write_LocalFileHeader	ok
_globals.cpp	0x3de2fc	172	wZipOpenNewFileInZip3	wZipOpenNewFileInZip3	ok
_globals.cpp	0x3de3a8	220	wZipOpenNewFileInZip2	wZipOpenNewFileInZip2	ok
_globals.cpp	0x3de484	84	wZipOpenNewFileInZip	wZipOpenNewFileInZip	ok
_globals.cpp	0x3de4d8	296	wZipWriteInFileInZip	wZipWriteInFileInZip	ok
_globals.cpp	0x3de7b4	24	wZipCloseFileInZipRaw64	wZipCloseFileInZipRaw64	ok
_globals.cpp	0x3df68c	40	Write_GlobalComment	Write_GlobalComment	ok
_globals.cpp	0x3df708	344	wZipClose	wZipClose	ok
_globals.cpp	0x3df994	168	wZipRemoveExtraInfoBlock	wZipRemoveExtraInfoBlock	ok
_globals.cpp	0x3e4968	244	_ZNSt6__ndk16__treeINS_12__value_typeINS_12basic_stringIcNS_11char_traitsIcEENS_9allocatorIcEEEEN7Walaber12CurveManager13CurveMapEntryEEENS_19__map_value_compareIS7_SB_NS_4lessIS7_EELb1EEENS5_ISB_EEE13__lower_boundIS7_EENS_15__tree_iteratorISB_PNS_11__tree_nodeISB_PvEElEERKT_SN_PNS_15__tree_end_nodeIPNS_16__tree_node_baseISL_EEEE	_ZNSt6__ndk16__treeINS_12__value_typeINS_12basic_stringIcNS_11char_traitsIcEENS_9allocatorIcEEEEN7Walaber12CurveManager13CurveMapEntryEEENS_19__map_value_compareIS7_SB_NS_4lessIS7_EELb1EEENS5_ISB_EEE13__lower_boundIS7_EENS_15__tree_iteratorISB_PNS_11__tree_nodeISB_PvEElEERKT_SN_PNS_15__tree_end_nodeIPNS_16__tree_node_baseISL_EEEE	ok
_globals.cpp	0x3e4a5c	228	_ZNSt6__ndk16__treeINS_12__value_typeINS_12basic_stringIcNS_11char_traitsIcEENS_9allocatorIcEEEEN7Walaber12CurveManager19PtrCurvePtrCallbackEEENS_19__map_value_compareIS7_SB_NS_4lessIS7_EELb1EEENS5_ISB_EEE13__lower_boundIS7_EENS_15__tree_iteratorISB_PNS_11__tree_nodeISB_PvEElEERKT_SN_PNS_15__tree_end_nodeIPNS_16__tree_node_baseISL_EEEE	_ZNSt6__ndk16__treeINS_12__value_typeINS_12basic_stringIcNS_11char_traitsIcEENS_9allocatorIcEEEEN7Walaber12CurveManager19PtrCurvePtrCallbackEEENS_19__map_value_compareIS7_SB_NS_4lessIS7_EELb1EEENS5_ISB_EEE13__lower_boundIS7_EENS_15__tree_iteratorISB_PNS_11__tree_nodeISB_PvEElEERKT_SN_PNS_15__tree_end_nodeIPNS_16__tree_node_baseISL_EEEE	ok
_globals.cpp	0x3e4b40	272	_ZNSt6__ndk16__treeINS_12__value_typeINS_12basic_stringIcNS_11char_traitsIcEENS_9allocatorIcEEEEN7Walaber12CurveManager19PtrCurvePtrCallbackEEENS_19__map_value_compareIS7_SB_NS_4lessIS7_EELb1EEENS5_ISB_EEE15__emplace_multiIJNS_4pairIS7_SA_EEEEENS_15__tree_iteratorISB_PNS_11__tree_nodeISB_PvEElEEDpOT_	_ZNSt6__ndk16__treeINS_12__value_typeINS_12basic_stringIcNS_11char_traitsIcEENS_9allocatorIcEEEEN7Walaber12CurveManager19PtrCurvePtrCallbackEEENS_19__map_value_compareIS7_SB_NS_4lessIS7_EELb1EEENS5_ISB_EEE15__emplace_multiIJNS_4pairIS7_SA_EEEEENS_15__tree_iteratorISB_PNS_11__tree_nodeISB_PvEElEEDpOT_	ok
_globals.cpp	0x3e4c50	96	_ZNSt6__ndk16__treeINS_12__value_typeINS_12basic_stringIcNS_11char_traitsIcEENS_9allocatorIcEEEEN7Walaber12CurveManager19PtrCurvePtrCallbackEEENS_19__map_value_compareIS7_SB_NS_4lessIS7_EELb1EEENS5_ISB_EEE16__find_leaf_highERPNS_15__tree_end_nodeIPNS_16__tree_node_baseIPvEEEERKS7_	_ZNSt6__ndk16__treeINS_12__value_typeINS_12basic_stringIcNS_11char_traitsIcEENS_9allocatorIcEEEEN7Walaber12CurveManager19PtrCurvePtrCallbackEEENS_19__map_value_compareIS7_SB_NS_4lessIS7_EELb1EEENS5_ISB_EEE16__find_leaf_highERPNS_15__tree_end_nodeIPNS_16__tree_node_baseIPvEEEERKS7_	ok
_globals.cpp	0x3e4f08	468	_ZNSt6__ndk16__treeINS_12__value_typeINS_12basic_stringIcNS_11char_traitsIcEENS_9allocatorIcEEEEN7Walaber12CurveManager19PtrCurvePtrCallbackEEENS_19__map_value_compareIS7_SB_NS_4lessIS7_EELb1EEENS5_ISB_EEE19__equal_range_multiIS7_EENS_4pairINS_15__tree_iteratorISB_PNS_11__tree_nodeISB_PvEElEESP_EERKT_	_ZNSt6__ndk16__treeINS_12__value_typeINS_12basic_stringIcNS_11char_traitsIcEENS_9allocatorIcEEEEN7Walaber12CurveManager19PtrCurvePtrCallbackEEENS_19__map_value_compareIS7_SB_NS_4lessIS7_EELb1EEENS5_ISB_EEE19__equal_range_multiIS7_EENS_4pairINS_15__tree_iteratorISB_PNS_11__tree_nodeISB_PvEElEESP_EERKT_	ok
_globals.cpp	0x3e50dc	164	_ZNSt6__ndk16__treeINS_12__value_typeINS_12basic_stringIcNS_11char_traitsIcEENS_9allocatorIcEEEEN7Walaber12CurveManager13CurveMapEntryEEENS_19__map_value_compareIS7_SB_NS_4lessIS7_EELb1EEENS5_ISB_EEE12__find_equalIS7_EERPNS_16__tree_node_baseIPvEERPNS_15__tree_end_nodeISM_EERKT_	_ZNSt6__ndk16__treeINS_12__value_typeINS_12basic_stringIcNS_11char_traitsIcEENS_9allocatorIcEEEEN7Walaber12CurveManager13CurveMapEntryEEENS_19__map_value_compareIS7_SB_NS_4lessIS7_EELb1EEENS5_ISB_EEE12__find_equalIS7_EERPNS_16__tree_node_baseIPvEERPNS_15__tree_end_nodeISM_EERKT_	ok
_globals.cpp	0x3e51ec	152	_ZNSt6__ndk16__treeINS_12__value_typeINS_12basic_stringIcNS_11char_traitsIcEENS_9allocatorIcEEEEN7Walaber12CurveManager13CurveMapEntryEEENS_19__map_value_compareIS7_SB_NS_4lessIS7_EELb1EEENS5_ISB_EEE16__construct_nodeIJRKNS_21piecewise_construct_tENS_5tupleIJRKS7_EEENSM_IJEEEEEENS_10unique_ptrINS_11__tree_nodeISB_PvEENS_22__tree_node_destructorINS5_ISU_EEEEEEDpOT_	_ZNSt6__ndk16__treeINS_12__value_typeINS_12basic_stringIcNS_11char_traitsIcEENS_9allocatorIcEEEEN7Walaber12CurveManager13CurveMapEntryEEENS_19__map_value_compareIS7_SB_NS_4lessIS7_EELb1EEENS5_ISB_EEE16__construct_nodeIJRKNS_21piecewise_construct_tENS_5tupleIJRKS7_EEENSM_IJEEEEEENS_10unique_ptrINS_11__tree_nodeISB_PvEENS_22__tree_node_destructorINS5_ISU_EEEEEEDpOT_	ok
_globals.cpp	0x3e5284	60	_ZNSt6__ndk16__treeINS_12__value_typeINS_12basic_stringIcNS_11char_traitsIcEENS_9allocatorIcEEEEN7Walaber12CurveManager13CurveMapEntryEEENS_19__map_value_compareIS7_SB_NS_4lessIS7_EELb1EEENS5_ISB_EEE16__insert_node_atEPNS_15__tree_end_nodeIPNS_16__tree_node_baseIPvEEEERSM_SM_	_ZNSt6__ndk16__treeINS_12__value_typeINS_12basic_stringIcNS_11char_traitsIcEENS_9allocatorIcEEEEN7Walaber12CurveManager13CurveMapEntryEEENS_19__map_value_compareIS7_SB_NS_4lessIS7_EELb1EEENS5_ISB_EEE16__insert_node_atEPNS_15__tree_end_nodeIPNS_16__tree_node_baseIPvEEEERSM_SM_	ok
_globals.cpp	0x3e52c0	352	_ZNSt6__ndk16__treeINS_12__value_typeINS_12basic_stringIcNS_11char_traitsIcEENS_9allocatorIcEEEEN7Walaber12CurveManager19PtrCurvePtrCallbackEEENS_19__map_value_compareIS7_SB_NS_4lessIS7_EELb1EEENS5_ISB_EEE5eraseENS_21__tree_const_iteratorISB_PNS_11__tree_nodeISB_PvEElEE	_ZNSt6__ndk16__treeINS_12__value_typeINS_12basic_stringIcNS_11char_traitsIcEENS_9allocatorIcEEEEN7Walaber12CurveManager19PtrCurvePtrCallbackEEENS_19__map_value_compareIS7_SB_NS_4lessIS7_EELb1EEENS5_ISB_EEE5eraseENS_21__tree_const_iteratorISB_PNS_11__tree_nodeISB_PvEElEE	ok
_globals.cpp	0x3f9184	196	_ZTv0_n24_NSt6__ndk118basic_stringstreamIcNS_11char_traitsIcEENS_9allocatorIcEEED1Ev	Tv0_n24_NSt6__ndk118basic_stringstreamIcNS_11char_traitsIcEENS_9allocatorIcEEED1Ev	ok
_globals.cpp	0x3f9248	204	_ZThn16_NSt6__ndk118basic_stringstreamIcNS_11char_traitsIcEENS_9allocatorIcEEED0Ev	Thn16_NSt6__ndk118basic_stringstreamIcNS_11char_traitsIcEENS_9allocatorIcEEED0Ev	ok
_globals.cpp	0x3f9314	200	_ZTv0_n24_NSt6__ndk118basic_stringstreamIcNS_11char_traitsIcEENS_9allocatorIcEEED0Ev	Tv0_n24_NSt6__ndk118basic_stringstreamIcNS_11char_traitsIcEENS_9allocatorIcEEED0Ev	ok
_globals.cpp	0x429768	468	_ZNSt6__ndk16__treeINS_12__value_typeINS_12basic_stringIcNS_11char_traitsIcEENS_9allocatorIcEEEEPN12WaterConcept12NotificationEEENS_19__map_value_compareIS7_SB_NS_4lessIS7_EELb1EEENS5_ISB_EEE13__lower_boundIS7_EENS_15__tree_iteratorISB_PNS_11__tree_nodeISB_PvEElEERKT_SN_PNS_15__tree_end_nodeIPNS_16__tree_node_baseISL_EEEE	_ZNSt6__ndk16__treeINS_12__value_typeINS_12basic_stringIcNS_11char_traitsIcEENS_9allocatorIcEEEEPN12WaterConcept12NotificationEEENS_19__map_value_compareIS7_SB_NS_4lessIS7_EELb1EEENS5_ISB_EEE13__lower_boundIS7_EENS_15__tree_iteratorISB_PNS_11__tree_nodeISB_PvEElEERKT_SN_PNS_15__tree_end_nodeIPNS_16__tree_node_baseISL_EEEE	ok
_globals.cpp	0x42defc	40	_ZNSt6__ndk16__treeINS_12__value_typeINS_12basic_stringIcNS_11char_traitsIcEENS_9allocatorIcEEEEN12WaterConcept12WaterBalloon26WaterBalloonCallbackReasonEEENS_19__map_value_compareIS7_SB_NS_4lessIS7_EELb1EEENS5_ISB_EEE7destroyEPNS_11__tree_nodeISB_PvEE	_ZNSt6__ndk16__treeINS_12__value_typeINS_12basic_stringIcNS_11char_traitsIcEENS_9allocatorIcEEEEN12WaterConcept12WaterBalloon26WaterBalloonCallbackReasonEEENS_19__map_value_compareIS7_SB_NS_4lessIS7_EELb1EEENS5_ISB_EEE7destroyEPNS_11__tree_nodeISB_PvEE	ok
_globals.cpp	0x42ec1c	176	_ZNSt6__ndk16__treeIN21WaterConceptConstants9FluidTypeENS_4lessIS2_EENS_9allocatorIS2_EEE25__emplace_unique_key_argsIS2_JS2_EEENS_4pairINS_15__tree_iteratorIS2_PNS_11__tree_nodeIS2_PvEElEEbEERKT_DpOT0_	_ZNSt6__ndk16__treeIN21WaterConceptConstants9FluidTypeENS_4lessIS2_EENS_9allocatorIS2_EEE25__emplace_unique_key_argsIS2_JS2_EEENS_4pairINS_15__tree_iteratorIS2_PNS_11__tree_nodeIS2_PvEElEEbEERKT_DpOT0_	ok
_globals.cpp	0x42ed80	212	_ZNSt6__ndk16__treeINS_12basic_stringIcNS_11char_traitsIcEENS_9allocatorIcEEEENS_4lessIS6_EENS4_IS6_EEE25__emplace_unique_key_argsIS6_JRKS6_EEENS_4pairINS_15__tree_iteratorIS6_PNS_11__tree_nodeIS6_PvEElEEbEERKT_DpOT0_	_ZNSt6__ndk16__treeINS_12basic_stringIcNS_11char_traitsIcEENS_9allocatorIcEEEENS_4lessIS6_EENS4_IS6_EEE25__emplace_unique_key_argsIS6_JRKS6_EEENS_4pairINS_15__tree_iteratorIS6_PNS_11__tree_nodeIS6_PvEElEEbEERKT_DpOT0_	ok
_globals.cpp	0x42ee54	84	_ZNSt6__ndk16__treeINS_12__value_typeINS_12basic_stringIcNS_11char_traitsIcEENS_9allocatorIcEEEEN12WaterConcept12WaterBalloon26WaterBalloonCallbackReasonEEENS_19__map_value_compareIS7_SB_NS_4lessIS7_EELb1EEENS5_ISB_EEE25__emplace_unique_key_argsIS7_JRKNS_21piecewise_construct_tENS_5tupleIJOS7_EEENSM_IJEEEEEENS_4pairINS_15__tree_iteratorISB_PNS_11__tree_nodeISB_PvEElEEbEERKT_DpOT0_	_ZNSt6__ndk16__treeINS_12__value_typeINS_12basic_stringIcNS_11char_traitsIcEENS_9allocatorIcEEEEN12WaterConcept12WaterBalloon26WaterBalloonCallbackReasonEEENS_19__map_value_compareIS7_SB_NS_4lessIS7_EELb1EEENS5_ISB_EEE25__emplace_unique_key_argsIS7_JRKNS_21piecewise_construct_tENS_5tupleIJOS7_EEENSM_IJEEEEEENS_4pairINS_15__tree_iteratorISB_PNS_11__tree_nodeISB_PvEElEEbEERKT_DpOT0_	ok
_globals.cpp	0x42eff4	180	_ZNSt6__ndk16__treeINS_12__value_typeINS_12basic_stringIcNS_11char_traitsIcEENS_9allocatorIcEEEEN12WaterConcept12WaterBalloon26WaterBalloonCallbackReasonEEENS_19__map_value_compareIS7_SB_NS_4lessIS7_EELb1EEENS5_ISB_EEE12__find_equalIS7_EERPNS_16__tree_node_baseIPvEERPNS_15__tree_end_nodeISM_EERKT_	_ZNSt6__ndk16__treeINS_12__value_typeINS_12basic_stringIcNS_11char_traitsIcEENS_9allocatorIcEEEEN12WaterConcept12WaterBalloon26WaterBalloonCallbackReasonEEENS_19__map_value_compareIS7_SB_NS_4lessIS7_EELb1EEENS5_ISB_EEE12__find_equalIS7_EERPNS_16__tree_node_baseIPvEERPNS_15__tree_end_nodeISM_EERKT_	ok
_globals.cpp	0x42f0a8	172	_ZNSt6__ndk16__treeINS_12__value_typeINS_12basic_stringIcNS_11char_traitsIcEENS_9allocatorIcEEEEN12WaterConcept12WaterBalloon26WaterBalloonCallbackReasonEEENS_19__map_value_compareIS7_SB_NS_4lessIS7_EELb1EEENS5_ISB_EEE4findIS7_EENS_15__tree_iteratorISB_PNS_11__tree_nodeISB_PvEElEERKT_	_ZNSt6__ndk16__treeINS_12__value_typeINS_12basic_stringIcNS_11char_traitsIcEENS_9allocatorIcEEEEN12WaterConcept12WaterBalloon26WaterBalloonCallbackReasonEEENS_19__map_value_compareIS7_SB_NS_4lessIS7_EELb1EEENS5_ISB_EEE4findIS7_EENS_15__tree_iteratorISB_PNS_11__tree_nodeISB_PvEElEERKT_	ok
_globals.cpp	0x42f154	60	_ZNSt6__ndk16__treeINS_12__value_typeINS_12basic_stringIcNS_11char_traitsIcEENS_9allocatorIcEEEEN12WaterConcept12WaterBalloon26WaterBalloonCallbackReasonEEENS_19__map_value_compareIS7_SB_NS_4lessIS7_EELb1EEENS5_ISB_EEE13__lower_boundIS7_EENS_15__tree_iteratorISB_PNS_11__tree_nodeISB_PvEElEERKT_SN_PNS_15__tree_end_nodeIPNS_16__tree_node_baseISL_EEEE	_ZNSt6__ndk16__treeINS_12__value_typeINS_12basic_stringIcNS_11char_traitsIcEENS_9allocatorIcEEEEN12WaterConcept12WaterBalloon26WaterBalloonCallbackReasonEEENS_19__map_value_compareIS7_SB_NS_4lessIS7_EELb1EEENS5_ISB_EEE13__lower_boundIS7_EENS_15__tree_iteratorISB_PNS_11__tree_nodeISB_PvEElEERKT_SN_PNS_15__tree_end_nodeIPNS_16__tree_node_baseISL_EEEE	ok
_globals.cpp	0x42f1f4	132	_Z10drawMaskedPN7Walaber6SpriteENS_9SharedPtrINS_7TextureEEERKNS_4RectERKNS_5ColorE	drawMasked	ok
_globals.cpp	0x434920	80	_ZNSt6__ndk16__treeINS_12__value_typeINS_12basic_stringIcNS_11char_traitsIcEENS_9allocatorIcEEEEN12WaterConcept18ParallaxPuppetShow11ShowElementEEENS_19__map_value_compareIS7_SB_NS_4lessIS7_EELb1EEENS5_ISB_EEE16__insert_node_atEPNS_15__tree_end_nodeIPNS_16__tree_node_baseIPvEEEERSM_SM_	_ZNSt6__ndk16__treeINS_12__value_typeINS_12basic_stringIcNS_11char_traitsIcEENS_9allocatorIcEEEEN12WaterConcept18ParallaxPuppetShow11ShowElementEEENS_19__map_value_compareIS7_SB_NS_4lessIS7_EELb1EEENS5_ISB_EEE16__insert_node_atEPNS_15__tree_end_nodeIPNS_16__tree_node_baseIPvEEEERSM_SM_	ok
_globals.cpp	0x434c80	104	_ZNSt6__ndk16__treeINS_12__value_typeINS_12basic_stringIcNS_11char_traitsIcEENS_9allocatorIcEEEEN12WaterConcept18ParallaxPuppetShow11ShowElementEEENS_19__map_value_compareIS7_SB_NS_4lessIS7_EELb1EEENS5_ISB_EEE4findIS7_EENS_15__tree_iteratorISB_PNS_11__tree_nodeISB_PvEElEERKT_	_ZNSt6__ndk16__treeINS_12__value_typeINS_12basic_stringIcNS_11char_traitsIcEENS_9allocatorIcEEEEN12WaterConcept18ParallaxPuppetShow11ShowElementEEENS_19__map_value_compareIS7_SB_NS_4lessIS7_EELb1EEENS5_ISB_EEE4findIS7_EENS_15__tree_iteratorISB_PNS_11__tree_nodeISB_PvEElEERKT_	ok
_globals.cpp	0x434ce8	496	_ZNSt6__ndk16__treeINS_12__value_typeINS_12basic_stringIcNS_11char_traitsIcEENS_9allocatorIcEEEEN12WaterConcept18ParallaxPuppetShow11ShowElementEEENS_19__map_value_compareIS7_SB_NS_4lessIS7_EELb1EEENS5_ISB_EEE13__lower_boundIS7_EENS_15__tree_iteratorISB_PNS_11__tree_nodeISB_PvEElEERKT_SN_PNS_15__tree_end_nodeIPNS_16__tree_node_baseISL_EEEE	_ZNSt6__ndk16__treeINS_12__value_typeINS_12basic_stringIcNS_11char_traitsIcEENS_9allocatorIcEEEEN12WaterConcept18ParallaxPuppetShow11ShowElementEEENS_19__map_value_compareIS7_SB_NS_4lessIS7_EELb1EEENS5_ISB_EEE13__lower_boundIS7_EENS_15__tree_iteratorISB_PNS_11__tree_nodeISB_PvEElEERKT_SN_PNS_15__tree_end_nodeIPNS_16__tree_node_baseISL_EEEE	ok
_globals.cpp	0x435010	176	_ZNSt6__ndk16__treeINS_12__value_typeINS_12basic_stringIcNS_11char_traitsIcEENS_9allocatorIcEEEEN12WaterConcept18ParallaxPuppetShow11ShowElementEEENS_19__map_value_compareIS7_SB_NS_4lessIS7_EELb1EEENS5_ISB_EEE19__equal_range_multiIS7_EENS_4pairINS_15__tree_iteratorISB_PNS_11__tree_nodeISB_PvEElEESP_EERKT_	_ZNSt6__ndk16__treeINS_12__value_typeINS_12basic_stringIcNS_11char_traitsIcEENS_9allocatorIcEEEEN12WaterConcept18ParallaxPuppetShow11ShowElementEEENS_19__map_value_compareIS7_SB_NS_4lessIS7_EELb1EEENS5_ISB_EEE19__equal_range_multiIS7_EENS_4pairINS_15__tree_iteratorISB_PNS_11__tree_nodeISB_PvEElEESP_EERKT_	ok
_globals.cpp	0x43c630	560	_ZNSt6__ndk16__treeINS_12__value_typeINS_12basic_stringIcNS_11char_traitsIcEENS_9allocatorIcEEEEN12WaterConcept20PlayerDataSerializer13LevelPackInfoEEENS_19__map_value_compareIS7_SB_NS_4lessIS7_EELb1EEENS5_ISB_EEE4findIS7_EENS_15__tree_iteratorISB_PNS_11__tree_nodeISB_PvEElEERKT_	_ZNSt6__ndk16__treeINS_12__value_typeINS_12basic_stringIcNS_11char_traitsIcEENS_9allocatorIcEEEEN12WaterConcept20PlayerDataSerializer13LevelPackInfoEEENS_19__map_value_compareIS7_SB_NS_4lessIS7_EELb1EEENS5_ISB_EEE4findIS7_EENS_15__tree_iteratorISB_PNS_11__tree_nodeISB_PvEElEERKT_	ok
_globals.cpp	0x43c880	532	_ZNSt6__ndk16__treeINS_12__value_typeINS_12basic_stringIcNS_11char_traitsIcEENS_9allocatorIcEEEEN12WaterConcept20PlayerDataSerializer13LevelPackInfoEEENS_19__map_value_compareIS7_SB_NS_4lessIS7_EELb1EEENS5_ISB_EEE12__find_equalIS7_EERPNS_16__tree_node_baseIPvEERPNS_15__tree_end_nodeISM_EERKT_	_ZNSt6__ndk16__treeINS_12__value_typeINS_12basic_stringIcNS_11char_traitsIcEENS_9allocatorIcEEEEN12WaterConcept20PlayerDataSerializer13LevelPackInfoEEENS_19__map_value_compareIS7_SB_NS_4lessIS7_EELb1EEENS5_ISB_EEE12__find_equalIS7_EERPNS_16__tree_node_baseIPvEERPNS_15__tree_end_nodeISM_EERKT_	ok
_globals.cpp	0x43cab4	532	_ZNSt6__ndk16__treeINS_12__value_typeINS_12basic_stringIcNS_11char_traitsIcEENS_9allocatorIcEEEEN12WaterConcept20PlayerDataSerializer9LevelInfoEEENS_19__map_value_compareIS7_SB_NS_4lessIS7_EELb1EEENS5_ISB_EEE13__lower_boundIS7_EENS_15__tree_iteratorISB_PNS_11__tree_nodeISB_PvEElEERKT_SN_PNS_15__tree_end_nodeIPNS_16__tree_node_baseISL_EEEE	_ZNSt6__ndk16__treeINS_12__value_typeINS_12basic_stringIcNS_11char_traitsIcEENS_9allocatorIcEEEEN12WaterConcept20PlayerDataSerializer9LevelInfoEEENS_19__map_value_compareIS7_SB_NS_4lessIS7_EELb1EEENS5_ISB_EEE13__lower_boundIS7_EENS_15__tree_iteratorISB_PNS_11__tree_nodeISB_PvEElEERKT_SN_PNS_15__tree_end_nodeIPNS_16__tree_node_baseISL_EEEE	ok
_globals.cpp	0x43cce8	60	_ZNSt6__ndk16__treeINS_12__value_typeINS_12basic_stringIcNS_11char_traitsIcEENS_9allocatorIcEEEEN12WaterConcept20PlayerDataSerializer9LevelInfoEEENS_19__map_value_compareIS7_SB_NS_4lessIS7_EELb1EEENS5_ISB_EEE12__find_equalIS7_EERPNS_16__tree_node_baseIPvEERPNS_15__tree_end_nodeISM_EERKT_	_ZNSt6__ndk16__treeINS_12__value_typeINS_12basic_stringIcNS_11char_traitsIcEENS_9allocatorIcEEEEN12WaterConcept20PlayerDataSerializer9LevelInfoEEENS_19__map_value_compareIS7_SB_NS_4lessIS7_EELb1EEENS5_ISB_EEE12__find_equalIS7_EERPNS_16__tree_node_baseIPvEERPNS_15__tree_end_nodeISM_EERKT_	ok
_globals.cpp	0x43cd24	60	_ZNSt6__ndk16__treeINS_12__value_typeINS_12basic_stringIcNS_11char_traitsIcEENS_9allocatorIcEEEEN12WaterConcept20PlayerDataSerializer9LevelInfoEEENS_19__map_value_compareIS7_SB_NS_4lessIS7_EELb1EEENS5_ISB_EEE16__construct_nodeIJRKNS_21piecewise_construct_tENS_5tupleIJRKS7_EEENSM_IJEEEEEENS_10unique_ptrINS_11__tree_nodeISB_PvEENS_22__tree_node_destructorINS5_ISU_EEEEEEDpOT_	_ZNSt6__ndk16__treeINS_12__value_typeINS_12basic_stringIcNS_11char_traitsIcEENS_9allocatorIcEEEEN12WaterConcept20PlayerDataSerializer9LevelInfoEEENS_19__map_value_compareIS7_SB_NS_4lessIS7_EELb1EEENS5_ISB_EEE16__construct_nodeIJRKNS_21piecewise_construct_tENS_5tupleIJRKS7_EEENSM_IJEEEEEENS_10unique_ptrINS_11__tree_nodeISB_PvEENS_22__tree_node_destructorINS5_ISU_EEEEEEDpOT_	ok
_globals.cpp	0x43cdc0	276	_ZNSt6__ndk16__treeINS_12__value_typeINS_12basic_stringIcNS_11char_traitsIcEENS_9allocatorIcEEEEN12WaterConcept20PlayerDataSerializer9LevelInfoEEENS_19__map_value_compareIS7_SB_NS_4lessIS7_EELb1EEENS5_ISB_EEE16__insert_node_atEPNS_15__tree_end_nodeIPNS_16__tree_node_baseIPvEEEERSM_SM_	_ZNSt6__ndk16__treeINS_12__value_typeINS_12basic_stringIcNS_11char_traitsIcEENS_9allocatorIcEEEEN12WaterConcept20PlayerDataSerializer9LevelInfoEEENS_19__map_value_compareIS7_SB_NS_4lessIS7_EELb1EEENS5_ISB_EEE16__insert_node_atEPNS_15__tree_end_nodeIPNS_16__tree_node_baseIPvEEEERSM_SM_	ok
_globals.cpp	0x43cef0	88	_ZNSt6__ndk16__treeINS_12__value_typeINS_12basic_stringIcNS_11char_traitsIcEENS_9allocatorIcEEEEN12WaterConcept20PlayerDataSerializer15AchievementInfoEEENS_19__map_value_compareIS7_SB_NS_4lessIS7_EELb1EEENS5_ISB_EEE13__lower_boundIS7_EENS_15__tree_iteratorISB_PNS_11__tree_nodeISB_PvEElEERKT_SN_PNS_15__tree_end_nodeIPNS_16__tree_node_baseISL_EEEE	_ZNSt6__ndk16__treeINS_12__value_typeINS_12basic_stringIcNS_11char_traitsIcEENS_9allocatorIcEEEEN12WaterConcept20PlayerDataSerializer15AchievementInfoEEENS_19__map_value_compareIS7_SB_NS_4lessIS7_EELb1EEENS5_ISB_EEE13__lower_boundIS7_EENS_15__tree_iteratorISB_PNS_11__tree_nodeISB_PvEElEERKT_SN_PNS_15__tree_end_nodeIPNS_16__tree_node_baseISL_EEEE	ok
_globals.cpp	0x43cf48	544	_ZNSt6__ndk16__treeINS_12__value_typeINS_12basic_stringIcNS_11char_traitsIcEENS_9allocatorIcEEEEN12WaterConcept20PlayerDataSerializer15AchievementInfoEEENS_19__map_value_compareIS7_SB_NS_4lessIS7_EELb1EEENS5_ISB_EEE25__emplace_unique_key_argsIS7_JRKNS_21piecewise_construct_tENS_5tupleIJRKS7_EEENSM_IJEEEEEENS_4pairINS_15__tree_iteratorISB_PNS_11__tree_nodeISB_PvEElEEbEERKT_DpOT0_	_ZNSt6__ndk16__treeINS_12__value_typeINS_12basic_stringIcNS_11char_traitsIcEENS_9allocatorIcEEEEN12WaterConcept20PlayerDataSerializer15AchievementInfoEEENS_19__map_value_compareIS7_SB_NS_4lessIS7_EELb1EEENS5_ISB_EEE25__emplace_unique_key_argsIS7_JRKNS_21piecewise_construct_tENS_5tupleIJRKS7_EEENSM_IJEEEEEENS_4pairINS_15__tree_iteratorISB_PNS_11__tree_nodeISB_PvEElEEbEERKT_DpOT0_	ok
_globals.cpp	0x43d168	328	_ZNSt6__ndk16__treeINS_12__value_typeINS_12basic_stringIcNS_11char_traitsIcEENS_9allocatorIcEEEEN12WaterConcept20PlayerDataSerializer15AchievementInfoEEENS_19__map_value_compareIS7_SB_NS_4lessIS7_EELb1EEENS5_ISB_EEE16__construct_nodeIJRKNS_21piecewise_construct_tENS_5tupleIJRKS7_EEENSM_IJEEEEEENS_10unique_ptrINS_11__tree_nodeISB_PvEENS_22__tree_node_destructorINS5_ISU_EEEEEEDpOT_	_ZNSt6__ndk16__treeINS_12__value_typeINS_12basic_stringIcNS_11char_traitsIcEENS_9allocatorIcEEEEN12WaterConcept20PlayerDataSerializer15AchievementInfoEEENS_19__map_value_compareIS7_SB_NS_4lessIS7_EELb1EEENS5_ISB_EEE16__construct_nodeIJRKNS_21piecewise_construct_tENS_5tupleIJRKS7_EEENSM_IJEEEEEENS_10unique_ptrINS_11__tree_nodeISB_PvEENS_22__tree_node_destructorINS5_ISU_EEEEEEDpOT_	ok
_globals.cpp	0x447dd8	96	_ZN7Walaber17RibbonParticleSetILi10EED2Ev	_ZN7Walaber17RibbonParticleSetILi10EED2Ev	ok
_globals.cpp	0x44b524	740	_ZN7Walaber17RibbonParticleSetILi10EEC2Ej	_ZN7Walaber17RibbonParticleSetILi10EEC2Ej	ok
_globals.cpp	0x46b0c0	2212	_ZN7Walaber17RibbonParticleSetILi10EE11addParticleEfRKNS_7Vector2ES4_fS4_S4_S4_ffiRi	_ZN7Walaber17RibbonParticleSetILi10EE11addParticleEfRKNS_7Vector2ES4_fS4_S4_S4_ffiRi	ok
_globals.cpp	0x46cc40	664	_ZNSt6__ndk16vectorIN7Walaber14RibbonParticleILi10EEENS_9allocatorIS3_EEE18__construct_at_endEm	_ZNSt6__ndk16vectorIN7Walaber14RibbonParticleILi10EEENS_9allocatorIS3_EEE18__construct_at_endEm	ok
_globals.cpp	0x46d8b8	52	_ZN7Walaber17RibbonParticleSetILi10EE14removeParticleEi	_ZN7Walaber17RibbonParticleSetILi10EE14removeParticleEi	ok
_globals.cpp	0x46dac8	88	_ZNSt6__ndk16__treeINS_12__value_typeINS_12basic_stringIcNS_11char_traitsIcEENS_9allocatorIcEEEEN12WaterConcept5World20WorldSpoutConnectionEEENS_19__map_value_compareIS7_SB_NS_4lessIS7_EELb1EEENS5_ISB_EEE15__emplace_multiIJNS_4pairIS7_SA_EEEEENS_15__tree_iteratorISB_PNS_11__tree_nodeISB_PvEElEEDpOT_	_ZNSt6__ndk16__treeINS_12__value_typeINS_12basic_stringIcNS_11char_traitsIcEENS_9allocatorIcEEEEN12WaterConcept5World20WorldSpoutConnectionEEENS_19__map_value_compareIS7_SB_NS_4lessIS7_EELb1EEENS5_ISB_EEE15__emplace_multiIJNS_4pairIS7_SA_EEEEENS_15__tree_iteratorISB_PNS_11__tree_nodeISB_PvEElEEDpOT_	ok
_globals.cpp	0x46dc1c	748	_ZNSt6__ndk16__treeINS_12__value_typeINS_12basic_stringIcNS_11char_traitsIcEENS_9allocatorIcEEEEN12WaterConcept5World20WorldSpoutConnectionEEENS_19__map_value_compareIS7_SB_NS_4lessIS7_EELb1EEENS5_ISB_EEE16__find_leaf_highERPNS_15__tree_end_nodeIPNS_16__tree_node_baseIPvEEEERKS7_	_ZNSt6__ndk16__treeINS_12__value_typeINS_12basic_stringIcNS_11char_traitsIcEENS_9allocatorIcEEEEN12WaterConcept5World20WorldSpoutConnectionEEENS_19__map_value_compareIS7_SB_NS_4lessIS7_EELb1EEENS5_ISB_EEE16__find_leaf_highERPNS_15__tree_end_nodeIPNS_16__tree_node_baseIPvEEEERKS7_	ok
_globals.cpp	0x46df08	92	_ZNSt6__ndk16__treeINS_12__value_typeINS_12basic_stringIcNS_11char_traitsIcEENS_9allocatorIcEEEEN12WaterConcept5World20WorldSpoutConnectionEEENS_19__map_value_compareIS7_SB_NS_4lessIS7_EELb1EEENS5_ISB_EEE4findIS7_EENS_15__tree_iteratorISB_PNS_11__tree_nodeISB_PvEElEERKT_	_ZNSt6__ndk16__treeINS_12__value_typeINS_12basic_stringIcNS_11char_traitsIcEENS_9allocatorIcEEEEN12WaterConcept5World20WorldSpoutConnectionEEENS_19__map_value_compareIS7_SB_NS_4lessIS7_EELb1EEENS5_ISB_EEE4findIS7_EENS_15__tree_iteratorISB_PNS_11__tree_nodeISB_PvEElEERKT_	ok
_globals.cpp	0x46df7c	184	_ZNSt6__ndk16__treeINS_12__value_typeINS_12basic_stringIcNS_11char_traitsIcEENS_9allocatorIcEEEEN12WaterConcept5World20WorldSpoutConnectionEEENS_19__map_value_compareIS7_SB_NS_4lessIS7_EELb1EEENS5_ISB_EEE13__lower_boundIS7_EENS_15__tree_iteratorISB_PNS_11__tree_nodeISB_PvEElEERKT_SN_PNS_15__tree_end_nodeIPNS_16__tree_node_baseISL_EEEE	_ZNSt6__ndk16__treeINS_12__value_typeINS_12basic_stringIcNS_11char_traitsIcEENS_9allocatorIcEEEEN12WaterConcept5World20WorldSpoutConnectionEEENS_19__map_value_compareIS7_SB_NS_4lessIS7_EELb1EEENS5_ISB_EEE13__lower_boundIS7_EENS_15__tree_iteratorISB_PNS_11__tree_nodeISB_PvEElEERKT_SN_PNS_15__tree_end_nodeIPNS_16__tree_node_baseISL_EEEE	ok
_globals.cpp	0x46e034	176	_ZNSt6__ndk16__treeINS_12__value_typeINS_12basic_stringIcNS_11char_traitsIcEENS_9allocatorIcEEEEN12WaterConcept5World20WorldSpoutConnectionEEENS_19__map_value_compareIS7_SB_NS_4lessIS7_EELb1EEENS5_ISB_EEE5eraseENS_21__tree_const_iteratorISB_PNS_11__tree_nodeISB_PvEElEE	_ZNSt6__ndk16__treeINS_12__value_typeINS_12basic_stringIcNS_11char_traitsIcEENS_9allocatorIcEEEEN12WaterConcept5World20WorldSpoutConnectionEEENS_19__map_value_compareIS7_SB_NS_4lessIS7_EELb1EEENS5_ISB_EEE5eraseENS_21__tree_const_iteratorISB_PNS_11__tree_nodeISB_PvEElEE	ok
_globals.cpp	0x46e4dc	384	_ZNSt6__ndk16__treeINS_12__value_typeINS_12basic_stringIcNS_11char_traitsIcEENS_9allocatorIcEEEEPN12WaterConcept17InteractiveObjectEEENS_19__map_value_compareIS7_SB_NS_4lessIS7_EELb1EEENS5_ISB_EEE16__construct_nodeIJRKNS_21piecewise_construct_tENS_5tupleIJRKS7_EEENSM_IJEEEEEENS_10unique_ptrINS_11__tree_nodeISB_PvEENS_22__tree_node_destructorINS5_ISU_EEEEEEDpOT_	_ZNSt6__ndk16__treeINS_12__value_typeINS_12basic_stringIcNS_11char_traitsIcEENS_9allocatorIcEEEEPN12WaterConcept17InteractiveObjectEEENS_19__map_value_compareIS7_SB_NS_4lessIS7_EELb1EEENS5_ISB_EEE16__construct_nodeIJRKNS_21piecewise_construct_tENS_5tupleIJRKS7_EEENSM_IJEEEEEENS_10unique_ptrINS_11__tree_nodeISB_PvEENS_22__tree_node_destructorINS5_ISU_EEEEEEDpOT_	ok
_globals.cpp	0x46f4a8	520	_ZNSt6__ndk16__treeIiNS_4lessIiEENS_9allocatorIiEEE25__emplace_unique_key_argsIiJiEEENS_4pairINS_15__tree_iteratorIiPNS_11__tree_nodeIiPvEElEEbEERKT_DpOT0_	_ZNSt6__ndk16__treeIiNS_4lessIiEENS_9allocatorIiEEE25__emplace_unique_key_argsIiJiEEENS_4pairINS_15__tree_iteratorIiPNS_11__tree_nodeIiPvEElEEbEERKT_DpOT0_	ok
_globals.cpp	0x46f784	2436	_ZNSt6__ndk16__treeIN12WaterConcept8GridCellENS_4lessIS2_EENS_9allocatorIS2_EEE25__emplace_unique_key_argsIS2_JRKS2_EEENS_4pairINS_15__tree_iteratorIS2_PNS_11__tree_nodeIS2_PvEElEEbEERKT_DpOT0_	_ZNSt6__ndk16__treeIN12WaterConcept8GridCellENS_4lessIS2_EENS_9allocatorIS2_EEE25__emplace_unique_key_argsIS2_JRKS2_EEENS_4pairINS_15__tree_iteratorIS2_PNS_11__tree_nodeIS2_PvEElEEbEERKT_DpOT0_	ok
_globals.cpp	0x48a088	32	_ZNSt6__ndk16__treeINS_12__value_typeINS_12basic_stringIcNS_11char_traitsIcEENS_9allocatorIcEEEEN7Walaber9SharedPtrINS8_8CallbackEEEEENS_19__map_value_compareIS7_SC_NS_4lessIS7_EELb1EEENS5_ISC_EEE25__emplace_unique_key_argsIS7_JRKNS_21piecewise_construct_tENS_5tupleIJRKS7_EEENSN_IJEEEEEENS_4pairINS_15__tree_iteratorISC_PNS_11__tree_nodeISC_PvEElEEbEERKT_DpOT0_	_ZNSt6__ndk16__treeINS_12__value_typeINS_12basic_stringIcNS_11char_traitsIcEENS_9allocatorIcEEEEN7Walaber9SharedPtrINS8_8CallbackEEEEENS_19__map_value_compareIS7_SC_NS_4lessIS7_EELb1EEENS5_ISC_EEE25__emplace_unique_key_argsIS7_JRKNS_21piecewise_construct_tENS_5tupleIJRKS7_EEENSN_IJEEEEEENS_4pairINS_15__tree_iteratorISC_PNS_11__tree_nodeISC_PvEElEEbEERKT_DpOT0_	ok
_globals.cpp	0x48a0a8	260	_ZNSt6__ndk16__treeINS_12__value_typeINS_12basic_stringIcNS_11char_traitsIcEENS_9allocatorIcEEEEN7Walaber9SharedPtrINS8_8CallbackEEEEENS_19__map_value_compareIS7_SC_NS_4lessIS7_EELb1EEENS5_ISC_EEE12__find_equalIS7_EERPNS_16__tree_node_baseIPvEERPNS_15__tree_end_nodeISN_EERKT_	_ZNSt6__ndk16__treeINS_12__value_typeINS_12basic_stringIcNS_11char_traitsIcEENS_9allocatorIcEEEEN7Walaber9SharedPtrINS8_8CallbackEEEEENS_19__map_value_compareIS7_SC_NS_4lessIS7_EELb1EEENS5_ISC_EEE12__find_equalIS7_EERPNS_16__tree_node_baseIPvEERPNS_15__tree_end_nodeISN_EERKT_	ok
_globals.cpp	0x48a1e4	64	_ZNSt6__ndk16__treeINS_12__value_typeINS_12basic_stringIcNS_11char_traitsIcEENS_9allocatorIcEEEEN7Walaber9SharedPtrINS8_8CallbackEEEEENS_19__map_value_compareIS7_SC_NS_4lessIS7_EELb1EEENS5_ISC_EEE16__construct_nodeIJRKNS_21piecewise_construct_tENS_5tupleIJRKS7_EEENSN_IJEEEEEENS_10unique_ptrINS_11__tree_nodeISC_PvEENS_22__tree_node_destructorINS5_ISV_EEEEEEDpOT_	_ZNSt6__ndk16__treeINS_12__value_typeINS_12basic_stringIcNS_11char_traitsIcEENS_9allocatorIcEEEEN7Walaber9SharedPtrINS8_8CallbackEEEEENS_19__map_value_compareIS7_SC_NS_4lessIS7_EELb1EEENS5_ISC_EEE16__construct_nodeIJRKNS_21piecewise_construct_tENS_5tupleIJRKS7_EEENSN_IJEEEEEENS_10unique_ptrINS_11__tree_nodeISC_PvEENS_22__tree_node_destructorINS5_ISV_EEEEEEDpOT_	ok
_globals.cpp	0x495d80	68	_ZNSt6__ndk16__treeIPN12WaterConcept17InteractiveObjectENS_4lessIS3_EENS_9allocatorIS3_EEE25__emplace_unique_key_argsIS3_JRKS3_EEENS_4pairINS_15__tree_iteratorIS3_PNS_11__tree_nodeIS3_PvEElEEbEERKT_DpOT0_	_ZNSt6__ndk16__treeIPN12WaterConcept17InteractiveObjectENS_4lessIS3_EENS_9allocatorIS3_EEE25__emplace_unique_key_argsIS3_JRKS3_EEENS_4pairINS_15__tree_iteratorIS3_PNS_11__tree_nodeIS3_PvEElEEbEERKT_DpOT0_	ok
_globals.cpp	0x499898	36	_ZThn488_N12WaterConcept20HDAssetsNotificationD0Ev	Thn488_N12WaterConcept20HDAssetsNotificationD0Ev	ok
_globals.cpp	0x4a00b8	248	_ZNSt6__ndk16__treeINS_12__value_typeINS_12basic_stringIcNS_11char_traitsIcEENS_9allocatorIcEEEEPN12WaterConcept12NotificationEEENS_19__map_value_compareIS7_SB_NS_4lessIS7_EELb1EEENS5_ISB_EEE25__emplace_unique_key_argsIS7_JRKNS_21piecewise_construct_tENS_5tupleIJRKS7_EEENSM_IJEEEEEENS_4pairINS_15__tree_iteratorISB_PNS_11__tree_nodeISB_PvEElEEbEERKT_DpOT0_	_ZNSt6__ndk16__treeINS_12__value_typeINS_12basic_stringIcNS_11char_traitsIcEENS_9allocatorIcEEEEPN12WaterConcept12NotificationEEENS_19__map_value_compareIS7_SB_NS_4lessIS7_EELb1EEENS5_ISB_EEE25__emplace_unique_key_argsIS7_JRKNS_21piecewise_construct_tENS_5tupleIJRKS7_EEENSM_IJEEEEEENS_4pairINS_15__tree_iteratorISB_PNS_11__tree_nodeISB_PvEElEEbEERKT_DpOT0_	ok
_globals.cpp	0x4a01c4	156	_ZNSt6__ndk16__treeINS_12__value_typeINS_12basic_stringIcNS_11char_traitsIcEENS_9allocatorIcEEEEPN12WaterConcept12NotificationEEENS_19__map_value_compareIS7_SB_NS_4lessIS7_EELb1EEENS5_ISB_EEE12__find_equalIS7_EERPNS_16__tree_node_baseIPvEERPNS_15__tree_end_nodeISM_EERKT_	_ZNSt6__ndk16__treeINS_12__value_typeINS_12basic_stringIcNS_11char_traitsIcEENS_9allocatorIcEEEEPN12WaterConcept12NotificationEEENS_19__map_value_compareIS7_SB_NS_4lessIS7_EELb1EEENS5_ISB_EEE12__find_equalIS7_EERPNS_16__tree_node_baseIPvEERPNS_15__tree_end_nodeISM_EERKT_	ok
_globals.cpp	0x4a0274	196	_ZNSt6__ndk16__treeINS_12__value_typeINS_12basic_stringIcNS_11char_traitsIcEENS_9allocatorIcEEEEPN12WaterConcept12NotificationEEENS_19__map_value_compareIS7_SB_NS_4lessIS7_EELb1EEENS5_ISB_EEE16__construct_nodeIJRKNS_21piecewise_construct_tENS_5tupleIJRKS7_EEENSM_IJEEEEEENS_10unique_ptrINS_11__tree_nodeISB_PvEENS_22__tree_node_destructorINS5_ISU_EEEEEEDpOT_	_ZNSt6__ndk16__treeINS_12__value_typeINS_12basic_stringIcNS_11char_traitsIcEENS_9allocatorIcEEEEPN12WaterConcept12NotificationEEENS_19__map_value_compareIS7_SB_NS_4lessIS7_EELb1EEENS5_ISB_EEE16__construct_nodeIJRKNS_21piecewise_construct_tENS_5tupleIJRKS7_EEENSM_IJEEEEEENS_10unique_ptrINS_11__tree_nodeISB_PvEENS_22__tree_node_destructorINS5_ISU_EEEEEEDpOT_	ok
_globals.cpp	0x4a044c	300	_ZNSt6__ndk111__sift_downIRN12WaterConcept21NotificationSingleton16NotificationData19NotificationCompareENS_16__deque_iteratorIS3_PS3_RS3_PS7_lLl64EEEEEvT0_SB_T_NS_15iterator_traitsISB_E15difference_typeESB_	_ZNSt6__ndk111__sift_downIRN12WaterConcept21NotificationSingleton16NotificationData19NotificationCompareENS_16__deque_iteratorIS3_PS3_RS3_PS7_lLl64EEEEEvT0_SB_T_NS_15iterator_traitsISB_E15difference_typeESB_	ok
_globals.cpp	0x4a1508	776	_ZNSt6__ndk19__sift_upIRN12WaterConcept21NotificationSingleton16NotificationData19NotificationCompareENS_16__deque_iteratorIS3_PS3_RS3_PS7_lLl64EEEEEvT0_SB_T_NS_15iterator_traitsISB_E15difference_typeE	_ZNSt6__ndk19__sift_upIRN12WaterConcept21NotificationSingleton16NotificationData19NotificationCompareENS_16__deque_iteratorIS3_PS3_RS3_PS7_lLl64EEEEEvT0_SB_T_NS_15iterator_traitsISB_E15difference_typeE	ok
_globals.cpp	0x4ad620	144	_ZThn32_N12WaterConcept17Screen_Challenges11handleEventEiRKN7Walaber6Widget15WidgetActionRetEPS2_	Thn32_N12WaterConcept17Screen_Challenges11handleEventEiRKN7Walaber6Widget15WidgetActionRetEPS2_	ok
_globals.cpp	0x4ada88	1672	_ZNSt6__ndk16__treeINS_12__value_typeIPN7Walaber6WidgetENS_12basic_stringIcNS_11char_traitsIcEENS_9allocatorIcEEEEEENS_19__map_value_compareIS4_SB_NS_4lessIS4_EELb1EEENS8_ISB_EEE7destroyEPNS_11__tree_nodeISB_PvEE	_ZNSt6__ndk16__treeINS_12__value_typeIPN7Walaber6WidgetENS_12basic_stringIcNS_11char_traitsIcEENS_9allocatorIcEEEEEENS_19__map_value_compareIS4_SB_NS_4lessIS4_EELb1EEENS8_ISB_EEE7destroyEPNS_11__tree_nodeISB_PvEE	ok
_globals.cpp	0x4ae374	180	_ZThn144_N12WaterConcept19Screen_CollectiblesD0Ev	Thn144_N12WaterConcept19Screen_CollectiblesD0Ev	ok
_globals.cpp	0x4b68a0	556	_ZThn144_N12WaterConcept14Screen_CreditsD0Ev	Thn144_N12WaterConcept14Screen_CreditsD0Ev	ok
_globals.cpp	0x4c0740	188	_ZN7Walaber11XMLDocument8IteratorppEi	_ZN7Walaber11XMLDocument8IteratorppEi	ok
_globals.cpp	0x4cb7d0	84	_ZNSt6__ndk16__treeINS_12basic_stringIcNS_11char_traitsIcEENS_9allocatorIcEEEENS_4lessIS6_EENS4_IS6_EEE30__emplace_hint_unique_key_argsIS6_JRKS6_EEENS_15__tree_iteratorIS6_PNS_11__tree_nodeIS6_PvEElEENS_21__tree_const_iteratorIS6_SI_lEERKT_DpOT0_	_ZNSt6__ndk16__treeINS_12basic_stringIcNS_11char_traitsIcEENS_9allocatorIcEEEENS_4lessIS6_EENS4_IS6_EEE30__emplace_hint_unique_key_argsIS6_JRKS6_EEENS_15__tree_iteratorIS6_PNS_11__tree_nodeIS6_PvEElEENS_21__tree_const_iteratorIS6_SI_lEERKT_DpOT0_	ok
_globals.cpp	0x4cdbf0	16	_ZThn144_N12WaterConcept25Screen_EditorObjectEditorD0Ev	Thn144_N12WaterConcept25Screen_EditorObjectEditorD0Ev	ok
_globals.cpp	0x4d12b0	36	_ZNSt6__ndk114__split_bufferINS_6vectorINS_4pairINS_12basic_stringIcNS_11char_traitsIcEENS_9allocatorIcEEEES8_EENS6_IS9_EEEERNS6_ISB_EEEC2EmmSD_	_ZNSt6__ndk114__split_bufferINS_6vectorINS_4pairINS_12basic_stringIcNS_11char_traitsIcEENS_9allocatorIcEEEES8_EENS6_IS9_EEEERNS6_ISB_EEEC2EmmSD_	ok
_globals.cpp	0x4d12d4	136	_ZNSt6__ndk16vectorINS0_INS_4pairINS_12basic_stringIcNS_11char_traitsIcEENS_9allocatorIcEEEES7_EENS5_IS8_EEEENS5_ISA_EEE26__swap_out_circular_bufferERNS_14__split_bufferISA_RSB_EE	_ZNSt6__ndk16vectorINS0_INS_4pairINS_12basic_stringIcNS_11char_traitsIcEENS_9allocatorIcEEEES7_EENS5_IS8_EEEENS5_ISA_EEE26__swap_out_circular_bufferERNS_14__split_bufferISA_RSB_EE	ok
_globals.cpp	0x4d135c	324	_ZNSt6__ndk114__split_bufferINS_6vectorINS_4pairINS_12basic_stringIcNS_11char_traitsIcEENS_9allocatorIcEEEES8_EENS6_IS9_EEEERNS6_ISB_EEED2Ev	_ZNSt6__ndk114__split_bufferINS_6vectorINS_4pairINS_12basic_stringIcNS_11char_traitsIcEENS_9allocatorIcEEEES8_EENS6_IS9_EEEERNS6_ISB_EEED2Ev	ok
_globals.cpp	0x4d14a0	196	_ZThn144_N12WaterConcept25Screen_EditorObjectSelectD0Ev	Thn144_N12WaterConcept25Screen_EditorObjectSelectD0Ev	ok
_globals.cpp	0x4dbbe8	28	_ZN7Walaber9Utilities10create_mapIN12WaterConcept10Screen_Hub9HubActionENS3_10WidgetNameEEcvNSt6__ndk13mapIS4_S5_NS7_4lessIS4_EENS7_9allocatorINS7_4pairIKS4_S5_EEEEEEEv	_ZN7Walaber9Utilities10create_mapIN12WaterConcept10Screen_Hub9HubActionENS3_10WidgetNameEEcvNSt6__ndk13mapIS4_S5_NS7_4lessIS4_EENS7_9allocatorINS7_4pairIKS4_S5_EEEEEEEv	ok
_globals.cpp	0x4ecf54	244	_ZThn144_N12WaterConcept16Screen_LanguagesD0Ev	Thn144_N12WaterConcept16Screen_LanguagesD0Ev	ok
_globals.cpp	0x5686f4	228	_ZThn144_N12WaterConcept19Screen_UpsellWater2D0Ev	Thn144_N12WaterConcept19Screen_UpsellWater2D0Ev	ok
_globals.cpp	0x56b26c	172	_ZThn144_N12WaterConcept16Screen_WaterTestD0Ev	Thn144_N12WaterConcept16Screen_WaterTestD0Ev	ok
_globals.cpp	0x5a8d04	320	_ZTv0_n24_NSt6__ndk113basic_istreamIwNS_11char_traitsIwEEED0Ev	Tv0_n24_NSt6__ndk113basic_istreamIwNS_11char_traitsIwEEED0Ev	ok
_globals.cpp	0x5adbf8	296	_ZTv0_n24_NSt6__ndk113basic_ostreamIwNS_11char_traitsIwEEED0Ev	Tv0_n24_NSt6__ndk113basic_ostreamIwNS_11char_traitsIwEEED0Ev	ok
_globals.cpp	0x5c6464	876	_ZNSt6__ndk117moneypunct_bynameIwLb0EE4initEPKc	_ZNSt6__ndk117moneypunct_bynameIwLb0EE4initEPKc	ok
_globals.cpp	0x5c6f4c	96	_ZNKSt6__ndk117moneypunct_bynameIwLb0EE13do_neg_formatEv	_ZNKSt6__ndk117moneypunct_bynameIwLb0EE13do_neg_formatEv	ok
_globals.cpp	0x5da7ac	320	_ZNKSt6__ndk115__codecvt_utf16IwLb0EE9do_lengthER9mbstate_tPKcS5_m	_ZNKSt6__ndk115__codecvt_utf16IwLb0EE9do_lengthER9mbstate_tPKcS5_m	ok
_globals.cpp	0x5dab68	168	_ZNKSt6__ndk115__codecvt_utf16IDsLb0EE6do_outER9mbstate_tPKDsS5_RS5_PcS7_RS7_	_ZNKSt6__ndk115__codecvt_utf16IDsLb0EE6do_outER9mbstate_tPKDsS5_RS5_PcS7_RS7_	ok
_globals.cpp	0x5dac10	4	_ZNKSt6__ndk115__codecvt_utf16IDsLb0EE5do_inER9mbstate_tPKcS5_RS5_PDsS7_RS7_	_ZNKSt6__ndk115__codecvt_utf16IDsLb0EE5do_inER9mbstate_tPKcS5_RS5_PDsS7_RS7_	ok
_globals.cpp	0x5dac44	88	_ZNKSt6__ndk115__codecvt_utf16IDsLb0EE10do_unshiftER9mbstate_tPcS4_RS4_	_ZNKSt6__ndk115__codecvt_utf16IDsLb0EE10do_unshiftER9mbstate_tPcS4_RS4_	ok
_globals.cpp	0x5dac9c	4	_ZNKSt6__ndk115__codecvt_utf16IDsLb0EE9do_lengthER9mbstate_tPKcS5_m	_ZNKSt6__ndk115__codecvt_utf16IDsLb0EE9do_lengthER9mbstate_tPKcS5_m	ok
_globals.cpp	0x5dbf60	2820	_ZNSt6__ndk117__widen_from_utf8ILm16EED0Ev	_ZNSt6__ndk117__widen_from_utf8ILm16EED0Ev	ok
_globals.cpp	0x5e3258	88	_ZnwmSt11align_val_t	__int128	ok
_globals.cpp	0x5e3318	724	_ZnamSt11align_val_tRKSt9nothrow_t	__int128	ok
_globals.cpp	0x5e3688	936	_ZNSt13runtime_erroraSERKS_	_ZNSt13runtime_erroraSERKS_	ok
_globals.cpp	0x5e40f8	296	_ZNSt6__ndk112basic_stringIcNS_11char_traitsIcEENS_9allocatorIcEEEaSEc	_ZNSt6__ndk112basic_stringIcNS_11char_traitsIcEENS_9allocatorIcEEEaSEc	ok
_globals.cpp	0x609588	536	__addtf3	__addtf3	ok
_globals.cpp	0x60f0c8	312	__sfp_handle_exceptions	__sfp_handle_exceptions	ok
_tmpl/basic_filebuf_char__std____ndk1__char_tr_d10e41e3.cpp	0x3d4774	156	_ZNSt6__ndk113basic_filebufIcNS_11char_traitsIcEEED2Ev	basic_filebuf<char, std::__ndk1::char_traits<char>>::~basic_filebuf	ok
_tmpl/basic_ifstream_char__std____ndk1__char_t_a8fac34b.cpp	0x402f44	1536	_ZNSt6__ndk114basic_ifstreamIcNS_11char_traitsIcEEED1Ev	basic_ifstream<char, std::__ndk1::char_traits<char>>::~basic_ifstream	ok
_tmpl/basic_ios_char__std____ndk1__char_traits_84452179.cpp	0x5a417c	84	_ZNSt6__ndk19basic_iosIcNS_11char_traitsIcEEED0Ev	basic_ios<char, std::__ndk1::char_traits<char>>::~basic_ios	ok
_tmpl/basic_ostream_wchar_t__std____ndk1__char_7997accd.cpp	0x5ada90	64	_ZNSt6__ndk113basic_ostreamIwNS_11char_traitsIwEEEC2EPNS_15basic_streambufIwS2_EE	basic_ostream<wchar_t, std::__ndk1::char_traits<wchar_t>>::basic_ostream	ok
_tmpl/basic_string_char__std____ndk1__char_tra_ca231e53.cpp	0x5e3d0c	184	_ZNSt6__ndk112basic_stringIcNS_11char_traitsIcEENS_9allocatorIcEEEC1ERKS5_mmRKS4_	basic_string<char, std::__ndk1::char_traits<char>, std::__ndk1::allocator<char>>::basic_string	ok
_tmpl/basic_string_char__std____ndk1__char_tra_ca231e53.cpp	0x5e3f9c	104	_ZNSt6__ndk112basic_stringIcNS_11char_traitsIcEENS_9allocatorIcEEED1Ev	basic_string<char, std::__ndk1::char_traits<char>, std::__ndk1::allocator<char>>::~basic_string	ok
_tmpl/basic_string_wchar_t__std____ndk1__char__93d6f3f3.cpp	0x5e73ac	7872	_ZNSt6__ndk112basic_stringIwNS_11char_traitsIwEENS_9allocatorIwEEEC2ERKS5_mmRKS4_	basic_string<wchar_t, std::__ndk1::char_traits<wchar_t>, std::__ndk1::allocator<wchar_t>>::basic_string	ok
_tmpl/basic_stringbuf_char__std____ndk1__char__f766e382.cpp	0x3f93dc	120	_ZNSt6__ndk115basic_stringbufIcNS_11char_traitsIcEENS_9allocatorIcEEED0Ev	basic_stringbuf<char, std::__ndk1::char_traits<char>, std::__ndk1::allocator<char>>::~basic_stringbuf	ok
_tmpl/codecvt_char32_t__char__mbstate_t__4558755d.cpp	0x5d95cc	24	_ZNSt6__ndk17codecvtIDic9mbstate_tED0Ev	codecvt<char32_t, char, mbstate_t>::~codecvt	ok
_tmpl/codecvt_wchar_t__char__mbstate_t__b7f6c1a5.cpp	0x5cd618	96	_ZNSt6__ndk17codecvtIwc9mbstate_tEC2EPKcm	codecvt<wchar_t, char, mbstate_t>::codecvt	ok
_tmpl/codecvt_wchar_t__char__mbstate_t__b7f6c1a5.cpp	0x5d8244	8	_ZNSt6__ndk17codecvtIwc9mbstate_tEC2Em	codecvt<wchar_t, char, mbstate_t>::codecvt	ok
_tmpl/codecvt_byname_char32_t__char__mbstate_t_1ec76e64.cpp	0x5cd874	216	_ZNSt6__ndk114codecvt_bynameIDic9mbstate_tED0Ev	codecvt_byname<char32_t, char, mbstate_t>::~codecvt_byname	ok
const_Walaber/AABB.cpp	0x3dfbbc	120	_ZNK7Walaber4AABB10intersectsERKS0_	const Walaber::AABB::intersects	ok
const_Walaber/BezierCurve.cpp	0x3dfc34	336	_ZNK7Walaber11BezierCurve14_evaluateCurveEff	const Walaber::BezierCurve::_evaluateCurve	ok
const_Walaber/BitmapFont.cpp	0x366398	84	_ZNK7Walaber10BitmapFont17_wrapStringAtWordERiRKNSt6__ndk112basic_stringIcNS2_11char_traitsIcEENS2_9allocatorIcEEEEff	const Walaber::BitmapFont::_wrapStringAtWord	ok
const_Walaber/Curve.cpp	0x3e15e8	1476	_ZNK7Walaber5Curve11findSegmentEfRiS1_	const Walaber::Curve::findSegment	ok
const_Walaber/SoundManager.cpp	0x3522f0	240	_ZNK7Walaber12SoundManager26getFilenameForSoundInGroupEii	const Walaber::SoundManager::getFilenameForSoundInGroup	ok
const_Walaber/VerletIntegrator.cpp	0x394e70	120	_ZNK7Walaber16VerletIntegrator18integrateParticlesEPNS_7Vector2ES2_S2_S2_fi	const Walaber::VerletIntegrator::integrateParticles	ok
const_Walaber/VerletIntegrator.cpp	0x394ee8	384	_ZNK7Walaber16VerletIntegrator19integrateVelocitiesEPNS_7Vector2ES2_S2_fi	const Walaber::VerletIntegrator::integrateVelocities	ok
const_WaterConcept/InteractiveObject.cpp	0x487e00	72	_ZNK12WaterConcept17InteractiveObject13shapeContainsERKN7Walaber7Vector2Ei	const WaterConcept::InteractiveObject::shapeContains	ok
const_WaterConcept/InteractiveObject.cpp	0x487f08	260	_ZNK12WaterConcept17InteractiveObject15getClosestPointERKN7Walaber7Vector2ERS2_S5_	const WaterConcept::InteractiveObject::getClosestPoint	ok
const_WaterConcept/InteractiveObject.cpp	0x48808c	80	_ZNK12WaterConcept17InteractiveObject21getClosestPointOnEdgeERKN7Walaber7Vector2ERKNSt6__ndk16vectorIS2_NS5_9allocatorIS2_EEEEiRS2_SC_Rf	const WaterConcept::InteractiveObject::getClosestPointOnEdge	ok
const_WaterConcept/InteractiveObject.cpp	0x4884f4	88	_ZNK12WaterConcept17InteractiveObject22getClosestPointOnShapeERKN7Walaber7Vector2EiRS2_S5_RiRf	const WaterConcept::InteractiveObject::getClosestPointOnShape	ok
const_WaterConcept/InteractiveObject.cpp	0x48868c	52	_ZNK12WaterConcept17InteractiveObject28getClosestPointOnEdgeSquaredERKN7Walaber7Vector2ERKNSt6__ndk16vectorIS2_NS5_9allocatorIS2_EEEEiRS2_SC_Rf	const WaterConcept::InteractiveObject::getClosestPointOnEdgeSquared	ok
const_WaterConcept/InteractiveObject.cpp	0x488dc0	120	_ZNK12WaterConcept17InteractiveObject20getSpriteWorldSizeAtEi	const WaterConcept::InteractiveObject::getSpriteWorldSizeAt	ok
const_WaterConcept/Screen_MainMenu_v2.cpp	0x51ae18	1696	_ZNK12WaterConcept18Screen_MainMenu_v230_getSubscreenIDForCurrentIndexEv	const WaterConcept::Screen_MainMenu_v2::_getSubscreenIDForCurrentIndex	ok
const_std/__ndk1.cpp	0x5da928	524	_ZNKSt6__ndk115__codecvt_utf16IwLb1EE5do_inER9mbstate_tPKcS5_RS5_PwS7_RS7_	const std::__ndk1::__codecvt_utf16<wchar_t, bool>	ok
const_std/__ndk1.cpp	0x5dad20	4	_ZNKSt6__ndk115__codecvt_utf16IDsLb1EE6do_outER9mbstate_tPKDsS5_RS5_PcS7_RS7_	const std::__ndk1::__codecvt_utf16<char16_t, bool>	ok
_tmpl/const_std____ndk1____codecvt_utf8_char16_e2b7f3d0.cpp	0x5da010	224	_ZNKSt6__ndk114__codecvt_utf8IDsE6do_outER9mbstate_tPKDsS5_RS5_PcS7_RS7_	const std::__ndk1::__codecvt_utf8<char16_t>::do_out	ok
_tmpl/const_std____ndk1____codecvt_utf8_char16_e2b7f3d0.cpp	0x5da0f0	320	_ZNKSt6__ndk114__codecvt_utf8IDsE5do_inER9mbstate_tPKcS5_RS5_PDsS7_RS7_	const std::__ndk1::__codecvt_utf8<char16_t>::do_in	ok
_tmpl/const_std____ndk1____codecvt_utf8_char16_e2b7f3d0.cpp	0x5da26c	36	_ZNKSt6__ndk114__codecvt_utf8IDsE9do_lengthER9mbstate_tPKcS5_m	const std::__ndk1::__codecvt_utf8<char16_t>::do_length	ok
_tmpl/const_std____ndk1____codecvt_utf8_char32_e2d25156.cpp	0x5da3a8	44	_ZNKSt6__ndk114__codecvt_utf8IDiE6do_outER9mbstate_tPKDiS5_RS5_PcS7_RS7_	const std::__ndk1::__codecvt_utf8<char32_t>::do_out	ok
_tmpl/const_std____ndk1____codecvt_utf8_char32_e2d25156.cpp	0x5da4f4	596	_ZNKSt6__ndk114__codecvt_utf8IDiE9do_lengthER9mbstate_tPKcS5_m	const std::__ndk1::__codecvt_utf8<char32_t>::do_length	ok
_tmpl/const_std____ndk1____codecvt_utf8_utf16__cb81121d.cpp	0x5dbc5c	8	_ZNKSt6__ndk120__codecvt_utf8_utf16IDsE6do_outER9mbstate_tPKDsS5_RS5_PcS7_RS7_	const std::__ndk1::__codecvt_utf8_utf16<char16_t>::do_out	ok
_tmpl/const_std____ndk1____codecvt_utf8_utf16__cb81121d.cpp	0x5dbd24	140	_ZNKSt6__ndk120__codecvt_utf8_utf16IDsE5do_inER9mbstate_tPKcS5_RS5_PDsS7_RS7_	const std::__ndk1::__codecvt_utf8_utf16<char16_t>::do_in	ok
_tmpl/const_std____ndk1____codecvt_utf8_utf16__cb9b6fa3.cpp	0x5dbdb0	8	_ZNKSt6__ndk120__codecvt_utf8_utf16IDiE6do_outER9mbstate_tPKDiS5_RS5_PcS7_RS7_	const std::__ndk1::__codecvt_utf8_utf16<char32_t>::do_out	ok
_tmpl/const_std____ndk1____codecvt_utf8_utf16__bb6e948d.cpp	0x5db714	20	_ZNKSt6__ndk120__codecvt_utf8_utf16IwE6do_outER9mbstate_tPKwS5_RS5_PcS7_RS7_	const std::__ndk1::__codecvt_utf8_utf16<wchar_t>::do_out	ok
_tmpl/const_std____ndk1____codecvt_utf8_utf16__bb6e948d.cpp	0x5db904	244	_ZNKSt6__ndk120__codecvt_utf8_utf16IwE5do_inER9mbstate_tPKcS5_RS5_PwS7_RS7_	const std::__ndk1::__codecvt_utf8_utf16<wchar_t>::do_in	ok
_tmpl/const_std____ndk1____time_get_c_storage__34101772.cpp	0x5dd410	6348	_ZNKSt6__ndk120__time_get_c_storageIcE7__am_pmEv	const std::__ndk1::__time_get_c_storage<char>::__am_pm	ok
_tmpl/const_std____ndk1____time_get_c_storage__bccc2772.cpp	0x5dcca0	304	_ZNKSt6__ndk120__time_get_c_storageIwE7__weeksEv	const std::__ndk1::__time_get_c_storage<wchar_t>::__weeks	ok
_tmpl/const_std____ndk1____time_get_c_storage__bccc2772.cpp	0x5dd2ac	336	_ZNKSt6__ndk120__time_get_c_storageIwE8__monthsEv	const std::__ndk1::__time_get_c_storage<wchar_t>::__months	ok
const_std/__ndk1/__time_put.cpp	0x5c4434	12	_ZNKSt6__ndk110__time_put8__do_putEPcRS1_PK2tmcc	const std::__ndk1::__time_put::__do_put	ok
_tmpl/const_std____ndk1____tree_std____ndk1____913e938c.cpp	0x3697e8	356	_ZNKSt6__ndk16__treeINS_12__value_typeINS_12basic_stringIcNS_11char_traitsIcEENS_9allocatorIcEEEEfEENS_19__map_value_compareIS7_S8_NS_4lessIS7_EELb1EEENS5_IS8_EEE13__lower_boundIS7_EENS_21__tree_const_iteratorIS8_PNS_11__tree_nodeIS8_PvEElEERKT_SK_PNS_15__tree_end_nodeIPNS_16__tree_node_baseISI_EEEE	const std::__ndk1::__tree<std::__ndk1::__value_type<std::__ndk1::basic_string<char, std::__ndk1::char_traits<char>, std::__ndk1::allocator<char>>, float>, std::__ndk1::__map_value_compare<std::__ndk1::allocator<char>, std::__ndk1::basic_string<char, std::__ndk1::char_traits<char>, std::__ndk1::allocator<char>>, std::__ndk1::less<std::__ndk1::allocator<char>>, bool>>::std::__ndk1::char_traits<char><std::__ndk1::basic_string<char, std::__ndk1::char_traits<char>, std::__ndk1::allocator<char>>>	ok
_tmpl/const_std____ndk1__basic_string_char__st_24a18b75.cpp	0x5e5d60	104	_ZNKSt6__ndk112basic_stringIcNS_11char_traitsIcEENS_9allocatorIcEEE4copyEPcmm	const std::__ndk1::basic_string<char, std::__ndk1::char_traits<char>, std::__ndk1::allocator<char>>::copy	ok
_tmpl/const_std____ndk1__basic_string_char__st_24a18b75.cpp	0x5e6b98	1648	_ZNKSt6__ndk112basic_stringIcNS_11char_traitsIcEENS_9allocatorIcEEE16find_last_not_ofEPKcmm	const std::__ndk1::basic_string<char, std::__ndk1::char_traits<char>, std::__ndk1::allocator<char>>::find_last_not_of	ok
_tmpl/const_std____ndk1__basic_string_wchar_t__de042d11.cpp	0x5ea8ec	100	_ZNKSt6__ndk112basic_stringIwNS_11char_traitsIwEENS_9allocatorIwEEE7compareEmmRKS5_mm	const std::__ndk1::basic_string<wchar_t, std::__ndk1::char_traits<wchar_t>, std::__ndk1::allocator<wchar_t>>::compare	ok
_tmpl/const_std____ndk1__basic_string_wchar_t__de042d11.cpp	0x5eaa00	8	_ZNKSt6__ndk112basic_stringIwNS_11char_traitsIwEENS_9allocatorIwEEE7compareEPKw	const std::__ndk1::basic_string<wchar_t, std::__ndk1::char_traits<wchar_t>, std::__ndk1::allocator<wchar_t>>::compare	ok
_tmpl/const_std____ndk1__codecvt_char16_t__cha_c8850ec5.cpp	0x5d91a0	4	_ZNKSt6__ndk17codecvtIDsc9mbstate_tE5do_inERS1_PKcS5_RS5_PDsS7_RS7_	const std::__ndk1::codecvt<char16_t, char, mbstate_t>::do_in	ok
_tmpl/const_std____ndk1__codecvt_char16_t__cha_c8850ec5.cpp	0x5d9538	148	_ZNKSt6__ndk17codecvtIDsc9mbstate_tE9do_lengthERS1_PKcS5_m	const std::__ndk1::codecvt<char16_t, char, mbstate_t>::do_length	ok
_tmpl/const_std____ndk1__codecvt_char32_t__cha_a32cadff.cpp	0x5d9600	2244	_ZNKSt6__ndk17codecvtIDic9mbstate_tE6do_outERS1_PKDiS5_RS5_PcS7_RS7_	const std::__ndk1::codecvt<char32_t, char, mbstate_t>::do_out	ok
_tmpl/const_std____ndk1__codecvt_wchar_t__char_e447ecc3.cpp	0x5d8354	656	_ZNKSt6__ndk17codecvtIwc9mbstate_tE6do_outERS1_PKwS5_RS5_PcS7_RS7_	const std::__ndk1::codecvt<wchar_t, char, mbstate_t>::do_out	ok
_tmpl/const_std____ndk1__codecvt_wchar_t__char_e447ecc3.cpp	0x5d8670	28	_ZNKSt6__ndk17codecvtIwc9mbstate_tE5do_inERS1_PKcS5_RS5_PwS7_RS7_	const std::__ndk1::codecvt<wchar_t, char, mbstate_t>::do_in	ok
_tmpl/const_std____ndk1__codecvt_wchar_t__char_e447ecc3.cpp	0x5d8ac8	104	_ZNKSt6__ndk17codecvtIwc9mbstate_tE11do_encodingEv	const std::__ndk1::codecvt<wchar_t, char, mbstate_t>::do_encoding	ok
_tmpl/const_std____ndk1__codecvt_wchar_t__char_e447ecc3.cpp	0x5d8b8c	4	_ZNKSt6__ndk17codecvtIwc9mbstate_tE9do_lengthERS1_PKcS5_m	const std::__ndk1::codecvt<wchar_t, char, mbstate_t>::do_length	ok
const_std/__ndk1/error_category.cpp	0x5eee94	8	_ZNKSt6__ndk114error_category10equivalentERKNS_10error_codeEi	const std::__ndk1::error_category::equivalent	ok
_tmpl/const_std____ndk1__messages_char__79a9d2da.cpp	0x5cd474	188	_ZNKSt6__ndk18messagesIcE8do_closeEl	const std::__ndk1::messages<char>::do_close	ok
_tmpl/const_std____ndk1__messages_wchar_t__39c3d30a.cpp	0x5cd530	68	_ZNKSt6__ndk18messagesIwE8do_closeEl	const std::__ndk1::messages<wchar_t>::do_close	ok
_tmpl/const_std____ndk1__money_get_wchar_t__st_6cbada7c.cpp	0x5c97c8	544	_ZNKSt6__ndk19money_getIwNS_19istreambuf_iteratorIwNS_11char_traitsIwEEEEE6do_getES4_S4_bRNS_8ios_baseERjRe	const std::__ndk1::money_get<wchar_t, std::__ndk1::istreambuf_iterator<wchar_t, std::__ndk1::char_traits<wchar_t>>>::do_get	ok
_tmpl/const_std____ndk1__money_get_wchar_t__st_6cbada7c.cpp	0x5cb030	508	_ZNKSt6__ndk19money_getIwNS_19istreambuf_iteratorIwNS_11char_traitsIwEEEEE6do_getES4_S4_bRNS_8ios_baseERjRNS_12basic_stringIwS3_NS_9allocatorIwEEEE	const std::__ndk1::money_get<wchar_t, std::__ndk1::istreambuf_iterator<wchar_t, std::__ndk1::char_traits<wchar_t>>>::do_get	ok
_tmpl/const_std____ndk1__money_put_char__std___d0cf9b9f.cpp	0x5cc014	100	_ZNKSt6__ndk19money_putIcNS_19ostreambuf_iteratorIcNS_11char_traitsIcEEEEE6do_putES4_bRNS_8ios_baseEcRKNS_12basic_stringIcS3_NS_9allocatorIcEEEE	const std::__ndk1::money_put<char, std::__ndk1::ostreambuf_iterator<char, std::__ndk1::char_traits<char>>>::do_put	ok
_tmpl/const_std____ndk1__money_put_wchar_t__st_eaf4f5dd.cpp	0x5cc3cc	368	_ZNKSt6__ndk19money_putIwNS_19ostreambuf_iteratorIwNS_11char_traitsIwEEEEE6do_putES4_bRNS_8ios_baseEwe	const std::__ndk1::money_put<wchar_t, std::__ndk1::ostreambuf_iterator<wchar_t, std::__ndk1::char_traits<wchar_t>>>::do_put	ok
_tmpl/const_std____ndk1__money_put_wchar_t__st_eaf4f5dd.cpp	0x5cd0d4	448	_ZNKSt6__ndk19money_putIwNS_19ostreambuf_iteratorIwNS_11char_traitsIwEEEEE6do_putES4_bRNS_8ios_baseEwRKNS_12basic_stringIwS3_NS_9allocatorIwEEEE	const std::__ndk1::money_put<wchar_t, std::__ndk1::ostreambuf_iterator<wchar_t, std::__ndk1::char_traits<wchar_t>>>::do_put	ok
_tmpl/const_std____ndk1__num_get_char__std_____bc3db1b2.cpp	0x5b2ad4	320	_ZNKSt6__ndk17num_getIcNS_19istreambuf_iteratorIcNS_11char_traitsIcEEEEE15__do_get_signedIlEES4_S4_S4_RNS_8ios_baseERjRT_	const std::__ndk1::num_get<char, std::__ndk1::istreambuf_iterator<char, std::__ndk1::char_traits<char>>>::__do_get_signed<long>	ok
_tmpl/const_std____ndk1__num_get_char__std_____bc3db1b2.cpp	0x5b2e78	344	_ZNKSt6__ndk17num_getIcNS_19istreambuf_iteratorIcNS_11char_traitsIcEEEEE15__do_get_signedIxEES4_S4_S4_RNS_8ios_baseERjRT_	const std::__ndk1::num_get<char, std::__ndk1::istreambuf_iterator<char, std::__ndk1::char_traits<char>>>::__do_get_signed<long long>	ok
_tmpl/const_std____ndk1__num_get_char__std_____bc3db1b2.cpp	0x5b40d0	4	_ZNKSt6__ndk17num_getIcNS_19istreambuf_iteratorIcNS_11char_traitsIcEEEEE17__do_get_unsignedIyEES4_S4_S4_RNS_8ios_baseERjRT_	const std::__ndk1::num_get<char, std::__ndk1::istreambuf_iterator<char, std::__ndk1::char_traits<char>>>::__do_get_unsigned<unsigned long long>	ok
_tmpl/const_std____ndk1__num_get_wchar_t__std__9cb5d476.cpp	0x5b5d5c	4	_ZNKSt6__ndk17num_getIwNS_19istreambuf_iteratorIwNS_11char_traitsIwEEEEE6do_getES4_S4_RNS_8ios_baseERjRb	const std::__ndk1::num_get<wchar_t, std::__ndk1::istreambuf_iterator<wchar_t, std::__ndk1::char_traits<wchar_t>>>::do_get	ok
_tmpl/const_std____ndk1__num_get_wchar_t__std__9cb5d476.cpp	0x5b6344	296	_ZNKSt6__ndk17num_getIwNS_19istreambuf_iteratorIwNS_11char_traitsIwEEEEE15__do_get_signedIlEES4_S4_S4_RNS_8ios_baseERjRT_	const std::__ndk1::num_get<wchar_t, std::__ndk1::istreambuf_iterator<wchar_t, std::__ndk1::char_traits<wchar_t>>>::__do_get_signed<long>	ok
_tmpl/const_std____ndk1__num_get_wchar_t__std__9cb5d476.cpp	0x5b6804	100	_ZNKSt6__ndk17num_getIwNS_19istreambuf_iteratorIwNS_11char_traitsIwEEEEE15__do_get_signedIxEES4_S4_S4_RNS_8ios_baseERjRT_	const std::__ndk1::num_get<wchar_t, std::__ndk1::istreambuf_iterator<wchar_t, std::__ndk1::char_traits<wchar_t>>>::__do_get_signed<long long>	ok
_tmpl/const_std____ndk1__num_get_wchar_t__std__9cb5d476.cpp	0x5b7228	4	_ZNKSt6__ndk17num_getIwNS_19istreambuf_iteratorIwNS_11char_traitsIwEEEEE17__do_get_unsignedIjEES4_S4_S4_RNS_8ios_baseERjRT_	const std::__ndk1::num_get<wchar_t, std::__ndk1::istreambuf_iterator<wchar_t, std::__ndk1::char_traits<wchar_t>>>::__do_get_unsigned<unsigned int>	ok
_tmpl/const_std____ndk1__num_get_wchar_t__std__9cb5d476.cpp	0x5b76f0	648	_ZNKSt6__ndk17num_getIwNS_19istreambuf_iteratorIwNS_11char_traitsIwEEEEE17__do_get_unsignedImEES4_S4_S4_RNS_8ios_baseERjRT_	const std::__ndk1::num_get<wchar_t, std::__ndk1::istreambuf_iterator<wchar_t, std::__ndk1::char_traits<wchar_t>>>::__do_get_unsigned<unsigned long>	ok
_tmpl/const_std____ndk1__num_get_wchar_t__std__9cb5d476.cpp	0x5b80e8	8	_ZNKSt6__ndk17num_getIwNS_19istreambuf_iteratorIwNS_11char_traitsIwEEEEE23__do_get_floating_pointIfEES4_S4_S4_RNS_8ios_baseERjRT_	const std::__ndk1::num_get<wchar_t, std::__ndk1::istreambuf_iterator<wchar_t, std::__ndk1::char_traits<wchar_t>>>::__do_get_floating_point<float>	ok
_tmpl/const_std____ndk1__num_get_wchar_t__std__9cb5d476.cpp	0x5b859c	368	_ZNKSt6__ndk17num_getIwNS_19istreambuf_iteratorIwNS_11char_traitsIwEEEEE23__do_get_floating_pointIdEES4_S4_S4_RNS_8ios_baseERjRT_	const std::__ndk1::num_get<wchar_t, std::__ndk1::istreambuf_iterator<wchar_t, std::__ndk1::char_traits<wchar_t>>>::__do_get_floating_point<double>	ok
_tmpl/const_std____ndk1__num_put_char__std_____cd46a065.cpp	0x5ba498	148	_ZNKSt6__ndk17num_putIcNS_19ostreambuf_iteratorIcNS_11char_traitsIcEEEEE6do_putES4_RNS_8ios_baseEcb	const std::__ndk1::num_put<char, std::__ndk1::ostreambuf_iterator<char, std::__ndk1::char_traits<char>>>::do_put	ok
_tmpl/const_std____ndk1__num_put_char__std_____cd46a065.cpp	0x5ba57c	592	_ZNKSt6__ndk17num_putIcNS_19ostreambuf_iteratorIcNS_11char_traitsIcEEEEE6do_putES4_RNS_8ios_baseEcl	const std::__ndk1::num_put<char, std::__ndk1::ostreambuf_iterator<char, std::__ndk1::char_traits<char>>>::do_put	ok
_tmpl/const_std____ndk1__num_put_wchar_t__std__1aefefd7.cpp	0x5bc7b0	104	_ZNKSt6__ndk17num_putIwNS_19ostreambuf_iteratorIwNS_11char_traitsIwEEEEE6do_putES4_RNS_8ios_baseEwb	const std::__ndk1::num_put<wchar_t, std::__ndk1::ostreambuf_iterator<wchar_t, std::__ndk1::char_traits<wchar_t>>>::do_put	ok
_tmpl/const_std____ndk1__num_put_wchar_t__std__1aefefd7.cpp	0x5bc84c	468	_ZNKSt6__ndk17num_putIwNS_19ostreambuf_iteratorIwNS_11char_traitsIwEEEEE6do_putES4_RNS_8ios_baseEwl	const std::__ndk1::num_put<wchar_t, std::__ndk1::ostreambuf_iterator<wchar_t, std::__ndk1::char_traits<wchar_t>>>::do_put	ok
_tmpl/const_std____ndk1__num_put_wchar_t__std__1aefefd7.cpp	0x5bd230	1908	_ZNKSt6__ndk17num_putIwNS_19ostreambuf_iteratorIwNS_11char_traitsIwEEEEE6do_putES4_RNS_8ios_baseEwm	const std::__ndk1::num_put<wchar_t, std::__ndk1::ostreambuf_iterator<wchar_t, std::__ndk1::char_traits<wchar_t>>>::do_put	ok
_tmpl/const_std____ndk1__time_get_char__std____892210bd.cpp	0x5bee20	56	_ZNKSt6__ndk18time_getIcNS_19istreambuf_iteratorIcNS_11char_traitsIcEEEEE17__get_weekdaynameERiRS4_S4_RjRKNS_5ctypeIcEE	const std::__ndk1::time_get<char, std::__ndk1::istreambuf_iterator<char, std::__ndk1::char_traits<char>>>::__get_weekdayname	ok
_tmpl/const_std____ndk1__time_get_char__std____892210bd.cpp	0x5bef64	552	_ZNKSt6__ndk18time_getIcNS_19istreambuf_iteratorIcNS_11char_traitsIcEEEEE16do_get_monthnameES4_S4_RNS_8ios_baseERjP2tm	const std::__ndk1::time_get<char, std::__ndk1::istreambuf_iterator<char, std::__ndk1::char_traits<char>>>::do_get_monthname	ok
_tmpl/const_std____ndk1__time_get_char__std____892210bd.cpp	0x5bf18c	92	_ZNKSt6__ndk18time_getIcNS_19istreambuf_iteratorIcNS_11char_traitsIcEEEEE10__get_yearERiRS4_S4_RjRKNS_5ctypeIcEE	const std::__ndk1::time_get<char, std::__ndk1::istreambuf_iterator<char, std::__ndk1::char_traits<char>>>::__get_year	ok
_tmpl/const_std____ndk1__time_get_char__std____892210bd.cpp	0x5bf1e8	68	_ZNKSt6__ndk18time_getIcNS_19istreambuf_iteratorIcNS_11char_traitsIcEEEEE6do_getES4_S4_RNS_8ios_baseERjP2tmcc	const std::__ndk1::time_get<char, std::__ndk1::istreambuf_iterator<char, std::__ndk1::char_traits<char>>>::do_get	ok
_tmpl/const_std____ndk1__time_get_wchar_t__std_d07431cb.cpp	0x5c1b38	648	_ZNKSt6__ndk18time_getIwNS_19istreambuf_iteratorIwNS_11char_traitsIwEEEEE13__get_percentERS4_S4_RjRKNS_5ctypeIwEE	const std::__ndk1::time_get<wchar_t, std::__ndk1::istreambuf_iterator<wchar_t, std::__ndk1::char_traits<wchar_t>>>::__get_percent	ok
_tmpl/const_std____ndk1__time_put_char__std____9a2aff70.cpp	0x5c4078	848	_ZNKSt6__ndk18time_putIcNS_19ostreambuf_iteratorIcNS_11char_traitsIcEEEEE3putES4_RNS_8ios_baseEcPK2tmPKcSC_	const std::__ndk1::time_put<char, std::__ndk1::ostreambuf_iterator<char, std::__ndk1::char_traits<char>>>::put	ok
_tmpl/const_std____ndk1__time_put_char__std____9a2aff70.cpp	0x5c440c	40	_ZNKSt6__ndk18time_putIcNS_19ostreambuf_iteratorIcNS_11char_traitsIcEEEEE6do_putES4_RNS_8ios_baseEcPK2tmcc	const std::__ndk1::time_put<char, std::__ndk1::ostreambuf_iterator<char, std::__ndk1::char_traits<char>>>::do_put	ok
const_std/nested_exception.cpp	0x5a3dec	128	_ZNKSt16nested_exception14rethrow_nestedEv	const std::nested_exception::rethrow_nested	ok
_tmpl/ctype_byname_char__1bc5e9b0.cpp	0x5d73d0	452	_ZNSt6__ndk112ctype_bynameIcEC2EPKcm	ctype_byname<char>::ctype_byname	ok
_tmpl/ctype_byname_char__1bc5e9b0.cpp	0x5d7594	160	_ZNSt6__ndk112ctype_bynameIcEC2ERKNS_12basic_stringIcNS_11char_traitsIcEENS_9allocatorIcEEEEm	ctype_byname<char>::ctype_byname	ok
_tmpl/ctype_byname_char__1bc5e9b0.cpp	0x5d7634	2420	_ZNSt6__ndk112ctype_bynameIcED0Ev	ctype_byname<char>::~ctype_byname	ok
ios_base.cpp	0x5a40b4	4	_ZNSt6__ndk18ios_baseD2Ev	ios_base::~ios_base	ok
ndk.cpp	0x2bd2b4	68	_ZN3ndk11file_existsEPKc	ndk::file_exists	ok
ndk/ApplicationContext.cpp	0x2b3d50	68	_ZN3ndk18ApplicationContext15resetDatabaseAtERKNSt6__ndk112basic_stringIcNS1_11char_traitsIcEENS1_9allocatorIcEEEES9_	ndk::ApplicationContext::resetDatabaseAt	ok
ndk/ApplicationContext.cpp	0x2ba340	68	_ZN3ndk18ApplicationContext15handleAgeChangeEii	ndk::ApplicationContext::handleAgeChange	ok
ndk/ApplicationContext.cpp	0x2ba450	68	_ZN3ndk18ApplicationContext16checkAudioStatusEv	ndk::ApplicationContext::checkAudioStatus	ok
ndk/ApplicationContext.cpp	0x2ba51c	10552	_ZN3ndk18ApplicationContext15handleURLIntentENSt6__ndk112basic_stringIcNS1_11char_traitsIcEENS1_9allocatorIcEEEE	ndk::ApplicationContext::handleURLIntent	ok
ndk/ApplicationContext.cpp	0x2bcf90	68	_ZN3ndk18ApplicationContext24getPlayerHasMadeProgressEv	ndk::ApplicationContext::getPlayerHasMadeProgress	ok
ndk/ApplicationContext.cpp	0x2bd2f8	64	_ZN3ndk18ApplicationContext27notifyRewardsInitFileSystemEPKc	ndk::ApplicationContext::notifyRewardsInitFileSystem	ok
ndk/ApplicationContext.cpp	0x2c0050	68	_ZN3ndk18ApplicationContext27notifyLoWAMPSInitFileSystemEPKc	ndk::ApplicationContext::notifyLoWAMPSInitFileSystem	ok
ndk/ApplicationContext.cpp	0x2c047c	68	_ZN3ndk18ApplicationContext29notifyLoWAMPSDownloadFinishedEPKcS2_b	ndk::ApplicationContext::notifyLoWAMPSDownloadFinished	ok
_tmpl/ndk__SafePool_ndk__MotionEvent__606fe7f1.cpp	0x2c642c	64	_ZN3ndk8SafePoolINS_11MotionEventEE7reserveEm	ndk::SafePool<ndk::MotionEvent>::reserve	ok
_tmpl/pair_std____ndk1__basic_string_char__std_274df7a0.cpp	0x35663c	256	_ZNSt6__ndk14pairIKNS_12basic_stringIcNS_11char_traitsIcEENS_9allocatorIcEEEEN7Walaber8PropertyEEC2ERKSA_	pair<std::__ndk1::basic_string<char, std::__ndk1::char_traits<char>, std::__ndk1::allocator<char>> const, Walaber::Property>::pair	ok
product.cpp	0x4ea9c4	24	_ZN12WaterConcept20Screen_InAppPurchase7productC2ENSt6__ndk112basic_stringIcNS2_11char_traitsIcEENS2_9allocatorIcEEEES8_	product::product	ok
sentry.cpp	0x3d5e1c	72	_ZNSt6__ndk113basic_istreamIcNS_11char_traitsIcEEE6sentryC2ERS3_b	sentry::sentry	ok
sentry.cpp	0x3d615c	380	_ZNSt6__ndk113basic_ostreamIcNS_11char_traitsIcEEE6sentryD2Ev	sentry::~sentry	ok
sentry.cpp	0x5a63a4	8	_ZNSt6__ndk113basic_istreamIcNS_11char_traitsIcEEE6sentryC1ERS3_b	sentry::sentry	ok
sentry.cpp	0x5a8ee0	12648	_ZNSt6__ndk113basic_istreamIwNS_11char_traitsIwEEE6sentryC2ERS3_b	sentry::sentry	ok
sentry.cpp	0x5adea4	84	_ZNSt6__ndk113basic_ostreamIwNS_11char_traitsIwEEE6sentryD2Ev	sentry::~sentry	ok
std/__ndk1.cpp	0x5c6fac	956	_ZNSt6__ndk117moneypunct_bynameIwLb1EE4initEPKc	std::__ndk1::moneypunct_byname<wchar_t, bool>	ok
std/__ndk1.cpp	0x5c9608	200	_ZNSt6__ndk116__check_groupingERKNS_12basic_stringIcNS_11char_traitsIcEENS_9allocatorIcEEEEPjS8_Rj	std::__ndk1::__check_grouping	ok
std/__ndk1.cpp	0x5eb73c	8	_ZNSt6__ndk15stoulERKNS_12basic_stringIcNS_11char_traitsIcEENS_9allocatorIcEEEEPmi	std::__ndk1::stoul	ok
std/__ndk1.cpp	0x5ebb0c	2680	_ZNSt6__ndk15stollERKNS_12basic_stringIcNS_11char_traitsIcEENS_9allocatorIcEEEEPmi	std::__ndk1::stoll	ok
std/__ndk1.cpp	0x5ec6d0	288	_ZNSt6__ndk14stodERKNS_12basic_stringIcNS_11char_traitsIcEENS_9allocatorIcEEEEPm	std::__ndk1::stod	ok
std/__ndk1.cpp	0x5ec83c	56	_ZNSt6__ndk14stodERKNS_12basic_stringIwNS_11char_traitsIwEENS_9allocatorIwEEEEPm	std::__ndk1::stod	ok
std/__ndk1.cpp	0x5ec930	80	_ZNSt6__ndk15stoldERKNS_12basic_stringIcNS_11char_traitsIcEENS_9allocatorIcEEEEPm	std::__ndk1::stold	ok
std/__ndk1.cpp	0x5ecb34	176	_ZNSt6__ndk15stoldERKNS_12basic_stringIwNS_11char_traitsIwEENS_9allocatorIwEEEEPm	std::__ndk1::stold	ok
std/__ndk1.cpp	0x5ecd08	332	_ZNSt6__ndk19to_stringEi	std::__ndk1::to_string	ok
std/__ndk1.cpp	0x5eceb4	92	_ZNSt6__ndk19to_stringEj	std::__ndk1::to_string	ok
std/__ndk1.cpp	0x5ed240	304	_ZNSt6__ndk19to_stringEm	std::__ndk1::to_string	ok
std/__ndk1.cpp	0x5ed3f4	88	_ZNSt6__ndk19to_stringEx	std::__ndk1::to_string	ok
std/__ndk1.cpp	0x5ed698	80	_ZNSt6__ndk19to_stringEy	std::__ndk1::to_string	ok
std/__ndk1.cpp	0x5edb68	8	_ZNSt6__ndk19to_stringEe	std::__ndk1::to_string	ok
std/__ndk1.cpp	0x5ee0cc	264	_ZNSt6__ndk110to_wstringEl	std::__ndk1::to_wstring	ok
std/__ndk1.cpp	0x5ee3a8	8	_ZNSt6__ndk110to_wstringEm	std::__ndk1::to_wstring	ok
std/__ndk1.cpp	0x5eec50	580	_ZNSt6__ndk110to_wstringEe	std::__ndk1::to_wstring	ok
std/__ndk1/__assoc_sub_state.cpp	0x5f0bc0	636	_ZNSt6__ndk117__assoc_sub_state13set_exceptionESt13exception_ptr	std::__ndk1::__assoc_sub_state::set_exception	ok
std/__ndk1/__assoc_sub_state.cpp	0x5f0e8c	4	_ZNSt6__ndk117__assoc_sub_state28set_exception_at_thread_exitESt13exception_ptr	std::__ndk1::__assoc_sub_state::set_exception_at_thread_exit	ok
_tmpl/std____ndk1____deque_base_WaterConcept___d2a1ac8a.cpp	0x49ff1c	176	_ZNSt6__ndk112__deque_baseIN12WaterConcept21NotificationSingleton16NotificationDataENS_9allocatorIS3_EEE5clearEv	std::__ndk1::__deque_base<WaterConcept::NotificationSingleton::NotificationData, std::__ndk1::allocator<WaterConcept::NotificationSingleton>>::clear	ok
_tmpl/std____ndk1____deque_base_WaterConcept___fa9038d0.cpp	0x48e24c	496	_ZNSt6__ndk112__deque_baseIN12WaterConcept5Spout14QueuedParticleENS_9allocatorIS3_EEE5clearEv	std::__ndk1::__deque_base<WaterConcept::Spout::QueuedParticle, std::__ndk1::allocator<WaterConcept::Spout>>::clear	ok
_tmpl/std____ndk1____deque_base__xmlNode___std_99c56ce5.cpp	0x347ea4	68	_ZNSt6__ndk112__deque_baseIP8_xmlNodeNS_9allocatorIS2_EEE5clearEv	std::__ndk1::__deque_base<_xmlNode*, std::__ndk1::allocator<std::__ndk1::allocator>>::clear	ok
_tmpl/std____ndk1____deque_base_int__std____nd_5f034a35.cpp	0x47fdac	172	_ZNSt6__ndk112__deque_baseIiNS_9allocatorIiEEE5clearEv	std::__ndk1::__deque_base<int, std::__ndk1::allocator<int>>::clear	ok
_tmpl/std____ndk1____fill_n_true_std____ndk1___2c8a8b87.cpp	0x48edfc	752	_ZNSt6__ndk113__fill_n_trueINS_6vectorIbNS_9allocatorIbEEEEEEvNS_14__bit_iteratorIT_Lb0EXLi0EEEENS6_9size_typeE	std::__ndk1::__fill_n_true<std::__ndk1::vector<bool, std::__ndk1::allocator<bool>>>	ok
_tmpl/std____ndk1____list_imp_Walaber__TextLin_48c01c1.cpp	0x38190c	272	_ZNSt6__ndk110__list_impIN7Walaber12TextLineInfoENS_9allocatorIS2_EEE5clearEv	std::__ndk1::__list_imp<Walaber::TextLineInfo, std::__ndk1::allocator<Walaber>>::clear	ok
_tmpl/std____ndk1____list_imp_WaterConcept__Fl_92675a57.cpp	0x40a2c8	104	_ZNSt6__ndk110__list_impIN12WaterConcept6Fluids21CustomParticleDampingENS_9allocatorIS3_EEE5clearEv	std::__ndk1::__list_imp<WaterConcept::Fluids::CustomParticleDamping, std::__ndk1::allocator<WaterConcept::Fluids>>::clear	ok
_tmpl/std____ndk1____list_imp_WaterConcept__Gr_16ba1522.cpp	0x47768c	208	_ZNSt6__ndk110__list_impIN12WaterConcept8GridCellENS_9allocatorIS2_EEE5clearEv	std::__ndk1::__list_imp<WaterConcept::GridCell, std::__ndk1::allocator<WaterConcept>>::clear	ok
_tmpl/std____ndk1____list_imp_int__std____ndk1_186eaad0.cpp	0x2c63a4	68	_ZNSt6__ndk110__list_impIiNS_9allocatorIiEEE5clearEv	std::__ndk1::__list_imp<int, std::__ndk1::allocator<int>>::clear	ok
_tmpl/std____ndk1____list_imp_std____ndk1__bas_fe9f3e5.cpp	0x3ea3c4	1276	_ZNSt6__ndk110__list_impINS_12basic_stringIcNS_11char_traitsIcEENS_9allocatorIcEEEENS4_IS6_EEE5clearEv	std::__ndk1::__list_imp<std::__ndk1::basic_string<char, std::__ndk1::char_traits<char>, std::__ndk1::allocator<char>>, std::__ndk1::char_traits<char><std::__ndk1::allocator<char>>>::clear	ok
_tmpl/std____ndk1____money_get_char__a4da39e4.cpp	0x5c94d4	224	_ZNSt6__ndk111__money_getIcE13__gather_infoEbRKNS_6localeERNS_10money_base7patternERcS8_RNS_12basic_stringIcNS_11char_traitsIcEENS_9allocatorIcEEEESF_SF_SF_Ri	std::__ndk1::__money_get<char>::__gather_info	ok
_tmpl/std____ndk1____money_get_wchar_t__2f6a97c0.cpp	0x5cb22c	80	_ZNSt6__ndk111__money_getIwE13__gather_infoEbRKNS_6localeERNS_10money_base7patternERwS8_RNS_12basic_stringIcNS_11char_traitsIcEENS_9allocatorIcEEEERNS9_IwNSA_IwEENSC_IwEEEESJ_SJ_Ri	std::__ndk1::__money_get<wchar_t>::__gather_info	ok
_tmpl/std____ndk1____money_put_char__5954eedd.cpp	0x5cb85c	748	_ZNSt6__ndk111__money_putIcE13__gather_infoEbbRKNS_6localeERNS_10money_base7patternERcS8_RNS_12basic_stringIcNS_11char_traitsIcEENS_9allocatorIcEEEESF_SF_Ri	std::__ndk1::__money_put<char>::__gather_info	ok
_tmpl/std____ndk1____money_put_char__5954eedd.cpp	0x5cbb48	176	_ZNSt6__ndk111__money_putIcE8__formatEPcRS2_S3_jPKcS5_RKNS_5ctypeIcEEbRKNS_10money_base7patternEccRKNS_12basic_stringIcNS_11char_traitsIcEENS_9allocatorIcEEEESL_SL_i	std::__ndk1::__money_put<char>::__format	ok
_tmpl/std____ndk1____money_put_wchar_t__c2f49427.cpp	0x5cc894	84	_ZNSt6__ndk111__money_putIwE13__gather_infoEbbRKNS_6localeERNS_10money_base7patternERwS8_RNS_12basic_stringIcNS_11char_traitsIcEENS_9allocatorIcEEEERNS9_IwNSA_IwEENSC_IwEEEESJ_Ri	std::__ndk1::__money_put<wchar_t>::__gather_info	ok
_tmpl/std____ndk1____money_put_wchar_t__c2f49427.cpp	0x5cca88	108	_ZNSt6__ndk111__money_putIwE8__formatEPwRS2_S3_jPKwS5_RKNS_5ctypeIwEEbRKNS_10money_base7patternEwwRKNS_12basic_stringIcNS_11char_traitsIcEENS_9allocatorIcEEEERKNSE_IwNSF_IwEENSH_IwEEEESQ_i	std::__ndk1::__money_put<wchar_t>::__format	ok
_tmpl/std____ndk1____num_get_wchar_t__64ba927a.cpp	0x5b9d80	348	_ZNSt6__ndk19__num_getIwE19__stage2_float_prepERNS_8ios_baseEPwRwS5_	std::__ndk1::__num_get<wchar_t>::__stage2_float_prep	ok
_tmpl/std____ndk1____num_get_wchar_t__64ba927a.cpp	0x5b9f1c	104	_ZNSt6__ndk19__num_getIwE19__stage2_float_loopEwRbRcPcRS4_wwRKNS_12basic_stringIcNS_11char_traitsIcEENS_9allocatorIcEEEEPjRSE_RjPw	std::__ndk1::__num_get<wchar_t>::__stage2_float_loop	ok
_tmpl/std____ndk1____num_put_wchar_t__f8448ee1.cpp	0x5bcb08	244	_ZNSt6__ndk19__num_putIwE21__widen_and_group_intEPcS2_S2_PwRS3_S4_RKNS_6localeE	std::__ndk1::__num_put<wchar_t>::__widen_and_group_int	ok
std/__ndk1/__num_put_base.cpp	0x5ba818	7100	_ZNSt6__ndk114__num_put_base12__format_intEPcPKcbj	std::__ndk1::__num_put_base::__format_int	ok
_tmpl/std____ndk1____sort3__bool__Walaber__Sha_f4c98668.cpp	0x34af20	68	_ZNSt6__ndk17__sort3IRPFbN7Walaber9SharedPtrINS1_13SkeletonActor15EventActionDataEEES5_EPS5_EEjT0_SA_SA_T_	std::__ndk1::__sort3<(bool, Walaber::SharedPtr<std::__ndk1::__sort3::SkeletonActor::EventActionData>, std::__ndk1::__sort3::SkeletonActor::EventActionData)*&, std::__ndk1::__sort3::SkeletonActor::EventActionData*>	ok
_tmpl/std____ndk1____sort4__bool__Walaber__Sha_8c8eed68.cpp	0x34b2cc	68	_ZNSt6__ndk17__sort4IRPFbN7Walaber9SharedPtrINS1_13SkeletonActor15EventActionDataEEES5_EPS5_EEjT0_SA_SA_SA_T_	std::__ndk1::__sort4<(bool, Walaber::SharedPtr<std::__ndk1::__sort4::SkeletonActor::EventActionData>, std::__ndk1::__sort4::SkeletonActor::EventActionData)*&, std::__ndk1::__sort4::SkeletonActor::EventActionData*>	ok
_tmpl/std____ndk1____split_buffer_Walaber__PCS_ca21a658.cpp	0x36eaa4	568	_ZNSt6__ndk114__split_bufferIPPN7Walaber7PCSNodeERNS_9allocatorIS4_EEE10push_frontERKS4_	std::__ndk1::__split_buffer<Walaber::PCSNode**, std::__ndk1::allocator<std::__ndk1::allocator>&>::push_front	ok
_tmpl/std____ndk1____split_buffer_Walaber__PCS_82642ebe.cpp	0x36e520	1412	_ZNSt6__ndk114__split_bufferIPPN7Walaber7PCSNodeENS_9allocatorIS4_EEE9push_backEOS4_	std::__ndk1::__split_buffer<Walaber::PCSNode**, std::__ndk1::allocator<std::__ndk1::allocator>>::push_back	ok
_tmpl/std____ndk1____split_buffer_Walaber__Par_ac825544.cpp	0x394c9c	124	_ZNSt6__ndk114__split_bufferIN7Walaber8ParticleERNS_9allocatorIS2_EEE18__construct_at_endEmRKS2_	std::__ndk1::__split_buffer<Walaber::Particle, std::__ndk1::allocator<Walaber>&>::__construct_at_end	ok
_tmpl/std____ndk1____split_buffer_Walaber__Scr_b366a81d.cpp	0x3f33e4	536	_ZNSt6__ndk114__split_bufferIN7Walaber13ScreenManager22ScreenOperationDetailsERNS_9allocatorIS3_EEE18__construct_at_endINS_13move_iteratorIPS3_EEEENS_9enable_ifIXsr21__is_forward_iteratorIT_EE5valueEvE4typeESD_SD_	std::__ndk1::__split_buffer<Walaber::ScreenManager::ScreenOperationDetails, std::__ndk1::allocator<Walaber::ScreenManager>&>::__construct_at_end<std::__ndk1::move_iterator<Walaber::ScreenManager*>>	ok
_tmpl/std____ndk1____split_buffer_WaterConcept_553fd530.cpp	0x4a10e0	100	_ZNSt6__ndk114__split_bufferIPN12WaterConcept21NotificationSingleton16NotificationDataERNS_9allocatorIS4_EEE9push_backEOS4_	std::__ndk1::__split_buffer<WaterConcept::NotificationSingleton::NotificationData*, std::__ndk1::allocator<WaterConcept::NotificationSingleton::NotificationData>&>::push_back	ok
_tmpl/std____ndk1____split_buffer_WaterConcept_553fd530.cpp	0x4a1278	88	_ZNSt6__ndk114__split_bufferIPN12WaterConcept21NotificationSingleton16NotificationDataERNS_9allocatorIS4_EEE10push_frontERKS4_	std::__ndk1::__split_buffer<WaterConcept::NotificationSingleton::NotificationData*, std::__ndk1::allocator<WaterConcept::NotificationSingleton::NotificationData>&>::push_front	ok
_tmpl/std____ndk1____split_buffer_WaterConcept_65d8c4e6.cpp	0x4a0cf0	172	_ZNSt6__ndk114__split_bufferIPN12WaterConcept21NotificationSingleton16NotificationDataENS_9allocatorIS4_EEE9push_backEOS4_	std::__ndk1::__split_buffer<WaterConcept::NotificationSingleton::NotificationData*, std::__ndk1::allocator<WaterConcept::NotificationSingleton::NotificationData>>::push_back	ok
_tmpl/std____ndk1____split_buffer_WaterConcept_65d8c4e6.cpp	0x4a0f04	176	_ZNSt6__ndk114__split_bufferIPN12WaterConcept21NotificationSingleton16NotificationDataENS_9allocatorIS4_EEE10push_frontEOS4_	std::__ndk1::__split_buffer<WaterConcept::NotificationSingleton::NotificationData*, std::__ndk1::allocator<WaterConcept::NotificationSingleton::NotificationData>>::push_front	ok
_tmpl/std____ndk1____split_buffer_WaterConcept_1c376690.cpp	0x48eb90	620	_ZNSt6__ndk114__split_bufferIPN12WaterConcept5Spout14QueuedParticleERNS_9allocatorIS4_EEE9push_backEOS4_	std::__ndk1::__split_buffer<WaterConcept::Spout::QueuedParticle*, std::__ndk1::allocator<WaterConcept::Spout::QueuedParticle>&>::push_back	ok
_tmpl/std____ndk1____split_buffer_WaterConcept_42f98786.cpp	0x48e8ac	740	_ZNSt6__ndk114__split_bufferIPN12WaterConcept5Spout14QueuedParticleENS_9allocatorIS4_EEE10push_frontEOS4_	std::__ndk1::__split_buffer<WaterConcept::Spout::QueuedParticle*, std::__ndk1::allocator<WaterConcept::Spout::QueuedParticle>>::push_front	ok
_tmpl/std____ndk1____split_buffer_int___std____41878ddb.cpp	0x4808c8	36	_ZNSt6__ndk114__split_bufferIPiRNS_9allocatorIS1_EEE9push_backEOS1_	std::__ndk1::__split_buffer<int*, std::__ndk1::allocator<std::__ndk1::__split_buffer>&>::push_back	ok
_tmpl/std____ndk1____split_buffer_int___std____41878ddb.cpp	0x480a40	148	_ZNSt6__ndk114__split_bufferIPiRNS_9allocatorIS1_EEE10push_frontERKS1_	std::__ndk1::__split_buffer<int*, std::__ndk1::allocator<std::__ndk1::__split_buffer>&>::push_front	ok
_tmpl/std____ndk1____split_buffer_int___std____54b1cadb.cpp	0x4806bc	100	_ZNSt6__ndk114__split_bufferIPiNS_9allocatorIS1_EEE10push_frontEOS1_	std::__ndk1::__split_buffer<int*, std::__ndk1::allocator<std::__ndk1::__split_buffer>>::push_front	ok
_tmpl/std____ndk1____tree_Walaber__Widget_Grou_91a2b3e1.cpp	0x3797d4	112	_ZNSt6__ndk16__treeIN7Walaber12Widget_Group10WidgetInfoENS_4lessIS3_EENS_9allocatorIS3_EEE8__detachEPNS_11__tree_nodeIS3_PvEE	std::__ndk1::__tree<Walaber::Widget_Group::WidgetInfo, std::__ndk1::less<Walaber::Widget_Group>, std::__ndk1::allocator<Walaber::Widget_Group>>::__detach	ok
_tmpl/std____ndk1____tree_Walaber__Widget_Grou_91a2b3e1.cpp	0x379844	76	_ZNSt6__ndk16__treeIN7Walaber12Widget_Group10WidgetInfoENS_4lessIS3_EENS_9allocatorIS3_EEE7destroyEPNS_11__tree_nodeIS3_PvEE	std::__ndk1::__tree<Walaber::Widget_Group::WidgetInfo, std::__ndk1::less<Walaber::Widget_Group>, std::__ndk1::allocator<Walaber::Widget_Group>>::destroy	ok
_tmpl/std____ndk1____tree_Walaber__Widget_Grou_91a2b3e1.cpp	0x379890	64	_ZNSt6__ndk16__treeIN7Walaber12Widget_Group10WidgetInfoENS_4lessIS3_EENS_9allocatorIS3_EEE16__insert_node_atEPNS_15__tree_end_nodeIPNS_16__tree_node_baseIPvEEEERSD_SD_	std::__ndk1::__tree<Walaber::Widget_Group::WidgetInfo, std::__ndk1::less<Walaber::Widget_Group>, std::__ndk1::allocator<Walaber::Widget_Group>>::__insert_node_at	ok
_tmpl/std____ndk1____tree_WaterConcept__Intera_c23afb13.cpp	0x495cf0	4	_ZNSt6__ndk16__treeIPN12WaterConcept17InteractiveObjectENS_4lessIS3_EENS_9allocatorIS3_EEE7destroyEPNS_11__tree_nodeIS3_PvEE	std::__ndk1::__tree<WaterConcept::InteractiveObject*, std::__ndk1::less<WaterConcept::InteractiveObject>, std::__ndk1::allocator<WaterConcept::InteractiveObject>>::destroy	ok
_tmpl/std____ndk1____tree_WaterConcept__Intera_c23afb13.cpp	0x495e24	8	_ZNSt6__ndk16__treeIPN12WaterConcept17InteractiveObjectENS_4lessIS3_EENS_9allocatorIS3_EEE16__insert_node_atEPNS_15__tree_end_nodeIPNS_16__tree_node_baseIPvEEEERSD_SD_	std::__ndk1::__tree<WaterConcept::InteractiveObject*, std::__ndk1::less<WaterConcept::InteractiveObject>, std::__ndk1::allocator<WaterConcept::InteractiveObject>>::__insert_node_at	ok
_tmpl/std____ndk1____tree_WaterConcept__Intera_fc40832c.cpp	0x4cc640	120	_ZNSt6__ndk16__treeIPN12WaterConcept17InteractiveObjectENS_4lessIS3_EENS_9allocatorIS3_EEE12__find_equalIS3_EERPNS_16__tree_node_baseIPvEENS_21__tree_const_iteratorIS3_PNS_11__tree_nodeIS3_SB_EElEERPNS_15__tree_end_nodeISD_EESE_RKT_	std::__ndk1::__tree<WaterConcept::InteractiveObject*, std::__ndk1::less<WaterConcept::InteractiveObject>, std::__ndk1::allocator<WaterConcept::InteractiveObject>>::__find_equal<WaterConcept::InteractiveObject>	ok
_tmpl/std____ndk1____tree_WaterConceptConstant_31865c9f.cpp	0x42eccc	180	_ZNSt6__ndk16__treeIN21WaterConceptConstants9FluidTypeENS_4lessIS2_EENS_9allocatorIS2_EEE16__insert_node_atEPNS_15__tree_end_nodeIPNS_16__tree_node_baseIPvEEEERSC_SC_	std::__ndk1::__tree<WaterConceptConstants::FluidType, std::__ndk1::less<WaterConceptConstants>, std::__ndk1::allocator<WaterConceptConstants>>::__insert_node_at	ok
_tmpl/std____ndk1____tree_std____ndk1____value_36fa1f0f.cpp	0x56a5c0	60	_ZNSt6__ndk16__treeINS_12__value_typeIPN7Walaber6WidgetEN12WaterConcept19Screen_UpsellWater214TransitionInfoEEENS_19__map_value_compareIS4_S8_NS_4lessIS4_EELb1EEENS_9allocatorIS8_EEE16__insert_node_atEPNS_15__tree_end_nodeIPNS_16__tree_node_baseIPvEEEERSK_SK_	std::__ndk1::__tree<std::__ndk1::__value_type<Walaber::Widget*, WaterConcept::Screen_UpsellWater2::TransitionInfo>, std::__ndk1::__map_value_compare<Walaber::Widget, std::__ndk1::__value_type<Walaber::Widget*, WaterConcept::Screen_UpsellWater2::TransitionInfo>, std::__ndk1::less<Walaber::Widget>, bool>>::std::__ndk1::allocator<std::__ndk1::__value_type<Walaber::Widget*, WaterConcept::Screen_UpsellWater2::TransitionInfo>>	ok
_tmpl/std____ndk1____tree_std____ndk1____value_eb51e20b.cpp	0x46c4ec	680	_ZNSt6__ndk16__treeINS_12__value_typeIN12WaterConcept8GridCellENS2_5World8AlgaeDotEEENS_19__map_value_compareIS3_S6_NS_4lessIS3_EELb1EEENS_9allocatorIS6_EEE12__find_equalIS3_EERPNS_16__tree_node_baseIPvEERPNS_15__tree_end_nodeISI_EERKT_	std::__ndk1::__tree<std::__ndk1::__value_type<WaterConcept::GridCell, std::__ndk1::__value_type::World::AlgaeDot>, std::__ndk1::__map_value_compare<WaterConcept, std::__ndk1::__value_type::World::AlgaeDot, std::__ndk1::less<WaterConcept>, bool>>::std::__ndk1::allocator<std::__ndk1::__value_type::World::AlgaeDot>	ok
_tmpl/std____ndk1____tree_std____ndk1____value_9f039c0f.cpp	0x46c10c	916	_ZNSt6__ndk16__treeINS_12__value_typeIN12WaterConcept8GridCellENS2_5World7CoalDotEEENS_19__map_value_compareIS3_S6_NS_4lessIS3_EELb1EEENS_9allocatorIS6_EEE14__erase_uniqueIS3_EEmRKT_	std::__ndk1::__tree<std::__ndk1::__value_type<WaterConcept::GridCell, std::__ndk1::__value_type::World::CoalDot>, std::__ndk1::__map_value_compare<WaterConcept, std::__ndk1::__value_type::World::CoalDot, std::__ndk1::less<WaterConcept>, bool>>::std::__ndk1::allocator<std::__ndk1::__value_type::World::CoalDot>	ok
_tmpl/std____ndk1____tree_std____ndk1____value_af13f610.cpp	0x4cc920	184	_ZNSt6__ndk16__treeINS_12__value_typeIPN12WaterConcept17InteractiveObjectENS2_13Screen_Editor15SelectedObjDataEEENS_19__map_value_compareIS4_S7_NS_4lessIS4_EELb1EEENS_9allocatorIS7_EEE25__emplace_unique_key_argsIS4_JRKNS_21piecewise_construct_tENS_5tupleIJRKS4_EEENSJ_IJEEEEEENS_4pairINS_15__tree_iteratorIS7_PNS_11__tree_nodeIS7_PvEElEEbEERKT_DpOT0_	std::__ndk1::__tree<std::__ndk1::__value_type<WaterConcept::InteractiveObject*, std::__ndk1::__value_type::Screen_Editor::SelectedObjData>, std::__ndk1::__map_value_compare<WaterConcept::InteractiveObject, std::__ndk1::__value_type<WaterConcept::InteractiveObject*, std::__ndk1::__value_type::Screen_Editor::SelectedObjData>, std::__ndk1::less<WaterConcept::InteractiveObject>, bool>>::std::__ndk1::allocator<std::__ndk1::__value_type<WaterConcept::InteractiveObject*, std::__ndk1::__value_type::Screen_Editor::SelectedObjData>>	ok
_tmpl/std____ndk1____tree_std____ndk1____value_af13f610.cpp	0x4cc9d8	136	_ZNSt6__ndk16__treeINS_12__value_typeIPN12WaterConcept17InteractiveObjectENS2_13Screen_Editor15SelectedObjDataEEENS_19__map_value_compareIS4_S7_NS_4lessIS4_EELb1EEENS_9allocatorIS7_EEE16__insert_node_atEPNS_15__tree_end_nodeIPNS_16__tree_node_baseIPvEEEERSJ_SJ_	std::__ndk1::__tree<std::__ndk1::__value_type<WaterConcept::InteractiveObject*, std::__ndk1::__value_type::Screen_Editor::SelectedObjData>, std::__ndk1::__map_value_compare<WaterConcept::InteractiveObject, std::__ndk1::__value_type<WaterConcept::InteractiveObject*, std::__ndk1::__value_type::Screen_Editor::SelectedObjData>, std::__ndk1::less<WaterConcept::InteractiveObject>, bool>>::std::__ndk1::allocator<std::__ndk1::__value_type<WaterConcept::InteractiveObject*, std::__ndk1::__value_type::Screen_Editor::SelectedObjData>>	ok
_tmpl/std____ndk1____tree_std____ndk1____value_af13f610.cpp	0x4cd988	168	_ZNSt6__ndk16__treeINS_12__value_typeIPN12WaterConcept17InteractiveObjectENS2_13Screen_Editor15SelectedObjDataEEENS_19__map_value_compareIS4_S7_NS_4lessIS4_EELb1EEENS_9allocatorIS7_EEE14__erase_uniqueIS4_EEmRKT_	std::__ndk1::__tree<std::__ndk1::__value_type<WaterConcept::InteractiveObject*, std::__ndk1::__value_type::Screen_Editor::SelectedObjData>, std::__ndk1::__map_value_compare<WaterConcept::InteractiveObject, std::__ndk1::__value_type<WaterConcept::InteractiveObject*, std::__ndk1::__value_type::Screen_Editor::SelectedObjData>, std::__ndk1::less<WaterConcept::InteractiveObject>, bool>>::std::__ndk1::allocator<std::__ndk1::__value_type<WaterConcept::InteractiveObject*, std::__ndk1::__value_type::Screen_Editor::SelectedObjData>>	ok
_tmpl/std____ndk1____tree_std____ndk1____value_af13f610.cpp	0x4cda30	76	_ZNSt6__ndk16__treeINS_12__value_typeIPN12WaterConcept17InteractiveObjectENS2_13Screen_Editor15SelectedObjDataEEENS_19__map_value_compareIS4_S7_NS_4lessIS4_EELb1EEENS_9allocatorIS7_EEE5eraseENS_21__tree_const_iteratorIS7_PNS_11__tree_nodeIS7_PvEElEE	std::__ndk1::__tree<std::__ndk1::__value_type<WaterConcept::InteractiveObject*, std::__ndk1::__value_type::Screen_Editor::SelectedObjData>, std::__ndk1::__map_value_compare<WaterConcept::InteractiveObject, std::__ndk1::__value_type<WaterConcept::InteractiveObject*, std::__ndk1::__value_type::Screen_Editor::SelectedObjData>, std::__ndk1::less<WaterConcept::InteractiveObject>, bool>>::std::__ndk1::allocator<std::__ndk1::__value_type<WaterConcept::InteractiveObject*, std::__ndk1::__value_type::Screen_Editor::SelectedObjData>>	ok
_tmpl/std____ndk1____tree_std____ndk1____value_15d02ec4.cpp	0x4e3ed4	88	_ZNSt6__ndk16__treeINS_12__value_typeIN12WaterConcept10Screen_Hub9HubActionENS3_10WidgetNameEEENS_19__map_value_compareIS4_S6_NS_4lessIS4_EELb1EEENS_9allocatorIS6_EEE25__emplace_unique_key_argsIS4_JRKNS_21piecewise_construct_tENS_5tupleIJRKS4_EEENSI_IJEEEEEENS_4pairINS_15__tree_iteratorIS6_PNS_11__tree_nodeIS6_PvEElEEbEERKT_DpOT0_	std::__ndk1::__tree<std::__ndk1::__value_type<WaterConcept::Screen_Hub::HubAction, WaterConcept::WidgetName>, std::__ndk1::__map_value_compare<WaterConcept::Screen_Hub, WaterConcept::WidgetName, std::__ndk1::less<WaterConcept::Screen_Hub>, bool>>::std::__ndk1::allocator<WaterConcept::WidgetName>	ok
_tmpl/std____ndk1____tree_std____ndk1____value_15d02ec4.cpp	0x4e4010	1836	_ZNSt6__ndk16__treeINS_12__value_typeIN12WaterConcept10Screen_Hub9HubActionENS3_10WidgetNameEEENS_19__map_value_compareIS4_S6_NS_4lessIS4_EELb1EEENS_9allocatorIS6_EEE16__insert_node_atEPNS_15__tree_end_nodeIPNS_16__tree_node_baseIPvEEEERSI_SI_	std::__ndk1::__tree<std::__ndk1::__value_type<WaterConcept::Screen_Hub::HubAction, WaterConcept::WidgetName>, std::__ndk1::__map_value_compare<WaterConcept::Screen_Hub, WaterConcept::WidgetName, std::__ndk1::less<WaterConcept::Screen_Hub>, bool>>::std::__ndk1::allocator<WaterConcept::WidgetName>	ok
_tmpl/std____ndk1____tree_std____ndk1____value_93b00d1.cpp	0x46d74c	64	_ZNSt6__ndk16__treeINS_12__value_typeIPN12WaterConcept6SwitchENS2_5World14SwitchAnimInfoEEENS_19__map_value_compareIS4_S7_NS_4lessIS4_EELb1EEENS_9allocatorIS7_EEE14__erase_uniqueIS4_EEmRKT_	std::__ndk1::__tree<std::__ndk1::__value_type<WaterConcept::Switch*, std::__ndk1::__value_type::World::SwitchAnimInfo>, std::__ndk1::__map_value_compare<WaterConcept::Switch, std::__ndk1::__value_type<WaterConcept::Switch*, std::__ndk1::__value_type::World::SwitchAnimInfo>, std::__ndk1::less<WaterConcept::Switch>, bool>>::std::__ndk1::allocator<std::__ndk1::__value_type<WaterConcept::Switch*, std::__ndk1::__value_type::World::SwitchAnimInfo>>	ok
_tmpl/std____ndk1____tree_std____ndk1____value_93b00d1.cpp	0x46d78c	72	_ZNSt6__ndk16__treeINS_12__value_typeIPN12WaterConcept6SwitchENS2_5World14SwitchAnimInfoEEENS_19__map_value_compareIS4_S7_NS_4lessIS4_EELb1EEENS_9allocatorIS7_EEE5eraseENS_21__tree_const_iteratorIS7_PNS_11__tree_nodeIS7_PvEElEE	std::__ndk1::__tree<std::__ndk1::__value_type<WaterConcept::Switch*, std::__ndk1::__value_type::World::SwitchAnimInfo>, std::__ndk1::__map_value_compare<WaterConcept::Switch, std::__ndk1::__value_type<WaterConcept::Switch*, std::__ndk1::__value_type::World::SwitchAnimInfo>, std::__ndk1::less<WaterConcept::Switch>, bool>>::std::__ndk1::allocator<std::__ndk1::__value_type<WaterConcept::Switch*, std::__ndk1::__value_type::World::SwitchAnimInfo>>	ok
_tmpl/std____ndk1____tree_std____ndk1____value_93b00d1.cpp	0x477014	4	_ZNSt6__ndk16__treeINS_12__value_typeIPN12WaterConcept6SwitchENS2_5World14SwitchAnimInfoEEENS_19__map_value_compareIS4_S7_NS_4lessIS4_EELb1EEENS_9allocatorIS7_EEE25__emplace_unique_key_argsIS4_JRKNS_21piecewise_construct_tENS_5tupleIJRKS4_EEENSJ_IJEEEEEENS_4pairINS_15__tree_iteratorIS7_PNS_11__tree_nodeIS7_PvEElEEbEERKT_DpOT0_	std::__ndk1::__tree<std::__ndk1::__value_type<WaterConcept::Switch*, std::__ndk1::__value_type::World::SwitchAnimInfo>, std::__ndk1::__map_value_compare<WaterConcept::Switch, std::__ndk1::__value_type<WaterConcept::Switch*, std::__ndk1::__value_type::World::SwitchAnimInfo>, std::__ndk1::less<WaterConcept::Switch>, bool>>::std::__ndk1::allocator<std::__ndk1::__value_type<WaterConcept::Switch*, std::__ndk1::__value_type::World::SwitchAnimInfo>>	ok
_tmpl/std____ndk1____tree_std____ndk1____value_be686532.cpp	0x434970	260	_ZNSt6__ndk16__treeINS_12__value_typeIfN12WaterConcept18ParallaxPuppetShow10CameraMoveEEENS_19__map_value_compareIfS5_NS_4lessIfEELb1EEENS_9allocatorIS5_EEE15__emplace_multiIJNS_4pairIfS4_EEEEENS_15__tree_iteratorIS5_PNS_11__tree_nodeIS5_PvEElEEDpOT_	std::__ndk1::__tree<std::__ndk1::__value_type<float, WaterConcept::ParallaxPuppetShow::CameraMove>, std::__ndk1::__map_value_compare<float, WaterConcept::ParallaxPuppetShow::CameraMove, std::__ndk1::less<float>, bool>>::std::__ndk1::allocator<WaterConcept::ParallaxPuppetShow::CameraMove>	ok
_tmpl/std____ndk1____tree_std____ndk1____value_2e5e2ff2.cpp	0x433c8c	328	_ZNSt6__ndk16__treeINS_12__value_typeIfN12WaterConcept18ParallaxPuppetShow8ColorCueEEENS_19__map_value_compareIfS5_NS_4lessIfEELb1EEENS_9allocatorIS5_EEE7destroyEPNS_11__tree_nodeIS5_PvEE	std::__ndk1::__tree<std::__ndk1::__value_type<float, WaterConcept::ParallaxPuppetShow::ColorCue>, std::__ndk1::__map_value_compare<float, WaterConcept::ParallaxPuppetShow::ColorCue, std::__ndk1::less<float>, bool>>::std::__ndk1::allocator<WaterConcept::ParallaxPuppetShow::ColorCue>	ok
_tmpl/std____ndk1____tree_std____ndk1____value_2e5e2ff2.cpp	0x434eec	292	_ZNSt6__ndk16__treeINS_12__value_typeIfN12WaterConcept18ParallaxPuppetShow8ColorCueEEENS_19__map_value_compareIfS5_NS_4lessIfEELb1EEENS_9allocatorIS5_EEE15__emplace_multiIJNS_4pairIfS4_EEEEENS_15__tree_iteratorIS5_PNS_11__tree_nodeIS5_PvEElEEDpOT_	std::__ndk1::__tree<std::__ndk1::__value_type<float, WaterConcept::ParallaxPuppetShow::ColorCue>, std::__ndk1::__map_value_compare<float, WaterConcept::ParallaxPuppetShow::ColorCue, std::__ndk1::less<float>, bool>>::std::__ndk1::allocator<WaterConcept::ParallaxPuppetShow::ColorCue>	ok
_tmpl/std____ndk1____tree_std____ndk1____value_22dce8d2.cpp	0x434a90	164	_ZNSt6__ndk16__treeINS_12__value_typeIfN12WaterConcept18ParallaxPuppetShow14TransitionDataEEENS_19__map_value_compareIfS5_NS_4lessIfEELb1EEENS_9allocatorIS5_EEE15__emplace_multiIJNS_4pairIfS4_EEEEENS_15__tree_iteratorIS5_PNS_11__tree_nodeIS5_PvEElEEDpOT_	std::__ndk1::__tree<std::__ndk1::__value_type<float, WaterConcept::ParallaxPuppetShow::TransitionData>, std::__ndk1::__map_value_compare<float, WaterConcept::ParallaxPuppetShow::TransitionData, std::__ndk1::less<float>, bool>>::std::__ndk1::allocator<WaterConcept::ParallaxPuppetShow::TransitionData>	ok
_tmpl/std____ndk1____tree_std____ndk1____value_22dce8d2.cpp	0x434b34	20	_ZNSt6__ndk16__treeINS_12__value_typeIfN12WaterConcept18ParallaxPuppetShow14TransitionDataEEENS_19__map_value_compareIfS5_NS_4lessIfEELb1EEENS_9allocatorIS5_EEE16__construct_nodeIJNS_4pairIfS4_EEEEENS_10unique_ptrINS_11__tree_nodeIS5_PvEENS_22__tree_node_destructorINSA_ISJ_EEEEEEDpOT_	std::__ndk1::__tree<std::__ndk1::__value_type<float, WaterConcept::ParallaxPuppetShow::TransitionData>, std::__ndk1::__map_value_compare<float, WaterConcept::ParallaxPuppetShow::TransitionData, std::__ndk1::less<float>, bool>>::std::__ndk1::allocator<WaterConcept::ParallaxPuppetShow::TransitionData>	ok
_tmpl/std____ndk1____tree_std____ndk1____value_22dce8d2.cpp	0x434c14	108	_ZNSt6__ndk16__treeINS_12__value_typeIfN12WaterConcept18ParallaxPuppetShow14TransitionDataEEENS_19__map_value_compareIfS5_NS_4lessIfEELb1EEENS_9allocatorIS5_EEE16__insert_node_atEPNS_15__tree_end_nodeIPNS_16__tree_node_baseIPvEEEERSH_SH_	std::__ndk1::__tree<std::__ndk1::__value_type<float, WaterConcept::ParallaxPuppetShow::TransitionData>, std::__ndk1::__map_value_compare<float, WaterConcept::ParallaxPuppetShow::TransitionData, std::__ndk1::less<float>, bool>>::std::__ndk1::allocator<WaterConcept::ParallaxPuppetShow::TransitionData>	ok
_tmpl/std____ndk1____tree_std____ndk1____value_329e61b9.cpp	0x3d4538	56	_ZNSt6__ndk16__treeINS_12__value_typeIiPN7Walaber11FileManager11FileHandlerEEENS_19__map_value_compareIiS6_NS_4lessIiEELb1EEENS_9allocatorIS6_EEE7destroyEPNS_11__tree_nodeIS6_PvEE	std::__ndk1::__tree<std::__ndk1::__value_type<int, Walaber::FileManager::FileHandler*>, std::__ndk1::__map_value_compare<int, std::__ndk1::__value_type<int, Walaber::FileManager::FileHandler*>, std::__ndk1::less<int>, bool>>::std::__ndk1::allocator<std::__ndk1::__value_type<int, Walaber::FileManager::FileHandler*>>	ok
_tmpl/std____ndk1____tree_std____ndk1____value_f60c81be.cpp	0x46bd68	856	_ZNSt6__ndk16__treeINS_12__value_typeIiPN7Walaber13SkeletonActorEEENS_19__map_value_compareIiS5_NS_4lessIiEELb1EEENS_9allocatorIS5_EEE5eraseENS_21__tree_const_iteratorIS5_PNS_11__tree_nodeIS5_PvEElEE	std::__ndk1::__tree<std::__ndk1::__value_type<int, Walaber::SkeletonActor*>, std::__ndk1::__map_value_compare<int, std::__ndk1::__value_type<int, Walaber::SkeletonActor*>, std::__ndk1::less<int>, bool>>::std::__ndk1::allocator<std::__ndk1::__value_type<int, Walaber::SkeletonActor*>>	ok
_tmpl/std____ndk1____tree_std____ndk1____value_d97dd784.cpp	0x3791b0	856	_ZNSt6__ndk16__treeINS_12__value_typeIiN7Walaber7Vector2EEENS_19__map_value_compareIiS4_NS_4lessIiEELb1EEENS_9allocatorIS4_EEE14__assign_multiINS_21__tree_const_iteratorIS4_PNS_11__tree_nodeIS4_PvEElEEEEvT_SJ_	std::__ndk1::__tree<std::__ndk1::__value_type<int, Walaber::Vector2>, std::__ndk1::__map_value_compare<int, Walaber::Vector2, std::__ndk1::less<int>, bool>>::std::__ndk1::allocator<Walaber::Vector2>	ok
_tmpl/std____ndk1____tree_std____ndk1____value_d97dd784.cpp	0x37c61c	40	_ZNSt6__ndk16__treeINS_12__value_typeIiN7Walaber7Vector2EEENS_19__map_value_compareIiS4_NS_4lessIiEELb1EEENS_9allocatorIS4_EEE25__emplace_unique_key_argsIiJRKNS_21piecewise_construct_tENS_5tupleIJRKiEEENSG_IJEEEEEENS_4pairINS_15__tree_iteratorIS4_PNS_11__tree_nodeIS4_PvEElEEbEERKT_DpOT0_	std::__ndk1::__tree<std::__ndk1::__value_type<int, Walaber::Vector2>, std::__ndk1::__map_value_compare<int, Walaber::Vector2, std::__ndk1::less<int>, bool>>::std::__ndk1::allocator<Walaber::Vector2>	ok
_tmpl/std____ndk1____tree_std____ndk1____value_2806832a.cpp	0x36ecdc	1032	_ZNSt6__ndk16__treeINS_12__value_typeIiPN7Walaber6WidgetEEENS_19__map_value_compareIiS5_NS_4lessIiEELb1EEENS_9allocatorIS5_EEE16__insert_node_atEPNS_15__tree_end_nodeIPNS_16__tree_node_baseIPvEEEERSH_SH_	std::__ndk1::__tree<std::__ndk1::__value_type<int, Walaber::Widget*>, std::__ndk1::__map_value_compare<int, std::__ndk1::__value_type<int, Walaber::Widget*>, std::__ndk1::less<int>, bool>>::std::__ndk1::allocator<std::__ndk1::__value_type<int, Walaber::Widget*>>	ok
_tmpl/std____ndk1____tree_std____ndk1____value_9f465a.cpp	0x378da0	172	_ZNSt6__ndk16__treeINS_12__value_typeIiN7Walaber20Widget_FingerCatcher16CaughtFingerInfoEEENS_19__map_value_compareIiS5_NS_4lessIiEELb1EEENS_9allocatorIS5_EEE14__assign_multiINS_21__tree_const_iteratorIS5_PNS_11__tree_nodeIS5_PvEElEEEEvT_SK_	std::__ndk1::__tree<std::__ndk1::__value_type<int, Walaber::Widget_FingerCatcher::CaughtFingerInfo>, std::__ndk1::__map_value_compare<int, Walaber::Widget_FingerCatcher::CaughtFingerInfo, std::__ndk1::less<int>, bool>>::std::__ndk1::allocator<Walaber::Widget_FingerCatcher::CaughtFingerInfo>	ok
_tmpl/std____ndk1____tree_std____ndk1____value_9f465a.cpp	0x378f88	192	_ZNSt6__ndk16__treeINS_12__value_typeIiN7Walaber20Widget_FingerCatcher16CaughtFingerInfoEEENS_19__map_value_compareIiS5_NS_4lessIiEELb1EEENS_9allocatorIS5_EEE8__detachEPNS_11__tree_nodeIS5_PvEE	std::__ndk1::__tree<std::__ndk1::__value_type<int, Walaber::Widget_FingerCatcher::CaughtFingerInfo>, std::__ndk1::__map_value_compare<int, Walaber::Widget_FingerCatcher::CaughtFingerInfo, std::__ndk1::less<int>, bool>>::std::__ndk1::allocator<Walaber::Widget_FingerCatcher::CaughtFingerInfo>	ok
_tmpl/std____ndk1____tree_std____ndk1____value_9f465a.cpp	0x379048	360	_ZNSt6__ndk16__treeINS_12__value_typeIiN7Walaber20Widget_FingerCatcher16CaughtFingerInfoEEENS_19__map_value_compareIiS5_NS_4lessIiEELb1EEENS_9allocatorIS5_EEE15__emplace_multiIJRKNS_4pairIKiS4_EEEEENS_15__tree_iteratorIS5_PNS_11__tree_nodeIS5_PvEElEEDpOT_	std::__ndk1::__tree<std::__ndk1::__value_type<int, Walaber::Widget_FingerCatcher::CaughtFingerInfo>, std::__ndk1::__map_value_compare<int, Walaber::Widget_FingerCatcher::CaughtFingerInfo, std::__ndk1::less<int>, bool>>::std::__ndk1::allocator<Walaber::Widget_FingerCatcher::CaughtFingerInfo>	ok
_tmpl/std____ndk1____tree_std____ndk1____value_9f465a.cpp	0x37c7b4	84	_ZNSt6__ndk16__treeINS_12__value_typeIiN7Walaber20Widget_FingerCatcher16CaughtFingerInfoEEENS_19__map_value_compareIiS5_NS_4lessIiEELb1EEENS_9allocatorIS5_EEE5eraseENS_21__tree_const_iteratorIS5_PNS_11__tree_nodeIS5_PvEElEE	std::__ndk1::__tree<std::__ndk1::__value_type<int, Walaber::Widget_FingerCatcher::CaughtFingerInfo>, std::__ndk1::__map_value_compare<int, Walaber::Widget_FingerCatcher::CaughtFingerInfo, std::__ndk1::less<int>, bool>>::std::__ndk1::allocator<Walaber::Widget_FingerCatcher::CaughtFingerInfo>	ok
_tmpl/std____ndk1____tree_std____ndk1____value_9f465a.cpp	0x4b6310	204	_ZNSt6__ndk16__treeINS_12__value_typeIiN7Walaber20Widget_FingerCatcher16CaughtFingerInfoEEENS_19__map_value_compareIiS5_NS_4lessIiEELb1EEENS_9allocatorIS5_EEE30__emplace_hint_unique_key_argsIiJRKNS_4pairIKiS4_EEEEENS_15__tree_iteratorIS5_PNS_11__tree_nodeIS5_PvEElEENS_21__tree_const_iteratorIS5_SN_lEERKT_DpOT0_	std::__ndk1::__tree<std::__ndk1::__value_type<int, Walaber::Widget_FingerCatcher::CaughtFingerInfo>, std::__ndk1::__map_value_compare<int, Walaber::Widget_FingerCatcher::CaughtFingerInfo, std::__ndk1::less<int>, bool>>::std::__ndk1::allocator<Walaber::Widget_FingerCatcher::CaughtFingerInfo>	ok
_tmpl/std____ndk1____tree_std____ndk1____value_9f465a.cpp	0x4b63dc	96	_ZNSt6__ndk16__treeINS_12__value_typeIiN7Walaber20Widget_FingerCatcher16CaughtFingerInfoEEENS_19__map_value_compareIiS5_NS_4lessIiEELb1EEENS_9allocatorIS5_EEE12__find_equalIiEERPNS_16__tree_node_baseIPvEENS_21__tree_const_iteratorIS5_PNS_11__tree_nodeIS5_SF_EElEERPNS_15__tree_end_nodeISH_EESI_RKT_	std::__ndk1::__tree<std::__ndk1::__value_type<int, Walaber::Widget_FingerCatcher::CaughtFingerInfo>, std::__ndk1::__map_value_compare<int, Walaber::Widget_FingerCatcher::CaughtFingerInfo, std::__ndk1::less<int>, bool>>::std::__ndk1::allocator<Walaber::Widget_FingerCatcher::CaughtFingerInfo>	ok
_tmpl/std____ndk1____tree_std____ndk1____value_9f465a.cpp	0x4b648c	420	_ZNSt6__ndk16__treeINS_12__value_typeIiN7Walaber20Widget_FingerCatcher16CaughtFingerInfoEEENS_19__map_value_compareIiS5_NS_4lessIiEELb1EEENS_9allocatorIS5_EEE12__find_equalIiEERPNS_16__tree_node_baseIPvEERPNS_15__tree_end_nodeISH_EERKT_	std::__ndk1::__tree<std::__ndk1::__value_type<int, Walaber::Widget_FingerCatcher::CaughtFingerInfo>, std::__ndk1::__map_value_compare<int, Walaber::Widget_FingerCatcher::CaughtFingerInfo, std::__ndk1::less<int>, bool>>::std::__ndk1::allocator<Walaber::Widget_FingerCatcher::CaughtFingerInfo>	ok
_tmpl/std____ndk1____tree_std____ndk1____value_cb00d11f.cpp	0x4e3e7c	88	_ZNSt6__ndk16__treeINS_12__value_typeIiN12WaterConcept10Screen_Hub10ButtonInfoEEENS_19__map_value_compareIiS5_NS_4lessIiEELb1EEENS_9allocatorIS5_EEE7destroyEPNS_11__tree_nodeIS5_PvEE	std::__ndk1::__tree<std::__ndk1::__value_type<int, WaterConcept::Screen_Hub::ButtonInfo>, std::__ndk1::__map_value_compare<int, WaterConcept::Screen_Hub::ButtonInfo, std::__ndk1::less<int>, bool>>::std::__ndk1::allocator<WaterConcept::Screen_Hub::ButtonInfo>	ok
_tmpl/std____ndk1____tree_std____ndk1____value_f49e2f3.cpp	0x58ac38	276	_ZNSt6__ndk16__treeINS_12__value_typeIiN12WaterConcept16Screen_WaterTest10StrokeInfoEEENS_19__map_value_compareIiS5_NS_4lessIiEELb1EEENS_9allocatorIS5_EEE25__emplace_unique_key_argsIiJRKNS_21piecewise_construct_tENS_5tupleIJRKiEEENSH_IJEEEEEENS_4pairINS_15__tree_iteratorIS5_PNS_11__tree_nodeIS5_PvEElEEbEERKT_DpOT0_	std::__ndk1::__tree<std::__ndk1::__value_type<int, WaterConcept::Screen_WaterTest::StrokeInfo>, std::__ndk1::__map_value_compare<int, WaterConcept::Screen_WaterTest::StrokeInfo, std::__ndk1::less<int>, bool>>::std::__ndk1::allocator<WaterConcept::Screen_WaterTest::StrokeInfo>	ok
_tmpl/std____ndk1____tree_std____ndk1____value_970cbb03.cpp	0x46d200	340	_ZNSt6__ndk16__treeINS_12__value_typeIiN12WaterConcept5World10TouchOwnerEEENS_19__map_value_compareIiS5_NS_4lessIiEELb1EEENS_9allocatorIS5_EEE25__emplace_unique_key_argsIiJRKNS_21piecewise_construct_tENS_5tupleIJRKiEEENSH_IJEEEEEENS_4pairINS_15__tree_iteratorIS5_PNS_11__tree_nodeIS5_PvEElEEbEERKT_DpOT0_	std::__ndk1::__tree<std::__ndk1::__value_type<int, WaterConcept::World::TouchOwner>, std::__ndk1::__map_value_compare<int, WaterConcept::World::TouchOwner, std::__ndk1::less<int>, bool>>::std::__ndk1::allocator<WaterConcept::World::TouchOwner>	ok
_tmpl/std____ndk1____tree_std____ndk1____value_970cbb03.cpp	0x46d370	280	_ZNSt6__ndk16__treeINS_12__value_typeIiN12WaterConcept5World10TouchOwnerEEENS_19__map_value_compareIiS5_NS_4lessIiEELb1EEENS_9allocatorIS5_EEE5eraseENS_21__tree_const_iteratorIS5_PNS_11__tree_nodeIS5_PvEElEE	std::__ndk1::__tree<std::__ndk1::__value_type<int, WaterConcept::World::TouchOwner>, std::__ndk1::__map_value_compare<int, WaterConcept::World::TouchOwner, std::__ndk1::less<int>, bool>>::std::__ndk1::allocator<WaterConcept::World::TouchOwner>	ok
_tmpl/std____ndk1____tree_std____ndk1____value_b7581ee8.cpp	0x347f70	68	_ZNSt6__ndk16__treeINS_12__value_typeIiNS_6vectorIN7Walaber13SkeletonActor21AnimationGroupDataAuxENS_9allocatorIS5_EEEEEENS_19__map_value_compareIiS9_NS_4lessIiEELb1EEENS6_IS9_EEE7destroyEPNS_11__tree_nodeIS9_PvEE	std::__ndk1::__tree<std::__ndk1::__value_type<int, std::__ndk1::vector<Walaber::SkeletonActor::AnimationGroupDataAux, std::__ndk1::allocator<Walaber::SkeletonActor>>>, std::__ndk1::__map_value_compare<int, std::__ndk1::vector<Walaber::SkeletonActor::AnimationGroupDataAux, std::__ndk1::allocator<Walaber::SkeletonActor>>, std::__ndk1::less<int>, bool>>::Walaber::SkeletonActor::AnimationGroupDataAux<std::__ndk1::vector<Walaber::SkeletonActor::AnimationGroupDataAux, std::__ndk1::allocator<Walaber::SkeletonActor>>>	ok
_tmpl/std____ndk1____tree_std____ndk1____value_f9581a2f.cpp	0x369488	432	_ZNSt6__ndk16__treeINS_12__value_typeINS_12basic_stringIcNS_11char_traitsIcEENS_9allocatorIcEEEEfEENS_19__map_value_compareIS7_S8_NS_4lessIS7_EELb1EEENS5_IS8_EEE25__emplace_unique_key_argsIS7_JRKNS_21piecewise_construct_tENS_5tupleIJOS7_EEENSJ_IJEEEEEENS_4pairINS_15__tree_iteratorIS8_PNS_11__tree_nodeIS8_PvEElEEbEERKT_DpOT0_	std::__ndk1::__tree<std::__ndk1::__value_type<std::__ndk1::basic_string<char, std::__ndk1::char_traits<char>, std::__ndk1::allocator<char>>, float>, std::__ndk1::__map_value_compare<std::__ndk1::allocator<char>, std::__ndk1::basic_string<char, std::__ndk1::char_traits<char>, std::__ndk1::allocator<char>>, std::__ndk1::less<std::__ndk1::allocator<char>>, bool>>::std::__ndk1::char_traits<char><std::__ndk1::basic_string<char, std::__ndk1::char_traits<char>, std::__ndk1::allocator<char>>>	ok
_tmpl/std____ndk1____tree_std____ndk1____value_f9581a2f.cpp	0x369638	432	_ZNSt6__ndk16__treeINS_12__value_typeINS_12basic_stringIcNS_11char_traitsIcEENS_9allocatorIcEEEEfEENS_19__map_value_compareIS7_S8_NS_4lessIS7_EELb1EEENS5_IS8_EEE16__insert_node_atEPNS_15__tree_end_nodeIPNS_16__tree_node_baseIPvEEEERSJ_SJ_	std::__ndk1::__tree<std::__ndk1::__value_type<std::__ndk1::basic_string<char, std::__ndk1::char_traits<char>, std::__ndk1::allocator<char>>, float>, std::__ndk1::__map_value_compare<std::__ndk1::allocator<char>, std::__ndk1::basic_string<char, std::__ndk1::char_traits<char>, std::__ndk1::allocator<char>>, std::__ndk1::less<std::__ndk1::allocator<char>>, bool>>::std::__ndk1::char_traits<char><std::__ndk1::basic_string<char, std::__ndk1::char_traits<char>, std::__ndk1::allocator<char>>>	ok
_tmpl/std____ndk1____tree_std____ndk1____value_74e34ef.cpp	0x39fcd0	308	_ZNSt6__ndk16__treeINS_12__value_typeINS_12basic_stringIcNS_11char_traitsIcEENS_9allocatorIcEEEES7_EENS_19__map_value_compareIS7_S8_NS_4lessIS7_EELb1EEENS5_IS8_EEE5eraseENS_21__tree_const_iteratorIS8_PNS_11__tree_nodeIS8_PvEElEE	std::__ndk1::__tree<std::__ndk1::__value_type<std::__ndk1::basic_string<char, std::__ndk1::char_traits<char>, std::__ndk1::allocator<char>>, std::__ndk1::allocator<char>>, std::__ndk1::__map_value_compare<std::__ndk1::allocator<char>, std::__ndk1::basic_string<char, std::__ndk1::char_traits<char>, std::__ndk1::allocator<char>>, std::__ndk1::less<std::__ndk1::allocator<char>>, bool>>::std::__ndk1::char_traits<char><std::__ndk1::basic_string<char, std::__ndk1::char_traits<char>, std::__ndk1::allocator<char>>>	ok
_tmpl/std____ndk1____tree_std____ndk1____value_74e34ef.cpp	0x39ff98	328	_ZNSt6__ndk16__treeINS_12__value_typeINS_12basic_stringIcNS_11char_traitsIcEENS_9allocatorIcEEEES7_EENS_19__map_value_compareIS7_S8_NS_4lessIS7_EELb1EEENS5_IS8_EEE25__emplace_unique_key_argsIS7_JRKNS_21piecewise_construct_tENS_5tupleIJRKS7_EEENSJ_IJEEEEEENS_4pairINS_15__tree_iteratorIS8_PNS_11__tree_nodeIS8_PvEElEEbEERKT_DpOT0_	std::__ndk1::__tree<std::__ndk1::__value_type<std::__ndk1::basic_string<char, std::__ndk1::char_traits<char>, std::__ndk1::allocator<char>>, std::__ndk1::allocator<char>>, std::__ndk1::__map_value_compare<std::__ndk1::allocator<char>, std::__ndk1::basic_string<char, std::__ndk1::char_traits<char>, std::__ndk1::allocator<char>>, std::__ndk1::less<std::__ndk1::allocator<char>>, bool>>::std::__ndk1::char_traits<char><std::__ndk1::basic_string<char, std::__ndk1::char_traits<char>, std::__ndk1::allocator<char>>>	ok
_tmpl/std____ndk1____tree_std____ndk1____value_2a0d112.cpp	0x3570d0	624	_ZNSt6__ndk16__treeINS_12__value_typeINS_4pairIiiEEN7Walaber12SoundManager20GotSoundCallbackDataEEENS_19__map_value_compareIS3_S7_NS_4lessIS3_EELb1EEENS_9allocatorIS7_EEE15__emplace_multiIJNS2_IS3_S6_EEEEENS_15__tree_iteratorIS7_PNS_11__tree_nodeIS7_PvEElEEDpOT_	std::__ndk1::__tree<std::__ndk1::__value_type<std::__ndk1::pair<int, int>, Walaber::SoundManager::GotSoundCallbackData>, std::__ndk1::__map_value_compare<std::__ndk1::pair, Walaber::SoundManager::GotSoundCallbackData, std::__ndk1::less<std::__ndk1::pair>, bool>>::std::__ndk1::allocator<Walaber::SoundManager::GotSoundCallbackData>	ok
_tmpl/std____ndk1____tree_std____ndk1____value_2a0d112.cpp	0x357340	204	_ZNSt6__ndk16__treeINS_12__value_typeINS_4pairIiiEEN7Walaber12SoundManager20GotSoundCallbackDataEEENS_19__map_value_compareIS3_S7_NS_4lessIS3_EELb1EEENS_9allocatorIS7_EEE19__equal_range_multiIS3_EENS2_INS_15__tree_iteratorIS7_PNS_11__tree_nodeIS7_PvEElEESL_EERKT_	std::__ndk1::__tree<std::__ndk1::__value_type<std::__ndk1::pair<int, int>, Walaber::SoundManager::GotSoundCallbackData>, std::__ndk1::__map_value_compare<std::__ndk1::pair, Walaber::SoundManager::GotSoundCallbackData, std::__ndk1::less<std::__ndk1::pair>, bool>>::std::__ndk1::allocator<Walaber::SoundManager::GotSoundCallbackData>	ok
_tmpl/std____ndk1____tree_std____ndk1____value_1abfc512.cpp	0x3e4778	496	_ZNSt6__ndk16__treeINS_12__value_typeIhN7Walaber17CompressionRecordEEENS_19__map_value_compareIhS4_NS_4lessIhEELb1EEENS_9allocatorIS4_EEE7destroyEPNS_11__tree_nodeIS4_PvEE	std::__ndk1::__tree<std::__ndk1::__value_type<unsigned char, Walaber::CompressionRecord>, std::__ndk1::__map_value_compare<unsigned char, Walaber::CompressionRecord, std::__ndk1::less<unsigned char>, bool>>::std::__ndk1::allocator<Walaber::CompressionRecord>	ok
_tmpl/std____ndk1____tree_std____ndk1____value_1abfc512.cpp	0x3e5650	220	_ZNSt6__ndk16__treeINS_12__value_typeIhN7Walaber17CompressionRecordEEENS_19__map_value_compareIhS4_NS_4lessIhEELb1EEENS_9allocatorIS4_EEE25__emplace_unique_key_argsIhJNS_4pairIhS3_EEEEENSD_INS_15__tree_iteratorIS4_PNS_11__tree_nodeIS4_PvEElEEbEERKT_DpOT0_	std::__ndk1::__tree<std::__ndk1::__value_type<unsigned char, Walaber::CompressionRecord>, std::__ndk1::__map_value_compare<unsigned char, Walaber::CompressionRecord, std::__ndk1::less<unsigned char>, bool>>::std::__ndk1::allocator<Walaber::CompressionRecord>	ok
_tmpl/std____ndk1____tree_std____ndk1____value_1abfc512.cpp	0x3e572c	536	_ZNSt6__ndk16__treeINS_12__value_typeIhN7Walaber17CompressionRecordEEENS_19__map_value_compareIhS4_NS_4lessIhEELb1EEENS_9allocatorIS4_EEE25__emplace_unique_key_argsIhJRKNS_21piecewise_construct_tENS_5tupleIJOhEEENSG_IJEEEEEENS_4pairINS_15__tree_iteratorIS4_PNS_11__tree_nodeIS4_PvEElEEbEERKT_DpOT0_	std::__ndk1::__tree<std::__ndk1::__value_type<unsigned char, Walaber::CompressionRecord>, std::__ndk1::__map_value_compare<unsigned char, Walaber::CompressionRecord, std::__ndk1::less<unsigned char>, bool>>::std::__ndk1::allocator<Walaber::CompressionRecord>	ok
_tmpl/std____ndk1____tree_std____ndk1____value_8f6e87bf.cpp	0x355f00	12	_ZNSt6__ndk16__treeINS_12__value_typeIjN7Walaber12SoundManager10MusicGroupEEENS_19__map_value_compareIjS5_NS_4lessIjEELb1EEENS_9allocatorIS5_EEE7destroyEPNS_11__tree_nodeIS5_PvEE	std::__ndk1::__tree<std::__ndk1::__value_type<unsigned int, Walaber::SoundManager::MusicGroup>, std::__ndk1::__map_value_compare<unsigned int, Walaber::SoundManager::MusicGroup, std::__ndk1::less<unsigned int>, bool>>::std::__ndk1::allocator<Walaber::SoundManager::MusicGroup>	ok
_tmpl/std____ndk1____tree_std____ndk1____value_8f6e87bf.cpp	0x35673c	8	_ZNSt6__ndk16__treeINS_12__value_typeIjN7Walaber12SoundManager10MusicGroupEEENS_19__map_value_compareIjS5_NS_4lessIjEELb1EEENS_9allocatorIS5_EEE25__emplace_unique_key_argsIjJRKNS_21piecewise_construct_tENS_5tupleIJOjEEENSH_IJEEEEEENS_4pairINS_15__tree_iteratorIS5_PNS_11__tree_nodeIS5_PvEElEEbEERKT_DpOT0_	std::__ndk1::__tree<std::__ndk1::__value_type<unsigned int, Walaber::SoundManager::MusicGroup>, std::__ndk1::__map_value_compare<unsigned int, Walaber::SoundManager::MusicGroup, std::__ndk1::less<unsigned int>, bool>>::std::__ndk1::allocator<Walaber::SoundManager::MusicGroup>	ok
_tmpl/std____ndk1____tree_std____ndk1____value_8f6e87bf.cpp	0x357608	1044	_ZNSt6__ndk16__treeINS_12__value_typeIjN7Walaber12SoundManager10MusicGroupEEENS_19__map_value_compareIjS5_NS_4lessIjEELb1EEENS_9allocatorIS5_EEE25__emplace_unique_key_argsIjJRKNS_21piecewise_construct_tENS_5tupleIJRKjEEENSH_IJEEEEEENS_4pairINS_15__tree_iteratorIS5_PNS_11__tree_nodeIS5_PvEElEEbEERKT_DpOT0_	std::__ndk1::__tree<std::__ndk1::__value_type<unsigned int, Walaber::SoundManager::MusicGroup>, std::__ndk1::__map_value_compare<unsigned int, Walaber::SoundManager::MusicGroup, std::__ndk1::less<unsigned int>, bool>>::std::__ndk1::allocator<Walaber::SoundManager::MusicGroup>	ok
_tmpl/std____ndk1____tree_std____ndk1____value_21336b7f.cpp	0x3574d8	28	_ZNSt6__ndk16__treeINS_12__value_typeIjN7Walaber12SoundManager10SoundGroupEEENS_19__map_value_compareIjS5_NS_4lessIjEELb1EEENS_9allocatorIS5_EEE25__emplace_unique_key_argsIjJRKNS_21piecewise_construct_tENS_5tupleIJRKjEEENSH_IJEEEEEENS_4pairINS_15__tree_iteratorIS5_PNS_11__tree_nodeIS5_PvEElEEbEERKT_DpOT0_	std::__ndk1::__tree<std::__ndk1::__value_type<unsigned int, Walaber::SoundManager::SoundGroup>, std::__ndk1::__map_value_compare<unsigned int, Walaber::SoundManager::SoundGroup, std::__ndk1::less<unsigned int>, bool>>::std::__ndk1::allocator<Walaber::SoundManager::SoundGroup>	ok
_tmpl/std____ndk1____tree_std____ndk1____value_21336b7f.cpp	0x357e20	12	_ZNSt6__ndk16__treeINS_12__value_typeIjN7Walaber12SoundManager10SoundGroupEEENS_19__map_value_compareIjS5_NS_4lessIjEELb1EEENS_9allocatorIS5_EEE5eraseENS_21__tree_const_iteratorIS5_PNS_11__tree_nodeIS5_PvEElEE	std::__ndk1::__tree<std::__ndk1::__value_type<unsigned int, Walaber::SoundManager::SoundGroup>, std::__ndk1::__map_value_compare<unsigned int, Walaber::SoundManager::SoundGroup, std::__ndk1::less<unsigned int>, bool>>::std::__ndk1::allocator<Walaber::SoundManager::SoundGroup>	ok
_tmpl/std____ndk1____tree_std____ndk1____value_66ecce1b.cpp	0x43d464	148	_ZNSt6__ndk16__treeINS_12__value_typeIjN12WaterConcept20PlayerDataSerializer18AllieChallengeInfoEEENS_19__map_value_compareIjS5_NS_4lessIjEELb1EEENS_9allocatorIS5_EEE25__emplace_unique_key_argsIjJRKNS_21piecewise_construct_tENS_5tupleIJRKjEEENSH_IJEEEEEENS_4pairINS_15__tree_iteratorIS5_PNS_11__tree_nodeIS5_PvEElEEbEERKT_DpOT0_	std::__ndk1::__tree<std::__ndk1::__value_type<unsigned int, WaterConcept::PlayerDataSerializer::AllieChallengeInfo>, std::__ndk1::__map_value_compare<unsigned int, WaterConcept::PlayerDataSerializer::AllieChallengeInfo, std::__ndk1::less<unsigned int>, bool>>::std::__ndk1::allocator<WaterConcept::PlayerDataSerializer::AllieChallengeInfo>	ok
_tmpl/std____ndk1____tree_std____ndk1____value_66ecce1b.cpp	0x43d4f8	176	_ZNSt6__ndk16__treeINS_12__value_typeIjN12WaterConcept20PlayerDataSerializer18AllieChallengeInfoEEENS_19__map_value_compareIjS5_NS_4lessIjEELb1EEENS_9allocatorIS5_EEE16__insert_node_atEPNS_15__tree_end_nodeIPNS_16__tree_node_baseIPvEEEERSH_SH_	std::__ndk1::__tree<std::__ndk1::__value_type<unsigned int, WaterConcept::PlayerDataSerializer::AllieChallengeInfo>, std::__ndk1::__map_value_compare<unsigned int, WaterConcept::PlayerDataSerializer::AllieChallengeInfo, std::__ndk1::less<unsigned int>, bool>>::std::__ndk1::allocator<WaterConcept::PlayerDataSerializer::AllieChallengeInfo>	ok
_tmpl/std____ndk1____tree_std____ndk1____value_25054b1d.cpp	0x43d2d4	364	_ZNSt6__ndk16__treeINS_12__value_typeIjN12WaterConcept20PlayerDataSerializer15CollectibleInfoEEENS_19__map_value_compareIjS5_NS_4lessIjEELb1EEENS_9allocatorIS5_EEE16__insert_node_atEPNS_15__tree_end_nodeIPNS_16__tree_node_baseIPvEEEERSH_SH_	std::__ndk1::__tree<std::__ndk1::__value_type<unsigned int, WaterConcept::PlayerDataSerializer::CollectibleInfo>, std::__ndk1::__map_value_compare<unsigned int, WaterConcept::PlayerDataSerializer::CollectibleInfo, std::__ndk1::less<unsigned int>, bool>>::std::__ndk1::allocator<WaterConcept::PlayerDataSerializer::CollectibleInfo>	ok
_tmpl/std____ndk1____tree_std____ndk1____value_5dd14eb6.cpp	0x403544	11508	_ZNSt6__ndk16__treeINS_12__value_typeIPvS2_EENS_19__map_value_compareIS2_S3_NS_4lessIS2_EELb1EEENS_9allocatorIS3_EEE8__detachEPNS_11__tree_nodeIS3_S2_EE	std::__ndk1::__tree<std::__ndk1::__value_type<void*, std::__ndk1::__value_type>, std::__ndk1::__map_value_compare<std::__ndk1::__value_type, std::__ndk1::__value_type<void*, std::__ndk1::__value_type>, std::__ndk1::less<std::__ndk1::__value_type>, bool>>::std::__ndk1::allocator<std::__ndk1::__value_type<void*, std::__ndk1::__value_type>>	ok
_tmpl/std____ndk1____tree_std____ndk1__basic_s_558b318a.cpp	0x4cd2d0	1200	_ZNSt6__ndk16__treeINS_12basic_stringIcNS_11char_traitsIcEENS_9allocatorIcEEEENS_4lessIS6_EENS4_IS6_EEE8__detachEPNS_11__tree_nodeIS6_PvEE	std::__ndk1::__tree<std::__ndk1::basic_string<char, std::__ndk1::char_traits<char>, std::__ndk1::allocator<char>>, std::__ndk1::less<std::__ndk1::allocator<char>>, std::__ndk1::char_traits<char><std::__ndk1::allocator<char>>>::__detach	ok
_tmpl/std____ndk1____tree_std____ndk1__basic_s_4590ad1a.cpp	0x4cd0d4	64	_ZNSt6__ndk16__treeINS_12basic_stringIcNS_11char_traitsIcEENS_9allocatorIcEEEENS_4lessIS6_EENS4_IS6_EEE14__assign_multiINS_21__tree_const_iteratorIS6_PNS_11__tree_nodeIS6_PvEElEEEEvT_SI_	std::__ndk1::__tree<std::__ndk1::basic_string<char, std::__ndk1::char_traits<char>, std::__ndk1::allocator<char>>, std::__ndk1::less<std::__ndk1::allocator<char>>, std::__ndk1::char_traits<char><std::__ndk1::allocator<char>>>::__assign_multi<std::__ndk1::__tree_const_iterator<std::__ndk1::allocator<char>, std::__ndk1::__tree_node<std::__ndk1::allocator<char>, void*>*, long>>	ok
_tmpl/std____ndk1____tree_std____ndk1__basic_s_ba36863b.cpp	0x4cb878	24	_ZNSt6__ndk16__treeINS_12basic_stringIcNS_11char_traitsIcEENS_9allocatorIcEEEENS_4lessIS6_EENS4_IS6_EEE12__find_equalIS6_EERPNS_16__tree_node_baseIPvEENS_21__tree_const_iteratorIS6_PNS_11__tree_nodeIS6_SD_EElEERPNS_15__tree_end_nodeISF_EESG_RKT_	std::__ndk1::__tree<std::__ndk1::basic_string<char, std::__ndk1::char_traits<char>, std::__ndk1::allocator<char>>, std::__ndk1::less<std::__ndk1::allocator<char>>, std::__ndk1::char_traits<char><std::__ndk1::allocator<char>>>::__find_equal<std::__ndk1::allocator<char>>	ok
_tmpl/std____ndk1__basic_filebuf_char__std_____3db9d464.cpp	0x3d4810	8	_ZNSt6__ndk113basic_filebufIcNS_11char_traitsIcEEE5closeEv	std::__ndk1::basic_filebuf<char, std::__ndk1::char_traits<char>>::close	ok
_tmpl/std____ndk1__basic_filebuf_char__std_____3db9d464.cpp	0x3d4920	116	_ZNSt6__ndk113basic_filebufIcNS_11char_traitsIcEEE5imbueERKNS_6localeE	std::__ndk1::basic_filebuf<char, std::__ndk1::char_traits<char>>::imbue	ok
_tmpl/std____ndk1__basic_filebuf_char__std_____3db9d464.cpp	0x3d4994	420	_ZNSt6__ndk113basic_filebufIcNS_11char_traitsIcEEE6setbufEPcl	std::__ndk1::basic_filebuf<char, std::__ndk1::char_traits<char>>::setbuf	ok
_tmpl/std____ndk1__basic_filebuf_char__std_____3db9d464.cpp	0x3d4b38	8	_ZNSt6__ndk113basic_filebufIcNS_11char_traitsIcEEE7seekoffExNS_8ios_base7seekdirEj	std::__ndk1::basic_filebuf<char, std::__ndk1::char_traits<char>>::seekoff	ok
_tmpl/std____ndk1__basic_filebuf_char__std_____3db9d464.cpp	0x3d4bbc	68	_ZNSt6__ndk113basic_filebufIcNS_11char_traitsIcEEE7seekposENS_4fposI9mbstate_tEEj	std::__ndk1::basic_filebuf<char, std::__ndk1::char_traits<char>>::seekpos	ok
_tmpl/std____ndk1__basic_filebuf_char__std_____3db9d464.cpp	0x3d4c00	8	_ZNSt6__ndk113basic_filebufIcNS_11char_traitsIcEEE4syncEv	std::__ndk1::basic_filebuf<char, std::__ndk1::char_traits<char>>::sync	ok
_tmpl/std____ndk1__basic_filebuf_char__std_____3db9d464.cpp	0x3d4ecc	228	_ZNSt6__ndk113basic_filebufIcNS_11char_traitsIcEEE9underflowEv	std::__ndk1::basic_filebuf<char, std::__ndk1::char_traits<char>>::underflow	ok
_tmpl/std____ndk1__basic_ios_char__std____ndk1_b8d81c7a.cpp	0x5a41d0	4	_ZNSt6__ndk19basic_iosIcNS_11char_traitsIcEEE7copyfmtERKS3_	std::__ndk1::basic_ios<char, std::__ndk1::char_traits<char>>::copyfmt	ok
_tmpl/std____ndk1__basic_istream_char__std_____8b97d496.cpp	0x5a6360	68	_ZNSt6__ndk113basic_istreamIcNS_11char_traitsIcEEE4swapERS3_	std::__ndk1::basic_istream<char, std::__ndk1::char_traits<char>>::swap	ok
_tmpl/std____ndk1__basic_istream_char__std_____8b97d496.cpp	0x5a68fc	372	_ZNSt6__ndk113basic_istreamIcNS_11char_traitsIcEEErsERb	std::__ndk1::basic_istream<char, std::__ndk1::char_traits<char>>::short restrict	ok
_tmpl/std____ndk1__basic_istream_char__std_____8b97d496.cpp	0x5a6ad0	200	_ZNSt6__ndk113basic_istreamIcNS_11char_traitsIcEEErsERs	std::__ndk1::basic_istream<char, std::__ndk1::char_traits<char>>::short restrict	ok
_tmpl/std____ndk1__basic_istream_char__std_____8b97d496.cpp	0x5a6bb0	4	_ZNSt6__ndk113basic_istreamIcNS_11char_traitsIcEEErsERt	std::__ndk1::basic_istream<char, std::__ndk1::char_traits<char>>::short restrict	ok
_tmpl/std____ndk1__basic_istream_char__std_____8b97d496.cpp	0x5a6cc4	104	_ZNSt6__ndk113basic_istreamIcNS_11char_traitsIcEEErsERi	std::__ndk1::basic_istream<char, std::__ndk1::char_traits<char>>::short restrict	ok
_tmpl/std____ndk1__basic_istream_char__std_____8b97d496.cpp	0x5a6f34	568	_ZNSt6__ndk113basic_istreamIcNS_11char_traitsIcEEErsERl	std::__ndk1::basic_istream<char, std::__ndk1::char_traits<char>>::short restrict	ok
_tmpl/std____ndk1__basic_istream_char__std_____8b97d496.cpp	0x5a71d8	320	_ZNSt6__ndk113basic_istreamIcNS_11char_traitsIcEEErsERx	std::__ndk1::basic_istream<char, std::__ndk1::char_traits<char>>::short restrict	ok
_tmpl/std____ndk1__basic_istream_char__std_____8b97d496.cpp	0x5a7354	56	_ZNSt6__ndk113basic_istreamIcNS_11char_traitsIcEEErsERy	std::__ndk1::basic_istream<char, std::__ndk1::char_traits<char>>::short restrict	ok
_tmpl/std____ndk1__basic_istream_char__std_____8b97d496.cpp	0x5a74b8	100	_ZNSt6__ndk113basic_istreamIcNS_11char_traitsIcEEErsERf	std::__ndk1::basic_istream<char, std::__ndk1::char_traits<char>>::short restrict	ok
_tmpl/std____ndk1__basic_istream_char__std_____8b97d496.cpp	0x5a7628	2668	_ZNSt6__ndk113basic_istreamIcNS_11char_traitsIcEEErsERd	std::__ndk1::basic_istream<char, std::__ndk1::char_traits<char>>::short restrict	ok
_tmpl/std____ndk1__basic_istream_char__std_____8b97d496.cpp	0x5a81f8	8	_ZNSt6__ndk113basic_istreamIcNS_11char_traitsIcEEE7getlineEPclc	std::__ndk1::basic_istream<char, std::__ndk1::char_traits<char>>::getline	ok
_tmpl/std____ndk1__basic_istream_char__std_____8b97d496.cpp	0x5a82c4	88	_ZNSt6__ndk113basic_istreamIcNS_11char_traitsIcEEE6ignoreEli	std::__ndk1::basic_istream<char, std::__ndk1::char_traits<char>>::ignore	ok
_tmpl/std____ndk1__basic_istream_char__std_____8b97d496.cpp	0x5a8478	48	_ZNSt6__ndk113basic_istreamIcNS_11char_traitsIcEEE4peekEv	std::__ndk1::basic_istream<char, std::__ndk1::char_traits<char>>::peek	ok
_tmpl/std____ndk1__basic_istream_char__std_____8b97d496.cpp	0x5a85ec	116	_ZNSt6__ndk113basic_istreamIcNS_11char_traitsIcEEE8readsomeEPcl	std::__ndk1::basic_istream<char, std::__ndk1::char_traits<char>>::readsome	ok
_tmpl/std____ndk1__basic_istream_char__std_____8b97d496.cpp	0x5a868c	40	_ZNSt6__ndk113basic_istreamIcNS_11char_traitsIcEEE7putbackEc	std::__ndk1::basic_istream<char, std::__ndk1::char_traits<char>>::putback	ok
_tmpl/std____ndk1__basic_istream_wchar_t__std__da8ee808.cpp	0x5a8e80	92	_ZNSt6__ndk113basic_istreamIwNS_11char_traitsIwEEE4swapERS3_	std::__ndk1::basic_istream<wchar_t, std::__ndk1::char_traits<wchar_t>>::swap	ok
_tmpl/std____ndk1__basic_ostream_char__std_____2b5c639c.cpp	0x4b3fdc	160	_ZNSt6__ndk113basic_ostreamIcNS_11char_traitsIcEEE3putEc	std::__ndk1::basic_ostream<char, std::__ndk1::char_traits<char>>::put	ok
_tmpl/std____ndk1__basic_ostream_char__std_____2b5c639c.cpp	0x5ad67c	224	_ZNSt6__ndk113basic_ostreamIcNS_11char_traitsIcEEE5writeEPKcl	std::__ndk1::basic_ostream<char, std::__ndk1::char_traits<char>>::write	ok
_tmpl/std____ndk1__basic_ostream_char__std_____2b5c639c.cpp	0x5ada20	24	_ZNSt6__ndk113basic_ostreamIcNS_11char_traitsIcEEE5seekpExNS_8ios_base7seekdirE	std::__ndk1::basic_ostream<char, std::__ndk1::char_traits<char>>::seekp	ok
_tmpl/std____ndk1__basic_ostream_char__std_____e1ef6c58.cpp	0x5acb80	24	_ZNSt6__ndk113basic_ostreamIcNS_11char_traitsIcEEElsEx	std::__ndk1::basic_ostream<char, std::__ndk1::char_traits<char>>::long::short	ok
_tmpl/std____ndk1__basic_ostream_char__std_____e1ef6c58.cpp	0x5ad61c	8	_ZNSt6__ndk113basic_ostreamIcNS_11char_traitsIcEEElsEPNS_15basic_streambufIcS2_EE	std::__ndk1::basic_ostream<char, std::__ndk1::char_traits<char>>::long::short	ok
_tmpl/std____ndk1__basic_ostream_wchar_t__std__6fd19a8e.cpp	0x5addd0	212	_ZNSt6__ndk113basic_ostreamIwNS_11char_traitsIwEEE4swapERS3_	std::__ndk1::basic_ostream<wchar_t, std::__ndk1::char_traits<wchar_t>>::swap	ok
_tmpl/std____ndk1__basic_ostream_wchar_t__std__ccc825ca.cpp	0x5adfcc	84	_ZNSt6__ndk113basic_ostreamIwNS_11char_traitsIwEEElsEb	std::__ndk1::basic_ostream<wchar_t, std::__ndk1::char_traits<wchar_t>>::long::short	ok
_tmpl/std____ndk1__basic_ostream_wchar_t__std__ccc825ca.cpp	0x5ae278	192	_ZNSt6__ndk113basic_ostreamIwNS_11char_traitsIwEEElsEs	std::__ndk1::basic_ostream<wchar_t, std::__ndk1::char_traits<wchar_t>>::long::short	ok
_tmpl/std____ndk1__basic_ostream_wchar_t__std__ccc825ca.cpp	0x5ae364	40	_ZNSt6__ndk113basic_ostreamIwNS_11char_traitsIwEEElsEt	std::__ndk1::basic_ostream<wchar_t, std::__ndk1::char_traits<wchar_t>>::long::short	ok
_tmpl/std____ndk1__basic_ostream_wchar_t__std__ccc825ca.cpp	0x5aea40	320	_ZNSt6__ndk113basic_ostreamIwNS_11char_traitsIwEEElsEl	std::__ndk1::basic_ostream<wchar_t, std::__ndk1::char_traits<wchar_t>>::long::short	ok
_tmpl/std____ndk1__basic_ostream_wchar_t__std__ccc825ca.cpp	0x5aebbc	4	_ZNSt6__ndk113basic_ostreamIwNS_11char_traitsIwEEElsEm	std::__ndk1::basic_ostream<wchar_t, std::__ndk1::char_traits<wchar_t>>::long::short	ok
_tmpl/std____ndk1__basic_streambuf_char__std___235242e0.cpp	0x3d4e6c	96	_ZNSt6__ndk115basic_streambufIcNS_11char_traitsIcEEE6xsgetnEPcl	std::__ndk1::basic_streambuf<char, std::__ndk1::char_traits<char>>::xsgetn	ok
_tmpl/std____ndk1__basic_streambuf_char__std___235242e0.cpp	0x3d5190	1604	_ZNSt6__ndk115basic_streambufIcNS_11char_traitsIcEEE5uflowEv	std::__ndk1::basic_streambuf<char, std::__ndk1::char_traits<char>>::uflow	ok
_tmpl/std____ndk1__basic_streambuf_char__std___235242e0.cpp	0x5a5730	4	_ZNSt6__ndk115basic_streambufIcNS_11char_traitsIcEEE5sputcEc	std::__ndk1::basic_streambuf<char, std::__ndk1::char_traits<char>>::sputc	ok
_tmpl/std____ndk1__basic_streambuf_wchar_t__st_76cbf6d2.cpp	0x5a52f4	316	_ZNSt6__ndk115basic_streambufIwNS_11char_traitsIwEEE8pubimbueERKNS_6localeE	std::__ndk1::basic_streambuf<wchar_t, std::__ndk1::char_traits<wchar_t>>::pubimbue	ok
_tmpl/std____ndk1__basic_streambuf_wchar_t__st_76cbf6d2.cpp	0x5a5ba4	268	_ZNSt6__ndk115basic_streambufIwNS_11char_traitsIwEEE5sputcEw	std::__ndk1::basic_streambuf<wchar_t, std::__ndk1::char_traits<wchar_t>>::sputc	ok
_tmpl/std____ndk1__basic_streambuf_wchar_t__st_76cbf6d2.cpp	0x5a5cb0	1368	_ZNSt6__ndk115basic_streambufIwNS_11char_traitsIwEEE4swapERS3_	std::__ndk1::basic_streambuf<wchar_t, std::__ndk1::char_traits<wchar_t>>::swap	ok
_tmpl/std____ndk1__basic_string_char__std____n_523b4772.cpp	0x3f9780	748	_ZNSt6__ndk112basic_stringIcNS_11char_traitsIcEENS_9allocatorIcEEE9push_backEc	std::__ndk1::basic_string<char, std::__ndk1::char_traits<char>, std::__ndk1::allocator<char>>::push_back	ok
_tmpl/std____ndk1__basic_string_char__std____n_523b4772.cpp	0x5e3b04	424	_ZNSt6__ndk112basic_stringIcNS_11char_traitsIcEENS_9allocatorIcEEE6__initEmc	std::__ndk1::basic_string<char, std::__ndk1::char_traits<char>, std::__ndk1::allocator<char>>::__init	ok
_tmpl/std____ndk1__basic_string_char__std____n_523b4772.cpp	0x5e4058	160	_ZNSt6__ndk112basic_stringIcNS_11char_traitsIcEENS_9allocatorIcEEE6assignEPKc	std::__ndk1::basic_string<char, std::__ndk1::char_traits<char>, std::__ndk1::allocator<char>>::assign	ok
_tmpl/std____ndk1__basic_string_char__std____n_523b4772.cpp	0x5e438c	204	_ZNSt6__ndk112basic_stringIcNS_11char_traitsIcEENS_9allocatorIcEEE7reserveEm	std::__ndk1::basic_string<char, std::__ndk1::char_traits<char>, std::__ndk1::allocator<char>>::reserve	ok
_tmpl/std____ndk1__basic_string_char__std____n_523b4772.cpp	0x5e45e0	276	_ZNSt6__ndk112basic_stringIcNS_11char_traitsIcEENS_9allocatorIcEEE2atEm	std::__ndk1::basic_string<char, std::__ndk1::char_traits<char>, std::__ndk1::allocator<char>>::at	ok
_tmpl/std____ndk1__basic_string_char__std____n_523b4772.cpp	0x5e46f4	8	_ZNSt6__ndk112basic_stringIcNS_11char_traitsIcEENS_9allocatorIcEEE6appendERKS5_mm	std::__ndk1::basic_string<char, std::__ndk1::char_traits<char>, std::__ndk1::allocator<char>>::append	ok
_tmpl/std____ndk1__basic_string_char__std____n_523b4772.cpp	0x5e5b44	448	_ZNSt6__ndk112basic_stringIcNS_11char_traitsIcEENS_9allocatorIcEEE7replaceIPKcEENS_9enable_ifIXsr19__is_input_iteratorIT_EE5valueERS5_E4typeENS_11__wrap_iterIS8_EESF_SA_SA_	std::__ndk1::basic_string<char, std::__ndk1::char_traits<char>, std::__ndk1::allocator<char>>::replace<char const*>	ok
_tmpl/std____ndk1__basic_string_wchar_t__std___fec19db4.cpp	0x5e7318	148	_ZNSt6__ndk112basic_stringIwNS_11char_traitsIwEENS_9allocatorIwEEE6__initEmw	std::__ndk1::basic_string<wchar_t, std::__ndk1::char_traits<wchar_t>, std::__ndk1::allocator<wchar_t>>::__init	ok
_tmpl/std____ndk1__basic_stringbuf_char__std___6b003203.cpp	0x3f9454	164	_ZNSt6__ndk115basic_stringbufIcNS_11char_traitsIcEENS_9allocatorIcEEE7seekoffExNS_8ios_base7seekdirEj	std::__ndk1::basic_stringbuf<char, std::__ndk1::char_traits<char>, std::__ndk1::allocator<char>>::seekoff	ok
_tmpl/std____ndk1__basic_stringbuf_char__std___6b003203.cpp	0x3f9560	204	_ZNSt6__ndk115basic_stringbufIcNS_11char_traitsIcEENS_9allocatorIcEEE9pbackfailEi	std::__ndk1::basic_stringbuf<char, std::__ndk1::char_traits<char>, std::__ndk1::allocator<char>>::pbackfail	ok
_tmpl/std____ndk1__basic_stringbuf_char__std___6b003203.cpp	0x3f962c	340	_ZNSt6__ndk115basic_stringbufIcNS_11char_traitsIcEENS_9allocatorIcEEE8overflowEi	std::__ndk1::basic_stringbuf<char, std::__ndk1::char_traits<char>, std::__ndk1::allocator<char>>::overflow	ok
_tmpl/std____ndk1__basic_stringbuf_char__std___6b003203.cpp	0x3f9a6c	112	_ZNSt6__ndk115basic_stringbufIcNS_11char_traitsIcEENS_9allocatorIcEEE3strERKNS_12basic_stringIcS2_S4_EE	std::__ndk1::basic_stringbuf<char, std::__ndk1::char_traits<char>, std::__ndk1::allocator<char>>::str	ok
_tmpl/std____ndk1__deque_Walaber__PCSNode___st_7d8fd471.cpp	0x36e218	228	_ZNSt6__ndk15dequeIPN7Walaber7PCSNodeENS_9allocatorIS3_EEE19__add_back_capacityEv	std::__ndk1::deque<Walaber::PCSNode*, std::__ndk1::allocator<Walaber::PCSNode>>::__add_back_capacity	ok
_tmpl/std____ndk1__deque_WaterConcept__Notific_814350dc.cpp	0x4a0338	100	_ZNSt6__ndk15dequeIN12WaterConcept21NotificationSingleton16NotificationDataENS_9allocatorIS3_EEE8pop_backEv	std::__ndk1::deque<WaterConcept::NotificationSingleton::NotificationData, std::__ndk1::allocator<WaterConcept::NotificationSingleton>>::pop_back	ok
_tmpl/std____ndk1__deque_WaterConcept__Notific_814350dc.cpp	0x4a08b0	68	_ZNSt6__ndk15dequeIN12WaterConcept21NotificationSingleton16NotificationDataENS_9allocatorIS3_EEE9push_backERKS3_	std::__ndk1::deque<WaterConcept::NotificationSingleton::NotificationData, std::__ndk1::allocator<WaterConcept::NotificationSingleton>>::push_back	ok
_tmpl/std____ndk1__deque_WaterConcept__Notific_814350dc.cpp	0x4a09ac	176	_ZNSt6__ndk15dequeIN12WaterConcept21NotificationSingleton16NotificationDataENS_9allocatorIS3_EEE19__add_back_capacityEv	std::__ndk1::deque<WaterConcept::NotificationSingleton::NotificationData, std::__ndk1::allocator<WaterConcept::NotificationSingleton>>::__add_back_capacity	ok
_tmpl/std____ndk1__deque_WaterConcept__Spout___a3fa91a2.cpp	0x48e450	560	_ZNSt6__ndk15dequeIN12WaterConcept5Spout14QueuedParticleENS_9allocatorIS3_EEE19__add_back_capacityEv	std::__ndk1::deque<WaterConcept::Spout::QueuedParticle, std::__ndk1::allocator<WaterConcept::Spout>>::__add_back_capacity	ok
_tmpl/std____ndk1__deque__xmlNode___std____ndk_1d761853.cpp	0x347de0	64	_ZNSt6__ndk15dequeIP8_xmlNodeNS_9allocatorIS2_EEE8pop_backEv	std::__ndk1::deque<_xmlNode*, std::__ndk1::allocator<std::__ndk1::allocator>>::pop_back	ok
_tmpl/std____ndk1__deque_int__std____ndk1__all_cf254f07.cpp	0x48010c	76	_ZNSt6__ndk15dequeIiNS_9allocatorIiEEE9push_backEOi	std::__ndk1::deque<int, std::__ndk1::allocator<int>>::push_back	ok
_tmpl/std____ndk1__deque_int__std____ndk1__all_cf254f07.cpp	0x480194	1264	_ZNSt6__ndk15dequeIiNS_9allocatorIiEEE19__add_back_capacityEv	std::__ndk1::deque<int, std::__ndk1::allocator<int>>::__add_back_capacity	ok
_tmpl/std____ndk1__getline_char__std____ndk1___568bfc75.cpp	0x3f8470	464	_ZNSt6__ndk17getlineIcNS_11char_traitsIcEENS_9allocatorIcEEEERNS_13basic_istreamIT_T0_EES9_RNS_12basic_stringIS6_S7_T1_EES6_	std::__ndk1::getline<char, std::__ndk1::char_traits<char>, std::__ndk1::allocator<char>>	ok
std/__ndk1/ios_base.cpp	0x5a3e84	204	_ZNSt6__ndk18ios_base5clearEj	std::__ndk1::ios_base::clear	ok
std/__ndk1/ios_base.cpp	0x5a42d0	4	_ZNSt6__ndk18ios_base7copyfmtERKS0_	std::__ndk1::ios_base::copyfmt	ok
std/__ndk1/ios_base.cpp	0x5a4bf8	8	_ZNSt6__ndk18ios_base4moveERS0_	std::__ndk1::ios_base::move	ok
std/__ndk1/ios_base.cpp	0x5a4c7c	88	_ZNSt6__ndk18ios_base4swapERS0_	std::__ndk1::ios_base::swap	ok
_tmpl/std____ndk1__list_Walaber__CommandRegist_aac34851.cpp	0x3e9f20	248	_ZNSt6__ndk14listIN7Walaber15CommandRegisterENS_9allocatorIS2_EEE9push_backERKS2_	std::__ndk1::list<Walaber::CommandRegister, std::__ndk1::allocator<Walaber>>::push_back	ok
_tmpl/std____ndk1__list_Walaber__SpriteBatch___8765f1af.cpp	0x362c74	248	_ZNSt6__ndk14listIPN7Walaber11SpriteBatch10DrawActionENS_9allocatorIS4_EEE6spliceENS_21__list_const_iteratorIS4_PvEERS7_	std::__ndk1::list<Walaber::SpriteBatch::DrawAction*, std::__ndk1::allocator<Walaber::SpriteBatch::DrawAction>>::splice	ok
_tmpl/std____ndk1__list_Walaber__TextLineInfo__2502ec14.cpp	0x378d1c	132	_ZNSt6__ndk14listIN7Walaber12TextLineInfoENS_9allocatorIS2_EEE5eraseENS_21__list_const_iteratorIS2_PvEES8_	std::__ndk1::list<Walaber::TextLineInfo, std::__ndk1::allocator<Walaber>>::erase	ok
_tmpl/std____ndk1__list_Walaber__TextLineInfo__d3b42c70.cpp	0x378b94	212	_ZNSt6__ndk14listIN7Walaber12TextLineInfoENS_9allocatorIS2_EEE6insertINS_21__list_const_iteratorIS2_PvEEEENS_15__list_iteratorIS2_S8_EES9_T_SC_PNS_9enable_ifIXsr19__is_input_iteratorISC_EE5valueEvE4typeE	std::__ndk1::list<Walaber::TextLineInfo, std::__ndk1::allocator<Walaber>>::insert<std::__ndk1::__list_const_iterator<Walaber, void*>>	ok
_tmpl/std____ndk1__list_int__std____ndk1__allo_adec983f.cpp	0x379508	16	_ZNSt6__ndk14listIiNS_9allocatorIiEEE6insertINS_21__list_const_iteratorIiPvEEEENS_15__list_iteratorIiS6_EES7_T_SA_PNS_9enable_ifIXsr19__is_input_iteratorISA_EE5valueEvE4typeE	std::__ndk1::list<int, std::__ndk1::allocator<int>>::insert<std::__ndk1::__list_const_iterator<int, void*>>	ok
_tmpl/std____ndk1__list_std____ndk1__basic_str_d5332972.cpp	0x3e8f30	88	_ZNSt6__ndk14listINS_12basic_stringIcNS_11char_traitsIcEENS_9allocatorIcEEEENS4_IS6_EEE5eraseENS_21__list_const_iteratorIS6_PvEE	std::__ndk1::list<std::__ndk1::basic_string<char, std::__ndk1::char_traits<char>, std::__ndk1::allocator<char>>, std::__ndk1::char_traits<char><std::__ndk1::allocator<char>>>::erase	ok
_tmpl/std____ndk1__list_std____ndk1__basic_str_d5332972.cpp	0x3ea2f8	204	_ZNSt6__ndk14listINS_12basic_stringIcNS_11char_traitsIcEENS_9allocatorIcEEEENS4_IS6_EEE9push_backERKS6_	std::__ndk1::list<std::__ndk1::basic_string<char, std::__ndk1::char_traits<char>, std::__ndk1::allocator<char>>, std::__ndk1::char_traits<char><std::__ndk1::allocator<char>>>::push_back	ok
_tmpl/std____ndk1__money_get_wchar_t__std____n_155efc79.cpp	0x5c9c28	328	_ZNSt6__ndk19money_getIwNS_19istreambuf_iteratorIwNS_11char_traitsIwEEEEE8__do_getERS4_S4_bRKNS_6localeEjRjRbRKNS_5ctypeIwEERNS_10unique_ptrIwPFvPvEEERPwSM_	std::__ndk1::money_get<wchar_t, std::__ndk1::istreambuf_iterator<wchar_t, std::__ndk1::char_traits<wchar_t>>>::__do_get	ok
_tmpl/std____ndk1__remove_std____ndk1____wrap__8415c446.cpp	0x4067e0	368	_ZNSt6__ndk16removeINS_11__wrap_iterIPN12WaterConcept19ParticleDescriptionEEES3_EET_S6_S6_RKT0_	std::__ndk1::remove<std::__ndk1::__wrap_iter<WaterConcept::ParticleDescription*>, WaterConcept>	ok
_tmpl/std____ndk1__vector_Walaber__AnimationCu_88dabc47.cpp	0x433df4	164	_ZNSt6__ndk16vectorIN7Walaber26AnimationCueAnimationTrack17CueAnimationEventENS_9allocatorIS3_EEE6insertENS_11__wrap_iterIPKS3_EEOS3_	std::__ndk1::vector<Walaber::AnimationCueAnimationTrack::CueAnimationEvent, std::__ndk1::allocator<Walaber::AnimationCueAnimationTrack>>::insert	ok
_tmpl/std____ndk1__vector_Walaber__AnimationCu_88dabc47.cpp	0x434000	160	_ZNSt6__ndk16vectorIN7Walaber26AnimationCueAnimationTrack17CueAnimationEventENS_9allocatorIS3_EEE12__move_rangeEPS3_S7_S7_	std::__ndk1::vector<Walaber::AnimationCueAnimationTrack::CueAnimationEvent, std::__ndk1::allocator<Walaber::AnimationCueAnimationTrack>>::__move_range	ok
_tmpl/std____ndk1__vector_Walaber__AnimationCu_88dabc47.cpp	0x4344e4	496	_ZNSt6__ndk16vectorIN7Walaber26AnimationCueAnimationTrack17CueAnimationEventENS_9allocatorIS3_EEE26__swap_out_circular_bufferERNS_14__split_bufferIS3_RS5_EEPS3_	std::__ndk1::vector<Walaber::AnimationCueAnimationTrack::CueAnimationEvent, std::__ndk1::allocator<Walaber::AnimationCueAnimationTrack>>::__swap_out_circular_buffer	ok
_tmpl/std____ndk1__vector_Walaber__AnimationCu_88dabc47.cpp	0x4346d4	588	_ZNSt6__ndk16vectorIN7Walaber26AnimationCueAnimationTrack17CueAnimationEventENS_9allocatorIS3_EEE26__swap_out_circular_bufferERNS_14__split_bufferIS3_RS5_EE	std::__ndk1::vector<Walaber::AnimationCueAnimationTrack::CueAnimationEvent, std::__ndk1::allocator<Walaber::AnimationCueAnimationTrack>>::__swap_out_circular_buffer	ok
_tmpl/std____ndk1__vector_Walaber__Color__std__d82dfe1.cpp	0x46caac	404	_ZNSt6__ndk16vectorIN7Walaber5ColorENS_9allocatorIS2_EEE26__swap_out_circular_bufferERNS_14__split_bufferIS2_RS4_EE	std::__ndk1::vector<Walaber::Color, std::__ndk1::allocator<Walaber>>::__swap_out_circular_buffer	ok
_tmpl/std____ndk1__vector_Walaber__CurveManage_9991eb.cpp	0x3e551c	184	_ZNSt6__ndk16vectorIN7Walaber12CurveManager15CurveCollectionENS_9allocatorIS3_EEE26__swap_out_circular_bufferERNS_14__split_bufferIS3_RS5_EE	std::__ndk1::vector<Walaber::CurveManager::CurveCollection, std::__ndk1::allocator<Walaber::CurveManager>>::__swap_out_circular_buffer	ok
_tmpl/std____ndk1__vector_Walaber__CurveManage_a341e239.cpp	0x3e5420	252	_ZNSt6__ndk16vectorIN7Walaber12CurveManager15CurveCollectionENS_9allocatorIS3_EEE21__push_back_slow_pathIS3_EEvOT_	std::__ndk1::vector<Walaber::CurveManager::CurveCollection, std::__ndk1::allocator<Walaber::CurveManager>>::__push_back_slow_path<Walaber::CurveManager>	ok
_tmpl/std____ndk1__vector_Walaber__FluidPartic_b4f905ae.cpp	0x38da04	60	_ZNSt6__ndk16vectorIN7Walaber13FluidParticleENS_9allocatorIS2_EEE6insertENS_11__wrap_iterIPKS2_EEmRS7_	std::__ndk1::vector<Walaber::FluidParticle, std::__ndk1::allocator<Walaber>>::insert	ok
_tmpl/std____ndk1__vector_Walaber__FluidPartic_b4f905ae.cpp	0x390298	132	_ZNSt6__ndk16vectorIN7Walaber13FluidParticleENS_9allocatorIS2_EEE12__move_rangeEPS2_S6_S6_	std::__ndk1::vector<Walaber::FluidParticle, std::__ndk1::allocator<Walaber>>::__move_range	ok
_tmpl/std____ndk1__vector_Walaber__FluidPartic_b4f905ae.cpp	0x3904a0	16	_ZNSt6__ndk16vectorIN7Walaber13FluidParticleENS_9allocatorIS2_EEE26__swap_out_circular_bufferERNS_14__split_bufferIS2_RS4_EEPS2_	std::__ndk1::vector<Walaber::FluidParticle, std::__ndk1::allocator<Walaber>>::__swap_out_circular_buffer	ok
_tmpl/std____ndk1__vector_Walaber__GameScreen__a019d4fc.cpp	0x3f38e8	416	_ZNSt6__ndk16vectorIPN7Walaber10GameScreenENS_9allocatorIS3_EEE21__push_back_slow_pathIRKS3_EEvOT_	std::__ndk1::vector<Walaber::GameScreen*, std::__ndk1::allocator<Walaber::GameScreen>>::__push_back_slow_path<Walaber::GameScreen const&>	ok
_tmpl/std____ndk1__vector_Walaber__NodeAnimati_241b5c1c.cpp	0x335928	64	_ZNSt6__ndk16vectorIPN7Walaber18NodeAnimationTrackENS_9allocatorIS3_EEE21__push_back_slow_pathIS3_EEvOT_	std::__ndk1::vector<Walaber::NodeAnimationTrack*, std::__ndk1::allocator<Walaber::NodeAnimationTrack>>::__push_back_slow_path<Walaber::NodeAnimationTrack>	ok
_tmpl/std____ndk1__vector_Walaber__NumericAnim_59b5710.cpp	0x335750	68	_ZNSt6__ndk16vectorIPN7Walaber21NumericAnimationTrackENS_9allocatorIS3_EEE21__push_back_slow_pathIS3_EEvOT_	std::__ndk1::vector<Walaber::NumericAnimationTrack*, std::__ndk1::allocator<Walaber::NumericAnimationTrack>>::__push_back_slow_path<Walaber::NumericAnimationTrack>	ok
_tmpl/std____ndk1__vector_Walaber__Particle__s_c67deeb0.cpp	0x393788	96	_ZNSt6__ndk16vectorIN7Walaber8ParticleENS_9allocatorIS2_EEE18__construct_at_endEm	std::__ndk1::vector<Walaber::Particle, std::__ndk1::allocator<Walaber>>::__construct_at_end	ok
_tmpl/std____ndk1__vector_Walaber__Particle__s_c67deeb0.cpp	0x393c08	12	_ZNSt6__ndk16vectorIN7Walaber8ParticleENS_9allocatorIS2_EEE6insertENS_11__wrap_iterIPKS2_EEmRS7_	std::__ndk1::vector<Walaber::Particle, std::__ndk1::allocator<Walaber>>::insert	ok
_tmpl/std____ndk1__vector_Walaber__Particle__s_c67deeb0.cpp	0x394a8c	80	_ZNSt6__ndk16vectorIN7Walaber8ParticleENS_9allocatorIS2_EEE12__move_rangeEPS2_S6_S6_	std::__ndk1::vector<Walaber::Particle, std::__ndk1::allocator<Walaber>>::__move_range	ok
_tmpl/std____ndk1__vector_Walaber__Particle__s_c67deeb0.cpp	0x394d18	116	_ZNSt6__ndk16vectorIN7Walaber8ParticleENS_9allocatorIS2_EEE26__swap_out_circular_bufferERNS_14__split_bufferIS2_RS4_EEPS2_	std::__ndk1::vector<Walaber::Particle, std::__ndk1::allocator<Walaber>>::__swap_out_circular_buffer	ok
_tmpl/std____ndk1__vector_Walaber__ParticleEmi_9379c258.cpp	0x3481c8	68	_ZNSt6__ndk16vectorIN7Walaber15ParticleEmitter11EmitterZoneENS_9allocatorIS3_EEE21__push_back_slow_pathIRKS3_EEvOT_	std::__ndk1::vector<Walaber::ParticleEmitter::EmitterZone, std::__ndk1::allocator<Walaber::ParticleEmitter>>::__push_back_slow_path<Walaber::ParticleEmitter const&>	ok
_tmpl/std____ndk1__vector_Walaber__PositionTex_e45ff8cc.cpp	0x363c88	652	_ZNSt6__ndk16vectorIN7Walaber24PositionTextureColorVertENS_9allocatorIS2_EEE21__push_back_slow_pathIS2_EEvOT_	std::__ndk1::vector<Walaber::PositionTextureColorVert, std::__ndk1::allocator<Walaber>>::__push_back_slow_path<Walaber>	ok
_tmpl/std____ndk1__vector_Walaber__ScreenManag_fdaf841b.cpp	0x3f31f0	108	_ZNSt6__ndk16vectorIN7Walaber13ScreenManager22ScreenOperationDetailsENS_9allocatorIS3_EEE26__swap_out_circular_bufferERNS_14__split_bufferIS3_RS5_EEPS3_	std::__ndk1::vector<Walaber::ScreenManager::ScreenOperationDetails, std::__ndk1::allocator<Walaber::ScreenManager>>::__swap_out_circular_buffer	ok
_tmpl/std____ndk1__vector_Walaber__ScreenManag_fdaf841b.cpp	0x3f3d48	836	_ZNSt6__ndk16vectorIN7Walaber13ScreenManager22ScreenOperationDetailsENS_9allocatorIS3_EEE13__vdeallocateEv	std::__ndk1::vector<Walaber::ScreenManager::ScreenOperationDetails, std::__ndk1::allocator<Walaber::ScreenManager>>::__vdeallocate	ok
_tmpl/std____ndk1__vector_Walaber__ScreenManag_e29cf086.cpp	0x3f3c70	216	_ZNSt6__ndk16vectorIN7Walaber13ScreenManager22ScreenOperationDetailsENS_9allocatorIS3_EEE18__construct_at_endIPS3_EENS_9enable_ifIXsr21__is_forward_iteratorIT_EE5valueEvE4typeESA_SA_m	std::__ndk1::vector<Walaber::ScreenManager::ScreenOperationDetails, std::__ndk1::allocator<Walaber::ScreenManager>>::__construct_at_end<Walaber::ScreenManager*>	ok
_tmpl/std____ndk1__vector_Walaber__ScreenManag_8cf2a1de.cpp	0x3f3a88	204	_ZNSt6__ndk16vectorIN7Walaber13ScreenManager22ScreenOperationDetailsENS_9allocatorIS3_EEE6assignIPS3_EENS_9enable_ifIXaasr21__is_forward_iteratorIT_EE5valuesr16is_constructibleIS3_NS_15iterator_traitsISA_E9referenceEEE5valueEvE4typeESA_SA_	std::__ndk1::vector<Walaber::ScreenManager::ScreenOperationDetails, std::__ndk1::allocator<Walaber::ScreenManager>>::assign<Walaber::ScreenManager*>	ok
_tmpl/std____ndk1__vector_Walaber__SharedPtr_s_118bd30b.cpp	0x506b50	736	_ZNSt6__ndk16vectorIN7Walaber9SharedPtrINS1_8CallbackEEENS_9allocatorIS4_EEE26__swap_out_circular_bufferERNS_14__split_bufferIS4_RS6_EE	std::__ndk1::vector<Walaber::SharedPtr<std::__ndk1::vector::Callback>, std::__ndk1::allocator<std::__ndk1::vector::Callback>>::__swap_out_circular_buffer	ok
_tmpl/std____ndk1__vector_Walaber__SharedPtr_s_1c22ed29.cpp	0x46c7d0	64	_ZNSt6__ndk16vectorIN7Walaber9SharedPtrINS1_19SoundEffectInstanceEEENS_9allocatorIS4_EEE21__push_back_slow_pathIS4_EEvOT_	std::__ndk1::vector<Walaber::SharedPtr<std::__ndk1::vector::SoundEffectInstance>, std::__ndk1::allocator<std::__ndk1::vector::SoundEffectInstance>>::__push_back_slow_path<std::__ndk1::vector::SoundEffectInstance>	ok
_tmpl/std____ndk1__vector_Walaber__SharedPtr_s_d474abd9.cpp	0x393a38	80	_ZNSt6__ndk16vectorIN7Walaber9SharedPtrINS1_7TextureEEENS_9allocatorIS4_EEE11__vallocateEm	std::__ndk1::vector<Walaber::SharedPtr<std::__ndk1::vector::Texture>, std::__ndk1::allocator<std::__ndk1::vector::Texture>>::__vallocate	ok
_tmpl/std____ndk1__vector_Walaber__SoundManage_4f922c5b.cpp	0x356d6c	116	_ZNSt6__ndk16vectorIN7Walaber12SoundManager9SoundInfoENS_9allocatorIS3_EEE26__swap_out_circular_bufferERNS_14__split_bufferIS3_RS5_EE	std::__ndk1::vector<Walaber::SoundManager::SoundInfo, std::__ndk1::allocator<Walaber::SoundManager>>::__swap_out_circular_buffer	ok
_tmpl/std____ndk1__vector_Walaber__SoundManage_10d1f9c9.cpp	0x356b88	88	_ZNSt6__ndk16vectorIN7Walaber12SoundManager9SoundInfoENS_9allocatorIS3_EEE21__push_back_slow_pathIRKS3_EEvOT_	std::__ndk1::vector<Walaber::SoundManager::SoundInfo, std::__ndk1::allocator<Walaber::SoundManager>>::__push_back_slow_path<Walaber::SoundManager const&>	ok
_tmpl/std____ndk1__vector_Walaber__Sprite___st_39960b1c.cpp	0x4feb58	44	_ZNSt6__ndk16vectorIPN7Walaber6SpriteENS_9allocatorIS3_EEE21__push_back_slow_pathIRKS3_EEvOT_	std::__ndk1::vector<Walaber::Sprite*, std::__ndk1::allocator<Walaber::Sprite>>::__push_back_slow_path<Walaber::Sprite const&>	ok
_tmpl/std____ndk1__vector_Walaber__SpriteAnima_f315e0b9.cpp	0x35d0ec	152	_ZNSt6__ndk16vectorIN7Walaber15SpriteAnimation14AnimationFrameENS_9allocatorIS3_EEE26__swap_out_circular_bufferERNS_14__split_bufferIS3_RS5_EE	std::__ndk1::vector<Walaber::SpriteAnimation::AnimationFrame, std::__ndk1::allocator<Walaber::SpriteAnimation>>::__swap_out_circular_buffer	ok
_tmpl/std____ndk1__vector_Walaber__SpriteAnima_ab8f39ab.cpp	0x35d598	204	_ZNSt6__ndk16vectorIN7Walaber15SpriteAnimation14AnimationFrameENS_9allocatorIS3_EEE21__push_back_slow_pathIS3_EEvOT_	std::__ndk1::vector<Walaber::SpriteAnimation::AnimationFrame, std::__ndk1::allocator<Walaber::SpriteAnimation>>::__push_back_slow_path<Walaber::SpriteAnimation>	ok
_tmpl/std____ndk1__vector_Walaber__SpriteAnima_6ffb2622.cpp	0x35d430	184	_ZNSt6__ndk16vectorIN7Walaber15SpriteAnimation11FrameImportENS_9allocatorIS3_EEE26__swap_out_circular_bufferERNS_14__split_bufferIS3_RS5_EE	std::__ndk1::vector<Walaber::SpriteAnimation::FrameImport, std::__ndk1::allocator<Walaber::SpriteAnimation>>::__swap_out_circular_buffer	ok
_tmpl/std____ndk1__vector_Walaber__SpriteAnima_af0b8722.cpp	0x35d248	212	_ZNSt6__ndk16vectorIN7Walaber15SpriteAnimation11FrameImportENS_9allocatorIS3_EEE21__push_back_slow_pathIS3_EEvOT_	std::__ndk1::vector<Walaber::SpriteAnimation::FrameImport, std::__ndk1::allocator<Walaber::SpriteAnimation>>::__push_back_slow_path<Walaber::SpriteAnimation>	ok
_tmpl/std____ndk1__vector_Walaber__SpriteAnima_15113dbc.cpp	0x335afc	68	_ZNSt6__ndk16vectorIPN7Walaber20SpriteAnimationTrackENS_9allocatorIS3_EEE21__push_back_slow_pathIS3_EEvOT_	std::__ndk1::vector<Walaber::SpriteAnimationTrack*, std::__ndk1::allocator<Walaber::SpriteAnimationTrack>>::__push_back_slow_path<Walaber::SpriteAnimationTrack>	ok
_tmpl/std____ndk1__vector_Walaber__SpriteAnima_3980aa9d.cpp	0x3355c0	68	_ZNSt6__ndk16vectorIN7Walaber20SpriteAnimationTrack20SpriteAnimationEventENS_9allocatorIS3_EEE26__swap_out_circular_bufferERNS_14__split_bufferIS3_RS5_EE	std::__ndk1::vector<Walaber::SpriteAnimationTrack::SpriteAnimationEvent, std::__ndk1::allocator<Walaber::SpriteAnimationTrack>>::__swap_out_circular_buffer	ok
_tmpl/std____ndk1__vector_Walaber__TextLineInf_2912bdf9.cpp	0x379c3c	36	_ZNSt6__ndk16vectorIN7Walaber12TextLineInfoENS_9allocatorIS2_EEE6assignIPS2_EENS_9enable_ifIXaasr21__is_forward_iteratorIT_EE5valuesr16is_constructibleIS2_NS_15iterator_traitsIS9_E9referenceEEE5valueEvE4typeES9_S9_	std::__ndk1::vector<Walaber::TextLineInfo, std::__ndk1::allocator<Walaber>>::assign<Walaber*>	ok
_tmpl/std____ndk1__vector_Walaber__TextureMana_a6fc96e3.cpp	0x3a02e8	464	_ZNSt6__ndk16vectorIN7Walaber14TextureManager10SubTexInfoENS_9allocatorIS3_EEE26__swap_out_circular_bufferERNS_14__split_bufferIS3_RS5_EE	std::__ndk1::vector<Walaber::TextureManager::SubTexInfo, std::__ndk1::allocator<Walaber::TextureManager>>::__swap_out_circular_buffer	ok
_tmpl/std____ndk1__vector_Walaber__TextureMana_a6fc96e3.cpp	0x3a0868	24	_ZNSt6__ndk16vectorIN7Walaber14TextureManager10SubTexInfoENS_9allocatorIS3_EEE13__vdeallocateEv	std::__ndk1::vector<Walaber::TextureManager::SubTexInfo, std::__ndk1::allocator<Walaber::TextureManager>>::__vdeallocate	ok
_tmpl/std____ndk1__vector_Walaber__TextureMana_aae5874e.cpp	0x3a0800	104	_ZNSt6__ndk16vectorIN7Walaber14TextureManager10SubTexInfoENS_9allocatorIS3_EEE18__construct_at_endIPS3_EENS_9enable_ifIXsr21__is_forward_iteratorIT_EE5valueEvE4typeESA_SA_m	std::__ndk1::vector<Walaber::TextureManager::SubTexInfo, std::__ndk1::allocator<Walaber::TextureManager>>::__construct_at_end<Walaber::TextureManager*>	ok
_tmpl/std____ndk1__vector_Walaber__TextureMana_a03c3e41.cpp	0x3a00e0	280	_ZNSt6__ndk16vectorIN7Walaber14TextureManager10SubTexInfoENS_9allocatorIS3_EEE21__push_back_slow_pathIRKS3_EEvOT_	std::__ndk1::vector<Walaber::TextureManager::SubTexInfo, std::__ndk1::allocator<Walaber::TextureManager>>::__push_back_slow_path<Walaber::TextureManager const&>	ok
_tmpl/std____ndk1__vector_Walaber__TextureMana_f29124a6.cpp	0x3a0680	116	_ZNSt6__ndk16vectorIN7Walaber14TextureManager10SubTexInfoENS_9allocatorIS3_EEE6assignIPS3_EENS_9enable_ifIXaasr21__is_forward_iteratorIT_EE5valuesr16is_constructibleIS3_NS_15iterator_traitsISA_E9referenceEEE5valueEvE4typeESA_SA_	std::__ndk1::vector<Walaber::TextureManager::SubTexInfo, std::__ndk1::allocator<Walaber::TextureManager>>::assign<Walaber::TextureManager*>	ok
_tmpl/std____ndk1__vector_Walaber__Transition__a0791f9c.cpp	0x3f3710	124	_ZNSt6__ndk16vectorIPN7Walaber10TransitionENS_9allocatorIS3_EEE21__push_back_slow_pathIRKS3_EEvOT_	std::__ndk1::vector<Walaber::Transition*, std::__ndk1::allocator<Walaber::Transition>>::__push_back_slow_path<Walaber::Transition const&>	ok
_tmpl/std____ndk1__vector_Walaber__Transition__b7a6f89a.cpp	0x3f5c00	188	_ZNSt6__ndk16vectorIN7Walaber15Transition_Iris9BladeInfoENS_9allocatorIS3_EEE21__push_back_slow_pathIRKS3_EEvOT_	std::__ndk1::vector<Walaber::Transition_Iris::BladeInfo, std::__ndk1::allocator<Walaber::Transition_Iris>>::__push_back_slow_path<Walaber::Transition_Iris const&>	ok
_tmpl/std____ndk1__vector_Walaber__Vector2__st_3b55ba4d.cpp	0x48aa4c	64	_ZNSt6__ndk16vectorIN7Walaber7Vector2ENS_9allocatorIS2_EEE6assignIPS2_EENS_9enable_ifIXaasr21__is_forward_iteratorIT_EE5valuesr16is_constructibleIS2_NS_15iterator_traitsIS9_E9referenceEEE5valueEvE4typeES9_S9_	std::__ndk1::vector<Walaber::Vector2, std::__ndk1::allocator<Walaber>>::assign<Walaber*>	ok
_tmpl/std____ndk1__vector_Walaber__Vector2__st_3b55ba4d.cpp	0x4cfdfc	260	_ZNSt6__ndk16vectorIN7Walaber7Vector2ENS_9allocatorIS2_EEE6insertENS_11__wrap_iterIPKS2_EERS7_	std::__ndk1::vector<Walaber::Vector2, std::__ndk1::allocator<Walaber>>::insert	ok
_tmpl/std____ndk1__vector_Walaber__Widget___st_386fbc48.cpp	0x5304c0	584	_ZNSt6__ndk16vectorIPN7Walaber6WidgetENS_9allocatorIS3_EEE11__vallocateEm	std::__ndk1::vector<Walaber::Widget*, std::__ndk1::allocator<Walaber::Widget>>::__vallocate	ok
_tmpl/std____ndk1__vector_Walaber__Widget___st_54adac3c.cpp	0x53020c	192	_ZNSt6__ndk16vectorIPN7Walaber6WidgetENS_9allocatorIS3_EEE21__push_back_slow_pathIS3_EEvOT_	std::__ndk1::vector<Walaber::Widget*, std::__ndk1::allocator<Walaber::Widget>>::__push_back_slow_path<Walaber::Widget>	ok
_tmpl/std____ndk1__vector_Walaber__Widget_Grou_dc9f45c8.cpp	0x379bf4	36	_ZNSt6__ndk16vectorIPN7Walaber12Widget_GroupENS_9allocatorIS3_EEE11__vallocateEm	std::__ndk1::vector<Walaber::Widget_Group*, std::__ndk1::allocator<Walaber::Widget_Group>>::__vallocate	ok
_tmpl/std____ndk1__vector_Walaber__Widget_Grou_410b698b.cpp	0x379b24	24	_ZNSt6__ndk16vectorIPN7Walaber12Widget_GroupENS_9allocatorIS3_EEE6assignIPS3_EENS_9enable_ifIXaasr21__is_forward_iteratorIT_EE5valuesr16is_constructibleIS3_NS_15iterator_traitsISA_E9referenceEEE5valueEvE4typeESA_SA_	std::__ndk1::vector<Walaber::Widget_Group*, std::__ndk1::allocator<Walaber::Widget_Group>>::assign<Walaber::Widget_Group*>	ok
_tmpl/std____ndk1__vector_Walaber__Widget_Icon_4d4b8d54.cpp	0x378984	528	_ZNSt6__ndk16vectorIN7Walaber15Widget_IconList4IconENS_9allocatorIS3_EEE18__construct_at_endIPS3_EENS_9enable_ifIXsr21__is_forward_iteratorIT_EE5valueEvE4typeESA_SA_m	std::__ndk1::vector<Walaber::Widget_IconList::Icon, std::__ndk1::allocator<Walaber::Widget_IconList>>::__construct_at_end<Walaber::Widget_IconList*>	ok
_tmpl/std____ndk1__vector_Walaber__Widget_Icon_6d7b83ac.cpp	0x37892c	88	_ZNSt6__ndk16vectorIN7Walaber15Widget_IconList4IconENS_9allocatorIS3_EEE6assignIPS3_EENS_9enable_ifIXaasr21__is_forward_iteratorIT_EE5valuesr16is_constructibleIS3_NS_15iterator_traitsISA_E9referenceEEE5valueEvE4typeESA_SA_	std::__ndk1::vector<Walaber::Widget_IconList::Icon, std::__ndk1::allocator<Walaber::Widget_IconList>>::assign<Walaber::Widget_IconList*>	ok
_tmpl/std____ndk1__vector_Walaber__Widget_Labe_586e35c.cpp	0x3846f8	576	_ZNSt6__ndk16vectorIPN7Walaber12Widget_LabelENS_9allocatorIS3_EEE21__push_back_slow_pathIRKS3_EEvOT_	std::__ndk1::vector<Walaber::Widget_Label*, std::__ndk1::allocator<Walaber::Widget_Label>>::__push_back_slow_path<Walaber::Widget_Label const&>	ok
_tmpl/std____ndk1__vector_Walaber__Widget_Labe_30224ceb.cpp	0x3786c4	44	_ZNSt6__ndk16vectorIPN7Walaber12Widget_LabelENS_9allocatorIS3_EEE6assignIPS3_EENS_9enable_ifIXaasr21__is_forward_iteratorIT_EE5valuesr16is_constructibleIS3_NS_15iterator_traitsISA_E9referenceEEE5valueEvE4typeESA_SA_	std::__ndk1::vector<Walaber::Widget_Label*, std::__ndk1::allocator<Walaber::Widget_Label>>::assign<Walaber::Widget_Label*>	ok
_tmpl/std____ndk1__vector_WaterConcept__Fan__P_2786304.cpp	0x47a9b8	76	_ZNSt6__ndk16vectorIN12WaterConcept3Fan8PumpInfoENS_9allocatorIS3_EEE26__swap_out_circular_bufferERNS_14__split_bufferIS3_RS5_EE	std::__ndk1::vector<WaterConcept::Fan::PumpInfo, std::__ndk1::allocator<WaterConcept::Fan>>::__swap_out_circular_buffer	ok
_tmpl/std____ndk1__vector_WaterConcept__Fan__P_8bc7dfc1.cpp	0x47a744	192	_ZNSt6__ndk16vectorIN12WaterConcept3Fan8PumpInfoENS_9allocatorIS3_EEE21__push_back_slow_pathIRKS3_EEvOT_	std::__ndk1::vector<WaterConcept::Fan::PumpInfo, std::__ndk1::allocator<WaterConcept::Fan>>::__push_back_slow_path<WaterConcept::Fan const&>	ok
_tmpl/std____ndk1__vector_WaterConcept__Floate_fa503b21.cpp	0x47c91c	8	_ZNSt6__ndk16vectorIN12WaterConcept7Floater14InternalSpringENS_9allocatorIS3_EEE21__push_back_slow_pathIRKS3_EEvOT_	std::__ndk1::vector<WaterConcept::Floater::InternalSpring, std::__ndk1::allocator<WaterConcept::Floater>>::__push_back_slow_path<WaterConcept::Floater const&>	ok
_tmpl/std____ndk1__vector_WaterConcept__GameSt_ff133db6.cpp	0x42e788	988	_ZNSt6__ndk16vectorIN12WaterConcept9GameState4GoalENS_9allocatorIS3_EEE21__push_back_slow_pathIRKS3_EEvOT_	std::__ndk1::vector<WaterConcept::GameState::Goal, std::__ndk1::allocator<WaterConcept::GameState>>::__push_back_slow_path<WaterConcept::GameState const&>	ok
_tmpl/std____ndk1__vector_WaterConcept__GameSt_52b1fa05.cpp	0x42e1f4	140	_ZNSt6__ndk16vectorIN12WaterConcept9GameState4GoalENS_9allocatorIS3_EEE6assignIPS3_EENS_9enable_ifIXaasr21__is_forward_iteratorIT_EE5valuesr16is_constructibleIS3_NS_15iterator_traitsISA_E9referenceEEE5valueEvE4typeESA_SA_	std::__ndk1::vector<WaterConcept::GameState::Goal, std::__ndk1::allocator<WaterConcept::GameState>>::assign<WaterConcept::GameState*>	ok
_tmpl/std____ndk1__vector_WaterConcept__GameSt_92db4a65.cpp	0x42e55c	88	_ZNSt6__ndk16vectorIN12WaterConcept9GameState13SecondaryGoalENS_9allocatorIS3_EEE11__vallocateEm	std::__ndk1::vector<WaterConcept::GameState::SecondaryGoal, std::__ndk1::allocator<WaterConcept::GameState>>::__vallocate	ok
_tmpl/std____ndk1__vector_WaterConcept__GameSt_920c1299.cpp	0x42e3c0	288	_ZNSt6__ndk16vectorIN12WaterConcept9GameState13SecondaryGoalENS_9allocatorIS3_EEE6assignIPS3_EENS_9enable_ifIXaasr21__is_forward_iteratorIT_EE5valuesr16is_constructibleIS3_NS_15iterator_traitsISA_E9referenceEEE5valueEvE4typeESA_SA_	std::__ndk1::vector<WaterConcept::GameState::SecondaryGoal, std::__ndk1::allocator<WaterConcept::GameState>>::assign<WaterConcept::GameState*>	ok
_tmpl/std____ndk1__vector_WaterConcept__IcyHot_783b35a7.cpp	0x46ee48	84	_ZNSt6__ndk16vectorIPN12WaterConcept6IcyHotENS_9allocatorIS3_EEE21__push_back_slow_pathIS3_EEvOT_	std::__ndk1::vector<WaterConcept::IcyHot*, std::__ndk1::allocator<WaterConcept::IcyHot>>::__push_back_slow_path<WaterConcept::IcyHot>	ok
_tmpl/std____ndk1__vector_WaterConcept__Intera_930afa85.cpp	0x46e0e4	120	_ZNSt6__ndk16vectorIPN12WaterConcept17InteractiveObjectENS_9allocatorIS3_EEE21__push_back_slow_pathIRKS3_EEvOT_	std::__ndk1::vector<WaterConcept::InteractiveObject*, std::__ndk1::allocator<WaterConcept::InteractiveObject>>::__push_back_slow_path<WaterConcept::InteractiveObject const&>	ok
_tmpl/std____ndk1__vector_WaterConcept__Intera_930afa85.cpp	0x46ea14	392	_ZNSt6__ndk16vectorIPN12WaterConcept17InteractiveObjectENS_9allocatorIS3_EEE21__push_back_slow_pathIS3_EEvOT_	std::__ndk1::vector<WaterConcept::InteractiveObject*, std::__ndk1::allocator<WaterConcept::InteractiveObject>>::__push_back_slow_path<WaterConcept::InteractiveObject>	ok
_tmpl/std____ndk1__vector_WaterConcept__Intera_55803a86.cpp	0x48a270	84	_ZNSt6__ndk16vectorIN12WaterConcept17InteractiveObject8MoveEaseENS_9allocatorIS3_EEE21__push_back_slow_pathIS3_EEvOT_	std::__ndk1::vector<WaterConcept::InteractiveObject::MoveEase, std::__ndk1::allocator<WaterConcept::InteractiveObject>>::__push_back_slow_path<WaterConcept::InteractiveObject>	ok
_tmpl/std____ndk1__vector_WaterConcept__Intera_720a67ba.cpp	0x48a78c	36	_ZNSt6__ndk16vectorIN12WaterConcept17InteractiveObject10SpriteInfoENS_9allocatorIS3_EEE21__push_back_slow_pathIRKS3_EEvOT_	std::__ndk1::vector<WaterConcept::InteractiveObject::SpriteInfo, std::__ndk1::allocator<WaterConcept::InteractiveObject>>::__push_back_slow_path<WaterConcept::InteractiveObject const&>	ok
_tmpl/std____ndk1__vector_WaterConcept__Partic_ebe32c42.cpp	0x48f0ec	356	_ZNSt6__ndk16vectorIN12WaterConcept19ParticleDescriptionENS_9allocatorIS2_EEE21__push_back_slow_pathIS2_EEvOT_	std::__ndk1::vector<WaterConcept::ParticleDescription, std::__ndk1::allocator<WaterConcept>>::__push_back_slow_path<WaterConcept>	ok
_tmpl/std____ndk1__vector_WaterConcept__Screen_9bccd671.cpp	0x4cc2b0	416	_ZNSt6__ndk16vectorIN12WaterConcept13Screen_Editor10ObjectDataENS_9allocatorIS3_EEE26__swap_out_circular_bufferERNS_14__split_bufferIS3_RS5_EE	std::__ndk1::vector<WaterConcept::Screen_Editor::ObjectData, std::__ndk1::allocator<WaterConcept::Screen_Editor>>::__swap_out_circular_buffer	ok
_tmpl/std____ndk1__vector_WaterConcept__Screen_9bccd671.cpp	0x4ccbf4	136	_ZNSt6__ndk16vectorIN12WaterConcept13Screen_Editor10ObjectDataENS_9allocatorIS3_EEE12__move_rangeEPS3_S7_S7_	std::__ndk1::vector<WaterConcept::Screen_Editor::ObjectData, std::__ndk1::allocator<WaterConcept::Screen_Editor>>::__move_range	ok
_tmpl/std____ndk1__vector_WaterConcept__Screen_9bccd671.cpp	0x4ccc7c	8	_ZNSt6__ndk16vectorIN12WaterConcept13Screen_Editor10ObjectDataENS_9allocatorIS3_EEE26__swap_out_circular_bufferERNS_14__split_bufferIS3_RS5_EEPS3_	std::__ndk1::vector<WaterConcept::Screen_Editor::ObjectData, std::__ndk1::allocator<WaterConcept::Screen_Editor>>::__swap_out_circular_buffer	ok
_tmpl/std____ndk1__vector_WaterConcept__Screen_f322273d.cpp	0x4ec954	88	_ZNSt6__ndk16vectorIN12WaterConcept20Screen_InAppPurchase7productENS_9allocatorIS3_EEE11__vallocateEm	std::__ndk1::vector<WaterConcept::Screen_InAppPurchase::product, std::__ndk1::allocator<WaterConcept::Screen_InAppPurchase>>::__vallocate	ok
_tmpl/std____ndk1__vector_WaterConcept__Screen_93828a19.cpp	0x4ec9ac	60	_ZNSt6__ndk16vectorIN12WaterConcept20Screen_InAppPurchase7productENS_9allocatorIS3_EEE18__construct_at_endIPS3_EENS_9enable_ifIXsr21__is_forward_iteratorIT_EE5valueEvE4typeESA_SA_m	std::__ndk1::vector<WaterConcept::Screen_InAppPurchase::product, std::__ndk1::allocator<WaterConcept::Screen_InAppPurchase>>::__construct_at_end<WaterConcept::Screen_InAppPurchase*>	ok
_tmpl/std____ndk1__vector_WaterConcept__Screen_fa3dbb7a.cpp	0x4eca34	80	_ZNSt6__ndk16vectorIN12WaterConcept20Screen_InAppPurchase7productENS_9allocatorIS3_EEE21__push_back_slow_pathIRKS3_EEvOT_	std::__ndk1::vector<WaterConcept::Screen_InAppPurchase::product, std::__ndk1::allocator<WaterConcept::Screen_InAppPurchase>>::__push_back_slow_path<WaterConcept::Screen_InAppPurchase const&>	ok
_tmpl/std____ndk1__vector_WaterConcept__Screen_71a8ed3b.cpp	0x53090c	236	_ZNSt6__ndk16vectorIN12WaterConcept18Screen_MainMenu_v28DuckInfoENS_9allocatorIS3_EEE26__swap_out_circular_bufferERNS_14__split_bufferIS3_RS5_EE	std::__ndk1::vector<WaterConcept::Screen_MainMenu_v2::DuckInfo, std::__ndk1::allocator<WaterConcept::Screen_MainMenu_v2>>::__swap_out_circular_buffer	ok
_tmpl/std____ndk1__vector_WaterConcept__Screen_d409da78.cpp	0x530728	484	_ZNSt6__ndk16vectorIN12WaterConcept18Screen_MainMenu_v28DuckInfoENS_9allocatorIS3_EEE21__push_back_slow_pathIRKS3_EEvOT_	std::__ndk1::vector<WaterConcept::Screen_MainMenu_v2::DuckInfo, std::__ndk1::allocator<WaterConcept::Screen_MainMenu_v2>>::__push_back_slow_path<WaterConcept::Screen_MainMenu_v2 const&>	ok
_tmpl/std____ndk1__vector_WaterConcept__Screen_cd7174e7.cpp	0x58aac8	88	_ZNSt6__ndk16vectorIN12WaterConcept16Screen_WaterTest11FingerStampENS_9allocatorIS3_EEE21__push_back_slow_pathIRKS3_EEvOT_	std::__ndk1::vector<WaterConcept::Screen_WaterTest::FingerStamp, std::__ndk1::allocator<WaterConcept::Screen_WaterTest>>::__push_back_slow_path<WaterConcept::Screen_WaterTest const&>	ok
_tmpl/std____ndk1__vector_WaterConcept__Screen_ebdc66f4.cpp	0x58a414	240	_ZNSt6__ndk16vectorIN12WaterConcept16Screen_WaterTest11FingerStampENS_9allocatorIS3_EEE6assignIPS3_EENS_9enable_ifIXaasr21__is_forward_iteratorIT_EE5valuesr16is_constructibleIS3_NS_15iterator_traitsISA_E9referenceEEE5valueEvE4typeESA_SA_	std::__ndk1::vector<WaterConcept::Screen_WaterTest::FingerStamp, std::__ndk1::allocator<WaterConcept::Screen_WaterTest>>::assign<WaterConcept::Screen_WaterTest*>	ok
_tmpl/std____ndk1__vector_WaterConcept__Screen_44cd911c.cpp	0x58a90c	100	_ZNSt6__ndk16vectorIN12WaterConcept16Screen_WaterTest10StrokeInfoENS_9allocatorIS3_EEE26__swap_out_circular_bufferERNS_14__split_bufferIS3_RS5_EE	std::__ndk1::vector<WaterConcept::Screen_WaterTest::StrokeInfo, std::__ndk1::allocator<WaterConcept::Screen_WaterTest>>::__swap_out_circular_buffer	ok
_tmpl/std____ndk1__vector_WaterConcept__Screen_759e1d9.cpp	0x58a660	100	_ZNSt6__ndk16vectorIN12WaterConcept16Screen_WaterTest10StrokeInfoENS_9allocatorIS3_EEE21__push_back_slow_pathIRKS3_EEvOT_	std::__ndk1::vector<WaterConcept::Screen_WaterTest::StrokeInfo, std::__ndk1::allocator<WaterConcept::Screen_WaterTest>>::__push_back_slow_path<WaterConcept::Screen_WaterTest const&>	ok
_tmpl/std____ndk1__vector_WaterConcept__Seawee_1398be25.cpp	0x4fe89c	44	_ZNSt6__ndk16vectorIPN12WaterConcept13SeaweedStrandENS_9allocatorIS3_EEE21__push_back_slow_pathIRKS3_EEvOT_	std::__ndk1::vector<WaterConcept::SeaweedStrand*, std::__ndk1::allocator<WaterConcept::SeaweedStrand>>::__push_back_slow_path<WaterConcept::SeaweedStrand const&>	ok
_tmpl/std____ndk1__vector_WaterConcept__Spout__3d2a8f85.cpp	0x46eb9c	96	_ZNSt6__ndk16vectorIPN12WaterConcept5SpoutENS_9allocatorIS3_EEE21__push_back_slow_pathIRKS3_EEvOT_	std::__ndk1::vector<WaterConcept::Spout*, std::__ndk1::allocator<WaterConcept::Spout>>::__push_back_slow_path<WaterConcept::Spout const&>	ok
_tmpl/std____ndk1__vector_WaterConcept__Spout__8118164a.cpp	0x49962c	244	_ZNSt6__ndk16vectorIN12WaterConcept5Spout15SpoutConnectionENS_9allocatorIS3_EEE21__push_back_slow_pathIRKS3_EEvOT_	std::__ndk1::vector<WaterConcept::Spout::SpoutConnection, std::__ndk1::allocator<WaterConcept::Spout>>::__push_back_slow_path<WaterConcept::Spout const&>	ok
_tmpl/std____ndk1__vector_WaterConcept__StarSe_21d83fd1.cpp	0x46d8ec	176	_ZNSt6__ndk16vectorIPN12WaterConcept8StarSeedENS_9allocatorIS3_EEE21__push_back_slow_pathIRKS3_EEvOT_	std::__ndk1::vector<WaterConcept::StarSeed*, std::__ndk1::allocator<WaterConcept::StarSeed>>::__push_back_slow_path<WaterConcept::StarSeed const&>	ok
_tmpl/std____ndk1__vector_WaterConcept__StarSe_21d83fd1.cpp	0x46ed78	208	_ZNSt6__ndk16vectorIPN12WaterConcept8StarSeedENS_9allocatorIS3_EEE21__push_back_slow_pathIS3_EEvOT_	std::__ndk1::vector<WaterConcept::StarSeed*, std::__ndk1::allocator<WaterConcept::StarSeed>>::__push_back_slow_path<WaterConcept::StarSeed>	ok
_tmpl/std____ndk1__vector_WaterConcept__StarSe_e10dcdb3.cpp	0x46b9d4	876	_ZNSt6__ndk16vectorIN12WaterConcept8StarSeed16TeleportWaypointENS_9allocatorIS3_EEE21__push_back_slow_pathIS3_EEvOT_	std::__ndk1::vector<WaterConcept::StarSeed::TeleportWaypoint, std::__ndk1::allocator<WaterConcept::StarSeed>>::__push_back_slow_path<WaterConcept::StarSeed>	ok
_tmpl/std____ndk1__vector_WaterConcept__Switch_8d3a6633.cpp	0x46d568	12	_ZNSt6__ndk16vectorIPN12WaterConcept6SwitchENS_9allocatorIS3_EEE21__push_back_slow_pathIRKS3_EEvOT_	std::__ndk1::vector<WaterConcept::Switch*, std::__ndk1::allocator<WaterConcept::Switch>>::__push_back_slow_path<WaterConcept::Switch const&>	ok
_tmpl/std____ndk1__vector_WaterConcept__World__2442458e.cpp	0x46e7e4	156	_ZNSt6__ndk16vectorIN12WaterConcept5World10RegionInfoENS_9allocatorIS3_EEE26__swap_out_circular_bufferERNS_14__split_bufferIS3_RS5_EE	std::__ndk1::vector<WaterConcept::World::RegionInfo, std::__ndk1::allocator<WaterConcept::World>>::__swap_out_circular_buffer	ok
_tmpl/std____ndk1__vector_WaterConcept__World__fe40c54b.cpp	0x46e65c	392	_ZNSt6__ndk16vectorIN12WaterConcept5World10RegionInfoENS_9allocatorIS3_EEE21__push_back_slow_pathIRKS3_EEvOT_	std::__ndk1::vector<WaterConcept::World::RegionInfo, std::__ndk1::allocator<WaterConcept::World>>::__push_back_slow_path<WaterConcept::World const&>	ok
_tmpl/std____ndk1__vector_WaterConcept__World__689a9ea7.cpp	0x46f2bc	12	_ZNSt6__ndk16vectorIN12WaterConcept5World10TouchEventENS_9allocatorIS3_EEE26__swap_out_circular_bufferERNS_14__split_bufferIS3_RS5_EE	std::__ndk1::vector<WaterConcept::World::TouchEvent, std::__ndk1::allocator<WaterConcept::World>>::__swap_out_circular_buffer	ok
_tmpl/std____ndk1__vector_WaterConcept__World__3a8445e4.cpp	0x46f03c	272	_ZNSt6__ndk16vectorIN12WaterConcept5World10TouchEventENS_9allocatorIS3_EEE21__push_back_slow_pathIS3_EEvOT_	std::__ndk1::vector<WaterConcept::World::TouchEvent, std::__ndk1::allocator<WaterConcept::World>>::__push_back_slow_path<WaterConcept::World>	ok
_tmpl/std____ndk1__vector_WaterConcept__World__e403eb69.cpp	0x4cae40	8	_ZNSt6__ndk16vectorIN12WaterConcept5World20WorldSpoutConnectionENS_9allocatorIS3_EEE6insertENS_11__wrap_iterIPKS3_EERS8_	std::__ndk1::vector<WaterConcept::World::WorldSpoutConnection, std::__ndk1::allocator<WaterConcept::World>>::insert	ok
_tmpl/std____ndk1__vector_WaterConcept__World__e403eb69.cpp	0x4cca60	8	_ZNSt6__ndk16vectorIN12WaterConcept5World20WorldSpoutConnectionENS_9allocatorIS3_EEE13__vdeallocateEv	std::__ndk1::vector<WaterConcept::World::WorldSpoutConnection, std::__ndk1::allocator<WaterConcept::World>>::__vdeallocate	ok
_tmpl/std____ndk1__vector_WaterConcept__World__e403eb69.cpp	0x4cd780	12	_ZNSt6__ndk16vectorIN12WaterConcept5World20WorldSpoutConnectionENS_9allocatorIS3_EEE12__move_rangeEPS3_S7_S7_	std::__ndk1::vector<WaterConcept::World::WorldSpoutConnection, std::__ndk1::allocator<WaterConcept::World>>::__move_range	ok
_tmpl/std____ndk1__vector_WaterConcept__World__e403eb69.cpp	0x4cd874	80	_ZNSt6__ndk16vectorIN12WaterConcept5World20WorldSpoutConnectionENS_9allocatorIS3_EEE26__swap_out_circular_bufferERNS_14__split_bufferIS3_RS5_EEPS3_	std::__ndk1::vector<WaterConcept::World::WorldSpoutConnection, std::__ndk1::allocator<WaterConcept::World>>::__swap_out_circular_buffer	ok
_tmpl/std____ndk1__vector_WaterConcept__World__3e58fc15.cpp	0x4cd0bc	24	_ZNSt6__ndk16vectorIN12WaterConcept5World20WorldSpoutConnectionENS_9allocatorIS3_EEE6assignIPS3_EENS_9enable_ifIXaasr21__is_forward_iteratorIT_EE5valuesr16is_constructibleIS3_NS_15iterator_traitsISA_E9referenceEEE5valueEvE4typeESA_SA_	std::__ndk1::vector<WaterConcept::World::WorldSpoutConnection, std::__ndk1::allocator<WaterConcept::World>>::assign<WaterConcept::World*>	ok
_tmpl/std____ndk1__vector_WaterConceptConstant_bffc4a22.cpp	0x42e010	196	_ZNSt6__ndk16vectorIN21WaterConceptConstants9FluidTypeENS_9allocatorIS2_EEE6assignIPS2_EENS_9enable_ifIXaasr21__is_forward_iteratorIT_EE5valuesr16is_constructibleIS2_NS_15iterator_traitsIS9_E9referenceEEE5valueEvE4typeES9_S9_	std::__ndk1::vector<WaterConceptConstants::FluidType, std::__ndk1::allocator<WaterConceptConstants>>::assign<WaterConceptConstants*>	ok
_tmpl/std____ndk1__vector_WaterConceptConstant_bffc4a22.cpp	0x42e5b4	4	_ZNSt6__ndk16vectorIN21WaterConceptConstants9FluidTypeENS_9allocatorIS2_EEE21__push_back_slow_pathIS2_EEvOT_	std::__ndk1::vector<WaterConceptConstants::FluidType, std::__ndk1::allocator<WaterConceptConstants>>::__push_back_slow_path<WaterConceptConstants>	ok
_tmpl/std____ndk1__vector_WaterConceptConstant_91c8ec7.cpp	0x46f3c4	228	_ZNSt6__ndk16vectorIN21WaterConceptConstants12MaterialTypeENS_9allocatorIS2_EEE21__push_back_slow_pathIRKS2_EEvOT_	std::__ndk1::vector<WaterConceptConstants::MaterialType, std::__ndk1::allocator<WaterConceptConstants>>::__push_back_slow_path<WaterConceptConstants const&>	ok
_tmpl/std____ndk1__vector_char__std____ndk1__a_2a9a30e2.cpp	0x46f2c8	252	_ZNSt6__ndk16vectorIcNS_9allocatorIcEEE11__vallocateEm	std::__ndk1::vector<char, std::__ndk1::allocator<char>>::__vallocate	ok
_tmpl/std____ndk1__vector_float__std____ndk1___1716b6e2.cpp	0x2c61d0	68	_ZNSt6__ndk16vectorIfNS_9allocatorIfEEE21__push_back_slow_pathIRKfEEvOT_	std::__ndk1::vector<float, std::__ndk1::allocator<float>>::__push_back_slow_path<float const&>	ok
_tmpl/std____ndk1__vector_int__std____ndk1__al_8fe86108.cpp	0x2c6254	64	_ZNSt6__ndk16vectorIiNS_9allocatorIiEEE21__push_back_slow_pathIRKiEEvOT_	std::__ndk1::vector<int, std::__ndk1::allocator<int>>::__push_back_slow_path<int const&>	ok
_tmpl/std____ndk1__vector_int__std____ndk1__al_8fe86108.cpp	0x379930	120	_ZNSt6__ndk16vectorIiNS_9allocatorIiEEE6assignIPiEENS_9enable_ifIXaasr21__is_forward_iteratorIT_EE5valuesr16is_constructibleIiNS_15iterator_traitsIS7_E9referenceEEE5valueEvE4typeES7_S7_	std::__ndk1::vector<int, std::__ndk1::allocator<int>>::assign<int*>	ok
_tmpl/std____ndk1__vector_ndk__MotionEvent__st_3a8270e2.cpp	0x2c64b0	68	_ZNSt6__ndk16vectorIN3ndk11MotionEventENS_9allocatorIS2_EEE6resizeEm	std::__ndk1::vector<ndk::MotionEvent, std::__ndk1::allocator<ndk>>::resize	ok
_tmpl/std____ndk1__vector_ndk__MotionEvent__st_3a8270e2.cpp	0x2c65b8	68	_ZNSt6__ndk16vectorIN3ndk11MotionEventENS_9allocatorIS2_EEE8__appendEm	std::__ndk1::vector<ndk::MotionEvent, std::__ndk1::allocator<ndk>>::__append	ok
_tmpl/std____ndk1__vector_ndk__MotionEvent__st_3a8270e2.cpp	0x2c6794	68	_ZNSt6__ndk16vectorIN3ndk11MotionEventENS_9allocatorIS2_EEE26__swap_out_circular_bufferERNS_14__split_bufferIS2_RS4_EE	std::__ndk1::vector<ndk::MotionEvent, std::__ndk1::allocator<ndk>>::__swap_out_circular_buffer	ok
_tmpl/std____ndk1__vector_std____ndk1__basic_s_8ea0baad.cpp	0x2c325c	68	_ZNSt6__ndk16vectorINS_12basic_stringIcNS_11char_traitsIcEENS_9allocatorIcEEEENS4_IS6_EEE11__vallocateEm	std::__ndk1::vector<std::__ndk1::basic_string<char, std::__ndk1::char_traits<char>, std::__ndk1::allocator<char>>, std::__ndk1::char_traits<char><std::__ndk1::allocator<char>>>::__vallocate	ok
_tmpl/std____ndk1__vector_std____ndk1__pair_Wa_1c7218a9.cpp	0x47e988	260	_ZNSt6__ndk16vectorINS_4pairIN21WaterConceptConstants9FluidTypeEfEENS_9allocatorIS4_EEE21__push_back_slow_pathIS4_EEvOT_	std::__ndk1::vector<std::__ndk1::pair<WaterConceptConstants::FluidType, float>, std::__ndk1::allocator<WaterConceptConstants::FluidType>>::__push_back_slow_path<WaterConceptConstants::FluidType>	ok
_tmpl/std____ndk1__vector_std____ndk1__pair_fl_bc244d01.cpp	0x393858	84	_ZNSt6__ndk16vectorINS_4pairIffEENS_9allocatorIS2_EEE21__push_back_slow_pathIS2_EEvOT_	std::__ndk1::vector<std::__ndk1::pair<float, float>, std::__ndk1::allocator<std::__ndk1::pair>>::__push_back_slow_path<std::__ndk1::pair>	ok
_tmpl/std____ndk1__vector_std____ndk1__pair_fl_5fbd8c9f.cpp	0x33570c	68	_ZNSt6__ndk16vectorINS_4pairIfiEENS_9allocatorIS2_EEE11__vallocateEm	std::__ndk1::vector<std::__ndk1::pair<float, int>, std::__ndk1::allocator<std::__ndk1::pair>>::__vallocate	ok
_tmpl/std____ndk1__vector_std____ndk1__pair_in_d9274361.cpp	0x47ff84	12	_ZNSt6__ndk16vectorINS_4pairIiiEENS_9allocatorIS2_EEE21__push_back_slow_pathIS2_EEvOT_	std::__ndk1::vector<std::__ndk1::pair<int, int>, std::__ndk1::allocator<std::__ndk1::pair>>::__push_back_slow_path<std::__ndk1::pair>	ok
_tmpl/std____ndk1__vector_std____ndk1__set_Wat_3d424d24.cpp	0x4cc450	496	_ZNSt6__ndk16vectorINS_3setIPN12WaterConcept17InteractiveObjectENS_4lessIS4_EENS_9allocatorIS4_EEEENS7_IS9_EEE21__push_back_slow_pathIRKS9_EEvOT_	std::__ndk1::vector<std::__ndk1::set<WaterConcept::InteractiveObject*, std::__ndk1::less<WaterConcept::InteractiveObject>, std::__ndk1::allocator<WaterConcept::InteractiveObject>>, std::__ndk1::allocator<std::__ndk1::set<WaterConcept::InteractiveObject*, std::__ndk1::less<WaterConcept::InteractiveObject>, std::__ndk1::allocator<WaterConcept::InteractiveObject>>>>::__push_back_slow_path<std::__ndk1::set<WaterConcept::InteractiveObject*, std::__ndk1::less<WaterConcept::InteractiveObject>, std::__ndk1::allocator<WaterConcept::InteractiveObject>> const&>	ok
_tmpl/std____ndk1__vector_std____ndk1_Walaber__825049c2.cpp	0x36911c	120	_ZNSt6__ndk16vectorINS0_IN7Walaber24PositionTextureColorVertENS_9allocatorIS2_EEEENS3_IS5_EEE21__push_back_slow_pathIS5_EEvOT_	std::__ndk1::vector<std::__ndk1<Walaber::PositionTextureColorVert, std::__ndk1::allocator<Walaber>>, Walaber::PositionTextureColorVert<std::__ndk1::allocator<Walaber>>>::__push_back_slow_path<std::__ndk1::allocator<Walaber>>	ok
_tmpl/std____ndk1__vector_std____ndk1_Walaber__4b31a53f.cpp	0x48a5f4	36	_ZNSt6__ndk16vectorINS0_IN7Walaber7Vector2ENS_9allocatorIS2_EEEENS3_IS5_EEE26__swap_out_circular_bufferERNS_14__split_bufferIS5_RS6_EE	std::__ndk1::vector<std::__ndk1<Walaber::Vector2, std::__ndk1::allocator<Walaber>>, Walaber::Vector2<std::__ndk1::allocator<Walaber>>>::__swap_out_circular_buffer	ok
_tmpl/std____ndk1__vector_std____ndk1_Walaber__f8f0bf34.cpp	0x48a464	200	_ZNSt6__ndk16vectorINS0_IN7Walaber7Vector2ENS_9allocatorIS2_EEEENS3_IS5_EEE21__push_back_slow_pathIRKS5_EEvOT_	std::__ndk1::vector<std::__ndk1<Walaber::Vector2, std::__ndk1::allocator<Walaber>>, Walaber::Vector2<std::__ndk1::allocator<Walaber>>>::__push_back_slow_path<std::__ndk1::allocator<Walaber> const&>	ok
_tmpl/std____ndk1__vector_std____ndk1_WaterCon_7989c2ef.cpp	0x5300ac	4	_ZNSt6__ndk16vectorINS0_IN12WaterConcept18Screen_MainMenu_v28DuckInfoENS_9allocatorIS3_EEEENS4_IS6_EEE26__swap_out_circular_bufferERNS_14__split_bufferIS6_RS7_EE	std::__ndk1::vector<std::__ndk1<WaterConcept::Screen_MainMenu_v2::DuckInfo, std::__ndk1::allocator<WaterConcept::Screen_MainMenu_v2>>, WaterConcept::Screen_MainMenu_v2::DuckInfo<std::__ndk1::allocator<WaterConcept::Screen_MainMenu_v2>>>::__swap_out_circular_buffer	ok
_tmpl/std____ndk1__vector_std____ndk1_std____n_abfc8308.cpp	0x2c336c	64	_ZNSt6__ndk16vectorINS0_INS_12basic_stringIcNS_11char_traitsIcEENS_9allocatorIcEEEENS4_IS6_EEEENS4_IS8_EEE26__swap_out_circular_bufferERNS_14__split_bufferIS8_RS9_EE	std::__ndk1::vector<std::__ndk1<std::__ndk1::basic_string<char, std::__ndk1::char_traits<char>, std::__ndk1::allocator<char>>, std::__ndk1::char_traits<char><std::__ndk1::allocator<char>>>, std::__ndk1::char_traits<char><std::__ndk1::char_traits<char><std::__ndk1::allocator<char>>>>::__swap_out_circular_buffer	ok
_tmpl/std____ndk1__vector_std____ndk1_std____n_f298a112.cpp	0x2c3110	68	_ZNSt6__ndk16vectorINS0_INS_12basic_stringIcNS_11char_traitsIcEENS_9allocatorIcEEEENS4_IS6_EEEENS4_IS8_EEE21__push_back_slow_pathIRKS8_EEvOT_	std::__ndk1::vector<std::__ndk1<std::__ndk1::basic_string<char, std::__ndk1::char_traits<char>, std::__ndk1::allocator<char>>, std::__ndk1::char_traits<char><std::__ndk1::allocator<char>>>, std::__ndk1::char_traits<char><std::__ndk1::char_traits<char><std::__ndk1::allocator<char>>>>::__push_back_slow_path<std::__ndk1::char_traits<char><std::__ndk1::allocator<char>> const&>	ok
_tmpl/std____ndk1__vector_unsigned_int__std____4daa4ba2.cpp	0x47cb6c	300	_ZNSt6__ndk16vectorIjNS_9allocatorIjEEE21__push_back_slow_pathIjEEvOT_	std::__ndk1::vector<unsigned int, std::__ndk1::allocator<unsigned int>>::__push_back_slow_path<unsigned int>	ok
system_error.cpp	0x5ef55c	4928	_ZNSt6__ndk112system_errorC2ENS_10error_codeEPKc	system_error::system_error	ok
_tmpl/vector_Walaber__Achievement__std____ndk1_c25e3fec.cpp	0x4a3df4	20	_ZNSt6__ndk16vectorIN7Walaber11AchievementENS_9allocatorIS2_EEEC2ERKS5_	vector<Walaber::Achievement, std::__ndk1::allocator<Walaber>>::vector	ok
_tmpl/vector_Walaber__FluidParticle__std____nd_7122cad.cpp	0x40a330	84	_ZNSt6__ndk16vectorIN7Walaber13FluidParticleENS_9allocatorIS2_EEEC2ERKS5_	vector<Walaber::FluidParticle, std::__ndk1::allocator<Walaber>>::vector	ok
_tmpl/vector_Walaber__PositionColorVert__std___e6dc1308.cpp	0x446ec8	72	_ZNSt6__ndk16vectorIN7Walaber17PositionColorVertENS_9allocatorIS2_EEEC2Em	vector<Walaber::PositionColorVert, std::__ndk1::allocator<Walaber>>::vector	ok
_tmpl/vector_Walaber__PositionTextureVert__std_f07fdec0.cpp	0x446e78	80	_ZNSt6__ndk16vectorIN7Walaber19PositionTextureVertENS_9allocatorIS2_EEEC2Em	vector<Walaber::PositionTextureVert, std::__ndk1::allocator<Walaber>>::vector	ok
_tmpl/vector_Walaber__SharedPtr_std____ndk1__v_b61a02fa.cpp	0x393538	256	_ZNSt6__ndk16vectorIN7Walaber9SharedPtrINS1_7TextureEEENS_9allocatorIS4_EEEC2ERKS7_	vector<Walaber::SharedPtr<std::__ndk1::vector::Texture>, std::__ndk1::allocator<std::__ndk1::vector::Texture>>::vector	ok
_tmpl/vector_Walaber__SpriteBatch__DrawAction__28a4ae69.cpp	0x364148	472	_ZNSt6__ndk16vectorIPN7Walaber11SpriteBatch10DrawActionENS_9allocatorIS4_EEEC2ERKS7_	vector<Walaber::SpriteBatch::DrawAction*, std::__ndk1::allocator<Walaber::SpriteBatch::DrawAction>>::vector	ok
_tmpl/vector_Walaber__Vector2__std____ndk1__al_451bcc8c.cpp	0x47aea0	8	_ZNSt6__ndk16vectorIN7Walaber7Vector2ENS_9allocatorIS2_EEEC2EmRKS2_	vector<Walaber::Vector2, std::__ndk1::allocator<Walaber>>::vector	ok
_tmpl/vector_Walaber__Vector2__std____ndk1__al_451bcc8c.cpp	0x481fb4	148	_ZNSt6__ndk16vectorIN7Walaber7Vector2ENS_9allocatorIS2_EEEC2ERKS5_	vector<Walaber::Vector2, std::__ndk1::allocator<Walaber>>::vector	ok
_tmpl/vector_WaterConcept__Screen_InAppPurchas_4627b43c.cpp	0x4ea904	60	_ZNSt6__ndk16vectorIN12WaterConcept20Screen_InAppPurchase7productENS_9allocatorIS3_EEEC2ERKS6_	vector<WaterConcept::Screen_InAppPurchase::product, std::__ndk1::allocator<WaterConcept::Screen_InAppPurchase>>::vector	ok
_tmpl/vector_WaterConcept__Screen_MainMenu_v2__b14b989c.cpp	0x52febc	120	_ZNSt6__ndk16vectorIN12WaterConcept18Screen_MainMenu_v28DuckInfoENS_9allocatorIS3_EEEC2ERKS6_	vector<WaterConcept::Screen_MainMenu_v2::DuckInfo, std::__ndk1::allocator<WaterConcept::Screen_MainMenu_v2>>::vector	ok
_tmpl/vector_WaterConcept__Spout___std____ndk1_58595907.cpp	0x42aed0	248	_ZNSt6__ndk16vectorIPN12WaterConcept5SpoutENS_9allocatorIS3_EEEC2ERKS6_	vector<WaterConcept::Spout*, std::__ndk1::allocator<WaterConcept::Spout>>::vector	ok
_tmpl/vector_WaterConcept__StarSeed___std____n_ecc0d413.cpp	0x42afc8	52	_ZNSt6__ndk16vectorIPN12WaterConcept8StarSeedENS_9allocatorIS3_EEEC2ERKS6_	vector<WaterConcept::StarSeed*, std::__ndk1::allocator<WaterConcept::StarSeed>>::vector	ok
_tmpl/vector_WaterConcept__World__WorldSpoutCo_6055a48a.cpp	0x4cb72c	88	_ZNSt6__ndk16vectorIN12WaterConcept5World20WorldSpoutConnectionENS_9allocatorIS3_EEEC2ERKS6_	vector<WaterConcept::World::WorldSpoutConnection, std::__ndk1::allocator<WaterConcept::World>>::vector	ok
_tmpl/vector_bool__std____ndk1__allocator_bool_6b344103.cpp	0x48da04	728	_ZNSt6__ndk16vectorIbNS_9allocatorIbEEEC2EmRKb	vector<bool, std::__ndk1::allocator<bool>>::vector	ok
_tmpl/vector_std____ndk1__basic_string_char__s_9faf162c.cpp	0x2c31d4	68	_ZNSt6__ndk16vectorINS_12basic_stringIcNS_11char_traitsIcEENS_9allocatorIcEEEENS4_IS6_EEEC2ERKS8_	vector<std::__ndk1::basic_string<char, std::__ndk1::char_traits<char>, std::__ndk1::allocator<char>>, std::__ndk1::char_traits<char><std::__ndk1::allocator<char>>>::vector	ok
