#	address	mangled	demangled	reason
0x24e358	xmlCharInRange	xmlCharInRange	no-ghidra-function
0x24e43c	xmlIsBaseChar	xmlIsBaseChar	no-ghidra-function
0x24e490	xmlIsBlank	xmlIsBlank	no-ghidra-function
0x24e4c8	xmlIsChar	xmlIsChar	no-ghidra-function
0x24e530	xmlIsCombining	xmlIsCombining	no-ghidra-function
0x24e54c	xmlIsDigit	xmlIsDigit	no-ghidra-function
0x24e570	xmlIsExtender	xmlIsExtender	no-ghidra-function
0x24e590	xmlIsIdeographic	xmlIsIdeographic	no-ghidra-function
0x24e5dc	xmlIsPubidChar	xmlIsPubidChar	no-ghidra-function
0x24e5fc	xmlDictCleanup	xmlDictCleanup	no-ghidra-function
0x24e634	xmlDictCreate	xmlDictCreate	no-ghidra-function
0x24e6e4	xmlDictCreateSub	xmlDictCreateSub	no-ghidra-function
0x24e720	xmlDictReference	xmlDictReference	no-ghidra-function
0x24e79c	xmlDictFree	xmlDictFree	no-ghidra-function
0x24e900	xmlDictLookup	xmlDictLookup	no-ghidra-function
0x24f0d4	xmlDictExists	xmlDictExists	no-ghidra-function
0x24f344	xmlDictQLookup	xmlDictQLookup	no-ghidra-function
0x24f908	xmlDictOwns	xmlDictOwns	no-ghidra-function
0x24f958	xmlDictSize	xmlDictSize	no-ghidra-function
0x24f97c	isolat1ToUTF8	isolat1ToUTF8	no-ghidra-function
0x24fa88	UTF8Toisolat1	UTF8Toisolat1	no-ghidra-function
0x24fbf0	xmlDetectCharEncoding	xmlDetectCharEncoding	no-ghidra-function
0x24fd94	xmlCleanupEncodingAliases	xmlCleanupEncodingAliases	no-ghidra-function
0x24fe54	xmlGetEncodingAlias	xmlGetEncodingAlias	no-ghidra-function
0x24ff30	xmlAddEncodingAlias	xmlAddEncodingAlias	no-ghidra-function
0x250124	xmlDelEncodingAlias	xmlDelEncodingAlias	no-ghidra-function
0x250208	xmlParseCharEncoding	xmlParseCharEncoding	no-ghidra-function
0x250538	xmlGetCharEncodingName	xmlGetCharEncodingName	no-ghidra-function
0x25055c	xmlNewCharEncodingHandler	xmlNewCharEncodingHandler	no-ghidra-function
0x2506f4	xmlRegisterCharEncodingHandler	xmlRegisterCharEncodingHandler	no-ghidra-function
0x2507d8	xmlInitCharEncodingHandlers	xmlInitCharEncodingHandlers	no-ghidra-function
0x251408	xmlCleanupCharEncodingHandlers	xmlCleanupCharEncodingHandlers	no-ghidra-function
0x2514bc	xmlGetCharEncodingHandler	xmlGetCharEncodingHandler	no-ghidra-function
0x251660	xmlFindCharEncodingHandler	xmlFindCharEncodingHandler	no-ghidra-function
0x2517a4	xmlCharEncFirstLineInt	xmlCharEncFirstLineInt	no-ghidra-function
0x2518cc	xmlCharEncFirstLine	xmlCharEncFirstLine	no-ghidra-function
0x2518d4	xmlCharEncInFunc	xmlCharEncInFunc	no-ghidra-function
0x251a6c	xmlCharEncOutFunc	xmlCharEncOutFunc	no-ghidra-function
0x251d34	xmlCharEncCloseFunc	xmlCharEncCloseFunc	no-ghidra-function
0x251d50	xmlByteConsumed	xmlByteConsumed	no-ghidra-function
0x2522f0	xmlGetPredefinedEntity	xmlGetPredefinedEntity	no-ghidra-function
0x2523e0	xmlAddDtdEntity	xmlAddDtdEntity	no-ghidra-function
0x25258c	xmlAddDocEntity	xmlAddDocEntity	no-ghidra-function
0x25261c	xmlNewEntity	xmlNewEntity	no-ghidra-function
0x2527d4	xmlGetParameterEntity	xmlGetParameterEntity	no-ghidra-function
0x252834	xmlGetDtdEntity	xmlGetDtdEntity	no-ghidra-function
0x252864	xmlGetDocEntity	xmlGetDocEntity	no-ghidra-function
0x2528dc	xmlEncodeEntitiesReentrant	xmlEncodeEntitiesReentrant	no-ghidra-function
0x252d38	xmlEncodeSpecialChars	xmlEncodeSpecialChars	no-ghidra-function
0x252ec4	xmlCreateEntitiesTable	xmlCreateEntitiesTable	no-ghidra-function
0x252ecc	xmlFreeEntitiesTable	xmlFreeEntitiesTable	no-ghidra-function
0x252ee4	xmlCopyEntitiesTable	xmlCopyEntitiesTable	no-ghidra-function
0x252fcc	xmlDumpEntityDecl	xmlDumpEntityDecl	no-ghidra-function
0x2532f0	xmlDumpEntitiesTable	xmlDumpEntitiesTable	no-ghidra-function
0x253504	xmlGenericErrorDefaultFunc	xmlGenericErrorDefaultFunc	no-ghidra-function
0x2535c0	initGenericErrorDefaultFunc	initGenericErrorDefaultFunc	no-ghidra-function
0x2535f0	xmlSetGenericErrorFunc	xmlSetGenericErrorFunc	no-ghidra-function
0x25361c	xmlSetStructuredErrorFunc	xmlSetStructuredErrorFunc	no-ghidra-function
0x253638	xmlParserPrintFileInfo	xmlParserPrintFileInfo	no-ghidra-function
0x253684	xmlParserPrintFileContext	xmlParserPrintFileContext	no-ghidra-function
0x253860	__xmlRaiseError	__xmlRaiseError	no-ghidra-function
0x253e10	xmlParserValidityError	xmlParserValidityError	no-ghidra-function
0x254058	xmlParserValidityWarning	xmlParserValidityWarning	no-ghidra-function
0x25427c	xmlResetError	xmlResetError	no-ghidra-function
0x25432c	xmlCopyError	xmlCopyError	no-ghidra-function
0x25447c	xmlParserError	xmlParserError	no-ghidra-function
0x2546f8	xmlParserWarning	xmlParserWarning	no-ghidra-function
0x254dec	__xmlSimpleError	__xmlSimpleError	no-ghidra-function
0x254eac	xmlGetLastError	xmlGetLastError	no-ghidra-function
0x254ec4	xmlResetLastError	xmlResetLastError	no-ghidra-function
0x254ee4	xmlCtxtGetLastError	xmlCtxtGetLastError	no-ghidra-function
0x254f00	xmlCtxtResetLastError	xmlCtxtResetLastError	no-ghidra-function
0x254f18	xmlInitGlobals	xmlInitGlobals	no-ghidra-function
0x254f34	xmlCleanupGlobals	xmlCleanupGlobals	no-ghidra-function
0x254f60	xmlInitializeGlobalState	xmlInitializeGlobalState	no-ghidra-function
0x25511c	xmlThrDefSetGenericErrorFunc	xmlThrDefSetGenericErrorFunc	no-ghidra-function
0x255178	xmlThrDefSetStructuredErrorFunc	xmlThrDefSetStructuredErrorFunc	no-ghidra-function
0x2551c4	xmlRegisterNodeDefault	xmlRegisterNodeDefault	no-ghidra-function
0x2551ec	xmlThrDefRegisterNodeDefault	xmlThrDefRegisterNodeDefault	no-ghidra-function
0x255248	xmlDeregisterNodeDefault	xmlDeregisterNodeDefault	no-ghidra-function
0x255270	xmlThrDefDeregisterNodeDefault	xmlThrDefDeregisterNodeDefault	no-ghidra-function
0x2552cc	xmlThrDefParserInputBufferCreateFilenameDefault	xmlThrDefParserInputBufferCreateFilenameDefault	no-ghidra-function
0x255320	xmlThrDefOutputBufferCreateFilenameDefault	xmlThrDefOutputBufferCreateFilenameDefault	no-ghidra-function
0x255374	__htmlDefaultSAXHandler	__htmlDefaultSAXHandler	no-ghidra-function
0x255380	__xmlLastError	__xmlLastError	no-ghidra-function
0x25538c	__oldXMLWDcompatibility	__oldXMLWDcompatibility	no-ghidra-function
0x255398	__xmlBufferAllocScheme	__xmlBufferAllocScheme	no-ghidra-function
0x2553a4	xmlThrDefBufferAllocScheme	xmlThrDefBufferAllocScheme	no-ghidra-function
0x2553f0	__xmlDefaultBufferSize	__xmlDefaultBufferSize	no-ghidra-function
0x2553fc	xmlThrDefDefaultBufferSize	xmlThrDefDefaultBufferSize	no-ghidra-function
0x255448	__xmlDefaultSAXHandler	__xmlDefaultSAXHandler	no-ghidra-function
0x255454	__xmlDefaultSAXLocator	__xmlDefaultSAXLocator	no-ghidra-function
0x255460	__xmlDoValidityCheckingDefaultValue	__xmlDoValidityCheckingDefaultValue	no-ghidra-function
0x25546c	xmlThrDefDoValidityCheckingDefaultValue	xmlThrDefDoValidityCheckingDefaultValue	no-ghidra-function
0x2554b8	__xmlGenericError	__xmlGenericError	no-ghidra-function
0x2554c4	__xmlStructuredError	__xmlStructuredError	no-ghidra-function
0x2554d0	__xmlGenericErrorContext	__xmlGenericErrorContext	no-ghidra-function
0x2554dc	__xmlGetWarningsDefaultValue	__xmlGetWarningsDefaultValue	no-ghidra-function
0x2554e8	xmlThrDefGetWarningsDefaultValue	xmlThrDefGetWarningsDefaultValue	no-ghidra-function
0x255534	__xmlIndentTreeOutput	__xmlIndentTreeOutput	no-ghidra-function
0x255540	xmlThrDefIndentTreeOutput	xmlThrDefIndentTreeOutput	no-ghidra-function
0x25558c	__xmlTreeIndentString	__xmlTreeIndentString	no-ghidra-function
0x255598	xmlThrDefTreeIndentString	xmlThrDefTreeIndentString	no-ghidra-function
0x2555e4	__xmlKeepBlanksDefaultValue	__xmlKeepBlanksDefaultValue	no-ghidra-function
0x2555f0	xmlThrDefKeepBlanksDefaultValue	xmlThrDefKeepBlanksDefaultValue	no-ghidra-function
0x25563c	__xmlLineNumbersDefaultValue	__xmlLineNumbersDefaultValue	no-ghidra-function
0x255648	xmlThrDefLineNumbersDefaultValue	xmlThrDefLineNumbersDefaultValue	no-ghidra-function
0x255694	__xmlLoadExtDtdDefaultValue	__xmlLoadExtDtdDefaultValue	no-ghidra-function
0x2556a0	xmlThrDefLoadExtDtdDefaultValue	xmlThrDefLoadExtDtdDefaultValue	no-ghidra-function
0x2556ec	__xmlParserDebugEntities	__xmlParserDebugEntities	no-ghidra-function
0x2556f8	xmlThrDefParserDebugEntities	xmlThrDefParserDebugEntities	no-ghidra-function
0x255744	__xmlParserVersion	__xmlParserVersion	no-ghidra-function
0x255750	__xmlPedanticParserDefaultValue	__xmlPedanticParserDefaultValue	no-ghidra-function
0x25575c	xmlThrDefPedanticParserDefaultValue	xmlThrDefPedanticParserDefaultValue	no-ghidra-function
0x2557a8	__xmlSaveNoEmptyTags	__xmlSaveNoEmptyTags	no-ghidra-function
0x2557b4	xmlThrDefSaveNoEmptyTags	xmlThrDefSaveNoEmptyTags	no-ghidra-function
0x255800	__xmlSubstituteEntitiesDefaultValue	__xmlSubstituteEntitiesDefaultValue	no-ghidra-function
0x25580c	xmlThrDefSubstituteEntitiesDefaultValue	xmlThrDefSubstituteEntitiesDefaultValue	no-ghidra-function
0x255858	__xmlRegisterNodeDefaultValue	__xmlRegisterNodeDefaultValue	no-ghidra-function
0x255864	__xmlDeregisterNodeDefaultValue	__xmlDeregisterNodeDefaultValue	no-ghidra-function
0x255870	__xmlParserInputBufferCreateFilenameValue	__xmlParserInputBufferCreateFilenameValue	no-ghidra-function
0x25587c	__xmlOutputBufferCreateFilenameValue	__xmlOutputBufferCreateFilenameValue	no-ghidra-function
0x255888	xmlHashCreate	xmlHashCreate	no-ghidra-function
0x255920	xmlHashCreateDict	xmlHashCreateDict	no-ghidra-function
0x255958	xmlHashFree	xmlHashFree	no-ghidra-function
0x255ab0	xmlHashAddEntry	xmlHashAddEntry	no-ghidra-function
0x255ac0	xmlHashAddEntry3	xmlHashAddEntry3	no-ghidra-function
0x255f00	xmlHashAddEntry2	xmlHashAddEntry2	no-ghidra-function
0x255f0c	xmlHashUpdateEntry	xmlHashUpdateEntry	no-ghidra-function
0x255f20	xmlHashUpdateEntry3	xmlHashUpdateEntry3	no-ghidra-function
0x256210	xmlHashUpdateEntry2	xmlHashUpdateEntry2	no-ghidra-function
0x256220	xmlHashLookup	xmlHashLookup	no-ghidra-function
0x25622c	xmlHashLookup3	xmlHashLookup3	no-ghidra-function
0x25631c	xmlHashLookup2	xmlHashLookup2	no-ghidra-function
0x256324	xmlHashQLookup	xmlHashQLookup	no-ghidra-function
0x256338	xmlHashQLookup3	xmlHashQLookup3	no-ghidra-function
0x256540	xmlHashQLookup2	xmlHashQLookup2	no-ghidra-function
0x2565e8	xmlHashScan	xmlHashScan	no-ghidra-function
0x25663c	xmlHashScanFull	xmlHashScanFull	no-ghidra-function
0x256744	xmlHashScan3	xmlHashScan3	no-ghidra-function
0x256748	xmlHashScanFull3	xmlHashScanFull3	no-ghidra-function
0x25684c	xmlHashCopy	xmlHashCopy	no-ghidra-function
0x256930	xmlHashSize	xmlHashSize	no-ghidra-function
0x256944	xmlHashRemoveEntry	xmlHashRemoveEntry	no-ghidra-function
0x256954	xmlHashRemoveEntry3	xmlHashRemoveEntry3	no-ghidra-function
0x256aec	xmlHashRemoveEntry2	xmlHashRemoveEntry2	no-ghidra-function
0x256af8	htmlInitAutoClose	htmlInitAutoClose	no-ghidra-function
0x256b88	htmlTagLookup	htmlTagLookup	no-ghidra-function
0x256be0	htmlAutoCloseTag	htmlAutoCloseTag	no-ghidra-function
0x256d10	htmlIsAutoClosed	htmlIsAutoClosed	no-ghidra-function
0x256d6c	htmlIsScriptAttribute	htmlIsScriptAttribute	no-ghidra-function
0x256de0	htmlEntityLookup	htmlEntityLookup	no-ghidra-function
0x256e38	htmlEntityValueLookup	htmlEntityValueLookup	no-ghidra-function
0x256e74	UTF8ToHtml	UTF8ToHtml	no-ghidra-function
0x2570d0	htmlEncodeEntities	htmlEncodeEntities	no-ghidra-function
0x257340	htmlNewDocNoDtD	htmlNewDocNoDtD	no-ghidra-function
0x2574d8	htmlNewDoc	htmlNewDoc	no-ghidra-function
0x2574f4	htmlParseEntityRef	htmlParseEntityRef	no-ghidra-function
0x257ae4	htmlParseCharRef	htmlParseCharRef	no-ghidra-function
0x257e20	__htmlParseContent	__htmlParseContent	no-ghidra-function
0x258288	htmlParseElement	htmlParseElement	no-ghidra-function
0x258df4	htmlParseDocument	htmlParseDocument	no-ghidra-function
0x259f14	htmlFreeParserCtxt	htmlFreeParserCtxt	no-ghidra-function
0x259f18	htmlNewParserCtxt	htmlNewParserCtxt	no-ghidra-function
0x25a11c	htmlCreateMemoryParserCtxt	htmlCreateMemoryParserCtxt	no-ghidra-function
0x25a1c0	htmlParseChunk	htmlParseChunk	no-ghidra-function
0x25b1e8	htmlCreatePushParserCtxt	htmlCreatePushParserCtxt	no-ghidra-function
0x25b434	htmlSAXParseDoc	htmlSAXParseDoc	no-ghidra-function
0x25b5ac	htmlParseDoc	htmlParseDoc	no-ghidra-function
0x25b5b8	htmlCreateFileParserCtxt	htmlCreateFileParserCtxt	no-ghidra-function
0x25b898	htmlSAXParseFile	htmlSAXParseFile	no-ghidra-function
0x25b920	htmlParseFile	htmlParseFile	no-ghidra-function
0x25b92c	htmlHandleOmittedElem	htmlHandleOmittedElem	no-ghidra-function
0x25b940	htmlElementAllowedHere	htmlElementAllowedHere	no-ghidra-function
0x25b9a4	htmlElementStatusHere	htmlElementStatusHere	no-ghidra-function
0x25b9fc	htmlAttrAllowed	htmlAttrAllowed	no-ghidra-function
0x25bacc	htmlNodeStatus	htmlNodeStatus	no-ghidra-function
0x25bc20	htmlCtxtReset	htmlCtxtReset	no-ghidra-function
0x25be44	htmlCtxtUseOptions	htmlCtxtUseOptions	no-ghidra-function
0x25bf2c	htmlReadDoc	htmlReadDoc	no-ghidra-function
0x25d08c	htmlReadFile	htmlReadFile	no-ghidra-function
0x25d0ec	htmlReadMemory	htmlReadMemory	no-ghidra-function
0x25d184	htmlReadFd	htmlReadFd	no-ghidra-function
0x25d248	htmlReadIO	htmlReadIO	no-ghidra-function
0x25d31c	htmlCtxtReadDoc	htmlCtxtReadDoc	no-ghidra-function
0x25d3ac	htmlCtxtReadFile	htmlCtxtReadFile	no-ghidra-function
0x25d430	htmlCtxtReadMemory	htmlCtxtReadMemory	no-ghidra-function
0x25d4e8	htmlCtxtReadFd	htmlCtxtReadFd	no-ghidra-function
0x25d598	htmlCtxtReadIO	htmlCtxtReadIO	no-ghidra-function
0x25f3e8	htmlGetMetaEncoding	htmlGetMetaEncoding	no-ghidra-function
0x25f668	htmlSetMetaEncoding	htmlSetMetaEncoding	no-ghidra-function
0x25f978	htmlIsBooleanAttr	htmlIsBooleanAttr	no-ghidra-function
0x25f9d0	htmlNodeDump	htmlNodeDump	no-ghidra-function
0x25fa9c	htmlNodeDumpFileFormat	htmlNodeDumpFileFormat	no-ghidra-function
0x25fb68	htmlNodeDumpFormatOutput	htmlNodeDumpFormatOutput	no-ghidra-function
0x2600ec	htmlNodeDumpFile	htmlNodeDumpFile	no-ghidra-function
0x2600f8	htmlDocDumpMemoryFormat	htmlDocDumpMemoryFormat	no-ghidra-function
0x260204	htmlDocContentDumpFormatOutput	htmlDocContentDumpFormatOutput	no-ghidra-function
0x260320	htmlDocDumpMemory	htmlDocDumpMemory	no-ghidra-function
0x260328	htmlDocContentDumpOutput	htmlDocContentDumpOutput	no-ghidra-function
0x260548	htmlNodeDumpOutput	htmlNodeDumpOutput	no-ghidra-function
0x260550	htmlDocDump	htmlDocDump	no-ghidra-function
0x26062c	htmlSaveFile	htmlSaveFile	no-ghidra-function
0x260700	htmlSaveFileFormat	htmlSaveFileFormat	no-ghidra-function
0x260800	htmlSaveFileEnc	htmlSaveFileEnc	no-ghidra-function
0x260808	xmlListCreate	xmlListCreate	no-ghidra-function
0x26090c	xmlListSearch	xmlListSearch	no-ghidra-function
0x2609b8	xmlListReverseSearch	xmlListReverseSearch	no-ghidra-function
0x260a68	xmlListInsert	xmlListInsert	no-ghidra-function
0x260b3c	xmlListAppend	xmlListAppend	no-ghidra-function
0x260c10	xmlListDelete	xmlListDelete	no-ghidra-function
0x260c54	xmlListClear	xmlListClear	no-ghidra-function
0x260cd0	xmlListRemoveFirst	xmlListRemoveFirst	no-ghidra-function
0x260d34	xmlListRemoveLast	xmlListRemoveLast	no-ghidra-function
0x260d98	xmlListRemoveAll	xmlListRemoveAll	no-ghidra-function
0x260de8	xmlListEmpty	xmlListEmpty	no-ghidra-function
0x260e08	xmlListFront	xmlListFront	no-ghidra-function
0x260e18	xmlListEnd	xmlListEnd	no-ghidra-function
0x260e28	xmlListSize	xmlListSize	no-ghidra-function
0x260e54	xmlListPopFront	xmlListPopFront	no-ghidra-function
0x260ebc	xmlListPopBack	xmlListPopBack	no-ghidra-function
0x260f20	xmlListPushFront	xmlListPushFront	no-ghidra-function
0x260fa8	xmlListPushBack	xmlListPushBack	no-ghidra-function
0x261034	xmlLinkGetData	xmlLinkGetData	no-ghidra-function
0x261040	xmlListReverse	xmlListReverse	no-ghidra-function
0x261064	xmlListSort	xmlListSort	no-ghidra-function
0x2610f0	xmlListDup	xmlListDup	no-ghidra-function
0x261134	xmlListMerge	xmlListMerge	no-ghidra-function
0x261158	xmlListWalk	xmlListWalk	no-ghidra-function
0x2611bc	xmlListReverseWalk	xmlListReverseWalk	no-ghidra-function
0x261220	xmlListCopy	xmlListCopy	no-ghidra-function
0x2612b4	xmlHasFeature	xmlHasFeature	no-ghidra-function
0x2612d8	xmlCheckLanguageID	xmlCheckLanguageID	no-ghidra-function
0x261408	inputPush	inputPush	no-ghidra-function
0x2614bc	inputPop	inputPop	no-ghidra-function
0x261504	nodePush	nodePush	no-ghidra-function
0x2616a4	nodePop	nodePop	no-ghidra-function
0x2616ec	namePush	namePush	no-ghidra-function
0x261790	namePop	namePop	no-ghidra-function
0x2617d8	xmlSkipBlankChars	xmlSkipBlankChars	no-ghidra-function
0x273ab4	xmlParseBalancedChunkMemory	xmlParseBalancedChunkMemory	no-ghidra-function
0x274728	xmlCreateFileParserCtxt	xmlCreateFileParserCtxt	no-ghidra-function
0x2749fc	xmlSAXParseFile	xmlSAXParseFile	no-ghidra-function
0x274a04	xmlRecoverDoc	xmlRecoverDoc	no-ghidra-function
0x274ac8	xmlParseFile	xmlParseFile	no-ghidra-function
0x274adc	xmlRecoverFile	xmlRecoverFile	no-ghidra-function
0x274af0	xmlSetupParserForBuffer	xmlSetupParserForBuffer	no-ghidra-function
0x274b94	xmlSAXUserParseFile	xmlSAXUserParseFile	no-ghidra-function
0x274c5c	xmlSAXParseMemoryWithData	xmlSAXParseMemoryWithData	no-ghidra-function
0x274d1c	xmlSAXParseMemory	xmlSAXParseMemory	no-ghidra-function
0x274d24	xmlParseMemory	xmlParseMemory	no-ghidra-function
0x274d3c	xmlRecoverMemory	xmlRecoverMemory	no-ghidra-function
0x274d54	xmlSAXUserParseMemory	xmlSAXUserParseMemory	no-ghidra-function
0x274e1c	xmlCreateDocParserCtxt	xmlCreateDocParserCtxt	no-ghidra-function
0x274e4c	xmlParseDoc	xmlParseDoc	no-ghidra-function
0x274e5c	xmlCleanupParser	xmlCleanupParser	no-ghidra-function
0x274ea8	xmlCtxtReset	xmlCtxtReset	no-ghidra-function
0x2760c8	xmlCtxtResetPush	xmlCtxtResetPush	no-ghidra-function
0x2762d4	xmlCtxtUseOptions	xmlCtxtUseOptions	no-ghidra-function
0x2762dc	xmlReadDoc	xmlReadDoc	no-ghidra-function
0x27640c	xmlReadFile	xmlReadFile	no-ghidra-function
0x276454	xmlReadMemory	xmlReadMemory	no-ghidra-function
0x2764a8	xmlReadFd	xmlReadFd	no-ghidra-function
0x276564	xmlReadIO	xmlReadIO	no-ghidra-function
0x27661c	xmlCtxtReadDoc	xmlCtxtReadDoc	no-ghidra-function
0x2766ac	xmlCtxtReadFile	xmlCtxtReadFile	no-ghidra-function
0x276730	xmlCtxtReadMemory	xmlCtxtReadMemory	no-ghidra-function
0x2767e8	xmlCtxtReadFd	xmlCtxtReadFd	no-ghidra-function
0x27689c	xmlCtxtReadIO	xmlCtxtReadIO	no-ghidra-function
0x277648	xmlCheckVersion	xmlCheckVersion	no-ghidra-function
0x2778e0	xmlIsLetter	xmlIsLetter	no-ghidra-function
0x277998	xmlParserInputRead	xmlParserInputRead	no-ghidra-function
0x277a58	xmlParserInputGrow	xmlParserInputGrow	no-ghidra-function
0x277afc	xmlParserInputShrink	xmlParserInputShrink	no-ghidra-function
0x277bdc	xmlNextChar	xmlNextChar	no-ghidra-function
0x27804c	xmlCurrentChar	xmlCurrentChar	no-ghidra-function
0x278390	xmlStringCurrentChar	xmlStringCurrentChar	no-ghidra-function
0x27892c	xmlSwitchToEncoding	xmlSwitchToEncoding	no-ghidra-function
0x278c68	xmlFreeInputStream	xmlFreeInputStream	no-ghidra-function
0x278d1c	xmlNewInputStream	xmlNewInputStream	no-ghidra-function
0x278da0	xmlNewIOInputStream	xmlNewIOInputStream	no-ghidra-function
0x278e4c	xmlNewEntityInputStream	xmlNewEntityInputStream	no-ghidra-function
0x278f88	xmlNewStringInputStream	xmlNewStringInputStream	no-ghidra-function
0x279048	xmlNewInputFromFile	xmlNewInputFromFile	no-ghidra-function
0x279508	xmlInitNodeInfoSeq	xmlInitNodeInfoSeq	no-ghidra-function
0x279b24	xmlPedanticParserDefault	xmlPedanticParserDefault	no-ghidra-function
0x279b3c	xmlLineNumbersDefault	xmlLineNumbersDefault	no-ghidra-function
0x279b54	xmlSubstituteEntitiesDefault	xmlSubstituteEntitiesDefault	no-ghidra-function
0x279b6c	xmlKeepBlanksDefault	xmlKeepBlanksDefault	no-ghidra-function
0x279b98	xmlSAX2GetPublicId	xmlSAX2GetPublicId	no-ghidra-function
0x279ba0	xmlSAX2GetSystemId	xmlSAX2GetSystemId	no-ghidra-function
0x279bbc	xmlSAX2GetLineNumber	xmlSAX2GetLineNumber	no-ghidra-function
0x279bd8	xmlSAX2GetColumnNumber	xmlSAX2GetColumnNumber	no-ghidra-function
0x279bf4	xmlSAX2IsStandalone	xmlSAX2IsStandalone	no-ghidra-function
0x279c18	xmlSAX2HasInternalSubset	xmlSAX2HasInternalSubset	no-ghidra-function
0x279c3c	xmlSAX2HasExternalSubset	xmlSAX2HasExternalSubset	no-ghidra-function
0x279c60	xmlSAX2InternalSubset	xmlSAX2InternalSubset	no-ghidra-function
0x279d30	xmlSAX2ExternalSubset	xmlSAX2ExternalSubset	no-ghidra-function
0x279f28	xmlSAX2ResolveEntity	xmlSAX2ResolveEntity	no-ghidra-function
0x279fa0	xmlSAX2GetEntity	xmlSAX2GetEntity	no-ghidra-function
0x27a210	xmlSAX2GetParameterEntity	xmlSAX2GetParameterEntity	no-ghidra-function
0x27a220	xmlSAX2EntityDecl	xmlSAX2EntityDecl	no-ghidra-function
0x27a398	xmlSAX2AttributeDecl	xmlSAX2AttributeDecl	no-ghidra-function
0x27a60c	xmlSAX2ElementDecl	xmlSAX2ElementDecl	no-ghidra-function
0x27a668	xmlSAX2NotationDecl	xmlSAX2NotationDecl	no-ghidra-function
0x27a6dc	xmlSAX2UnparsedEntityDecl	xmlSAX2UnparsedEntityDecl	no-ghidra-function
0x27a80c	xmlSAX2SetDocumentLocator	xmlSAX2SetDocumentLocator	no-ghidra-function
0x27a810	xmlSAX2StartDocument	xmlSAX2StartDocument	no-ghidra-function
0x27a940	xmlSAX2EndDocument	xmlSAX2EndDocument	no-ghidra-function
0x27a9dc	xmlSAX2StartElement	xmlSAX2StartElement	no-ghidra-function
0x27b71c	xmlSAX2EndElement	xmlSAX2EndElement	no-ghidra-function
0x27b7a8	xmlSAX2StartElementNs	xmlSAX2StartElementNs	no-ghidra-function
0x27bd9c	xmlSAX2EndElementNs	xmlSAX2EndElementNs	no-ghidra-function
0x27be28	xmlSAX2Reference	xmlSAX2Reference	no-ghidra-function
0x27be88	xmlSAX2Characters	xmlSAX2Characters	no-ghidra-function
0x27c414	xmlSAX2IgnorableWhitespace	xmlSAX2IgnorableWhitespace	no-ghidra-function
0x27c808	xmlDefaultSAXHandlerInit	xmlDefaultSAXHandlerInit	no-ghidra-function
0x27c98c	xmlFreeMutex	xmlFreeMutex	no-ghidra-function
0x27c998	xmlMutexLock	xmlMutexLock	no-ghidra-function
0x27c99c	xmlMutexUnlock	xmlMutexUnlock	no-ghidra-function
0x27c9a0	xmlNewRMutex	xmlNewRMutex	no-ghidra-function
0x27c9a8	xmlFreeRMutex	xmlFreeRMutex	no-ghidra-function
0x27c9b4	xmlRMutexLock	xmlRMutexLock	no-ghidra-function
0x27c9b8	xmlRMutexUnlock	xmlRMutexUnlock	no-ghidra-function
0x27c9bc	__xmlGlobalInitMutexLock	__xmlGlobalInitMutexLock	no-ghidra-function
0x27c9c0	__xmlGlobalInitMutexUnlock	__xmlGlobalInitMutexUnlock	no-ghidra-function
0x27c9c4	__xmlGlobalInitMutexDestroy	__xmlGlobalInitMutexDestroy	no-ghidra-function
0x27c9d0	xmlGetThreadId	xmlGetThreadId	no-ghidra-function
0x27c9d8	xmlIsMainThread	xmlIsMainThread	no-ghidra-function
0x27c9e0	xmlLockLibrary	xmlLockLibrary	no-ghidra-function
0x27c9e4	xmlUnlockLibrary	xmlUnlockLibrary	no-ghidra-function
0x27c9e8	xmlInitThreads	xmlInitThreads	no-ghidra-function
0x27c9ec	xmlCleanupThreads	xmlCleanupThreads	no-ghidra-function
0x27cbe0	xmlSplitQName3	xmlSplitQName3	no-ghidra-function
0x27cc34	xmlValidateNCName	xmlValidateNCName	no-ghidra-function
0x27d038	xmlValidateQName	xmlValidateQName	no-ghidra-function
0x27d684	xmlValidateName	xmlValidateName	no-ghidra-function
0x27da90	xmlValidateNMToken	xmlValidateNMToken	no-ghidra-function
0x27df24	xmlSetBufferAllocationScheme	xmlSetBufferAllocationScheme	no-ghidra-function
0x27df3c	xmlGetBufferAllocationScheme	xmlGetBufferAllocationScheme	no-ghidra-function
0x27df4c	xmlNewNs	xmlNewNs	no-ghidra-function
0x27e07c	xmlFreeNs	xmlFreeNs	no-ghidra-function
0x27e0e0	xmlSetNs	xmlSetNs	no-ghidra-function
0x27e0ec	xmlFreeNsList	xmlFreeNsList	no-ghidra-function
0x27e154	xmlNewDtd	xmlNewDtd	no-ghidra-function
0x27e25c	xmlGetIntSubset	xmlGetIntSubset	no-ghidra-function
0x27e288	xmlCreateIntSubset	xmlCreateIntSubset	no-ghidra-function
0x27e4e4	xmlFreeDtd	xmlFreeDtd	no-ghidra-function
0x27e678	xmlUnlinkNode	xmlUnlinkNode	no-ghidra-function
0x27e810	xmlFreeNode	xmlFreeNode	no-ghidra-function
0x27ea8c	xmlNewDoc	xmlNewDoc	no-ghidra-function
0x27eba0	xmlFreeDoc	xmlFreeDoc	no-ghidra-function
0x27ed6c	xmlFreeNodeList	xmlFreeNodeList	no-ghidra-function
0x27ef80	xmlStringLenGetNodeList	xmlStringLenGetNodeList	no-ghidra-function
0x27f478	xmlNodeAddContentLen	xmlNodeAddContentLen	no-ghidra-function
0x27f590	xmlNewDocTextLen	xmlNewDocTextLen	no-ghidra-function
0x27f5c0	xmlNewDocText	xmlNewDocText	no-ghidra-function
0x27f5ec	xmlAddNextSibling	xmlAddNextSibling	no-ghidra-function
0x27f748	xmlNodeAddContent	xmlNodeAddContent	no-ghidra-function
0x27f790	xmlNewReference	xmlNewReference	no-ghidra-function
0x27f8b4	xmlStringGetNodeList	xmlStringGetNodeList	no-ghidra-function
0x28025c	xmlNewNsProp	xmlNewNsProp	no-ghidra-function
0x280394	xmlFreePropList	xmlFreePropList	no-ghidra-function
0x2803c0	xmlFreeProp	xmlFreeProp	no-ghidra-function
0x280488	xmlRemoveProp	xmlRemoveProp	no-ghidra-function
0x2804f8	xmlNewDocPI	xmlNewDocPI	no-ghidra-function
0x2805ec	xmlNewPI	xmlNewPI	no-ghidra-function
0x2805fc	xmlNewNode	xmlNewNode	no-ghidra-function
0x2806c0	xmlNewNodeEatName	xmlNewNodeEatName	no-ghidra-function
0x28077c	xmlNewDocNode	xmlNewDocNode	no-ghidra-function
0x280824	xmlNewDocNodeEatName	xmlNewDocNodeEatName	no-ghidra-function
0x2808d0	xmlNewDocRawNode	xmlNewDocRawNode	no-ghidra-function
0x280944	xmlNewDocFragment	xmlNewDocFragment	no-ghidra-function
0x2809e4	xmlNewText	xmlNewText	no-ghidra-function
0x280a9c	xmlNewTextChild	xmlNewTextChild	no-ghidra-function
0x280b48	xmlNewCharRef	xmlNewCharRef	no-ghidra-function
0x280c50	xmlNewTextLen	xmlNewTextLen	no-ghidra-function
0x280d18	xmlNewComment	xmlNewComment	no-ghidra-function
0x280dd0	xmlNewCDataBlock	xmlNewCDataBlock	no-ghidra-function
0x280e94	xmlNewDocComment	xmlNewDocComment	no-ghidra-function
0x280ec0	xmlSetTreeDoc	xmlSetTreeDoc	no-ghidra-function
0x280f6c	xmlSetListDoc	xmlSetListDoc	no-ghidra-function
0x280fb0	xmlNewChild	xmlNewChild	no-ghidra-function
0x28105c	xmlNodeSetContent	xmlNodeSetContent	no-ghidra-function
0x281240	xmlAddPrevSibling	xmlAddPrevSibling	no-ghidra-function
0x281390	xmlAddSibling	xmlAddSibling	no-ghidra-function
0x281490	xmlAddChildList	xmlAddChildList	no-ghidra-function
0x28159c	xmlAddChild	xmlAddChild	no-ghidra-function
0x28176c	xmlHasNsProp	xmlHasNsProp	no-ghidra-function
0x281774	xmlGetLastChild	xmlGetLastChild	no-ghidra-function
0x281780	xmlChildElementCount	xmlChildElementCount	no-ghidra-function
0x2817d8	xmlFirstElementChild	xmlFirstElementChild	no-ghidra-function
0x281824	xmlLastElementChild	xmlLastElementChild	no-ghidra-function
0x281870	xmlPreviousElementSibling	xmlPreviousElementSibling	no-ghidra-function
0x2818c0	xmlNextElementSibling	xmlNextElementSibling	no-ghidra-function
0x28190c	xmlReplaceNode	xmlReplaceNode	no-ghidra-function
0x281a1c	xmlCopyNamespace	xmlCopyNamespace	no-ghidra-function
0x281a40	xmlCopyNamespaceList	xmlCopyNamespaceList	no-ghidra-function
0x281abc	xmlCopyProp	xmlCopyProp	no-ghidra-function
0x281c80	xmlCopyPropList	xmlCopyPropList	no-ghidra-function
0x281cf4	xmlCopyNode	xmlCopyNode	no-ghidra-function
0x282068	xmlDocCopyNode	xmlDocCopyNode	no-ghidra-function
0x282074	xmlDocCopyNodeList	xmlDocCopyNodeList	no-ghidra-function
0x282160	xmlCopyNodeList	xmlCopyNodeList	no-ghidra-function
0x28216c	xmlCopyDtd	xmlCopyDtd	no-ghidra-function
0x282300	xmlCopyDoc	xmlCopyDoc	no-ghidra-function
0x2823f8	xmlGetLineNo	xmlGetLineNo	no-ghidra-function
0x282464	xmlGetNodePath	xmlGetNodePath	no-ghidra-function
0x282a70	xmlDocGetRootElement	xmlDocGetRootElement	no-ghidra-function
0x282a94	xmlDocSetRootElement	xmlDocSetRootElement	no-ghidra-function
0x282b30	xmlNodeSetLang	xmlNodeSetLang	no-ghidra-function
0x282b9c	xmlSearchNsByHref	xmlSearchNsByHref	no-ghidra-function
0x282d84	xmlSetNsProp	xmlSetNsProp	no-ghidra-function
0x282ef4	xmlNodeGetLang	xmlNodeGetLang	no-ghidra-function
0x282f4c	xmlGetNsProp	xmlGetNsProp	no-ghidra-function
0x283720	xmlBufferCat	xmlBufferCat	no-ghidra-function
0x283744	xmlNodeGetContent	xmlNodeGetContent	no-ghidra-function
0x283818	xmlBufferCreateSize	xmlBufferCreateSize	no-ghidra-function
0x2838fc	xmlBufferFree	xmlBufferFree	no-ghidra-function
0x2839e0	xmlBufferCreate	xmlBufferCreate	no-ghidra-function
0x283ab0	xmlNodeSetContentLen	xmlNodeSetContentLen	no-ghidra-function
0x283bc8	xmlTextMerge	xmlTextMerge	no-ghidra-function
0x283c40	xmlGetNsList	xmlGetNsList	no-ghidra-function
0x283d88	xmlSearchNs	xmlSearchNs	no-ghidra-function
0x2840ac	xmlNewReconciliedNs	xmlNewReconciliedNs	no-ghidra-function
0x284200	xmlReconciliateNs	xmlReconciliateNs	no-ghidra-function
0x284644	xmlHasProp	xmlHasProp	no-ghidra-function
0x284938	xmlGetNoNsProp	xmlGetNoNsProp	no-ghidra-function
0x284960	xmlUnsetProp	xmlUnsetProp	no-ghidra-function
0x2849a4	xmlUnsetNsProp	xmlUnsetNsProp	no-ghidra-function
0x2849fc	xmlSetProp	xmlSetProp	no-ghidra-function
0x284af8	xmlNodeIsText	xmlNodeIsText	no-ghidra-function
0x284b0c	xmlIsBlankNode	xmlIsBlankNode	no-ghidra-function
0x284b68	xmlTextConcat	xmlTextConcat	no-ghidra-function
0x284c20	xmlBufferCreateStatic	xmlBufferCreateStatic	no-ghidra-function
0x284c98	xmlBufferSetAllocationScheme	xmlBufferSetAllocationScheme	no-ghidra-function
0x284cbc	xmlBufferEmpty	xmlBufferEmpty	no-ghidra-function
0x284d1c	xmlBufferShrink	xmlBufferShrink	no-ghidra-function
0x284dfc	xmlBufferGrow	xmlBufferGrow	no-ghidra-function
0x284edc	xmlBufferDump	xmlBufferDump	no-ghidra-function
0x284f24	xmlBufferContent	xmlBufferContent	no-ghidra-function
0x284f30	xmlBufferLength	xmlBufferLength	no-ghidra-function
0x284f3c	xmlBufferResize	xmlBufferResize	no-ghidra-function
0x285100	xmlBufferAdd	xmlBufferAdd	no-ghidra-function
0x2851f4	xmlBufferAddHead	xmlBufferAddHead	no-ghidra-function
0x285344	xmlBufferCCat	xmlBufferCCat	no-ghidra-function
0x28540c	xmlBufferWriteCHAR	xmlBufferWriteCHAR	no-ghidra-function
0x28542c	xmlBufferWriteChar	xmlBufferWriteChar	no-ghidra-function
0x285444	xmlBufferWriteQuotedString	xmlBufferWriteQuotedString	no-ghidra-function
0x285598	xmlGetDocCompressMode	xmlGetDocCompressMode	no-ghidra-function
0x2855ac	xmlSetDocCompressMode	xmlSetDocCompressMode	no-ghidra-function
0x2855d8	xmlGetCompressMode	xmlGetCompressMode	no-ghidra-function
0x2855e4	xmlSetCompressMode	xmlSetCompressMode	no-ghidra-function
0x285600	xmlDOMWrapNewCtxt	xmlDOMWrapNewCtxt	no-ghidra-function
0x285654	xmlDOMWrapFreeCtxt	xmlDOMWrapFreeCtxt	no-ghidra-function
0x285718	xmlDOMWrapRemoveNode	xmlDOMWrapRemoveNode	no-ghidra-function
0x285ae0	xmlDOMWrapReconcileNamespaces	xmlDOMWrapReconcileNamespaces	no-ghidra-function
0x286c30	xmlDOMWrapAdoptNode	xmlDOMWrapAdoptNode	no-ghidra-function
0x287a98	xmlParseURI	xmlParseURI	no-ghidra-function
0x287b2c	xmlCreateURI	xmlCreateURI	no-ghidra-function
0x28812c	xmlFreeURI	xmlFreeURI	no-ghidra-function
0x288238	xmlParseURIReference	xmlParseURIReference	no-ghidra-function
0x28823c	xmlParseURIRaw	xmlParseURIRaw	no-ghidra-function
0x2882e8	xmlSaveUri	xmlSaveUri	no-ghidra-function
0x288ee0	xmlPrintURI	xmlPrintURI	no-ghidra-function
0x288f30	xmlNormalizeURIPath	xmlNormalizeURIPath	no-ghidra-function
0x28991c	xmlBuildURI	xmlBuildURI	no-ghidra-function
0x289f60	xmlBuildRelativeURI	xmlBuildRelativeURI	no-ghidra-function
0x28a41c	xmlCanonicPath	xmlCanonicPath	no-ghidra-function
0x28a504	xmlPathToURI	xmlPathToURI	no-ghidra-function
0x28b21c	xmlNewDocElementContent	xmlNewDocElementContent	no-ghidra-function
0x28b518	xmlNewElementContent	xmlNewElementContent	no-ghidra-function
0x28b528	xmlCopyDocElementContent	xmlCopyDocElementContent	no-ghidra-function
0x28b6f8	xmlCopyElementContent	xmlCopyElementContent	no-ghidra-function
0x28b704	xmlFreeDocElementContent	xmlFreeDocElementContent	no-ghidra-function
0x28b80c	xmlFreeElementContent	xmlFreeElementContent	no-ghidra-function
0x28b818	xmlSprintfElementContent	xmlSprintfElementContent	no-ghidra-function
0x28b81c	xmlSnprintfElementContent	xmlSnprintfElementContent	no-ghidra-function
0x28bae4	xmlAddElementDecl	xmlAddElementDecl	no-ghidra-function
0x28bee8	xmlFreeElementTable	xmlFreeElementTable	no-ghidra-function
0x28bef4	xmlCopyElementTable	xmlCopyElementTable	no-ghidra-function
0x28bf9c	xmlDumpElementDecl	xmlDumpElementDecl	no-ghidra-function
0x28c9a4	xmlFreeAttributeTable	xmlFreeAttributeTable	no-ghidra-function
0x28c9b0	xmlCopyAttributeTable	xmlCopyAttributeTable	no-ghidra-function
0x28ca74	xmlDumpAttributeDecl	xmlDumpAttributeDecl	no-ghidra-function
0x28ccd0	xmlDumpAttributeTable	xmlDumpAttributeTable	no-ghidra-function
0x28cd04	xmlAddNotationDecl	xmlAddNotationDecl	no-ghidra-function
0x28cea4	xmlFreeNotationTable	xmlFreeNotationTable	no-ghidra-function
0x28ceb0	xmlCopyNotationTable	xmlCopyNotationTable	no-ghidra-function
0x28cf40	xmlDumpNotationDecl	xmlDumpNotationDecl	no-ghidra-function
0x28cfec	xmlDumpNotationTable	xmlDumpNotationTable	no-ghidra-function
0x28d020	xmlAddID	xmlAddID	no-ghidra-function
0x28d1f8	xmlFreeIDTable	xmlFreeIDTable	no-ghidra-function
0x28d204	xmlIsID	xmlIsID	no-ghidra-function
0x28d428	xmlGetDtdAttrDesc	xmlGetDtdAttrDesc	no-ghidra-function
0x28d514	xmlRemoveID	xmlRemoveID	no-ghidra-function
0x28d5d0	xmlGetID	xmlGetID	no-ghidra-function
0x28d618	xmlAddRef	xmlAddRef	no-ghidra-function
0x28d844	xmlFreeRefTable	xmlFreeRefTable	no-ghidra-function
0x28d85c	xmlIsRef	xmlIsRef	no-ghidra-function
0x28d900	xmlRemoveRef	xmlRemoveRef	no-ghidra-function
0x28da40	xmlGetRefs	xmlGetRefs	no-ghidra-function
0x28da6c	xmlGetDtdElementDesc	xmlGetDtdElementDesc	no-ghidra-function
0x28db30	xmlGetDtdQElementDesc	xmlGetDtdQElementDesc	no-ghidra-function
0x28db50	xmlGetDtdQAttrDesc	xmlGetDtdQAttrDesc	no-ghidra-function
0x28db80	xmlGetDtdNotationDesc	xmlGetDtdNotationDesc	no-ghidra-function
0x28dba0	xmlIsMixedElement	xmlIsMixedElement	no-ghidra-function
0x28dc10	xlinkGetDefaultHandler	xlinkGetDefaultHandler	no-ghidra-function
0x28dc1c	xlinkSetDefaultHandler	xlinkSetDefaultHandler	no-ghidra-function
0x28dc28	xlinkGetDefaultDetect	xlinkGetDefaultDetect	no-ghidra-function
0x28dc34	xlinkSetDefaultDetect	xlinkSetDefaultDetect	no-ghidra-function
0x28dc40	xlinkIsLink	xlinkIsLink	no-ghidra-function
0x28ddcc	__xmlIOErr	__xmlIOErr	no-ghidra-function
0x28dfe4	__xmlLoaderErr	__xmlLoaderErr	no-ghidra-function
0x28e0b4	xmlNormalizeWindowsPath	xmlNormalizeWindowsPath	no-ghidra-function
0x28e0b8	xmlCleanupInputCallbacks	xmlCleanupInputCallbacks	no-ghidra-function
0x28e134	xmlPopInputCallbacks	xmlPopInputCallbacks	no-ghidra-function
0x28e17c	xmlCleanupOutputCallbacks	xmlCleanupOutputCallbacks	no-ghidra-function
0x28e1f8	xmlCheckFilename	xmlCheckFilename	no-ghidra-function
0x28e268	xmlFileMatch	xmlFileMatch	no-ghidra-function
0x28e270	xmlFileOpen	xmlFileOpen	no-ghidra-function
0x28e3ac	xmlFileRead	xmlFileRead	no-ghidra-function
0x28e408	xmlFileClose	xmlFileClose	no-ghidra-function
0x28e4a0	xmlRegisterInputCallbacks	xmlRegisterInputCallbacks	no-ghidra-function
0x28e4ec	xmlRegisterOutputCallbacks	xmlRegisterOutputCallbacks	no-ghidra-function
0x28e538	xmlRegisterDefaultInputCallbacks	xmlRegisterDefaultInputCallbacks	no-ghidra-function
0x28e5a4	xmlRegisterDefaultOutputCallbacks	xmlRegisterDefaultOutputCallbacks	no-ghidra-function
0x28e740	xmlAllocParserInputBuffer	xmlAllocParserInputBuffer	no-ghidra-function
0x28e820	xmlAllocOutputBuffer	xmlAllocOutputBuffer	no-ghidra-function
0x28e8f0	xmlAllocOutputBufferInternal	xmlAllocOutputBufferInternal	no-ghidra-function
0x28e9d0	xmlFreeParserInputBuffer	xmlFreeParserInputBuffer	no-ghidra-function
0x28ea40	xmlOutputBufferClose	xmlOutputBufferClose	no-ghidra-function
0x28eaf4	xmlOutputBufferFlush	xmlOutputBufferFlush	no-ghidra-function
0x28ec18	__xmlParserInputBufferCreateFilename	__xmlParserInputBufferCreateFilename	no-ghidra-function
0x28ed04	xmlParserInputBufferCreateFilename	xmlParserInputBufferCreateFilename	no-ghidra-function
0x28ed1c	__xmlOutputBufferCreateFilename	__xmlOutputBufferCreateFilename	no-ghidra-function
0x28eed0	xmlOutputBufferCreateFilename	xmlOutputBufferCreateFilename	no-ghidra-function
0x28eee8	xmlParserInputBufferCreateFile	xmlParserInputBufferCreateFile	no-ghidra-function
0x28ef88	xmlOutputBufferCreateFile	xmlOutputBufferCreateFile	no-ghidra-function
0x28efe8	xmlOutputBufferCreateBuffer	xmlOutputBufferCreateBuffer	no-ghidra-function
0x28f024	xmlOutputBufferCreateIO	xmlOutputBufferCreateIO	no-ghidra-function
0x28f090	xmlParserInputBufferCreateFd	xmlParserInputBufferCreateFd	no-ghidra-function
0x28f15c	xmlParserInputBufferCreateMem	xmlParserInputBufferCreateMem	no-ghidra-function
0x28f1ec	xmlParserInputBufferCreateStatic	xmlParserInputBufferCreateStatic	no-ghidra-function
0x28f2dc	xmlOutputBufferCreateFd	xmlOutputBufferCreateFd	no-ghidra-function
0x28f374	xmlParserInputBufferCreateIO	xmlParserInputBufferCreateIO	no-ghidra-function
0x28f3b8	xmlParserInputBufferCreateFilenameDefault	xmlParserInputBufferCreateFilenameDefault	no-ghidra-function
0x28fcf0	xmlOutputBufferWriteString	xmlOutputBufferWriteString	no-ghidra-function
0x28fd54	xmlParserGetDirectory	xmlParserGetDirectory	no-ghidra-function
0x28fe64	xmlCheckHTTPInput	xmlCheckHTTPInput	no-ghidra-function
0x28fe6c	xmlSetExternalEntityLoader	xmlSetExternalEntityLoader	no-ghidra-function
0x28fe78	xmlGetExternalEntityLoader	xmlGetExternalEntityLoader	no-ghidra-function
0x28fe84	xmlLoadExternalEntity	xmlLoadExternalEntity	no-ghidra-function
0x28ffcc	xmlNoNetExternalEntityLoader	xmlNoNetExternalEntityLoader	no-ghidra-function
0x2900ec	xmlMallocBreakpoint	xmlMallocBreakpoint	no-ghidra-function
0x290118	xmlMallocLoc	xmlMallocLoc	no-ghidra-function
0x290298	xmlInitMemory	xmlInitMemory	no-ghidra-function
0x29031c	xmlMemoryDump	xmlMemoryDump	no-ghidra-function
0x290320	xmlMallocAtomicLoc	xmlMallocAtomicLoc	no-ghidra-function
0x2904a0	xmlMemMalloc	xmlMemMalloc	no-ghidra-function
0x2904b0	xmlReallocLoc	xmlReallocLoc	no-ghidra-function
0x2906c4	xmlMemRealloc	xmlMemRealloc	no-ghidra-function
0x2906d4	xmlMemFree	xmlMemFree	no-ghidra-function
0x2908a8	xmlMemStrdupLoc	xmlMemStrdupLoc	no-ghidra-function
0x290a10	xmlMemoryStrdup	xmlMemoryStrdup	no-ghidra-function
0x290a20	xmlMemUsed	xmlMemUsed	no-ghidra-function
0x290a2c	xmlMemBlocks	xmlMemBlocks	no-ghidra-function
0x290a38	xmlMemDisplayLast	xmlMemDisplayLast	no-ghidra-function
0x290ac0	xmlMemDisplay	xmlMemDisplay	no-ghidra-function
0x290b40	xmlMemShow	xmlMemShow	no-ghidra-function
0x290b64	xmlCleanupMemory	xmlCleanupMemory	no-ghidra-function
0x290ba0	xmlMemSetup	xmlMemSetup	no-ghidra-function
0x290bfc	xmlMemGet	xmlMemGet	no-ghidra-function
0x290c54	xmlGcMemSetup	xmlGcMemSetup	no-ghidra-function
0x290cb4	xmlGcMemGet	xmlGcMemGet	no-ghidra-function
0x290d20	xmlModuleOpen	xmlModuleOpen	no-ghidra-function
0x290e3c	xmlModuleSymbol	xmlModuleSymbol	no-ghidra-function
0x290f10	xmlModuleClose	xmlModuleClose	no-ghidra-function
0x291008	xmlModuleFree	xmlModuleFree	no-ghidra-function
0x2910a0	xmlTextReaderRead	xmlTextReaderRead	no-ghidra-function
0x291c28	xmlTextReaderExpand	xmlTextReaderExpand	no-ghidra-function
0x291c78	xmlTextReaderReadState	xmlTextReaderReadState	no-ghidra-function
0x291d40	xmlTextReaderNext	xmlTextReaderNext	no-ghidra-function
0x291ecc	xmlTextReaderReadInnerXml	xmlTextReaderReadInnerXml	no-ghidra-function
0x291fa8	xmlTextReaderReadOuterXml	xmlTextReaderReadOuterXml	no-ghidra-function
0x292044	xmlTextReaderReadString	xmlTextReaderReadString	no-ghidra-function
0x2921a0	xmlTextReaderNextSibling	xmlTextReaderNextSibling	no-ghidra-function
0x2921ec	xmlNewTextReader	xmlNewTextReader	no-ghidra-function
0x292bd0	xmlTextReaderGetAttributeNs	xmlTextReaderGetAttributeNs	no-ghidra-function
0x292cb0	xmlTextReaderGetRemainder	xmlTextReaderGetRemainder	no-ghidra-function
0x292d6c	xmlTextReaderLookupNamespace	xmlTextReaderLookupNamespace	no-ghidra-function
0x292da4	xmlTextReaderMoveToAttributeNo	xmlTextReaderMoveToAttributeNo	no-ghidra-function
0x292e44	xmlTextReaderMoveToAttribute	xmlTextReaderMoveToAttribute	no-ghidra-function
0x293024	xmlTextReaderMoveToAttributeNs	xmlTextReaderMoveToAttributeNs	no-ghidra-function
0x293130	xmlTextReaderMoveToFirstAttribute	xmlTextReaderMoveToFirstAttribute	no-ghidra-function
0x29317c	xmlTextReaderMoveToNextAttribute	xmlTextReaderMoveToNextAttribute	no-ghidra-function
0x2931f4	xmlTextReaderMoveToElement	xmlTextReaderMoveToElement	no-ghidra-function
0x293230	xmlTextReaderReadAttributeValue	xmlTextReaderReadAttributeValue	no-ghidra-function
0x2932f4	xmlTextReaderConstEncoding	xmlTextReaderConstEncoding	no-ghidra-function
0x29332c	xmlTextReaderAttributeCount	xmlTextReaderAttributeCount	no-ghidra-function
0x2933b0	xmlTextReaderNodeType	xmlTextReaderNodeType	no-ghidra-function
0x29347c	xmlTextReaderIsEmptyElement	xmlTextReaderIsEmptyElement	no-ghidra-function
0x2934dc	xmlTextReaderLocalName	xmlTextReaderLocalName	no-ghidra-function
0x293538	xmlTextReaderName	xmlTextReaderName	no-ghidra-function
0x293638	xmlTextReaderConstLocalName	xmlTextReaderConstLocalName	no-ghidra-function
0x29369c	xmlTextReaderConstName	xmlTextReaderConstName	no-ghidra-function
0x293788	xmlTextReaderPrefix	xmlTextReaderPrefix	no-ghidra-function
0x2937e8	xmlTextReaderConstPrefix	xmlTextReaderConstPrefix	no-ghidra-function
0x293858	xmlTextReaderNamespaceUri	xmlTextReaderNamespaceUri	no-ghidra-function
0x2938ac	xmlTextReaderConstNamespaceUri	xmlTextReaderConstNamespaceUri	no-ghidra-function
0x293910	xmlTextReaderBaseUri	xmlTextReaderBaseUri	no-ghidra-function
0x29392c	xmlTextReaderConstBaseUri	xmlTextReaderConstBaseUri	no-ghidra-function
0x293998	xmlTextReaderDepth	xmlTextReaderDepth	no-ghidra-function
0x2939ec	xmlTextReaderHasAttributes	xmlTextReaderHasAttributes	no-ghidra-function
0x293a38	xmlTextReaderHasValue	xmlTextReaderHasValue	no-ghidra-function
0x293a88	xmlTextReaderValue	xmlTextReaderValue	no-ghidra-function
0x293b14	xmlTextReaderConstValue	xmlTextReaderConstValue	no-ghidra-function
0x293c08	xmlTextReaderIsDefault	xmlTextReaderIsDefault	no-ghidra-function
0x293c14	xmlTextReaderQuoteChar	xmlTextReaderQuoteChar	no-ghidra-function
0x293c24	xmlTextReaderXmlLang	xmlTextReaderXmlLang	no-ghidra-function
0x293c3c	xmlTextReaderConstXmlLang	xmlTextReaderConstXmlLang	no-ghidra-function
0x293ca4	xmlTextReaderConstString	xmlTextReaderConstString	no-ghidra-function
0x293cb8	xmlTextReaderNormalization	xmlTextReaderNormalization	no-ghidra-function
0x293cc8	xmlTextReaderSetParserProp	xmlTextReaderSetParserProp	no-ghidra-function
0x293d98	xmlTextReaderGetParserProp	xmlTextReaderGetParserProp	no-ghidra-function
0x293e08	xmlTextReaderGetParserLineNumber	xmlTextReaderGetParserLineNumber	no-ghidra-function
0x293e2c	xmlTextReaderGetParserColumnNumber	xmlTextReaderGetParserColumnNumber	no-ghidra-function
0x293e50	xmlTextReaderCurrentNode	xmlTextReaderCurrentNode	no-ghidra-function
0x293e6c	xmlTextReaderPreserve	xmlTextReaderPreserve	no-ghidra-function
0x293edc	xmlTextReaderCurrentDoc	xmlTextReaderCurrentDoc	no-ghidra-function
0x293f14	xmlTextReaderIsNamespaceDecl	xmlTextReaderIsNamespaceDecl	no-ghidra-function
0x293f44	xmlTextReaderConstXmlVersion	xmlTextReaderConstXmlVersion	no-ghidra-function
0x293f7c	xmlTextReaderStandalone	xmlTextReaderStandalone	no-ghidra-function
0x293fa8	xmlTextReaderLocatorLineNumber	xmlTextReaderLocatorLineNumber	no-ghidra-function
0x294000	xmlTextReaderLocatorBaseURI	xmlTextReaderLocatorBaseURI	no-ghidra-function
0x294048	xmlTextReaderSetErrorHandler	xmlTextReaderSetErrorHandler	no-ghidra-function
0x294494	xmlTextReaderSetStructuredErrorHandler	xmlTextReaderSetStructuredErrorHandler	no-ghidra-function
0x294534	xmlTextReaderIsValid	xmlTextReaderIsValid	no-ghidra-function
0x294564	xmlTextReaderGetErrorHandler	xmlTextReaderGetErrorHandler	no-ghidra-function
0x294580	xmlTextReaderSetup	xmlTextReaderSetup	no-ghidra-function
0x2948fc	xmlTextReaderByteConsumed	xmlTextReaderByteConsumed	no-ghidra-function
0x294914	xmlReaderWalker	xmlReaderWalker	no-ghidra-function
0x2949ac	xmlReaderForDoc	xmlReaderForDoc	no-ghidra-function
0x2949fc	xmlReaderForMemory	xmlReaderForMemory	no-ghidra-function
0x294a8c	xmlReaderForFile	xmlReaderForFile	no-ghidra-function
0x294adc	xmlReaderForFd	xmlReaderForFd	no-ghidra-function
0x294b74	xmlReaderForIO	xmlReaderForIO	no-ghidra-function
0x294c08	xmlReaderNewWalker	xmlReaderNewWalker	no-ghidra-function
0x294c9c	xmlReaderNewDoc	xmlReaderNewDoc	no-ghidra-function
0x294d18	xmlReaderNewMemory	xmlReaderNewMemory	no-ghidra-function
0x294d8c	xmlReaderNewFile	xmlReaderNewFile	no-ghidra-function
0x294dfc	xmlReaderNewFd	xmlReaderNewFd	no-ghidra-function
0x294e70	xmlReaderNewIO	xmlReaderNewIO	no-ghidra-function
0x295468	xmlIsXHTML	xmlIsXHTML	no-ghidra-function
0x295c98	xmlSaveTree	xmlSaveTree	no-ghidra-function
0x2963c4	xmlSaveFlush	xmlSaveFlush	no-ghidra-function
0x2963dc	xmlSaveClose	xmlSaveClose	no-ghidra-function
0x296428	xmlSaveSetEscape	xmlSaveSetEscape	no-ghidra-function
0x296444	xmlSaveSetAttrEscape	xmlSaveSetAttrEscape	no-ghidra-function
0x296460	xmlAttrSerializeTxtContent	xmlAttrSerializeTxtContent	no-ghidra-function
0x2969d4	xmlNodeDump	xmlNodeDump	no-ghidra-function
0x296ab4	xmlNodeDumpOutput	xmlNodeDumpOutput	no-ghidra-function
0x296ba8	xmlElemDump	xmlElemDump	no-ghidra-function
0x297944	xmlDocDumpFormatMemoryEnc	xmlDocDumpFormatMemoryEnc	no-ghidra-function
0x297ad0	xmlDocDumpMemory	xmlDocDumpMemory	no-ghidra-function
0x297adc	xmlDocDumpFormatMemory	xmlDocDumpFormatMemory	no-ghidra-function
0x297ae8	xmlDocDumpMemoryEnc	xmlDocDumpMemoryEnc	no-ghidra-function
0x297af0	xmlDocFormatDump	xmlDocFormatDump	no-ghidra-function
0x297bec	xmlDocDump	xmlDocDump	no-ghidra-function
0x297bf4	xmlSaveFileTo	xmlSaveFileTo	no-ghidra-function
0x297ca4	xmlSaveFormatFileTo	xmlSaveFormatFileTo	no-ghidra-function
0x297d70	xmlSaveFormatFileEnc	xmlSaveFormatFileEnc	no-ghidra-function
0x297e58	xmlSaveFileEnc	xmlSaveFileEnc	no-ghidra-function
0x297e60	xmlSaveFormatFile	xmlSaveFormatFile	no-ghidra-function
0x297e6c	xmlSaveFile	xmlSaveFile	no-ghidra-function
0x298770	xmlStrdup	xmlStrdup	no-ghidra-function
0x298818	xmlCharStrdup	xmlCharStrdup	no-ghidra-function
0x298d38	xmlStrncatNew	xmlStrncatNew	no-ghidra-function
0x298e5c	xmlStrcat	xmlStrcat	no-ghidra-function
0x298e94	xmlStrPrintf	xmlStrPrintf	no-ghidra-function
0x298f5c	xmlStrVPrintf	xmlStrVPrintf	no-ghidra-function
0x298fd8	xmlUTF8Size	xmlUTF8Size	no-ghidra-function
0x299018	xmlUTF8Charcmp	xmlUTF8Charcmp	no-ghidra-function
0x29907c	xmlUTF8Strlen	xmlUTF8Strlen	no-ghidra-function
0x299124	xmlGetUTF8Char	xmlGetUTF8Char	no-ghidra-function
0x299250	xmlCheckUTF8	xmlCheckUTF8	no-ghidra-function
0x299330	xmlUTF8Strsize	xmlUTF8Strsize	no-ghidra-function
0x299380	xmlUTF8Strndup	xmlUTF8Strndup	no-ghidra-function
0x299428	xmlUTF8Strpos	xmlUTF8Strpos	no-ghidra-function
0x299488	xmlUTF8Strloc	xmlUTF8Strloc	no-ghidra-function
0x29955c	xmlUTF8Strsub	xmlUTF8Strsub	no-ghidra-function
0x2995c4	xmlNewTextWriter	xmlNewTextWriter	no-ghidra-function
0x299a08	xmlNewTextWriterFilename	xmlNewTextWriterFilename	no-ghidra-function
0x299af4	xmlNewTextWriterMemory	xmlNewTextWriterMemory	no-ghidra-function
0x299bd4	xmlNewTextWriterPushParser	xmlNewTextWriterPushParser	no-ghidra-function
0x299d48	xmlNewTextWriterDoc	xmlNewTextWriterDoc	no-ghidra-function
0x29a034	xmlNewTextWriterTree	xmlNewTextWriterTree	no-ghidra-function
0x29a1e8	xmlFreeTextWriter	xmlFreeTextWriter	no-ghidra-function
0x29a290	xmlTextWriterStartDocument	xmlTextWriterStartDocument	no-ghidra-function
0x29a518	xmlTextWriterEndDocument	xmlTextWriterEndDocument	no-ghidra-function
0x29a620	xmlTextWriterEndElement	xmlTextWriterEndElement	no-ghidra-function
0x29a790	xmlTextWriterEndPI	xmlTextWriterEndPI	no-ghidra-function
0x29a828	xmlTextWriterEndCDATA	xmlTextWriterEndCDATA	no-ghidra-function
0x29a894	xmlTextWriterEndDTD	xmlTextWriterEndDTD	no-ghidra-function
0x29a9d0	xmlTextWriterEndComment	xmlTextWriterEndComment	no-ghidra-function
0x29aa80	xmlTextWriterFlush	xmlTextWriterFlush	no-ghidra-function
0x29aa9c	xmlTextWriterStartComment	xmlTextWriterStartComment	no-ghidra-function
0x29ad30	xmlTextWriterWriteFormatComment	xmlTextWriterWriteFormatComment	no-ghidra-function
0x29adc4	xmlTextWriterWriteVFormatComment	xmlTextWriterWriteVFormatComment	no-ghidra-function
0x29afcc	xmlTextWriterWriteComment	xmlTextWriterWriteComment	no-ghidra-function
0x29b030	xmlTextWriterWriteString	xmlTextWriterWriteString	no-ghidra-function
0x29b120	xmlTextWriterStartElement	xmlTextWriterStartElement	no-ghidra-function
0x29b2d0	xmlTextWriterEndAttribute	xmlTextWriterEndAttribute	no-ghidra-function
0x29b338	xmlTextWriterStartElementNS	xmlTextWriterStartElementNS	no-ghidra-function
0x29b48c	xmlTextWriterFullEndElement	xmlTextWriterFullEndElement	no-ghidra-function
0x29b5f0	xmlTextWriterWriteFormatRaw	xmlTextWriterWriteFormatRaw	no-ghidra-function
0x29bdf8	xmlTextWriterStartAttribute	xmlTextWriterStartAttribute	no-ghidra-function
0x29bef8	xmlTextWriterStartAttributeNS	xmlTextWriterStartAttributeNS	no-ghidra-function
0x29c0e0	xmlTextWriterWriteFormatAttribute	xmlTextWriterWriteFormatAttribute	no-ghidra-function
0x29c174	xmlTextWriterWriteVFormatAttribute	xmlTextWriterWriteVFormatAttribute	no-ghidra-function
0x29c220	xmlTextWriterWriteAttribute	xmlTextWriterWriteAttribute	no-ghidra-function
0x29c284	xmlTextWriterWriteFormatAttributeNS	xmlTextWriterWriteFormatAttributeNS	no-ghidra-function
0x29c318	xmlTextWriterWriteVFormatAttributeNS	xmlTextWriterWriteVFormatAttributeNS	no-ghidra-function
0x29c3dc	xmlTextWriterWriteAttributeNS	xmlTextWriterWriteAttributeNS	no-ghidra-function
0x29c458	xmlTextWriterWriteFormatElement	xmlTextWriterWriteFormatElement	no-ghidra-function
0x29c4ec	xmlTextWriterWriteVFormatElement	xmlTextWriterWriteVFormatElement	no-ghidra-function
0x29c598	xmlTextWriterWriteElement	xmlTextWriterWriteElement	no-ghidra-function
0x29c600	xmlTextWriterWriteFormatElementNS	xmlTextWriterWriteFormatElementNS	no-ghidra-function
0x29c694	xmlTextWriterWriteVFormatElementNS	xmlTextWriterWriteVFormatElementNS	no-ghidra-function
0x29c758	xmlTextWriterWriteElementNS	xmlTextWriterWriteElementNS	no-ghidra-function
0x29c7dc	xmlTextWriterStartPI	xmlTextWriterStartPI	no-ghidra-function
0x29c998	xmlTextWriterWriteFormatPI	xmlTextWriterWriteFormatPI	no-ghidra-function
0x29ca2c	xmlTextWriterWriteVFormatPI	xmlTextWriterWriteVFormatPI	no-ghidra-function
0x29cad8	xmlTextWriterWritePI	xmlTextWriterWritePI	no-ghidra-function
0x29cb40	xmlTextWriterStartCDATA	xmlTextWriterStartCDATA	no-ghidra-function
0x29cc6c	xmlTextWriterWriteFormatCDATA	xmlTextWriterWriteFormatCDATA	no-ghidra-function
0x29cd00	xmlTextWriterWriteVFormatCDATA	xmlTextWriterWriteVFormatCDATA	no-ghidra-function
0x29cda8	xmlTextWriterWriteCDATA	xmlTextWriterWriteCDATA	no-ghidra-function
0x29ce10	xmlTextWriterStartDTD	xmlTextWriterStartDTD	no-ghidra-function
0x29d0dc	xmlTextWriterEndDTDElement	xmlTextWriterEndDTDElement	no-ghidra-function
0x29d16c	xmlTextWriterEndDTDAttlist	xmlTextWriterEndDTDAttlist	no-ghidra-function
0x29d1fc	xmlTextWriterEndDTDEntity	xmlTextWriterEndDTDEntity	no-ghidra-function
0x29d2b4	xmlTextWriterWriteFormatDTD	xmlTextWriterWriteFormatDTD	no-ghidra-function
0x29d348	xmlTextWriterWriteVFormatDTD	xmlTextWriterWriteVFormatDTD	no-ghidra-function
0x29d40c	xmlTextWriterWriteDTD	xmlTextWriterWriteDTD	no-ghidra-function
0x29d474	xmlTextWriterStartDTDElement	xmlTextWriterStartDTDElement	no-ghidra-function
0x29d5fc	xmlTextWriterWriteFormatDTDElement	xmlTextWriterWriteFormatDTDElement	no-ghidra-function
0x29d690	xmlTextWriterWriteVFormatDTDElement	xmlTextWriterWriteVFormatDTDElement	no-ghidra-function
0x29d73c	xmlTextWriterWriteDTDElement	xmlTextWriterWriteDTDElement	no-ghidra-function
0x29d7b0	xmlTextWriterStartDTDAttlist	xmlTextWriterStartDTDAttlist	no-ghidra-function
0x29d938	xmlTextWriterWriteFormatDTDAttlist	xmlTextWriterWriteFormatDTDAttlist	no-ghidra-function
0x29d9cc	xmlTextWriterWriteVFormatDTDAttlist	xmlTextWriterWriteVFormatDTDAttlist	no-ghidra-function
0x29da78	xmlTextWriterWriteDTDAttlist	xmlTextWriterWriteDTDAttlist	no-ghidra-function
0x29daec	xmlTextWriterStartDTDEntity	xmlTextWriterStartDTDEntity	no-ghidra-function
0x29dca4	xmlTextWriterWriteFormatDTDInternalEntity	xmlTextWriterWriteFormatDTDInternalEntity	no-ghidra-function
0x29dd38	xmlTextWriterWriteVFormatDTDInternalEntity	xmlTextWriterWriteVFormatDTDInternalEntity	no-ghidra-function
0x29ddf4	xmlTextWriterWriteDTDInternalEntity	xmlTextWriterWriteDTDInternalEntity	no-ghidra-function
0x29de7c	xmlTextWriterWriteDTDEntity	xmlTextWriterWriteDTDEntity	no-ghidra-function
0x29deac	xmlTextWriterWriteDTDExternalEntity	xmlTextWriterWriteDTDExternalEntity	no-ghidra-function
0x29df44	xmlTextWriterWriteDTDExternalEntityContents	xmlTextWriterWriteDTDExternalEntityContents	no-ghidra-function
0x29e12c	xmlTextWriterWriteDTDNotation	xmlTextWriterWriteDTDNotation	no-ghidra-function
0x29e358	xmlTextWriterSetIndent	xmlTextWriterSetIndent	no-ghidra-function
0x29e378	xmlTextWriterSetIndentString	xmlTextWriterSetIndentString	no-ghidra-function
0x29e434	xmlXPathInit	xmlXPathInit	no-ghidra-function
0x29e588	xmlXPathIsNaN	xmlXPathIsNaN	no-ghidra-function
0x29e594	xmlXPathIsInf	xmlXPathIsInf	no-ghidra-function
0x29e5b8	xmlXPathErr	xmlXPathErr	no-ghidra-function
0x29e758	xmlXPatherror	xmlXPatherror	no-ghidra-function
0x29ef2c	xmlXPathPopNumber	xmlXPathPopNumber	no-ghidra-function
0x29efac	xmlXPathCastToNumber	xmlXPathCastToNumber	no-ghidra-function
0x29f064	xmlXPathPopString	xmlXPathPopString	no-ghidra-function
0x29f0dc	xmlXPathCastToString	xmlXPathCastToString	no-ghidra-function
0x29f194	xmlXPathPopNodeSet	xmlXPathPopNodeSet	no-ghidra-function
0x29f258	xmlXPathPopExternal	xmlXPathPopExternal	no-ghidra-function
0x29f320	xmlXPathOrderDocElems	xmlXPathOrderDocElems	no-ghidra-function
0x29f384	xmlXPathCmpNodes	xmlXPathCmpNodes	no-ghidra-function
0x29f624	xmlXPathNodeSetSort	xmlXPathNodeSetSort	no-ghidra-function
0x29fb54	xmlXPathNodeSetFreeNs	xmlXPathNodeSetFreeNs	no-ghidra-function
0x29fbe0	xmlXPathNodeSetCreate	xmlXPathNodeSetCreate	no-ghidra-function
0x29febc	xmlXPathNodeSetContains	xmlXPathNodeSetContains	no-ghidra-function
0x29ff98	xmlXPathNodeSetAddNs	xmlXPathNodeSetAddNs	no-ghidra-function
0x2a00e0	xmlXPathNodeSetAdd	xmlXPathNodeSetAdd	no-ghidra-function
0x2a01f8	xmlXPathNodeSetAddUnique	xmlXPathNodeSetAddUnique	no-ghidra-function
0x2a02e8	xmlXPathNodeSetMerge	xmlXPathNodeSetMerge	no-ghidra-function
0x2a04b8	xmlXPathNodeSetDel	xmlXPathNodeSetDel	no-ghidra-function
0x2a0564	xmlXPathNodeSetRemove	xmlXPathNodeSetRemove	no-ghidra-function
0x2a05f0	xmlXPathFreeNodeSet	xmlXPathFreeNodeSet	no-ghidra-function
0x2a0680	xmlXPathNewNodeSet	xmlXPathNewNodeSet	no-ghidra-function
0x2a06f4	xmlXPathNewValueTree	xmlXPathNewValueTree	no-ghidra-function
0x2a0770	xmlXPathNewNodeSetList	xmlXPathNewNodeSetList	no-ghidra-function
0x2a0800	xmlXPathWrapNodeSet	xmlXPathWrapNodeSet	no-ghidra-function
0x2a0868	xmlXPathFreeNodeSetList	xmlXPathFreeNodeSetList	no-ghidra-function
0x2a0880	xmlXPathDifference	xmlXPathDifference	no-ghidra-function
0x2a096c	xmlXPathIntersection	xmlXPathIntersection	no-ghidra-function
0x2a0a50	xmlXPathDistinctSorted	xmlXPathDistinctSorted	no-ghidra-function
0x2a0b9c	xmlXPathCastNodeToString	xmlXPathCastNodeToString	no-ghidra-function
0x2a0bc4	xmlXPathDistinct	xmlXPathDistinct	no-ghidra-function
0x2a0c10	xmlXPathHasSameNodes	xmlXPathHasSameNodes	no-ghidra-function
0x2a0cbc	xmlXPathNodeLeadingSorted	xmlXPathNodeLeadingSorted	no-ghidra-function
0x2a0da0	xmlXPathNodeLeading	xmlXPathNodeLeading	no-ghidra-function
0x2a0dcc	xmlXPathLeadingSorted	xmlXPathLeadingSorted	no-ghidra-function
0x2a0dfc	xmlXPathLeading	xmlXPathLeading	no-ghidra-function
0x2a0eb4	xmlXPathNodeTrailingSorted	xmlXPathNodeTrailingSorted	no-ghidra-function
0x2a0f98	xmlXPathNodeTrailing	xmlXPathNodeTrailing	no-ghidra-function
0x2a0fc4	xmlXPathTrailingSorted	xmlXPathTrailingSorted	no-ghidra-function
0x2a0ff4	xmlXPathTrailing	xmlXPathTrailing	no-ghidra-function
0x2a10ac	xmlXPathRegisterFunc	xmlXPathRegisterFunc	no-ghidra-function
0x2a10b8	xmlXPathRegisterFuncNS	xmlXPathRegisterFuncNS	no-ghidra-function
0x2a113c	xmlXPathRegisterFuncLookup	xmlXPathRegisterFuncLookup	no-ghidra-function
0x2a1148	xmlXPathFunctionLookup	xmlXPathFunctionLookup	no-ghidra-function
0x2a11a0	xmlXPathFunctionLookupNS	xmlXPathFunctionLookupNS	no-ghidra-function
0x2a1208	xmlXPathRegisteredFuncsCleanup	xmlXPathRegisteredFuncsCleanup	no-ghidra-function
0x2a1238	xmlXPathRegisterVariable	xmlXPathRegisterVariable	no-ghidra-function
0x2a1244	xmlXPathRegisterVariableNS	xmlXPathRegisterVariableNS	no-ghidra-function
0x2a12dc	xmlXPathRegisterVariableLookup	xmlXPathRegisterVariableLookup	no-ghidra-function
0x2a12e8	xmlXPathVariableLookup	xmlXPathVariableLookup	no-ghidra-function
0x2a130c	xmlXPathVariableLookupNS	xmlXPathVariableLookupNS	no-ghidra-function
0x2a1450	xmlXPathRegisteredVariablesCleanup	xmlXPathRegisteredVariablesCleanup	no-ghidra-function
0x2a1484	xmlXPathRegisterNs	xmlXPathRegisterNs	no-ghidra-function
0x2a1530	xmlXPathNsLookup	xmlXPathNsLookup	no-ghidra-function
0x2a15f0	xmlXPathRegisteredNsCleanup	xmlXPathRegisteredNsCleanup	no-ghidra-function
0x2a1628	xmlXPathNewFloat	xmlXPathNewFloat	no-ghidra-function
0x2a1698	xmlXPathNewBoolean	xmlXPathNewBoolean	no-ghidra-function
0x2a1708	xmlXPathNewString	xmlXPathNewString	no-ghidra-function
0x2a1788	xmlXPathWrapString	xmlXPathWrapString	no-ghidra-function
0x2a17f0	xmlXPathNewCString	xmlXPathNewCString	no-ghidra-function
0x2a1ac0	xmlXPathCastBooleanToString	xmlXPathCastBooleanToString	no-ghidra-function
0x2a1f0c	xmlXPathCastBooleanToNumber	xmlXPathCastBooleanToNumber	no-ghidra-function
0x2a1f20	xmlXPathCastStringToNumber	xmlXPathCastStringToNumber	no-ghidra-function
0x2a1f24	xmlXPathStringEvalNumber	xmlXPathStringEvalNumber	no-ghidra-function
0x2a21a0	xmlXPathCastNodeToNumber	xmlXPathCastNodeToNumber	no-ghidra-function
0x2a2218	xmlXPathCastNodeSetToNumber	xmlXPathCastNodeSetToNumber	no-ghidra-function
0x2a2274	xmlXPathConvertNumber	xmlXPathConvertNumber	no-ghidra-function
0x2a2358	xmlXPathCastNumberToBoolean	xmlXPathCastNumberToBoolean	no-ghidra-function
0x2a2368	xmlXPathCastStringToBoolean	xmlXPathCastStringToBoolean	no-ghidra-function
0x2a2388	xmlXPathCastNodeSetToBoolean	xmlXPathCastNodeSetToBoolean	no-ghidra-function
0x2a239c	xmlXPathConvertBoolean	xmlXPathConvertBoolean	no-ghidra-function
0x2a2434	xmlXPathNewContext	xmlXPathNewContext	no-ghidra-function
0x2a24c4	xmlXPathRegisterAllFunctions	xmlXPathRegisterAllFunctions	no-ghidra-function
0x2a27ec	xmlXPathFreeContext	xmlXPathFreeContext	no-ghidra-function
0x2a2868	xmlXPathNewParserContext	xmlXPathNewParserContext	no-ghidra-function
0x2a29a4	xmlXPathFreeParserContext	xmlXPathFreeParserContext	no-ghidra-function
0x2a29f4	xmlXPathEqualValues	xmlXPathEqualValues	no-ghidra-function
0x2a3534	xmlXPathNotEqualValues	xmlXPathNotEqualValues	no-ghidra-function
0x2a3768	xmlXPathCompareValues	xmlXPathCompareValues	no-ghidra-function
0x2a4074	xmlXPathNumberFunction	xmlXPathNumberFunction	no-ghidra-function
0x2a41cc	xmlXPathValueFlipSign	xmlXPathValueFlipSign	no-ghidra-function
0x2a42d0	xmlXPathAddValues	xmlXPathAddValues	no-ghidra-function
0x2a4374	xmlXPathSubValues	xmlXPathSubValues	no-ghidra-function
0x2a4418	xmlXPathMultValues	xmlXPathMultValues	no-ghidra-function
0x2a44bc	xmlXPathDivValues	xmlXPathDivValues	no-ghidra-function
0x2a45d4	xmlXPathModValues	xmlXPathModValues	no-ghidra-function
0x2a469c	xmlXPathNextSelf	xmlXPathNextSelf	no-ghidra-function
0x2a46bc	xmlXPathNextChild	xmlXPathNextChild	no-ghidra-function
0x2a472c	xmlXPathNextDescendant	xmlXPathNextDescendant	no-ghidra-function
0x2a47f0	xmlXPathNextDescendantOrSelf	xmlXPathNextDescendantOrSelf	no-ghidra-function
0x2a4828	xmlXPathNextParent	xmlXPathNextParent	no-ghidra-function
0x2a4a80	xmlXPathNextAncestorOrSelf	xmlXPathNextAncestorOrSelf	no-ghidra-function
0x2a4fa8	xmlXPathPositionFunction	xmlXPathPositionFunction	no-ghidra-function
0x2a5010	xmlXPathCountFunction	xmlXPathCountFunction	no-ghidra-function
0x2a5164	xmlXPathIdFunction	xmlXPathIdFunction	no-ghidra-function
0x2a5680	xmlXPathLocalNameFunction	xmlXPathLocalNameFunction	no-ghidra-function
0x2a5914	xmlXPathNamespaceURIFunction	xmlXPathNamespaceURIFunction	no-ghidra-function
0x2a5a4c	xmlXPathStringFunction	xmlXPathStringFunction	no-ghidra-function
0x2a5bd8	xmlXPathStringLengthFunction	xmlXPathStringLengthFunction	no-ghidra-function
0x2a5d74	xmlXPathConcatFunction	xmlXPathConcatFunction	no-ghidra-function
0x2a5f20	xmlXPathContainsFunction	xmlXPathContainsFunction	no-ghidra-function
0x2a6148	xmlXPathStartsWithFunction	xmlXPathStartsWithFunction	no-ghidra-function
0x2a6310	xmlXPathSubstringFunction	xmlXPathSubstringFunction	no-ghidra-function
0x2a65b4	xmlXPathSubstringBeforeFunction	xmlXPathSubstringBeforeFunction	no-ghidra-function
0x2a6764	xmlXPathSubstringAfterFunction	xmlXPathSubstringAfterFunction	no-ghidra-function
0x2a693c	xmlXPathNormalizeFunction	xmlXPathNormalizeFunction	no-ghidra-function
0x2a6b50	xmlXPathTranslateFunction	xmlXPathTranslateFunction	no-ghidra-function
0x2a6e4c	xmlXPathBooleanFunction	xmlXPathBooleanFunction	no-ghidra-function
0x2a6f28	xmlXPathNotFunction	xmlXPathNotFunction	no-ghidra-function
0x2a6fb0	xmlXPathTrueFunction	xmlXPathTrueFunction	no-ghidra-function
0x2a7008	xmlXPathFalseFunction	xmlXPathFalseFunction	no-ghidra-function
0x2a705c	xmlXPathLangFunction	xmlXPathLangFunction	no-ghidra-function
0x2a71f8	xmlXPathSumFunction	xmlXPathSumFunction	no-ghidra-function
0x2a7324	xmlXPathFloorFunction	xmlXPathFloorFunction	no-ghidra-function
0x2a73e0	xmlXPathCeilingFunction	xmlXPathCeilingFunction	no-ghidra-function
0x2a74bc	xmlXPathRoundFunction	xmlXPathRoundFunction	no-ghidra-function
0x2a75f4	xmlXPathParseNCName	xmlXPathParseNCName	no-ghidra-function
0x2a81e8	xmlXPathCompile	xmlXPathCompile	no-ghidra-function
0x2a81f4	xmlXPathCompiledEval	xmlXPathCompiledEval	no-ghidra-function
0x2a84b0	xmlXPathCompiledEvalToBoolean	xmlXPathCompiledEvalToBoolean	no-ghidra-function
0x2a84bc	xmlXPathEvalExpr	xmlXPathEvalExpr	no-ghidra-function
0x2a8648	xmlXPathEval	xmlXPathEval	no-ghidra-function
0x2a8838	xmlXPathEvalExpression	xmlXPathEvalExpression	no-ghidra-function
0x2af174	xmlXPtrNewRange	xmlXPtrNewRange	no-ghidra-function
0x2af308	xmlXPtrNewRangePoints	xmlXPtrNewRangePoints	no-ghidra-function
0x2af3cc	xmlXPtrNewRangePointNode	xmlXPtrNewRangePointNode	no-ghidra-function
0x2af480	xmlXPtrNewRangeNodePoint	xmlXPtrNewRangeNodePoint	no-ghidra-function
0x2af540	xmlXPtrNewRangeNodes	xmlXPtrNewRangeNodes	no-ghidra-function
0x2af5d8	xmlXPtrNewCollapsedRange	xmlXPtrNewCollapsedRange	no-ghidra-function
0x2af65c	xmlXPtrNewRangeNodeObject	xmlXPtrNewRangeNodeObject	no-ghidra-function
0x2af7a8	xmlXPtrLocationSetCreate	xmlXPtrLocationSetCreate	no-ghidra-function
0x2af868	xmlXPtrLocationSetAdd	xmlXPtrLocationSetAdd	no-ghidra-function
0x2af9bc	xmlXPtrLocationSetMerge	xmlXPtrLocationSetMerge	no-ghidra-function
0x2afa20	xmlXPtrLocationSetDel	xmlXPtrLocationSetDel	no-ghidra-function
0x2afa90	xmlXPtrLocationSetRemove	xmlXPtrLocationSetRemove	no-ghidra-function
0x2afae8	xmlXPtrFreeLocationSet	xmlXPtrFreeLocationSet	no-ghidra-function
0x2afb78	xmlXPtrNewLocationSetNodes	xmlXPtrNewLocationSetNodes	no-ghidra-function
0x2afc08	xmlXPtrNewLocationSetNodeSet	xmlXPtrNewLocationSetNodeSet	no-ghidra-function
0x2afccc	xmlXPtrWrapLocationSet	xmlXPtrWrapLocationSet	no-ghidra-function
0x2afd34	xmlXPtrNewContext	xmlXPtrNewContext	no-ghidra-function
0x2afe38	xmlXPtrRangeToFunction	xmlXPtrRangeToFunction	no-ghidra-function
0x2b003c	xmlXPtrRangeFunction	xmlXPtrRangeFunction	no-ghidra-function
0x2b0364	xmlXPtrRangeInsideFunction	xmlXPtrRangeInsideFunction	no-ghidra-function
0x2b067c	xmlXPtrStringRangeFunction	xmlXPtrStringRangeFunction	no-ghidra-function
0x2b19dc	xmlXPtrBuildNodeList	xmlXPtrBuildNodeList	no-ghidra-function
0x2b2028	xmlXPtrAdvanceNode	xmlXPtrAdvanceNode	no-ghidra-function
0x2b22d8	xmlXPtrEvalRangePredicate	xmlXPtrEvalRangePredicate	no-ghidra-function
0x2b27bc	_ZNSt6__ndk112basic_stringIcNS_11char_traitsIcEENS_9allocatorIcEEED2Ev	basic_string<char, std::__ndk1::char_traits<char>, std::__ndk1::allocator<char>>::~basic_string	no-ghidra-function
0x2b27d0	_ZN3ndk18ApplicationContextC2Ev	ApplicationContext::ApplicationContext	no-ghidra-function
0x2b2854	_ZN3ndk18ApplicationContextD2Ev	ApplicationContext::~ApplicationContext	no-ghidra-function
0x2b2968	_ZN3ndk18ApplicationContext9getJNIEnvEv	ndk::ApplicationContext::getJNIEnv	no-ghidra-function
0x2b29dc	_ZN3ndk18ApplicationContextD0Ev	ApplicationContext::~ApplicationContext	no-ghidra-function
0x2b2a00	_ZN3ndk18ApplicationContext9setJavaVMEP7_JavaVM	ndk::ApplicationContext::setJavaVM	no-ghidra-function
0x2b2a08	_ZN3ndk18ApplicationContext14initializeGameEv	ndk::ApplicationContext::initializeGame	no-ghidra-function
0x2b2df0	_ZN3ndk18ApplicationContext20setPlatformConstantsEv	ndk::ApplicationContext::setPlatformConstants	no-ghidra-function
0x2b2fe4	_ZN3ndk18ApplicationContext13initAnalyticsEv	ndk::ApplicationContext::initAnalytics	no-ghidra-function
0x2b2fe8	_ZN7Walaber11FileManager18updatePlatformTagsEv	Walaber::FileManager::updatePlatformTags	no-ghidra-function
0x2b3060	_ZN3ndk18ApplicationContext17createUserFoldersEv	ndk::ApplicationContext::createUserFolders	no-ghidra-function
0x2b3064	_ZN3ndk18ApplicationContext16initLocalizationEv	ndk::ApplicationContext::initLocalization	no-ghidra-function
0x2b3118	_ZNSt6__ndk112basic_stringIcNS_11char_traitsIcEENS_9allocatorIcEEEaSERKS5_	_ZNSt6__ndk112basic_stringIcNS_11char_traitsIcEENS_9allocatorIcEEEaSERKS5_	no-ghidra-function
0x2b3160	_ZN7Walaber14TextureManager10getManagerEv	Walaber::TextureManager::getManager	no-ghidra-function
0x2b31b4	_ZNSt6__ndk1plIcNS_11char_traitsIcEENS_9allocatorIcEEEENS_12basic_stringIT_T0_T1_EERKS9_PKS6_	_ZNSt6__ndk1plIcNS_11char_traitsIcEENS_9allocatorIcEEEENS_12basic_stringIT_T0_T1_EERKS9_PKS6_	no-ghidra-function
0x2b32c0	_ZN7Walaber9SharedPtrINS_8CallbackEED2Ev	SharedPtr<Walaber::Callback>::~SharedPtr	no-ghidra-function
0x2b3318	_ZN7Walaber13ScreenManager15addScreenLoaderENS_9SharedPtrINS_8CallbackEEEj	Walaber::ScreenManager::addScreenLoader	no-ghidra-function
0x2b33a8	_ZN7Walaber9SharedPtrINS_14MemberCallbackIN12WaterConcept12ScreenLoaderEEEED2Ev	SharedPtr<Walaber::MemberCallback<WaterConcept::ScreenLoader>>::~SharedPtr	no-ghidra-function
0x2b3400	_ZN3ndk18ApplicationContext22loadLocalizationScriptEv	ndk::ApplicationContext::loadLocalizationScript	no-ghidra-function
0x2b3518	_ZNSt6__ndk112basic_stringIcNS_11char_traitsIcEENS_9allocatorIcEEEC2ERKS5_	basic_string<char, std::__ndk1::char_traits<char>, std::__ndk1::allocator<char>>::basic_string	no-ghidra-function
0x2b35c4	_ZN3ndk18ApplicationContext6setSKUERKNSt6__ndk112basic_stringIcNS1_11char_traitsIcEENS1_9allocatorIcEEEE	ndk::ApplicationContext::setSKU	no-ghidra-function
0x2b3690	_ZN3ndk18ApplicationContext11setActivityEP8_jobject	ndk::ApplicationContext::setActivity	no-ghidra-function
0x2b3698	_ZN3ndk18ApplicationContext9drawFrameEv	ndk::ApplicationContext::drawFrame	no-ghidra-function
0x2b37b4	_ZN3ndk18ApplicationContext10firstFrameEv	ndk::ApplicationContext::firstFrame	no-ghidra-function
0x2b37e8	_ZN7Walaber10GraphicsGL15bindFramebufferEi	Walaber::GraphicsGL::bindFramebuffer	no-ghidra-function
0x2b3830	_ZN7Walaber10GraphicsGL11setViewportEiiii	Walaber::GraphicsGL::setViewport	no-ghidra-function
0x2b38e4	_ZN3ndk18ApplicationContext8setPathsEPKcS2_	ndk::ApplicationContext::setPaths	no-ghidra-function
0x2b3944	_ZN3ndk18ApplicationContext16setRedisplaySizeEii	ndk::ApplicationContext::setRedisplaySize	no-ghidra-function
0x2b399c	_ZN3ndk18ApplicationContext14setDisplaySizeEii	ndk::ApplicationContext::setDisplaySize	no-ghidra-function
0x2b39f4	_ZN3ndk18ApplicationContext18setDisplaySizeInMMEff	ndk::ApplicationContext::setDisplaySizeInMM	no-ghidra-function
0x2b39fc	_ZN3ndk18ApplicationContext14setCountryCodeEPKc	ndk::ApplicationContext::setCountryCode	no-ghidra-function
0x2b3a30	_ZN3ndk18ApplicationContext10touchBeganERKNS_11MotionEventE	ndk::ApplicationContext::touchBegan	no-ghidra-function
0x2b3ac0	_ZN3ndk18ApplicationContext10touchMovedERKNS_11MotionEventE	ndk::ApplicationContext::touchMoved	no-ghidra-function
0x2b3b68	_ZN3ndk18ApplicationContext10touchEndedERKNS_11MotionEventE	ndk::ApplicationContext::touchEnded	no-ghidra-function
0x2b3bf8	_ZN3ndk18ApplicationContext20accelerometerChangedERKNS_18AccelerometerEventE	ndk::ApplicationContext::accelerometerChanged	no-ghidra-function
0x2b4664	_ZN3ndk18ApplicationContext22copyDatabaseFromBundleERKNSt6__ndk112basic_stringIcNS1_11char_traitsIcEENS1_9allocatorIcEEEES9_	ndk::ApplicationContext::copyDatabaseFromBundle	no-ghidra-function
0x2b4820	_ZN3ndk18ApplicationContext16updateDatabaseAtERKNSt6__ndk112basic_stringIcNS1_11char_traitsIcEENS1_9allocatorIcEEEES9_	ndk::ApplicationContext::updateDatabaseAt	no-ghidra-function
0x2b52d0	_ZN7Walaber7MessageD2Ev	Message::~Message	no-ghidra-function
0x2b52e4	_ZN7Walaber12StringHelper8intToStrEi	Walaber::StringHelper::intToStr	no-ghidra-function
0x2b5418	_ZN3ndk21DatabaseCallbackClass25databaseCompletedCallbackEPv	ndk::DatabaseCallbackClass::databaseCompletedCallback	no-ghidra-function
0x2b5424	_ZN3ndk21DatabaseCallbackClass21databaseErrorCallbackEPv	ndk::DatabaseCallbackClass::databaseErrorCallback	no-ghidra-function
0x2b5868	_ZN7Walaber9SharedPtrINS_14MemberCallbackIN3ndk21DatabaseCallbackClassEEEED2Ev	SharedPtr<Walaber::MemberCallback<ndk::DatabaseCallbackClass>>::~SharedPtr	no-ghidra-function
0x2b58c0	_ZN3ndk18ApplicationContext22getDatabaseUpdateStepsERKNSt6__ndk112basic_stringIcNS1_11char_traitsIcEENS1_9allocatorIcEEEES9_	ndk::ApplicationContext::getDatabaseUpdateSteps	no-ghidra-function
0x2b5d88	_ZN3ndk18ApplicationContext9messageRxERKN7Walaber7MessageE	ndk::ApplicationContext::messageRx	no-ghidra-function
0x2b8d28	_ZN7_JNIEnv14CallVoidMethodEP8_jobjectP10_jmethodIDz	_JNIEnv::CallVoidMethod	no-ghidra-function
0x2b8dc4	_ZN3ndk18ApplicationContext9launchURLENSt6__ndk112basic_stringIcNS1_11char_traitsIcEENS1_9allocatorIcEEEE	ndk::ApplicationContext::launchURL	no-ghidra-function
0x2b8f40	_ZN7_JNIEnv16CallObjectMethodEP8_jobjectP10_jmethodIDz	_JNIEnv::CallObjectMethod	no-ghidra-function
0x2b8fdc	_ZN3ndk18ApplicationContext18_setDisplayPercentEf	ndk::ApplicationContext::_setDisplayPercent	no-ghidra-function
0x2b9118	_ZN3ndk18ApplicationContext21sendPlayerDataToCloudENSt6__ndk112basic_stringIcNS1_11char_traitsIcEENS1_9allocatorIcEEEE	ndk::ApplicationContext::sendPlayerDataToCloud	no-ghidra-function
0x2b9140	_ZN3ndk18ApplicationContext14clearCloudDataEv	ndk::ApplicationContext::clearCloudData	no-ghidra-function
0x2b9170	_ZN7_JNIEnv17CallBooleanMethodEP8_jobjectP10_jmethodIDz	_JNIEnv::CallBooleanMethod	no-ghidra-function
0x2b920c	_ZN3ndk18ApplicationContext32notifyApplicationDidBecomeActiveEv	ndk::ApplicationContext::notifyApplicationDidBecomeActive	no-ghidra-function
0x2b9238	_ZN3ndk18ApplicationContext15mergeRemoteInfoEPKc	ndk::ApplicationContext::mergeRemoteInfo	no-ghidra-function
0x2ba660	_ZN3ndk18ApplicationContext17reloadContextDataEv	ndk::ApplicationContext::reloadContextData	no-ghidra-function
0x2ba7c8	_ZN3ndk18ApplicationContext7onPauseEv	ndk::ApplicationContext::onPause	no-ghidra-function
0x2ba858	_ZN3ndk18ApplicationContext8onResumeEv	ndk::ApplicationContext::onResume	no-ghidra-function
0x2ba8ac	_ZN3ndk18ApplicationContext11onLostFocusEv	ndk::ApplicationContext::onLostFocus	no-ghidra-function
0x2ba92c	_ZN3ndk18ApplicationContext15onRegainedFocusEv	ndk::ApplicationContext::onRegainedFocus	no-ghidra-function
0x2ba9a8	_ZN3ndk18ApplicationContext14backKeyPressedEv	ndk::ApplicationContext::backKeyPressed	no-ghidra-function
0x2ba9d8	_ZN3ndk18ApplicationContext26logApplicationOnStartEventEv	ndk::ApplicationContext::logApplicationOnStartEvent	no-ghidra-function
0x2ba9dc	_ZN3ndk18ApplicationContext27logApplicationOnFinishEventEv	ndk::ApplicationContext::logApplicationOnFinishEvent	no-ghidra-function
0x2ba9e0	_ZN3ndk18ApplicationContext26logApplicationOnPauseEventEv	ndk::ApplicationContext::logApplicationOnPauseEvent	no-ghidra-function
0x2ba9e4	_ZN3ndk18ApplicationContext27logApplicationOnResumeEventEv	ndk::ApplicationContext::logApplicationOnResumeEvent	no-ghidra-function
0x2ba9e8	_ZN3ndk18ApplicationContext18notifyReachabilityEb	ndk::ApplicationContext::notifyReachability	no-ghidra-function
0x2bab34	_ZN3ndk18ApplicationContext21notifyIAPAvailabilityEb	ndk::ApplicationContext::notifyIAPAvailability	no-ghidra-function
0x2bac7c	_ZN3ndk18ApplicationContext17notifyProductInfoEPKcS2_S2_	ndk::ApplicationContext::notifyProductInfo	no-ghidra-function
0x2bb058	_ZN3ndk18ApplicationContext23notifyProductInfoFailedEPKc	ndk::ApplicationContext::notifyProductInfoFailed	no-ghidra-function
0x2bb248	_ZN3ndk18ApplicationContext21notifyPurchaseSuccessEPKcb	ndk::ApplicationContext::notifyPurchaseSuccess	no-ghidra-function
0x2bb4a8	_ZN3ndk18ApplicationContext20notifyPurchaseFailedEPKc	ndk::ApplicationContext::notifyPurchaseFailed	no-ghidra-function
0x2bb698	_ZN3ndk18ApplicationContext23notifyPurchaseCancelledEPKc	ndk::ApplicationContext::notifyPurchaseCancelled	no-ghidra-function
0x2bb888	_ZN3ndk18ApplicationContext21notifyTwitterLoggedInEb	ndk::ApplicationContext::notifyTwitterLoggedIn	no-ghidra-function
0x2bb8a0	_ZN3ndk18ApplicationContext22notifyAMPSAvailabilityEb	ndk::ApplicationContext::notifyAMPSAvailability	no-ghidra-function
0x2bb9ec	_ZN3ndk18ApplicationContext26notifyAMPSDownloadHasBegunEv	ndk::ApplicationContext::notifyAMPSDownloadHasBegun	no-ghidra-function
0x2bbaac	_ZN3ndk18ApplicationContext26notifyAMPSDownloadProgressEf	ndk::ApplicationContext::notifyAMPSDownloadProgress	no-ghidra-function
0x2bbbe0	_ZN3ndk18ApplicationContext26notifyAMPSDownloadFinishedEv	ndk::ApplicationContext::notifyAMPSDownloadFinished	no-ghidra-function
0x2bbca0	_ZN3ndk18ApplicationContext28notifyLoadArchiveDescriptionEPKcS2_	ndk::ApplicationContext::notifyLoadArchiveDescription	no-ghidra-function
0x2bbe64	_ZN3ndk18ApplicationContext16getLocalizedTextEPKc	ndk::ApplicationContext::getLocalizedText	no-ghidra-function
0x2bbfa4	_ZN3ndk18ApplicationContext33notifyApplicationWillResignActiveEv	ndk::ApplicationContext::notifyApplicationWillResignActive	no-ghidra-function
0x2bbfd4	_ZN3ndk18ApplicationContext19initLocalPlayerDataEv	ndk::ApplicationContext::initLocalPlayerData	no-ghidra-function
0x2bbffc	_ZN3ndk18ApplicationContext24_getSerializedPlayerDataEv	ndk::ApplicationContext::_getSerializedPlayerData	no-ghidra-function
0x2bcb34	_ZN3ndk18ApplicationContext18handleNewCloudDataEPKc	ndk::ApplicationContext::handleNewCloudData	no-ghidra-function
0x2bcd54	_ZN3ndk18ApplicationContext23_getStringBetweenTokensENSt6__ndk112basic_stringIcNS1_11char_traitsIcEENS1_9allocatorIcEEEES7_S7_	ndk::ApplicationContext::_getStringBetweenTokens	no-ghidra-function
0x2bd690	_ZN3ndk18ApplicationContext29notifyRewardsDownloadFinishedEPKcS2_	ndk::ApplicationContext::notifyRewardsDownloadFinished	no-ghidra-function
0x2bdb7c	_ZN3ndk18ApplicationContext27notifyRewardsDownloadFailedEv	ndk::ApplicationContext::notifyRewardsDownloadFailed	no-ghidra-function
0x2bdb80	_ZN3ndk18ApplicationContext19notifyRewardBalanceEi	ndk::ApplicationContext::notifyRewardBalance	no-ghidra-function
0x2bdb84	_ZN3ndk18ApplicationContext25notifyUpdateIAPADInfoToDBEPKciS2_iii	ndk::ApplicationContext::notifyUpdateIAPADInfoToDB	no-ghidra-function
0x2beb34	_ZNSt6__ndk1plIcNS_11char_traitsIcEENS_9allocatorIcEEEENS_12basic_stringIT_T0_T1_EEPKS6_RKS9_	_ZNSt6__ndk1plIcNS_11char_traitsIcEENS_9allocatorIcEEEENS_12basic_stringIT_T0_T1_EEPKS6_RKS9_	no-ghidra-function
0x2bec30	_ZN7Walaber8DateTime23getCurrentUnixLocalTimeEv	Walaber::DateTime::getCurrentUnixLocalTime	no-ghidra-function
0x2bec94	_ZN7Walaber12StringHelper9longToStrEl	Walaber::StringHelper::longToStr	no-ghidra-function
0x2bedc8	_ZN3ndk18ApplicationContext28notifyUpdateHubOrderInfoToDBEPKci	ndk::ApplicationContext::notifyUpdateHubOrderInfoToDB	no-ghidra-function
0x2bf688	_ZN3ndk18ApplicationContext28notifyUpdateLowOrderInfoToDBEPKci	ndk::ApplicationContext::notifyUpdateLowOrderInfoToDB	no-ghidra-function
0x2c1138	_ZN3ndk18ApplicationContext27notifyLoWAMPSDownloadFailedEv	ndk::ApplicationContext::notifyLoWAMPSDownloadFailed	no-ghidra-function
0x2c11e0	_ZN3ndk18ApplicationContext19notifyLOTWCountDownEi	ndk::ApplicationContext::notifyLOTWCountDown	no-ghidra-function
0x2c1330	_ZN3ndk18ApplicationContext24notifyUpdateIAPPromoToDBEPKcxxx	ndk::ApplicationContext::notifyUpdateIAPPromoToDB	no-ghidra-function
0x2c137c	_ZN3ndk18ApplicationContext25notifyScreenCaptureResultEb	ndk::ApplicationContext::notifyScreenCaptureResult	no-ghidra-function
0x2c1510	_ZN3ndk18ApplicationContext19notifyEnableBackKeyEv	ndk::ApplicationContext::notifyEnableBackKey	no-ghidra-function
0x2c15d0	_ZN3ndk18ApplicationContext19notifyHeadsetChangeEv	ndk::ApplicationContext::notifyHeadsetChange	no-ghidra-function
0x2c16a4	_ZN3ndk18ApplicationContext29notifyLaunchExternalUrlFailedEv	ndk::ApplicationContext::notifyLaunchExternalUrlFailed	no-ghidra-function
0x2c199c	_ZN3ndk18ApplicationContext17setDisplayDensityEf	ndk::ApplicationContext::setDisplayDensity	no-ghidra-function
0x2c19c4	_ZN3ndk18ApplicationContext33notifyAddObbFilePathToFileManagerEPKc	ndk::ApplicationContext::notifyAddObbFilePathToFileManager	no-ghidra-function
0x2c1bcc	_ZN3ndk21DatabaseCallbackClassC2Ev	DatabaseCallbackClass::DatabaseCallbackClass	no-ghidra-function
0x2c1bd4	_ZN3ndk21DatabaseCallbackClassD2Ev	DatabaseCallbackClass::~DatabaseCallbackClass	no-ghidra-function
0x2c1bd8	_ZNSt6__ndk16vectorINS_12basic_stringIcNS_11char_traitsIcEENS_9allocatorIcEEEENS4_IS6_EEE13__vdeallocateEv	std::__ndk1::vector<std::__ndk1::basic_string<char, std::__ndk1::char_traits<char>, std::__ndk1::allocator<char>>, std::__ndk1::char_traits<char><std::__ndk1::allocator<char>>>::__vdeallocate	no-ghidra-function
0x2c1c4c	_ZN7Walaber11FileManager21FH_StandardFileSystem11addBasePathERKNSt6__ndk112basic_stringIcNS2_11char_traitsIcEENS2_9allocatorIcEEEEj	Walaber::FileManager::FH_StandardFileSystem::addBasePath	no-ghidra-function
0x2c1cd8	_ZNSt6__ndk16__treeINS_12__value_typeIjNS_12basic_stringIcNS_11char_traitsIcEENS_9allocatorIcEEEEEENS_19__map_value_compareIjS8_NS_4lessIjEELb1EEENS5_IS8_EEE15__emplace_multiIJNS_4pairIjS7_EEEEENS_15__tree_iteratorIS8_PNS_11__tree_nodeIS8_PvEElEEDpOT_	std::__ndk1::__tree<std::__ndk1::__value_type<unsigned int, std::__ndk1::basic_string<char, std::__ndk1::char_traits<char>, std::__ndk1::allocator<char>>>, std::__ndk1::__map_value_compare<unsigned int, std::__ndk1::basic_string<char, std::__ndk1::char_traits<char>, std::__ndk1::allocator<char>>, std::__ndk1::less<unsigned int>, bool>>::std::__ndk1::char_traits<char><std::__ndk1::basic_string<char, std::__ndk1::char_traits<char>, std::__ndk1::allocator<char>>>	no-ghidra-function
0x2c1d7c	_ZNSt6__ndk16__treeINS_12__value_typeIjNS_12basic_stringIcNS_11char_traitsIcEENS_9allocatorIcEEEEEENS_19__map_value_compareIjS8_NS_4lessIjEELb1EEENS5_IS8_EEE16__insert_node_atEPNS_15__tree_end_nodeIPNS_16__tree_node_baseIPvEEEERSJ_SJ_	std::__ndk1::__tree<std::__ndk1::__value_type<unsigned int, std::__ndk1::basic_string<char, std::__ndk1::char_traits<char>, std::__ndk1::allocator<char>>>, std::__ndk1::__map_value_compare<unsigned int, std::__ndk1::basic_string<char, std::__ndk1::char_traits<char>, std::__ndk1::allocator<char>>, std::__ndk1::less<unsigned int>, bool>>::std::__ndk1::char_traits<char><std::__ndk1::basic_string<char, std::__ndk1::char_traits<char>, std::__ndk1::allocator<char>>>	no-ghidra-function
0x2c1dd0	_ZNSt6__ndk127__tree_balance_after_insertIPNS_16__tree_node_baseIPvEEEEvT_S5_	std::__ndk1::__tree_balance_after_insert<std::__ndk1::__tree_node_base<void*>*>	no-ghidra-function
0x2c1f78	_ZNSt6__ndk16__treeINS_12__value_typeIjN7Walaber9SharedPtrINS2_8CallbackEEEEENS_19__map_value_compareIjS6_NS_4lessIjEELb1EEENS_9allocatorIS6_EEE15__emplace_multiIJNS_4pairIjS5_EEEEENS_15__tree_iteratorIS6_PNS_11__tree_nodeIS6_PvEElEEDpOT_	std::__ndk1::__tree<std::__ndk1::__value_type<unsigned int, Walaber::SharedPtr<std::__ndk1::__value_type::Callback>>, std::__ndk1::__map_value_compare<unsigned int, Walaber::SharedPtr<std::__ndk1::__value_type::Callback>, std::__ndk1::less<unsigned int>, bool>>::std::__ndk1::allocator<Walaber::SharedPtr<std::__ndk1::__value_type::Callback>>	no-ghidra-function
0x2c2024	_ZNSt6__ndk16__treeINS_12__value_typeIjN7Walaber9SharedPtrINS2_8CallbackEEEEENS_19__map_value_compareIjS6_NS_4lessIjEELb1EEENS_9allocatorIS6_EEE16__insert_node_atEPNS_15__tree_end_nodeIPNS_16__tree_node_baseIPvEEEERSI_SI_	std::__ndk1::__tree<std::__ndk1::__value_type<unsigned int, Walaber::SharedPtr<std::__ndk1::__value_type::Callback>>, std::__ndk1::__map_value_compare<unsigned int, Walaber::SharedPtr<std::__ndk1::__value_type::Callback>, std::__ndk1::less<unsigned int>, bool>>::std::__ndk1::allocator<Walaber::SharedPtr<std::__ndk1::__value_type::Callback>>	no-ghidra-function
0x2c2078	_ZNSt6__ndk16__treeINS_12__value_typeIN7Walaber8LanguageENS_3mapINS_12basic_stringIcNS_11char_traitsIcEENS_9allocatorIcEEEESA_NS_4lessISA_EENS8_INS_4pairIKSA_SA_EEEEEEEENS_19__map_value_compareIS3_SI_NSB_IS3_EELb1EEENS8_ISI_EEE7destroyEPNS_11__tree_nodeISI_PvEE	_ZNSt6__ndk16__treeINS_12__value_typeIN7Walaber8LanguageENS_3mapINS_12basic_stringIcNS_11char_traitsIcEENS_9allocatorIcEEEESA_NS_4lessISA_EENS8_INS_4pairIKSA_SA_EEEEEEEENS_19__map_value_compareIS3_SI_NSB_IS3_EELb1EEENS8_ISI_EEE7destroyEPNS_11__tree_nodeISI_PvEE	no-ghidra-function
0x2c20c4	_ZNSt6__ndk16__treeINS_12__value_typeINS_12basic_stringIcNS_11char_traitsIcEENS_9allocatorIcEEEES7_EENS_19__map_value_compareIS7_S8_NS_4lessIS7_EELb1EEENS5_IS8_EEE7destroyEPNS_11__tree_nodeIS8_PvEE	std::__ndk1::__tree<std::__ndk1::__value_type<std::__ndk1::basic_string<char, std::__ndk1::char_traits<char>, std::__ndk1::allocator<char>>, std::__ndk1::allocator<char>>, std::__ndk1::__map_value_compare<std::__ndk1::allocator<char>, std::__ndk1::basic_string<char, std::__ndk1::char_traits<char>, std::__ndk1::allocator<char>>, std::__ndk1::less<std::__ndk1::allocator<char>>, bool>>::std::__ndk1::char_traits<char><std::__ndk1::basic_string<char, std::__ndk1::char_traits<char>, std::__ndk1::allocator<char>>>	no-ghidra-function
0x2c2124	_ZN7Walaber10GraphicsGL8getStateEv	Walaber::GraphicsGL::getState	no-ghidra-function
0x2c2198	_ZN7Walaber10GraphicsGL5StateC2Ev	State::State	no-ghidra-function
0x2c229c	_ZN7Walaber10GraphicsGL5State7TextureC2Ev	Texture::Texture	no-ghidra-function
0x2c22dc	_ZN7Walaber7MessageD0Ev	Message::~Message	no-ghidra-function
0x2c2310	_ZNSt6__ndk16__treeINS_12__value_typeINS_12basic_stringIcNS_11char_traitsIcEENS_9allocatorIcEEEEN12WaterConcept20PlayerDataSerializer13LevelPackInfoEEENS_19__map_value_compareIS7_SB_NS_4lessIS7_EELb1EEENS5_ISB_EEE7destroyEPNS_11__tree_nodeISB_PvEE	_ZNSt6__ndk16__treeINS_12__value_typeINS_12basic_stringIcNS_11char_traitsIcEENS_9allocatorIcEEEEN12WaterConcept20PlayerDataSerializer13LevelPackInfoEEENS_19__map_value_compareIS7_SB_NS_4lessIS7_EELb1EEENS5_ISB_EEE7destroyEPNS_11__tree_nodeISB_PvEE	no-ghidra-function
0x2c2360	_ZNSt6__ndk16__treeINS_12__value_typeINS_12basic_stringIcNS_11char_traitsIcEENS_9allocatorIcEEEEN12WaterConcept20PlayerDataSerializer9LevelInfoEEENS_19__map_value_compareIS7_SB_NS_4lessIS7_EELb1EEENS5_ISB_EEE7destroyEPNS_11__tree_nodeISB_PvEE	_ZNSt6__ndk16__treeINS_12__value_typeINS_12basic_stringIcNS_11char_traitsIcEENS_9allocatorIcEEEEN12WaterConcept20PlayerDataSerializer9LevelInfoEEENS_19__map_value_compareIS7_SB_NS_4lessIS7_EELb1EEENS5_ISB_EEE7destroyEPNS_11__tree_nodeISB_PvEE	no-ghidra-function
0x2c23b0	_ZNSt6__ndk16__treeINS_12__value_typeINS_12basic_stringIcNS_11char_traitsIcEENS_9allocatorIcEEEEN12WaterConcept20PlayerDataSerializer15AchievementInfoEEENS_19__map_value_compareIS7_SB_NS_4lessIS7_EELb1EEENS5_ISB_EEE7destroyEPNS_11__tree_nodeISB_PvEE	_ZNSt6__ndk16__treeINS_12__value_typeINS_12basic_stringIcNS_11char_traitsIcEENS_9allocatorIcEEEEN12WaterConcept20PlayerDataSerializer15AchievementInfoEEENS_19__map_value_compareIS7_SB_NS_4lessIS7_EELb1EEENS5_ISB_EEE7destroyEPNS_11__tree_nodeISB_PvEE	no-ghidra-function
0x2c2400	_ZNSt6__ndk16__treeINS_12__value_typeIjN12WaterConcept20PlayerDataSerializer15CollectibleInfoEEENS_19__map_value_compareIjS5_NS_4lessIjEELb1EEENS_9allocatorIS5_EEE7destroyEPNS_11__tree_nodeIS5_PvEE	std::__ndk1::__tree<std::__ndk1::__value_type<unsigned int, WaterConcept::PlayerDataSerializer::CollectibleInfo>, std::__ndk1::__map_value_compare<unsigned int, WaterConcept::PlayerDataSerializer::CollectibleInfo, std::__ndk1::less<unsigned int>, bool>>::std::__ndk1::allocator<WaterConcept::PlayerDataSerializer::CollectibleInfo>	no-ghidra-function
0x2c2440	_ZNSt6__ndk16__treeINS_12__value_typeIjN12WaterConcept20PlayerDataSerializer19CrankyChallengeInfoEEENS_19__map_value_compareIjS5_NS_4lessIjEELb1EEENS_9allocatorIS5_EEE7destroyEPNS_11__tree_nodeIS5_PvEE	std::__ndk1::__tree<std::__ndk1::__value_type<unsigned int, WaterConcept::PlayerDataSerializer::CrankyChallengeInfo>, std::__ndk1::__map_value_compare<unsigned int, WaterConcept::PlayerDataSerializer::CrankyChallengeInfo, std::__ndk1::less<unsigned int>, bool>>::std::__ndk1::allocator<WaterConcept::PlayerDataSerializer::CrankyChallengeInfo>	no-ghidra-function
0x2c2480	_ZNSt6__ndk16__treeINS_12__value_typeIjN12WaterConcept20PlayerDataSerializer18AllieChallengeInfoEEENS_19__map_value_compareIjS5_NS_4lessIjEELb1EEENS_9allocatorIS5_EEE7destroyEPNS_11__tree_nodeIS5_PvEE	std::__ndk1::__tree<std::__ndk1::__value_type<unsigned int, WaterConcept::PlayerDataSerializer::AllieChallengeInfo>, std::__ndk1::__map_value_compare<unsigned int, WaterConcept::PlayerDataSerializer::AllieChallengeInfo, std::__ndk1::less<unsigned int>, bool>>::std::__ndk1::allocator<WaterConcept::PlayerDataSerializer::AllieChallengeInfo>	no-ghidra-function
0x2c24c0	_ZNKSt6__ndk121__basic_string_commonILb1EE20__throw_length_errorEv	const std::__ndk1::__basic_string_common<bool>	no-ghidra-function
0x2c2520	_ZNSt6__ndk112basic_stringIcNS_11char_traitsIcEENS_9allocatorIcEEE6appendEPKcm	std::__ndk1::basic_string<char, std::__ndk1::char_traits<char>, std::__ndk1::allocator<char>>::append	no-ghidra-function
0x2c25e4	_ZNSt6__ndk112basic_stringIcNS_11char_traitsIcEENS_9allocatorIcEEE21__grow_by_and_replaceEmmmmmmPKc	std::__ndk1::basic_string<char, std::__ndk1::char_traits<char>, std::__ndk1::allocator<char>>::__grow_by_and_replace	no-ghidra-function
0x2c271c	_ZNSt6__ndk113__vector_baseINS_12basic_stringIcNS_11char_traitsIcEENS_9allocatorIcEEEENS4_IS6_EEED2Ev	__vector_base<std::__ndk1::basic_string<char, std::__ndk1::char_traits<char>, std::__ndk1::allocator<char>>, std::__ndk1::char_traits<char><std::__ndk1::allocator<char>>>::~__vector_base	no-ghidra-function
0x2c2794	_ZNSt6__ndk112basic_stringIcNS_11char_traitsIcEENS_9allocatorIcEEE6assignEPKcm	std::__ndk1::basic_string<char, std::__ndk1::char_traits<char>, std::__ndk1::allocator<char>>::assign	no-ghidra-function
0x2c2858	_ZN7Walaber8CallbackD2Ev	Callback::~Callback	no-ghidra-function
0x2c285c	_ZN7Walaber14MemberCallbackIN12WaterConcept12ScreenLoaderEED0Ev	MemberCallback<WaterConcept::ScreenLoader>::~MemberCallback	no-ghidra-function
0x2c2860	_ZN7Walaber14MemberCallbackIN12WaterConcept12ScreenLoaderEE6invokeEPv	Walaber::MemberCallback<WaterConcept::ScreenLoader>::invoke	no-ghidra-function
0x2c2890	_ZNSt6__ndk16vectorIN7Walaber8LanguageENS_9allocatorIS2_EEE21__push_back_slow_pathIRKS2_EEvOT_	std::__ndk1::vector<Walaber::Language, std::__ndk1::allocator<Walaber>>::__push_back_slow_path<Walaber const&>	no-ghidra-function
0x2c29b4	_ZNSt6__ndk114__split_bufferIN7Walaber8LanguageERNS_9allocatorIS2_EEEC2EmmS5_	__split_buffer<Walaber::Language, std::__ndk1::allocator<Walaber>&>::__split_buffer	no-ghidra-function
0x2c2a64	_ZNKSt6__ndk120__vector_base_commonILb1EE20__throw_length_errorEv	const std::__ndk1::__vector_base_common<bool>	no-ghidra-function
0x2c2ac4	_ZNKSt6__ndk112basic_stringIcNS_11char_traitsIcEENS_9allocatorIcEEE7compareEmmPKcm	const std::__ndk1::basic_string<char, std::__ndk1::char_traits<char>, std::__ndk1::allocator<char>>::compare	no-ghidra-function
0x2c2b48	_ZNKSt6__ndk121__basic_string_commonILb1EE20__throw_out_of_rangeEv	const std::__ndk1::__basic_string_common<bool>	no-ghidra-function
0x2c2ba8	_ZNSt6__ndk112basic_stringIcNS_11char_traitsIcEENS_9allocatorIcEEE6insertEmPKcm	std::__ndk1::basic_string<char, std::__ndk1::char_traits<char>, std::__ndk1::allocator<char>>::insert	no-ghidra-function
0x2c2cc0	_ZNSt6__ndk16vectorINS_12basic_stringIcNS_11char_traitsIcEENS_9allocatorIcEEEENS4_IS6_EEE21__push_back_slow_pathIRKS6_EEvOT_	std::__ndk1::vector<std::__ndk1::basic_string<char, std::__ndk1::char_traits<char>, std::__ndk1::allocator<char>>, std::__ndk1::char_traits<char><std::__ndk1::allocator<char>>>::__push_back_slow_path<std::__ndk1::allocator<char> const&>	no-ghidra-function
0x2c2e24	_ZNSt6__ndk114__split_bufferINS_12basic_stringIcNS_11char_traitsIcEENS_9allocatorIcEEEERNS4_IS6_EEEC2EmmS8_	__split_buffer<std::__ndk1::basic_string<char, std::__ndk1::char_traits<char>, std::__ndk1::allocator<char>>, std::__ndk1::char_traits<char><std::__ndk1::allocator<char>>&>::__split_buffer	no-ghidra-function
0x2c2ee8	_ZNSt6__ndk114__split_bufferINS_12basic_stringIcNS_11char_traitsIcEENS_9allocatorIcEEEERNS4_IS6_EEED2Ev	__split_buffer<std::__ndk1::basic_string<char, std::__ndk1::char_traits<char>, std::__ndk1::allocator<char>>, std::__ndk1::char_traits<char><std::__ndk1::allocator<char>>&>::~__split_buffer	no-ghidra-function
0x2c2f4c	_ZNSt6__ndk112basic_stringIcNS_11char_traitsIcEENS_9allocatorIcEEEC2ERKS5_mmRKS4_	basic_string<char, std::__ndk1::char_traits<char>, std::__ndk1::allocator<char>>::basic_string	no-ghidra-function
0x2c3018	_ZN7Walaber14MemberCallbackIN3ndk21DatabaseCallbackClassEED0Ev	MemberCallback<ndk::DatabaseCallbackClass>::~MemberCallback	no-ghidra-function
0x2c301c	_ZN7Walaber14MemberCallbackIN3ndk21DatabaseCallbackClassEE6invokeEPv	Walaber::MemberCallback<ndk::DatabaseCallbackClass>::invoke	no-ghidra-function
0x2c304c	_ZNSt6__ndk113__vector_baseINS_6vectorINS_12basic_stringIcNS_11char_traitsIcEENS_9allocatorIcEEEENS5_IS7_EEEENS5_IS9_EEED2Ev	__vector_base<std::__ndk1::vector<std::__ndk1::basic_string<char, std::__ndk1::char_traits<char>, std::__ndk1::allocator<char>>, std::__ndk1::char_traits<char><std::__ndk1::allocator<char>>>, std::__ndk1::char_traits<char><std::__ndk1::char_traits<char><std::__ndk1::allocator<char>>>>::~__vector_base	no-ghidra-function
0x2c348c	_ZN3ndk9SafeQueueIiED2Ev	SafeQueue<int>::~SafeQueue	no-ghidra-function
0x2c3544	_ZN3ndk8SafePoolINS_11MotionEventEED2Ev	SafePool<ndk::MotionEvent>::~SafePool	no-ghidra-function
0x2c35cc	_ZN3ndk9SafeQueueINS_18AccelerometerEventEED2Ev	SafeQueue<ndk::AccelerometerEvent>::~SafeQueue	no-ghidra-function
0x2c3864	_ZN3ndk11MotionEventC2Ev	MotionEvent::MotionEvent	no-ghidra-function
0x2c394c	_ZN3ndk9SafeQueueIiE3popERi	ndk::SafeQueue<int>::pop	no-ghidra-function
0x2c39cc	_ZN3ndk8SafePoolINS_11MotionEventEE7getItemEi	ndk::SafePool<ndk::MotionEvent>::getItem	no-ghidra-function
0x2c3a18	_ZN3ndk18ApplicationContext11getInstanceEv	ndk::ApplicationContext::getInstance	no-ghidra-function
0x2c3aa8	_ZN3ndk8SafePoolINS_11MotionEventEE8freeItemEi	ndk::SafePool<ndk::MotionEvent>::freeItem	no-ghidra-function
0x2c3b50	_ZN3ndk9SafeQueueINS_18AccelerometerEventEE3popERS1_	ndk::SafeQueue<ndk::AccelerometerEvent>::pop	no-ghidra-function
0x2c3bd8	_Z14handleCommandsv	handleCommands	no-ghidra-function
0x2c3c60	_ZN3ndk9SafeQueueIPNS_15AbstractCommandEE3popERS2_	ndk::SafeQueue<ndk::AbstractCommand*>::pop	no-ghidra-function
0x2c3ce4	JNI_OnLoad	JNI_OnLoad	no-ghidra-function
0x2c3d6c	_Z13ndkGlGetErrorv	ndkGlGetError	no-ghidra-function
0x2c3d70	Java_com_disney_common_WMWRenderer_rendererInit	Java_com_disney_common_WMWRenderer_rendererInit	no-ghidra-function
0x2c45bc	_ZN7_JNIEnv13CallIntMethodEP8_jobjectP10_jmethodIDz	_JNIEnv::CallIntMethod	no-ghidra-function
0x2c4658	_ZN7_JNIEnv15CallFloatMethodEP8_jobjectP10_jmethodIDz	_JNIEnv::CallFloatMethod	no-ghidra-function
0x2c46f4	Java_com_disney_common_WMWRenderer_rendererResized	Java_com_disney_common_WMWRenderer_rendererResized	no-ghidra-function
0x2c480c	Java_com_disney_common_WMWRenderer_notifyScreenResized	Java_com_disney_common_WMWRenderer_notifyScreenResized	no-ghidra-function
0x2c486c	Java_com_disney_common_WMWRenderer_rendererDrawFrame	Java_com_disney_common_WMWRenderer_rendererDrawFrame	no-ghidra-function
0x2c48fc	Java_com_disney_common_WMWRenderer_rendererTouchBegan	Java_com_disney_common_WMWRenderer_rendererTouchBegan	no-ghidra-function
0x2c4aa8	_ZN3ndk8SafePoolINS_11MotionEventEE16getFreeItemIndexEv	ndk::SafePool<ndk::MotionEvent>::getFreeItemIndex	no-ghidra-function
0x2c4cc0	_ZN3ndk11MotionEvent3setEiNS0_10ActionTypeEPfS2_Pi	ndk::MotionEvent::set	no-ghidra-function
0x2c4e40	_ZN3ndk9SafeQueueIiE4pushERKi	ndk::SafeQueue<int>::push	no-ghidra-function
0x2c4ec4	Java_com_disney_common_WMWRenderer_rendererTouchMoved	Java_com_disney_common_WMWRenderer_rendererTouchMoved	no-ghidra-function
0x2c51a4	_ZN3ndk11MotionEvent8addEventEffffi	ndk::MotionEvent::addEvent	no-ghidra-function
0x2c52c4	Java_com_disney_common_WMWRenderer_rendererTouchEnded	Java_com_disney_common_WMWRenderer_rendererTouchEnded	no-ghidra-function
0x2c5424	Java_com_disney_common_BaseActivity_accelerometerChanged	Java_com_disney_common_BaseActivity_accelerometerChanged	no-ghidra-function
0x2c547c	_ZN3ndk9SafeQueueINS_18AccelerometerEventEE4pushERKS1_	ndk::SafeQueue<ndk::AccelerometerEvent>::push	no-ghidra-function
0x2c5508	Java_com_disney_common_BaseActivity_backKeyPressed	Java_com_disney_common_BaseActivity_backKeyPressed	no-ghidra-function
0x2c551c	Java_com_disney_common_BaseActivity_onGameResume	Java_com_disney_common_BaseActivity_onGameResume	no-ghidra-function
0x2c5538	Java_com_disney_common_BaseActivity_onGamePause	Java_com_disney_common_BaseActivity_onGamePause	no-ghidra-function
0x2c5554	Java_com_disney_common_BaseActivity_onLostFocus	Java_com_disney_common_BaseActivity_onLostFocus	no-ghidra-function
0x2c5568	Java_com_disney_common_BaseActivity_onRegainedFocus	Java_com_disney_common_BaseActivity_onRegainedFocus	no-ghidra-function
0x2c557c	Java_com_disney_common_WMWRenderer_rendererReloadContextData	Java_com_disney_common_WMWRenderer_rendererReloadContextData	no-ghidra-function
0x2c5590	Java_com_disney_common_BaseActivity_notifyTwitterLoggedIn	Java_com_disney_common_BaseActivity_notifyTwitterLoggedIn	no-ghidra-function
0x2c55b8	Java_com_disney_common_BaseActivity_notifyReachability	Java_com_disney_common_BaseActivity_notifyReachability	no-ghidra-function
0x2c55e0	Java_com_disney_common_BaseActivity_notifyPurchaseSuccess	Java_com_disney_common_BaseActivity_notifyPurchaseSuccess	no-ghidra-function
0x2c5624	Java_com_disney_common_BaseActivity_notifyPurchaseFailed	Java_com_disney_common_BaseActivity_notifyPurchaseFailed	no-ghidra-function
0x2c565c	Java_com_disney_common_BaseActivity_notifyPurchaseCancelled	Java_com_disney_common_BaseActivity_notifyPurchaseCancelled	no-ghidra-function
0x2c5694	Java_com_disney_common_BaseActivity_notifyIAPAvailability	Java_com_disney_common_BaseActivity_notifyIAPAvailability	no-ghidra-function
0x2c56bc	Java_com_disney_common_BaseActivity_notifyProductInfo	Java_com_disney_common_BaseActivity_notifyProductInfo	no-ghidra-function
0x2c5748	Java_com_disney_common_BaseActivity_notifyProductInfoFailed	Java_com_disney_common_BaseActivity_notifyProductInfoFailed	no-ghidra-function
0x2c5780	Java_com_disney_common_BaseActivity_notifyAMPSAvailability	Java_com_disney_common_BaseActivity_notifyAMPSAvailability	no-ghidra-function
0x2c57a8	Java_com_disney_common_BaseActivity_notifyAMPSDownloadHasBegun	Java_com_disney_common_BaseActivity_notifyAMPSDownloadHasBegun	no-ghidra-function
0x2c57bc	Java_com_disney_common_BaseActivity_notifyAMPSDownloadProgress	Java_com_disney_common_BaseActivity_notifyAMPSDownloadProgress	no-ghidra-function
0x2c57e0	Java_com_disney_common_BaseActivity_notifyAMPSDownloadFinished	Java_com_disney_common_BaseActivity_notifyAMPSDownloadFinished	no-ghidra-function
0x2c57f4	Java_com_disney_common_BaseActivity_notifyLoadArchiveDescription	Java_com_disney_common_BaseActivity_notifyLoadArchiveDescription	no-ghidra-function
0x2c585c	Java_com_disney_common_BaseActivity_getLocalizedText	Java_com_disney_common_BaseActivity_getLocalizedText	no-ghidra-function
0x2c58ac	Java_com_disney_common_BaseActivity_notifyRewardAMPSInitFileSystem	Java_com_disney_common_BaseActivity_notifyRewardAMPSInitFileSystem	no-ghidra-function
0x2c58e4	Java_com_disney_common_BaseActivity_notifyRewardAMPSDownloadFinished	Java_com_disney_common_BaseActivity_notifyRewardAMPSDownloadFinished	no-ghidra-function
0x2c594c	Java_com_disney_common_BaseActivity_notifyRewardAMPSDownloadFailed	Java_com_disney_common_BaseActivity_notifyRewardAMPSDownloadFailed	no-ghidra-function
0x2c5960	Java_com_disney_common_BaseActivity_notifyRewardBalance	Java_com_disney_common_BaseActivity_notifyRewardBalance	no-ghidra-function
0x2c5984	Java_com_disney_common_BaseActivity_handleNewCloudData	Java_com_disney_common_BaseActivity_handleNewCloudData	no-ghidra-function
0x2c59bc	Java_com_disney_common_BaseActivity_getPlayerHasMadeProgress	Java_com_disney_common_BaseActivity_getPlayerHasMadeProgress	no-ghidra-function
0x2c59d0	Java_com_disney_common_BaseActivity_notifyLaunchExternalUrlFailed	Java_com_disney_common_BaseActivity_notifyLaunchExternalUrlFailed	no-ghidra-function
0x2c59e4	Java_com_disney_common_BaseActivity_notifyUpdateIAPADInfoToDB	Java_com_disney_common_BaseActivity_notifyUpdateIAPADInfoToDB	no-ghidra-function
0x2c5a7c	Java_com_disney_common_BaseActivity_notifyUpdateHubOrderInfoToDB	Java_com_disney_common_BaseActivity_notifyUpdateHubOrderInfoToDB	no-ghidra-function
0x2c5abc	Java_com_disney_common_BaseActivity_notifyUpdateLowOrderInfoToDB	Java_com_disney_common_BaseActivity_notifyUpdateLowOrderInfoToDB	no-ghidra-function
0x2c5afc	Java_com_disney_common_BaseActivity_notifyLoWAMPSInitFileSystem	Java_com_disney_common_BaseActivity_notifyLoWAMPSInitFileSystem	no-ghidra-function
0x2c5b34	Java_com_disney_common_BaseActivity_notifyLoWAMPSDownloadFinished	Java_com_disney_common_BaseActivity_notifyLoWAMPSDownloadFinished	no-ghidra-function
0x2c5ba8	Java_com_disney_common_BaseActivity_notifyLoWAMPSDownloadFailed	Java_com_disney_common_BaseActivity_notifyLoWAMPSDownloadFailed	no-ghidra-function
0x2c5bbc	Java_com_disney_common_BaseActivity_notifyUpdateIAPPromoToDB	Java_com_disney_common_BaseActivity_notifyUpdateIAPPromoToDB	no-ghidra-function
0x2c5c14	Java_com_disney_common_BaseActivity_notifyLOTWCountDown	Java_com_disney_common_BaseActivity_notifyLOTWCountDown	no-ghidra-function
0x2c5c38	Java_com_disney_common_BaseActivity_notifyScreenCaptureResult	Java_com_disney_common_BaseActivity_notifyScreenCaptureResult	no-ghidra-function
0x2c5c60	Java_com_disney_common_BaseActivity_notifyEnableBackKey	Java_com_disney_common_BaseActivity_notifyEnableBackKey	no-ghidra-function
0x2c5c74	Java_com_disney_common_BaseActivity_notifyHeadsetChange	Java_com_disney_common_BaseActivity_notifyHeadsetChange	no-ghidra-function
0x2c5c88	Java_com_disney_common_BaseActivity_notifyViewIntent	Java_com_disney_common_BaseActivity_notifyViewIntent	no-ghidra-function
0x2c5da8	Java_com_disney_common_BaseActivity_notifyAddObbFilePathToFileManager	Java_com_disney_common_BaseActivity_notifyAddObbFilePathToFileManager	no-ghidra-function
0x2c5de0	_ZNSt6__ndk16vectorIfNS_9allocatorIfEEE7reserveEm	std::__ndk1::vector<float, std::__ndk1::allocator<float>>::reserve	no-ghidra-function
0x2c5ec4	_ZNSt6__ndk16vectorIiNS_9allocatorIiEEE7reserveEm	std::__ndk1::vector<int, std::__ndk1::allocator<int>>::reserve	no-ghidra-function
0x2c5fa8	_ZNSt6__ndk114__split_bufferIfRNS_9allocatorIfEEEC2EmmS3_	__split_buffer<float, std::__ndk1::allocator<float>&>::__split_buffer	no-ghidra-function
0x2c6058	_ZNSt6__ndk114__split_bufferIiRNS_9allocatorIiEEEC2EmmS3_	__split_buffer<int, std::__ndk1::allocator<int>&>::__split_buffer	no-ghidra-function
0x2c6378	_ZN3ndk5MutexD0Ev	Mutex::~Mutex	no-ghidra-function
0x2c6878	_ZNSt6__ndk114__split_bufferIN3ndk11MotionEventERNS_9allocatorIS2_EEED2Ev	__split_buffer<ndk::MotionEvent, std::__ndk1::allocator<ndk>&>::~__split_buffer	no-ghidra-function
0x2c6920	_ZNSt6__ndk16vectorIiNS_9allocatorIiEEE21__push_back_slow_pathIiEEvOT_	std::__ndk1::vector<int, std::__ndk1::allocator<int>>::__push_back_slow_path<int>	no-ghidra-function
0x2c6a44	_ZNSt6__ndk113__vector_baseIN3ndk11MotionEventENS_9allocatorIS2_EEED2Ev	__vector_base<ndk::MotionEvent, std::__ndk1::allocator<ndk>>::~__vector_base	no-ghidra-function
0x2c6b20	_ZNSt6__ndk110__list_impIN3ndk18AccelerometerEventENS_9allocatorIS2_EEE5clearEv	std::__ndk1::__list_imp<ndk::AccelerometerEvent, std::__ndk1::allocator<ndk>>::clear	no-ghidra-function
0x2c6b7c	_ZNSt6__ndk110__list_impIPN3ndk15AbstractCommandENS_9allocatorIS3_EEE5clearEv	std::__ndk1::__list_imp<ndk::AbstractCommand*, std::__ndk1::allocator<ndk::AbstractCommand>>::clear	no-ghidra-function
0x2c6bd8	_ZNSt6__ndk16vectorIN3ndk11MotionEventENS_9allocatorIS2_EEE21__push_back_slow_pathIS2_EEvOT_	std::__ndk1::vector<ndk::MotionEvent, std::__ndk1::allocator<ndk>>::__push_back_slow_path<ndk>	no-ghidra-function
0x2c6d5c	main	main	no-ghidra-function
0x2cba54	sqlite3_compileoption_used	sqlite3_compileoption_used	no-ghidra-function
0x2cbb4c	sqlite3_strnicmp	sqlite3_strnicmp	no-ghidra-function
0x2cbbac	sqlite3_compileoption_get	sqlite3_compileoption_get	no-ghidra-function
0x2cbbcc	sqlite3_status	sqlite3_status	no-ghidra-function
0x2cbc3c	sqlite3_db_status	sqlite3_db_status	no-ghidra-function
0x2cbf84	sqlite3_mutex_enter	sqlite3_mutex_enter	no-ghidra-function
0x2cc3d8	sqlite3_mutex_leave	sqlite3_mutex_leave	no-ghidra-function
0x2cca30	sqlite3_vfs_register	sqlite3_vfs_register	no-ghidra-function
0x2ccb4c	sqlite3_vfs_unregister	sqlite3_vfs_unregister	no-ghidra-function
0x2ccbc8	sqlite3_mutex_alloc	sqlite3_mutex_alloc	no-ghidra-function
0x2ccc08	sqlite3_mutex_free	sqlite3_mutex_free	no-ghidra-function
0x2ccc1c	sqlite3_mutex_try	sqlite3_mutex_try	no-ghidra-function
0x2ccc30	sqlite3_release_memory	sqlite3_release_memory	no-ghidra-function
0x2ccc38	sqlite3_memory_alarm	sqlite3_memory_alarm	no-ghidra-function
0x2cccf0	sqlite3_soft_heap_limit64	sqlite3_soft_heap_limit64	no-ghidra-function
0x2ccdd8	sqlite3_memory_used	sqlite3_memory_used	no-ghidra-function
0x2ccde4	sqlite3_soft_heap_limit	sqlite3_soft_heap_limit	no-ghidra-function
0x2ccdec	sqlite3_memory_highwater	sqlite3_memory_highwater	no-ghidra-function
0x2cce10	sqlite3_malloc	sqlite3_malloc	no-ghidra-function
0x2ccf10	sqlite3_free	sqlite3_free	no-ghidra-function
0x2ccff0	sqlite3_realloc	sqlite3_realloc	no-ghidra-function
0x2cd214	sqlite3_vmprintf	sqlite3_vmprintf	no-ghidra-function
0x2ce714	sqlite3_mprintf	sqlite3_mprintf	no-ghidra-function
0x2ce7d0	sqlite3_vsnprintf	sqlite3_vsnprintf	no-ghidra-function
0x2ce858	sqlite3_snprintf	sqlite3_snprintf	no-ghidra-function
0x2ce8ec	sqlite3_log	sqlite3_log	no-ghidra-function
0x2cea04	sqlite3_randomness	sqlite3_randomness	no-ghidra-function
0x2cebf0	sqlite3_os_init	sqlite3_os_init	no-ghidra-function
0x2cfd54	sqlite3_os_end	sqlite3_os_end	no-ghidra-function
0x2cfd5c	sqlite3_enable_shared_cache	sqlite3_enable_shared_cache	no-ghidra-function
0x2cfd6c	sqlite3_backup_init	sqlite3_backup_init	no-ghidra-function
0x2d0140	sqlite3_backup_step	sqlite3_backup_step	no-ghidra-function
0x2d200c	sqlite3_backup_finish	sqlite3_backup_finish	no-ghidra-function
0x2d227c	sqlite3_backup_remaining	sqlite3_backup_remaining	no-ghidra-function
0x2d2284	sqlite3_backup_pagecount	sqlite3_backup_pagecount	no-ghidra-function
0x2d228c	sqlite3_sql	sqlite3_sql	no-ghidra-function
0x2d22a8	sqlite3_expired	sqlite3_expired	no-ghidra-function
0x2d22c4	sqlite3_finalize	sqlite3_finalize	no-ghidra-function
0x2d2800	sqlite3_value_text	sqlite3_value_text	no-ghidra-function
0x2d2854	sqlite3_value_bytes16	sqlite3_value_bytes16	no-ghidra-function
0x2d2a78	sqlite3_value_text16	sqlite3_value_text16	no-ghidra-function
0x2d2a80	sqlite3_value_text16be	sqlite3_value_text16be	no-ghidra-function
0x2d2a88	sqlite3_value_text16le	sqlite3_value_text16le	no-ghidra-function
0x2d2b84	sqlite3_result_error	sqlite3_result_error	no-ghidra-function
0x2d2df8	sqlite3_result_error16	sqlite3_result_error16	no-ghidra-function
0x2d2e14	sqlite3_result_int	sqlite3_result_int	no-ghidra-function
0x2d2e50	sqlite3_result_int64	sqlite3_result_int64	no-ghidra-function
0x2d2e8c	sqlite3_result_null	sqlite3_result_null	no-ghidra-function
0x2d2ef4	sqlite3_result_text	sqlite3_result_text	no-ghidra-function
0x2d2f58	sqlite3_result_text16	sqlite3_result_text16	no-ghidra-function
0x2d2fbc	sqlite3_result_text16be	sqlite3_result_text16be	no-ghidra-function
0x2d3020	sqlite3_result_text16le	sqlite3_result_text16le	no-ghidra-function
0x2d3084	sqlite3_result_value	sqlite3_result_value	no-ghidra-function
0x2d310c	sqlite3_result_zeroblob	sqlite3_result_zeroblob	no-ghidra-function
0x2d3148	sqlite3_result_error_code	sqlite3_result_error_code	no-ghidra-function
0x2d3194	sqlite3_result_error_toobig	sqlite3_result_error_toobig	no-ghidra-function
0x2d31bc	sqlite3_result_error_nomem	sqlite3_result_error_nomem	no-ghidra-function
0x2d31f4	sqlite3_step	sqlite3_step	no-ghidra-function
0x2d3df0	sqlite3_user_data	sqlite3_user_data	no-ghidra-function
0x2d3dfc	sqlite3_context_db_handle	sqlite3_context_db_handle	no-ghidra-function
0x2d3e04	sqlite3_aggregate_context	sqlite3_aggregate_context	no-ghidra-function
0x2d4054	sqlite3_get_auxdata	sqlite3_get_auxdata	no-ghidra-function
0x2d4084	sqlite3_set_auxdata	sqlite3_set_auxdata	no-ghidra-function
0x2d4260	sqlite3_aggregate_count	sqlite3_aggregate_count	no-ghidra-function
0x2d426c	sqlite3_column_count	sqlite3_column_count	no-ghidra-function
0x2d4278	sqlite3_data_count	sqlite3_data_count	no-ghidra-function
0x2d4294	sqlite3_column_blob	sqlite3_column_blob	no-ghidra-function
0x2d43a8	sqlite3_column_bytes	sqlite3_column_bytes	no-ghidra-function
0x2d43e0	sqlite3_column_bytes16	sqlite3_column_bytes16	no-ghidra-function
0x2d4418	sqlite3_column_double	sqlite3_column_double	no-ghidra-function
0x2d4454	sqlite3_column_int	sqlite3_column_int	no-ghidra-function
0x2d4488	sqlite3_column_int64	sqlite3_column_int64	no-ghidra-function
0x2d44bc	sqlite3_column_text	sqlite3_column_text	no-ghidra-function
0x2d44f4	sqlite3_column_value	sqlite3_column_value	no-ghidra-function
0x2d4538	sqlite3_column_text16	sqlite3_column_text16	no-ghidra-function
0x2d4570	sqlite3_column_type	sqlite3_column_type	no-ghidra-function
0x2d45a0	sqlite3_column_name	sqlite3_column_name	no-ghidra-function
0x2d463c	sqlite3_column_name16	sqlite3_column_name16	no-ghidra-function
0x2d46d8	sqlite3_column_decltype	sqlite3_column_decltype	no-ghidra-function
0x2d4774	sqlite3_column_decltype16	sqlite3_column_decltype16	no-ghidra-function
0x2d4810	sqlite3_bind_blob	sqlite3_bind_blob	no-ghidra-function
0x2d4920	sqlite3_bind_double	sqlite3_bind_double	no-ghidra-function
0x2d4b38	sqlite3_bind_int	sqlite3_bind_int	no-ghidra-function
0x2d4b40	sqlite3_bind_int64	sqlite3_bind_int64	no-ghidra-function
0x2d4bbc	sqlite3_bind_null	sqlite3_bind_null	no-ghidra-function
0x2d4c00	sqlite3_bind_text	sqlite3_bind_text	no-ghidra-function
0x2d4c08	sqlite3_bind_text16	sqlite3_bind_text16	no-ghidra-function
0x2d4c10	sqlite3_bind_value	sqlite3_bind_value	no-ghidra-function
0x2d4cfc	sqlite3_bind_zeroblob	sqlite3_bind_zeroblob	no-ghidra-function
0x2d4d78	sqlite3_bind_parameter_count	sqlite3_bind_parameter_count	no-ghidra-function
0x2d4d84	sqlite3_bind_parameter_name	sqlite3_bind_parameter_name	no-ghidra-function
0x2d4db8	sqlite3_bind_parameter_index	sqlite3_bind_parameter_index	no-ghidra-function
0x2d4e6c	sqlite3_transfer_bindings	sqlite3_transfer_bindings	no-ghidra-function
0x2d4fb0	sqlite3_db_handle	sqlite3_db_handle	no-ghidra-function
0x2d4fbc	sqlite3_stmt_readonly	sqlite3_stmt_readonly	no-ghidra-function
0x2d4fd0	sqlite3_next_stmt	sqlite3_next_stmt	no-ghidra-function
0x2d5048	sqlite3_stmt_status	sqlite3_stmt_status	no-ghidra-function
0x2d505c	sqlite3_value_numeric_type	sqlite3_value_numeric_type	no-ghidra-function
0x2d5190	sqlite3_blob_open	sqlite3_blob_open	no-ghidra-function
0x2d62d8	sqlite3_blob_close	sqlite3_blob_close	no-ghidra-function
0x2d6350	sqlite3_blob_read	sqlite3_blob_read	no-ghidra-function
0x2d6518	sqlite3_blob_write	sqlite3_blob_write	no-ghidra-function
0x2d65b0	sqlite3_blob_bytes	sqlite3_blob_bytes	no-ghidra-function
0x2d65cc	sqlite3_blob_reopen	sqlite3_blob_reopen	no-ghidra-function
0x2d66e4	sqlite3_set_authorizer	sqlite3_set_authorizer	no-ghidra-function
0x2d6758	sqlite3_exec	sqlite3_exec	no-ghidra-function
0x2d6bb8	sqlite3_prepare	sqlite3_prepare	no-ghidra-function
0x2d6bcc	sqlite3_errcode	sqlite3_errcode	no-ghidra-function
0x2d6c38	sqlite3_errmsg	sqlite3_errmsg	no-ghidra-function
0x2d6d14	sqlite3_load_extension	sqlite3_load_extension	no-ghidra-function
0x2d6fb4	sqlite3_enable_load_extension	sqlite3_enable_load_extension	no-ghidra-function
0x2d7018	sqlite3_auto_extension	sqlite3_auto_extension	no-ghidra-function
0x2d714c	sqlite3_reset_auto_extension	sqlite3_reset_auto_extension	no-ghidra-function
0x2d7304	sqlite3_prepare_v2	sqlite3_prepare_v2	no-ghidra-function
0x2d7318	sqlite3_prepare16	sqlite3_prepare16	no-ghidra-function
0x2d74b8	sqlite3_prepare16_v2	sqlite3_prepare16_v2	no-ghidra-function
0x2d74c8	sqlite3_get_table	sqlite3_get_table	no-ghidra-function
0x2d7854	sqlite3_free_table	sqlite3_free_table	no-ghidra-function
0x2d78b4	sqlite3_create_module	sqlite3_create_module	no-ghidra-function
0x2d7a20	sqlite3_create_module_v2	sqlite3_create_module_v2	no-ghidra-function
0x2d7a24	sqlite3_declare_vtab	sqlite3_declare_vtab	no-ghidra-function
0x2d7fd4	sqlite3_vtab_on_conflict	sqlite3_vtab_on_conflict	no-ghidra-function
0x2d7fec	sqlite3_vtab_config	sqlite3_vtab_config	no-ghidra-function
0x2d8158	sqlite3_complete	sqlite3_complete	no-ghidra-function
0x2d862c	sqlite3_complete16	sqlite3_complete16	no-ghidra-function
0x2d8700	sqlite3_libversion	sqlite3_libversion	no-ghidra-function
0x2d870c	sqlite3_sourceid	sqlite3_sourceid	no-ghidra-function
0x2d8718	sqlite3_libversion_number	sqlite3_libversion_number	no-ghidra-function
0x2d8724	sqlite3_threadsafe	sqlite3_threadsafe	no-ghidra-function
0x2d872c	sqlite3_shutdown	sqlite3_shutdown	no-ghidra-function
0x2d8dfc	sqlite3_db_mutex	sqlite3_db_mutex	no-ghidra-function
0x2d9138	sqlite3_last_insert_rowid	sqlite3_last_insert_rowid	no-ghidra-function
0x2d9140	sqlite3_changes	sqlite3_changes	no-ghidra-function
0x2d9148	sqlite3_total_changes	sqlite3_total_changes	no-ghidra-function
0x2d9150	sqlite3_close	sqlite3_close	no-ghidra-function
0x2d97a4	sqlite3_busy_handler	sqlite3_busy_handler	no-ghidra-function
0x2d9808	sqlite3_progress_handler	sqlite3_progress_handler	no-ghidra-function
0x2d9884	sqlite3_busy_timeout	sqlite3_busy_timeout	no-ghidra-function
0x2d9970	sqlite3_interrupt	sqlite3_interrupt	no-ghidra-function
0x2d997c	sqlite3_create_function	sqlite3_create_function	no-ghidra-function
0x2d999c	sqlite3_create_function_v2	sqlite3_create_function_v2	no-ghidra-function
0x2d9d40	sqlite3_create_function16	sqlite3_create_function16	no-ghidra-function
0x2d9eb8	sqlite3_overload_function	sqlite3_overload_function	no-ghidra-function
0x2da1e4	sqlite3_trace	sqlite3_trace	no-ghidra-function
0x2da250	sqlite3_profile	sqlite3_profile	no-ghidra-function
0x2da2bc	sqlite3_commit_hook	sqlite3_commit_hook	no-ghidra-function
0x2da328	sqlite3_update_hook	sqlite3_update_hook	no-ghidra-function
0x2da394	sqlite3_rollback_hook	sqlite3_rollback_hook	no-ghidra-function
0x2da400	sqlite3_wal_autocheckpoint	sqlite3_wal_autocheckpoint	no-ghidra-function
0x2da49c	sqlite3_wal_hook	sqlite3_wal_hook	no-ghidra-function
0x2da56c	sqlite3_wal_checkpoint_v2	sqlite3_wal_checkpoint_v2	no-ghidra-function
0x2da8b4	sqlite3_wal_checkpoint	sqlite3_wal_checkpoint	no-ghidra-function
0x2da8c4	sqlite3_errmsg16	sqlite3_errmsg16	no-ghidra-function
0x2da9ac	sqlite3_extended_errcode	sqlite3_extended_errcode	no-ghidra-function
0x2daa14	sqlite3_limit	sqlite3_limit	no-ghidra-function
0x2daa50	sqlite3_open	sqlite3_open	no-ghidra-function
0x2db094	sqlite3_open_v2	sqlite3_open_v2	no-ghidra-function
0x2db098	sqlite3_open16	sqlite3_open16	no-ghidra-function
0x2db178	sqlite3_create_collation	sqlite3_create_collation	no-ghidra-function
0x2db3fc	sqlite3_create_collation_v2	sqlite3_create_collation_v2	no-ghidra-function
0x2db49c	sqlite3_create_collation16	sqlite3_create_collation16	no-ghidra-function
0x2db568	sqlite3_collation_needed	sqlite3_collation_needed	no-ghidra-function
0x2db5c8	sqlite3_collation_needed16	sqlite3_collation_needed16	no-ghidra-function
0x2db628	sqlite3_global_recover	sqlite3_global_recover	no-ghidra-function
0x2db630	sqlite3_get_autocommit	sqlite3_get_autocommit	no-ghidra-function
0x2db638	sqlite3_thread_cleanup	sqlite3_thread_cleanup	no-ghidra-function
0x2db63c	sqlite3_sleep	sqlite3_sleep	no-ghidra-function
0x2db68c	sqlite3_extended_result_codes	sqlite3_extended_result_codes	no-ghidra-function
0x2db6fc	sqlite3_file_control	sqlite3_file_control	no-ghidra-function
0x2dc3a8	sqlite3_uri_parameter	sqlite3_uri_parameter	no-ghidra-function
0x32affc	_ZNSt6__ndk13mapIiP7sqlite3NS_4lessIiEENS_9allocatorINS_4pairIKiS2_EEEEED2Ev	map<int, sqlite3*, std::__ndk1::less<int>, std::__ndk1::allocator<std::__ndk1::pair<int const, std::__ndk1::less>>>::~map	no-ghidra-function
0x32b004	_ZNSt6__ndk18multimapINS_12basic_stringIcNS_11char_traitsIcEENS_9allocatorIcEEEEN7Walaber9SharedPtrINS7_8CallbackEEENS_4lessIS6_EENS4_INS_4pairIKS6_SA_EEEEED2Ev	_ZNSt6__ndk18multimapINS_12basic_stringIcNS_11char_traitsIcEENS_9allocatorIcEEEEN7Walaber9SharedPtrINS7_8CallbackEEENS_4lessIS6_EENS4_INS_4pairIKS6_SA_EEEEED2Ev	no-ghidra-function
0x32b00c	_ZN7Walaber15DatabaseManager12openDatabaseERKNSt6__ndk112basic_stringIcNS1_11char_traitsIcEENS1_9allocatorIcEEEE	Walaber::DatabaseManager::openDatabase	no-ghidra-function
0x32b014	_ZN7Walaber15DatabaseManager12openDatabaseERKNSt6__ndk112basic_stringIcNS1_11char_traitsIcEENS1_9allocatorIcEEEEi	Walaber::DatabaseManager::openDatabase	no-ghidra-function
0x32b164	_ZN7Walaber15DatabaseManager13closeDatabaseEv	Walaber::DatabaseManager::closeDatabase	no-ghidra-function
0x32b188	_ZN7Walaber15DatabaseManager13closeDatabaseEi	Walaber::DatabaseManager::closeDatabase	no-ghidra-function
0x32b204	_ZN7Walaber15DatabaseManager15firstEntryInMapEv	Walaber::DatabaseManager::firstEntryInMap	no-ghidra-function
0x32b228	_ZN7Walaber15DatabaseManager11insertEntryERKNSt6__ndk112basic_stringIcNS1_11char_traitsIcEENS1_9allocatorIcEEEES9_	Walaber::DatabaseManager::insertEntry	no-ghidra-function
0x32b2b0	_ZN7Walaber15DatabaseManager11insertEntryERKNSt6__ndk112basic_stringIcNS1_11char_traitsIcEENS1_9allocatorIcEEEES9_S9_	Walaber::DatabaseManager::insertEntry	no-ghidra-function
0x32b354	_ZN7Walaber15DatabaseManager13queryDatabaseERKNSt6__ndk112basic_stringIcNS1_11char_traitsIcEENS1_9allocatorIcEEEE	Walaber::DatabaseManager::queryDatabase	no-ghidra-function
0x32b37c	_ZN7Walaber15DatabaseManager20constructInsertQueryERKNSt6__ndk112basic_stringIcNS1_11char_traitsIcEENS1_9allocatorIcEEEES9_S9_	Walaber::DatabaseManager::constructInsertQuery	no-ghidra-function
0x32b724	_ZN7Walaber15DatabaseManager11insertEntryEiRKNSt6__ndk112basic_stringIcNS1_11char_traitsIcEENS1_9allocatorIcEEEES9_	Walaber::DatabaseManager::insertEntry	no-ghidra-function
0x32b7ac	_ZN7Walaber15DatabaseManager11insertEntryEiRKNSt6__ndk112basic_stringIcNS1_11char_traitsIcEENS1_9allocatorIcEEEES9_S9_	Walaber::DatabaseManager::insertEntry	no-ghidra-function
0x32b844	_ZN7Walaber15DatabaseManager13queryDatabaseEiRKNSt6__ndk112basic_stringIcNS1_11char_traitsIcEENS1_9allocatorIcEEEE	Walaber::DatabaseManager::queryDatabase	no-ghidra-function
0x32b9a8	_ZN7Walaber15DatabaseManager11updateEntryERKNSt6__ndk112basic_stringIcNS1_11char_traitsIcEENS1_9allocatorIcEEEES9_S9_	Walaber::DatabaseManager::updateEntry	no-ghidra-function
0x32ba50	_ZN7Walaber15DatabaseManager20constructUpdateQueryERKNSt6__ndk112basic_stringIcNS1_11char_traitsIcEENS1_9allocatorIcEEEES9_S9_	Walaber::DatabaseManager::constructUpdateQuery	no-ghidra-function
0x32bd04	_ZN7Walaber15DatabaseManager14incrementValueERKNSt6__ndk112basic_stringIcNS1_11char_traitsIcEENS1_9allocatorIcEEEES9_S9_	Walaber::DatabaseManager::incrementValue	no-ghidra-function
0x32bd34	_ZN7Walaber15DatabaseManager14incrementValueEiRKNSt6__ndk112basic_stringIcNS1_11char_traitsIcEENS1_9allocatorIcEEEES9_S9_	Walaber::DatabaseManager::incrementValue	no-ghidra-function
0x32bf84	_ZN7Walaber15DatabaseManager11updateEntryEiRKNSt6__ndk112basic_stringIcNS1_11char_traitsIcEENS1_9allocatorIcEEEES9_S9_	Walaber::DatabaseManager::updateEntry	no-ghidra-function
0x32c01c	_ZN7Walaber16DatabaseIterator4nextEv	Walaber::DatabaseIterator::next	no-ghidra-function
0x32c03c	_ZN7Walaber16DatabaseIterator13getIntAtIndexEi	Walaber::DatabaseIterator::getIntAtIndex	no-ghidra-function
0x32c050	_ZN7Walaber15DatabaseManager6runSQLERKNSt6__ndk112basic_stringIcNS1_11char_traitsIcEENS1_9allocatorIcEEEENS_9SharedPtrINS_8CallbackEEESC_	Walaber::DatabaseManager::runSQL	no-ghidra-function
0x32c120	_ZN7Walaber15DatabaseManager6runSQLEiRKNSt6__ndk112basic_stringIcNS1_11char_traitsIcEENS1_9allocatorIcEEEENS_9SharedPtrINS_8CallbackEEESC_	Walaber::DatabaseManager::runSQL	no-ghidra-function
0x32cbbc	_ZN7Walaber15DatabaseManager11deleteEntryERKNSt6__ndk112basic_stringIcNS1_11char_traitsIcEENS1_9allocatorIcEEEES9_	Walaber::DatabaseManager::deleteEntry	no-ghidra-function
0x32cbe8	_ZN7Walaber15DatabaseManager11deleteEntryEiRKNSt6__ndk112basic_stringIcNS1_11char_traitsIcEENS1_9allocatorIcEEEES9_	Walaber::DatabaseManager::deleteEntry	no-ghidra-function
0x32cc7c	_ZN7Walaber15DatabaseManager10clearTableERKNSt6__ndk112basic_stringIcNS1_11char_traitsIcEENS1_9allocatorIcEEEE	Walaber::DatabaseManager::clearTable	no-ghidra-function
0x32cca4	_ZN7Walaber15DatabaseManager10clearTableEiRKNSt6__ndk112basic_stringIcNS1_11char_traitsIcEENS1_9allocatorIcEEEE	Walaber::DatabaseManager::clearTable	no-ghidra-function
0x32cd6c	_ZN7Walaber15DatabaseManager20constructDeleteQueryERKNSt6__ndk112basic_stringIcNS1_11char_traitsIcEENS1_9allocatorIcEEEES9_	Walaber::DatabaseManager::constructDeleteQuery	no-ghidra-function
0x32cf7c	_ZN7Walaber15DatabaseManager14constructQueryERKNSt6__ndk112basic_stringIcNS1_11char_traitsIcEENS1_9allocatorIcEEEES9_S9_S9_	Walaber::DatabaseManager::constructQuery	no-ghidra-function
0x32d2bc	_ZN7Walaber15DatabaseManager11sumColAsIntERKNSt6__ndk112basic_stringIcNS1_11char_traitsIcEENS1_9allocatorIcEEEES9_S9_	Walaber::DatabaseManager::sumColAsInt	no-ghidra-function
0x32d2ec	_ZN7Walaber15DatabaseManager11sumColAsIntEiRKNSt6__ndk112basic_stringIcNS1_11char_traitsIcEENS1_9allocatorIcEEEES9_S9_	Walaber::DatabaseManager::sumColAsInt	no-ghidra-function
0x32d3bc	_ZN7Walaber15DatabaseManager11sumColAsIntERKNSt6__ndk112basic_stringIcNS1_11char_traitsIcEENS1_9allocatorIcEEEE	Walaber::DatabaseManager::sumColAsInt	no-ghidra-function
0x32d3e4	_ZN7Walaber15DatabaseManager11sumColAsIntEiRKNSt6__ndk112basic_stringIcNS1_11char_traitsIcEENS1_9allocatorIcEEEE	Walaber::DatabaseManager::sumColAsInt	no-ghidra-function
0x32d494	_ZN7Walaber15DatabaseManager13sumColAsFloatERKNSt6__ndk112basic_stringIcNS1_11char_traitsIcEENS1_9allocatorIcEEEES9_	Walaber::DatabaseManager::sumColAsFloat	no-ghidra-function
0x32d4c0	_ZN7Walaber15DatabaseManager13sumColAsFloatEiRKNSt6__ndk112basic_stringIcNS1_11char_traitsIcEENS1_9allocatorIcEEEES9_	Walaber::DatabaseManager::sumColAsFloat	no-ghidra-function
0x32d578	_ZN7Walaber16DatabaseIterator15getFloatAtIndexEi	Walaber::DatabaseIterator::getFloatAtIndex	no-ghidra-function
0x32d5a0	_ZN7Walaber15DatabaseManager10numResultsERKNSt6__ndk112basic_stringIcNS1_11char_traitsIcEENS1_9allocatorIcEEEES9_S9_	Walaber::DatabaseManager::numResults	no-ghidra-function
0x32d5d0	_ZN7Walaber15DatabaseManager10numResultsEiRKNSt6__ndk112basic_stringIcNS1_11char_traitsIcEENS1_9allocatorIcEEEES9_S9_	Walaber::DatabaseManager::numResults	no-ghidra-function
0x32d6e4	_ZN7Walaber15DatabaseManager22updateEntryViaAdditionERKNSt6__ndk112basic_stringIcNS1_11char_traitsIcEENS1_9allocatorIcEEEES9_RKiS9_	Walaber::DatabaseManager::updateEntryViaAddition	no-ghidra-function
0x32d718	_ZN7Walaber15DatabaseManager22updateEntryViaAdditionEiRKNSt6__ndk112basic_stringIcNS1_11char_traitsIcEENS1_9allocatorIcEEEES9_RKiS9_	Walaber::DatabaseManager::updateEntryViaAddition	no-ghidra-function
0x32d954	_ZN7Walaber15DatabaseManager27updateEntryWithLargestValueERKNSt6__ndk112basic_stringIcNS1_11char_traitsIcEENS1_9allocatorIcEEEES9_RKiS9_	Walaber::DatabaseManager::updateEntryWithLargestValue	no-ghidra-function
0x32d988	_ZN7Walaber15DatabaseManager27updateEntryWithLargestValueEiRKNSt6__ndk112basic_stringIcNS1_11char_traitsIcEENS1_9allocatorIcEEEES9_RKiS9_	Walaber::DatabaseManager::updateEntryWithLargestValue	no-ghidra-function
0x32dbc8	_ZN7Walaber16DatabaseIteratorC2Ev	DatabaseIterator::DatabaseIterator	no-ghidra-function
0x32dbd0	_ZN7Walaber16DatabaseIteratorC2ERKNSt6__ndk112basic_stringIcNS1_11char_traitsIcEENS1_9allocatorIcEEEE	DatabaseIterator::DatabaseIterator	no-ghidra-function
0x32dc1c	_ZN7Walaber16DatabaseIterator13queryDatabaseERKNSt6__ndk112basic_stringIcNS1_11char_traitsIcEENS1_9allocatorIcEEEE	Walaber::DatabaseIterator::queryDatabase	no-ghidra-function
0x32dc44	_ZN7Walaber16DatabaseIteratorC2ERKNSt6__ndk112basic_stringIcNS1_11char_traitsIcEENS1_9allocatorIcEEEES9_	DatabaseIterator::DatabaseIterator	no-ghidra-function
0x32dd58	_ZN7Walaber16DatabaseIteratorC2ERKNSt6__ndk112basic_stringIcNS1_11char_traitsIcEENS1_9allocatorIcEEEES9_S9_	DatabaseIterator::DatabaseIterator	no-ghidra-function
0x32de44	_ZN7Walaber16DatabaseIteratorC2ERKNSt6__ndk112basic_stringIcNS1_11char_traitsIcEENS1_9allocatorIcEEEES9_S9_S9_	DatabaseIterator::DatabaseIterator	no-ghidra-function
0x32defc	_ZN7Walaber16DatabaseIteratorC2EiRKNSt6__ndk112basic_stringIcNS1_11char_traitsIcEENS1_9allocatorIcEEEE	DatabaseIterator::DatabaseIterator	no-ghidra-function
0x32df24	_ZN7Walaber16DatabaseIterator13queryDatabaseEiRKNSt6__ndk112basic_stringIcNS1_11char_traitsIcEENS1_9allocatorIcEEEE	Walaber::DatabaseIterator::queryDatabase	no-ghidra-function
0x32e010	_ZN7Walaber16DatabaseIteratorC2EiRKNSt6__ndk112basic_stringIcNS1_11char_traitsIcEENS1_9allocatorIcEEEES9_	DatabaseIterator::DatabaseIterator	no-ghidra-function
0x32e118	_ZN7Walaber16DatabaseIteratorC2EiRKNSt6__ndk112basic_stringIcNS1_11char_traitsIcEENS1_9allocatorIcEEEES9_S9_	DatabaseIterator::DatabaseIterator	no-ghidra-function
0x32e1f4	_ZN7Walaber16DatabaseIteratorC2EiRKNSt6__ndk112basic_stringIcNS1_11char_traitsIcEENS1_9allocatorIcEEEES9_S9_S9_	DatabaseIterator::DatabaseIterator	no-ghidra-function
0x32e29c	_ZN7Walaber16DatabaseIteratorD2Ev	DatabaseIterator::~DatabaseIterator	no-ghidra-function
0x32e2bc	_ZN7Walaber16DatabaseIterator5resetEv	Walaber::DatabaseIterator::reset	no-ghidra-function
0x32e2dc	_ZN7Walaber16DatabaseIterator14getLongAtIndexEi	Walaber::DatabaseIterator::getLongAtIndex	no-ghidra-function
0x32e2f0	_ZN7Walaber16DatabaseIterator14getBoolAtIndexEi	Walaber::DatabaseIterator::getBoolAtIndex	no-ghidra-function
0x32e314	_ZN7Walaber16DatabaseIterator16getStringAtIndexEi	Walaber::DatabaseIterator::getStringAtIndex	no-ghidra-function
0x32e3c0	_ZN7Walaber16DatabaseIterator15getColorAtIndexEi	Walaber::DatabaseIterator::getColorAtIndex	no-ghidra-function
0x32e4fc	_ZN7Walaber16DatabaseIterator13isNullAtIndexEi	Walaber::DatabaseIterator::isNullAtIndex	no-ghidra-function
0x32e51c	_ZNSt6__ndk16__treeINS_12__value_typeIiP7sqlite3EENS_19__map_value_compareIiS4_NS_4lessIiEELb1EEENS_9allocatorIS4_EEE7destroyEPNS_11__tree_nodeIS4_PvEE	std::__ndk1::__tree<std::__ndk1::__value_type<int, sqlite3*>, std::__ndk1::__map_value_compare<int, std::__ndk1::__map_value_compare, std::__ndk1::less<int>, bool>>::std::__ndk1::allocator<std::__ndk1::__map_value_compare>	no-ghidra-function
0x32e55c	_ZNSt6__ndk16__treeINS_12__value_typeINS_12basic_stringIcNS_11char_traitsIcEENS_9allocatorIcEEEEN7Walaber9SharedPtrINS8_8CallbackEEEEENS_19__map_value_compareIS7_SC_NS_4lessIS7_EELb1EEENS5_ISC_EEE7destroyEPNS_11__tree_nodeISC_PvEE	_ZNSt6__ndk16__treeINS_12__value_typeINS_12basic_stringIcNS_11char_traitsIcEENS_9allocatorIcEEEEN7Walaber9SharedPtrINS8_8CallbackEEEEENS_19__map_value_compareIS7_SC_NS_4lessIS7_EELb1EEENS5_ISC_EEE7destroyEPNS_11__tree_nodeISC_PvEE	no-ghidra-function
0x32e5b4	_ZN7Walaber8CallbackD0Ev	Callback::~Callback	no-ghidra-function
0x32e5b8	_ZN7Walaber8Callback6invokeEPv	Walaber::Callback::invoke	no-ghidra-function
0x32e5cc	_ZNSt6__ndk16__treeINS_12__value_typeIiP7sqlite3EENS_19__map_value_compareIiS4_NS_4lessIiEELb1EEENS_9allocatorIS4_EEE25__emplace_unique_key_argsIiJRKNS_21piecewise_construct_tENS_5tupleIJRKiEEENSG_IJEEEEEENS_4pairINS_15__tree_iteratorIS4_PNS_11__tree_nodeIS4_PvEElEEbEERKT_DpOT0_	std::__ndk1::__tree<std::__ndk1::__value_type<int, sqlite3*>, std::__ndk1::__map_value_compare<int, std::__ndk1::__map_value_compare, std::__ndk1::less<int>, bool>>::std::__ndk1::allocator<std::__ndk1::__map_value_compare>	no-ghidra-function
0x32e6a0	_ZNSt6__ndk16__treeINS_12__value_typeIiP7sqlite3EENS_19__map_value_compareIiS4_NS_4lessIiEELb1EEENS_9allocatorIS4_EEE16__insert_node_atEPNS_15__tree_end_nodeIPNS_16__tree_node_baseIPvEEEERSG_SG_	std::__ndk1::__tree<std::__ndk1::__value_type<int, sqlite3*>, std::__ndk1::__map_value_compare<int, std::__ndk1::__map_value_compare, std::__ndk1::less<int>, bool>>::std::__ndk1::allocator<std::__ndk1::__map_value_compare>	no-ghidra-function
0x32e6f4	_ZNSt6__ndk16__treeINS_12__value_typeIiP7sqlite3EENS_19__map_value_compareIiS4_NS_4lessIiEELb1EEENS_9allocatorIS4_EEE5eraseENS_21__tree_const_iteratorIS4_PNS_11__tree_nodeIS4_PvEElEE	std::__ndk1::__tree<std::__ndk1::__value_type<int, sqlite3*>, std::__ndk1::__map_value_compare<int, std::__ndk1::__map_value_compare, std::__ndk1::less<int>, bool>>::std::__ndk1::allocator<std::__ndk1::__map_value_compare>	no-ghidra-function
0x32e788	_ZNSt6__ndk113__tree_removeIPNS_16__tree_node_baseIPvEEEEvT_S5_	std::__ndk1::__tree_remove<std::__ndk1::__tree_node_base<void*>*>	no-ghidra-function
0x32eb64	_ZNSt6__ndk16__treeINS_12__value_typeINS_12basic_stringIcNS_11char_traitsIcEENS_9allocatorIcEEEEN7Walaber9SharedPtrINS8_8CallbackEEEEENS_19__map_value_compareIS7_SC_NS_4lessIS7_EELb1EEENS5_ISC_EEE4findIS7_EENS_15__tree_iteratorISC_PNS_11__tree_nodeISC_PvEElEERKT_	_ZNSt6__ndk16__treeINS_12__value_typeINS_12basic_stringIcNS_11char_traitsIcEENS_9allocatorIcEEEEN7Walaber9SharedPtrINS8_8CallbackEEEEENS_19__map_value_compareIS7_SC_NS_4lessIS7_EELb1EEENS5_ISC_EEE4findIS7_EENS_15__tree_iteratorISC_PNS_11__tree_nodeISC_PvEElEERKT_	no-ghidra-function
0x32ec1c	_ZNSt6__ndk16__treeINS_12__value_typeINS_12basic_stringIcNS_11char_traitsIcEENS_9allocatorIcEEEEN7Walaber9SharedPtrINS8_8CallbackEEEEENS_19__map_value_compareIS7_SC_NS_4lessIS7_EELb1EEENS5_ISC_EEE13__lower_boundIS7_EENS_15__tree_iteratorISC_PNS_11__tree_nodeISC_PvEElEERKT_SO_PNS_15__tree_end_nodeIPNS_16__tree_node_baseISM_EEEE	_ZNSt6__ndk16__treeINS_12__value_typeINS_12basic_stringIcNS_11char_traitsIcEENS_9allocatorIcEEEEN7Walaber9SharedPtrINS8_8CallbackEEEEENS_19__map_value_compareIS7_SC_NS_4lessIS7_EELb1EEENS5_ISC_EEE13__lower_boundIS7_EENS_15__tree_iteratorISC_PNS_11__tree_nodeISC_PvEElEERKT_SO_PNS_15__tree_end_nodeIPNS_16__tree_node_baseISM_EEEE	no-ghidra-function
0x32eccc	_ZNSt6__ndk16__treeINS_12__value_typeINS_12basic_stringIcNS_11char_traitsIcEENS_9allocatorIcEEEEN7Walaber9SharedPtrINS8_8CallbackEEEEENS_19__map_value_compareIS7_SC_NS_4lessIS7_EELb1EEENS5_ISC_EEE15__emplace_multiIJNS_4pairIS7_SB_EEEEENS_15__tree_iteratorISC_PNS_11__tree_nodeISC_PvEElEEDpOT_	_ZNSt6__ndk16__treeINS_12__value_typeINS_12basic_stringIcNS_11char_traitsIcEENS_9allocatorIcEEEEN7Walaber9SharedPtrINS8_8CallbackEEEEENS_19__map_value_compareIS7_SC_NS_4lessIS7_EELb1EEENS5_ISC_EEE15__emplace_multiIJNS_4pairIS7_SB_EEEEENS_15__tree_iteratorISC_PNS_11__tree_nodeISC_PvEElEEDpOT_	no-ghidra-function
0x32ed80	_ZNSt6__ndk16__treeINS_12__value_typeINS_12basic_stringIcNS_11char_traitsIcEENS_9allocatorIcEEEEN7Walaber9SharedPtrINS8_8CallbackEEEEENS_19__map_value_compareIS7_SC_NS_4lessIS7_EELb1EEENS5_ISC_EEE16__find_leaf_highERPNS_15__tree_end_nodeIPNS_16__tree_node_baseIPvEEEERKS7_	_ZNSt6__ndk16__treeINS_12__value_typeINS_12basic_stringIcNS_11char_traitsIcEENS_9allocatorIcEEEEN7Walaber9SharedPtrINS8_8CallbackEEEEENS_19__map_value_compareIS7_SC_NS_4lessIS7_EELb1EEENS5_ISC_EEE16__find_leaf_highERPNS_15__tree_end_nodeIPNS_16__tree_node_baseIPvEEEERKS7_	no-ghidra-function
0x32ee54	_ZNSt6__ndk16__treeINS_12__value_typeINS_12basic_stringIcNS_11char_traitsIcEENS_9allocatorIcEEEEN7Walaber9SharedPtrINS8_8CallbackEEEEENS_19__map_value_compareIS7_SC_NS_4lessIS7_EELb1EEENS5_ISC_EEE16__insert_node_atEPNS_15__tree_end_nodeIPNS_16__tree_node_baseIPvEEEERSN_SN_	_ZNSt6__ndk16__treeINS_12__value_typeINS_12basic_stringIcNS_11char_traitsIcEENS_9allocatorIcEEEEN7Walaber9SharedPtrINS8_8CallbackEEEEENS_19__map_value_compareIS7_SC_NS_4lessIS7_EELb1EEENS5_ISC_EEE16__insert_node_atEPNS_15__tree_end_nodeIPNS_16__tree_node_baseIPvEEEERSN_SN_	no-ghidra-function
0x32eea8	_ZNSt6__ndk16__treeINS_12__value_typeINS_12basic_stringIcNS_11char_traitsIcEENS_9allocatorIcEEEEN7Walaber9SharedPtrINS8_8CallbackEEEEENS_19__map_value_compareIS7_SC_NS_4lessIS7_EELb1EEENS5_ISC_EEE19__equal_range_multiIS7_EENS_4pairINS_15__tree_iteratorISC_PNS_11__tree_nodeISC_PvEElEESQ_EERKT_	_ZNSt6__ndk16__treeINS_12__value_typeINS_12basic_stringIcNS_11char_traitsIcEENS_9allocatorIcEEEEN7Walaber9SharedPtrINS8_8CallbackEEEEENS_19__map_value_compareIS7_SC_NS_4lessIS7_EELb1EEENS5_ISC_EEE19__equal_range_multiIS7_EENS_4pairINS_15__tree_iteratorISC_PNS_11__tree_nodeISC_PvEElEESQ_EERKT_	no-ghidra-function
0x32eff4	_ZNSt6__ndk16__treeINS_12__value_typeINS_12basic_stringIcNS_11char_traitsIcEENS_9allocatorIcEEEEN7Walaber9SharedPtrINS8_8CallbackEEEEENS_19__map_value_compareIS7_SC_NS_4lessIS7_EELb1EEENS5_ISC_EEE13__upper_boundIS7_EENS_15__tree_iteratorISC_PNS_11__tree_nodeISC_PvEElEERKT_SO_PNS_15__tree_end_nodeIPNS_16__tree_node_baseISM_EEEE	_ZNSt6__ndk16__treeINS_12__value_typeINS_12basic_stringIcNS_11char_traitsIcEENS_9allocatorIcEEEEN7Walaber9SharedPtrINS8_8CallbackEEEEENS_19__map_value_compareIS7_SC_NS_4lessIS7_EELb1EEENS5_ISC_EEE13__upper_boundIS7_EENS_15__tree_iteratorISC_PNS_11__tree_nodeISC_PvEElEERKT_SO_PNS_15__tree_end_nodeIPNS_16__tree_node_baseISM_EEEE	no-ghidra-function
0x32f0a8	_ZNSt6__ndk16__treeINS_12__value_typeINS_12basic_stringIcNS_11char_traitsIcEENS_9allocatorIcEEEEN7Walaber9SharedPtrINS8_8CallbackEEEEENS_19__map_value_compareIS7_SC_NS_4lessIS7_EELb1EEENS5_ISC_EEE5eraseENS_21__tree_const_iteratorISC_PNS_11__tree_nodeISC_PvEElEE	_ZNSt6__ndk16__treeINS_12__value_typeINS_12basic_stringIcNS_11char_traitsIcEENS_9allocatorIcEEEEN7Walaber9SharedPtrINS8_8CallbackEEEEENS_19__map_value_compareIS7_SC_NS_4lessIS7_EELb1EEENS5_ISC_EEE5eraseENS_21__tree_const_iteratorISC_PNS_11__tree_nodeISC_PvEElEE	no-ghidra-function
0x32f154	_ZN7Walaber18AchievementManagerC2Ev	AchievementManager::AchievementManager	no-ghidra-function
0x32f190	_ZN7Walaber18AchievementManagerD2Ev	AchievementManager::~AchievementManager	no-ghidra-function
0x32f1f4	_ZN7Walaber18AchievementManager16loadAchievementsENSt6__ndk112basic_stringIcNS1_11char_traitsIcEENS1_9allocatorIcEEEE	Walaber::AchievementManager::loadAchievements	no-ghidra-function
0x32ff48	_ZN7Walaber18AchievementManager17reportAchievementENSt6__ndk112basic_stringIcNS1_11char_traitsIcEENS1_9allocatorIcEEEEfb	Walaber::AchievementManager::reportAchievement	no-ghidra-function
0x33038c	_ZN7Walaber18AchievementManager21_setDBPercentCompleteENSt6__ndk112basic_stringIcNS1_11char_traitsIcEENS1_9allocatorIcEEEEf	Walaber::AchievementManager::_setDBPercentComplete	no-ghidra-function
0x3306d8	_ZN7Walaber27Message_AchievementUnlockedC2ENSt6__ndk112basic_stringIcNS1_11char_traitsIcEENS1_9allocatorIcEEEEfb	Message_AchievementUnlocked::Message_AchievementUnlocked	no-ghidra-function
0x33082c	_ZN7Walaber18AchievementManager45clearCompletedAchievementsToPublishToFacebookEv	Walaber::AchievementManager::clearCompletedAchievementsToPublishToFacebook	no-ghidra-function
0x330838	_ZN7Walaber18AchievementManager24resetAchievementProgressEv	Walaber::AchievementManager::resetAchievementProgress	no-ghidra-function
0x330938	_ZN7Walaber18AchievementManager26sendAchievementsToPlatformEv	Walaber::AchievementManager::sendAchievementsToPlatform	no-ghidra-function
0x330a90	_ZN7Walaber12StringHelper10floatToStrEfi	Walaber::StringHelper::floatToStr	no-ghidra-function
0x330be4	_ZN7Walaber18AchievementManager33getAchievementsSortedByCompletionEv	Walaber::AchievementManager::getAchievementsSortedByCompletion	no-ghidra-function
0x330d14	_ZNSt6__ndk16__treeINS_12__value_typeINS_12basic_stringIcNS_11char_traitsIcEENS_9allocatorIcEEEEPN7Walaber11AchievementEEENS_19__map_value_compareIS7_SB_NS_4lessIS7_EELb1EEENS5_ISB_EEE7destroyEPNS_11__tree_nodeISB_PvEE	_ZNSt6__ndk16__treeINS_12__value_typeINS_12basic_stringIcNS_11char_traitsIcEENS_9allocatorIcEEEEPN7Walaber11AchievementEEENS_19__map_value_compareIS7_SB_NS_4lessIS7_EELb1EEENS5_ISB_EEE7destroyEPNS_11__tree_nodeISB_PvEE	no-ghidra-function
0x330d64	_ZN7Walaber27Message_AchievementUnlockedD0Ev	Message_AchievementUnlocked::~Message_AchievementUnlocked	no-ghidra-function
0x330d98	_ZNSt6__ndk110__list_impIPN7Walaber11AchievementENS_9allocatorIS3_EEE5clearEv	std::__ndk1::__list_imp<Walaber::Achievement*, std::__ndk1::allocator<Walaber::Achievement>>::clear	no-ghidra-function
0x330df4	_ZNSt6__ndk113__vector_baseIN7Walaber11AchievementENS_9allocatorIS2_EEED2Ev	__vector_base<Walaber::Achievement, std::__ndk1::allocator<Walaber>>::~__vector_base	no-ghidra-function
0x330ed0	_ZNSt6__ndk16vectorIN7Walaber11AchievementENS_9allocatorIS2_EEE21__push_back_slow_pathIRKS2_EEvOT_	std::__ndk1::vector<Walaber::Achievement, std::__ndk1::allocator<Walaber>>::__push_back_slow_path<Walaber const&>	no-ghidra-function
0x330fd4	_ZN7Walaber11AchievementC2ERKS0_	Achievement::Achievement	no-ghidra-function
0x3310b8	_ZNSt6__ndk114__split_bufferIN7Walaber11AchievementERNS_9allocatorIS2_EEEC2EmmS5_	__split_buffer<Walaber::Achievement, std::__ndk1::allocator<Walaber>&>::__split_buffer	no-ghidra-function
0x33117c	_ZNSt6__ndk16vectorIN7Walaber11AchievementENS_9allocatorIS2_EEE26__swap_out_circular_bufferERNS_14__split_bufferIS2_RS4_EE	std::__ndk1::vector<Walaber::Achievement, std::__ndk1::allocator<Walaber>>::__swap_out_circular_buffer	no-ghidra-function
0x331214	_ZNSt6__ndk114__split_bufferIN7Walaber11AchievementERNS_9allocatorIS2_EEED2Ev	__split_buffer<Walaber::Achievement, std::__ndk1::allocator<Walaber>&>::~__split_buffer	no-ghidra-function
0x3312bc	_ZNSt6__ndk16__treeINS_12__value_typeINS_12basic_stringIcNS_11char_traitsIcEENS_9allocatorIcEEEEPN7Walaber11AchievementEEENS_19__map_value_compareIS7_SB_NS_4lessIS7_EELb1EEENS5_ISB_EEE25__emplace_unique_key_argsIS7_JRKNS_21piecewise_construct_tENS_5tupleIJRKS7_EEENSM_IJEEEEEENS_4pairINS_15__tree_iteratorISB_PNS_11__tree_nodeISB_PvEElEEbEERKT_DpOT0_	_ZNSt6__ndk16__treeINS_12__value_typeINS_12basic_stringIcNS_11char_traitsIcEENS_9allocatorIcEEEEPN7Walaber11AchievementEEENS_19__map_value_compareIS7_SB_NS_4lessIS7_EELb1EEENS5_ISB_EEE25__emplace_unique_key_argsIS7_JRKNS_21piecewise_construct_tENS_5tupleIJRKS7_EEENSM_IJEEEEEENS_4pairINS_15__tree_iteratorISB_PNS_11__tree_nodeISB_PvEElEEbEERKT_DpOT0_	no-ghidra-function
0x33136c	_ZNSt6__ndk16__treeINS_12__value_typeINS_12basic_stringIcNS_11char_traitsIcEENS_9allocatorIcEEEEPN7Walaber11AchievementEEENS_19__map_value_compareIS7_SB_NS_4lessIS7_EELb1EEENS5_ISB_EEE12__find_equalIS7_EERPNS_16__tree_node_baseIPvEERPNS_15__tree_end_nodeISM_EERKT_	_ZNSt6__ndk16__treeINS_12__value_typeINS_12basic_stringIcNS_11char_traitsIcEENS_9allocatorIcEEEEPN7Walaber11AchievementEEENS_19__map_value_compareIS7_SB_NS_4lessIS7_EELb1EEENS5_ISB_EEE12__find_equalIS7_EERPNS_16__tree_node_baseIPvEERPNS_15__tree_end_nodeISM_EERKT_	no-ghidra-function
0x331498	_ZNSt6__ndk16__treeINS_12__value_typeINS_12basic_stringIcNS_11char_traitsIcEENS_9allocatorIcEEEEPN7Walaber11AchievementEEENS_19__map_value_compareIS7_SB_NS_4lessIS7_EELb1EEENS5_ISB_EEE16__construct_nodeIJRKNS_21piecewise_construct_tENS_5tupleIJRKS7_EEENSM_IJEEEEEENS_10unique_ptrINS_11__tree_nodeISB_PvEENS_22__tree_node_destructorINS5_ISU_EEEEEEDpOT_	_ZNSt6__ndk16__treeINS_12__value_typeINS_12basic_stringIcNS_11char_traitsIcEENS_9allocatorIcEEEEPN7Walaber11AchievementEEENS_19__map_value_compareIS7_SB_NS_4lessIS7_EELb1EEENS5_ISB_EEE16__construct_nodeIJRKNS_21piecewise_construct_tENS_5tupleIJRKS7_EEENSM_IJEEEEEENS_10unique_ptrINS_11__tree_nodeISB_PvEENS_22__tree_node_destructorINS5_ISU_EEEEEEDpOT_	no-ghidra-function
0x331508	_ZNSt6__ndk16__treeINS_12__value_typeINS_12basic_stringIcNS_11char_traitsIcEENS_9allocatorIcEEEEPN7Walaber11AchievementEEENS_19__map_value_compareIS7_SB_NS_4lessIS7_EELb1EEENS5_ISB_EEE16__insert_node_atEPNS_15__tree_end_nodeIPNS_16__tree_node_baseIPvEEEERSM_SM_	_ZNSt6__ndk16__treeINS_12__value_typeINS_12basic_stringIcNS_11char_traitsIcEENS_9allocatorIcEEEEPN7Walaber11AchievementEEENS_19__map_value_compareIS7_SB_NS_4lessIS7_EELb1EEENS5_ISB_EEE16__insert_node_atEPNS_15__tree_end_nodeIPNS_16__tree_node_baseIPvEEEERSM_SM_	no-ghidra-function
0x33155c	_ZNSt6__ndk16__treeINS_12__value_typeINS_12basic_stringIcNS_11char_traitsIcEENS_9allocatorIcEEEEPN7Walaber11AchievementEEENS_19__map_value_compareIS7_SB_NS_4lessIS7_EELb1EEENS5_ISB_EEE4findIS7_EENS_15__tree_iteratorISB_PNS_11__tree_nodeISB_PvEElEERKT_	_ZNSt6__ndk16__treeINS_12__value_typeINS_12basic_stringIcNS_11char_traitsIcEENS_9allocatorIcEEEEPN7Walaber11AchievementEEENS_19__map_value_compareIS7_SB_NS_4lessIS7_EELb1EEENS5_ISB_EEE4findIS7_EENS_15__tree_iteratorISB_PNS_11__tree_nodeISB_PvEElEERKT_	no-ghidra-function
0x331614	_ZNSt6__ndk16__treeINS_12__value_typeINS_12basic_stringIcNS_11char_traitsIcEENS_9allocatorIcEEEEPN7Walaber11AchievementEEENS_19__map_value_compareIS7_SB_NS_4lessIS7_EELb1EEENS5_ISB_EEE13__lower_boundIS7_EENS_15__tree_iteratorISB_PNS_11__tree_nodeISB_PvEElEERKT_SN_PNS_15__tree_end_nodeIPNS_16__tree_node_baseISL_EEEE	_ZNSt6__ndk16__treeINS_12__value_typeINS_12basic_stringIcNS_11char_traitsIcEENS_9allocatorIcEEEEPN7Walaber11AchievementEEENS_19__map_value_compareIS7_SB_NS_4lessIS7_EELb1EEENS5_ISB_EEE13__lower_boundIS7_EENS_15__tree_iteratorISB_PNS_11__tree_nodeISB_PvEElEERKT_SN_PNS_15__tree_end_nodeIPNS_16__tree_node_baseISL_EEEE	no-ghidra-function
0x3316c4	_ZNSt6__ndk16vectorIPN7Walaber11AchievementENS_9allocatorIS3_EEE21__push_back_slow_pathIRKS3_EEvOT_	std::__ndk1::vector<Walaber::Achievement*, std::__ndk1::allocator<Walaber::Achievement>>::__push_back_slow_path<Walaber::Achievement const&>	no-ghidra-function
0x3317ec	_ZNSt6__ndk114__split_bufferIPN7Walaber11AchievementERNS_9allocatorIS3_EEEC2EmmS6_	__split_buffer<Walaber::Achievement*, std::__ndk1::allocator<Walaber::Achievement>&>::__split_buffer	no-ghidra-function
0x33189c	_ZN7Walaber9AnimationC2ENSt6__ndk112basic_stringIcNS1_11char_traitsIcEENS1_9allocatorIcEEEEPNS_16AnimationManagerE	Animation::Animation	no-ghidra-function
0x331910	_ZN7Walaber9AnimationC2ERKS0_	Animation::Animation	no-ghidra-function
0x331d3c	_ZNSt6__ndk16vectorINS_4pairIfiEENS_9allocatorIS2_EEEC2ERKS5_	vector<std::__ndk1::pair<float, int>, std::__ndk1::allocator<std::__ndk1::pair>>::vector	no-ghidra-function
0x331dc0	_ZN7Walaber9AnimationaSERKS0_	_ZN7Walaber9AnimationaSERKS0_	no-ghidra-function
0x3320fc	_ZN7Walaber9SharedPtrINS_8CallbackEEaSERKS2_	_ZN7Walaber9SharedPtrINS_8CallbackEEaSERKS2_	no-ghidra-function
0x332180	_ZN7Walaber9AnimationD2Ev	Animation::~Animation	no-ghidra-function
0x332f94	_ZN7Walaber9Animation12addNodeTrackEPNS_18NodeAnimationTrackE	Walaber::Animation::addNodeTrack	no-ghidra-function
0x333038	_ZN7Walaber9Animation26createAnimationFromXmlNodeEP8_xmlNodePNS_8SkeletonE	Walaber::Animation::createAnimationFromXmlNode	no-ghidra-function
0x333c8c	_ZN7Walaber20SpriteAnimationTrack23addSpriteAnimationEventEfRKNSt6__ndk112basic_stringIcNS1_11char_traitsIcEENS1_9allocatorIcEEEEbfb	Walaber::SpriteAnimationTrack::addSpriteAnimationEvent	no-ghidra-function
0x333df4	_ZN7Walaber9Animation14addSpriteTrackEPNS_20SpriteAnimationTrackE	Walaber::Animation::addSpriteTrack	no-ghidra-function
0x333e98	_ZN7Walaber9Animation15addNumericTrackEPNS_21NumericAnimationTrackE	Walaber::Animation::addNumericTrack	no-ghidra-function
0x333f5c	_ZN7Walaber9Animation20addAnimationCueTrackEPNS_26AnimationCueAnimationTrackE	Walaber::Animation::addAnimationCueTrack	no-ghidra-function
0x334000	_ZN7Walaber9Animation24addSkeletonActorCueTrackEPNS_30SkeletonActorCueAnimationTrackE	Walaber::Animation::addSkeletonActorCueTrack	no-ghidra-function
0x3340a0	_ZN7Walaber9Animation6updateEffb	Walaber::Animation::update	no-ghidra-function
0x33415c	_ZN7Walaber9Animation28_checkForEventsAndHandleTimeEv	Walaber::Animation::_checkForEventsAndHandleTime	no-ghidra-function
0x3344e4	_ZN7Walaber9Animation11applyTracksEfb	Walaber::Animation::applyTracks	no-ghidra-function
0x3346d4	_ZN7Walaber20SpriteAnimationTrack5applyEf	Walaber::SpriteAnimationTrack::apply	no-ghidra-function
0x334920	_ZN7Walaber26AnimationCueAnimationTrack5applyEf	Walaber::AnimationCueAnimationTrack::apply	no-ghidra-function
0x334970	_ZN7Walaber30SkeletonActorCueAnimationTrack5applyEf	Walaber::SkeletonActorCueAnimationTrack::apply	no-ghidra-function
0x334a90	_ZN7Walaber9Animation9addMarkerEfi	Walaber::Animation::addMarker	no-ghidra-function
0x334b34	_ZN7Walaber9Animation14_markerCompareERKNSt6__ndk14pairIfiEES5_	Walaber::Animation::_markerCompare	no-ghidra-function
0x334b48	_ZN7Walaber9Animation19_rewindSpriteTracksEv	Walaber::Animation::_rewindSpriteTracks	no-ghidra-function
0x334b74	_ZN7Walaber9Animation16_rewindCueTracksEv	Walaber::Animation::_rewindCueTracks	no-ghidra-function
0x334ba0	_ZN7Walaber9Animation29_rewindSkeletonActorCueTracksEv	Walaber::Animation::_rewindSkeletonActorCueTracks	no-ghidra-function
0x334bcc	_ZN7Walaber9Animation40_updateLastHitMarkerIndexWithCurrentTimeEv	Walaber::Animation::_updateLastHitMarkerIndexWithCurrentTime	no-ghidra-function
0x334c14	_ZN7Walaber9Animation39_updateSpriteTrackEventsWithCurrentTimeEv	Walaber::Animation::_updateSpriteTrackEventsWithCurrentTime	no-ghidra-function
0x334c80	_ZN7Walaber9Animation36_updateCueTrackEventsWithCurrentTimeEv	Walaber::Animation::_updateCueTrackEventsWithCurrentTime	no-ghidra-function
0x334ce8	_ZNSt6__ndk16vectorIN7Walaber20SpriteAnimationTrack20SpriteAnimationEventENS_9allocatorIS3_EEE6insertENS_11__wrap_iterIPKS3_EEOS3_	std::__ndk1::vector<Walaber::SpriteAnimationTrack::SpriteAnimationEvent, std::__ndk1::allocator<Walaber::SpriteAnimationTrack>>::insert	no-ghidra-function
0x334eec	_ZNSt6__ndk16vectorIN7Walaber20SpriteAnimationTrack20SpriteAnimationEventENS_9allocatorIS3_EEE12__move_rangeEPS3_S7_S7_	std::__ndk1::vector<Walaber::SpriteAnimationTrack::SpriteAnimationEvent, std::__ndk1::allocator<Walaber::SpriteAnimationTrack>>::__move_range	no-ghidra-function
0x335010	_ZNSt6__ndk114__split_bufferIN7Walaber20SpriteAnimationTrack20SpriteAnimationEventERNS_9allocatorIS3_EEEC2EmmS6_	__split_buffer<Walaber::SpriteAnimationTrack::SpriteAnimationEvent, std::__ndk1::allocator<Walaber::SpriteAnimationTrack>&>::__split_buffer	no-ghidra-function
0x3350d4	_ZNSt6__ndk114__split_bufferIN7Walaber20SpriteAnimationTrack20SpriteAnimationEventERNS_9allocatorIS3_EEE9push_backEOS3_	std::__ndk1::__split_buffer<Walaber::SpriteAnimationTrack::SpriteAnimationEvent, std::__ndk1::allocator<Walaber::SpriteAnimationTrack>&>::push_back	no-ghidra-function
0x33531c	_ZNSt6__ndk16vectorIN7Walaber20SpriteAnimationTrack20SpriteAnimationEventENS_9allocatorIS3_EEE26__swap_out_circular_bufferERNS_14__split_bufferIS3_RS5_EEPS3_	std::__ndk1::vector<Walaber::SpriteAnimationTrack::SpriteAnimationEvent, std::__ndk1::allocator<Walaber::SpriteAnimationTrack>>::__swap_out_circular_buffer	no-ghidra-function
0x335404	_ZNSt6__ndk114__split_bufferIN7Walaber20SpriteAnimationTrack20SpriteAnimationEventERNS_9allocatorIS3_EEED2Ev	__split_buffer<Walaber::SpriteAnimationTrack::SpriteAnimationEvent, std::__ndk1::allocator<Walaber::SpriteAnimationTrack>&>::~__split_buffer	no-ghidra-function
0x335468	_ZNSt6__ndk16vectorIN7Walaber20SpriteAnimationTrack20SpriteAnimationEventENS_9allocatorIS3_EEE21__push_back_slow_pathIS3_EEvOT_	std::__ndk1::vector<Walaber::SpriteAnimationTrack::SpriteAnimationEvent, std::__ndk1::allocator<Walaber::SpriteAnimationTrack>>::__push_back_slow_path<Walaber::SpriteAnimationTrack>	no-ghidra-function
0x335c20	_ZNSt6__ndk114__split_bufferIPN7Walaber20SpriteAnimationTrackERNS_9allocatorIS3_EEEC2EmmS6_	__split_buffer<Walaber::SpriteAnimationTrack*, std::__ndk1::allocator<Walaber::SpriteAnimationTrack>&>::__split_buffer	no-ghidra-function
0x335cd0	_ZNSt6__ndk16vectorIPN7Walaber26AnimationCueAnimationTrackENS_9allocatorIS3_EEE21__push_back_slow_pathIS3_EEvOT_	std::__ndk1::vector<Walaber::AnimationCueAnimationTrack*, std::__ndk1::allocator<Walaber::AnimationCueAnimationTrack>>::__push_back_slow_path<Walaber::AnimationCueAnimationTrack>	no-ghidra-function
0x335df8	_ZNSt6__ndk114__split_bufferIPN7Walaber26AnimationCueAnimationTrackERNS_9allocatorIS3_EEEC2EmmS6_	__split_buffer<Walaber::AnimationCueAnimationTrack*, std::__ndk1::allocator<Walaber::AnimationCueAnimationTrack>&>::__split_buffer	no-ghidra-function
0x335ea8	_ZNSt6__ndk16vectorIPN7Walaber30SkeletonActorCueAnimationTrackENS_9allocatorIS3_EEE21__push_back_slow_pathIS3_EEvOT_	std::__ndk1::vector<Walaber::SkeletonActorCueAnimationTrack*, std::__ndk1::allocator<Walaber::SkeletonActorCueAnimationTrack>>::__push_back_slow_path<Walaber::SkeletonActorCueAnimationTrack>	no-ghidra-function
0x335fd0	_ZNSt6__ndk114__split_bufferIPN7Walaber30SkeletonActorCueAnimationTrackERNS_9allocatorIS3_EEEC2EmmS6_	__split_buffer<Walaber::SkeletonActorCueAnimationTrack*, std::__ndk1::allocator<Walaber::SkeletonActorCueAnimationTrack>&>::__split_buffer	no-ghidra-function
0x336080	_ZNSt6__ndk16vectorINS_4pairIfiEENS_9allocatorIS2_EEE6assignIPS2_EENS_9enable_ifIXaasr21__is_forward_iteratorIT_EE5valuesr16is_constructibleIS2_NS_15iterator_traitsIS9_E9referenceEEE5valueEvE4typeES9_S9_	std::__ndk1::vector<std::__ndk1::pair<float, int>, std::__ndk1::allocator<std::__ndk1::pair>>::assign<std::__ndk1::pair*>	no-ghidra-function
0x3361b8	_ZNSt6__ndk16vectorIPN7Walaber21NumericAnimationTrackENS_9allocatorIS3_EEE21__push_back_slow_pathIRKS3_EEvOT_	std::__ndk1::vector<Walaber::NumericAnimationTrack*, std::__ndk1::allocator<Walaber::NumericAnimationTrack>>::__push_back_slow_path<Walaber::NumericAnimationTrack const&>	no-ghidra-function
0x3362e0	_ZNSt6__ndk16vectorIPN7Walaber18NodeAnimationTrackENS_9allocatorIS3_EEE21__push_back_slow_pathIRKS3_EEvOT_	std::__ndk1::vector<Walaber::NodeAnimationTrack*, std::__ndk1::allocator<Walaber::NodeAnimationTrack>>::__push_back_slow_path<Walaber::NodeAnimationTrack const&>	no-ghidra-function
0x336408	_ZNSt6__ndk16vectorIPN7Walaber20SpriteAnimationTrackENS_9allocatorIS3_EEE21__push_back_slow_pathIRKS3_EEvOT_	std::__ndk1::vector<Walaber::SpriteAnimationTrack*, std::__ndk1::allocator<Walaber::SpriteAnimationTrack>>::__push_back_slow_path<Walaber::SpriteAnimationTrack const&>	no-ghidra-function
0x336530	_ZNSt6__ndk16vectorIPN7Walaber26AnimationCueAnimationTrackENS_9allocatorIS3_EEE21__push_back_slow_pathIRKS3_EEvOT_	std::__ndk1::vector<Walaber::AnimationCueAnimationTrack*, std::__ndk1::allocator<Walaber::AnimationCueAnimationTrack>>::__push_back_slow_path<Walaber::AnimationCueAnimationTrack const&>	no-ghidra-function
0x336658	_ZNSt6__ndk16vectorIPN7Walaber30SkeletonActorCueAnimationTrackENS_9allocatorIS3_EEE21__push_back_slow_pathIRKS3_EEvOT_	std::__ndk1::vector<Walaber::SkeletonActorCueAnimationTrack*, std::__ndk1::allocator<Walaber::SkeletonActorCueAnimationTrack>>::__push_back_slow_path<Walaber::SkeletonActorCueAnimationTrack const&>	no-ghidra-function
0x336780	_ZNSt6__ndk16vectorINS_4pairIfiEENS_9allocatorIS2_EEE21__push_back_slow_pathIS2_EEvOT_	std::__ndk1::vector<std::__ndk1::pair<float, int>, std::__ndk1::allocator<std::__ndk1::pair>>::__push_back_slow_path<std::__ndk1::pair>	no-ghidra-function
0x3368a8	_ZNSt6__ndk114__split_bufferINS_4pairIfiEERNS_9allocatorIS2_EEEC2EmmS5_	__split_buffer<std::__ndk1::pair<float, int>, std::__ndk1::allocator<std::__ndk1::pair>&>::__split_buffer	no-ghidra-function
0x336958	_ZNSt6__ndk16__sortIRPFbRKNS_4pairIfiEES4_EPS2_EEvT0_S9_T_	_ZNSt6__ndk16__sortIRPFbRKNS_4pairIfiEES4_EPS2_EEvT0_S9_T_	no-ghidra-function
0x336d88	_ZNSt6__ndk17__sort3IRPFbRKNS_4pairIfiEES4_EPS2_EEjT0_S9_S9_T_	_ZNSt6__ndk17__sort3IRPFbRKNS_4pairIfiEES4_EPS2_EEjT0_S9_S9_T_	no-ghidra-function
0x336e88	_ZNSt6__ndk17__sort4IRPFbRKNS_4pairIfiEES4_EPS2_EEjT0_S9_S9_S9_T_	_ZNSt6__ndk17__sort4IRPFbRKNS_4pairIfiEES4_EPS2_EEjT0_S9_S9_S9_T_	no-ghidra-function
0x336f54	_ZNSt6__ndk17__sort5IRPFbRKNS_4pairIfiEES4_EPS2_EEjT0_S9_S9_S9_S9_T_	_ZNSt6__ndk17__sort5IRPFbRKNS_4pairIfiEES4_EPS2_EEjT0_S9_S9_S9_S9_T_	no-ghidra-function
0x337058	_ZNSt6__ndk118__insertion_sort_3IRPFbRKNS_4pairIfiEES4_EPS2_EEvT0_S9_T_	_ZNSt6__ndk118__insertion_sort_3IRPFbRKNS_4pairIfiEES4_EPS2_EEvT0_S9_T_	no-ghidra-function
0x337158	_ZNSt6__ndk127__insertion_sort_incompleteIRPFbRKNS_4pairIfiEES4_EPS2_EEbT0_S9_T_	_ZNSt6__ndk127__insertion_sort_incompleteIRPFbRKNS_4pairIfiEES4_EPS2_EEbT0_S9_T_	no-ghidra-function
0x337328	_ZN7Walaber26AnimationCueAnimationTrackC2Ev	AnimationCueAnimationTrack::AnimationCueAnimationTrack	no-ghidra-function
0x337340	_ZN7Walaber26AnimationCueAnimationTrackC2EPNS_16AnimationManagerE	AnimationCueAnimationTrack::AnimationCueAnimationTrack	no-ghidra-function
0x337358	_ZN7Walaber26AnimationCueAnimationTrackC2ERKS0_	AnimationCueAnimationTrack::AnimationCueAnimationTrack	no-ghidra-function
0x337390	_ZNSt6__ndk16vectorIN7Walaber26AnimationCueAnimationTrack17CueAnimationEventENS_9allocatorIS3_EEEC2ERKS6_	vector<Walaber::AnimationCueAnimationTrack::CueAnimationEvent, std::__ndk1::allocator<Walaber::AnimationCueAnimationTrack>>::vector	no-ghidra-function
0x33743c	_ZN7Walaber26AnimationCueAnimationTrackaSERKS0_	_ZN7Walaber26AnimationCueAnimationTrackaSERKS0_	no-ghidra-function
0x337484	_ZN7Walaber26AnimationCueAnimationTrackD2Ev	AnimationCueAnimationTrack::~AnimationCueAnimationTrack	no-ghidra-function
0x33748c	_ZNSt6__ndk113__vector_baseIN7Walaber26AnimationCueAnimationTrack17CueAnimationEventENS_9allocatorIS3_EEED2Ev	__vector_base<Walaber::AnimationCueAnimationTrack::CueAnimationEvent, std::__ndk1::allocator<Walaber::AnimationCueAnimationTrack>>::~__vector_base	no-ghidra-function
0x337504	_ZNSt6__ndk16vectorIN7Walaber26AnimationCueAnimationTrack17CueAnimationEventENS_9allocatorIS3_EEE11__vallocateEm	std::__ndk1::vector<Walaber::AnimationCueAnimationTrack::CueAnimationEvent, std::__ndk1::allocator<Walaber::AnimationCueAnimationTrack>>::__vallocate	no-ghidra-function
0x337554	_ZNSt6__ndk16vectorIN7Walaber26AnimationCueAnimationTrack17CueAnimationEventENS_9allocatorIS3_EEE6assignIPS3_EENS_9enable_ifIXaasr21__is_forward_iteratorIT_EE5valuesr16is_constructibleIS3_NS_15iterator_traitsISA_E9referenceEEE5valueEvE4typeESA_SA_	std::__ndk1::vector<Walaber::AnimationCueAnimationTrack::CueAnimationEvent, std::__ndk1::allocator<Walaber::AnimationCueAnimationTrack>>::assign<Walaber::AnimationCueAnimationTrack*>	no-ghidra-function
0x337738	_ZNSt6__ndk16vectorIN7Walaber26AnimationCueAnimationTrack17CueAnimationEventENS_9allocatorIS3_EEE13__vdeallocateEv	std::__ndk1::vector<Walaber::AnimationCueAnimationTrack::CueAnimationEvent, std::__ndk1::allocator<Walaber::AnimationCueAnimationTrack>>::__vdeallocate	no-ghidra-function
0x3377ac	_ZN7Walaber16AnimationManagerC2Ev	AnimationManager::AnimationManager	no-ghidra-function
0x3377d4	_ZN7Walaber16AnimationManagerC2ERKS0_	AnimationManager::AnimationManager	no-ghidra-function
0x3378c4	_ZN7Walaber16AnimationManageraSERKS0_	_ZN7Walaber16AnimationManageraSERKS0_	no-ghidra-function
0x337918	_ZN7Walaber16AnimationManagerD2Ev	AnimationManager::~AnimationManager	no-ghidra-function
0x3379fc	_ZN7Walaber16AnimationManager6updateEf	Walaber::AnimationManager::update	no-ghidra-function
0x337ad8	_ZN7Walaber16AnimationManager40_handleAnimationEventCallbackWithBitmaskEj	Walaber::AnimationManager::_handleAnimationEventCallbackWithBitmask	no-ghidra-function
0x337bc0	_ZN7Walaber16AnimationManager12addAnimationEPNS_9AnimationE	Walaber::AnimationManager::addAnimation	no-ghidra-function
0x337c24	_ZN7Walaber16AnimationManager15createAnimationERKNSt6__ndk112basic_stringIcNS1_11char_traitsIcEENS1_9allocatorIcEEEE	Walaber::AnimationManager::createAnimation	no-ghidra-function
0x337cfc	_ZN7Walaber16AnimationManager26addNumericTrackToAnimationERKNSt6__ndk112basic_stringIcNS1_11char_traitsIcEENS1_9allocatorIcEEEEPNS_21NumericAnimationTrackE	Walaber::AnimationManager::addNumericTrackToAnimation	no-ghidra-function
0x337d40	_ZN7Walaber16AnimationManager23addNodeTrackToAnimationERKNSt6__ndk112basic_stringIcNS1_11char_traitsIcEENS1_9allocatorIcEEEEPNS_18NodeAnimationTrackE	Walaber::AnimationManager::addNodeTrackToAnimation	no-ghidra-function
0x337d84	_ZN7Walaber16AnimationManager13playAnimationERKNSt6__ndk112basic_stringIcNS1_11char_traitsIcEENS1_9allocatorIcEEEENS_21AnimationPlaybackModeEi	Walaber::AnimationManager::playAnimation	no-ghidra-function
0x337d8c	_ZN7Walaber16AnimationManager13playAnimationERKNSt6__ndk112basic_stringIcNS1_11char_traitsIcEENS1_9allocatorIcEEEEfNS_21AnimationPlaybackModeEi	Walaber::AnimationManager::playAnimation	no-ghidra-function
0x337e74	_ZN7Walaber9Animation4playENS_21AnimationPlaybackModeEfiNS_18AnimationBlendModeE	Walaber::Animation::play	no-ghidra-function
0x337f3c	_ZN7Walaber16AnimationManager13_fireCallbackEPNS_9AnimationENS_18AnimationEventTypeEi	Walaber::AnimationManager::_fireCallback	no-ghidra-function
0x338008	_ZN7Walaber16AnimationManager9crossFadeERKNSt6__ndk112basic_stringIcNS1_11char_traitsIcEENS1_9allocatorIcEEEEfNS_21AnimationPlaybackModeEi	Walaber::AnimationManager::crossFade	no-ghidra-function
0x338014	_ZN7Walaber16AnimationManager9crossFadeERKNSt6__ndk112basic_stringIcNS1_11char_traitsIcEENS1_9allocatorIcEEEEffNS_21AnimationPlaybackModeEi	Walaber::AnimationManager::crossFade	no-ghidra-function
0x338250	_ZN7Walaber16AnimationManager20playCurrentAnimationEv	Walaber::AnimationManager::playCurrentAnimation	no-ghidra-function
0x338294	_ZN7Walaber9Animation4playEv	Walaber::Animation::play	no-ghidra-function
0x338314	_ZN7Walaber16AnimationManager20stopCurrentAnimationEv	Walaber::AnimationManager::stopCurrentAnimation	no-ghidra-function
0x338358	_ZN7Walaber9Animation4stopEv	Walaber::Animation::stop	no-ghidra-function
0x3383d8	_ZN7Walaber16AnimationManager21pauseCurrentAnimationEv	Walaber::AnimationManager::pauseCurrentAnimation	no-ghidra-function
0x33841c	_ZN7Walaber9Animation5pauseEv	Walaber::Animation::pause	no-ghidra-function
0x338498	_ZN7Walaber16AnimationManager25isCurrentAnimationPlayingEv	Walaber::AnimationManager::isCurrentAnimationPlaying	no-ghidra-function
0x3384b8	_ZN7Walaber16AnimationManager12getAnimationERKNSt6__ndk112basic_stringIcNS1_11char_traitsIcEENS1_9allocatorIcEEEE	Walaber::AnimationManager::getAnimation	no-ghidra-function
0x3384f0	_ZNSt6__ndk16__treeINS_12__value_typeIPvN7Walaber9SharedPtrINS3_8CallbackEEEEENS_19__map_value_compareIS2_S7_NS_4lessIS2_EELb1EEENS_9allocatorIS7_EEE7destroyEPNS_11__tree_nodeIS7_S2_EE	std::__ndk1::__tree<std::__ndk1::__value_type<void*, Walaber::SharedPtr<Walaber::Callback>>, std::__ndk1::__map_value_compare<std::__ndk1::__value_type, std::__ndk1::__value_type<void*, Walaber::SharedPtr<Walaber::Callback>>, std::__ndk1::less<std::__ndk1::__value_type>, bool>>::std::__ndk1::allocator<std::__ndk1::__value_type<void*, Walaber::SharedPtr<Walaber::Callback>>>	no-ghidra-function
0x338538	_ZNSt6__ndk16__treeINS_12__value_typeINS_12basic_stringIcNS_11char_traitsIcEENS_9allocatorIcEEEEPN7Walaber9AnimationEEENS_19__map_value_compareIS7_SB_NS_4lessIS7_EELb1EEENS5_ISB_EEE7destroyEPNS_11__tree_nodeISB_PvEE	_ZNSt6__ndk16__treeINS_12__value_typeINS_12basic_stringIcNS_11char_traitsIcEENS_9allocatorIcEEEEPN7Walaber9AnimationEEENS_19__map_value_compareIS7_SB_NS_4lessIS7_EELb1EEENS5_ISB_EEE7destroyEPNS_11__tree_nodeISB_PvEE	no-ghidra-function
0x338588	_ZNSt6__ndk16__treeINS_12__value_typeINS_12basic_stringIcNS_11char_traitsIcEENS_9allocatorIcEEEEPN7Walaber9AnimationEEENS_19__map_value_compareIS7_SB_NS_4lessIS7_EELb1EEENS5_ISB_EEE30__emplace_hint_unique_key_argsIS7_JRKNS_4pairIKS7_SA_EEEEENS_15__tree_iteratorISB_PNS_11__tree_nodeISB_PvEElEENS_21__tree_const_iteratorISB_SS_lEERKT_DpOT0_	_ZNSt6__ndk16__treeINS_12__value_typeINS_12basic_stringIcNS_11char_traitsIcEENS_9allocatorIcEEEEPN7Walaber9AnimationEEENS_19__map_value_compareIS7_SB_NS_4lessIS7_EELb1EEENS5_ISB_EEE30__emplace_hint_unique_key_argsIS7_JRKNS_4pairIKS7_SA_EEEEENS_15__tree_iteratorISB_PNS_11__tree_nodeISB_PvEElEENS_21__tree_const_iteratorISB_SS_lEERKT_DpOT0_	no-ghidra-function
0x338d00	_ZNSt6__ndk16__treeINS_12__value_typeINS_12basic_stringIcNS_11char_traitsIcEENS_9allocatorIcEEEEPN7Walaber9AnimationEEENS_19__map_value_compareIS7_SB_NS_4lessIS7_EELb1EEENS5_ISB_EEE8__detachEPNS_11__tree_nodeISB_PvEE	_ZNSt6__ndk16__treeINS_12__value_typeINS_12basic_stringIcNS_11char_traitsIcEENS_9allocatorIcEEEEPN7Walaber9AnimationEEENS_19__map_value_compareIS7_SB_NS_4lessIS7_EELb1EEENS5_ISB_EEE8__detachEPNS_11__tree_nodeISB_PvEE	no-ghidra-function
0x338d5c	_ZNSt6__ndk16__treeINS_12__value_typeINS_12basic_stringIcNS_11char_traitsIcEENS_9allocatorIcEEEEPN7Walaber9AnimationEEENS_19__map_value_compareIS7_SB_NS_4lessIS7_EELb1EEENS5_ISB_EEE16__find_leaf_highERPNS_15__tree_end_nodeIPNS_16__tree_node_baseIPvEEEERKS7_	_ZNSt6__ndk16__treeINS_12__value_typeINS_12basic_stringIcNS_11char_traitsIcEENS_9allocatorIcEEEEPN7Walaber9AnimationEEENS_19__map_value_compareIS7_SB_NS_4lessIS7_EELb1EEENS5_ISB_EEE16__find_leaf_highERPNS_15__tree_end_nodeIPNS_16__tree_node_baseIPvEEEERKS7_	no-ghidra-function
0x338e30	_ZNSt6__ndk16__treeINS_12__value_typeINS_12basic_stringIcNS_11char_traitsIcEENS_9allocatorIcEEEEPN7Walaber9AnimationEEENS_19__map_value_compareIS7_SB_NS_4lessIS7_EELb1EEENS5_ISB_EEE15__emplace_multiIJRKNS_4pairIKS7_SA_EEEEENS_15__tree_iteratorISB_PNS_11__tree_nodeISB_PvEElEEDpOT_	_ZNSt6__ndk16__treeINS_12__value_typeINS_12basic_stringIcNS_11char_traitsIcEENS_9allocatorIcEEEEPN7Walaber9AnimationEEENS_19__map_value_compareIS7_SB_NS_4lessIS7_EELb1EEENS5_ISB_EEE15__emplace_multiIJRKNS_4pairIKS7_SA_EEEEENS_15__tree_iteratorISB_PNS_11__tree_nodeISB_PvEElEEDpOT_	no-ghidra-function
0x338edc	_ZNSt6__ndk16__treeINS_12__value_typeINS_12basic_stringIcNS_11char_traitsIcEENS_9allocatorIcEEEEPN7Walaber9AnimationEEENS_19__map_value_compareIS7_SB_NS_4lessIS7_EELb1EEENS5_ISB_EEE25__emplace_unique_key_argsIS7_JRKNS_21piecewise_construct_tENS_5tupleIJRKS7_EEENSM_IJEEEEEENS_4pairINS_15__tree_iteratorISB_PNS_11__tree_nodeISB_PvEElEEbEERKT_DpOT0_	_ZNSt6__ndk16__treeINS_12__value_typeINS_12basic_stringIcNS_11char_traitsIcEENS_9allocatorIcEEEEPN7Walaber9AnimationEEENS_19__map_value_compareIS7_SB_NS_4lessIS7_EELb1EEENS5_ISB_EEE25__emplace_unique_key_argsIS7_JRKNS_21piecewise_construct_tENS_5tupleIJRKS7_EEENSM_IJEEEEEENS_4pairINS_15__tree_iteratorISB_PNS_11__tree_nodeISB_PvEElEEbEERKT_DpOT0_	no-ghidra-function
0x338f8c	_ZNSt6__ndk16__treeINS_12__value_typeINS_12basic_stringIcNS_11char_traitsIcEENS_9allocatorIcEEEEPN7Walaber9AnimationEEENS_19__map_value_compareIS7_SB_NS_4lessIS7_EELb1EEENS5_ISB_EEE16__construct_nodeIJRKNS_21piecewise_construct_tENS_5tupleIJRKS7_EEENSM_IJEEEEEENS_10unique_ptrINS_11__tree_nodeISB_PvEENS_22__tree_node_destructorINS5_ISU_EEEEEEDpOT_	_ZNSt6__ndk16__treeINS_12__value_typeINS_12basic_stringIcNS_11char_traitsIcEENS_9allocatorIcEEEEPN7Walaber9AnimationEEENS_19__map_value_compareIS7_SB_NS_4lessIS7_EELb1EEENS5_ISB_EEE16__construct_nodeIJRKNS_21piecewise_construct_tENS_5tupleIJRKS7_EEENSM_IJEEEEEENS_10unique_ptrINS_11__tree_nodeISB_PvEENS_22__tree_node_destructorINS5_ISU_EEEEEEDpOT_	no-ghidra-function
0x338ffc	_ZNSt6__ndk16__treeINS_12__value_typeINS_12basic_stringIcNS_11char_traitsIcEENS_9allocatorIcEEEEPN7Walaber9AnimationEEENS_19__map_value_compareIS7_SB_NS_4lessIS7_EELb1EEENS5_ISB_EEE4findIS7_EENS_15__tree_iteratorISB_PNS_11__tree_nodeISB_PvEElEERKT_	_ZNSt6__ndk16__treeINS_12__value_typeINS_12basic_stringIcNS_11char_traitsIcEENS_9allocatorIcEEEEPN7Walaber9AnimationEEENS_19__map_value_compareIS7_SB_NS_4lessIS7_EELb1EEENS5_ISB_EEE4findIS7_EENS_15__tree_iteratorISB_PNS_11__tree_nodeISB_PvEElEERKT_	no-ghidra-function
0x3390b4	_ZNSt6__ndk16__treeINS_12__value_typeINS_12basic_stringIcNS_11char_traitsIcEENS_9allocatorIcEEEEPN7Walaber9AnimationEEENS_19__map_value_compareIS7_SB_NS_4lessIS7_EELb1EEENS5_ISB_EEE13__lower_boundIS7_EENS_15__tree_iteratorISB_PNS_11__tree_nodeISB_PvEElEERKT_SN_PNS_15__tree_end_nodeIPNS_16__tree_node_baseISL_EEEE	_ZNSt6__ndk16__treeINS_12__value_typeINS_12basic_stringIcNS_11char_traitsIcEENS_9allocatorIcEEEEPN7Walaber9AnimationEEENS_19__map_value_compareIS7_SB_NS_4lessIS7_EELb1EEENS5_ISB_EEE13__lower_boundIS7_EENS_15__tree_iteratorISB_PNS_11__tree_nodeISB_PvEElEERKT_SN_PNS_15__tree_end_nodeIPNS_16__tree_node_baseISL_EEEE	no-ghidra-function
0x339164	_ZN7Walaber18NodeAnimationTrackC2Ev	NodeAnimationTrack::NodeAnimationTrack	no-ghidra-function
0x339180	_ZN7Walaber9SharedPtrINS_5CurveEED2Ev	SharedPtr<Walaber::Curve>::~SharedPtr	no-ghidra-function
0x3391d8	_ZN7Walaber18NodeAnimationTrackC2EPNS_4NodeE	NodeAnimationTrack::NodeAnimationTrack	no-ghidra-function
0x339208	_ZN7Walaber18NodeAnimationTrackC2ERKS0_	NodeAnimationTrack::NodeAnimationTrack	no-ghidra-function
0x3392bc	_ZN7Walaber18NodeAnimationTrackaSERKS0_	_ZN7Walaber18NodeAnimationTrackaSERKS0_	no-ghidra-function
0x339324	_ZN7Walaber9SharedPtrINS_5CurveEEaSERKS2_	_ZN7Walaber9SharedPtrINS_5CurveEEaSERKS2_	no-ghidra-function
0x3393a8	_ZN7Walaber18NodeAnimationTrackD2Ev	NodeAnimationTrack::~NodeAnimationTrack	no-ghidra-function
0x3393e8	_ZN7Walaber18NodeAnimationTrack12setAnimationEPNS_9AnimationE	Walaber::NodeAnimationTrack::setAnimation	no-ghidra-function
0x3393f0	_ZN7Walaber18NodeAnimationTrack9loadCurveENS_17NodeTrackLocalPosERKNSt6__ndk112basic_stringIcNS2_11char_traitsIcEENS2_9allocatorIcEEEESA_	Walaber::NodeAnimationTrack::loadCurve	no-ghidra-function
0x339580	_ZN7Walaber18NodeAnimationTrack21_curveFinishedLoadingEPv	Walaber::NodeAnimationTrack::_curveFinishedLoading	no-ghidra-function
0x3395d0	_ZN7Walaber12CurveManager10getManagerEv	Walaber::CurveManager::getManager	no-ghidra-function
0x339624	_ZN7Walaber9SharedPtrINS_14MemberCallbackINS_18NodeAnimationTrackEEEED2Ev	SharedPtr<Walaber::MemberCallback<Walaber::NodeAnimationTrack>>::~SharedPtr	no-ghidra-function
0x33967c	_ZN7Walaber18NodeAnimationTrack9loadCurveENS_19NodeTrackLocalScaleERKNSt6__ndk112basic_stringIcNS2_11char_traitsIcEENS2_9allocatorIcEEEESA_	Walaber::NodeAnimationTrack::loadCurve	no-ghidra-function
0x33980c	_ZN7Walaber18NodeAnimationTrack9loadCurveENS_19NodeTrackLocalAngleERKNSt6__ndk112basic_stringIcNS2_11char_traitsIcEENS2_9allocatorIcEEEE	Walaber::NodeAnimationTrack::loadCurve	no-ghidra-function
0x339958	_ZN7Walaber18NodeAnimationTrack5applyENS_18AnimationBlendModeEfffb	Walaber::NodeAnimationTrack::apply	no-ghidra-function
0x339c34	_ZN7Walaber14MemberCallbackINS_18NodeAnimationTrackEED0Ev	MemberCallback<Walaber::NodeAnimationTrack>::~MemberCallback	no-ghidra-function
0x339c38	_ZN7Walaber14MemberCallbackINS_18NodeAnimationTrackEE6invokeEPv	Walaber::MemberCallback<Walaber::NodeAnimationTrack>::invoke	no-ghidra-function
0x339c68	_ZN7Walaber21NumericAnimationTrackC2Ev	NumericAnimationTrack::NumericAnimationTrack	no-ghidra-function
0x339c74	_ZN7Walaber21NumericAnimationTrackC2ENS_9SharedPtrINS_5CurveEEEPf	NumericAnimationTrack::NumericAnimationTrack	no-ghidra-function
0x339ca0	_ZN7Walaber21NumericAnimationTrackC2ENS_9SharedPtrINS_5CurveEEEPi	NumericAnimationTrack::NumericAnimationTrack	no-ghidra-function
0x339cd0	_ZN7Walaber21NumericAnimationTrackC2ERKS0_	NumericAnimationTrack::NumericAnimationTrack	no-ghidra-function
0x339d24	_ZN7Walaber21NumericAnimationTrackaSERKS0_	_ZN7Walaber21NumericAnimationTrackaSERKS0_	no-ghidra-function
0x339d78	_ZN7Walaber21NumericAnimationTrackD2Ev	NumericAnimationTrack::~NumericAnimationTrack	no-ghidra-function
0x339d7c	_ZN7Walaber21NumericAnimationTrack12setAnimationEPNS_9AnimationE	Walaber::NumericAnimationTrack::setAnimation	no-ghidra-function
0x339d84	_ZN7Walaber21NumericAnimationTrack9loadCurveERKNSt6__ndk112basic_stringIcNS1_11char_traitsIcEENS1_9allocatorIcEEEE	Walaber::NumericAnimationTrack::loadCurve	no-ghidra-function
0x339ec4	_ZN7Walaber21NumericAnimationTrack21_curveFinishedLoadingEPv	Walaber::NumericAnimationTrack::_curveFinishedLoading	no-ghidra-function
0x339f04	_ZN7Walaber9SharedPtrINS_14MemberCallbackINS_21NumericAnimationTrackEEEED2Ev	SharedPtr<Walaber::MemberCallback<Walaber::NumericAnimationTrack>>::~SharedPtr	no-ghidra-function
0x339f5c	_ZN7Walaber21NumericAnimationTrack5applyENS_18AnimationBlendModeEfffb	Walaber::NumericAnimationTrack::apply	no-ghidra-function
0x33a034	_ZN7Walaber14MemberCallbackINS_21NumericAnimationTrackEED0Ev	MemberCallback<Walaber::NumericAnimationTrack>::~MemberCallback	no-ghidra-function
0x33a038	_ZN7Walaber14MemberCallbackINS_21NumericAnimationTrackEE6invokeEPv	Walaber::MemberCallback<Walaber::NumericAnimationTrack>::invoke	no-ghidra-function
0x33a068	_ZN7Walaber30SkeletonActorCueAnimationTrackC2Ev	SkeletonActorCueAnimationTrack::SkeletonActorCueAnimationTrack	no-ghidra-function
0x33a07c	_ZN7Walaber30SkeletonActorCueAnimationTrackC2EPNS_13SkeletonActorE	SkeletonActorCueAnimationTrack::SkeletonActorCueAnimationTrack	no-ghidra-function
0x33a090	_ZN7Walaber30SkeletonActorCueAnimationTrackC2ERKS0_	SkeletonActorCueAnimationTrack::SkeletonActorCueAnimationTrack	no-ghidra-function
0x33a0c8	_ZNSt6__ndk16vectorIN7Walaber30SkeletonActorCueAnimationTrack17CueAnimationEventENS_9allocatorIS3_EEEC2ERKS6_	vector<Walaber::SkeletonActorCueAnimationTrack::CueAnimationEvent, std::__ndk1::allocator<Walaber::SkeletonActorCueAnimationTrack>>::vector	no-ghidra-function
0x33a184	_ZN7Walaber30SkeletonActorCueAnimationTrackaSERKS0_	_ZN7Walaber30SkeletonActorCueAnimationTrackaSERKS0_	no-ghidra-function
0x33a1cc	_ZN7Walaber30SkeletonActorCueAnimationTrackD2Ev	SkeletonActorCueAnimationTrack::~SkeletonActorCueAnimationTrack	no-ghidra-function
0x33a1d4	_ZNSt6__ndk113__vector_baseIN7Walaber30SkeletonActorCueAnimationTrack17CueAnimationEventENS_9allocatorIS3_EEED2Ev	__vector_base<Walaber::SkeletonActorCueAnimationTrack::CueAnimationEvent, std::__ndk1::allocator<Walaber::SkeletonActorCueAnimationTrack>>::~__vector_base	no-ghidra-function
0x33a24c	_ZNSt6__ndk16vectorIN7Walaber30SkeletonActorCueAnimationTrack17CueAnimationEventENS_9allocatorIS3_EEE11__vallocateEm	std::__ndk1::vector<Walaber::SkeletonActorCueAnimationTrack::CueAnimationEvent, std::__ndk1::allocator<Walaber::SkeletonActorCueAnimationTrack>>::__vallocate	no-ghidra-function
0x33a2a4	_ZNSt6__ndk16vectorIN7Walaber30SkeletonActorCueAnimationTrack17CueAnimationEventENS_9allocatorIS3_EEE6assignIPS3_EENS_9enable_ifIXaasr21__is_forward_iteratorIT_EE5valuesr16is_constructibleIS3_NS_15iterator_traitsISA_E9referenceEEE5valueEvE4typeESA_SA_	std::__ndk1::vector<Walaber::SkeletonActorCueAnimationTrack::CueAnimationEvent, std::__ndk1::allocator<Walaber::SkeletonActorCueAnimationTrack>>::assign<Walaber::SkeletonActorCueAnimationTrack*>	no-ghidra-function
0x33a4bc	_ZNSt6__ndk16vectorIN7Walaber30SkeletonActorCueAnimationTrack17CueAnimationEventENS_9allocatorIS3_EEE13__vdeallocateEv	std::__ndk1::vector<Walaber::SkeletonActorCueAnimationTrack::CueAnimationEvent, std::__ndk1::allocator<Walaber::SkeletonActorCueAnimationTrack>>::__vdeallocate	no-ghidra-function
0x33a530	_ZN7Walaber20SpriteAnimationTrackC2Ev	SpriteAnimationTrack::SpriteAnimationTrack	no-ghidra-function
0x33a550	_ZN7Walaber20SpriteAnimationTrackC2EPNS_6SpriteE	SpriteAnimationTrack::SpriteAnimationTrack	no-ghidra-function
0x33a570	_ZN7Walaber20SpriteAnimationTrackC2ERKS0_	SpriteAnimationTrack::SpriteAnimationTrack	no-ghidra-function
0x33a5fc	_ZNSt6__ndk16vectorIN7Walaber20SpriteAnimationTrack20SpriteAnimationEventENS_9allocatorIS3_EEEC2ERKS6_	vector<Walaber::SpriteAnimationTrack::SpriteAnimationEvent, std::__ndk1::allocator<Walaber::SpriteAnimationTrack>>::vector	no-ghidra-function
0x33a6a8	_ZN7Walaber20SpriteAnimationTrackaSERKS0_	_ZN7Walaber20SpriteAnimationTrackaSERKS0_	no-ghidra-function
0x33a704	_ZN7Walaber20SpriteAnimationTrackD2Ev	SpriteAnimationTrack::~SpriteAnimationTrack	no-ghidra-function
0x33a72c	_ZNSt6__ndk113__vector_baseIN7Walaber20SpriteAnimationTrack20SpriteAnimationEventENS_9allocatorIS3_EEED2Ev	__vector_base<Walaber::SpriteAnimationTrack::SpriteAnimationEvent, std::__ndk1::allocator<Walaber::SpriteAnimationTrack>>::~__vector_base	no-ghidra-function
0x33a7a4	_ZNSt6__ndk16vectorIN7Walaber20SpriteAnimationTrack20SpriteAnimationEventENS_9allocatorIS3_EEE11__vallocateEm	std::__ndk1::vector<Walaber::SpriteAnimationTrack::SpriteAnimationEvent, std::__ndk1::allocator<Walaber::SpriteAnimationTrack>>::__vallocate	no-ghidra-function
0x33a7f4	_ZNSt6__ndk16vectorIN7Walaber20SpriteAnimationTrack20SpriteAnimationEventENS_9allocatorIS3_EEE6assignIPS3_EENS_9enable_ifIXaasr21__is_forward_iteratorIT_EE5valuesr16is_constructibleIS3_NS_15iterator_traitsISA_E9referenceEEE5valueEvE4typeESA_SA_	std::__ndk1::vector<Walaber::SpriteAnimationTrack::SpriteAnimationEvent, std::__ndk1::allocator<Walaber::SpriteAnimationTrack>>::assign<Walaber::SpriteAnimationTrack*>	no-ghidra-function
0x33a9d8	_ZNSt6__ndk16vectorIN7Walaber20SpriteAnimationTrack20SpriteAnimationEventENS_9allocatorIS3_EEE13__vdeallocateEv	std::__ndk1::vector<Walaber::SpriteAnimationTrack::SpriteAnimationEvent, std::__ndk1::allocator<Walaber::SpriteAnimationTrack>>::__vdeallocate	no-ghidra-function
0x33aa4c	_ZN7Walaber4Bone11setSkeletonEPNS_8SkeletonE	Walaber::Bone::setSkeleton	no-ghidra-function
0x33aa54	_ZN7Walaber8SkeletonC2Ev	Skeleton::Skeleton	no-ghidra-function
0x33ab40	_ZNSt6__ndk13mapIiPN7Walaber6SpriteENS_4lessIiEENS_9allocatorINS_4pairIKiS3_EEEEED2Ev	map<int, Walaber::Sprite*, std::__ndk1::less<int>, std::__ndk1::allocator<std::__ndk1::pair<int const, Walaber::Sprite>>>::~map	no-ghidra-function
0x33ab48	_ZNSt6__ndk13mapINS_12basic_stringIcNS_11char_traitsIcEENS_9allocatorIcEEEEPN7Walaber6SpriteENS_4lessIS6_EENS4_INS_4pairIKS6_S9_EEEEED2Ev	map<std::__ndk1::basic_string<char, std::__ndk1::char_traits<char>, std::__ndk1::allocator<char>>, Walaber::Sprite*, std::__ndk1::less<std::__ndk1::allocator<char>>, std::__ndk1::char_traits<char><std::__ndk1::pair<std::__ndk1::allocator<char> const, Walaber::Sprite>>>::~map	no-ghidra-function
0x33ab50	_ZNSt6__ndk13mapINS_12basic_stringIcNS_11char_traitsIcEENS_9allocatorIcEEEEPN7Walaber4BoneENS_4lessIS6_EENS4_INS_4pairIKS6_S9_EEEEED2Ev	map<std::__ndk1::basic_string<char, std::__ndk1::char_traits<char>, std::__ndk1::allocator<char>>, Walaber::Bone*, std::__ndk1::less<std::__ndk1::allocator<char>>, std::__ndk1::char_traits<char><std::__ndk1::pair<std::__ndk1::allocator<char> const, Walaber::Bone>>>::~map	no-ghidra-function
0x33ab58	_ZNSt6__ndk13mapIPN7Walaber4BoneENS1_8Skeleton13BoneLocalDataENS_4lessIS3_EENS_9allocatorINS_4pairIKS3_S5_EEEEED2Ev	map<Walaber::Bone*, std::__ndk1::map::Skeleton::BoneLocalData, std::__ndk1::less<Walaber::Bone>, std::__ndk1::allocator<std::__ndk1::pair<Walaber::Bone const, std::__ndk1::map::Skeleton::BoneLocalData>>>::~map	no-ghidra-function
0x33ab60	_ZN7Walaber8SkeletonC2ERKNSt6__ndk112basic_stringIcNS1_11char_traitsIcEENS1_9allocatorIcEEEEi	Skeleton::Skeleton	no-ghidra-function
0x33ac44	_ZN7Walaber8SkeletonC2ERKS0_	Skeleton::Skeleton	no-ghidra-function
0x33ae5c	_ZN7Walaber8SkeletonaSERKS0_	_ZN7Walaber8SkeletonaSERKS0_	no-ghidra-function
0x33aecc	_ZN7Walaber8SkeletonD2Ev	Skeleton::~Skeleton	no-ghidra-function
0x33b0c0	_ZN7Walaber8SkeletonD0Ev	Skeleton::~Skeleton	no-ghidra-function
0x33b0e4	_ZN7Walaber8Skeleton13createFromXmlERKNSt6__ndk112basic_stringIcNS1_11char_traitsIcEENS1_9allocatorIcEEEE	Walaber::Skeleton::createFromXml	no-ghidra-function
0x33b1dc	_ZN7Walaber8Skeleton17createFromXmlNodeEP8_xmlNode	Walaber::Skeleton::createFromXmlNode	no-ghidra-function
0x33c06c	_ZN7Walaber8Skeleton18_skeletonHasLoadedEPv	Walaber::Skeleton::_skeletonHasLoaded	no-ghidra-function
0x33c44c	_ZN7Walaber8Skeleton8setLayerEi	Walaber::Skeleton::setLayer	no-ghidra-function
0x33c4ec	_ZN7Walaber8Skeleton6updateEf	Walaber::Skeleton::update	no-ghidra-function
0x33c594	_ZN7Walaber8Skeleton4drawEPNS_11SpriteBatchE	Walaber::Skeleton::draw	no-ghidra-function
0x33c630	_ZN7Walaber8Skeleton22addSpriteAsChildToBoneEPNS_4BoneEPNS_6SpriteEi	Walaber::Skeleton::addSpriteAsChildToBone	no-ghidra-function
0x33c880	_ZN7Walaber8Skeleton11addRootBoneEPNS_4BoneE	Walaber::Skeleton::addRootBone	no-ghidra-function
0x33cab4	_ZN7Walaber8Skeleton12addChildBoneEPNS_4BoneES2_	Walaber::Skeleton::addChildBone	no-ghidra-function
0x33cce8	_ZN7Walaber8Skeleton7getBoneERKNSt6__ndk112basic_stringIcNS1_11char_traitsIcEENS1_9allocatorIcEEEE	Walaber::Skeleton::getBone	no-ghidra-function
0x33cd24	_ZN7Walaber8Skeleton9getSpriteERKNSt6__ndk112basic_stringIcNS1_11char_traitsIcEENS1_9allocatorIcEEEE	Walaber::Skeleton::getSprite	no-ghidra-function
0x33cd60	_ZN7Walaber8Skeleton7getNodeERKNSt6__ndk112basic_stringIcNS1_11char_traitsIcEENS1_9allocatorIcEEEE	Walaber::Skeleton::getNode	no-ghidra-function
0x33cdc0	_ZN7Walaber8Skeleton21_animationsHaveLoadedEPv	Walaber::Skeleton::_animationsHaveLoaded	no-ghidra-function
0x33cef0	_ZN7Walaber9SharedPtrINS_14MemberCallbackINS_8SkeletonEEEED2Ev	SharedPtr<Walaber::MemberCallback<Walaber::Skeleton>>::~SharedPtr	no-ghidra-function
0x33cf48	_ZN7Walaber8Skeleton18_setNodePropertiesEP8_xmlNodePNS_4NodeE	Walaber::Skeleton::_setNodeProperties	no-ghidra-function
0x33d168	_ZN7Walaber8Skeleton11setBindPoseEv	Walaber::Skeleton::setBindPose	no-ghidra-function
0x33d2d4	_ZN7Walaber8Skeleton21setSkeletonToBindPoseEv	Walaber::Skeleton::setSkeletonToBindPose	no-ghidra-function
0x33d464	_ZN7Walaber8Skeleton22getBindPoseDataForBoneEPNS_4BoneERNS0_13BoneLocalDataE	Walaber::Skeleton::getBindPoseDataForBone	no-ghidra-function
0x33d4f8	_ZN7Walaber8Skeleton8setColorERKNS_5ColorE	Walaber::Skeleton::setColor	no-ghidra-function
0x33d5a8	_ZN7Walaber8Skeleton16scaleSpriteScaleERKNS_7Vector2E	Walaber::Skeleton::scaleSpriteScale	no-ghidra-function
0x33d67c	_ZN7Walaber8Skeleton14setScreenSpaceEb	Walaber::Skeleton::setScreenSpace	no-ghidra-function
0x33d774	_ZN7Walaber3XML13loadDocMemoryEPcmNSt6__ndk112basic_stringIcNS2_11char_traitsIcEENS2_9allocatorIcEEEERP7_xmlDoc	Walaber::XML::loadDocMemory	no-ghidra-function
0x33d830	_ZN7Walaber7PCSNode7setNameERKNSt6__ndk112basic_stringIcNS1_11char_traitsIcEENS1_9allocatorIcEEEE	Walaber::PCSNode::setName	no-ghidra-function
0x33d888	_ZNSt6__ndk16__treeINS_12__value_typeIiPN7Walaber6SpriteEEENS_19__map_value_compareIiS5_NS_4lessIiEELb1EEENS_9allocatorIS5_EEE7destroyEPNS_11__tree_nodeIS5_PvEE	std::__ndk1::__tree<std::__ndk1::__value_type<int, Walaber::Sprite*>, std::__ndk1::__map_value_compare<int, std::__ndk1::__value_type<int, Walaber::Sprite*>, std::__ndk1::less<int>, bool>>::std::__ndk1::allocator<std::__ndk1::__value_type<int, Walaber::Sprite*>>	no-ghidra-function
0x33d8c8	_ZNSt6__ndk16__treeINS_12__value_typeINS_12basic_stringIcNS_11char_traitsIcEENS_9allocatorIcEEEEPN7Walaber6SpriteEEENS_19__map_value_compareIS7_SB_NS_4lessIS7_EELb1EEENS5_ISB_EEE7destroyEPNS_11__tree_nodeISB_PvEE	_ZNSt6__ndk16__treeINS_12__value_typeINS_12basic_stringIcNS_11char_traitsIcEENS_9allocatorIcEEEEPN7Walaber6SpriteEEENS_19__map_value_compareIS7_SB_NS_4lessIS7_EELb1EEENS5_ISB_EEE7destroyEPNS_11__tree_nodeISB_PvEE	no-ghidra-function
0x33d918	_ZNSt6__ndk16__treeINS_12__value_typeINS_12basic_stringIcNS_11char_traitsIcEENS_9allocatorIcEEEEPN7Walaber4BoneEEENS_19__map_value_compareIS7_SB_NS_4lessIS7_EELb1EEENS5_ISB_EEE7destroyEPNS_11__tree_nodeISB_PvEE	_ZNSt6__ndk16__treeINS_12__value_typeINS_12basic_stringIcNS_11char_traitsIcEENS_9allocatorIcEEEEPN7Walaber4BoneEEENS_19__map_value_compareIS7_SB_NS_4lessIS7_EELb1EEENS5_ISB_EEE7destroyEPNS_11__tree_nodeISB_PvEE	no-ghidra-function
0x33d968	_ZNSt6__ndk16__treeINS_12__value_typeIPN7Walaber4BoneENS2_8Skeleton13BoneLocalDataEEENS_19__map_value_compareIS4_S7_NS_4lessIS4_EELb1EEENS_9allocatorIS7_EEE7destroyEPNS_11__tree_nodeIS7_PvEE	std::__ndk1::__tree<std::__ndk1::__value_type<Walaber::Bone*, std::__ndk1::__value_type::Skeleton::BoneLocalData>, std::__ndk1::__map_value_compare<Walaber::Bone, std::__ndk1::__value_type<Walaber::Bone*, std::__ndk1::__value_type::Skeleton::BoneLocalData>, std::__ndk1::less<Walaber::Bone>, bool>>::std::__ndk1::allocator<std::__ndk1::__value_type<Walaber::Bone*, std::__ndk1::__value_type::Skeleton::BoneLocalData>>	no-ghidra-function
0x33d9a8	_ZN7Walaber4BoneD0Ev	Bone::~Bone	no-ghidra-function
0x33d9cc	_ZNSt6__ndk112__deque_baseIPN7Walaber4NodeENS_9allocatorIS3_EEED2Ev	__deque_base<Walaber::Node*, std::__ndk1::allocator<Walaber::Node>>::~__deque_base	no-ghidra-function
0x33da14	_ZNSt6__ndk112__deque_baseIPN7Walaber4NodeENS_9allocatorIS3_EEE5clearEv	std::__ndk1::__deque_base<Walaber::Node*, std::__ndk1::allocator<Walaber::Node>>::clear	no-ghidra-function
0x33daf8	_ZNSt6__ndk114__split_bufferIPPN7Walaber4NodeENS_9allocatorIS4_EEED2Ev	__split_buffer<Walaber::Node**, std::__ndk1::allocator<std::__ndk1::allocator>>::~__split_buffer	no-ghidra-function
0x33db2c	_ZNSt6__ndk16__treeINS_12__value_typeINS_12basic_stringIcNS_11char_traitsIcEENS_9allocatorIcEEEEPN7Walaber4BoneEEENS_19__map_value_compareIS7_SB_NS_4lessIS7_EELb1EEENS5_ISB_EEE30__emplace_hint_unique_key_argsIS7_JRKNS_4pairIKS7_SA_EEEEENS_15__tree_iteratorISB_PNS_11__tree_nodeISB_PvEElEENS_21__tree_const_iteratorISB_SS_lEERKT_DpOT0_	_ZNSt6__ndk16__treeINS_12__value_typeINS_12basic_stringIcNS_11char_traitsIcEENS_9allocatorIcEEEEPN7Walaber4BoneEEENS_19__map_value_compareIS7_SB_NS_4lessIS7_EELb1EEENS5_ISB_EEE30__emplace_hint_unique_key_argsIS7_JRKNS_4pairIKS7_SA_EEEEENS_15__tree_iteratorISB_PNS_11__tree_nodeISB_PvEElEENS_21__tree_const_iteratorISB_SS_lEERKT_DpOT0_	no-ghidra-function
0x33dbbc	_ZNSt6__ndk16__treeINS_12__value_typeINS_12basic_stringIcNS_11char_traitsIcEENS_9allocatorIcEEEEPN7Walaber4BoneEEENS_19__map_value_compareIS7_SB_NS_4lessIS7_EELb1EEENS5_ISB_EEE12__find_equalIS7_EERPNS_16__tree_node_baseIPvEENS_21__tree_const_iteratorISB_PNS_11__tree_nodeISB_SK_EElEERPNS_15__tree_end_nodeISM_EESN_RKT_	_ZNSt6__ndk16__treeINS_12__value_typeINS_12basic_stringIcNS_11char_traitsIcEENS_9allocatorIcEEEEPN7Walaber4BoneEEENS_19__map_value_compareIS7_SB_NS_4lessIS7_EELb1EEENS5_ISB_EEE12__find_equalIS7_EERPNS_16__tree_node_baseIPvEENS_21__tree_const_iteratorISB_PNS_11__tree_nodeISB_SK_EElEERPNS_15__tree_end_nodeISM_EESN_RKT_	no-ghidra-function
0x33dea8	_ZNSt6__ndk16__treeINS_12__value_typeINS_12basic_stringIcNS_11char_traitsIcEENS_9allocatorIcEEEEPN7Walaber4BoneEEENS_19__map_value_compareIS7_SB_NS_4lessIS7_EELb1EEENS5_ISB_EEE16__construct_nodeIJRKNS_4pairIKS7_SA_EEEEENS_10unique_ptrINS_11__tree_nodeISB_PvEENS_22__tree_node_destructorINS5_ISR_EEEEEEDpOT_	_ZNSt6__ndk16__treeINS_12__value_typeINS_12basic_stringIcNS_11char_traitsIcEENS_9allocatorIcEEEEPN7Walaber4BoneEEENS_19__map_value_compareIS7_SB_NS_4lessIS7_EELb1EEENS5_ISB_EEE16__construct_nodeIJRKNS_4pairIKS7_SA_EEEEENS_10unique_ptrINS_11__tree_nodeISB_PvEENS_22__tree_node_destructorINS5_ISR_EEEEEEDpOT_	no-ghidra-function
0x33df1c	_ZNSt6__ndk16__treeINS_12__value_typeINS_12basic_stringIcNS_11char_traitsIcEENS_9allocatorIcEEEEPN7Walaber4BoneEEENS_19__map_value_compareIS7_SB_NS_4lessIS7_EELb1EEENS5_ISB_EEE16__insert_node_atEPNS_15__tree_end_nodeIPNS_16__tree_node_baseIPvEEEERSM_SM_	_ZNSt6__ndk16__treeINS_12__value_typeINS_12basic_stringIcNS_11char_traitsIcEENS_9allocatorIcEEEEPN7Walaber4BoneEEENS_19__map_value_compareIS7_SB_NS_4lessIS7_EELb1EEENS5_ISB_EEE16__insert_node_atEPNS_15__tree_end_nodeIPNS_16__tree_node_baseIPvEEEERSM_SM_	no-ghidra-function
0x33df70	_ZNSt6__ndk16__treeINS_12__value_typeINS_12basic_stringIcNS_11char_traitsIcEENS_9allocatorIcEEEEPN7Walaber4BoneEEENS_19__map_value_compareIS7_SB_NS_4lessIS7_EELb1EEENS5_ISB_EEE12__find_equalIS7_EERPNS_16__tree_node_baseIPvEERPNS_15__tree_end_nodeISM_EERKT_	_ZNSt6__ndk16__treeINS_12__value_typeINS_12basic_stringIcNS_11char_traitsIcEENS_9allocatorIcEEEEPN7Walaber4BoneEEENS_19__map_value_compareIS7_SB_NS_4lessIS7_EELb1EEENS5_ISB_EEE12__find_equalIS7_EERPNS_16__tree_node_baseIPvEERPNS_15__tree_end_nodeISM_EERKT_	no-ghidra-function
0x33e09c	_ZNSt6__ndk16__treeINS_12__value_typeINS_12basic_stringIcNS_11char_traitsIcEENS_9allocatorIcEEEEPN7Walaber6SpriteEEENS_19__map_value_compareIS7_SB_NS_4lessIS7_EELb1EEENS5_ISB_EEE30__emplace_hint_unique_key_argsIS7_JRKNS_4pairIKS7_SA_EEEEENS_15__tree_iteratorISB_PNS_11__tree_nodeISB_PvEElEENS_21__tree_const_iteratorISB_SS_lEERKT_DpOT0_	_ZNSt6__ndk16__treeINS_12__value_typeINS_12basic_stringIcNS_11char_traitsIcEENS_9allocatorIcEEEEPN7Walaber6SpriteEEENS_19__map_value_compareIS7_SB_NS_4lessIS7_EELb1EEENS5_ISB_EEE30__emplace_hint_unique_key_argsIS7_JRKNS_4pairIKS7_SA_EEEEENS_15__tree_iteratorISB_PNS_11__tree_nodeISB_PvEElEENS_21__tree_const_iteratorISB_SS_lEERKT_DpOT0_	no-ghidra-function
0x33e12c	_ZNSt6__ndk16__treeINS_12__value_typeINS_12basic_stringIcNS_11char_traitsIcEENS_9allocatorIcEEEEPN7Walaber6SpriteEEENS_19__map_value_compareIS7_SB_NS_4lessIS7_EELb1EEENS5_ISB_EEE12__find_equalIS7_EERPNS_16__tree_node_baseIPvEENS_21__tree_const_iteratorISB_PNS_11__tree_nodeISB_SK_EElEERPNS_15__tree_end_nodeISM_EESN_RKT_	_ZNSt6__ndk16__treeINS_12__value_typeINS_12basic_stringIcNS_11char_traitsIcEENS_9allocatorIcEEEEPN7Walaber6SpriteEEENS_19__map_value_compareIS7_SB_NS_4lessIS7_EELb1EEENS5_ISB_EEE12__find_equalIS7_EERPNS_16__tree_node_baseIPvEENS_21__tree_const_iteratorISB_PNS_11__tree_nodeISB_SK_EElEERPNS_15__tree_end_nodeISM_EESN_RKT_	no-ghidra-function
0x33e418	_ZNSt6__ndk16__treeINS_12__value_typeINS_12basic_stringIcNS_11char_traitsIcEENS_9allocatorIcEEEEPN7Walaber6SpriteEEENS_19__map_value_compareIS7_SB_NS_4lessIS7_EELb1EEENS5_ISB_EEE16__construct_nodeIJRKNS_4pairIKS7_SA_EEEEENS_10unique_ptrINS_11__tree_nodeISB_PvEENS_22__tree_node_destructorINS5_ISR_EEEEEEDpOT_	_ZNSt6__ndk16__treeINS_12__value_typeINS_12basic_stringIcNS_11char_traitsIcEENS_9allocatorIcEEEEPN7Walaber6SpriteEEENS_19__map_value_compareIS7_SB_NS_4lessIS7_EELb1EEENS5_ISB_EEE16__construct_nodeIJRKNS_4pairIKS7_SA_EEEEENS_10unique_ptrINS_11__tree_nodeISB_PvEENS_22__tree_node_destructorINS5_ISR_EEEEEEDpOT_	no-ghidra-function
0x33e48c	_ZNSt6__ndk16__treeINS_12__value_typeINS_12basic_stringIcNS_11char_traitsIcEENS_9allocatorIcEEEEPN7Walaber6SpriteEEENS_19__map_value_compareIS7_SB_NS_4lessIS7_EELb1EEENS5_ISB_EEE16__insert_node_atEPNS_15__tree_end_nodeIPNS_16__tree_node_baseIPvEEEERSM_SM_	_ZNSt6__ndk16__treeINS_12__value_typeINS_12basic_stringIcNS_11char_traitsIcEENS_9allocatorIcEEEEPN7Walaber6SpriteEEENS_19__map_value_compareIS7_SB_NS_4lessIS7_EELb1EEENS5_ISB_EEE16__insert_node_atEPNS_15__tree_end_nodeIPNS_16__tree_node_baseIPvEEEERSM_SM_	no-ghidra-function
0x33e4e0	_ZNSt6__ndk16__treeINS_12__value_typeINS_12basic_stringIcNS_11char_traitsIcEENS_9allocatorIcEEEEPN7Walaber6SpriteEEENS_19__map_value_compareIS7_SB_NS_4lessIS7_EELb1EEENS5_ISB_EEE12__find_equalIS7_EERPNS_16__tree_node_baseIPvEERPNS_15__tree_end_nodeISM_EERKT_	_ZNSt6__ndk16__treeINS_12__value_typeINS_12basic_stringIcNS_11char_traitsIcEENS_9allocatorIcEEEEPN7Walaber6SpriteEEENS_19__map_value_compareIS7_SB_NS_4lessIS7_EELb1EEENS5_ISB_EEE12__find_equalIS7_EERPNS_16__tree_node_baseIPvEERPNS_15__tree_end_nodeISM_EERKT_	no-ghidra-function
0x33ee8c	_ZNSt6__ndk16__treeINS_12__value_typeINS_12basic_stringIcNS_11char_traitsIcEENS_9allocatorIcEEEEPN7Walaber6SpriteEEENS_19__map_value_compareIS7_SB_NS_4lessIS7_EELb1EEENS5_ISB_EEE13__lower_boundIS7_EENS_15__tree_iteratorISB_PNS_11__tree_nodeISB_PvEElEERKT_SN_PNS_15__tree_end_nodeIPNS_16__tree_node_baseISL_EEEE	_ZNSt6__ndk16__treeINS_12__value_typeINS_12basic_stringIcNS_11char_traitsIcEENS_9allocatorIcEEEEPN7Walaber6SpriteEEENS_19__map_value_compareIS7_SB_NS_4lessIS7_EELb1EEENS5_ISB_EEE13__lower_boundIS7_EENS_15__tree_iteratorISB_PNS_11__tree_nodeISB_PvEElEERKT_SN_PNS_15__tree_end_nodeIPNS_16__tree_node_baseISL_EEEE	no-ghidra-function
0x33ef3c	_ZNSt6__ndk16__treeINS_12__value_typeINS_12basic_stringIcNS_11char_traitsIcEENS_9allocatorIcEEEEPN7Walaber6SpriteEEENS_19__map_value_compareIS7_SB_NS_4lessIS7_EELb1EEENS5_ISB_EEE25__emplace_unique_key_argsIS7_JRKNS_21piecewise_construct_tENS_5tupleIJOS7_EEENSM_IJEEEEEENS_4pairINS_15__tree_iteratorISB_PNS_11__tree_nodeISB_PvEElEEbEERKT_DpOT0_	_ZNSt6__ndk16__treeINS_12__value_typeINS_12basic_stringIcNS_11char_traitsIcEENS_9allocatorIcEEEEPN7Walaber6SpriteEEENS_19__map_value_compareIS7_SB_NS_4lessIS7_EELb1EEENS5_ISB_EEE25__emplace_unique_key_argsIS7_JRKNS_21piecewise_construct_tENS_5tupleIJOS7_EEENSM_IJEEEEEENS_4pairINS_15__tree_iteratorISB_PNS_11__tree_nodeISB_PvEElEEbEERKT_DpOT0_	no-ghidra-function
0x33effc	_ZNSt6__ndk16__treeINS_12__value_typeIiPN7Walaber6SpriteEEENS_19__map_value_compareIiS5_NS_4lessIiEELb1EEENS_9allocatorIS5_EEE25__emplace_unique_key_argsIiJRKNS_21piecewise_construct_tENS_5tupleIJRKiEEENSH_IJEEEEEENS_4pairINS_15__tree_iteratorIS5_PNS_11__tree_nodeIS5_PvEElEEbEERKT_DpOT0_	std::__ndk1::__tree<std::__ndk1::__value_type<int, Walaber::Sprite*>, std::__ndk1::__map_value_compare<int, std::__ndk1::__value_type<int, Walaber::Sprite*>, std::__ndk1::less<int>, bool>>::std::__ndk1::allocator<std::__ndk1::__value_type<int, Walaber::Sprite*>>	no-ghidra-function
0x33f0d0	_ZNSt6__ndk16__treeINS_12__value_typeIiPN7Walaber6SpriteEEENS_19__map_value_compareIiS5_NS_4lessIiEELb1EEENS_9allocatorIS5_EEE16__insert_node_atEPNS_15__tree_end_nodeIPNS_16__tree_node_baseIPvEEEERSH_SH_	std::__ndk1::__tree<std::__ndk1::__value_type<int, Walaber::Sprite*>, std::__ndk1::__map_value_compare<int, std::__ndk1::__value_type<int, Walaber::Sprite*>, std::__ndk1::less<int>, bool>>::std::__ndk1::allocator<std::__ndk1::__value_type<int, Walaber::Sprite*>>	no-ghidra-function
0x33f124	_ZNSt6__ndk16__treeINS_12__value_typeIPN7Walaber4BoneENS2_8Skeleton13BoneLocalDataEEENS_19__map_value_compareIS4_S7_NS_4lessIS4_EELb1EEENS_9allocatorIS7_EEE25__emplace_unique_key_argsIS4_JRKNS_21piecewise_construct_tENS_5tupleIJRKS4_EEENSJ_IJEEEEEENS_4pairINS_15__tree_iteratorIS7_PNS_11__tree_nodeIS7_PvEElEEbEERKT_DpOT0_	std::__ndk1::__tree<std::__ndk1::__value_type<Walaber::Bone*, std::__ndk1::__value_type::Skeleton::BoneLocalData>, std::__ndk1::__map_value_compare<Walaber::Bone, std::__ndk1::__value_type<Walaber::Bone*, std::__ndk1::__value_type::Skeleton::BoneLocalData>, std::__ndk1::less<Walaber::Bone>, bool>>::std::__ndk1::allocator<std::__ndk1::__value_type<Walaber::Bone*, std::__ndk1::__value_type::Skeleton::BoneLocalData>>	no-ghidra-function
0x33f1fc	_ZNSt6__ndk16__treeINS_12__value_typeIPN7Walaber4BoneENS2_8Skeleton13BoneLocalDataEEENS_19__map_value_compareIS4_S7_NS_4lessIS4_EELb1EEENS_9allocatorIS7_EEE16__insert_node_atEPNS_15__tree_end_nodeIPNS_16__tree_node_baseIPvEEEERSJ_SJ_	std::__ndk1::__tree<std::__ndk1::__value_type<Walaber::Bone*, std::__ndk1::__value_type::Skeleton::BoneLocalData>, std::__ndk1::__map_value_compare<Walaber::Bone, std::__ndk1::__value_type<Walaber::Bone*, std::__ndk1::__value_type::Skeleton::BoneLocalData>, std::__ndk1::less<Walaber::Bone>, bool>>::std::__ndk1::allocator<std::__ndk1::__value_type<Walaber::Bone*, std::__ndk1::__value_type::Skeleton::BoneLocalData>>	no-ghidra-function
0x33f250	_ZNSt6__ndk16__treeINS_12__value_typeINS_12basic_stringIcNS_11char_traitsIcEENS_9allocatorIcEEEEPN7Walaber4BoneEEENS_19__map_value_compareIS7_SB_NS_4lessIS7_EELb1EEENS5_ISB_EEE4findIS7_EENS_15__tree_iteratorISB_PNS_11__tree_nodeISB_PvEElEERKT_	_ZNSt6__ndk16__treeINS_12__value_typeINS_12basic_stringIcNS_11char_traitsIcEENS_9allocatorIcEEEEPN7Walaber4BoneEEENS_19__map_value_compareIS7_SB_NS_4lessIS7_EELb1EEENS5_ISB_EEE4findIS7_EENS_15__tree_iteratorISB_PNS_11__tree_nodeISB_PvEElEERKT_	no-ghidra-function
0x33f308	_ZNSt6__ndk16__treeINS_12__value_typeINS_12basic_stringIcNS_11char_traitsIcEENS_9allocatorIcEEEEPN7Walaber4BoneEEENS_19__map_value_compareIS7_SB_NS_4lessIS7_EELb1EEENS5_ISB_EEE13__lower_boundIS7_EENS_15__tree_iteratorISB_PNS_11__tree_nodeISB_PvEElEERKT_SN_PNS_15__tree_end_nodeIPNS_16__tree_node_baseISL_EEEE	_ZNSt6__ndk16__treeINS_12__value_typeINS_12basic_stringIcNS_11char_traitsIcEENS_9allocatorIcEEEEPN7Walaber4BoneEEENS_19__map_value_compareIS7_SB_NS_4lessIS7_EELb1EEENS5_ISB_EEE13__lower_boundIS7_EENS_15__tree_iteratorISB_PNS_11__tree_nodeISB_PvEElEERKT_SN_PNS_15__tree_end_nodeIPNS_16__tree_node_baseISL_EEEE	no-ghidra-function
0x33f3b8	_ZNSt6__ndk16__treeINS_12__value_typeINS_12basic_stringIcNS_11char_traitsIcEENS_9allocatorIcEEEEPN7Walaber4BoneEEENS_19__map_value_compareIS7_SB_NS_4lessIS7_EELb1EEENS5_ISB_EEE25__emplace_unique_key_argsIS7_JRKNS_21piecewise_construct_tENS_5tupleIJOS7_EEENSM_IJEEEEEENS_4pairINS_15__tree_iteratorISB_PNS_11__tree_nodeISB_PvEElEEbEERKT_DpOT0_	_ZNSt6__ndk16__treeINS_12__value_typeINS_12basic_stringIcNS_11char_traitsIcEENS_9allocatorIcEEEEPN7Walaber4BoneEEENS_19__map_value_compareIS7_SB_NS_4lessIS7_EELb1EEENS5_ISB_EEE25__emplace_unique_key_argsIS7_JRKNS_21piecewise_construct_tENS_5tupleIJOS7_EEENSM_IJEEEEEENS_4pairINS_15__tree_iteratorISB_PNS_11__tree_nodeISB_PvEElEEbEERKT_DpOT0_	no-ghidra-function
0x33f478	_ZN7Walaber14MemberCallbackINS_8SkeletonEED0Ev	MemberCallback<Walaber::Skeleton>::~MemberCallback	no-ghidra-function
0x33f47c	_ZN7Walaber14MemberCallbackINS_8SkeletonEE6invokeEPv	Walaber::MemberCallback<Walaber::Skeleton>::invoke	no-ghidra-function
0x33f4ac	_ZNSt6__ndk15dequeIPN7Walaber4NodeENS_9allocatorIS3_EEE9push_backEOS3_	std::__ndk1::deque<Walaber::Node*, std::__ndk1::allocator<Walaber::Node>>::push_back	no-ghidra-function
0x33f524	_ZNSt6__ndk15dequeIPN7Walaber4NodeENS_9allocatorIS3_EEE19__add_back_capacityEv	std::__ndk1::deque<Walaber::Node*, std::__ndk1::allocator<Walaber::Node>>::__add_back_capacity	no-ghidra-function
0x33f8a4	_ZNSt6__ndk114__split_bufferIPPN7Walaber4NodeENS_9allocatorIS4_EEE9push_backEOS4_	std::__ndk1::__split_buffer<Walaber::Node**, std::__ndk1::allocator<std::__ndk1::allocator>>::push_back	no-ghidra-function
0x33fa24	_ZNSt6__ndk114__split_bufferIPPN7Walaber4NodeENS_9allocatorIS4_EEE10push_frontEOS4_	std::__ndk1::__split_buffer<Walaber::Node**, std::__ndk1::allocator<std::__ndk1::allocator>>::push_front	no-ghidra-function
0x33fbac	_ZNSt6__ndk114__split_bufferIPPN7Walaber4NodeERNS_9allocatorIS4_EEEC2EmmS7_	__split_buffer<Walaber::Node**, std::__ndk1::allocator<std::__ndk1::allocator>&>::__split_buffer	no-ghidra-function
0x33fc5c	_ZNSt6__ndk114__split_bufferIPPN7Walaber4NodeERNS_9allocatorIS4_EEE9push_backEOS4_	std::__ndk1::__split_buffer<Walaber::Node**, std::__ndk1::allocator<std::__ndk1::allocator>&>::push_back	no-ghidra-function
0x33fddc	_ZNSt6__ndk114__split_bufferIPPN7Walaber4NodeERNS_9allocatorIS4_EEE10push_frontERKS4_	std::__ndk1::__split_buffer<Walaber::Node**, std::__ndk1::allocator<std::__ndk1::allocator>&>::push_front	no-ghidra-function
0x33ff64	_ZNSt6__ndk15dequeIPN7Walaber4NodeENS_9allocatorIS3_EEE8pop_backEv	std::__ndk1::deque<Walaber::Node*, std::__ndk1::allocator<Walaber::Node>>::pop_back	no-ghidra-function
0x33ffc4	_ZN7Walaber13SkeletonActorC2Ev	SkeletonActor::SkeletonActor	no-ghidra-function
0x3400a0	_ZNSt6__ndk13mapINS_12basic_stringIcNS_11char_traitsIcEENS_9allocatorIcEEEEPN7Walaber13SkeletonActor4PropENS_4lessIS6_EENS4_INS_4pairIKS6_SA_EEEEED2Ev	_ZNSt6__ndk13mapINS_12basic_stringIcNS_11char_traitsIcEENS_9allocatorIcEEEEPN7Walaber13SkeletonActor4PropENS_4lessIS6_EENS4_INS_4pairIKS6_SA_EEEEED2Ev	no-ghidra-function
0x3400a8	_ZN7Walaber13SkeletonActorD2Ev	SkeletonActor::~SkeletonActor	no-ghidra-function
0x340490	_ZN7Walaber13SkeletonActor12loadSkeletonERKNSt6__ndk112basic_stringIcNS1_11char_traitsIcEENS1_9allocatorIcEEEES9_	Walaber::SkeletonActor::loadSkeleton	no-ghidra-function
0x3405e4	_ZN7Walaber13SkeletonActor15_skeletonLoadedEPv	Walaber::SkeletonActor::_skeletonLoaded	no-ghidra-function
0x340754	_ZN7Walaber9SharedPtrINS_14MemberCallbackINS_13SkeletonActorEEEED2Ev	SharedPtr<Walaber::MemberCallback<Walaber::SkeletonActor>>::~SharedPtr	no-ghidra-function
0x3407ac	_ZN7Walaber13SkeletonActor37loadSkeletonWithAnimationDescriptionsERKNSt6__ndk112basic_stringIcNS1_11char_traitsIcEENS1_9allocatorIcEEEES9_S9_	Walaber::SkeletonActor::loadSkeletonWithAnimationDescriptions	no-ghidra-function
0x340914	_ZN7Walaber13SkeletonActor24_clearAnimationGroupDataEv	Walaber::SkeletonActor::_clearAnimationGroupData	no-ghidra-function
0x340b44	_ZN7Walaber13SkeletonActor14_xmlFileLoadedEPv	Walaber::SkeletonActor::_xmlFileLoaded	no-ghidra-function
0x344798	_ZN7Walaber13SkeletonActor4initERKNS_7Vector2ERKNSt6__ndk112basic_stringIcNS4_11char_traitsIcEENS4_9allocatorIcEEEES3_b	Walaber::SkeletonActor::init	no-ghidra-function
0x344c40	_ZN7Walaber13SkeletonActor8setColorERKNS_5ColorE	Walaber::SkeletonActor::setColor	no-ghidra-function
0x345070	_ZN7Walaber13SkeletonActor13playAnimationENSt6__ndk112basic_stringIcNS1_11char_traitsIcEENS1_9allocatorIcEEEENS0_19AnimationSoundStateEfNS_21AnimationPlaybackModeEib	Walaber::SkeletonActor::playAnimation	no-ghidra-function
0x34511c	_ZN7Walaber13SkeletonActor37getArmatureAnimationForActorAnimationENSt6__ndk112basic_stringIcNS1_11char_traitsIcEENS1_9allocatorIcEEEE	Walaber::SkeletonActor::getArmatureAnimationForActorAnimation	no-ghidra-function
0x34518c	_ZN7Walaber13SkeletonActor19_clearNonScenePropsEv	Walaber::SkeletonActor::_clearNonSceneProps	no-ghidra-function
0x34526c	_ZN7Walaber13SkeletonActor22playAnimationFromGroupENSt6__ndk112basic_stringIcNS1_11char_traitsIcEENS1_9allocatorIcEEEENS_21AnimationPlaybackModeEib	Walaber::SkeletonActor::playAnimationFromGroup	no-ghidra-function
0x345304	_ZN7Walaber13SkeletonActor23_playAnimationFromGroupEiNS0_19AnimationSoundStateENS_21AnimationPlaybackModeEib	Walaber::SkeletonActor::_playAnimationFromGroup	no-ghidra-function
0x3454d8	_ZN7Walaber13SkeletonActor22playAnimationFromGroupENSt6__ndk112basic_stringIcNS1_11char_traitsIcEENS1_9allocatorIcEEEENS0_19AnimationSoundStateENS_21AnimationPlaybackModeEib	Walaber::SkeletonActor::playAnimationFromGroup	no-ghidra-function
0x345574	_ZN7Walaber13SkeletonActor24isAnimationMemberOfGroupERKNSt6__ndk112basic_stringIcNS1_11char_traitsIcEENS1_9allocatorIcEEEES9_	Walaber::SkeletonActor::isAnimationMemberOfGroup	no-ghidra-function
0x3455ec	_ZN7Walaber13SkeletonActor31isCurrentAnimationMemberOfGroupERKNSt6__ndk112basic_stringIcNS1_11char_traitsIcEENS1_9allocatorIcEEEE	Walaber::SkeletonActor::isCurrentAnimationMemberOfGroup	no-ghidra-function
0x34567c	_ZN7Walaber13SkeletonActor11setPositionENS_7Vector2E	Walaber::SkeletonActor::setPosition	no-ghidra-function
0x345698	_ZN7Walaber13SkeletonActor8setAngleEf	Walaber::SkeletonActor::setAngle	no-ghidra-function
0x3456f8	_ZN7Walaber13SkeletonActor23_animationEventCallbackEPv	Walaber::SkeletonActor::_animationEventCallback	no-ghidra-function
0x345a80	_ZN7Walaber16AnimationManager21registerEventCallbackEPvNS_9SharedPtrINS_8CallbackEEE	Walaber::AnimationManager::registerEventCallback	no-ghidra-function
0x345af8	_ZN7Walaber11XMLDocument8IteratorppEv	_ZN7Walaber11XMLDocument8IteratorppEv	no-ghidra-function
0x345b50	_ZN7Walaber11XMLDocument8Iterator11getNodeNameEv	Walaber::XMLDocument::Iterator::getNodeName	no-ghidra-function
0x345bec	_ZN7Walaber9SharedPtrINS_13SkeletonActor15EventActionDataEED2Ev	SharedPtr<Walaber::SkeletonActor::EventActionData>::~SharedPtr	no-ghidra-function
0x345c44	_ZN7Walaber13SkeletonActor23eventActionPtrPredicateENS_9SharedPtrINS0_15EventActionDataEEES3_	Walaber::SkeletonActor::eventActionPtrPredicate	no-ghidra-function
0x345c60	_ZN7Walaber11XMLDocument13NamedIteratorppEv	_ZN7Walaber11XMLDocument13NamedIteratorppEv	no-ghidra-function
0x345ccc	_ZN7Walaber15ParticleEmitter14addEmitterZoneERKNS0_11EmitterZoneE	Walaber::ParticleEmitter::addEmitterZone	no-ghidra-function
0x345d10	_ZN7Walaber13SkeletonActor22_getAnimationNameIndexERKNSt6__ndk112basic_stringIcNS1_11char_traitsIcEENS1_9allocatorIcEEEE	Walaber::SkeletonActor::_getAnimationNameIndex	no-ghidra-function
0x345e08	_ZN7Walaber13SkeletonActor14_doEventActionENS_9SharedPtrINS0_15EventActionDataEEE	Walaber::SkeletonActor::_doEventAction	no-ghidra-function
0x346624	_ZN7Walaber13SkeletonActor12_soundLoadedEPv	Walaber::SkeletonActor::_soundLoaded	no-ghidra-function
0x3468dc	_ZN7Walaber13SkeletonActor13_gotSoundFileEPv	Walaber::SkeletonActor::_gotSoundFile	no-ghidra-function
0x346be4	_ZN7Walaber13SkeletonActor11pauseSoundsEv	Walaber::SkeletonActor::pauseSounds	no-ghidra-function
0x346c44	_ZN7Walaber13SkeletonActor12resumeSoundsEv	Walaber::SkeletonActor::resumeSounds	no-ghidra-function
0x346ca4	_ZN7Walaber13SkeletonActor13stopAllSoundsEv	Walaber::SkeletonActor::stopAllSounds	no-ghidra-function
0x346d2c	_ZNSt6__ndk16__treeINS_12__value_typeINS_12basic_stringIcNS_11char_traitsIcEENS_9allocatorIcEEEEPN7Walaber13SkeletonActor4PropEEENS_19__map_value_compareIS7_SC_NS_4lessIS7_EELb1EEENS5_ISC_EEE7destroyEPNS_11__tree_nodeISC_PvEE	_ZNSt6__ndk16__treeINS_12__value_typeINS_12basic_stringIcNS_11char_traitsIcEENS_9allocatorIcEEEEPN7Walaber13SkeletonActor4PropEEENS_19__map_value_compareIS7_SC_NS_4lessIS7_EELb1EEENS5_ISC_EEE7destroyEPNS_11__tree_nodeISC_PvEE	no-ghidra-function
0x346d7c	_ZNSt6__ndk16__treeINS_12__value_typeIPvN7Walaber9SharedPtrINS3_8CallbackEEEEENS_19__map_value_compareIS2_S7_NS_4lessIS2_EELb1EEENS_9allocatorIS7_EEE14__erase_uniqueIS2_EEmRKT_	std::__ndk1::__tree<std::__ndk1::__value_type<void*, Walaber::SharedPtr<Walaber::Callback>>, std::__ndk1::__map_value_compare<std::__ndk1::__value_type, std::__ndk1::__value_type<void*, Walaber::SharedPtr<Walaber::Callback>>, std::__ndk1::less<std::__ndk1::__value_type>, bool>>::std::__ndk1::allocator<std::__ndk1::__value_type<void*, Walaber::SharedPtr<Walaber::Callback>>>	no-ghidra-function
0x346ddc	_ZNSt6__ndk16__treeINS_12__value_typeIPvN7Walaber9SharedPtrINS3_8CallbackEEEEENS_19__map_value_compareIS2_S7_NS_4lessIS2_EELb1EEENS_9allocatorIS7_EEE5eraseENS_21__tree_const_iteratorIS7_PNS_11__tree_nodeIS7_S2_EElEE	std::__ndk1::__tree<std::__ndk1::__value_type<void*, Walaber::SharedPtr<Walaber::Callback>>, std::__ndk1::__map_value_compare<std::__ndk1::__value_type, std::__ndk1::__value_type<void*, Walaber::SharedPtr<Walaber::Callback>>, std::__ndk1::less<std::__ndk1::__value_type>, bool>>::std::__ndk1::allocator<std::__ndk1::__value_type<void*, Walaber::SharedPtr<Walaber::Callback>>>	no-ghidra-function
0x346e78	_ZNSt6__ndk16__treeINS_12__value_typeIiNS_6vectorIN7Walaber13SkeletonActor18AnimationGroupDataENS_9allocatorIS5_EEEEEENS_19__map_value_compareIiS9_NS_4lessIiEELb1EEENS6_IS9_EEE7destroyEPNS_11__tree_nodeIS9_PvEE	std::__ndk1::__tree<std::__ndk1::__value_type<int, std::__ndk1::vector<Walaber::SkeletonActor::AnimationGroupData, std::__ndk1::allocator<Walaber::SkeletonActor>>>, std::__ndk1::__map_value_compare<int, std::__ndk1::vector<Walaber::SkeletonActor::AnimationGroupData, std::__ndk1::allocator<Walaber::SkeletonActor>>, std::__ndk1::less<int>, bool>>::Walaber::SkeletonActor::AnimationGroupData<std::__ndk1::vector<Walaber::SkeletonActor::AnimationGroupData, std::__ndk1::allocator<Walaber::SkeletonActor>>>	no-ghidra-function
0x346ec8	_ZNSt6__ndk16__treeINS_12__value_typeIiNS_6vectorINS_12basic_stringIcNS_11char_traitsIcEENS_9allocatorIcEEEENS6_IS8_EEEEEENS_19__map_value_compareIiSB_NS_4lessIiEELb1EEENS6_ISB_EEE7destroyEPNS_11__tree_nodeISB_PvEE	_ZNSt6__ndk16__treeINS_12__value_typeIiNS_6vectorINS_12basic_stringIcNS_11char_traitsIcEENS_9allocatorIcEEEENS6_IS8_EEEEEENS_19__map_value_compareIiSB_NS_4lessIiEELb1EEENS6_ISB_EEE7destroyEPNS_11__tree_nodeISB_PvEE	no-ghidra-function
0x346f10	_ZNSt6__ndk16__treeINS_12__value_typeINS_12basic_stringIcNS_11char_traitsIcEENS_9allocatorIcEEEEN7Walaber13SkeletonActor13AnimationDataEEENS_19__map_value_compareIS7_SB_NS_4lessIS7_EELb1EEENS5_ISB_EEE7destroyEPNS_11__tree_nodeISB_PvEE	_ZNSt6__ndk16__treeINS_12__value_typeINS_12basic_stringIcNS_11char_traitsIcEENS_9allocatorIcEEEEN7Walaber13SkeletonActor13AnimationDataEEENS_19__map_value_compareIS7_SB_NS_4lessIS7_EELb1EEENS5_ISB_EEE7destroyEPNS_11__tree_nodeISB_PvEE	no-ghidra-function
0x346f6c	_ZNSt6__ndk16__treeINS_12__value_typeIN7Walaber18AnimationEventTypeENS_6vectorINS2_9SharedPtrINS2_13SkeletonActor15EventActionDataEEENS_9allocatorIS8_EEEEEENS_19__map_value_compareIS3_SC_NS_4lessIS3_EELb1EEENS9_ISC_EEE7destroyEPNS_11__tree_nodeISC_PvEE	_ZNSt6__ndk16__treeINS_12__value_typeIN7Walaber18AnimationEventTypeENS_6vectorINS2_9SharedPtrINS2_13SkeletonActor15EventActionDataEEENS_9allocatorIS8_EEEEEENS_19__map_value_compareIS3_SC_NS_4lessIS3_EELb1EEENS9_ISC_EEE7destroyEPNS_11__tree_nodeISC_PvEE	no-ghidra-function
0x346fb4	_ZNSt6__ndk16__treeINS_12__value_typeINS_12basic_stringIcNS_11char_traitsIcEENS_9allocatorIcEEEEjEENS_19__map_value_compareIS7_S8_NS_4lessIS7_EELb1EEENS5_IS8_EEE7destroyEPNS_11__tree_nodeIS8_PvEE	std::__ndk1::__tree<std::__ndk1::__value_type<std::__ndk1::basic_string<char, std::__ndk1::char_traits<char>, std::__ndk1::allocator<char>>, unsigned int>, std::__ndk1::__map_value_compare<std::__ndk1::allocator<char>, std::__ndk1::basic_string<char, std::__ndk1::char_traits<char>, std::__ndk1::allocator<char>>, std::__ndk1::less<std::__ndk1::allocator<char>>, bool>>::std::__ndk1::char_traits<char><std::__ndk1::basic_string<char, std::__ndk1::char_traits<char>, std::__ndk1::allocator<char>>>	no-ghidra-function
0x347004	_ZNSt6__ndk16__treeINS_12__value_typeINS_12basic_stringIcNS_11char_traitsIcEENS_9allocatorIcEEEEiEENS_19__map_value_compareIS7_S8_NS_4lessIS7_EELb1EEENS5_IS8_EEE7destroyEPNS_11__tree_nodeIS8_PvEE	std::__ndk1::__tree<std::__ndk1::__value_type<std::__ndk1::basic_string<char, std::__ndk1::char_traits<char>, std::__ndk1::allocator<char>>, int>, std::__ndk1::__map_value_compare<std::__ndk1::allocator<char>, std::__ndk1::basic_string<char, std::__ndk1::char_traits<char>, std::__ndk1::allocator<char>>, std::__ndk1::less<std::__ndk1::allocator<char>>, bool>>::std::__ndk1::char_traits<char><std::__ndk1::basic_string<char, std::__ndk1::char_traits<char>, std::__ndk1::allocator<char>>>	no-ghidra-function
0x347054	_ZNSt6__ndk16__treeINS_12__value_typeIiNS_12basic_stringIcNS_11char_traitsIcEENS_9allocatorIcEEEEEENS_19__map_value_compareIiS8_NS_4lessIiEELb1EEENS5_IS8_EEE7destroyEPNS_11__tree_nodeIS8_PvEE	std::__ndk1::__tree<std::__ndk1::__value_type<int, std::__ndk1::basic_string<char, std::__ndk1::char_traits<char>, std::__ndk1::allocator<char>>>, std::__ndk1::__map_value_compare<int, std::__ndk1::basic_string<char, std::__ndk1::char_traits<char>, std::__ndk1::allocator<char>>, std::__ndk1::less<int>, bool>>::std::__ndk1::char_traits<char><std::__ndk1::basic_string<char, std::__ndk1::char_traits<char>, std::__ndk1::allocator<char>>>	no-ghidra-function
0x3470a4	_ZNSt6__ndk16__treeINS_12__value_typeIPvN7Walaber9SharedPtrINS3_8CallbackEEEEENS_19__map_value_compareIS2_S7_NS_4lessIS2_EELb1EEENS_9allocatorIS7_EEE25__emplace_unique_key_argsIS2_JRKNS_21piecewise_construct_tENS_5tupleIJRKS2_EEENSJ_IJEEEEEENS_4pairINS_15__tree_iteratorIS7_PNS_11__tree_nodeIS7_S2_EElEEbEERKT_DpOT0_	std::__ndk1::__tree<std::__ndk1::__value_type<void*, Walaber::SharedPtr<Walaber::Callback>>, std::__ndk1::__map_value_compare<std::__ndk1::__value_type, std::__ndk1::__value_type<void*, Walaber::SharedPtr<Walaber::Callback>>, std::__ndk1::less<std::__ndk1::__value_type>, bool>>::std::__ndk1::allocator<std::__ndk1::__value_type<void*, Walaber::SharedPtr<Walaber::Callback>>>	no-ghidra-function
0x347178	_ZNSt6__ndk16__treeINS_12__value_typeIPvN7Walaber9SharedPtrINS3_8CallbackEEEEENS_19__map_value_compareIS2_S7_NS_4lessIS2_EELb1EEENS_9allocatorIS7_EEE16__insert_node_atEPNS_15__tree_end_nodeIPNS_16__tree_node_baseIS2_EEEERSI_SI_	std::__ndk1::__tree<std::__ndk1::__value_type<void*, Walaber::SharedPtr<Walaber::Callback>>, std::__ndk1::__map_value_compare<std::__ndk1::__value_type, std::__ndk1::__value_type<void*, Walaber::SharedPtr<Walaber::Callback>>, std::__ndk1::less<std::__ndk1::__value_type>, bool>>::std::__ndk1::allocator<std::__ndk1::__value_type<void*, Walaber::SharedPtr<Walaber::Callback>>>	no-ghidra-function
0x3471cc	_ZN7Walaber3XML7getNodeEP8_xmlNodeRKNSt6__ndk112basic_stringIcNS3_11char_traitsIcEENS3_9allocatorIcEEEE	Walaber::XML::getNode	no-ghidra-function
0x3472ec	_ZNSt6__ndk114__split_bufferIPP8_xmlNodeNS_9allocatorIS3_EEED2Ev	_ZNSt6__ndk114__split_bufferIPP8_xmlNodeNS_9allocatorIS3_EEED2Ev	no-ghidra-function
0x347320	_ZNSt6__ndk15dequeIP8_xmlNodeNS_9allocatorIS2_EEE9push_backERKS2_	std::__ndk1::deque<_xmlNode*, std::__ndk1::allocator<std::__ndk1::allocator>>::push_back	no-ghidra-function
0x347398	_ZNSt6__ndk15dequeIP8_xmlNodeNS_9allocatorIS2_EEE19__add_back_capacityEv	std::__ndk1::deque<_xmlNode*, std::__ndk1::allocator<std::__ndk1::allocator>>::__add_back_capacity	no-ghidra-function
0x347718	_ZNSt6__ndk114__split_bufferIPP8_xmlNodeNS_9allocatorIS3_EEE9push_backEOS3_	_ZNSt6__ndk114__split_bufferIPP8_xmlNodeNS_9allocatorIS3_EEE9push_backEOS3_	no-ghidra-function
0x347898	_ZNSt6__ndk114__split_bufferIPP8_xmlNodeNS_9allocatorIS3_EEE10push_frontEOS3_	_ZNSt6__ndk114__split_bufferIPP8_xmlNodeNS_9allocatorIS3_EEE10push_frontEOS3_	no-ghidra-function
0x347a20	_ZNSt6__ndk114__split_bufferIPP8_xmlNodeRNS_9allocatorIS3_EEEC2EmmS6_	_ZNSt6__ndk114__split_bufferIPP8_xmlNodeRNS_9allocatorIS3_EEEC2EmmS6_	no-ghidra-function
0x347ad0	_ZNSt6__ndk114__split_bufferIPP8_xmlNodeRNS_9allocatorIS3_EEE9push_backEOS3_	_ZNSt6__ndk114__split_bufferIPP8_xmlNodeRNS_9allocatorIS3_EEE9push_backEOS3_	no-ghidra-function
0x348088	_ZN7Walaber13SkeletonActor15EventActionDataD2Ev	EventActionData::~EventActionData	no-ghidra-function
0x348194	_ZN7Walaber13SkeletonActor17EmitterActionDataD0Ev	EmitterActionData::~EmitterActionData	no-ghidra-function
0x348418	_ZNSt6__ndk16vectorIN7Walaber15ParticleEmitter11EmitterZoneENS_9allocatorIS3_EEE26__swap_out_circular_bufferERNS_14__split_bufferIS3_RS5_EE	std::__ndk1::vector<Walaber::ParticleEmitter::EmitterZone, std::__ndk1::allocator<Walaber::ParticleEmitter>>::__swap_out_circular_buffer	no-ghidra-function
0x34849c	_ZNSt6__ndk16__treeINS_12__value_typeINS_12basic_stringIcNS_11char_traitsIcEENS_9allocatorIcEEEEPN7Walaber13SkeletonActor4PropEEENS_19__map_value_compareIS7_SC_NS_4lessIS7_EELb1EEENS5_ISC_EEE4findIS7_EENS_15__tree_iteratorISC_PNS_11__tree_nodeISC_PvEElEERKT_	_ZNSt6__ndk16__treeINS_12__value_typeINS_12basic_stringIcNS_11char_traitsIcEENS_9allocatorIcEEEEPN7Walaber13SkeletonActor4PropEEENS_19__map_value_compareIS7_SC_NS_4lessIS7_EELb1EEENS5_ISC_EEE4findIS7_EENS_15__tree_iteratorISC_PNS_11__tree_nodeISC_PvEElEERKT_	no-ghidra-function
0x348554	_ZNSt6__ndk16__treeINS_12__value_typeINS_12basic_stringIcNS_11char_traitsIcEENS_9allocatorIcEEEEPN7Walaber13SkeletonActor4PropEEENS_19__map_value_compareIS7_SC_NS_4lessIS7_EELb1EEENS5_ISC_EEE13__lower_boundIS7_EENS_15__tree_iteratorISC_PNS_11__tree_nodeISC_PvEElEERKT_SO_PNS_15__tree_end_nodeIPNS_16__tree_node_baseISM_EEEE	_ZNSt6__ndk16__treeINS_12__value_typeINS_12basic_stringIcNS_11char_traitsIcEENS_9allocatorIcEEEEPN7Walaber13SkeletonActor4PropEEENS_19__map_value_compareIS7_SC_NS_4lessIS7_EELb1EEENS5_ISC_EEE13__lower_boundIS7_EENS_15__tree_iteratorISC_PNS_11__tree_nodeISC_PvEElEERKT_SO_PNS_15__tree_end_nodeIPNS_16__tree_node_baseISM_EEEE	no-ghidra-function
0x348604	_ZNSt6__ndk16__treeINS_12__value_typeINS_12basic_stringIcNS_11char_traitsIcEENS_9allocatorIcEEEEiEENS_19__map_value_compareIS7_S8_NS_4lessIS7_EELb1EEENS5_IS8_EEE4findIS7_EENS_15__tree_iteratorIS8_PNS_11__tree_nodeIS8_PvEElEERKT_	std::__ndk1::__tree<std::__ndk1::__value_type<std::__ndk1::basic_string<char, std::__ndk1::char_traits<char>, std::__ndk1::allocator<char>>, int>, std::__ndk1::__map_value_compare<std::__ndk1::allocator<char>, std::__ndk1::basic_string<char, std::__ndk1::char_traits<char>, std::__ndk1::allocator<char>>, std::__ndk1::less<std::__ndk1::allocator<char>>, bool>>::std::__ndk1::char_traits<char><std::__ndk1::basic_string<char, std::__ndk1::char_traits<char>, std::__ndk1::allocator<char>>>	no-ghidra-function
0x3486bc	_ZNSt6__ndk16__treeINS_12__value_typeINS_12basic_stringIcNS_11char_traitsIcEENS_9allocatorIcEEEEiEENS_19__map_value_compareIS7_S8_NS_4lessIS7_EELb1EEENS5_IS8_EEE13__lower_boundIS7_EENS_15__tree_iteratorIS8_PNS_11__tree_nodeIS8_PvEElEERKT_SK_PNS_15__tree_end_nodeIPNS_16__tree_node_baseISI_EEEE	std::__ndk1::__tree<std::__ndk1::__value_type<std::__ndk1::basic_string<char, std::__ndk1::char_traits<char>, std::__ndk1::allocator<char>>, int>, std::__ndk1::__map_value_compare<std::__ndk1::allocator<char>, std::__ndk1::basic_string<char, std::__ndk1::char_traits<char>, std::__ndk1::allocator<char>>, std::__ndk1::less<std::__ndk1::allocator<char>>, bool>>::std::__ndk1::char_traits<char><std::__ndk1::basic_string<char, std::__ndk1::char_traits<char>, std::__ndk1::allocator<char>>>	no-ghidra-function
0x34876c	_ZNSt6__ndk113__vector_baseIN7Walaber9SharedPtrINS1_19SoundEffectInstanceEEENS_9allocatorIS4_EEED2Ev	__vector_base<Walaber::SharedPtr<std::__ndk1::__vector_base::SoundEffectInstance>, std::__ndk1::allocator<std::__ndk1::__vector_base::SoundEffectInstance>>::~__vector_base	no-ghidra-function
0x3487d8	_ZN7Walaber9SharedPtrINS_19SoundEffectInstanceEED2Ev	SharedPtr<Walaber::SoundEffectInstance>::~SharedPtr	no-ghidra-function
0x348830	_ZN7Walaber14MemberCallbackINS_13SkeletonActorEED0Ev	MemberCallback<Walaber::SkeletonActor>::~MemberCallback	no-ghidra-function
0x348834	_ZN7Walaber14MemberCallbackINS_13SkeletonActorEE6invokeEPv	Walaber::MemberCallback<Walaber::SkeletonActor>::invoke	no-ghidra-function
0x348864	_ZNSt6__ndk16__treeINS_12__value_typeINS_12basic_stringIcNS_11char_traitsIcEENS_9allocatorIcEEEEjEENS_19__map_value_compareIS7_S8_NS_4lessIS7_EELb1EEENS5_IS8_EEE4findIS7_EENS_15__tree_iteratorIS8_PNS_11__tree_nodeIS8_PvEElEERKT_	std::__ndk1::__tree<std::__ndk1::__value_type<std::__ndk1::basic_string<char, std::__ndk1::char_traits<char>, std::__ndk1::allocator<char>>, unsigned int>, std::__ndk1::__map_value_compare<std::__ndk1::allocator<char>, std::__ndk1::basic_string<char, std::__ndk1::char_traits<char>, std::__ndk1::allocator<char>>, std::__ndk1::less<std::__ndk1::allocator<char>>, bool>>::std::__ndk1::char_traits<char><std::__ndk1::basic_string<char, std::__ndk1::char_traits<char>, std::__ndk1::allocator<char>>>	no-ghidra-function
0x34891c	_ZNSt6__ndk16__treeINS_12__value_typeINS_12basic_stringIcNS_11char_traitsIcEENS_9allocatorIcEEEEjEENS_19__map_value_compareIS7_S8_NS_4lessIS7_EELb1EEENS5_IS8_EEE13__lower_boundIS7_EENS_15__tree_iteratorIS8_PNS_11__tree_nodeIS8_PvEElEERKT_SK_PNS_15__tree_end_nodeIPNS_16__tree_node_baseISI_EEEE	std::__ndk1::__tree<std::__ndk1::__value_type<std::__ndk1::basic_string<char, std::__ndk1::char_traits<char>, std::__ndk1::allocator<char>>, unsigned int>, std::__ndk1::__map_value_compare<std::__ndk1::allocator<char>, std::__ndk1::basic_string<char, std::__ndk1::char_traits<char>, std::__ndk1::allocator<char>>, std::__ndk1::less<std::__ndk1::allocator<char>>, bool>>::std::__ndk1::char_traits<char><std::__ndk1::basic_string<char, std::__ndk1::char_traits<char>, std::__ndk1::allocator<char>>>	no-ghidra-function
0x3489cc	_ZNSt6__ndk16__treeINS_12__value_typeINS_12basic_stringIcNS_11char_traitsIcEENS_9allocatorIcEEEEPN7Walaber13SkeletonActor4PropEEENS_19__map_value_compareIS7_SC_NS_4lessIS7_EELb1EEENS5_ISC_EEE25__emplace_unique_key_argsIS7_JNS_4pairIS7_SB_EEEEENSK_INS_15__tree_iteratorISC_PNS_11__tree_nodeISC_PvEElEEbEERKT_DpOT0_	_ZNSt6__ndk16__treeINS_12__value_typeINS_12basic_stringIcNS_11char_traitsIcEENS_9allocatorIcEEEEPN7Walaber13SkeletonActor4PropEEENS_19__map_value_compareIS7_SC_NS_4lessIS7_EELb1EEENS5_ISC_EEE25__emplace_unique_key_argsIS7_JNS_4pairIS7_SB_EEEEENSK_INS_15__tree_iteratorISC_PNS_11__tree_nodeISC_PvEElEEbEERKT_DpOT0_	no-ghidra-function
0x348a8c	_ZNSt6__ndk16__treeINS_12__value_typeINS_12basic_stringIcNS_11char_traitsIcEENS_9allocatorIcEEEEPN7Walaber13SkeletonActor4PropEEENS_19__map_value_compareIS7_SC_NS_4lessIS7_EELb1EEENS5_ISC_EEE12__find_equalIS7_EERPNS_16__tree_node_baseIPvEERPNS_15__tree_end_nodeISN_EERKT_	_ZNSt6__ndk16__treeINS_12__value_typeINS_12basic_stringIcNS_11char_traitsIcEENS_9allocatorIcEEEEPN7Walaber13SkeletonActor4PropEEENS_19__map_value_compareIS7_SC_NS_4lessIS7_EELb1EEENS5_ISC_EEE12__find_equalIS7_EERPNS_16__tree_node_baseIPvEERPNS_15__tree_end_nodeISN_EERKT_	no-ghidra-function
0x348bb8	_ZNSt6__ndk16__treeINS_12__value_typeINS_12basic_stringIcNS_11char_traitsIcEENS_9allocatorIcEEEEPN7Walaber13SkeletonActor4PropEEENS_19__map_value_compareIS7_SC_NS_4lessIS7_EELb1EEENS5_ISC_EEE16__insert_node_atEPNS_15__tree_end_nodeIPNS_16__tree_node_baseIPvEEEERSN_SN_	_ZNSt6__ndk16__treeINS_12__value_typeINS_12basic_stringIcNS_11char_traitsIcEENS_9allocatorIcEEEEPN7Walaber13SkeletonActor4PropEEENS_19__map_value_compareIS7_SC_NS_4lessIS7_EELb1EEENS5_ISC_EEE16__insert_node_atEPNS_15__tree_end_nodeIPNS_16__tree_node_baseIPvEEEERSN_SN_	no-ghidra-function
0x348c0c	_ZN7Walaber9SharedPtrINS_19SoundEffectInstanceEEaSERKS2_	_ZN7Walaber9SharedPtrINS_19SoundEffectInstanceEEaSERKS2_	no-ghidra-function
0x348c90	_ZNSt6__ndk16__treeINS_12__value_typeINS_12basic_stringIcNS_11char_traitsIcEENS_9allocatorIcEEEEiEENS_19__map_value_compareIS7_S8_NS_4lessIS7_EELb1EEENS5_IS8_EEE25__emplace_unique_key_argsIS7_JRKNS_21piecewise_construct_tENS_5tupleIJRKS7_EEENSJ_IJEEEEEENS_4pairINS_15__tree_iteratorIS8_PNS_11__tree_nodeIS8_PvEElEEbEERKT_DpOT0_	std::__ndk1::__tree<std::__ndk1::__value_type<std::__ndk1::basic_string<char, std::__ndk1::char_traits<char>, std::__ndk1::allocator<char>>, int>, std::__ndk1::__map_value_compare<std::__ndk1::allocator<char>, std::__ndk1::basic_string<char, std::__ndk1::char_traits<char>, std::__ndk1::allocator<char>>, std::__ndk1::less<std::__ndk1::allocator<char>>, bool>>::std::__ndk1::char_traits<char><std::__ndk1::basic_string<char, std::__ndk1::char_traits<char>, std::__ndk1::allocator<char>>>	no-ghidra-function
0x348d40	_ZNSt6__ndk16__treeINS_12__value_typeINS_12basic_stringIcNS_11char_traitsIcEENS_9allocatorIcEEEEiEENS_19__map_value_compareIS7_S8_NS_4lessIS7_EELb1EEENS5_IS8_EEE12__find_equalIS7_EERPNS_16__tree_node_baseIPvEERPNS_15__tree_end_nodeISJ_EERKT_	std::__ndk1::__tree<std::__ndk1::__value_type<std::__ndk1::basic_string<char, std::__ndk1::char_traits<char>, std::__ndk1::allocator<char>>, int>, std::__ndk1::__map_value_compare<std::__ndk1::allocator<char>, std::__ndk1::basic_string<char, std::__ndk1::char_traits<char>, std::__ndk1::allocator<char>>, std::__ndk1::less<std::__ndk1::allocator<char>>, bool>>::std::__ndk1::char_traits<char><std::__ndk1::basic_string<char, std::__ndk1::char_traits<char>, std::__ndk1::allocator<char>>>	no-ghidra-function
0x348e6c	_ZNSt6__ndk16__treeINS_12__value_typeINS_12basic_stringIcNS_11char_traitsIcEENS_9allocatorIcEEEEiEENS_19__map_value_compareIS7_S8_NS_4lessIS7_EELb1EEENS5_IS8_EEE16__construct_nodeIJRKNS_21piecewise_construct_tENS_5tupleIJRKS7_EEENSJ_IJEEEEEENS_10unique_ptrINS_11__tree_nodeIS8_PvEENS_22__tree_node_destructorINS5_ISR_EEEEEEDpOT_	std::__ndk1::__tree<std::__ndk1::__value_type<std::__ndk1::basic_string<char, std::__ndk1::char_traits<char>, std::__ndk1::allocator<char>>, int>, std::__ndk1::__map_value_compare<std::__ndk1::allocator<char>, std::__ndk1::basic_string<char, std::__ndk1::char_traits<char>, std::__ndk1::allocator<char>>, std::__ndk1::less<std::__ndk1::allocator<char>>, bool>>::std::__ndk1::char_traits<char><std::__ndk1::basic_string<char, std::__ndk1::char_traits<char>, std::__ndk1::allocator<char>>>	no-ghidra-function
0x348edc	_ZNSt6__ndk16__treeINS_12__value_typeINS_12basic_stringIcNS_11char_traitsIcEENS_9allocatorIcEEEEiEENS_19__map_value_compareIS7_S8_NS_4lessIS7_EELb1EEENS5_IS8_EEE16__insert_node_atEPNS_15__tree_end_nodeIPNS_16__tree_node_baseIPvEEEERSJ_SJ_	std::__ndk1::__tree<std::__ndk1::__value_type<std::__ndk1::basic_string<char, std::__ndk1::char_traits<char>, std::__ndk1::allocator<char>>, int>, std::__ndk1::__map_value_compare<std::__ndk1::allocator<char>, std::__ndk1::basic_string<char, std::__ndk1::char_traits<char>, std::__ndk1::allocator<char>>, std::__ndk1::less<std::__ndk1::allocator<char>>, bool>>::std::__ndk1::char_traits<char><std::__ndk1::basic_string<char, std::__ndk1::char_traits<char>, std::__ndk1::allocator<char>>>	no-ghidra-function
0x348f30	_ZNSt6__ndk16__treeINS_12__value_typeINS_12basic_stringIcNS_11char_traitsIcEENS_9allocatorIcEEEEN7Walaber13SkeletonActor13AnimationDataEEENS_19__map_value_compareIS7_SB_NS_4lessIS7_EELb1EEENS5_ISB_EEE25__emplace_unique_key_argsIS7_JRKNS_21piecewise_construct_tENS_5tupleIJRKS7_EEENSM_IJEEEEEENS_4pairINS_15__tree_iteratorISB_PNS_11__tree_nodeISB_PvEElEEbEERKT_DpOT0_	_ZNSt6__ndk16__treeINS_12__value_typeINS_12basic_stringIcNS_11char_traitsIcEENS_9allocatorIcEEEEN7Walaber13SkeletonActor13AnimationDataEEENS_19__map_value_compareIS7_SB_NS_4lessIS7_EELb1EEENS5_ISB_EEE25__emplace_unique_key_argsIS7_JRKNS_21piecewise_construct_tENS_5tupleIJRKS7_EEENSM_IJEEEEEENS_4pairINS_15__tree_iteratorISB_PNS_11__tree_nodeISB_PvEElEEbEERKT_DpOT0_	no-ghidra-function
0x348fe0	_ZNSt6__ndk16__treeINS_12__value_typeINS_12basic_stringIcNS_11char_traitsIcEENS_9allocatorIcEEEEN7Walaber13SkeletonActor13AnimationDataEEENS_19__map_value_compareIS7_SB_NS_4lessIS7_EELb1EEENS5_ISB_EEE12__find_equalIS7_EERPNS_16__tree_node_baseIPvEERPNS_15__tree_end_nodeISM_EERKT_	_ZNSt6__ndk16__treeINS_12__value_typeINS_12basic_stringIcNS_11char_traitsIcEENS_9allocatorIcEEEEN7Walaber13SkeletonActor13AnimationDataEEENS_19__map_value_compareIS7_SB_NS_4lessIS7_EELb1EEENS5_ISB_EEE12__find_equalIS7_EERPNS_16__tree_node_baseIPvEERPNS_15__tree_end_nodeISM_EERKT_	no-ghidra-function
0x34910c	_ZNSt6__ndk16__treeINS_12__value_typeINS_12basic_stringIcNS_11char_traitsIcEENS_9allocatorIcEEEEN7Walaber13SkeletonActor13AnimationDataEEENS_19__map_value_compareIS7_SB_NS_4lessIS7_EELb1EEENS5_ISB_EEE16__construct_nodeIJRKNS_21piecewise_construct_tENS_5tupleIJRKS7_EEENSM_IJEEEEEENS_10unique_ptrINS_11__tree_nodeISB_PvEENS_22__tree_node_destructorINS5_ISU_EEEEEEDpOT_	_ZNSt6__ndk16__treeINS_12__value_typeINS_12basic_stringIcNS_11char_traitsIcEENS_9allocatorIcEEEEN7Walaber13SkeletonActor13AnimationDataEEENS_19__map_value_compareIS7_SB_NS_4lessIS7_EELb1EEENS5_ISB_EEE16__construct_nodeIJRKNS_21piecewise_construct_tENS_5tupleIJRKS7_EEENSM_IJEEEEEENS_10unique_ptrINS_11__tree_nodeISB_PvEENS_22__tree_node_destructorINS5_ISU_EEEEEEDpOT_	no-ghidra-function
0x349190	_ZNSt6__ndk16__treeINS_12__value_typeINS_12basic_stringIcNS_11char_traitsIcEENS_9allocatorIcEEEEN7Walaber13SkeletonActor13AnimationDataEEENS_19__map_value_compareIS7_SB_NS_4lessIS7_EELb1EEENS5_ISB_EEE16__insert_node_atEPNS_15__tree_end_nodeIPNS_16__tree_node_baseIPvEEEERSM_SM_	_ZNSt6__ndk16__treeINS_12__value_typeINS_12basic_stringIcNS_11char_traitsIcEENS_9allocatorIcEEEEN7Walaber13SkeletonActor13AnimationDataEEENS_19__map_value_compareIS7_SB_NS_4lessIS7_EELb1EEENS5_ISB_EEE16__insert_node_atEPNS_15__tree_end_nodeIPNS_16__tree_node_baseIPvEEEERSM_SM_	no-ghidra-function
0x3491e4	_ZNSt6__ndk16__treeINS_12__value_typeINS_12basic_stringIcNS_11char_traitsIcEENS_9allocatorIcEEEEN7Walaber13SkeletonActor13AnimationDataEEENS_19__map_value_compareIS7_SB_NS_4lessIS7_EELb1EEENS5_ISB_EEE4findIS7_EENS_15__tree_iteratorISB_PNS_11__tree_nodeISB_PvEElEERKT_	_ZNSt6__ndk16__treeINS_12__value_typeINS_12basic_stringIcNS_11char_traitsIcEENS_9allocatorIcEEEEN7Walaber13SkeletonActor13AnimationDataEEENS_19__map_value_compareIS7_SB_NS_4lessIS7_EELb1EEENS5_ISB_EEE4findIS7_EENS_15__tree_iteratorISB_PNS_11__tree_nodeISB_PvEElEERKT_	no-ghidra-function
0x34929c	_ZNSt6__ndk16__treeINS_12__value_typeINS_12basic_stringIcNS_11char_traitsIcEENS_9allocatorIcEEEEN7Walaber13SkeletonActor13AnimationDataEEENS_19__map_value_compareIS7_SB_NS_4lessIS7_EELb1EEENS5_ISB_EEE13__lower_boundIS7_EENS_15__tree_iteratorISB_PNS_11__tree_nodeISB_PvEElEERKT_SN_PNS_15__tree_end_nodeIPNS_16__tree_node_baseISL_EEEE	_ZNSt6__ndk16__treeINS_12__value_typeINS_12basic_stringIcNS_11char_traitsIcEENS_9allocatorIcEEEEN7Walaber13SkeletonActor13AnimationDataEEENS_19__map_value_compareIS7_SB_NS_4lessIS7_EELb1EEENS5_ISB_EEE13__lower_boundIS7_EENS_15__tree_iteratorISB_PNS_11__tree_nodeISB_PvEElEERKT_SN_PNS_15__tree_end_nodeIPNS_16__tree_node_baseISL_EEEE	no-ghidra-function
0x34934c	_ZNSt6__ndk16__treeINS_12__value_typeINS_12basic_stringIcNS_11char_traitsIcEENS_9allocatorIcEEEEjEENS_19__map_value_compareIS7_S8_NS_4lessIS7_EELb1EEENS5_IS8_EEE25__emplace_unique_key_argsIS7_JRKNS_21piecewise_construct_tENS_5tupleIJRKS7_EEENSJ_IJEEEEEENS_4pairINS_15__tree_iteratorIS8_PNS_11__tree_nodeIS8_PvEElEEbEERKT_DpOT0_	std::__ndk1::__tree<std::__ndk1::__value_type<std::__ndk1::basic_string<char, std::__ndk1::char_traits<char>, std::__ndk1::allocator<char>>, unsigned int>, std::__ndk1::__map_value_compare<std::__ndk1::allocator<char>, std::__ndk1::basic_string<char, std::__ndk1::char_traits<char>, std::__ndk1::allocator<char>>, std::__ndk1::less<std::__ndk1::allocator<char>>, bool>>::std::__ndk1::char_traits<char><std::__ndk1::basic_string<char, std::__ndk1::char_traits<char>, std::__ndk1::allocator<char>>>	no-ghidra-function
0x3493fc	_ZNSt6__ndk16__treeINS_12__value_typeINS_12basic_stringIcNS_11char_traitsIcEENS_9allocatorIcEEEEjEENS_19__map_value_compareIS7_S8_NS_4lessIS7_EELb1EEENS5_IS8_EEE12__find_equalIS7_EERPNS_16__tree_node_baseIPvEERPNS_15__tree_end_nodeISJ_EERKT_	std::__ndk1::__tree<std::__ndk1::__value_type<std::__ndk1::basic_string<char, std::__ndk1::char_traits<char>, std::__ndk1::allocator<char>>, unsigned int>, std::__ndk1::__map_value_compare<std::__ndk1::allocator<char>, std::__ndk1::basic_string<char, std::__ndk1::char_traits<char>, std::__ndk1::allocator<char>>, std::__ndk1::less<std::__ndk1::allocator<char>>, bool>>::std::__ndk1::char_traits<char><std::__ndk1::basic_string<char, std::__ndk1::char_traits<char>, std::__ndk1::allocator<char>>>	no-ghidra-function
0x349528	_ZNSt6__ndk16__treeINS_12__value_typeINS_12basic_stringIcNS_11char_traitsIcEENS_9allocatorIcEEEEjEENS_19__map_value_compareIS7_S8_NS_4lessIS7_EELb1EEENS5_IS8_EEE16__construct_nodeIJRKNS_21piecewise_construct_tENS_5tupleIJRKS7_EEENSJ_IJEEEEEENS_10unique_ptrINS_11__tree_nodeIS8_PvEENS_22__tree_node_destructorINS5_ISR_EEEEEEDpOT_	std::__ndk1::__tree<std::__ndk1::__value_type<std::__ndk1::basic_string<char, std::__ndk1::char_traits<char>, std::__ndk1::allocator<char>>, unsigned int>, std::__ndk1::__map_value_compare<std::__ndk1::allocator<char>, std::__ndk1::basic_string<char, std::__ndk1::char_traits<char>, std::__ndk1::allocator<char>>, std::__ndk1::less<std::__ndk1::allocator<char>>, bool>>::std::__ndk1::char_traits<char><std::__ndk1::basic_string<char, std::__ndk1::char_traits<char>, std::__ndk1::allocator<char>>>	no-ghidra-function
0x349598	_ZNSt6__ndk16__treeINS_12__value_typeINS_12basic_stringIcNS_11char_traitsIcEENS_9allocatorIcEEEEjEENS_19__map_value_compareIS7_S8_NS_4lessIS7_EELb1EEENS5_IS8_EEE16__insert_node_atEPNS_15__tree_end_nodeIPNS_16__tree_node_baseIPvEEEERSJ_SJ_	std::__ndk1::__tree<std::__ndk1::__value_type<std::__ndk1::basic_string<char, std::__ndk1::char_traits<char>, std::__ndk1::allocator<char>>, unsigned int>, std::__ndk1::__map_value_compare<std::__ndk1::allocator<char>, std::__ndk1::basic_string<char, std::__ndk1::char_traits<char>, std::__ndk1::allocator<char>>, std::__ndk1::less<std::__ndk1::allocator<char>>, bool>>::std::__ndk1::char_traits<char><std::__ndk1::basic_string<char, std::__ndk1::char_traits<char>, std::__ndk1::allocator<char>>>	no-ghidra-function
0x3495ec	_ZNSt6__ndk16__treeINS_12__value_typeIiNS_6vectorINS_12basic_stringIcNS_11char_traitsIcEENS_9allocatorIcEEEENS6_IS8_EEEEEENS_19__map_value_compareIiSB_NS_4lessIiEELb1EEENS6_ISB_EEE25__emplace_unique_key_argsIiJRKNS_21piecewise_construct_tENS_5tupleIJRKiEEENSM_IJEEEEEENS_4pairINS_15__tree_iteratorISB_PNS_11__tree_nodeISB_PvEElEEbEERKT_DpOT0_	_ZNSt6__ndk16__treeINS_12__value_typeIiNS_6vectorINS_12basic_stringIcNS_11char_traitsIcEENS_9allocatorIcEEEENS6_IS8_EEEEEENS_19__map_value_compareIiSB_NS_4lessIiEELb1EEENS6_ISB_EEE25__emplace_unique_key_argsIiJRKNS_21piecewise_construct_tENS_5tupleIJRKiEEENSM_IJEEEEEENS_4pairINS_15__tree_iteratorISB_PNS_11__tree_nodeISB_PvEElEEbEERKT_DpOT0_	no-ghidra-function
0x3496c4	_ZNSt6__ndk16__treeINS_12__value_typeIiNS_6vectorINS_12basic_stringIcNS_11char_traitsIcEENS_9allocatorIcEEEENS6_IS8_EEEEEENS_19__map_value_compareIiSB_NS_4lessIiEELb1EEENS6_ISB_EEE16__insert_node_atEPNS_15__tree_end_nodeIPNS_16__tree_node_baseIPvEEEERSM_SM_	_ZNSt6__ndk16__treeINS_12__value_typeIiNS_6vectorINS_12basic_stringIcNS_11char_traitsIcEENS_9allocatorIcEEEENS6_IS8_EEEEEENS_19__map_value_compareIiSB_NS_4lessIiEELb1EEENS6_ISB_EEE16__insert_node_atEPNS_15__tree_end_nodeIPNS_16__tree_node_baseIPvEEEERSM_SM_	no-ghidra-function
0x349718	_ZNSt6__ndk16vectorINS_12basic_stringIcNS_11char_traitsIcEENS_9allocatorIcEEEENS4_IS6_EEE6assignIPS6_EENS_9enable_ifIXaasr21__is_forward_iteratorIT_EE5valuesr16is_constructibleIS6_NS_15iterator_traitsISC_E9referenceEEE5valueEvE4typeESC_SC_	std::__ndk1::vector<std::__ndk1::basic_string<char, std::__ndk1::char_traits<char>, std::__ndk1::allocator<char>>, std::__ndk1::char_traits<char><std::__ndk1::allocator<char>>>::assign<std::__ndk1::allocator<char>*>	no-ghidra-function
0x3498c4	_ZNSt6__ndk16__treeINS_12__value_typeIiNS_6vectorIN7Walaber13SkeletonActor21AnimationGroupDataAuxENS_9allocatorIS5_EEEEEENS_19__map_value_compareIiS9_NS_4lessIiEELb1EEENS6_IS9_EEE25__emplace_unique_key_argsIiJRKNS_21piecewise_construct_tENS_5tupleIJRKiEEENSK_IJEEEEEENS_4pairINS_15__tree_iteratorIS9_PNS_11__tree_nodeIS9_PvEElEEbEERKT_DpOT0_	std::__ndk1::__tree<std::__ndk1::__value_type<int, std::__ndk1::vector<Walaber::SkeletonActor::AnimationGroupDataAux, std::__ndk1::allocator<Walaber::SkeletonActor>>>, std::__ndk1::__map_value_compare<int, std::__ndk1::vector<Walaber::SkeletonActor::AnimationGroupDataAux, std::__ndk1::allocator<Walaber::SkeletonActor>>, std::__ndk1::less<int>, bool>>::Walaber::SkeletonActor::AnimationGroupDataAux<std::__ndk1::vector<Walaber::SkeletonActor::AnimationGroupDataAux, std::__ndk1::allocator<Walaber::SkeletonActor>>>	no-ghidra-function
0x34999c	_ZNSt6__ndk16__treeINS_12__value_typeIiNS_6vectorIN7Walaber13SkeletonActor21AnimationGroupDataAuxENS_9allocatorIS5_EEEEEENS_19__map_value_compareIiS9_NS_4lessIiEELb1EEENS6_IS9_EEE16__insert_node_atEPNS_15__tree_end_nodeIPNS_16__tree_node_baseIPvEEEERSK_SK_	std::__ndk1::__tree<std::__ndk1::__value_type<int, std::__ndk1::vector<Walaber::SkeletonActor::AnimationGroupDataAux, std::__ndk1::allocator<Walaber::SkeletonActor>>>, std::__ndk1::__map_value_compare<int, std::__ndk1::vector<Walaber::SkeletonActor::AnimationGroupDataAux, std::__ndk1::allocator<Walaber::SkeletonActor>>, std::__ndk1::less<int>, bool>>::Walaber::SkeletonActor::AnimationGroupDataAux<std::__ndk1::vector<Walaber::SkeletonActor::AnimationGroupDataAux, std::__ndk1::allocator<Walaber::SkeletonActor>>>	no-ghidra-function
0x3499f0	_ZNSt6__ndk16vectorIN7Walaber13SkeletonActor21AnimationGroupDataAuxENS_9allocatorIS3_EEE21__push_back_slow_pathIS3_EEvOT_	std::__ndk1::vector<Walaber::SkeletonActor::AnimationGroupDataAux, std::__ndk1::allocator<Walaber::SkeletonActor>>::__push_back_slow_path<Walaber::SkeletonActor>	no-ghidra-function
0x349b70	_ZNSt6__ndk114__split_bufferIN7Walaber13SkeletonActor21AnimationGroupDataAuxERNS_9allocatorIS3_EEEC2EmmS6_	__split_buffer<Walaber::SkeletonActor::AnimationGroupDataAux, std::__ndk1::allocator<Walaber::SkeletonActor>&>::__split_buffer	no-ghidra-function
0x349c34	_ZNSt6__ndk114__split_bufferIN7Walaber13SkeletonActor21AnimationGroupDataAuxERNS_9allocatorIS3_EEED2Ev	__split_buffer<Walaber::SkeletonActor::AnimationGroupDataAux, std::__ndk1::allocator<Walaber::SkeletonActor>&>::~__split_buffer	no-ghidra-function
0x349c98	_ZNSt6__ndk16__treeINS_12__value_typeIiNS_6vectorIN7Walaber13SkeletonActor18AnimationGroupDataENS_9allocatorIS5_EEEEEENS_19__map_value_compareIiS9_NS_4lessIiEELb1EEENS6_IS9_EEE25__emplace_unique_key_argsIiJNS_4pairIiS8_EEEEENSH_INS_15__tree_iteratorIS9_PNS_11__tree_nodeIS9_PvEElEEbEERKT_DpOT0_	std::__ndk1::__tree<std::__ndk1::__value_type<int, std::__ndk1::vector<Walaber::SkeletonActor::AnimationGroupData, std::__ndk1::allocator<Walaber::SkeletonActor>>>, std::__ndk1::__map_value_compare<int, std::__ndk1::vector<Walaber::SkeletonActor::AnimationGroupData, std::__ndk1::allocator<Walaber::SkeletonActor>>, std::__ndk1::less<int>, bool>>::Walaber::SkeletonActor::AnimationGroupData<std::__ndk1::vector<Walaber::SkeletonActor::AnimationGroupData, std::__ndk1::allocator<Walaber::SkeletonActor>>>	no-ghidra-function
0x349d7c	_ZNSt6__ndk16__treeINS_12__value_typeIiNS_6vectorIN7Walaber13SkeletonActor18AnimationGroupDataENS_9allocatorIS5_EEEEEENS_19__map_value_compareIiS9_NS_4lessIiEELb1EEENS6_IS9_EEE16__insert_node_atEPNS_15__tree_end_nodeIPNS_16__tree_node_baseIPvEEEERSK_SK_	std::__ndk1::__tree<std::__ndk1::__value_type<int, std::__ndk1::vector<Walaber::SkeletonActor::AnimationGroupData, std::__ndk1::allocator<Walaber::SkeletonActor>>>, std::__ndk1::__map_value_compare<int, std::__ndk1::vector<Walaber::SkeletonActor::AnimationGroupData, std::__ndk1::allocator<Walaber::SkeletonActor>>, std::__ndk1::less<int>, bool>>::Walaber::SkeletonActor::AnimationGroupData<std::__ndk1::vector<Walaber::SkeletonActor::AnimationGroupData, std::__ndk1::allocator<Walaber::SkeletonActor>>>	no-ghidra-function
0x349dd0	_ZNSt6__ndk16vectorIN7Walaber13SkeletonActor18AnimationGroupDataENS_9allocatorIS3_EEE21__push_back_slow_pathIS3_EEvOT_	std::__ndk1::vector<Walaber::SkeletonActor::AnimationGroupData, std::__ndk1::allocator<Walaber::SkeletonActor>>::__push_back_slow_path<Walaber::SkeletonActor>	no-ghidra-function
0x349ef8	_ZNSt6__ndk114__split_bufferIN7Walaber13SkeletonActor18AnimationGroupDataERNS_9allocatorIS3_EEEC2EmmS6_	__split_buffer<Walaber::SkeletonActor::AnimationGroupData, std::__ndk1::allocator<Walaber::SkeletonActor>&>::__split_buffer	no-ghidra-function
0x349fa8	_ZNSt6__ndk16__treeINS_12__value_typeIiNS_12basic_stringIcNS_11char_traitsIcEENS_9allocatorIcEEEEEENS_19__map_value_compareIiS8_NS_4lessIiEELb1EEENS5_IS8_EEE25__emplace_unique_key_argsIiJRKNS_21piecewise_construct_tENS_5tupleIJOiEEENSJ_IJEEEEEENS_4pairINS_15__tree_iteratorIS8_PNS_11__tree_nodeIS8_PvEElEEbEERKT_DpOT0_	std::__ndk1::__tree<std::__ndk1::__value_type<int, std::__ndk1::basic_string<char, std::__ndk1::char_traits<char>, std::__ndk1::allocator<char>>>, std::__ndk1::__map_value_compare<int, std::__ndk1::basic_string<char, std::__ndk1::char_traits<char>, std::__ndk1::allocator<char>>, std::__ndk1::less<int>, bool>>::std::__ndk1::char_traits<char><std::__ndk1::basic_string<char, std::__ndk1::char_traits<char>, std::__ndk1::allocator<char>>>	no-ghidra-function
0x34a080	_ZNSt6__ndk16__treeINS_12__value_typeIiNS_12basic_stringIcNS_11char_traitsIcEENS_9allocatorIcEEEEEENS_19__map_value_compareIiS8_NS_4lessIiEELb1EEENS5_IS8_EEE16__insert_node_atEPNS_15__tree_end_nodeIPNS_16__tree_node_baseIPvEEEERSJ_SJ_	std::__ndk1::__tree<std::__ndk1::__value_type<int, std::__ndk1::basic_string<char, std::__ndk1::char_traits<char>, std::__ndk1::allocator<char>>>, std::__ndk1::__map_value_compare<int, std::__ndk1::basic_string<char, std::__ndk1::char_traits<char>, std::__ndk1::allocator<char>>, std::__ndk1::less<int>, bool>>::std::__ndk1::char_traits<char><std::__ndk1::basic_string<char, std::__ndk1::char_traits<char>, std::__ndk1::allocator<char>>>	no-ghidra-function
0x34a0d4	_ZNSt6__ndk113__vector_baseIN7Walaber9SharedPtrINS1_13SkeletonActor15EventActionDataEEENS_9allocatorIS5_EEED2Ev	__vector_base<Walaber::SharedPtr<std::__ndk1::__vector_base::SkeletonActor::EventActionData>, std::__ndk1::allocator<std::__ndk1::__vector_base::SkeletonActor::EventActionData>>::~__vector_base	no-ghidra-function
0x34a140	_ZNSt6__ndk16vectorIN7Walaber9SharedPtrINS1_13SkeletonActor15EventActionDataEEENS_9allocatorIS5_EEE21__push_back_slow_pathIS5_EEvOT_	std::__ndk1::vector<Walaber::SharedPtr<std::__ndk1::vector::SkeletonActor::EventActionData>, std::__ndk1::allocator<std::__ndk1::vector::SkeletonActor::EventActionData>>::__push_back_slow_path<std::__ndk1::vector::SkeletonActor::EventActionData>	no-ghidra-function
0x34a23c	_ZNSt6__ndk114__split_bufferIN7Walaber9SharedPtrINS1_13SkeletonActor15EventActionDataEEERNS_9allocatorIS5_EEEC2EmmS8_	__split_buffer<Walaber::SharedPtr<std::__ndk1::__split_buffer::SkeletonActor::EventActionData>, std::__ndk1::allocator<std::__ndk1::__split_buffer::SkeletonActor::EventActionData>&>::__split_buffer	no-ghidra-function
0x34a2ec	_ZNSt6__ndk16vectorIN7Walaber9SharedPtrINS1_13SkeletonActor15EventActionDataEEENS_9allocatorIS5_EEE26__swap_out_circular_bufferERNS_14__split_bufferIS5_RS7_EE	std::__ndk1::vector<Walaber::SharedPtr<std::__ndk1::vector::SkeletonActor::EventActionData>, std::__ndk1::allocator<std::__ndk1::vector::SkeletonActor::EventActionData>>::__swap_out_circular_buffer	no-ghidra-function
0x34a370	_ZNSt6__ndk114__split_bufferIN7Walaber9SharedPtrINS1_13SkeletonActor15EventActionDataEEERNS_9allocatorIS5_EEED2Ev	__split_buffer<Walaber::SharedPtr<std::__ndk1::__split_buffer::SkeletonActor::EventActionData>, std::__ndk1::allocator<std::__ndk1::__split_buffer::SkeletonActor::EventActionData>&>::~__split_buffer	no-ghidra-function
0x34a3c0	_ZNSt6__ndk16__treeINS_12__value_typeIN7Walaber18AnimationEventTypeENS_6vectorINS2_9SharedPtrINS2_13SkeletonActor15EventActionDataEEENS_9allocatorIS8_EEEEEENS_19__map_value_compareIS3_SC_NS_4lessIS3_EELb1EEENS9_ISC_EEE25__emplace_unique_key_argsIS3_JRKNS_21piecewise_construct_tENS_5tupleIJOS3_EEENSN_IJEEEEEENS_4pairINS_15__tree_iteratorISC_PNS_11__tree_nodeISC_PvEElEEbEERKT_DpOT0_	_ZNSt6__ndk16__treeINS_12__value_typeIN7Walaber18AnimationEventTypeENS_6vectorINS2_9SharedPtrINS2_13SkeletonActor15EventActionDataEEENS_9allocatorIS8_EEEEEENS_19__map_value_compareIS3_SC_NS_4lessIS3_EELb1EEENS9_ISC_EEE25__emplace_unique_key_argsIS3_JRKNS_21piecewise_construct_tENS_5tupleIJOS3_EEENSN_IJEEEEEENS_4pairINS_15__tree_iteratorISC_PNS_11__tree_nodeISC_PvEElEEbEERKT_DpOT0_	no-ghidra-function
0x34a498	_ZNSt6__ndk16__treeINS_12__value_typeIN7Walaber18AnimationEventTypeENS_6vectorINS2_9SharedPtrINS2_13SkeletonActor15EventActionDataEEENS_9allocatorIS8_EEEEEENS_19__map_value_compareIS3_SC_NS_4lessIS3_EELb1EEENS9_ISC_EEE16__insert_node_atEPNS_15__tree_end_nodeIPNS_16__tree_node_baseIPvEEEERSN_SN_	_ZNSt6__ndk16__treeINS_12__value_typeIN7Walaber18AnimationEventTypeENS_6vectorINS2_9SharedPtrINS2_13SkeletonActor15EventActionDataEEENS_9allocatorIS8_EEEEEENS_19__map_value_compareIS3_SC_NS_4lessIS3_EELb1EEENS9_ISC_EEE16__insert_node_atEPNS_15__tree_end_nodeIPNS_16__tree_node_baseIPvEEEERSN_SN_	no-ghidra-function
0x34a4ec	_ZNSt6__ndk16vectorIN7Walaber9SharedPtrINS1_13SkeletonActor15EventActionDataEEENS_9allocatorIS5_EEE21__push_back_slow_pathIRKS5_EEvOT_	std::__ndk1::vector<Walaber::SharedPtr<std::__ndk1::vector::SkeletonActor::EventActionData>, std::__ndk1::allocator<std::__ndk1::vector::SkeletonActor::EventActionData>>::__push_back_slow_path<std::__ndk1::vector::SkeletonActor::EventActionData const&>	no-ghidra-function
0x34a5e8	_ZNSt6__ndk16__sortIRPFbN7Walaber9SharedPtrINS1_13SkeletonActor15EventActionDataEEES5_EPS5_EEvT0_SA_T_	std::__ndk1::__sort<(bool, Walaber::SharedPtr<std::__ndk1::__sort::SkeletonActor::EventActionData>, std::__ndk1::__sort::SkeletonActor::EventActionData)*&, std::__ndk1::__sort::SkeletonActor::EventActionData*>	no-ghidra-function
0x34b524	_ZNSt6__ndk17__sort5IRPFbN7Walaber9SharedPtrINS1_13SkeletonActor15EventActionDataEEES5_EPS5_EEjT0_SA_SA_SA_SA_T_	std::__ndk1::__sort5<(bool, Walaber::SharedPtr<std::__ndk1::__sort5::SkeletonActor::EventActionData>, std::__ndk1::__sort5::SkeletonActor::EventActionData)*&, std::__ndk1::__sort5::SkeletonActor::EventActionData*>	no-ghidra-function
0x34b860	_ZNSt6__ndk118__insertion_sort_3IRPFbN7Walaber9SharedPtrINS1_13SkeletonActor15EventActionDataEEES5_EPS5_EEvT0_SA_T_	std::__ndk1::__insertion_sort_3<(bool, Walaber::SharedPtr<std::__ndk1::__insertion_sort_3::SkeletonActor::EventActionData>, std::__ndk1::__insertion_sort_3::SkeletonActor::EventActionData)*&, std::__ndk1::__insertion_sort_3::SkeletonActor::EventActionData*>	no-ghidra-function
0x34ba50	_ZNSt6__ndk127__insertion_sort_incompleteIRPFbN7Walaber9SharedPtrINS1_13SkeletonActor15EventActionDataEEES5_EPS5_EEbT0_SA_T_	std::__ndk1::__insertion_sort_incomplete<(bool, Walaber::SharedPtr<std::__ndk1::__insertion_sort_incomplete::SkeletonActor::EventActionData>, std::__ndk1::__insertion_sort_incomplete::SkeletonActor::EventActionData)*&, std::__ndk1::__insertion_sort_incomplete::SkeletonActor::EventActionData*>	no-ghidra-function
0x34bd98	_ZN7Walaber9SharedPtrINS_13SkeletonActor15EventActionDataEEaSERKS3_	_ZN7Walaber9SharedPtrINS_13SkeletonActor15EventActionDataEEaSERKS3_	no-ghidra-function
0x34be1c	_ZNSt6__ndk16__treeINS_12__value_typeINS_12basic_stringIcNS_11char_traitsIcEENS_9allocatorIcEEEES7_EENS_19__map_value_compareIS7_S8_NS_4lessIS7_EELb1EEENS5_IS8_EEE25__emplace_unique_key_argsIS7_JRKNS_21piecewise_construct_tENS_5tupleIJOS7_EEENSJ_IJEEEEEENS_4pairINS_15__tree_iteratorIS8_PNS_11__tree_nodeIS8_PvEElEEbEERKT_DpOT0_	std::__ndk1::__tree<std::__ndk1::__value_type<std::__ndk1::basic_string<char, std::__ndk1::char_traits<char>, std::__ndk1::allocator<char>>, std::__ndk1::allocator<char>>, std::__ndk1::__map_value_compare<std::__ndk1::allocator<char>, std::__ndk1::basic_string<char, std::__ndk1::char_traits<char>, std::__ndk1::allocator<char>>, std::__ndk1::less<std::__ndk1::allocator<char>>, bool>>::std::__ndk1::char_traits<char><std::__ndk1::basic_string<char, std::__ndk1::char_traits<char>, std::__ndk1::allocator<char>>>	no-ghidra-function
0x34bee0	_ZNSt6__ndk16__treeINS_12__value_typeINS_12basic_stringIcNS_11char_traitsIcEENS_9allocatorIcEEEES7_EENS_19__map_value_compareIS7_S8_NS_4lessIS7_EELb1EEENS5_IS8_EEE12__find_equalIS7_EERPNS_16__tree_node_baseIPvEERPNS_15__tree_end_nodeISJ_EERKT_	std::__ndk1::__tree<std::__ndk1::__value_type<std::__ndk1::basic_string<char, std::__ndk1::char_traits<char>, std::__ndk1::allocator<char>>, std::__ndk1::allocator<char>>, std::__ndk1::__map_value_compare<std::__ndk1::allocator<char>, std::__ndk1::basic_string<char, std::__ndk1::char_traits<char>, std::__ndk1::allocator<char>>, std::__ndk1::less<std::__ndk1::allocator<char>>, bool>>::std::__ndk1::char_traits<char><std::__ndk1::basic_string<char, std::__ndk1::char_traits<char>, std::__ndk1::allocator<char>>>	no-ghidra-function
0x34c00c	_ZNSt6__ndk16__treeINS_12__value_typeINS_12basic_stringIcNS_11char_traitsIcEENS_9allocatorIcEEEES7_EENS_19__map_value_compareIS7_S8_NS_4lessIS7_EELb1EEENS5_IS8_EEE16__insert_node_atEPNS_15__tree_end_nodeIPNS_16__tree_node_baseIPvEEEERSJ_SJ_	std::__ndk1::__tree<std::__ndk1::__value_type<std::__ndk1::basic_string<char, std::__ndk1::char_traits<char>, std::__ndk1::allocator<char>>, std::__ndk1::allocator<char>>, std::__ndk1::__map_value_compare<std::__ndk1::allocator<char>, std::__ndk1::basic_string<char, std::__ndk1::char_traits<char>, std::__ndk1::allocator<char>>, std::__ndk1::less<std::__ndk1::allocator<char>>, bool>>::std::__ndk1::char_traits<char><std::__ndk1::basic_string<char, std::__ndk1::char_traits<char>, std::__ndk1::allocator<char>>>	no-ghidra-function
0x34c060	_ZNSt6__ndk16__treeINS_12__value_typeINS_12basic_stringIcNS_11char_traitsIcEENS_9allocatorIcEEEES7_EENS_19__map_value_compareIS7_S8_NS_4lessIS7_EELb1EEENS5_IS8_EEE4findIS7_EENS_15__tree_iteratorIS8_PNS_11__tree_nodeIS8_PvEElEERKT_	std::__ndk1::__tree<std::__ndk1::__value_type<std::__ndk1::basic_string<char, std::__ndk1::char_traits<char>, std::__ndk1::allocator<char>>, std::__ndk1::allocator<char>>, std::__ndk1::__map_value_compare<std::__ndk1::allocator<char>, std::__ndk1::basic_string<char, std::__ndk1::char_traits<char>, std::__ndk1::allocator<char>>, std::__ndk1::less<std::__ndk1::allocator<char>>, bool>>::std::__ndk1::char_traits<char><std::__ndk1::basic_string<char, std::__ndk1::char_traits<char>, std::__ndk1::allocator<char>>>	no-ghidra-function
0x34c118	_ZNSt6__ndk16__treeINS_12__value_typeINS_12basic_stringIcNS_11char_traitsIcEENS_9allocatorIcEEEES7_EENS_19__map_value_compareIS7_S8_NS_4lessIS7_EELb1EEENS5_IS8_EEE13__lower_boundIS7_EENS_15__tree_iteratorIS8_PNS_11__tree_nodeIS8_PvEElEERKT_SK_PNS_15__tree_end_nodeIPNS_16__tree_node_baseISI_EEEE	std::__ndk1::__tree<std::__ndk1::__value_type<std::__ndk1::basic_string<char, std::__ndk1::char_traits<char>, std::__ndk1::allocator<char>>, std::__ndk1::allocator<char>>, std::__ndk1::__map_value_compare<std::__ndk1::allocator<char>, std::__ndk1::basic_string<char, std::__ndk1::char_traits<char>, std::__ndk1::allocator<char>>, std::__ndk1::less<std::__ndk1::allocator<char>>, bool>>::std::__ndk1::char_traits<char><std::__ndk1::basic_string<char, std::__ndk1::char_traits<char>, std::__ndk1::allocator<char>>>	no-ghidra-function
0x34c1c8	_ZNSt6__ndk16__treeINS_12__value_typeINS_12basic_stringIcNS_11char_traitsIcEENS_9allocatorIcEEEEPN7Walaber13SkeletonActor4PropEEENS_19__map_value_compareIS7_SC_NS_4lessIS7_EELb1EEENS5_ISC_EEE25__emplace_unique_key_argsIS7_JRKNS_21piecewise_construct_tENS_5tupleIJRKS7_EEENSN_IJEEEEEENS_4pairINS_15__tree_iteratorISC_PNS_11__tree_nodeISC_PvEElEEbEERKT_DpOT0_	_ZNSt6__ndk16__treeINS_12__value_typeINS_12basic_stringIcNS_11char_traitsIcEENS_9allocatorIcEEEEPN7Walaber13SkeletonActor4PropEEENS_19__map_value_compareIS7_SC_NS_4lessIS7_EELb1EEENS5_ISC_EEE25__emplace_unique_key_argsIS7_JRKNS_21piecewise_construct_tENS_5tupleIJRKS7_EEENSN_IJEEEEEENS_4pairINS_15__tree_iteratorISC_PNS_11__tree_nodeISC_PvEElEEbEERKT_DpOT0_	no-ghidra-function
0x34c278	_ZNSt6__ndk16__treeINS_12__value_typeINS_12basic_stringIcNS_11char_traitsIcEENS_9allocatorIcEEEEPN7Walaber13SkeletonActor4PropEEENS_19__map_value_compareIS7_SC_NS_4lessIS7_EELb1EEENS5_ISC_EEE16__construct_nodeIJRKNS_21piecewise_construct_tENS_5tupleIJRKS7_EEENSN_IJEEEEEENS_10unique_ptrINS_11__tree_nodeISC_PvEENS_22__tree_node_destructorINS5_ISV_EEEEEEDpOT_	_ZNSt6__ndk16__treeINS_12__value_typeINS_12basic_stringIcNS_11char_traitsIcEENS_9allocatorIcEEEEPN7Walaber13SkeletonActor4PropEEENS_19__map_value_compareIS7_SC_NS_4lessIS7_EELb1EEENS5_ISC_EEE16__construct_nodeIJRKNS_21piecewise_construct_tENS_5tupleIJRKS7_EEENSN_IJEEEEEENS_10unique_ptrINS_11__tree_nodeISC_PvEENS_22__tree_node_destructorINS5_ISV_EEEEEEDpOT_	no-ghidra-function
0x34c2e8	_ZNSt6__ndk16vectorIPN7Walaber15ParticleEmitterENS_9allocatorIS3_EEE21__push_back_slow_pathIRKS3_EEvOT_	std::__ndk1::vector<Walaber::ParticleEmitter*, std::__ndk1::allocator<Walaber::ParticleEmitter>>::__push_back_slow_path<Walaber::ParticleEmitter const&>	no-ghidra-function
0x34c410	_ZNSt6__ndk114__split_bufferIPN7Walaber15ParticleEmitterERNS_9allocatorIS3_EEEC2EmmS6_	__split_buffer<Walaber::ParticleEmitter*, std::__ndk1::allocator<Walaber::ParticleEmitter>&>::__split_buffer	no-ghidra-function
0x34c4c0	_ZNSt6__ndk16__treeINS_12__value_typeINS_12basic_stringIcNS_11char_traitsIcEENS_9allocatorIcEEEEPN7Walaber13SkeletonActor4PropEEENS_19__map_value_compareIS7_SC_NS_4lessIS7_EELb1EEENS5_ISC_EEE5eraseENS_21__tree_const_iteratorISC_PNS_11__tree_nodeISC_PvEElEE	_ZNSt6__ndk16__treeINS_12__value_typeINS_12basic_stringIcNS_11char_traitsIcEENS_9allocatorIcEEEEPN7Walaber13SkeletonActor4PropEEENS_19__map_value_compareIS7_SC_NS_4lessIS7_EELb1EEENS5_ISC_EEE5eraseENS_21__tree_const_iteratorISC_PNS_11__tree_nodeISC_PvEElEE	no-ghidra-function
0x34c564	_ZNSt6__ndk16vectorIN7Walaber9SharedPtrINS1_19SoundEffectInstanceEEENS_9allocatorIS4_EEE21__push_back_slow_pathIRKS4_EEvOT_	std::__ndk1::vector<Walaber::SharedPtr<std::__ndk1::vector::SoundEffectInstance>, std::__ndk1::allocator<std::__ndk1::vector::SoundEffectInstance>>::__push_back_slow_path<std::__ndk1::vector::SoundEffectInstance const&>	no-ghidra-function
0x34c660	_ZNSt6__ndk114__split_bufferIN7Walaber9SharedPtrINS1_19SoundEffectInstanceEEERNS_9allocatorIS4_EEEC2EmmS7_	__split_buffer<Walaber::SharedPtr<std::__ndk1::__split_buffer::SoundEffectInstance>, std::__ndk1::allocator<std::__ndk1::__split_buffer::SoundEffectInstance>&>::__split_buffer	no-ghidra-function
0x34c710	_ZNSt6__ndk16vectorIN7Walaber9SharedPtrINS1_19SoundEffectInstanceEEENS_9allocatorIS4_EEE26__swap_out_circular_bufferERNS_14__split_bufferIS4_RS6_EE	std::__ndk1::vector<Walaber::SharedPtr<std::__ndk1::vector::SoundEffectInstance>, std::__ndk1::allocator<std::__ndk1::vector::SoundEffectInstance>>::__swap_out_circular_buffer	no-ghidra-function
0x34c794	_ZNSt6__ndk114__split_bufferIN7Walaber9SharedPtrINS1_19SoundEffectInstanceEEERNS_9allocatorIS4_EEED2Ev	__split_buffer<Walaber::SharedPtr<std::__ndk1::__split_buffer::SoundEffectInstance>, std::__ndk1::allocator<std::__ndk1::__split_buffer::SoundEffectInstance>&>::~__split_buffer	no-ghidra-function
0x34c7e4	_ZN7Walaber13SoundResourceC2EPN4FMOD5SoundE	SoundResource::SoundResource	no-ghidra-function
0x34c83c	_ZN7Walaber13SoundResourceD2Ev	SoundResource::~SoundResource	no-ghidra-function
0x34c8a4	_ZN7Walaber19SoundEffectInstanceC2ENS_9SharedPtrINS_13SoundResourceEEEPN4FMOD12ChannelGroupEfNSt6__ndk112basic_stringIcNS7_11char_traitsIcEENS7_9allocatorIcEEEE	SoundEffectInstance::SoundEffectInstance	no-ghidra-function
0x34c920	_ZN7Walaber9SharedPtrINS_13SoundResourceEED2Ev	SharedPtr<Walaber::SoundResource>::~SharedPtr	no-ghidra-function
0x34c97c	_ZN7Walaber19SoundEffectInstanceD2Ev	SoundEffectInstance::~SoundEffectInstance	no-ghidra-function
0x34ca38	_ZN7Walaber19SoundEffectInstance4stopEv	Walaber::SoundEffectInstance::stop	no-ghidra-function
0x34ca64	_ZN7Walaber19SoundEffectInstanceD0Ev	SoundEffectInstance::~SoundEffectInstance	no-ghidra-function
0x34ca88	_ZN7Walaber19SoundEffectInstance4playEf	Walaber::SoundEffectInstance::play	no-ghidra-function
0x34cb50	_ZN7Walaber19SoundEffectInstance8getStateEv	Walaber::SoundEffectInstance::getState	no-ghidra-function
0x34cbdc	_ZN7Walaber19SoundEffectInstance12_initChannelEv	Walaber::SoundEffectInstance::_initChannel	no-ghidra-function
0x34cce8	_ZN7Walaber12SoundManager14getInstancePtrEv	Walaber::SoundManager::getInstancePtr	no-ghidra-function
0x34cd3c	_ZN7Walaber12SoundManager14subtitlePlayedERKNSt6__ndk112basic_stringIcNS1_11char_traitsIcEENS1_9allocatorIcEEEEf	Walaber::SoundManager::subtitlePlayed	no-ghidra-function
0x34cde8	_ZN7Walaber19SoundEffectInstance11getDurationEv	Walaber::SoundEffectInstance::getDuration	no-ghidra-function
0x34ce7c	_ZN7Walaber19SoundEffectInstance5pauseEv	Walaber::SoundEffectInstance::pause	no-ghidra-function
0x34ce9c	_ZN7Walaber19SoundEffectInstance6resumeEv	Walaber::SoundEffectInstance::resume	no-ghidra-function
0x34cee8	_ZN7Walaber19SoundEffectInstance9setVolumeEf	Walaber::SoundEffectInstance::setVolume	no-ghidra-function
0x34cf04	_ZN7Walaber19SoundEffectInstance8setPitchEf	Walaber::SoundEffectInstance::setPitch	no-ghidra-function
0x34cf20	_ZN7Walaber19SoundEffectInstance11setPositionENS_7Vector2E	Walaber::SoundEffectInstance::setPosition	no-ghidra-function
0x34cf24	_ZN7Walaber19SoundEffectInstance11setPositionEfff	Walaber::SoundEffectInstance::setPosition	no-ghidra-function
0x34cf28	_ZN7Walaber19SoundEffectInstance19setPlaybackPositionEf	Walaber::SoundEffectInstance::setPlaybackPosition	no-ghidra-function
0x34cfa8	_ZN7Walaber19SoundEffectInstance19setPlaybackPositionEj	Walaber::SoundEffectInstance::setPlaybackPosition	no-ghidra-function
0x34cff4	_ZN7Walaber19SoundEffectInstance19getPlaybackPositionEv	Walaber::SoundEffectInstance::getPlaybackPosition	no-ghidra-function
0x34d074	_ZN7Walaber19SoundEffectInstance9getLengthEv	Walaber::SoundEffectInstance::getLength	no-ghidra-function
0x34d0fc	_ZN7Walaber19SoundEffectInstance7getDataEjjPh	Walaber::SoundEffectInstance::getData	no-ghidra-function
0x34d2d0	_ZN7Walaber19SoundEffectInstance9saveToWAVERNSt6__ndk112basic_stringIcNS1_11char_traitsIcEENS1_9allocatorIcEEEEjl	Walaber::SoundEffectInstance::saveToWAV	no-ghidra-function
0x34d504	_ZN7Walaber19SoundEffectInstance15_writeWavHeaderEP7__sFILEi	Walaber::SoundEffectInstance::_writeWavHeader	no-ghidra-function
0x34d68c	_ZN7Walaber12SoundManagerC2Ev	SoundManager::SoundManager	no-ghidra-function
0x34d758	_ZN7Walaber12SoundManager14setSoundVolumeEf	Walaber::SoundManager::setSoundVolume	no-ghidra-function
0x34d784	_ZN7Walaber12SoundManager14setVoiceVolumeEf	Walaber::SoundManager::setVoiceVolume	no-ghidra-function
0x34d7b0	_ZN7Walaber12SoundManager14setMusicVolumeEf	Walaber::SoundManager::setMusicVolume	no-ghidra-function
0x34d7dc	_ZNSt6__ndk18multimapINS_12basic_stringIcNS_11char_traitsIcEENS_9allocatorIcEEEEN7Walaber12SoundManager20GotSoundCallbackDataENS_4lessIS6_EENS4_INS_4pairIKS6_S9_EEEEED2Ev	multimap<std::__ndk1::basic_string<char, std::__ndk1::char_traits<char>, std::__ndk1::allocator<char>>, Walaber::SoundManager::GotSoundCallbackData, std::__ndk1::less<std::__ndk1::allocator<char>>, std::__ndk1::char_traits<char><std::__ndk1::pair<std::__ndk1::allocator<char> const, Walaber::SoundManager>>>::~multimap	no-ghidra-function
0x34d7e4	_ZNSt6__ndk18multimapINS_4pairIiiEEN7Walaber12SoundManager20GotSoundCallbackDataENS_4lessIS2_EENS_9allocatorINS1_IKS2_S5_EEEEED2Ev	multimap<std::__ndk1::pair<int, int>, Walaber::SoundManager::GotSoundCallbackData, std::__ndk1::less<std::__ndk1::pair>, std::__ndk1::allocator<std::__ndk1::multimap<std::__ndk1::pair const, Walaber::SoundManager>>>::~multimap	no-ghidra-function
0x34d7ec	_ZNSt6__ndk13mapIjN7Walaber12SoundManager10MusicGroupENS_4lessIjEENS_9allocatorINS_4pairIKjS3_EEEEED2Ev	map<unsigned int, Walaber::SoundManager::MusicGroup, std::__ndk1::less<unsigned int>, std::__ndk1::allocator<std::__ndk1::pair<unsigned int const, Walaber::SoundManager>>>::~map	no-ghidra-function
0x34d7f4	_ZNSt6__ndk13setIjNS_4lessIjEENS_9allocatorIjEEED2Ev	set<unsigned int, std::__ndk1::less<unsigned int>, std::__ndk1::allocator<unsigned int>>::~set	no-ghidra-function
0x34d7fc	_ZNSt6__ndk13mapIjN7Walaber12SoundManager10SoundGroupENS_4lessIjEENS_9allocatorINS_4pairIKjS3_EEEEED2Ev	map<unsigned int, Walaber::SoundManager::SoundGroup, std::__ndk1::less<unsigned int>, std::__ndk1::allocator<std::__ndk1::pair<unsigned int const, Walaber::SoundManager>>>::~map	no-ghidra-function
0x34d804	_ZNSt6__ndk13mapIN7Walaber8LanguageENS_12basic_stringIcNS_11char_traitsIcEENS_9allocatorIcEEEENS_4lessIS2_EENS6_INS_4pairIKS2_S8_EEEEED2Ev	map<Walaber::Language, std::__ndk1::basic_string<char, std::__ndk1::char_traits<char>, std::__ndk1::allocator<char>>, std::__ndk1::less<Walaber>, std::__ndk1::char_traits<char><std::__ndk1::pair<Walaber const, std::__ndk1::allocator<char>>>>::~map	no-ghidra-function
0x34d80c	_ZN7Walaber12SoundManagerD2Ev	SoundManager::~SoundManager	no-ghidra-function
0x34d9b0	_ZN7Walaber12SoundManager15unloadAllSoundsEv	Walaber::SoundManager::unloadAllSounds	no-ghidra-function
0x34da50	_ZN7Walaber12SoundManager9stopMusicEv	Walaber::SoundManager::stopMusic	no-ghidra-function
0x34daa0	_ZN7Walaber12SoundManager4initERNSt6__ndk112basic_stringIcNS1_11char_traitsIcEENS1_9allocatorIcEEEEj	Walaber::SoundManager::init	no-ghidra-function
0x34e88c	_ZN7Walaber9SharedPtrINS_14MemberCallbackINS_12SoundManagerEEEED2Ev	SharedPtr<Walaber::MemberCallback<Walaber::SoundManager>>::~SharedPtr	no-ghidra-function
0x34edf8	_ZN7Walaber12SoundManager20_loadSoundFileExistsEPv	Walaber::SoundManager::_loadSoundFileExists	no-ghidra-function
0x34f414	_ZN7Walaber12SoundManager25setLocalizedFolderMappingENS_8LanguageERKNSt6__ndk112basic_stringIcNS2_11char_traitsIcEENS2_9allocatorIcEEEE	Walaber::SoundManager::setLocalizedFolderMapping	no-ghidra-function
0x34f488	_ZN7Walaber12SoundManager18pushVolumeSettingsEv	Walaber::SoundManager::pushVolumeSettings	no-ghidra-function
0x34f4c4	_ZN7Walaber12SoundManager12refreshSoundERKNSt6__ndk112basic_stringIcNS1_11char_traitsIcEENS1_9allocatorIcEEEEbi	Walaber::SoundManager::refreshSound	no-ghidra-function
0x3518f4	_ZN7Walaber12SoundManager35SoundEffectInstanceLoadedParametersC2EiiNS_9SharedPtrINS_19SoundEffectInstanceEEERKNS_12PropertyListE	SoundEffectInstanceLoadedParameters::SoundEffectInstanceLoadedParameters	no-ghidra-function
0x351b44	_ZN7Walaber12SoundManager17preloadSoundGroupEi	Walaber::SoundManager::preloadSoundGroup	no-ghidra-function
0x3529a4	_ZN7Walaber12SoundManager17playSoundSpecificEiiff	Walaber::SoundManager::playSoundSpecific	no-ghidra-function
0x353ee8	_ZN7Walaber12SoundManager33SoundFileInstanceLoadedParametersC2ENSt6__ndk112basic_stringIcNS2_11char_traitsIcEENS2_9allocatorIcEEEENS_9SharedPtrINS_19SoundEffectInstanceEEERKNS_12PropertyListE	SoundFileInstanceLoadedParameters::SoundFileInstanceLoadedParameters	no-ghidra-function
0x354818	_ZN7Walaber12SoundManager14clearRetryInfoEv	Walaber::SoundManager::clearRetryInfo	no-ghidra-function
0x35482c	_ZN7Walaber12SoundManager12setAllPausedEb	Walaber::SoundManager::setAllPaused	no-ghidra-function
0x35487c	_ZN7Walaber12SoundManager15setSoundsPausedEb	Walaber::SoundManager::setSoundsPaused	no-ghidra-function
0x354890	_ZN7Walaber12SoundManager15setVoicesPausedEb	Walaber::SoundManager::setVoicesPaused	no-ghidra-function
0x3548a4	_ZN7Walaber12SoundManager14setMusicPausedEbbb	Walaber::SoundManager::setMusicPaused	no-ghidra-function
0x354928	_ZN7Walaber12SoundManager10stopSoundsEv	Walaber::SoundManager::stopSounds	no-ghidra-function
0x3549a8	_ZN7Walaber12SoundManager10stopVoicesEv	Walaber::SoundManager::stopVoices	no-ghidra-function
0x3549b8	_ZN7Walaber12SoundManager20systemMusicIsPlayingEv	Walaber::SoundManager::systemMusicIsPlaying	no-ghidra-function
0x3549c0	_ZN7Walaber12SoundManager21updateMusicMuteStatusEv	Walaber::SoundManager::updateMusicMuteStatus	no-ghidra-function
0x3549d8	_ZN7Walaber12SoundManager18playMusicFromGroupEib	Walaber::SoundManager::playMusicFromGroup	no-ghidra-function
0x354bec	_ZN7Walaber12SoundManager14isMusicPlayingEv	Walaber::SoundManager::isMusicPlaying	no-ghidra-function
0x3559a0	_ZN7Walaber12SoundManager17isHubMusicPlayingEv	Walaber::SoundManager::isHubMusicPlaying	no-ghidra-function
0x355ac4	_ZN7Walaber12SoundManager14debugLogMemoryEv	Walaber::SoundManager::debugLogMemory	no-ghidra-function
0x355ca0	_ZN7Walaber12SoundManager8teardownEv	Walaber::SoundManager::teardown	no-ghidra-function
0x355cdc	_ZN7Walaber12SoundManager24addUnderWaterMusicFilterEv	Walaber::SoundManager::addUnderWaterMusicFilter	no-ghidra-function
0x355db8	_ZN7Walaber12SoundManager27removeUnderWaterMusicFilterEv	Walaber::SoundManager::removeUnderWaterMusicFilter	no-ghidra-function
0x355e30	_ZNSt6__ndk16__treeINS_12__value_typeINS_12basic_stringIcNS_11char_traitsIcEENS_9allocatorIcEEEEN7Walaber12SoundManager20GotSoundCallbackDataEEENS_19__map_value_compareIS7_SB_NS_4lessIS7_EELb1EEENS5_ISB_EEE7destroyEPNS_11__tree_nodeISB_PvEE	_ZNSt6__ndk16__treeINS_12__value_typeINS_12basic_stringIcNS_11char_traitsIcEENS_9allocatorIcEEEEN7Walaber12SoundManager20GotSoundCallbackDataEEENS_19__map_value_compareIS7_SB_NS_4lessIS7_EELb1EEENS5_ISB_EEE7destroyEPNS_11__tree_nodeISB_PvEE	no-ghidra-function
0x355e94	_ZNSt6__ndk16__treeINS_12__value_typeINS_4pairIiiEEN7Walaber12SoundManager20GotSoundCallbackDataEEENS_19__map_value_compareIS3_S7_NS_4lessIS3_EELb1EEENS_9allocatorIS7_EEE7destroyEPNS_11__tree_nodeIS7_PvEE	std::__ndk1::__tree<std::__ndk1::__value_type<std::__ndk1::pair<int, int>, Walaber::SoundManager::GotSoundCallbackData>, std::__ndk1::__map_value_compare<std::__ndk1::pair, Walaber::SoundManager::GotSoundCallbackData, std::__ndk1::less<std::__ndk1::pair>, bool>>::std::__ndk1::allocator<Walaber::SoundManager::GotSoundCallbackData>	no-ghidra-function
0x355f3c	_ZNSt6__ndk16__treeIjNS_4lessIjEENS_9allocatorIjEEE7destroyEPNS_11__tree_nodeIjPvEE	std::__ndk1::__tree<unsigned int, std::__ndk1::less<unsigned int>, std::__ndk1::allocator<unsigned int>>::destroy	no-ghidra-function
0x355f7c	_ZNSt6__ndk16__treeINS_12__value_typeIjN7Walaber12SoundManager10SoundGroupEEENS_19__map_value_compareIjS5_NS_4lessIjEELb1EEENS_9allocatorIS5_EEE7destroyEPNS_11__tree_nodeIS5_PvEE	std::__ndk1::__tree<std::__ndk1::__value_type<unsigned int, Walaber::SoundManager::SoundGroup>, std::__ndk1::__map_value_compare<unsigned int, Walaber::SoundManager::SoundGroup, std::__ndk1::less<unsigned int>, bool>>::std::__ndk1::allocator<Walaber::SoundManager::SoundGroup>	no-ghidra-function
0x355fd0	_ZNSt6__ndk16__treeINS_12__value_typeIN7Walaber8LanguageENS_12basic_stringIcNS_11char_traitsIcEENS_9allocatorIcEEEEEENS_19__map_value_compareIS3_SA_NS_4lessIS3_EELb1EEENS7_ISA_EEE7destroyEPNS_11__tree_nodeISA_PvEE	_ZNSt6__ndk16__treeINS_12__value_typeIN7Walaber8LanguageENS_12basic_stringIcNS_11char_traitsIcEENS_9allocatorIcEEEEEENS_19__map_value_compareIS3_SA_NS_4lessIS3_EELb1EEENS7_ISA_EEE7destroyEPNS_11__tree_nodeISA_PvEE	no-ghidra-function
0x356020	_ZNSt6__ndk16vectorIN7Walaber12SoundManager9SoundInfoENS_9allocatorIS3_EEE13__vdeallocateEv	std::__ndk1::vector<Walaber::SoundManager::SoundInfo, std::__ndk1::allocator<Walaber::SoundManager>>::__vdeallocate	no-ghidra-function
0x3560ac	_ZNSt6__ndk16__treeINS_12__value_typeINS_12basic_stringIcNS_11char_traitsIcEENS_9allocatorIcEEEEN7Walaber8PropertyEEENS_19__map_value_compareIS7_SA_NS_4lessIS7_EELb1EEENS5_ISA_EEE30__emplace_hint_unique_key_argsIS7_JRKNS_4pairIKS7_S9_EEEEENS_15__tree_iteratorISA_PNS_11__tree_nodeISA_PvEElEENS_21__tree_const_iteratorISA_SR_lEERKT_DpOT0_	_ZNSt6__ndk16__treeINS_12__value_typeINS_12basic_stringIcNS_11char_traitsIcEENS_9allocatorIcEEEEN7Walaber8PropertyEEENS_19__map_value_compareIS7_SA_NS_4lessIS7_EELb1EEENS5_ISA_EEE30__emplace_hint_unique_key_argsIS7_JRKNS_4pairIKS7_S9_EEEEENS_15__tree_iteratorISA_PNS_11__tree_nodeISA_PvEElEENS_21__tree_const_iteratorISA_SR_lEERKT_DpOT0_	no-ghidra-function
0x356428	_ZNSt6__ndk16__treeINS_12__value_typeINS_12basic_stringIcNS_11char_traitsIcEENS_9allocatorIcEEEEN7Walaber8PropertyEEENS_19__map_value_compareIS7_SA_NS_4lessIS7_EELb1EEENS5_ISA_EEE16__construct_nodeIJRKNS_4pairIKS7_S9_EEEEENS_10unique_ptrINS_11__tree_nodeISA_PvEENS_22__tree_node_destructorINS5_ISQ_EEEEEEDpOT_	_ZNSt6__ndk16__treeINS_12__value_typeINS_12basic_stringIcNS_11char_traitsIcEENS_9allocatorIcEEEEN7Walaber8PropertyEEENS_19__map_value_compareIS7_SA_NS_4lessIS7_EELb1EEENS5_ISA_EEE16__construct_nodeIJRKNS_4pairIKS7_S9_EEEEENS_10unique_ptrINS_11__tree_nodeISA_PvEENS_22__tree_node_destructorINS5_ISQ_EEEEEEDpOT_	no-ghidra-function
0x356494	_ZNSt6__ndk16__treeINS_12__value_typeINS_12basic_stringIcNS_11char_traitsIcEENS_9allocatorIcEEEEN7Walaber8PropertyEEENS_19__map_value_compareIS7_SA_NS_4lessIS7_EELb1EEENS5_ISA_EEE16__insert_node_atEPNS_15__tree_end_nodeIPNS_16__tree_node_baseIPvEEEERSL_SL_	_ZNSt6__ndk16__treeINS_12__value_typeINS_12basic_stringIcNS_11char_traitsIcEENS_9allocatorIcEEEEN7Walaber8PropertyEEENS_19__map_value_compareIS7_SA_NS_4lessIS7_EELb1EEENS5_ISA_EEE16__insert_node_atEPNS_15__tree_end_nodeIPNS_16__tree_node_baseIPvEEEERSL_SL_	no-ghidra-function
0x356668	_ZNSt6__ndk16__treeINS_12__value_typeINS_12basic_stringIcNS_11char_traitsIcEENS_9allocatorIcEEEEN7Walaber8PropertyEEENS_19__map_value_compareIS7_SA_NS_4lessIS7_EELb1EEENS5_ISA_EEE7destroyEPNS_11__tree_nodeISA_PvEE	_ZNSt6__ndk16__treeINS_12__value_typeINS_12basic_stringIcNS_11char_traitsIcEENS_9allocatorIcEEEEN7Walaber8PropertyEEENS_19__map_value_compareIS7_SA_NS_4lessIS7_EELb1EEENS5_ISA_EEE7destroyEPNS_11__tree_nodeISA_PvEE	no-ghidra-function
0x3567a4	_ZNSt6__ndk16__treeINS_12__value_typeIjN7Walaber12SoundManager10MusicGroupEEENS_19__map_value_compareIjS5_NS_4lessIjEELb1EEENS_9allocatorIS5_EEE16__insert_node_atEPNS_15__tree_end_nodeIPNS_16__tree_node_baseIPvEEEERSH_SH_	std::__ndk1::__tree<std::__ndk1::__value_type<unsigned int, Walaber::SoundManager::MusicGroup>, std::__ndk1::__map_value_compare<unsigned int, Walaber::SoundManager::MusicGroup, std::__ndk1::less<unsigned int>, bool>>::std::__ndk1::allocator<Walaber::SoundManager::MusicGroup>	no-ghidra-function
0x356888	_ZN7Walaber14MemberCallbackINS_12SoundManagerEED0Ev	MemberCallback<Walaber::SoundManager>::~MemberCallback	no-ghidra-function
0x35688c	_ZN7Walaber14MemberCallbackINS_12SoundManagerEE6invokeEPv	Walaber::MemberCallback<Walaber::SoundManager>::invoke	no-ghidra-function
0x356988	_ZNSt6__ndk16__treeIjNS_4lessIjEENS_9allocatorIjEEE16__insert_node_atEPNS_15__tree_end_nodeIPNS_16__tree_node_baseIPvEEEERSA_SA_	std::__ndk1::__tree<unsigned int, std::__ndk1::less<unsigned int>, std::__ndk1::allocator<unsigned int>>::__insert_node_at	no-ghidra-function
0x3569dc	_ZNSt6__ndk16__treeINS_12__value_typeIN7Walaber8LanguageENS_12basic_stringIcNS_11char_traitsIcEENS_9allocatorIcEEEEEENS_19__map_value_compareIS3_SA_NS_4lessIS3_EELb1EEENS7_ISA_EEE25__emplace_unique_key_argsIS3_JRKNS_21piecewise_construct_tENS_5tupleIJRKS3_EEENSL_IJEEEEEENS_4pairINS_15__tree_iteratorISA_PNS_11__tree_nodeISA_PvEElEEbEERKT_DpOT0_	_ZNSt6__ndk16__treeINS_12__value_typeIN7Walaber8LanguageENS_12basic_stringIcNS_11char_traitsIcEENS_9allocatorIcEEEEEENS_19__map_value_compareIS3_SA_NS_4lessIS3_EELb1EEENS7_ISA_EEE25__emplace_unique_key_argsIS3_JRKNS_21piecewise_construct_tENS_5tupleIJRKS3_EEENSL_IJEEEEEENS_4pairINS_15__tree_iteratorISA_PNS_11__tree_nodeISA_PvEElEEbEERKT_DpOT0_	no-ghidra-function
0x356e78	_ZNSt6__ndk114__split_bufferIN7Walaber12SoundManager9SoundInfoERNS_9allocatorIS3_EEED2Ev	__split_buffer<Walaber::SoundManager::SoundInfo, std::__ndk1::allocator<Walaber::SoundManager>&>::~__split_buffer	no-ghidra-function
0x356ef8	_ZNSt6__ndk16__treeINS_12__value_typeIjN7Walaber12SoundManager10SoundGroupEEENS_19__map_value_compareIjS5_NS_4lessIjEELb1EEENS_9allocatorIS5_EEE25__emplace_unique_key_argsIjJRKNS_21piecewise_construct_tENS_5tupleIJOjEEENSH_IJEEEEEENS_4pairINS_15__tree_iteratorIS5_PNS_11__tree_nodeIS5_PvEElEEbEERKT_DpOT0_	std::__ndk1::__tree<std::__ndk1::__value_type<unsigned int, Walaber::SoundManager::SoundGroup>, std::__ndk1::__map_value_compare<unsigned int, Walaber::SoundManager::SoundGroup, std::__ndk1::less<unsigned int>, bool>>::std::__ndk1::allocator<Walaber::SoundManager::SoundGroup>	no-ghidra-function
0x356fd4	_ZNSt6__ndk16__treeINS_12__value_typeIjN7Walaber12SoundManager10SoundGroupEEENS_19__map_value_compareIjS5_NS_4lessIjEELb1EEENS_9allocatorIS5_EEE16__insert_node_atEPNS_15__tree_end_nodeIPNS_16__tree_node_baseIPvEEEERSH_SH_	std::__ndk1::__tree<std::__ndk1::__value_type<unsigned int, Walaber::SoundManager::SoundGroup>, std::__ndk1::__map_value_compare<unsigned int, Walaber::SoundManager::SoundGroup, std::__ndk1::less<unsigned int>, bool>>::std::__ndk1::allocator<Walaber::SoundManager::SoundGroup>	no-ghidra-function
0x357028	_ZNSt6__ndk16__treeINS_12__value_typeINS_4pairIiiEEN7Walaber12SoundManager20GotSoundCallbackDataEEENS_19__map_value_compareIS3_S7_NS_4lessIS3_EELb1EEENS_9allocatorIS7_EEE4findIS3_EENS_15__tree_iteratorIS7_PNS_11__tree_nodeIS7_PvEElEERKT_	std::__ndk1::__tree<std::__ndk1::__value_type<std::__ndk1::pair<int, int>, Walaber::SoundManager::GotSoundCallbackData>, std::__ndk1::__map_value_compare<std::__ndk1::pair, Walaber::SoundManager::GotSoundCallbackData, std::__ndk1::less<std::__ndk1::pair>, bool>>::std::__ndk1::allocator<Walaber::SoundManager::GotSoundCallbackData>	no-ghidra-function
0x357158	_ZNSt6__ndk16__treeINS_12__value_typeINS_4pairIiiEEN7Walaber12SoundManager20GotSoundCallbackDataEEENS_19__map_value_compareIS3_S7_NS_4lessIS3_EELb1EEENS_9allocatorIS7_EEE16__construct_nodeIJNS2_IS3_S6_EEEEENS_10unique_ptrINS_11__tree_nodeIS7_PvEENS_22__tree_node_destructorINSC_ISK_EEEEEEDpOT_	std::__ndk1::__tree<std::__ndk1::__value_type<std::__ndk1::pair<int, int>, Walaber::SoundManager::GotSoundCallbackData>, std::__ndk1::__map_value_compare<std::__ndk1::pair, Walaber::SoundManager::GotSoundCallbackData, std::__ndk1::less<std::__ndk1::pair>, bool>>::std::__ndk1::allocator<Walaber::SoundManager::GotSoundCallbackData>	no-ghidra-function
0x357278	_ZNSt6__ndk16__treeINS_12__value_typeINS_4pairIiiEEN7Walaber12SoundManager20GotSoundCallbackDataEEENS_19__map_value_compareIS3_S7_NS_4lessIS3_EELb1EEENS_9allocatorIS7_EEE16__find_leaf_highERPNS_15__tree_end_nodeIPNS_16__tree_node_baseIPvEEEERKS3_	std::__ndk1::__tree<std::__ndk1::__value_type<std::__ndk1::pair<int, int>, Walaber::SoundManager::GotSoundCallbackData>, std::__ndk1::__map_value_compare<std::__ndk1::pair, Walaber::SoundManager::GotSoundCallbackData, std::__ndk1::less<std::__ndk1::pair>, bool>>::std::__ndk1::allocator<Walaber::SoundManager::GotSoundCallbackData>	no-ghidra-function
0x3572e0	_ZNSt6__ndk16__treeINS_12__value_typeINS_4pairIiiEEN7Walaber12SoundManager20GotSoundCallbackDataEEENS_19__map_value_compareIS3_S7_NS_4lessIS3_EELb1EEENS_9allocatorIS7_EEE16__insert_node_atEPNS_15__tree_end_nodeIPNS_16__tree_node_baseIPvEEEERSJ_SJ_	std::__ndk1::__tree<std::__ndk1::__value_type<std::__ndk1::pair<int, int>, Walaber::SoundManager::GotSoundCallbackData>, std::__ndk1::__map_value_compare<std::__ndk1::pair, Walaber::SoundManager::GotSoundCallbackData, std::__ndk1::less<std::__ndk1::pair>, bool>>::std::__ndk1::allocator<Walaber::SoundManager::GotSoundCallbackData>	no-ghidra-function
0x357418	_ZNSt6__ndk16__treeINS_12__value_typeINS_4pairIiiEEN7Walaber12SoundManager20GotSoundCallbackDataEEENS_19__map_value_compareIS3_S7_NS_4lessIS3_EELb1EEENS_9allocatorIS7_EEE5eraseENS_21__tree_const_iteratorIS7_PNS_11__tree_nodeIS7_PvEElEE	std::__ndk1::__tree<std::__ndk1::__value_type<std::__ndk1::pair<int, int>, Walaber::SoundManager::GotSoundCallbackData>, std::__ndk1::__map_value_compare<std::__ndk1::pair, Walaber::SoundManager::GotSoundCallbackData, std::__ndk1::less<std::__ndk1::pair>, bool>>::std::__ndk1::allocator<Walaber::SoundManager::GotSoundCallbackData>	no-ghidra-function
0x357688	_ZNSt6__ndk16__treeINS_12__value_typeINS_12basic_stringIcNS_11char_traitsIcEENS_9allocatorIcEEEEN7Walaber12SoundManager20GotSoundCallbackDataEEENS_19__map_value_compareIS7_SB_NS_4lessIS7_EELb1EEENS5_ISB_EEE4findIS7_EENS_15__tree_iteratorISB_PNS_11__tree_nodeISB_PvEElEERKT_	_ZNSt6__ndk16__treeINS_12__value_typeINS_12basic_stringIcNS_11char_traitsIcEENS_9allocatorIcEEEEN7Walaber12SoundManager20GotSoundCallbackDataEEENS_19__map_value_compareIS7_SB_NS_4lessIS7_EELb1EEENS5_ISB_EEE4findIS7_EENS_15__tree_iteratorISB_PNS_11__tree_nodeISB_PvEElEERKT_	no-ghidra-function
0x357740	_ZNSt6__ndk16__treeINS_12__value_typeINS_12basic_stringIcNS_11char_traitsIcEENS_9allocatorIcEEEEN7Walaber12SoundManager20GotSoundCallbackDataEEENS_19__map_value_compareIS7_SB_NS_4lessIS7_EELb1EEENS5_ISB_EEE13__lower_boundIS7_EENS_15__tree_iteratorISB_PNS_11__tree_nodeISB_PvEElEERKT_SN_PNS_15__tree_end_nodeIPNS_16__tree_node_baseISL_EEEE	_ZNSt6__ndk16__treeINS_12__value_typeINS_12basic_stringIcNS_11char_traitsIcEENS_9allocatorIcEEEEN7Walaber12SoundManager20GotSoundCallbackDataEEENS_19__map_value_compareIS7_SB_NS_4lessIS7_EELb1EEENS5_ISB_EEE13__lower_boundIS7_EENS_15__tree_iteratorISB_PNS_11__tree_nodeISB_PvEElEERKT_SN_PNS_15__tree_end_nodeIPNS_16__tree_node_baseISL_EEEE	no-ghidra-function
0x3577f0	_ZNSt6__ndk16__treeINS_12__value_typeINS_12basic_stringIcNS_11char_traitsIcEENS_9allocatorIcEEEEN7Walaber12SoundManager20GotSoundCallbackDataEEENS_19__map_value_compareIS7_SB_NS_4lessIS7_EELb1EEENS5_ISB_EEE15__emplace_multiIJNS_4pairIS7_SA_EEEEENS_15__tree_iteratorISB_PNS_11__tree_nodeISB_PvEElEEDpOT_	_ZNSt6__ndk16__treeINS_12__value_typeINS_12basic_stringIcNS_11char_traitsIcEENS_9allocatorIcEEEEN7Walaber12SoundManager20GotSoundCallbackDataEEENS_19__map_value_compareIS7_SB_NS_4lessIS7_EELb1EEENS5_ISB_EEE15__emplace_multiIJNS_4pairIS7_SA_EEEEENS_15__tree_iteratorISB_PNS_11__tree_nodeISB_PvEElEEDpOT_	no-ghidra-function
0x357864	_ZNSt6__ndk16__treeINS_12__value_typeINS_12basic_stringIcNS_11char_traitsIcEENS_9allocatorIcEEEEN7Walaber12SoundManager20GotSoundCallbackDataEEENS_19__map_value_compareIS7_SB_NS_4lessIS7_EELb1EEENS5_ISB_EEE16__construct_nodeIJNS_4pairIS7_SA_EEEEENS_10unique_ptrINS_11__tree_nodeISB_PvEENS_22__tree_node_destructorINS5_ISO_EEEEEEDpOT_	_ZNSt6__ndk16__treeINS_12__value_typeINS_12basic_stringIcNS_11char_traitsIcEENS_9allocatorIcEEEEN7Walaber12SoundManager20GotSoundCallbackDataEEENS_19__map_value_compareIS7_SB_NS_4lessIS7_EELb1EEENS5_ISB_EEE16__construct_nodeIJNS_4pairIS7_SA_EEEEENS_10unique_ptrINS_11__tree_nodeISB_PvEENS_22__tree_node_destructorINS5_ISO_EEEEEEDpOT_	no-ghidra-function
0x357a7c	_ZNSt6__ndk16__treeINS_12__value_typeINS_12basic_stringIcNS_11char_traitsIcEENS_9allocatorIcEEEEN7Walaber12SoundManager20GotSoundCallbackDataEEENS_19__map_value_compareIS7_SB_NS_4lessIS7_EELb1EEENS5_ISB_EEE16__insert_node_atEPNS_15__tree_end_nodeIPNS_16__tree_node_baseIPvEEEERSM_SM_	_ZNSt6__ndk16__treeINS_12__value_typeINS_12basic_stringIcNS_11char_traitsIcEENS_9allocatorIcEEEEN7Walaber12SoundManager20GotSoundCallbackDataEEENS_19__map_value_compareIS7_SB_NS_4lessIS7_EELb1EEENS5_ISB_EEE16__insert_node_atEPNS_15__tree_end_nodeIPNS_16__tree_node_baseIPvEEEERSM_SM_	no-ghidra-function
0x357c1c	_ZNSt6__ndk16__treeINS_12__value_typeINS_12basic_stringIcNS_11char_traitsIcEENS_9allocatorIcEEEEN7Walaber12SoundManager20GotSoundCallbackDataEEENS_19__map_value_compareIS7_SB_NS_4lessIS7_EELb1EEENS5_ISB_EEE13__upper_boundIS7_EENS_15__tree_iteratorISB_PNS_11__tree_nodeISB_PvEElEERKT_SN_PNS_15__tree_end_nodeIPNS_16__tree_node_baseISL_EEEE	_ZNSt6__ndk16__treeINS_12__value_typeINS_12basic_stringIcNS_11char_traitsIcEENS_9allocatorIcEEEEN7Walaber12SoundManager20GotSoundCallbackDataEEENS_19__map_value_compareIS7_SB_NS_4lessIS7_EELb1EEENS5_ISB_EEE13__upper_boundIS7_EENS_15__tree_iteratorISB_PNS_11__tree_nodeISB_PvEElEERKT_SN_PNS_15__tree_end_nodeIPNS_16__tree_node_baseISL_EEEE	no-ghidra-function
0x357e40	_ZNSt6__ndk16__treeIjNS_4lessIjEENS_9allocatorIjEEE14__erase_uniqueIjEEmRKT_	std::__ndk1::__tree<unsigned int, std::__ndk1::less<unsigned int>, std::__ndk1::allocator<unsigned int>>::__erase_unique<unsigned int>	no-ghidra-function
0x357ea0	_ZNSt6__ndk16__treeIjNS_4lessIjEENS_9allocatorIjEEE5eraseENS_21__tree_const_iteratorIjPNS_11__tree_nodeIjPvEElEE	std::__ndk1::__tree<unsigned int, std::__ndk1::less<unsigned int>, std::__ndk1::allocator<unsigned int>>::erase	no-ghidra-function
0x357f34	_ZN7Walaber15PlatformManagerC2Ev	PlatformManager::PlatformManager	no-ghidra-function
0x358048	_ZN7Walaber15PlatformManager14getInstancePtrEv	Walaber::PlatformManager::getInstancePtr	no-ghidra-function
0x358324	_ZN7Walaber15PlatformManager27getPlatformSpecificFilenameERKNSt6__ndk112basic_stringIcNS1_11char_traitsIcEENS1_9allocatorIcEEEE	Walaber::PlatformManager::getPlatformSpecificFilename	no-ghidra-function
0x358620	_ZN7Walaber15PlatformManager26getPrioritizedPlatformTagsEv	Walaber::PlatformManager::getPrioritizedPlatformTags	no-ghidra-function
0x358744	_ZN7Walaber15PlatformManager24extensionShouldBeIgnoredERKNSt6__ndk112basic_stringIcNS1_11char_traitsIcEENS1_9allocatorIcEEEE	Walaber::PlatformManager::extensionShouldBeIgnored	no-ghidra-function
0x3587e4	_ZN7Walaber15PlatformManager18addIgnoreExtensionERKNSt6__ndk112basic_stringIcNS1_11char_traitsIcEENS1_9allocatorIcEEEE	Walaber::PlatformManager::addIgnoreExtension	no-ghidra-function
0x358870	_ZNSt6__ndk16__treeINS_12basic_stringIcNS_11char_traitsIcEENS_9allocatorIcEEEENS_4lessIS6_EENS4_IS6_EEE7destroyEPNS_11__tree_nodeIS6_PvEE	std::__ndk1::__tree<std::__ndk1::basic_string<char, std::__ndk1::char_traits<char>, std::__ndk1::allocator<char>>, std::__ndk1::less<std::__ndk1::allocator<char>>, std::__ndk1::char_traits<char><std::__ndk1::allocator<char>>>::destroy	no-ghidra-function
0x3588c0	_ZNSt6__ndk16__treeINS_12basic_stringIcNS_11char_traitsIcEENS_9allocatorIcEEEENS_4lessIS6_EENS4_IS6_EEE25__emplace_unique_key_argsIS6_JS6_EEENS_4pairINS_15__tree_iteratorIS6_PNS_11__tree_nodeIS6_PvEElEEbEERKT_DpOT0_	_ZNSt6__ndk16__treeINS_12basic_stringIcNS_11char_traitsIcEENS_9allocatorIcEEEENS_4lessIS6_EENS4_IS6_EEE25__emplace_unique_key_argsIS6_JS6_EEENS_4pairINS_15__tree_iteratorIS6_PNS_11__tree_nodeIS6_PvEElEEbEERKT_DpOT0_	no-ghidra-function
0x358978	_ZNSt6__ndk16__treeINS_12basic_stringIcNS_11char_traitsIcEENS_9allocatorIcEEEENS_4lessIS6_EENS4_IS6_EEE12__find_equalIS6_EERPNS_16__tree_node_baseIPvEERPNS_15__tree_end_nodeISF_EERKT_	std::__ndk1::__tree<std::__ndk1::basic_string<char, std::__ndk1::char_traits<char>, std::__ndk1::allocator<char>>, std::__ndk1::less<std::__ndk1::allocator<char>>, std::__ndk1::char_traits<char><std::__ndk1::allocator<char>>>::__find_equal<std::__ndk1::allocator<char>>	no-ghidra-function
0x358aa4	_ZNSt6__ndk16__treeINS_12basic_stringIcNS_11char_traitsIcEENS_9allocatorIcEEEENS_4lessIS6_EENS4_IS6_EEE16__insert_node_atEPNS_15__tree_end_nodeIPNS_16__tree_node_baseIPvEEEERSF_SF_	std::__ndk1::__tree<std::__ndk1::basic_string<char, std::__ndk1::char_traits<char>, std::__ndk1::allocator<char>>, std::__ndk1::less<std::__ndk1::allocator<char>>, std::__ndk1::char_traits<char><std::__ndk1::allocator<char>>>::__insert_node_at	no-ghidra-function
0x358af8	_ZNSt6__ndk16__treeINS_12basic_stringIcNS_11char_traitsIcEENS_9allocatorIcEEEENS_4lessIS6_EENS4_IS6_EEE4findIS6_EENS_15__tree_iteratorIS6_PNS_11__tree_nodeIS6_PvEElEERKT_	std::__ndk1::__tree<std::__ndk1::basic_string<char, std::__ndk1::char_traits<char>, std::__ndk1::allocator<char>>, std::__ndk1::less<std::__ndk1::allocator<char>>, std::__ndk1::char_traits<char><std::__ndk1::allocator<char>>>::find<std::__ndk1::allocator<char>>	no-ghidra-function
0x358bb0	_ZNSt6__ndk16__treeINS_12basic_stringIcNS_11char_traitsIcEENS_9allocatorIcEEEENS_4lessIS6_EENS4_IS6_EEE13__lower_boundIS6_EENS_15__tree_iteratorIS6_PNS_11__tree_nodeIS6_PvEElEERKT_SG_PNS_15__tree_end_nodeIPNS_16__tree_node_baseISE_EEEE	std::__ndk1::__tree<std::__ndk1::basic_string<char, std::__ndk1::char_traits<char>, std::__ndk1::allocator<char>>, std::__ndk1::less<std::__ndk1::allocator<char>>, std::__ndk1::char_traits<char><std::__ndk1::allocator<char>>>::__lower_bound<std::__ndk1::allocator<char>>	no-ghidra-function
0x358e0c	_ZN7Walaber5Color13isCloseEnoughERKS0_S2_	Walaber::Color::isCloseEnough	no-ghidra-function
0x358e48	_ZN7Walaber5Color15getClosestColorERKS0_RiPS1_i	Walaber::Color::getClosestColor	no-ghidra-function
0x358f20	_ZN7Walaber5Color20parseColorFromStringENSt6__ndk112basic_stringIcNS1_11char_traitsIcEENS1_9allocatorIcEEEE	Walaber::Color::parseColorFromString	no-ghidra-function
0x358fd8	_ZN7Walaber5Color24parseColorFromStringRGBAERKNSt6__ndk112basic_stringIcNS1_11char_traitsIcEENS1_9allocatorIcEEEE	Walaber::Color::parseColorFromStringRGBA	no-ghidra-function
0x35954c	_ZN7Walaber9SharedPtrINS_7TextureEEaSERKS2_	_ZN7Walaber9SharedPtrINS_7TextureEEaSERKS2_	no-ghidra-function
0x359628	_ZN7Walaber8Flipbook6updateEf	Walaber::Flipbook::update	no-ghidra-function
0x359688	_ZNSt6__ndk16vectorIN7Walaber8Flipbook13FlipbookFrameENS_9allocatorIS3_EEE21__push_back_slow_pathIRKS3_EEvOT_	std::__ndk1::vector<Walaber::Flipbook::FlipbookFrame, std::__ndk1::allocator<Walaber::Flipbook>>::__push_back_slow_path<Walaber::Flipbook const&>	no-ghidra-function
0x359808	_ZNSt6__ndk114__split_bufferIN7Walaber8Flipbook13FlipbookFrameERNS_9allocatorIS3_EEEC2EmmS6_	__split_buffer<Walaber::Flipbook::FlipbookFrame, std::__ndk1::allocator<Walaber::Flipbook>&>::__split_buffer	no-ghidra-function
0x3598cc	_ZNSt6__ndk16vectorIN7Walaber8Flipbook13FlipbookFrameENS_9allocatorIS3_EEE26__swap_out_circular_bufferERNS_14__split_bufferIS3_RS5_EE	std::__ndk1::vector<Walaber::Flipbook::FlipbookFrame, std::__ndk1::allocator<Walaber::Flipbook>>::__swap_out_circular_buffer	no-ghidra-function
0x359940	_ZN7Walaber15SpriteAnimationC2Ev	SpriteAnimation::SpriteAnimation	no-ghidra-function
0x359c30	_ZN7Walaber15SpriteAnimation11loadFromXMLEP8_xmlNodeNS_9SharedPtrINS_8CallbackEEE	Walaber::SpriteAnimation::loadFromXML	no-ghidra-function
0x35a79c	_ZN7Walaber15SpriteAnimation18_parsePlaybackModeENSt6__ndk112basic_stringIcNS1_11char_traitsIcEENS1_9allocatorIcEEEE	Walaber::SpriteAnimation::_parsePlaybackMode	no-ghidra-function
0x35a92c	_ZN7Walaber3XML14parseColor8bitEP8_xmlNodePKc	Walaber::XML::parseColor8bit	no-ghidra-function
0x35aa70	_ZN7Walaber15SpriteAnimation12_loadedAtlasEPv	Walaber::SpriteAnimation::_loadedAtlas	no-ghidra-function
0x35ad48	_ZN7Walaber9SharedPtrINS_14MemberCallbackINS_15SpriteAnimationEEEED2Ev	SharedPtr<Walaber::MemberCallback<Walaber::SpriteAnimation>>::~SharedPtr	no-ghidra-function
0x35ada0	_ZN7Walaber15SpriteAnimationD2Ev	SpriteAnimation::~SpriteAnimation	no-ghidra-function
0x35ae44	_ZN7Walaber15SpriteAnimation6updateEfRi	Walaber::SpriteAnimation::update	no-ghidra-function
0x35aff0	_ZN7Walaber15SpriteAnimation14addMarkerEventEfi	Walaber::SpriteAnimation::addMarkerEvent	no-ghidra-function
0x35b074	_ZN7Walaber15SpriteAnimation17clearMarkerEventsEv	Walaber::SpriteAnimation::clearMarkerEvents	no-ghidra-function
0x35b0a4	_ZN7Walaber15SpriteAnimation4playEv	Walaber::SpriteAnimation::play	no-ghidra-function
0x35b2bc	_ZN7Walaber15SpriteAnimation4playEfNS0_12PlaybackModeEi	Walaber::SpriteAnimation::play	no-ghidra-function
0x35b6e4	_ZN7Walaber6SpriteC2ERKNSt6__ndk112basic_stringIcNS1_11char_traitsIcEENS1_9allocatorIcEEEENS_7Vector2EfSA_i	Sprite::Sprite	no-ghidra-function
0x35c0fc	_ZN7Walaber6Sprite15removeAnimationERKNSt6__ndk112basic_stringIcNS1_11char_traitsIcEENS1_9allocatorIcEEEE	Walaber::Sprite::removeAnimation	no-ghidra-function
0x35c144	_ZN7Walaber6Sprite12getAnimationERKNSt6__ndk112basic_stringIcNS1_11char_traitsIcEENS1_9allocatorIcEEEE	Walaber::Sprite::getAnimation	no-ghidra-function
0x35c19c	_ZN7Walaber6Sprite13playAnimationERKNSt6__ndk112basic_stringIcNS1_11char_traitsIcEENS1_9allocatorIcEEEE	Walaber::Sprite::playAnimation	no-ghidra-function
0x35c20c	_ZN7Walaber6Sprite13playAnimationERKNSt6__ndk112basic_stringIcNS1_11char_traitsIcEENS1_9allocatorIcEEEEf	Walaber::Sprite::playAnimation	no-ghidra-function
0x35c330	_ZN7Walaber6Sprite13playAnimationERKNSt6__ndk112basic_stringIcNS1_11char_traitsIcEENS1_9allocatorIcEEEEfNS_15SpriteAnimation12PlaybackModeEi	Walaber::Sprite::playAnimation	no-ghidra-function
0x35c46c	_ZN7Walaber6Sprite18_animationFileReadEPv	Walaber::Sprite::_animationFileRead	no-ghidra-function
0x35c5f4	_ZN7Walaber9SharedPtrINS_14MemberCallbackINS_6SpriteEEEED2Ev	SharedPtr<Walaber::MemberCallback<Walaber::Sprite>>::~SharedPtr	no-ghidra-function
0x35c64c	_ZN7Walaber6Sprite6updateEf	Walaber::Sprite::update	no-ghidra-function
0x35c7c4	_ZN7Walaber6Sprite4drawEPNS_11SpriteBatchE	Walaber::Sprite::draw	no-ghidra-function
0x35ca38	_ZN7Walaber6Sprite14_loadAnimationEP8_xmlNode	Walaber::Sprite::_loadAnimation	no-ghidra-function
0x35cb84	_ZN7Walaber6Sprite16_animationLoadedEPv	Walaber::Sprite::_animationLoaded	no-ghidra-function
0x35cc84	_ZN7Walaber6SpriteD2Ev	Sprite::~Sprite	no-ghidra-function
0x35ccd4	_ZN7Walaber6SpriteD0Ev	Sprite::~Sprite	no-ghidra-function
0x35cd2c	_ZN7Walaber12DrawableNode8setLayerEi	Walaber::DrawableNode::setLayer	no-ghidra-function
0x35cd34	_ZNSt6__ndk16__treeINS_12__value_typeIfN7Walaber15SpriteAnimation15AnimationMarkerEEENS_19__map_value_compareIfS5_NS_4lessIfEELb1EEENS_9allocatorIS5_EEE7destroyEPNS_11__tree_nodeIS5_PvEE	std::__ndk1::__tree<std::__ndk1::__value_type<float, Walaber::SpriteAnimation::AnimationMarker>, std::__ndk1::__map_value_compare<float, Walaber::SpriteAnimation::AnimationMarker, std::__ndk1::less<float>, bool>>::std::__ndk1::allocator<Walaber::SpriteAnimation::AnimationMarker>	no-ghidra-function
0x35cd74	_ZNSt6__ndk16__treeINS_12__value_typeINS_12basic_stringIcNS_11char_traitsIcEENS_9allocatorIcEEEEN7Walaber9SharedPtrINS8_15SpriteAnimationEEEEENS_19__map_value_compareIS7_SC_NS_4lessIS7_EELb1EEENS5_ISC_EEE7destroyEPNS_11__tree_nodeISC_PvEE	_ZNSt6__ndk16__treeINS_12__value_typeINS_12basic_stringIcNS_11char_traitsIcEENS_9allocatorIcEEEEN7Walaber9SharedPtrINS8_15SpriteAnimationEEEEENS_19__map_value_compareIS7_SC_NS_4lessIS7_EELb1EEENS5_ISC_EEE7destroyEPNS_11__tree_nodeISC_PvEE	no-ghidra-function
0x35cdcc	_ZNSt6__ndk113__vector_baseIN7Walaber15SpriteAnimation14AnimationFrameENS_9allocatorIS3_EEED2Ev	__vector_base<Walaber::SpriteAnimation::AnimationFrame, std::__ndk1::allocator<Walaber::SpriteAnimation>>::~__vector_base	no-ghidra-function
0x35ce3c	_ZNSt6__ndk113__vector_baseIN7Walaber15SpriteAnimation11FrameImportENS_9allocatorIS3_EEED2Ev	__vector_base<Walaber::SpriteAnimation::FrameImport, std::__ndk1::allocator<Walaber::SpriteAnimation>>::~__vector_base	no-ghidra-function
0x35ceb4	_ZNSt6__ndk16vectorIN7Walaber15SpriteAnimation14AnimationFrameENS_9allocatorIS3_EEE21__push_back_slow_pathIRKS3_EEvOT_	std::__ndk1::vector<Walaber::SpriteAnimation::AnimationFrame, std::__ndk1::allocator<Walaber::SpriteAnimation>>::__push_back_slow_path<Walaber::SpriteAnimation const&>	no-ghidra-function
0x35d538	_ZN7Walaber14MemberCallbackINS_15SpriteAnimationEED0Ev	MemberCallback<Walaber::SpriteAnimation>::~MemberCallback	no-ghidra-function
0x35d53c	_ZN7Walaber14MemberCallbackINS_15SpriteAnimationEE6invokeEPv	Walaber::MemberCallback<Walaber::SpriteAnimation>::invoke	no-ghidra-function
0x35d6bc	_ZNSt6__ndk16__treeINS_12__value_typeIfN7Walaber15SpriteAnimation15AnimationMarkerEEENS_19__map_value_compareIfS5_NS_4lessIfEELb1EEENS_9allocatorIS5_EEE25__emplace_unique_key_argsIfJRKNS_21piecewise_construct_tENS_5tupleIJRKfEEENSH_IJEEEEEENS_4pairINS_15__tree_iteratorIS5_PNS_11__tree_nodeIS5_PvEElEEbEERKT_DpOT0_	std::__ndk1::__tree<std::__ndk1::__value_type<float, Walaber::SpriteAnimation::AnimationMarker>, std::__ndk1::__map_value_compare<float, Walaber::SpriteAnimation::AnimationMarker, std::__ndk1::less<float>, bool>>::std::__ndk1::allocator<Walaber::SpriteAnimation::AnimationMarker>	no-ghidra-function
0x35d78c	_ZNSt6__ndk16__treeINS_12__value_typeIfN7Walaber15SpriteAnimation15AnimationMarkerEEENS_19__map_value_compareIfS5_NS_4lessIfEELb1EEENS_9allocatorIS5_EEE16__insert_node_atEPNS_15__tree_end_nodeIPNS_16__tree_node_baseIPvEEEERSH_SH_	std::__ndk1::__tree<std::__ndk1::__value_type<float, Walaber::SpriteAnimation::AnimationMarker>, std::__ndk1::__map_value_compare<float, Walaber::SpriteAnimation::AnimationMarker, std::__ndk1::less<float>, bool>>::std::__ndk1::allocator<Walaber::SpriteAnimation::AnimationMarker>	no-ghidra-function
0x35d7e0	_ZNSt6__ndk16__treeINS_12__value_typeINS_12basic_stringIcNS_11char_traitsIcEENS_9allocatorIcEEEEN7Walaber9SharedPtrINS8_15SpriteAnimationEEEEENS_19__map_value_compareIS7_SC_NS_4lessIS7_EELb1EEENS5_ISC_EEE25__emplace_unique_key_argsIS7_JRKNS_21piecewise_construct_tENS_5tupleIJOS7_EEENSN_IJEEEEEENS_4pairINS_15__tree_iteratorISC_PNS_11__tree_nodeISC_PvEElEEbEERKT_DpOT0_	_ZNSt6__ndk16__treeINS_12__value_typeINS_12basic_stringIcNS_11char_traitsIcEENS_9allocatorIcEEEEN7Walaber9SharedPtrINS8_15SpriteAnimationEEEEENS_19__map_value_compareIS7_SC_NS_4lessIS7_EELb1EEENS5_ISC_EEE25__emplace_unique_key_argsIS7_JRKNS_21piecewise_construct_tENS_5tupleIJOS7_EEENSN_IJEEEEEENS_4pairINS_15__tree_iteratorISC_PNS_11__tree_nodeISC_PvEElEEbEERKT_DpOT0_	no-ghidra-function
0x35d9cc	_ZNSt6__ndk16__treeINS_12__value_typeINS_12basic_stringIcNS_11char_traitsIcEENS_9allocatorIcEEEEN7Walaber9SharedPtrINS8_15SpriteAnimationEEEEENS_19__map_value_compareIS7_SC_NS_4lessIS7_EELb1EEENS5_ISC_EEE16__insert_node_atEPNS_15__tree_end_nodeIPNS_16__tree_node_baseIPvEEEERSN_SN_	_ZNSt6__ndk16__treeINS_12__value_typeINS_12basic_stringIcNS_11char_traitsIcEENS_9allocatorIcEEEEN7Walaber9SharedPtrINS8_15SpriteAnimationEEEEENS_19__map_value_compareIS7_SC_NS_4lessIS7_EELb1EEENS5_ISC_EEE16__insert_node_atEPNS_15__tree_end_nodeIPNS_16__tree_node_baseIPvEEEERSN_SN_	no-ghidra-function
0x35da20	_ZNSt6__ndk16__treeINS_12__value_typeINS_12basic_stringIcNS_11char_traitsIcEENS_9allocatorIcEEEEN7Walaber9SharedPtrINS8_15SpriteAnimationEEEEENS_19__map_value_compareIS7_SC_NS_4lessIS7_EELb1EEENS5_ISC_EEE4findIS7_EENS_15__tree_iteratorISC_PNS_11__tree_nodeISC_PvEElEERKT_	_ZNSt6__ndk16__treeINS_12__value_typeINS_12basic_stringIcNS_11char_traitsIcEENS_9allocatorIcEEEEN7Walaber9SharedPtrINS8_15SpriteAnimationEEEEENS_19__map_value_compareIS7_SC_NS_4lessIS7_EELb1EEENS5_ISC_EEE4findIS7_EENS_15__tree_iteratorISC_PNS_11__tree_nodeISC_PvEElEERKT_	no-ghidra-function
0x35dad8	_ZNSt6__ndk16__treeINS_12__value_typeINS_12basic_stringIcNS_11char_traitsIcEENS_9allocatorIcEEEEN7Walaber9SharedPtrINS8_15SpriteAnimationEEEEENS_19__map_value_compareIS7_SC_NS_4lessIS7_EELb1EEENS5_ISC_EEE13__lower_boundIS7_EENS_15__tree_iteratorISC_PNS_11__tree_nodeISC_PvEElEERKT_SO_PNS_15__tree_end_nodeIPNS_16__tree_node_baseISM_EEEE	_ZNSt6__ndk16__treeINS_12__value_typeINS_12basic_stringIcNS_11char_traitsIcEENS_9allocatorIcEEEEN7Walaber9SharedPtrINS8_15SpriteAnimationEEEEENS_19__map_value_compareIS7_SC_NS_4lessIS7_EELb1EEENS5_ISC_EEE13__lower_boundIS7_EENS_15__tree_iteratorISC_PNS_11__tree_nodeISC_PvEElEERKT_SO_PNS_15__tree_end_nodeIPNS_16__tree_node_baseISM_EEEE	no-ghidra-function
0x35db88	_ZNSt6__ndk16__treeINS_12__value_typeINS_12basic_stringIcNS_11char_traitsIcEENS_9allocatorIcEEEEN7Walaber9SharedPtrINS8_15SpriteAnimationEEEEENS_19__map_value_compareIS7_SC_NS_4lessIS7_EELb1EEENS5_ISC_EEE5eraseENS_21__tree_const_iteratorISC_PNS_11__tree_nodeISC_PvEElEE	_ZNSt6__ndk16__treeINS_12__value_typeINS_12basic_stringIcNS_11char_traitsIcEENS_9allocatorIcEEEEN7Walaber9SharedPtrINS8_15SpriteAnimationEEEEENS_19__map_value_compareIS7_SC_NS_4lessIS7_EELb1EEENS5_ISC_EEE5eraseENS_21__tree_const_iteratorISC_PNS_11__tree_nodeISC_PvEElEE	no-ghidra-function
0x35dc34	_ZN7Walaber14MemberCallbackINS_6SpriteEED0Ev	MemberCallback<Walaber::Sprite>::~MemberCallback	no-ghidra-function
0x35dc38	_ZN7Walaber14MemberCallbackINS_6SpriteEE6invokeEPv	Walaber::MemberCallback<Walaber::Sprite>::invoke	no-ghidra-function
0x35dc68	_ZN7Walaber11SpriteBatchC2Ev	SpriteBatch::SpriteBatch	no-ghidra-function
0x35dda0	_ZN7Walaber11SpriteBatchaSERKS0_	_ZN7Walaber11SpriteBatchaSERKS0_	no-ghidra-function
0x35ddf4	_ZN7Walaber11SpriteBatchD2Ev	SpriteBatch::~SpriteBatch	no-ghidra-function
0x35df08	_ZN7Walaber11SpriteBatch5startEv	Walaber::SpriteBatch::start	no-ghidra-function
0x35df44	_ZN7Walaber11SpriteBatch5startENS0_9BatchModeE	Walaber::SpriteBatch::start	no-ghidra-function
0x35df7c	_ZN7Walaber11SpriteBatch5flushEv	Walaber::SpriteBatch::flush	no-ghidra-function
0x35e1bc	_ZN7Walaber11SpriteBatch6_resetEv	Walaber::SpriteBatch::_reset	no-ghidra-function
0x35e354	_ZN7Walaber11SpriteBatch8drawQuadENS_9SharedPtrINS_7TextureEEERKNS_7Vector2EfS6_RKNS_5ColorENS_20VertexColorBlendModeE	Walaber::SpriteBatch::drawQuad	no-ghidra-function
0x35ecfc	_ZN7Walaber11SpriteBatch8drawQuadEiNS_9SharedPtrINS_7TextureEEERKNS_7Vector2EfS6_RKNS_4RectERKNS_5ColorENS_20VertexColorBlendModeE	Walaber::SpriteBatch::drawQuad	no-ghidra-function
0x35fe90	_ZN7Walaber11SpriteBatch31_getDrawActionForTextureOnLayerEij	Walaber::SpriteBatch::_getDrawActionForTextureOnLayer	no-ghidra-function
0x360344	_ZN7Walaber11SpriteBatch17_addCircleToBatchERNSt6__ndk16vectorINS_24PositionTextureColorVertENS1_9allocatorIS3_EEEERNS2_INS0_12BlendSectionENS4_IS8_EEEERKNS_7Vector2EfRKNS_5ColorENS_20VertexColorBlendModeE	Walaber::SpriteBatch::_addCircleToBatch	no-ghidra-function
0x361990	_ZN7Walaber11SpriteBatch15_drawStringClipEPNS_10BitmapFontENSt6__ndk112basic_stringIcNS3_11char_traitsIcEENS3_9allocatorIcEEEERKNS_7Vector2ERKNS_4RectEffRKNS_5ColorENS0_13JustificationENS_20VertexColorBlendModeE	Walaber::SpriteBatch::_drawStringClip	no-ghidra-function
0x361b98	_ZN7Walaber11SpriteBatch26setDefaultProjectionMatrixEv	Walaber::SpriteBatch::setDefaultProjectionMatrix	no-ghidra-function
0x361be0	_ZN7Walaber11SpriteBatch25setCameraProjectionMatrixERNS_7Vector2ES2_	Walaber::SpriteBatch::setCameraProjectionMatrix	no-ghidra-function
0x361ef0	_ZN7Walaber11SpriteBatch15_drawStringLeftEPNS_10BitmapFontERKNSt6__ndk112basic_stringIcNS3_11char_traitsIcEENS3_9allocatorIcEEEERKNS_7Vector2EffRKNS_5ColorENS_20VertexColorBlendModeE	Walaber::SpriteBatch::_drawStringLeft	no-ghidra-function
0x3620d4	_ZN7Walaber11SpriteBatch10_drawGlyphERKNS_10BitmapFont9GlyphInfoERNSt6__ndk16vectorINS_24PositionTextureColorVertENS5_9allocatorIS7_EEEERNS6_INS0_12BlendSectionENS8_ISC_EEEERKNS_7Vector2EfffjNS_20VertexColorBlendModeE	Walaber::SpriteBatch::_drawGlyph	no-ghidra-function
0x3623fc	_ZN7Walaber11SpriteBatch19_drawStringLeftClipEPNS_10BitmapFontERKNSt6__ndk112basic_stringIcNS3_11char_traitsIcEENS3_9allocatorIcEEEERKNS_7Vector2ERKNS_4RectEffRKNS_5ColorENS_20VertexColorBlendModeE	Walaber::SpriteBatch::_drawStringLeftClip	no-ghidra-function
0x3625b0	_ZN7Walaber11SpriteBatch14_drawGlyphClipERKNS_10BitmapFont9GlyphInfoERNSt6__ndk16vectorINS_24PositionTextureColorVertENS5_9allocatorIS7_EEEERNS6_INS0_12BlendSectionENS8_ISC_EEEERKNS_7Vector2ERKNS_4RectEfffjNS_20VertexColorBlendModeE	Walaber::SpriteBatch::_drawGlyphClip	no-ghidra-function
0x3628ec	_ZN7Walaber11SpriteBatch21_addQuadToBatchUVRectERNSt6__ndk16vectorINS_24PositionTextureColorVertENS1_9allocatorIS3_EEEERNS2_INS0_12BlendSectionENS4_IS8_EEEERKNS_4RectERKNS_7Vector2EffSH_PKNS_5ColorENS_20VertexColorBlendModeE	Walaber::SpriteBatch::_addQuadToBatchUVRect	no-ghidra-function
0x362e58	_ZN7Walaber10GraphicsGL17setTextureEnabledEb	Walaber::GraphicsGL::setTextureEnabled	no-ghidra-function
0x362eb8	_ZN7Walaber10GraphicsGL11bindTextureEj	Walaber::GraphicsGL::bindTexture	no-ghidra-function
0x362f54	_ZN7Walaber10GraphicsGL24enableTextureClientStateEv	Walaber::GraphicsGL::enableTextureClientState	no-ghidra-function
0x362fa4	_ZN7Walaber10GraphicsGL23enableVertexClientStateEv	Walaber::GraphicsGL::enableVertexClientState	no-ghidra-function
0x362fdc	_ZN7Walaber10GraphicsGL22enableColorClientStateEv	Walaber::GraphicsGL::enableColorClientState	no-ghidra-function
0x363024	_ZN7Walaber10GraphicsGL25setTextureEnvironmentModeENS_20VertexColorBlendModeE	Walaber::GraphicsGL::setTextureEnvironmentMode	no-ghidra-function
0x363128	_ZN7Walaber10GraphicsGL16setAlphaBlendingEbjj	Walaber::GraphicsGL::setAlphaBlending	no-ghidra-function
0x36319c	_ZNSt6__ndk110__list_impIPN7Walaber11SpriteBatch10DrawActionENS_9allocatorIS4_EEE5clearEv	std::__ndk1::__list_imp<Walaber::SpriteBatch::DrawAction*, std::__ndk1::allocator<Walaber::SpriteBatch::DrawAction>>::clear	no-ghidra-function
0x363248	_ZNSt6__ndk16vectorIN7Walaber11SpriteBatch12BlendSectionENS_9allocatorIS3_EEE21__push_back_slow_pathIS3_EEvOT_	std::__ndk1::vector<Walaber::SpriteBatch::BlendSection, std::__ndk1::allocator<Walaber::SpriteBatch>>::__push_back_slow_path<Walaber::SpriteBatch>	no-ghidra-function
0x363370	_ZNSt6__ndk114__split_bufferIN7Walaber11SpriteBatch12BlendSectionERNS_9allocatorIS3_EEEC2EmmS6_	__split_buffer<Walaber::SpriteBatch::BlendSection, std::__ndk1::allocator<Walaber::SpriteBatch>&>::__split_buffer	no-ghidra-function
0x363420	_ZNSt6__ndk16vectorIN7Walaber24PositionTextureColorVertENS_9allocatorIS2_EEE6insertINS_11__wrap_iterIPS2_EEEENS_9enable_ifIXaasr21__is_forward_iteratorIT_EE5valuesr16is_constructibleIS2_NS_15iterator_traitsISB_E9referenceEEE5valueES9_E4typeENS7_IPKS2_EESB_SB_	std::__ndk1::vector<Walaber::PositionTextureColorVert, std::__ndk1::allocator<Walaber>>::insert<std::__ndk1::__wrap_iter<Walaber*>>	no-ghidra-function
0x3636e4	_ZNSt6__ndk114__split_bufferIN7Walaber24PositionTextureColorVertERNS_9allocatorIS2_EEEC2EmmS5_	__split_buffer<Walaber::PositionTextureColorVert, std::__ndk1::allocator<Walaber>&>::__split_buffer	no-ghidra-function
0x3637a8	_ZNSt6__ndk16vectorIN7Walaber24PositionTextureColorVertENS_9allocatorIS2_EEE26__swap_out_circular_bufferERNS_14__split_bufferIS2_RS4_EEPS2_	std::__ndk1::vector<Walaber::PositionTextureColorVert, std::__ndk1::allocator<Walaber>>::__swap_out_circular_buffer	no-ghidra-function
0x363888	_ZNSt6__ndk16__treeINS_12__value_typeIiNS_6vectorIPN7Walaber11SpriteBatch10DrawActionENS_9allocatorIS6_EEEEEENS_19__map_value_compareIiSA_NS_4lessIiEELb1EEENS7_ISA_EEE25__emplace_unique_key_argsIiJRKNS_21piecewise_construct_tENS_5tupleIJRKiEEENSL_IJEEEEEENS_4pairINS_15__tree_iteratorISA_PNS_11__tree_nodeISA_PvEElEEbEERKT_DpOT0_	_ZNSt6__ndk16__treeINS_12__value_typeIiNS_6vectorIPN7Walaber11SpriteBatch10DrawActionENS_9allocatorIS6_EEEEEENS_19__map_value_compareIiSA_NS_4lessIiEELb1EEENS7_ISA_EEE25__emplace_unique_key_argsIiJRKNS_21piecewise_construct_tENS_5tupleIJRKiEEENSL_IJEEEEEENS_4pairINS_15__tree_iteratorISA_PNS_11__tree_nodeISA_PvEElEEbEERKT_DpOT0_	no-ghidra-function
0x363960	_ZNSt6__ndk16__treeINS_12__value_typeIiNS_6vectorIPN7Walaber11SpriteBatch10DrawActionENS_9allocatorIS6_EEEEEENS_19__map_value_compareIiSA_NS_4lessIiEELb1EEENS7_ISA_EEE12__find_equalIiEERPNS_16__tree_node_baseIPvEERPNS_15__tree_end_nodeISL_EERKT_	_ZNSt6__ndk16__treeINS_12__value_typeIiNS_6vectorIPN7Walaber11SpriteBatch10DrawActionENS_9allocatorIS6_EEEEEENS_19__map_value_compareIiSA_NS_4lessIiEELb1EEENS7_ISA_EEE12__find_equalIiEERPNS_16__tree_node_baseIPvEERPNS_15__tree_end_nodeISL_EERKT_	no-ghidra-function
0x3639c8	_ZNSt6__ndk16__treeINS_12__value_typeIiNS_6vectorIPN7Walaber11SpriteBatch10DrawActionENS_9allocatorIS6_EEEEEENS_19__map_value_compareIiSA_NS_4lessIiEELb1EEENS7_ISA_EEE16__insert_node_atEPNS_15__tree_end_nodeIPNS_16__tree_node_baseIPvEEEERSL_SL_	_ZNSt6__ndk16__treeINS_12__value_typeIiNS_6vectorIPN7Walaber11SpriteBatch10DrawActionENS_9allocatorIS6_EEEEEENS_19__map_value_compareIiSA_NS_4lessIiEELb1EEENS7_ISA_EEE16__insert_node_atEPNS_15__tree_end_nodeIPNS_16__tree_node_baseIPvEEEERSL_SL_	no-ghidra-function
0x363a1c	_ZNSt6__ndk16vectorIPN7Walaber11SpriteBatch10DrawActionENS_9allocatorIS4_EEE21__push_back_slow_pathIRKS4_EEvOT_	std::__ndk1::vector<Walaber::SpriteBatch::DrawAction*, std::__ndk1::allocator<Walaber::SpriteBatch::DrawAction>>::__push_back_slow_path<Walaber::SpriteBatch::DrawAction const&>	no-ghidra-function
0x363b44	_ZNSt6__ndk114__split_bufferIPN7Walaber11SpriteBatch10DrawActionERNS_9allocatorIS4_EEEC2EmmS7_	__split_buffer<Walaber::SpriteBatch::DrawAction*, std::__ndk1::allocator<Walaber::SpriteBatch::DrawAction>&>::__split_buffer	no-ghidra-function
0x363d64	_ZNSt6__ndk16vectorIN7Walaber24PositionTextureColorVertENS_9allocatorIS2_EEE21__push_back_slow_pathIRKS2_EEvOT_	std::__ndk1::vector<Walaber::PositionTextureColorVert, std::__ndk1::allocator<Walaber>>::__push_back_slow_path<Walaber const&>	no-ghidra-function
0x36408c	_ZNSt6__ndk16__treeINS_12__value_typeIiNS_6vectorIPN7Walaber11SpriteBatch10DrawActionENS_9allocatorIS6_EEEEEENS_19__map_value_compareIiSA_NS_4lessIiEELb1EEENS7_ISA_EEE16__construct_nodeIJRKNS_4pairIKiS9_EEEEENS_10unique_ptrINS_11__tree_nodeISA_PvEENS_22__tree_node_destructorINS7_ISQ_EEEEEEDpOT_	_ZNSt6__ndk16__treeINS_12__value_typeIiNS_6vectorIPN7Walaber11SpriteBatch10DrawActionENS_9allocatorIS6_EEEEEENS_19__map_value_compareIiSA_NS_4lessIiEELb1EEENS7_ISA_EEE16__construct_nodeIJRKNS_4pairIKiS9_EEEEENS_10unique_ptrINS_11__tree_nodeISA_PvEENS_22__tree_node_destructorINS7_ISQ_EEEEEEDpOT_	no-ghidra-function
0x364184	_ZNSt6__ndk16vectorIPN7Walaber11SpriteBatch10DrawActionENS_9allocatorIS4_EEE11__vallocateEm	std::__ndk1::vector<Walaber::SpriteBatch::DrawAction*, std::__ndk1::allocator<Walaber::SpriteBatch::DrawAction>>::__vallocate	no-ghidra-function
0x3643dc	_ZNSt6__ndk16__treeINS_12__value_typeIiNS_6vectorIPN7Walaber11SpriteBatch10DrawActionENS_9allocatorIS6_EEEEEENS_19__map_value_compareIiSA_NS_4lessIiEELb1EEENS7_ISA_EEE8__detachEPNS_11__tree_nodeISA_PvEE	_ZNSt6__ndk16__treeINS_12__value_typeIiNS_6vectorIPN7Walaber11SpriteBatch10DrawActionENS_9allocatorIS6_EEEEEENS_19__map_value_compareIiSA_NS_4lessIiEELb1EEENS7_ISA_EEE8__detachEPNS_11__tree_nodeISA_PvEE	no-ghidra-function
0x364438	_ZNSt6__ndk16vectorIPN7Walaber11SpriteBatch10DrawActionENS_9allocatorIS4_EEE6assignIPS4_EENS_9enable_ifIXaasr21__is_forward_iteratorIT_EE5valuesr16is_constructibleIS4_NS_15iterator_traitsISB_E9referenceEEE5valueEvE4typeESB_SB_	std::__ndk1::vector<Walaber::SpriteBatch::DrawAction*, std::__ndk1::allocator<Walaber::SpriteBatch::DrawAction>>::assign<Walaber::SpriteBatch::DrawAction*>	no-ghidra-function
0x364578	_ZNSt6__ndk16__treeINS_12__value_typeIiNS_6vectorIPN7Walaber11SpriteBatch10DrawActionENS_9allocatorIS6_EEEEEENS_19__map_value_compareIiSA_NS_4lessIiEELb1EEENS7_ISA_EEE15__emplace_multiIJRKNS_4pairIKiS9_EEEEENS_15__tree_iteratorISA_PNS_11__tree_nodeISA_PvEElEEDpOT_	_ZNSt6__ndk16__treeINS_12__value_typeIiNS_6vectorIPN7Walaber11SpriteBatch10DrawActionENS_9allocatorIS6_EEEEEENS_19__map_value_compareIiSA_NS_4lessIiEELb1EEENS7_ISA_EEE15__emplace_multiIJRKNS_4pairIKiS9_EEEEENS_15__tree_iteratorISA_PNS_11__tree_nodeISA_PvEElEEDpOT_	no-ghidra-function
0x36461c	_ZN7Walaber10BitmapFontC2Ev	BitmapFont::BitmapFont	no-ghidra-function
0x364668	_ZN7Walaber10BitmapFontD2Ev	BitmapFont::~BitmapFont	no-ghidra-function
0x36483c	_ZN7Walaber10BitmapFont14_xmlFileLoadedEPv	Walaber::BitmapFont::_xmlFileLoaded	no-ghidra-function
0x3657ec	_ZN7Walaber9SharedPtrINS_14MemberCallbackINS_10BitmapFontEEEED2Ev	SharedPtr<Walaber::MemberCallback<Walaber::BitmapFont>>::~SharedPtr	no-ghidra-function
0x365844	_ZN7Walaber10BitmapFont8addGlyphERKNSt6__ndk112basic_stringIcNS1_11char_traitsIcEENS1_9allocatorIcEEEERKNS_4RectERKNS_7Vector2ESF_fNS_9SharedPtrINS_7TextureEEE	Walaber::BitmapFont::addGlyph	no-ghidra-function
0x36591c	_ZNK7Walaber10BitmapFont12_getGlyphKeyERjRKNSt6__ndk112basic_stringIcNS2_11char_traitsIcEENS2_9allocatorIcEEEE	const Walaber::BitmapFont::_getGlyphKey	no-ghidra-function
0x3659c4	_ZN7Walaber10BitmapFont11addGlyphKeyEjRKNS_4RectERKNS_7Vector2ES6_fNS_9SharedPtrINS_7TextureEEEb	Walaber::BitmapFont::addGlyphKey	no-ghidra-function
0x365be8	_ZNSt6__ndk16vectorINS0_IN7Walaber24PositionTextureColorVertENS_9allocatorIS2_EEEENS3_IS5_EEE7reserveEm	std::__ndk1::vector<std::__ndk1<Walaber::PositionTextureColorVert, std::__ndk1::allocator<Walaber>>, Walaber::PositionTextureColorVert<std::__ndk1::allocator<Walaber>>>::reserve	no-ghidra-function
0x365c94	_ZNK7Walaber10BitmapFont8getGlyphERjRKNSt6__ndk112basic_stringIcNS2_11char_traitsIcEENS2_9allocatorIcEEEE	const Walaber::BitmapFont::getGlyph	no-ghidra-function
0x365d4c	_ZNK7Walaber10BitmapFont13measureStringERKNSt6__ndk112basic_stringIcNS1_11char_traitsIcEENS1_9allocatorIcEEEEf	const Walaber::BitmapFont::measureString	no-ghidra-function
0x3660d4	_ZNK7Walaber10BitmapFont8_getKernERKNS0_9GlyphInfoES3_	const Walaber::BitmapFont::_getKern	no-ghidra-function
0x366218	_ZNK7Walaber10BitmapFont16measureCharacterEjf	const Walaber::BitmapFont::measureCharacter	no-ghidra-function
0x3662a8	_ZNK7Walaber10BitmapFont10wrapStringERKNSt6__ndk112basic_stringIcNS1_11char_traitsIcEENS1_9allocatorIcEEEEff	const Walaber::BitmapFont::wrapString	no-ghidra-function
0x36685c	_ZNK7Walaber10BitmapFont17_wrapStringAtCharERiRKNSt6__ndk112basic_stringIcNS2_11char_traitsIcEENS2_9allocatorIcEEEEff	const Walaber::BitmapFont::_wrapStringAtChar	no-ghidra-function
0x366ad8	_ZNK7Walaber10BitmapFont10wrapStringERiRKNSt6__ndk112basic_stringIcNS2_11char_traitsIcEENS2_9allocatorIcEEEEff	const Walaber::BitmapFont::wrapString	no-ghidra-function
0x366aec	_ZNKSt6__ndk112basic_stringIcNS_11char_traitsIcEENS_9allocatorIcEEE4findEcm	const std::__ndk1::basic_string<char, std::__ndk1::char_traits<char>, std::__ndk1::allocator<char>>::find	no-ghidra-function
0x366c5c	_ZNK7Walaber10BitmapFont16wrapStringInSizeERfRKNSt6__ndk112basic_stringIcNS2_11char_traitsIcEENS2_9allocatorIcEEEEfRKNS_7Vector2E	const Walaber::BitmapFont::wrapStringInSize	no-ghidra-function
0x366c6c	_ZNK7Walaber10BitmapFont16wrapStringInSizeERiRfRKNSt6__ndk112basic_stringIcNS3_11char_traitsIcEENS3_9allocatorIcEEEEfRKNS_7Vector2E	const Walaber::BitmapFont::wrapStringInSize	no-ghidra-function
0x3674a0	_ZNK7Walaber10BitmapFont23_recursiveBinaryMeasureERfRKNSt6__ndk112basic_stringIcNS2_11char_traitsIcEENS2_9allocatorIcEEEEffRKNS_7Vector2E	const Walaber::BitmapFont::_recursiveBinaryMeasure	no-ghidra-function
0x367688	_ZN7Walaber10BitmapFont10drawStringEPKcRKNS_7Vector2EffRKNS_5ColorENS0_13JustificationE	Walaber::BitmapFont::drawString	no-ghidra-function
0x3676fc	_ZN7Walaber10BitmapFont17_clearVertBuffersEv	Walaber::BitmapFont::_clearVertBuffers	no-ghidra-function
0x367734	_ZN7Walaber10BitmapFont17_drawStringCenterEPKcRKNS_7Vector2EffRKNS_5ColorE	Walaber::BitmapFont::_drawStringCenter	no-ghidra-function
0x3678a0	_ZN7Walaber10BitmapFont15_drawStringLeftEPKcRKNS_7Vector2EffRKNS_5ColorE	Walaber::BitmapFont::_drawStringLeft	no-ghidra-function
0x367c74	_ZN7Walaber10BitmapFont5flushEv	Walaber::BitmapFont::flush	no-ghidra-function
0x36821c	_ZN7Walaber10BitmapFont19drawStringWrapScaleEPKcRKNS_7Vector2EffS5_RKNS_5ColorENS0_13JustificationE	Walaber::BitmapFont::drawStringWrapScale	no-ghidra-function
0x3685b4	_ZN7Walaber10BitmapFont10_drawGlyphERKNS0_9GlyphInfoERKNS_7Vector2Effff	Walaber::BitmapFont::_drawGlyph	no-ghidra-function
0x3686f4	_ZN7Walaber10BitmapFont16_drawStringRightEPKcRKNS_7Vector2EffRKNS_5ColorE	Walaber::BitmapFont::_drawStringRight	no-ghidra-function
0x3686f8	_ZN7Walaber10GraphicsGL24disableVertexClientStateEv	Walaber::GraphicsGL::disableVertexClientState	no-ghidra-function
0x36872c	_ZN7Walaber10GraphicsGL23disableColorClientStateEv	Walaber::GraphicsGL::disableColorClientState	no-ghidra-function
0x3689b4	_ZNSt6__ndk16__treeINS_12__value_typeINS_12basic_stringIcNS_11char_traitsIcEENS_9allocatorIcEEEEfEENS_19__map_value_compareIS7_S8_NS_4lessIS7_EELb1EEENS5_IS8_EEE7destroyEPNS_11__tree_nodeIS8_PvEE	std::__ndk1::__tree<std::__ndk1::__value_type<std::__ndk1::basic_string<char, std::__ndk1::char_traits<char>, std::__ndk1::allocator<char>>, float>, std::__ndk1::__map_value_compare<std::__ndk1::allocator<char>, std::__ndk1::basic_string<char, std::__ndk1::char_traits<char>, std::__ndk1::allocator<char>>, std::__ndk1::less<std::__ndk1::allocator<char>>, bool>>::std::__ndk1::char_traits<char><std::__ndk1::basic_string<char, std::__ndk1::char_traits<char>, std::__ndk1::allocator<char>>>	no-ghidra-function
0x368a04	_ZNSt6__ndk16__treeINS_12__value_typeIjN7Walaber10BitmapFont9GlyphInfoEEENS_19__map_value_compareIjS5_NS_4lessIjEELb1EEENS_9allocatorIS5_EEE7destroyEPNS_11__tree_nodeIS5_PvEE	std::__ndk1::__tree<std::__ndk1::__value_type<unsigned int, Walaber::BitmapFont::GlyphInfo>, std::__ndk1::__map_value_compare<unsigned int, Walaber::BitmapFont::GlyphInfo, std::__ndk1::less<unsigned int>, bool>>::std::__ndk1::allocator<Walaber::BitmapFont::GlyphInfo>	no-ghidra-function
0x368a44	_ZNSt6__ndk16vectorIN7Walaber9SharedPtrINS1_7TextureEEENS_9allocatorIS4_EEE21__push_back_slow_pathIRKS4_EEvOT_	std::__ndk1::vector<Walaber::SharedPtr<std::__ndk1::vector::Texture>, std::__ndk1::allocator<std::__ndk1::vector::Texture>>::__push_back_slow_path<std::__ndk1::vector::Texture const&>	no-ghidra-function
0x368b40	_ZNSt6__ndk114__split_bufferIN7Walaber9SharedPtrINS1_7TextureEEERNS_9allocatorIS4_EEEC2EmmS7_	__split_buffer<Walaber::SharedPtr<std::__ndk1::__split_buffer::Texture>, std::__ndk1::allocator<std::__ndk1::__split_buffer::Texture>&>::__split_buffer	no-ghidra-function
0x368bf0	_ZNSt6__ndk16vectorIN7Walaber9SharedPtrINS1_7TextureEEENS_9allocatorIS4_EEE26__swap_out_circular_bufferERNS_14__split_bufferIS4_RS6_EE	std::__ndk1::vector<Walaber::SharedPtr<std::__ndk1::vector::Texture>, std::__ndk1::allocator<std::__ndk1::vector::Texture>>::__swap_out_circular_buffer	no-ghidra-function
0x368c74	_ZNSt6__ndk114__split_bufferIN7Walaber9SharedPtrINS1_7TextureEEERNS_9allocatorIS4_EEED2Ev	__split_buffer<Walaber::SharedPtr<std::__ndk1::__split_buffer::Texture>, std::__ndk1::allocator<std::__ndk1::__split_buffer::Texture>&>::~__split_buffer	no-ghidra-function
0x368cc4	_ZNSt6__ndk113__vector_baseINS_6vectorIN7Walaber24PositionTextureColorVertENS_9allocatorIS3_EEEENS4_IS6_EEED2Ev	__vector_base<std::__ndk1::vector<Walaber::PositionTextureColorVert, std::__ndk1::allocator<Walaber>>, Walaber::PositionTextureColorVert<std::__ndk1::allocator<Walaber>>>::~__vector_base	no-ghidra-function
0x368d3c	_ZNSt6__ndk113__vector_baseIN7Walaber9SharedPtrINS1_7TextureEEENS_9allocatorIS4_EEED2Ev	__vector_base<Walaber::SharedPtr<std::__ndk1::__vector_base::Texture>, std::__ndk1::allocator<std::__ndk1::__vector_base::Texture>>::~__vector_base	no-ghidra-function
0x368da8	_ZN7Walaber14MemberCallbackINS_10BitmapFontEED0Ev	MemberCallback<Walaber::BitmapFont>::~MemberCallback	no-ghidra-function
0x368dac	_ZN7Walaber14MemberCallbackINS_10BitmapFontEE6invokeEPv	Walaber::MemberCallback<Walaber::BitmapFont>::invoke	no-ghidra-function
0x368ddc	_ZNSt6__ndk16__treeINS_12__value_typeIjN7Walaber10BitmapFont9GlyphInfoEEENS_19__map_value_compareIjS5_NS_4lessIjEELb1EEENS_9allocatorIS5_EEE25__emplace_unique_key_argsIjJRKNS_21piecewise_construct_tENS_5tupleIJRKjEEENSH_IJEEEEEENS_4pairINS_15__tree_iteratorIS5_PNS_11__tree_nodeIS5_PvEElEEbEERKT_DpOT0_	std::__ndk1::__tree<std::__ndk1::__value_type<unsigned int, Walaber::BitmapFont::GlyphInfo>, std::__ndk1::__map_value_compare<unsigned int, Walaber::BitmapFont::GlyphInfo, std::__ndk1::less<unsigned int>, bool>>::std::__ndk1::allocator<Walaber::BitmapFont::GlyphInfo>	no-ghidra-function
0x368ed4	_ZNSt6__ndk16__treeINS_12__value_typeIjN7Walaber10BitmapFont9GlyphInfoEEENS_19__map_value_compareIjS5_NS_4lessIjEELb1EEENS_9allocatorIS5_EEE16__insert_node_atEPNS_15__tree_end_nodeIPNS_16__tree_node_baseIPvEEEERSH_SH_	std::__ndk1::__tree<std::__ndk1::__value_type<unsigned int, Walaber::BitmapFont::GlyphInfo>, std::__ndk1::__map_value_compare<unsigned int, Walaber::BitmapFont::GlyphInfo, std::__ndk1::less<unsigned int>, bool>>::std::__ndk1::allocator<Walaber::BitmapFont::GlyphInfo>	no-ghidra-function
0x368f28	_ZNSt6__ndk114__split_bufferINS_6vectorIN7Walaber24PositionTextureColorVertENS_9allocatorIS3_EEEERNS4_IS6_EEEC2EmmS8_	__split_buffer<std::__ndk1::vector<Walaber::PositionTextureColorVert, std::__ndk1::allocator<Walaber>>, Walaber::PositionTextureColorVert<std::__ndk1::allocator<Walaber>>&>::__split_buffer	no-ghidra-function
0x368fec	_ZNSt6__ndk16vectorINS0_IN7Walaber24PositionTextureColorVertENS_9allocatorIS2_EEEENS3_IS5_EEE26__swap_out_circular_bufferERNS_14__split_bufferIS5_RS6_EE	std::__ndk1::vector<std::__ndk1<Walaber::PositionTextureColorVert, std::__ndk1::allocator<Walaber>>, Walaber::PositionTextureColorVert<std::__ndk1::allocator<Walaber>>>::__swap_out_circular_buffer	no-ghidra-function
0x369070	_ZNSt6__ndk114__split_bufferINS_6vectorIN7Walaber24PositionTextureColorVertENS_9allocatorIS3_EEEERNS4_IS6_EEED2Ev	__split_buffer<std::__ndk1::vector<Walaber::PositionTextureColorVert, std::__ndk1::allocator<Walaber>>, Walaber::PositionTextureColorVert<std::__ndk1::allocator<Walaber>>&>::~__split_buffer	no-ghidra-function
0x3691f0	_ZNSt6__ndk16vectorINS_12basic_stringIcNS_11char_traitsIcEENS_9allocatorIcEEEENS4_IS6_EEE21__push_back_slow_pathIS6_EEvOT_	std::__ndk1::vector<std::__ndk1::basic_string<char, std::__ndk1::char_traits<char>, std::__ndk1::allocator<char>>, std::__ndk1::char_traits<char><std::__ndk1::allocator<char>>>::__push_back_slow_path<std::__ndk1::allocator<char>>	no-ghidra-function
0x369350	_ZNSt6__ndk16__treeINS_12__value_typeIjN7Walaber10BitmapFont9GlyphInfoEEENS_19__map_value_compareIjS5_NS_4lessIjEELb1EEENS_9allocatorIS5_EEE25__emplace_unique_key_argsIjJRKNS_21piecewise_construct_tENS_5tupleIJOjEEENSH_IJEEEEEENS_4pairINS_15__tree_iteratorIS5_PNS_11__tree_nodeIS5_PvEElEEbEERKT_DpOT0_	std::__ndk1::__tree<std::__ndk1::__value_type<unsigned int, Walaber::BitmapFont::GlyphInfo>, std::__ndk1::__map_value_compare<unsigned int, Walaber::BitmapFont::GlyphInfo, std::__ndk1::less<unsigned int>, bool>>::std::__ndk1::allocator<Walaber::BitmapFont::GlyphInfo>	no-ghidra-function
0x369508	_ZNSt6__ndk16__treeINS_12__value_typeINS_12basic_stringIcNS_11char_traitsIcEENS_9allocatorIcEEEEfEENS_19__map_value_compareIS7_S8_NS_4lessIS7_EELb1EEENS5_IS8_EEE12__find_equalIS7_EERPNS_16__tree_node_baseIPvEERPNS_15__tree_end_nodeISJ_EERKT_	std::__ndk1::__tree<std::__ndk1::__value_type<std::__ndk1::basic_string<char, std::__ndk1::char_traits<char>, std::__ndk1::allocator<char>>, float>, std::__ndk1::__map_value_compare<std::__ndk1::allocator<char>, std::__ndk1::basic_string<char, std::__ndk1::char_traits<char>, std::__ndk1::allocator<char>>, std::__ndk1::less<std::__ndk1::allocator<char>>, bool>>::std::__ndk1::char_traits<char><std::__ndk1::basic_string<char, std::__ndk1::char_traits<char>, std::__ndk1::allocator<char>>>	no-ghidra-function
0x369688	_ZNKSt6__ndk16__treeINS_12__value_typeINS_12basic_stringIcNS_11char_traitsIcEENS_9allocatorIcEEEEfEENS_19__map_value_compareIS7_S8_NS_4lessIS7_EELb1EEENS5_IS8_EEE4findIS7_EENS_21__tree_const_iteratorIS8_PNS_11__tree_nodeIS8_PvEElEERKT_	const std::__ndk1::__tree<std::__ndk1::__value_type<std::__ndk1::basic_string<char, std::__ndk1::char_traits<char>, std::__ndk1::allocator<char>>, float>, std::__ndk1::__map_value_compare<std::__ndk1::allocator<char>, std::__ndk1::basic_string<char, std::__ndk1::char_traits<char>, std::__ndk1::allocator<char>>, std::__ndk1::less<std::__ndk1::allocator<char>>, bool>>::std::__ndk1::char_traits<char><std::__ndk1::basic_string<char, std::__ndk1::char_traits<char>, std::__ndk1::allocator<char>>>	no-ghidra-function
0x369984	_ZN7Walaber12CircleHelper11_resetVertsERKNS_5ColorE	Walaber::CircleHelper::_resetVerts	no-ghidra-function
0x369a80	_ZN7Walaber12CircleHelper15drawCurvedArrowERKNS_7Vector2EfffbfRKNS_5ColorE	Walaber::CircleHelper::drawCurvedArrow	no-ghidra-function
0x369cdc	_ZN7Walaber11FontManager14getInstancePtrEv	Walaber::FontManager::getInstancePtr	no-ghidra-function
0x369d28	_ZN7Walaber11FontManager7getFontENSt6__ndk112basic_stringIcNS1_11char_traitsIcEENS1_9allocatorIcEEEE	Walaber::FontManager::getFont	no-ghidra-function
0x369f14	_ZN7Walaber11FontManager11_fontLoadedEPv	Walaber::FontManager::_fontLoaded	no-ghidra-function
0x36a170	_ZN7Walaber9SharedPtrINS_14MemberCallbackINS_11FontManagerEEEED2Ev	SharedPtr<Walaber::MemberCallback<Walaber::FontManager>>::~SharedPtr	no-ghidra-function
0x36a1c8	_ZN7Walaber10BitmapFont13notifyTextureENS_9SharedPtrINS_7TextureEEE	Walaber::BitmapFont::notifyTexture	no-ghidra-function
0x36a208	_ZN7Walaber11FontManager14removeAllFontsEv	Walaber::FontManager::removeAllFonts	no-ghidra-function
0x36a2c4	_ZNSt6__ndk16__treeINS_12__value_typeINS_12basic_stringIcNS_11char_traitsIcEENS_9allocatorIcEEEEPN7Walaber10BitmapFontEEENS_19__map_value_compareIS7_SB_NS_4lessIS7_EELb1EEENS5_ISB_EEE4findIS7_EENS_15__tree_iteratorISB_PNS_11__tree_nodeISB_PvEElEERKT_	_ZNSt6__ndk16__treeINS_12__value_typeINS_12basic_stringIcNS_11char_traitsIcEENS_9allocatorIcEEEEPN7Walaber10BitmapFontEEENS_19__map_value_compareIS7_SB_NS_4lessIS7_EELb1EEENS5_ISB_EEE4findIS7_EENS_15__tree_iteratorISB_PNS_11__tree_nodeISB_PvEElEERKT_	no-ghidra-function
0x36a37c	_ZNSt6__ndk16__treeINS_12__value_typeINS_12basic_stringIcNS_11char_traitsIcEENS_9allocatorIcEEEEPN7Walaber10BitmapFontEEENS_19__map_value_compareIS7_SB_NS_4lessIS7_EELb1EEENS5_ISB_EEE13__lower_boundIS7_EENS_15__tree_iteratorISB_PNS_11__tree_nodeISB_PvEElEERKT_SN_PNS_15__tree_end_nodeIPNS_16__tree_node_baseISL_EEEE	_ZNSt6__ndk16__treeINS_12__value_typeINS_12basic_stringIcNS_11char_traitsIcEENS_9allocatorIcEEEEPN7Walaber10BitmapFontEEENS_19__map_value_compareIS7_SB_NS_4lessIS7_EELb1EEENS5_ISB_EEE13__lower_boundIS7_EENS_15__tree_iteratorISB_PNS_11__tree_nodeISB_PvEElEERKT_SN_PNS_15__tree_end_nodeIPNS_16__tree_node_baseISL_EEEE	no-ghidra-function
0x36a42c	_ZNSt6__ndk16__treeINS_12__value_typeINS_12basic_stringIcNS_11char_traitsIcEENS_9allocatorIcEEEEPN7Walaber10BitmapFontEEENS_19__map_value_compareIS7_SB_NS_4lessIS7_EELb1EEENS5_ISB_EEE25__emplace_unique_key_argsIS7_JRKNS_21piecewise_construct_tENS_5tupleIJRKS7_EEENSM_IJEEEEEENS_4pairINS_15__tree_iteratorISB_PNS_11__tree_nodeISB_PvEElEEbEERKT_DpOT0_	_ZNSt6__ndk16__treeINS_12__value_typeINS_12basic_stringIcNS_11char_traitsIcEENS_9allocatorIcEEEEPN7Walaber10BitmapFontEEENS_19__map_value_compareIS7_SB_NS_4lessIS7_EELb1EEENS5_ISB_EEE25__emplace_unique_key_argsIS7_JRKNS_21piecewise_construct_tENS_5tupleIJRKS7_EEENSM_IJEEEEEENS_4pairINS_15__tree_iteratorISB_PNS_11__tree_nodeISB_PvEElEEbEERKT_DpOT0_	no-ghidra-function
0x36a4dc	_ZNSt6__ndk16__treeINS_12__value_typeINS_12basic_stringIcNS_11char_traitsIcEENS_9allocatorIcEEEEPN7Walaber10BitmapFontEEENS_19__map_value_compareIS7_SB_NS_4lessIS7_EELb1EEENS5_ISB_EEE12__find_equalIS7_EERPNS_16__tree_node_baseIPvEERPNS_15__tree_end_nodeISM_EERKT_	_ZNSt6__ndk16__treeINS_12__value_typeINS_12basic_stringIcNS_11char_traitsIcEENS_9allocatorIcEEEEPN7Walaber10BitmapFontEEENS_19__map_value_compareIS7_SB_NS_4lessIS7_EELb1EEENS5_ISB_EEE12__find_equalIS7_EERPNS_16__tree_node_baseIPvEERPNS_15__tree_end_nodeISM_EERKT_	no-ghidra-function
0x36a6cc	_ZN7Walaber14MemberCallbackINS_11FontManagerEED0Ev	MemberCallback<Walaber::FontManager>::~MemberCallback	no-ghidra-function
0x36a6d0	_ZN7Walaber14MemberCallbackINS_11FontManagerEE6invokeEPv	Walaber::MemberCallback<Walaber::FontManager>::invoke	no-ghidra-function
0x36a700	_ZNSt6__ndk16__treeINS_12__value_typeINS_12basic_stringIcNS_11char_traitsIcEENS_9allocatorIcEEEEPN7Walaber10BitmapFontEEENS_19__map_value_compareIS7_SB_NS_4lessIS7_EELb1EEENS5_ISB_EEE7destroyEPNS_11__tree_nodeISB_PvEE	_ZNSt6__ndk16__treeINS_12__value_typeINS_12basic_stringIcNS_11char_traitsIcEENS_9allocatorIcEEEEPN7Walaber10BitmapFontEEENS_19__map_value_compareIS7_SB_NS_4lessIS7_EELb1EEENS5_ISB_EEE7destroyEPNS_11__tree_nodeISB_PvEE	no-ghidra-function
0x36a750	_ZN7Walaber6WidgetC2EijNS_7Vector2ES1_NS_17WidgetOrientationEi	Widget::Widget	no-ghidra-function
0x36a8e4	_ZN7Walaber6Widget19_generateWidgetNameEi	Walaber::Widget::_generateWidgetName	no-ghidra-function
0x36a8ec	_ZN7Walaber9Utilities10create_mapINSt6__ndk112basic_stringIcNS2_11char_traitsIcEENS2_9allocatorIcEEEENS_10WidgetTypeEEC2ERKS8_RKS9_	create_map<std::__ndk1::basic_string<char, Walaber::Utilities::create_map::char_traits<char>, Walaber::Utilities::create_map::allocator<char>>, Walaber::WidgetType>::create_map	no-ghidra-function
0x36a980	_ZN7Walaber9Utilities10create_mapINSt6__ndk112basic_stringIcNS2_11char_traitsIcEENS2_9allocatorIcEEEENS_10WidgetTypeEEcvNS2_3mapIS8_S9_NS2_4lessIS8_EENS6_INS2_4pairIKS8_S9_EEEEEEEv	_ZN7Walaber9Utilities10create_mapINSt6__ndk112basic_stringIcNS2_11char_traitsIcEENS2_9allocatorIcEEEENS_10WidgetTypeEEcvNS2_3mapIS8_S9_NS2_4lessIS8_EENS6_INS2_4pairIKS8_S9_EEEEEEEv	no-ghidra-function
0x36aa44	_ZNSt6__ndk13mapINS_12basic_stringIcNS_11char_traitsIcEENS_9allocatorIcEEEEN7Walaber10WidgetTypeENS_4lessIS6_EENS4_INS_4pairIKS6_S8_EEEEED2Ev	map<std::__ndk1::basic_string<char, std::__ndk1::char_traits<char>, std::__ndk1::allocator<char>>, Walaber::WidgetType, std::__ndk1::less<std::__ndk1::allocator<char>>, std::__ndk1::char_traits<char><std::__ndk1::pair<std::__ndk1::allocator<char> const, Walaber>>>::~map	no-ghidra-function
0x36aa4c	_ZN7Walaber6Widget23getWidgetTypeFromStringENSt6__ndk112basic_stringIcNS1_11char_traitsIcEENS1_9allocatorIcEEEERNS_10WidgetTypeE	Walaber::Widget::getWidgetTypeFromString	no-ghidra-function
0x36aa9c	_ZN7Walaber6Widget8setLayerEi	Walaber::Widget::setLayer	no-ghidra-function
0x36aac0	_ZN7Walaber13WidgetManager16updateLayerCountEi	Walaber::WidgetManager::updateLayerCount	no-ghidra-function
0x36aafc	_ZN7Walaber6Widget11_updateAABBEv	Walaber::Widget::_updateAABB	no-ghidra-function
0x36abf0	_ZN7Walaber6Widget19applyPositionOffsetERKNS_7Vector2E	Walaber::Widget::applyPositionOffset	no-ghidra-function
0x36ac14	_ZN7Walaber6Widget13setLocalScaleERKNS_7Vector2E	Walaber::Widget::setLocalScale	no-ghidra-function
0x36ac38	_ZN7Walaber6Widget11setBaseSizeENS_7Vector2E	Walaber::Widget::setBaseSize	no-ghidra-function
0x36ac44	_ZN7Walaber6Widget12setWidgetMgrEPNS_13WidgetManagerE	Walaber::Widget::setWidgetMgr	no-ghidra-function
0x36ac4c	_ZN7Walaber6Widget4drawEPNS_11SpriteBatchE	Walaber::Widget::draw	no-ghidra-function
0x36ac50	_ZN7Walaber6Widget4drawEPNS_11SpriteBatchENS_7Vector2E	Walaber::Widget::draw	no-ghidra-function
0x36ac64	_ZN7Walaber6Widget9_getAngleEv	Walaber::Widget::_getAngle	no-ghidra-function
0x36ace8	_ZN7Walaber13WidgetManagerC2EPNS_25WidgetManagerEventHandlerERKNS_7Vector2E	WidgetManager::WidgetManager	no-ghidra-function
0x36ad5c	_ZN7Walaber13WidgetManagerD2Ev	WidgetManager::~WidgetManager	no-ghidra-function
0x36ae28	_ZN7Walaber13WidgetManager9addWidgetEPNS_6WidgetEi	Walaber::WidgetManager::addWidget	no-ghidra-function
0x36ae90	_ZN7Walaber6Widget18getWidgetNameAsIntEv	Walaber::Widget::getWidgetNameAsInt	no-ghidra-function
0x36afa4	_ZN7Walaber13WidgetManager12removeWidgetEPNS_6WidgetE	Walaber::WidgetManager::removeWidget	no-ghidra-function
0x36aff4	_ZN7Walaber13WidgetManager22removeAndDestroyWidgetEPNS_6WidgetE	Walaber::WidgetManager::removeAndDestroyWidget	no-ghidra-function
0x36affc	_ZN7Walaber13WidgetManager25clearAndDestroyAllWidgetsEv	Walaber::WidgetManager::clearAndDestroyAllWidgets	no-ghidra-function
0x36b030	_ZN7Walaber13WidgetManager9getWidgetEi	Walaber::WidgetManager::getWidget	no-ghidra-function
0x36bd68	_ZN7Walaber13WidgetManager7drawAllERNS_11SpriteBatchE	Walaber::WidgetManager::drawAll	no-ghidra-function
0x36c7d0	_ZN7Walaber13WidgetManager16setCustomizeModeEb	Walaber::WidgetManager::setCustomizeMode	no-ghidra-function
0x36ca28	_ZN7Walaber13WidgetManager14isMovingWidgetEv	Walaber::WidgetManager::isMovingWidget	no-ghidra-function
0x36caac	_ZN7Walaber13WidgetManager11_snapWidgetEPNS_6WidgetENS_7Vector2ENS_4AABBE	Walaber::WidgetManager::_snapWidget	no-ghidra-function
0x36cc40	_ZN7Walaber13WidgetManager9touchDownEiNS_7Vector2E	Walaber::WidgetManager::touchDown	no-ghidra-function
0x36cf00	_ZN7Walaber13WidgetManager10touchMovedEiNS_7Vector2ES1_	Walaber::WidgetManager::touchMoved	no-ghidra-function
0x36d370	_ZN7Walaber13WidgetManager11reloadFontsEv	Walaber::WidgetManager::reloadFonts	no-ghidra-function
0x36d4a4	_ZN7Walaber6WidgetD2Ev	Widget::~Widget	no-ghidra-function
0x36d4e4	_ZN7Walaber6WidgetD0Ev	Widget::~Widget	no-ghidra-function
0x36d508	_ZN7Walaber6Widget11setRotationEf	Walaber::Widget::setRotation	no-ghidra-function
0x36d568	_ZN7Walaber6Widget10setEnabledEb	Walaber::Widget::setEnabled	no-ghidra-function
0x36d574	_ZN7Walaber6Widget5resetEv	Walaber::Widget::reset	no-ghidra-function
0x36d578	_ZN7Walaber6Widget7setFontERKNSt6__ndk112basic_stringIcNS1_11char_traitsIcEENS1_9allocatorIcEEEE	Walaber::Widget::setFont	no-ghidra-function
0x36d5a8	_ZN7Walaber6Widget10reloadFontEv	Walaber::Widget::reloadFont	no-ghidra-function
0x36d64c	_ZN7Walaber6Widget19acceptNewFingerDownEiPNS_10FingerInfoE	Walaber::Widget::acceptNewFingerDown	no-ghidra-function
0x36d654	_ZN7Walaber6Widget22acceptNewFingerEnteredEiPNS_10FingerInfoE	Walaber::Widget::acceptNewFingerEntered	no-ghidra-function
0x36d65c	_ZN7Walaber6Widget18releaseFingerMovedEiPNS_10FingerInfoE	Walaber::Widget::releaseFingerMoved	no-ghidra-function
0x36d664	_ZN7Walaber6Widget19releaseFingerStayedEiPNS_10FingerInfoE	Walaber::Widget::releaseFingerStayed	no-ghidra-function
0x36d66c	_ZN7Walaber6Widget15releaseFingerUpEiPNS_10FingerInfoE	Walaber::Widget::releaseFingerUp	no-ghidra-function
0x36d670	_ZN7Walaber6Widget17releaseFingerLeftEiPNS_10FingerInfoE	Walaber::Widget::releaseFingerLeft	no-ghidra-function
0x36d678	_ZN7Walaber6Widget16notifyFingerLostEiPNS_10FingerInfoE	Walaber::Widget::notifyFingerLost	no-ghidra-function
0x36d67c	_ZNSt6__ndk16__treeINS_12__value_typeINS_12basic_stringIcNS_11char_traitsIcEENS_9allocatorIcEEEEN7Walaber10WidgetTypeEEENS_19__map_value_compareIS7_SA_NS_4lessIS7_EELb1EEENS5_ISA_EEE7destroyEPNS_11__tree_nodeISA_PvEE	_ZNSt6__ndk16__treeINS_12__value_typeINS_12basic_stringIcNS_11char_traitsIcEENS_9allocatorIcEEEEN7Walaber10WidgetTypeEEENS_19__map_value_compareIS7_SA_NS_4lessIS7_EELb1EEENS5_ISA_EEE7destroyEPNS_11__tree_nodeISA_PvEE	no-ghidra-function
0x36d6cc	_ZNSt6__ndk16__treeINS_12__value_typeIPN7Walaber6WidgetENS2_7Vector2EEENS_19__map_value_compareIS4_S6_NS_4lessIS4_EELb1EEENS_9allocatorIS6_EEE7destroyEPNS_11__tree_nodeIS6_PvEE	std::__ndk1::__tree<std::__ndk1::__value_type<Walaber::Widget*, std::__ndk1::__value_type::Vector2>, std::__ndk1::__map_value_compare<Walaber::Widget, std::__ndk1::__value_type<Walaber::Widget*, std::__ndk1::__value_type::Vector2>, std::__ndk1::less<Walaber::Widget>, bool>>::std::__ndk1::allocator<std::__ndk1::__value_type<Walaber::Widget*, std::__ndk1::__value_type::Vector2>>	no-ghidra-function
0x36d70c	_ZNSt6__ndk16__treeINS_12__value_typeIiPN7Walaber10FingerInfoEEENS_19__map_value_compareIiS5_NS_4lessIiEELb1EEENS_9allocatorIS5_EEE7destroyEPNS_11__tree_nodeIS5_PvEE	std::__ndk1::__tree<std::__ndk1::__value_type<int, Walaber::FingerInfo*>, std::__ndk1::__map_value_compare<int, std::__ndk1::__value_type<int, Walaber::FingerInfo*>, std::__ndk1::less<int>, bool>>::std::__ndk1::allocator<std::__ndk1::__value_type<int, Walaber::FingerInfo*>>	no-ghidra-function
0x36d74c	_ZNSt6__ndk16__treeINS_12__value_typeIiPN7Walaber6WidgetEEENS_19__map_value_compareIiS5_NS_4lessIiEELb1EEENS_9allocatorIS5_EEE7destroyEPNS_11__tree_nodeIS5_PvEE	std::__ndk1::__tree<std::__ndk1::__value_type<int, Walaber::Widget*>, std::__ndk1::__map_value_compare<int, std::__ndk1::__value_type<int, Walaber::Widget*>, std::__ndk1::less<int>, bool>>::std::__ndk1::allocator<std::__ndk1::__value_type<int, Walaber::Widget*>>	no-ghidra-function
0x36d78c	_ZNSt6__ndk112__deque_baseIPN7Walaber7PCSNodeENS_9allocatorIS3_EEED2Ev	__deque_base<Walaber::PCSNode*, std::__ndk1::allocator<Walaber::PCSNode>>::~__deque_base	no-ghidra-function
0x36d7d4	_ZNSt6__ndk112__deque_baseIPN7Walaber7PCSNodeENS_9allocatorIS3_EEE5clearEv	std::__ndk1::__deque_base<Walaber::PCSNode*, std::__ndk1::allocator<Walaber::PCSNode>>::clear	no-ghidra-function
0x36d8b8	_ZNSt6__ndk114__split_bufferIPPN7Walaber7PCSNodeENS_9allocatorIS4_EEED2Ev	__split_buffer<Walaber::PCSNode**, std::__ndk1::allocator<std::__ndk1::allocator>>::~__split_buffer	no-ghidra-function
0x36d8ec	_ZNSt6__ndk16__treeINS_12__value_typeINS_12basic_stringIcNS_11char_traitsIcEENS_9allocatorIcEEEEN7Walaber10WidgetTypeEEENS_19__map_value_compareIS7_SA_NS_4lessIS7_EELb1EEENS5_ISA_EEE25__emplace_unique_key_argsIS7_JRKNS_21piecewise_construct_tENS_5tupleIJRKS7_EEENSL_IJEEEEEENS_4pairINS_15__tree_iteratorISA_PNS_11__tree_nodeISA_PvEElEEbEERKT_DpOT0_	_ZNSt6__ndk16__treeINS_12__value_typeINS_12basic_stringIcNS_11char_traitsIcEENS_9allocatorIcEEEEN7Walaber10WidgetTypeEEENS_19__map_value_compareIS7_SA_NS_4lessIS7_EELb1EEENS5_ISA_EEE25__emplace_unique_key_argsIS7_JRKNS_21piecewise_construct_tENS_5tupleIJRKS7_EEENSL_IJEEEEEENS_4pairINS_15__tree_iteratorISA_PNS_11__tree_nodeISA_PvEElEEbEERKT_DpOT0_	no-ghidra-function
0x36dac8	_ZNSt6__ndk16__treeINS_12__value_typeINS_12basic_stringIcNS_11char_traitsIcEENS_9allocatorIcEEEEN7Walaber10WidgetTypeEEENS_19__map_value_compareIS7_SA_NS_4lessIS7_EELb1EEENS5_ISA_EEE16__construct_nodeIJRKNS_21piecewise_construct_tENS_5tupleIJRKS7_EEENSL_IJEEEEEENS_10unique_ptrINS_11__tree_nodeISA_PvEENS_22__tree_node_destructorINS5_IST_EEEEEEDpOT_	_ZNSt6__ndk16__treeINS_12__value_typeINS_12basic_stringIcNS_11char_traitsIcEENS_9allocatorIcEEEEN7Walaber10WidgetTypeEEENS_19__map_value_compareIS7_SA_NS_4lessIS7_EELb1EEENS5_ISA_EEE16__construct_nodeIJRKNS_21piecewise_construct_tENS_5tupleIJRKS7_EEENSL_IJEEEEEENS_10unique_ptrINS_11__tree_nodeISA_PvEENS_22__tree_node_destructorINS5_IST_EEEEEEDpOT_	no-ghidra-function
0x36db38	_ZNSt6__ndk16__treeINS_12__value_typeINS_12basic_stringIcNS_11char_traitsIcEENS_9allocatorIcEEEEN7Walaber10WidgetTypeEEENS_19__map_value_compareIS7_SA_NS_4lessIS7_EELb1EEENS5_ISA_EEE16__insert_node_atEPNS_15__tree_end_nodeIPNS_16__tree_node_baseIPvEEEERSL_SL_	_ZNSt6__ndk16__treeINS_12__value_typeINS_12basic_stringIcNS_11char_traitsIcEENS_9allocatorIcEEEEN7Walaber10WidgetTypeEEENS_19__map_value_compareIS7_SA_NS_4lessIS7_EELb1EEENS5_ISA_EEE16__insert_node_atEPNS_15__tree_end_nodeIPNS_16__tree_node_baseIPvEEEERSL_SL_	no-ghidra-function
0x36df08	_ZNSt6__ndk16__treeINS_12__value_typeINS_12basic_stringIcNS_11char_traitsIcEENS_9allocatorIcEEEEN7Walaber10WidgetTypeEEENS_19__map_value_compareIS7_SA_NS_4lessIS7_EELb1EEENS5_ISA_EEE16__construct_nodeIJRKNS_4pairIKS7_S9_EEEEENS_10unique_ptrINS_11__tree_nodeISA_PvEENS_22__tree_node_destructorINS5_ISQ_EEEEEEDpOT_	_ZNSt6__ndk16__treeINS_12__value_typeINS_12basic_stringIcNS_11char_traitsIcEENS_9allocatorIcEEEEN7Walaber10WidgetTypeEEENS_19__map_value_compareIS7_SA_NS_4lessIS7_EELb1EEENS5_ISA_EEE16__construct_nodeIJRKNS_4pairIKS7_S9_EEEEENS_10unique_ptrINS_11__tree_nodeISA_PvEENS_22__tree_node_destructorINS5_ISQ_EEEEEEDpOT_	no-ghidra-function
0x36df7c	_ZNSt6__ndk16__treeINS_12__value_typeINS_12basic_stringIcNS_11char_traitsIcEENS_9allocatorIcEEEEN7Walaber10WidgetTypeEEENS_19__map_value_compareIS7_SA_NS_4lessIS7_EELb1EEENS5_ISA_EEE4findIS7_EENS_15__tree_iteratorISA_PNS_11__tree_nodeISA_PvEElEERKT_	_ZNSt6__ndk16__treeINS_12__value_typeINS_12basic_stringIcNS_11char_traitsIcEENS_9allocatorIcEEEEN7Walaber10WidgetTypeEEENS_19__map_value_compareIS7_SA_NS_4lessIS7_EELb1EEENS5_ISA_EEE4findIS7_EENS_15__tree_iteratorISA_PNS_11__tree_nodeISA_PvEElEERKT_	no-ghidra-function
0x36e034	_ZNSt6__ndk16__treeINS_12__value_typeINS_12basic_stringIcNS_11char_traitsIcEENS_9allocatorIcEEEEN7Walaber10WidgetTypeEEENS_19__map_value_compareIS7_SA_NS_4lessIS7_EELb1EEENS5_ISA_EEE13__lower_boundIS7_EENS_15__tree_iteratorISA_PNS_11__tree_nodeISA_PvEElEERKT_SM_PNS_15__tree_end_nodeIPNS_16__tree_node_baseISK_EEEE	_ZNSt6__ndk16__treeINS_12__value_typeINS_12basic_stringIcNS_11char_traitsIcEENS_9allocatorIcEEEEN7Walaber10WidgetTypeEEENS_19__map_value_compareIS7_SA_NS_4lessIS7_EELb1EEENS5_ISA_EEE13__lower_boundIS7_EENS_15__tree_iteratorISA_PNS_11__tree_nodeISA_PvEElEERKT_SM_PNS_15__tree_end_nodeIPNS_16__tree_node_baseISK_EEEE	no-ghidra-function
0x36e0e4	_ZNSt6__ndk15dequeIPN7Walaber7PCSNodeENS_9allocatorIS3_EEE9push_backEOS3_	std::__ndk1::deque<Walaber::PCSNode*, std::__ndk1::allocator<Walaber::PCSNode>>::push_back	no-ghidra-function
0x36e65c	_ZNSt6__ndk114__split_bufferIPPN7Walaber7PCSNodeENS_9allocatorIS4_EEE10push_frontEOS4_	std::__ndk1::__split_buffer<Walaber::PCSNode**, std::__ndk1::allocator<std::__ndk1::allocator>>::push_front	no-ghidra-function
0x36e7e4	_ZNSt6__ndk114__split_bufferIPPN7Walaber7PCSNodeERNS_9allocatorIS4_EEEC2EmmS7_	__split_buffer<Walaber::PCSNode**, std::__ndk1::allocator<std::__ndk1::allocator>&>::__split_buffer	no-ghidra-function
0x36e894	_ZNSt6__ndk114__split_bufferIPPN7Walaber7PCSNodeERNS_9allocatorIS4_EEE9push_backEOS4_	std::__ndk1::__split_buffer<Walaber::PCSNode**, std::__ndk1::allocator<std::__ndk1::allocator>&>::push_back	no-ghidra-function
0x36eb9c	_ZNSt6__ndk15dequeIPN7Walaber7PCSNodeENS_9allocatorIS3_EEE8pop_backEv	std::__ndk1::deque<Walaber::PCSNode*, std::__ndk1::allocator<Walaber::PCSNode>>::pop_back	no-ghidra-function
0x36ebfc	_ZNSt6__ndk16__treeINS_12__value_typeIiPN7Walaber6WidgetEEENS_19__map_value_compareIiS5_NS_4lessIiEELb1EEENS_9allocatorIS5_EEE15__emplace_multiIJNS_4pairIiS4_EEEEENS_15__tree_iteratorIS5_PNS_11__tree_nodeIS5_PvEElEEDpOT_	std::__ndk1::__tree<std::__ndk1::__value_type<int, Walaber::Widget*>, std::__ndk1::__map_value_compare<int, std::__ndk1::__value_type<int, Walaber::Widget*>, std::__ndk1::less<int>, bool>>::std::__ndk1::allocator<std::__ndk1::__value_type<int, Walaber::Widget*>>	no-ghidra-function
0x36ece4	_ZNSt6__ndk16__treeINS_12__value_typeIiPN7Walaber10FingerInfoEEENS_19__map_value_compareIiS5_NS_4lessIiEELb1EEENS_9allocatorIS5_EEE5eraseENS_21__tree_const_iteratorIS5_PNS_11__tree_nodeIS5_PvEElEE	std::__ndk1::__tree<std::__ndk1::__value_type<int, Walaber::FingerInfo*>, std::__ndk1::__map_value_compare<int, std::__ndk1::__value_type<int, Walaber::FingerInfo*>, std::__ndk1::less<int>, bool>>::std::__ndk1::allocator<std::__ndk1::__value_type<int, Walaber::FingerInfo*>>	no-ghidra-function
0x36ed78	_ZNSt6__ndk16__treeINS_12__value_typeIPN7Walaber6WidgetENS2_7Vector2EEENS_19__map_value_compareIS4_S6_NS_4lessIS4_EELb1EEENS_9allocatorIS6_EEE25__emplace_unique_key_argsIS4_JRKNS_21piecewise_construct_tENS_5tupleIJOS4_EEENSI_IJEEEEEENS_4pairINS_15__tree_iteratorIS6_PNS_11__tree_nodeIS6_PvEElEEbEERKT_DpOT0_	std::__ndk1::__tree<std::__ndk1::__value_type<Walaber::Widget*, std::__ndk1::__value_type::Vector2>, std::__ndk1::__map_value_compare<Walaber::Widget, std::__ndk1::__value_type<Walaber::Widget*, std::__ndk1::__value_type::Vector2>, std::__ndk1::less<Walaber::Widget>, bool>>::std::__ndk1::allocator<std::__ndk1::__value_type<Walaber::Widget*, std::__ndk1::__value_type::Vector2>>	no-ghidra-function
0x36ee48	_ZNSt6__ndk16__treeINS_12__value_typeIPN7Walaber6WidgetENS2_7Vector2EEENS_19__map_value_compareIS4_S6_NS_4lessIS4_EELb1EEENS_9allocatorIS6_EEE16__insert_node_atEPNS_15__tree_end_nodeIPNS_16__tree_node_baseIPvEEEERSI_SI_	std::__ndk1::__tree<std::__ndk1::__value_type<Walaber::Widget*, std::__ndk1::__value_type::Vector2>, std::__ndk1::__map_value_compare<Walaber::Widget, std::__ndk1::__value_type<Walaber::Widget*, std::__ndk1::__value_type::Vector2>, std::__ndk1::less<Walaber::Widget>, bool>>::std::__ndk1::allocator<std::__ndk1::__value_type<Walaber::Widget*, std::__ndk1::__value_type::Vector2>>	no-ghidra-function
0x36ee9c	_ZNSt6__ndk16__treeINS_12__value_typeIiPN7Walaber10FingerInfoEEENS_19__map_value_compareIiS5_NS_4lessIiEELb1EEENS_9allocatorIS5_EEE25__emplace_unique_key_argsIiJRKNS_21piecewise_construct_tENS_5tupleIJRKiEEENSH_IJEEEEEENS_4pairINS_15__tree_iteratorIS5_PNS_11__tree_nodeIS5_PvEElEEbEERKT_DpOT0_	std::__ndk1::__tree<std::__ndk1::__value_type<int, Walaber::FingerInfo*>, std::__ndk1::__map_value_compare<int, std::__ndk1::__value_type<int, Walaber::FingerInfo*>, std::__ndk1::less<int>, bool>>::std::__ndk1::allocator<std::__ndk1::__value_type<int, Walaber::FingerInfo*>>	no-ghidra-function
0x36ef70	_ZNSt6__ndk16__treeINS_12__value_typeIiPN7Walaber10FingerInfoEEENS_19__map_value_compareIiS5_NS_4lessIiEELb1EEENS_9allocatorIS5_EEE16__insert_node_atEPNS_15__tree_end_nodeIPNS_16__tree_node_baseIPvEEEERSH_SH_	std::__ndk1::__tree<std::__ndk1::__value_type<int, Walaber::FingerInfo*>, std::__ndk1::__map_value_compare<int, std::__ndk1::__value_type<int, Walaber::FingerInfo*>, std::__ndk1::less<int>, bool>>::std::__ndk1::allocator<std::__ndk1::__value_type<int, Walaber::FingerInfo*>>	no-ghidra-function
0x36efc4	_ZNSt6__ndk15dequeIPN7Walaber7PCSNodeENS_9allocatorIS3_EEE9push_backERKS3_	std::__ndk1::deque<Walaber::PCSNode*, std::__ndk1::allocator<Walaber::PCSNode>>::push_back	no-ghidra-function
0x36f2bc	_ZN7Walaber10QuadHelper8drawQuadEjRKNS_7Vector2EfS3_RKNS_4RectERKNS_5ColorE	Walaber::QuadHelper::drawQuad	no-ghidra-function
0x36f2c8	_ZN7Walaber10QuadHelper8drawQuadERKNS_7Vector2EfS3_RKNS_5ColorE	Walaber::QuadHelper::drawQuad	no-ghidra-function
0x36f3c4	_ZN7Walaber10QuadHelper15drawQuadColoredERKNS_7Vector2EfS3_RKNS_5ColorE	Walaber::QuadHelper::drawQuadColored	no-ghidra-function
0x36f4a8	_ZN7Walaber10QuadHelper15drawQuadOutlineERKNS_7Vector2EfS3_fRKNS_5ColorE	Walaber::QuadHelper::drawQuadOutline	no-ghidra-function
0x36f6b0	_ZNSt6__ndk13mapINS_12basic_stringIcNS_11char_traitsIcEENS_9allocatorIcEEEEN7Walaber12WidgetHelper21LoadPassThroughParamsENS_4lessIS6_EENS4_INS_4pairIKS6_S9_EEEEED2Ev	map<std::__ndk1::basic_string<char, std::__ndk1::char_traits<char>, std::__ndk1::allocator<char>>, Walaber::WidgetHelper::LoadPassThroughParams, std::__ndk1::less<std::__ndk1::allocator<char>>, std::__ndk1::char_traits<char><std::__ndk1::pair<std::__ndk1::allocator<char> const, Walaber::WidgetHelper>>>::~map	no-ghidra-function
0x36f6bc	_ZNSt6__ndk13mapINS_12basic_stringIcNS_11char_traitsIcEENS_9allocatorIcEEEEPN7Walaber6WidgetENS_4lessIS6_EENS4_INS_4pairIKS6_S9_EEEEED2Ev	map<std::__ndk1::basic_string<char, std::__ndk1::char_traits<char>, std::__ndk1::allocator<char>>, Walaber::Widget*, std::__ndk1::less<std::__ndk1::allocator<char>>, std::__ndk1::char_traits<char><std::__ndk1::pair<std::__ndk1::allocator<char> const, Walaber::Widget>>>::~map	no-ghidra-function
0x36f6c4	_ZN7Walaber12WidgetHelper16_clearPrototypesEv	Walaber::WidgetHelper::_clearPrototypes	no-ghidra-function
0x36f784	_ZN7Walaber12WidgetHelper18_copyFromPrototypeEP8_xmlNodePNS_6WidgetES4_S4_i	Walaber::WidgetHelper::_copyFromPrototype	no-ghidra-function
0x3703e8	_ZN7Walaber18Widget_ColorPickeraSERKS0_	_ZN7Walaber18Widget_ColorPickeraSERKS0_	no-ghidra-function
0x370810	_ZN7Walaber13Widget_SlideraSERKS0_	_ZN7Walaber13Widget_SlideraSERKS0_	no-ghidra-function
0x370ac0	_ZN7Walaber20Widget_MovingTextBoxaSERKS0_	_ZN7Walaber20Widget_MovingTextBoxaSERKS0_	no-ghidra-function
0x370c54	_ZN7Walaber20Widget_FingerCatcheraSERKS0_	_ZN7Walaber20Widget_FingerCatcheraSERKS0_	no-ghidra-function
0x370e9c	_ZN7Walaber20Widget_ScrollableSetaSERKS0_	_ZN7Walaber20Widget_ScrollableSetaSERKS0_	no-ghidra-function
0x371264	_ZN7Walaber12WidgetHelper18_parseSizeToScreenEP8_xmlNodePNS_6WidgetE	Walaber::WidgetHelper::_parseSizeToScreen	no-ghidra-function
0x371b10	_ZN7Walaber12WidgetHelper12_openXMLFileERKNSt6__ndk112basic_stringIcNS1_11char_traitsIcEENS1_9allocatorIcEEEE	Walaber::WidgetHelper::_openXMLFile	no-ghidra-function
0x371c78	_ZN7Walaber12WidgetHelper15_getTextureNameEP8_xmlNodeRNSt6__ndk112basic_stringIcNS3_11char_traitsIcEENS3_9allocatorIcEEEE	Walaber::WidgetHelper::_getTextureName	no-ghidra-function
0x371da4	_ZN7Walaber12WidgetHelper14loadWidgetsXMLERKNSt6__ndk112basic_stringIcNS1_11char_traitsIcEENS1_9allocatorIcEEEEPNS_13WidgetManagerENS_9SharedPtrINS_8CallbackEEE	Walaber::WidgetHelper::loadWidgetsXML	no-ghidra-function
0x371f5c	_ZN7Walaber12WidgetHelper24_recurseFileReadCallbackEPv	Walaber::WidgetHelper::_recurseFileReadCallback	no-ghidra-function
0x372348	_ZN7Walaber12WidgetHelper12_parseStringEP8_xmlNodePKc	Walaber::WidgetHelper::_parseString	no-ghidra-function
0x372498	_ZN7Walaber12WidgetHelper13_closeXMLFileEv	Walaber::WidgetHelper::_closeXMLFile	no-ghidra-function
0x3724b8	_ZN7Walaber12WidgetHelper32_createAndUpdateWidgetPrototypesEP8_xmlNode	Walaber::WidgetHelper::_createAndUpdateWidgetPrototypes	no-ghidra-function
0x3727b4	_ZN7Walaber12WidgetHelper22_createAndUpdateWidgetEP8_xmlNodePNS_6WidgetEiiNS_7Vector2ES5_S4_	Walaber::WidgetHelper::_createAndUpdateWidget	no-ghidra-function
0x372fe4	_ZN7Walaber12WidgetHelper17_createBaseWidgetEP8_xmlNodePNS_6WidgetEiPNS_13WidgetManagerE	Walaber::WidgetHelper::_createBaseWidget	no-ghidra-function
0x373254	_ZN7Walaber12WidgetHelper28_updateWidgetClassicControlsEP8_xmlNodePNS_22Widget_ClassicControlsEPNS_6WidgetE	Walaber::WidgetHelper::_updateWidgetClassicControls	no-ghidra-function
0x373258	_ZN7Walaber12WidgetHelper23_updateWidgetPushButtonEP8_xmlNodePNS_17Widget_PushButtonEPNS_6WidgetE	Walaber::WidgetHelper::_updateWidgetPushButton	no-ghidra-function
0x373ed0	_ZN7Walaber12WidgetHelper20_updateWidgetSpinnerEP8_xmlNodePNS_14Widget_SpinnerEPNS_6WidgetE	Walaber::WidgetHelper::_updateWidgetSpinner	no-ghidra-function
0x374ec8	_ZN7Walaber12WidgetHelper19_updateWidgetSliderEP8_xmlNodePNS_13Widget_SliderEPNS_6WidgetE	Walaber::WidgetHelper::_updateWidgetSlider	no-ghidra-function
0x3754c0	_ZN7Walaber12WidgetHelper18_updateWidgetLabelEP8_xmlNodePNS_12Widget_LabelEPNS_6WidgetE	Walaber::WidgetHelper::_updateWidgetLabel	no-ghidra-function
0x377014	_ZN7Walaber12WidgetHelper26_updateWidgetFingerCatcherEP8_xmlNodePNS_20Widget_FingerCatcherEPNS_6WidgetE	Walaber::WidgetHelper::_updateWidgetFingerCatcher	no-ghidra-function
0x377018	_ZN7Walaber12WidgetHelper18_updateWidgetGroupEP8_xmlNodePNS_12Widget_GroupEPNS_6WidgetE	Walaber::WidgetHelper::_updateWidgetGroup	no-ghidra-function
0x37701c	_ZN7Walaber12WidgetHelper28_updateWidgetScrollableGroupEP8_xmlNodePNS_22Widget_ScrollableGroupEPNS_6WidgetE	Walaber::WidgetHelper::_updateWidgetScrollableGroup	no-ghidra-function
0x377020	_ZN7Walaber12WidgetHelper26_updateWidgetScrollableSetEP8_xmlNodePNS_20Widget_ScrollableSetEPNS_6WidgetE	Walaber::WidgetHelper::_updateWidgetScrollableSet	no-ghidra-function
0x377024	_ZN7Walaber12WidgetHelper29_updateWidgetScrollableCameraEP8_xmlNodePNS_23Widget_ScrollableCameraEPNS_6WidgetE	Walaber::WidgetHelper::_updateWidgetScrollableCamera	no-ghidra-function
0x377028	_ZN7Walaber12WidgetHelper25_updateWidgetScoreCounterEP8_xmlNodePNS_19Widget_ScoreCounterEPNS_6WidgetE	Walaber::WidgetHelper::_updateWidgetScoreCounter	no-ghidra-function
0x37702c	_ZN7Walaber12WidgetHelper17_updateBaseWidgetEP8_xmlNodePNS_6WidgetE	Walaber::WidgetHelper::_updateBaseWidget	no-ghidra-function
0x37745c	_ZN7Walaber12WidgetHelper13_extractLayerEP8_xmlNode	Walaber::WidgetHelper::_extractLayer	no-ghidra-function
0x377be8	_ZN7Walaber12Widget_Label10setPaddingEffff	Walaber::Widget_Label::setPadding	no-ghidra-function
0x377cd8	_ZN7Walaber3XML18parseColor8bitRGBAEP8_xmlNodePKc	Walaber::XML::parseColor8bitRGBA	no-ghidra-function
0x377e1c	_ZN7Walaber12WidgetHelper16_getTextureNamesEP8_xmlNodeRNSt6__ndk16vectorINS3_12basic_stringIcNS3_11char_traitsIcEENS3_9allocatorIcEEEENS8_ISA_EEEE	Walaber::WidgetHelper::_getTextureNames	no-ghidra-function
0x377f88	_ZN7Walaber12WidgetHelper14_extractParentEP8_xmlNodePNS_13WidgetManagerE	Walaber::WidgetHelper::_extractParent	no-ghidra-function
0x378574	_ZNSt6__ndk16__treeINS_12__value_typeINS_12basic_stringIcNS_11char_traitsIcEENS_9allocatorIcEEEEN7Walaber12WidgetHelper21LoadPassThroughParamsEEENS_19__map_value_compareIS7_SB_NS_4lessIS7_EELb1EEENS5_ISB_EEE7destroyEPNS_11__tree_nodeISB_PvEE	_ZNSt6__ndk16__treeINS_12__value_typeINS_12basic_stringIcNS_11char_traitsIcEENS_9allocatorIcEEEEN7Walaber12WidgetHelper21LoadPassThroughParamsEEENS_19__map_value_compareIS7_SB_NS_4lessIS7_EELb1EEENS5_ISB_EEE7destroyEPNS_11__tree_nodeISB_PvEE	no-ghidra-function
0x37875c	_ZNSt6__ndk16vectorIPN7Walaber12Widget_LabelENS_9allocatorIS3_EEE11__vallocateEm	std::__ndk1::vector<Walaber::Widget_Label*, std::__ndk1::allocator<Walaber::Widget_Label>>::__vallocate	no-ghidra-function
0x3789f0	_ZNSt6__ndk16vectorIN7Walaber15Widget_IconList4IconENS_9allocatorIS3_EEE13__vdeallocateEv	std::__ndk1::vector<Walaber::Widget_IconList::Icon, std::__ndk1::allocator<Walaber::Widget_IconList>>::__vdeallocate	no-ghidra-function
0x378a6c	_ZNSt6__ndk16vectorIN7Walaber15Widget_IconList4IconENS_9allocatorIS3_EEE11__vallocateEm	std::__ndk1::vector<Walaber::Widget_IconList::Icon, std::__ndk1::allocator<Walaber::Widget_IconList>>::__vallocate	no-ghidra-function
0x378abc	_ZNSt6__ndk14listIN7Walaber12TextLineInfoENS_9allocatorIS2_EEE6assignINS_21__list_const_iteratorIS2_PvEEEEvT_SA_PNS_9enable_ifIXsr19__is_input_iteratorISA_EE5valueEvE4typeE	std::__ndk1::list<Walaber::TextLineInfo, std::__ndk1::allocator<Walaber>>::assign<std::__ndk1::__list_const_iterator<Walaber, void*>>	no-ghidra-function
0x378f8c	_ZNSt6__ndk16__treeINS_12__value_typeIiN7Walaber20Widget_FingerCatcher16CaughtFingerInfoEEENS_19__map_value_compareIiS5_NS_4lessIiEELb1EEENS_9allocatorIS5_EEE7destroyEPNS_11__tree_nodeIS5_PvEE	std::__ndk1::__tree<std::__ndk1::__value_type<int, Walaber::Widget_FingerCatcher::CaughtFingerInfo>, std::__ndk1::__map_value_compare<int, Walaber::Widget_FingerCatcher::CaughtFingerInfo, std::__ndk1::less<int>, bool>>::std::__ndk1::allocator<Walaber::Widget_FingerCatcher::CaughtFingerInfo>	no-ghidra-function
0x378fcc	_ZNSt6__ndk16__treeINS_12__value_typeIiN7Walaber20Widget_FingerCatcher16CaughtFingerInfoEEENS_19__map_value_compareIiS5_NS_4lessIiEELb1EEENS_9allocatorIS5_EEE16__insert_node_atEPNS_15__tree_end_nodeIPNS_16__tree_node_baseIPvEEEERSH_SH_	std::__ndk1::__tree<std::__ndk1::__value_type<int, Walaber::Widget_FingerCatcher::CaughtFingerInfo>, std::__ndk1::__map_value_compare<int, Walaber::Widget_FingerCatcher::CaughtFingerInfo, std::__ndk1::less<int>, bool>>::std::__ndk1::allocator<Walaber::Widget_FingerCatcher::CaughtFingerInfo>	no-ghidra-function
0x37928c	_ZNSt6__ndk16__treeINS_12__value_typeIiN7Walaber7Vector2EEENS_19__map_value_compareIiS4_NS_4lessIiEELb1EEENS_9allocatorIS4_EEE8__detachEPNS_11__tree_nodeIS4_PvEE	std::__ndk1::__tree<std::__ndk1::__value_type<int, Walaber::Vector2>, std::__ndk1::__map_value_compare<int, Walaber::Vector2, std::__ndk1::less<int>, bool>>::std::__ndk1::allocator<Walaber::Vector2>	no-ghidra-function
0x3792e8	_ZNSt6__ndk16__treeINS_12__value_typeIiN7Walaber7Vector2EEENS_19__map_value_compareIiS4_NS_4lessIiEELb1EEENS_9allocatorIS4_EEE7destroyEPNS_11__tree_nodeIS4_PvEE	std::__ndk1::__tree<std::__ndk1::__value_type<int, Walaber::Vector2>, std::__ndk1::__map_value_compare<int, Walaber::Vector2, std::__ndk1::less<int>, bool>>::std::__ndk1::allocator<Walaber::Vector2>	no-ghidra-function
0x379328	_ZNSt6__ndk16__treeINS_12__value_typeIiN7Walaber7Vector2EEENS_19__map_value_compareIiS4_NS_4lessIiEELb1EEENS_9allocatorIS4_EEE16__insert_node_atEPNS_15__tree_end_nodeIPNS_16__tree_node_baseIPvEEEERSG_SG_	std::__ndk1::__tree<std::__ndk1::__value_type<int, Walaber::Vector2>, std::__ndk1::__map_value_compare<int, Walaber::Vector2, std::__ndk1::less<int>, bool>>::std::__ndk1::allocator<Walaber::Vector2>	no-ghidra-function
0x37937c	_ZNSt6__ndk16__treeINS_12__value_typeIiN7Walaber7Vector2EEENS_19__map_value_compareIiS4_NS_4lessIiEELb1EEENS_9allocatorIS4_EEE15__emplace_multiIJRKNS_4pairIKiS3_EEEEENS_15__tree_iteratorIS4_PNS_11__tree_nodeIS4_PvEElEEDpOT_	std::__ndk1::__tree<std::__ndk1::__value_type<int, Walaber::Vector2>, std::__ndk1::__map_value_compare<int, Walaber::Vector2, std::__ndk1::less<int>, bool>>::std::__ndk1::allocator<Walaber::Vector2>	no-ghidra-function
0x379418	_ZNSt6__ndk14listIiNS_9allocatorIiEEE6assignINS_21__list_const_iteratorIiPvEEEEvT_S8_PNS_9enable_ifIXsr19__is_input_iteratorIS8_EE5valueEvE4typeE	std::__ndk1::list<int, std::__ndk1::allocator<int>>::assign<std::__ndk1::__list_const_iterator<int, void*>>	no-ghidra-function
0x37956c	_ZNSt6__ndk14listIiNS_9allocatorIiEEE5eraseENS_21__list_const_iteratorIiPvEES6_	std::__ndk1::list<int, std::__ndk1::allocator<int>>::erase	no-ghidra-function
0x3795e0	_ZNSt6__ndk16__treeIN7Walaber12Widget_Group10WidgetInfoENS_4lessIS3_EENS_9allocatorIS3_EEE14__assign_multiINS_21__tree_const_iteratorIS3_PNS_11__tree_nodeIS3_PvEElEEEEvT_SG_	std::__ndk1::__tree<Walaber::Widget_Group::WidgetInfo, std::__ndk1::less<Walaber::Widget_Group>, std::__ndk1::allocator<Walaber::Widget_Group>>::__assign_multi<std::__ndk1::__tree_const_iterator<Walaber::Widget_Group, std::__ndk1::__tree_node<Walaber::Widget_Group, void*>*, long>>	no-ghidra-function
0x379a68	_ZNSt6__ndk16vectorIiNS_9allocatorIiEEE11__vallocateEm	std::__ndk1::vector<int, std::__ndk1::allocator<int>>::__vallocate	no-ghidra-function
0x379dcc	_ZNSt6__ndk16vectorIN7Walaber12TextLineInfoENS_9allocatorIS2_EEE13__vdeallocateEv	std::__ndk1::vector<Walaber::TextLineInfo, std::__ndk1::allocator<Walaber>>::__vdeallocate	no-ghidra-function
0x379e40	_ZNSt6__ndk16vectorIN7Walaber12TextLineInfoENS_9allocatorIS2_EEE11__vallocateEm	std::__ndk1::vector<Walaber::TextLineInfo, std::__ndk1::allocator<Walaber>>::__vallocate	no-ghidra-function
0x379fec	_ZNSt6__ndk16__treeINS_12__value_typeINS_12basic_stringIcNS_11char_traitsIcEENS_9allocatorIcEEEEN7Walaber12WidgetHelper21LoadPassThroughParamsEEENS_19__map_value_compareIS7_SB_NS_4lessIS7_EELb1EEENS5_ISB_EEE25__emplace_unique_key_argsIS7_JRKNS_21piecewise_construct_tENS_5tupleIJRKS7_EEENSM_IJEEEEEENS_4pairINS_15__tree_iteratorISB_PNS_11__tree_nodeISB_PvEElEEbEERKT_DpOT0_	_ZNSt6__ndk16__treeINS_12__value_typeINS_12basic_stringIcNS_11char_traitsIcEENS_9allocatorIcEEEEN7Walaber12WidgetHelper21LoadPassThroughParamsEEENS_19__map_value_compareIS7_SB_NS_4lessIS7_EELb1EEENS5_ISB_EEE25__emplace_unique_key_argsIS7_JRKNS_21piecewise_construct_tENS_5tupleIJRKS7_EEENSM_IJEEEEEENS_4pairINS_15__tree_iteratorISB_PNS_11__tree_nodeISB_PvEElEEbEERKT_DpOT0_	no-ghidra-function
0x37a23c	_ZNSt6__ndk16__treeINS_12__value_typeINS_12basic_stringIcNS_11char_traitsIcEENS_9allocatorIcEEEEN7Walaber12WidgetHelper21LoadPassThroughParamsEEENS_19__map_value_compareIS7_SB_NS_4lessIS7_EELb1EEENS5_ISB_EEE16__insert_node_atEPNS_15__tree_end_nodeIPNS_16__tree_node_baseIPvEEEERSM_SM_	_ZNSt6__ndk16__treeINS_12__value_typeINS_12basic_stringIcNS_11char_traitsIcEENS_9allocatorIcEEEEN7Walaber12WidgetHelper21LoadPassThroughParamsEEENS_19__map_value_compareIS7_SB_NS_4lessIS7_EELb1EEENS5_ISB_EEE16__insert_node_atEPNS_15__tree_end_nodeIPNS_16__tree_node_baseIPvEEEERSM_SM_	no-ghidra-function
0x37a290	_ZNSt6__ndk16__treeINS_12__value_typeINS_12basic_stringIcNS_11char_traitsIcEENS_9allocatorIcEEEEPN7Walaber6WidgetEEENS_19__map_value_compareIS7_SB_NS_4lessIS7_EELb1EEENS5_ISB_EEE4findIS7_EENS_15__tree_iteratorISB_PNS_11__tree_nodeISB_PvEElEERKT_	_ZNSt6__ndk16__treeINS_12__value_typeINS_12basic_stringIcNS_11char_traitsIcEENS_9allocatorIcEEEEPN7Walaber6WidgetEEENS_19__map_value_compareIS7_SB_NS_4lessIS7_EELb1EEENS5_ISB_EEE4findIS7_EENS_15__tree_iteratorISB_PNS_11__tree_nodeISB_PvEElEERKT_	no-ghidra-function
0x37a3f8	_ZNSt6__ndk16__treeINS_12__value_typeINS_12basic_stringIcNS_11char_traitsIcEENS_9allocatorIcEEEEPN7Walaber6WidgetEEENS_19__map_value_compareIS7_SB_NS_4lessIS7_EELb1EEENS5_ISB_EEE25__emplace_unique_key_argsIS7_JRKNS_21piecewise_construct_tENS_5tupleIJRKS7_EEENSM_IJEEEEEENS_4pairINS_15__tree_iteratorISB_PNS_11__tree_nodeISB_PvEElEEbEERKT_DpOT0_	_ZNSt6__ndk16__treeINS_12__value_typeINS_12basic_stringIcNS_11char_traitsIcEENS_9allocatorIcEEEEPN7Walaber6WidgetEEENS_19__map_value_compareIS7_SB_NS_4lessIS7_EELb1EEENS5_ISB_EEE25__emplace_unique_key_argsIS7_JRKNS_21piecewise_construct_tENS_5tupleIJRKS7_EEENSM_IJEEEEEENS_4pairINS_15__tree_iteratorISB_PNS_11__tree_nodeISB_PvEElEEbEERKT_DpOT0_	no-ghidra-function
0x37a744	_ZN7Walaber13Widget_CanvasC2EiNS_7Vector2ES1_	Widget_Canvas::Widget_Canvas	no-ghidra-function
0x37a834	_ZN7Walaber13Widget_CanvasD2Ev	Widget_Canvas::~Widget_Canvas	no-ghidra-function
0x37a838	_ZN7Walaber13Widget_CanvasD0Ev	Widget_Canvas::~Widget_Canvas	no-ghidra-function
0x37aa04	_ZN7Walaber13Widget_Canvas13_acceptFingerEiPNS_10FingerInfoE	Walaber::Widget_Canvas::_acceptFinger	no-ghidra-function
0x37aa38	_ZN7Walaber13Widget_Canvas22acceptNewFingerEnteredEiPNS_10FingerInfoE	Walaber::Widget_Canvas::acceptNewFingerEntered	no-ghidra-function
0x37aa7c	_ZN7Walaber13Widget_Canvas19releaseFingerStayedEiPNS_10FingerInfoE	Walaber::Widget_Canvas::releaseFingerStayed	no-ghidra-function
0x37aaa4	_ZN7Walaber13Widget_Canvas18releaseFingerMovedEiPNS_10FingerInfoE	Walaber::Widget_Canvas::releaseFingerMoved	no-ghidra-function
0x37aacc	_ZN7Walaber13Widget_Canvas15releaseFingerUpEiPNS_10FingerInfoE	Walaber::Widget_Canvas::releaseFingerUp	no-ghidra-function
0x37aad0	_ZN7Walaber13Widget_Canvas14_releaseFingerEiPNS_10FingerInfoE	Walaber::Widget_Canvas::_releaseFinger	no-ghidra-function
0x37abc4	_ZN7Walaber13Widget_Canvas17releaseFingerLeftEiPNS_10FingerInfoE	Walaber::Widget_Canvas::releaseFingerLeft	no-ghidra-function
0x37abc8	_ZN7Walaber13Widget_Canvas16notifyFingerLostEiPNS_10FingerInfoE	Walaber::Widget_Canvas::notifyFingerLost	no-ghidra-function
0x37abcc	_ZN7Walaber13Widget_Canvas5resetEv	Walaber::Widget_Canvas::reset	no-ghidra-function
0x37abd4	_ZN7Walaber22Widget_ClassicControlsC2EiNS_7Vector2ES1_	Widget_ClassicControls::Widget_ClassicControls	no-ghidra-function
0x37ac58	_ZN7Walaber22Widget_ClassicControls4initEv	Walaber::Widget_ClassicControls::init	no-ghidra-function
0x37ac60	_ZN7Walaber22Widget_ClassicControlsD2Ev	Widget_ClassicControls::~Widget_ClassicControls	no-ghidra-function
0x37ac64	_ZN7Walaber22Widget_ClassicControlsD0Ev	Widget_ClassicControls::~Widget_ClassicControls	no-ghidra-function
0x37ac88	_ZN7Walaber22Widget_ClassicControls6updateEfRNS_6Widget15WidgetActionRetE	Walaber::Widget_ClassicControls::update	no-ghidra-function
0x37ade0	_ZN7Walaber22Widget_ClassicControls16getMainFingerPosEv	Walaber::Widget_ClassicControls::getMainFingerPos	no-ghidra-function
0x37ae10	_ZN7Walaber22Widget_ClassicControls19acceptNewFingerDownEiPNS_10FingerInfoE	Walaber::Widget_ClassicControls::acceptNewFingerDown	no-ghidra-function
0x37ae40	_ZN7Walaber22Widget_ClassicControls13_acceptFingerEiPNS_10FingerInfoE	Walaber::Widget_ClassicControls::_acceptFinger	no-ghidra-function
0x37ae70	_ZN7Walaber22Widget_ClassicControls22acceptNewFingerEnteredEiPNS_10FingerInfoE	Walaber::Widget_ClassicControls::acceptNewFingerEntered	no-ghidra-function
0x37aea0	_ZN7Walaber22Widget_ClassicControls19releaseFingerStayedEiPNS_10FingerInfoE	Walaber::Widget_ClassicControls::releaseFingerStayed	no-ghidra-function
0x37aea8	_ZN7Walaber22Widget_ClassicControls18releaseFingerMovedEiPNS_10FingerInfoE	Walaber::Widget_ClassicControls::releaseFingerMoved	no-ghidra-function
0x37aeb0	_ZN7Walaber22Widget_ClassicControls15releaseFingerUpEiPNS_10FingerInfoE	Walaber::Widget_ClassicControls::releaseFingerUp	no-ghidra-function
0x37aee4	_ZN7Walaber22Widget_ClassicControls14_releaseFingerEiPNS_10FingerInfoE	Walaber::Widget_ClassicControls::_releaseFinger	no-ghidra-function
0x37af18	_ZN7Walaber22Widget_ClassicControls17releaseFingerLeftEiPNS_10FingerInfoE	Walaber::Widget_ClassicControls::releaseFingerLeft	no-ghidra-function
0x37af50	_ZN7Walaber22Widget_ClassicControls16notifyFingerLostEiPNS_10FingerInfoE	Walaber::Widget_ClassicControls::notifyFingerLost	no-ghidra-function
0x37af84	_ZN7Walaber22Widget_ClassicControls5resetEv	Walaber::Widget_ClassicControls::reset	no-ghidra-function
0x37b05c	_ZN7Walaber18Widget_ColorPicker4initEv	Walaber::Widget_ColorPicker::init	no-ghidra-function
0x37b080	_ZN7Walaber18Widget_ColorPickerC2EiNS_7Vector2ES1_iif	Widget_ColorPicker::Widget_ColorPicker	no-ghidra-function
0x37b208	_ZN7Walaber18Widget_ColorPicker19_setupColorSwatchesEv	Walaber::Widget_ColorPicker::_setupColorSwatches	no-ghidra-function
0x37b39c	_ZN7Walaber18Widget_ColorPickerC2EiNS_7Vector2ES1_iifiNS_9SharedPtrINS_7TextureEEES4_S4_	Widget_ColorPicker::Widget_ColorPicker	no-ghidra-function
0x37b5d0	_ZN7Walaber18Widget_ColorPickerD2Ev	Widget_ColorPicker::~Widget_ColorPicker	no-ghidra-function
0x37b62c	_ZN7Walaber18Widget_ColorPickerD0Ev	Widget_ColorPicker::~Widget_ColorPicker	no-ghidra-function
0x37b650	_ZN7Walaber18Widget_ColorPicker12setBGTextureENS_9SharedPtrINS_7TextureEEE	Walaber::Widget_ColorPicker::setBGTexture	no-ghidra-function
0x37b728	_ZN7Walaber18Widget_ColorPicker7setIconENS_9SharedPtrINS_7TextureEEENS_7Vector2E	Walaber::Widget_ColorPicker::setIcon	no-ghidra-function
0x37b850	_ZN7Walaber18Widget_ColorPicker6updateEfRNS_6Widget15WidgetActionRetE	Walaber::Widget_ColorPicker::update	no-ghidra-function
0x37b894	_ZN7Walaber18Widget_ColorPicker4drawEPNS_11SpriteBatchE	Walaber::Widget_ColorPicker::draw	no-ghidra-function
0x37be58	_ZN7Walaber18Widget_ColorPicker19acceptNewFingerDownEiPNS_10FingerInfoE	Walaber::Widget_ColorPicker::acceptNewFingerDown	no-ghidra-function
0x37bfc4	_ZN7Walaber18Widget_ColorPicker22acceptNewFingerEnteredEiPNS_10FingerInfoE	Walaber::Widget_ColorPicker::acceptNewFingerEntered	no-ghidra-function
0x37bfcc	_ZN7Walaber18Widget_ColorPicker19releaseFingerStayedEiPNS_10FingerInfoE	Walaber::Widget_ColorPicker::releaseFingerStayed	no-ghidra-function
0x37bfd4	_ZN7Walaber18Widget_ColorPicker18releaseFingerMovedEiPNS_10FingerInfoE	Walaber::Widget_ColorPicker::releaseFingerMoved	no-ghidra-function
0x37bff0	_ZN7Walaber18Widget_ColorPicker15releaseFingerUpEiPNS_10FingerInfoE	Walaber::Widget_ColorPicker::releaseFingerUp	no-ghidra-function
0x37c004	_ZN7Walaber18Widget_ColorPicker17releaseFingerLeftEiPNS_10FingerInfoE	Walaber::Widget_ColorPicker::releaseFingerLeft	no-ghidra-function
0x37c00c	_ZN7Walaber18Widget_ColorPicker16notifyFingerLostEiPNS_10FingerInfoE	Walaber::Widget_ColorPicker::notifyFingerLost	no-ghidra-function
0x37c010	_ZN7Walaber20Widget_FingerCatcherC2EiNS_7Vector2ES1_	Widget_FingerCatcher::Widget_FingerCatcher	no-ghidra-function
0x37c0ac	_ZN7Walaber20Widget_FingerCatcherD2Ev	Widget_FingerCatcher::~Widget_FingerCatcher	no-ghidra-function
0x37c0fc	_ZN7Walaber20Widget_FingerCatcherD0Ev	Widget_FingerCatcher::~Widget_FingerCatcher	no-ghidra-function
0x37c120	_ZN7Walaber20Widget_FingerCatcher4initEv	Walaber::Widget_FingerCatcher::init	no-ghidra-function
0x37c128	_ZN7Walaber20Widget_FingerCatcher6updateEfRNS_6Widget15WidgetActionRetE	Walaber::Widget_FingerCatcher::update	no-ghidra-function
0x37c140	_ZN7Walaber20Widget_FingerCatcher19acceptNewFingerDownEiPNS_10FingerInfoE	Walaber::Widget_FingerCatcher::acceptNewFingerDown	no-ghidra-function
0x37c20c	_ZN7Walaber20Widget_FingerCatcher22acceptNewFingerEnteredEiPNS_10FingerInfoE	Walaber::Widget_FingerCatcher::acceptNewFingerEntered	no-ghidra-function
0x37c234	_ZN7Walaber20Widget_FingerCatcher19releaseFingerStayedEiPNS_10FingerInfoE	Walaber::Widget_FingerCatcher::releaseFingerStayed	no-ghidra-function
0x37c304	_ZN7Walaber20Widget_FingerCatcher18releaseFingerMovedEiPNS_10FingerInfoE	Walaber::Widget_FingerCatcher::releaseFingerMoved	no-ghidra-function
0x37c3d4	_ZN7Walaber20Widget_FingerCatcher15releaseFingerUpEiPNS_10FingerInfoE	Walaber::Widget_FingerCatcher::releaseFingerUp	no-ghidra-function
0x37c4d8	_ZN7Walaber20Widget_FingerCatcher17releaseFingerLeftEiPNS_10FingerInfoE	Walaber::Widget_FingerCatcher::releaseFingerLeft	no-ghidra-function
0x37c4f0	_ZN7Walaber20Widget_FingerCatcher16notifyFingerLostEiPNS_10FingerInfoE	Walaber::Widget_FingerCatcher::notifyFingerLost	no-ghidra-function
0x37c4f4	_ZN7Walaber20Widget_FingerCatcher21getLostFingerPositionEi	Walaber::Widget_FingerCatcher::getLostFingerPosition	no-ghidra-function
0x37c5a4	_ZN7Walaber20Widget_FingerCatcher5resetEv	Walaber::Widget_FingerCatcher::reset	no-ghidra-function
0x37c6ac	_ZNSt6__ndk16__treeINS_12__value_typeIiN7Walaber20Widget_FingerCatcher16CaughtFingerInfoEEENS_19__map_value_compareIiS5_NS_4lessIiEELb1EEENS_9allocatorIS5_EEE25__emplace_unique_key_argsIiJRKNS_21piecewise_construct_tENS_5tupleIJRKiEEENSH_IJEEEEEENS_4pairINS_15__tree_iteratorIS5_PNS_11__tree_nodeIS5_PvEElEEbEERKT_DpOT0_	std::__ndk1::__tree<std::__ndk1::__value_type<int, Walaber::Widget_FingerCatcher::CaughtFingerInfo>, std::__ndk1::__map_value_compare<int, Walaber::Widget_FingerCatcher::CaughtFingerInfo, std::__ndk1::less<int>, bool>>::std::__ndk1::allocator<Walaber::Widget_FingerCatcher::CaughtFingerInfo>	no-ghidra-function
0x37c89c	_ZN7Walaber12Widget_GroupD2Ev	Widget_Group::~Widget_Group	no-ghidra-function
0x37c91c	_ZN7Walaber12Widget_Group6updateEfRNS_6Widget15WidgetActionRetE	Walaber::Widget_Group::update	no-ghidra-function
0x37c924	_ZN7Walaber12Widget_Group4drawEPNS_11SpriteBatchE	Walaber::Widget_Group::draw	no-ghidra-function
0x37cc98	_ZN7Walaber12Widget_Group19applyPositionOffsetERKNS_7Vector2E	Walaber::Widget_Group::applyPositionOffset	no-ghidra-function
0x37cd40	_ZN7Walaber12Widget_Group13setLocalScaleERKNS_7Vector2E	Walaber::Widget_Group::setLocalScale	no-ghidra-function
0x37ce3c	_ZN7Walaber12Widget_Group16applyScaleOffsetERKNS_7Vector2E	Walaber::Widget_Group::applyScaleOffset	no-ghidra-function
0x37cf38	_ZN7Walaber12Widget_Group10setVisibleEb	Walaber::Widget_Group::setVisible	no-ghidra-function
0x37d118	_ZNSt6__ndk16__treeIN7Walaber12Widget_Group10WidgetInfoENS_4lessIS3_EENS_9allocatorIS3_EEE25__emplace_unique_key_argsIS3_JRKS3_EEENS_4pairINS_15__tree_iteratorIS3_PNS_11__tree_nodeIS3_PvEElEEbEERKT_DpOT0_	_ZNSt6__ndk16__treeIN7Walaber12Widget_Group10WidgetInfoENS_4lessIS3_EENS_9allocatorIS3_EEE25__emplace_unique_key_argsIS3_JRKS3_EEENS_4pairINS_15__tree_iteratorIS3_PNS_11__tree_nodeIS3_PvEElEEbEERKT_DpOT0_	no-ghidra-function
0x37d1ec	_ZN7Walaber15Widget_IconListC2EiNS_7Vector2ES1_	Widget_IconList::Widget_IconList	no-ghidra-function
0x37d2bc	_ZN7Walaber15Widget_IconList4initEv	Walaber::Widget_IconList::init	no-ghidra-function
0x37d2e4	_ZN7Walaber15Widget_IconListC2EiNS_7Vector2ES1_iiii	Widget_IconList::Widget_IconList	no-ghidra-function
0x37d410	_ZN7Walaber15Widget_IconListC2EiNS_7Vector2ES1_iiiiNS_9SharedPtrINS_7TextureEEES4_S4_	Widget_IconList::Widget_IconList	no-ghidra-function
0x37d5fc	_ZN7Walaber15Widget_IconListD2Ev	Widget_IconList::~Widget_IconList	no-ghidra-function
0x37d64c	_ZN7Walaber15Widget_IconListD0Ev	Widget_IconList::~Widget_IconList	no-ghidra-function
0x37d6a4	_ZN7Walaber15Widget_IconList4IconC2ENSt6__ndk112basic_stringIcNS2_11char_traitsIcEENS2_9allocatorIcEEEEi	Icon::Icon	no-ghidra-function
0x37d750	_ZN7Walaber15Widget_IconList10clearIconsEv	Walaber::Widget_IconList::clearIcons	no-ghidra-function
0x37d7ac	_ZN7Walaber15Widget_IconList7addIconENS_9SharedPtrINS_7TextureEEEi	Walaber::Widget_IconList::addIcon	no-ghidra-function
0x37db34	_ZN7Walaber15Widget_IconList16setIconListSizesENS_7Vector2Eiiii	Walaber::Widget_IconList::setIconListSizes	no-ghidra-function
0x37dbf0	_ZN7Walaber15Widget_IconList12setBGTextureENS_9SharedPtrINS_7TextureEEE	Walaber::Widget_IconList::setBGTexture	no-ghidra-function
0x37dc38	_ZN7Walaber15Widget_IconList19setScrollBarTextureENS_9SharedPtrINS_7TextureEEE	Walaber::Widget_IconList::setScrollBarTexture	no-ghidra-function
0x37dc80	_ZN7Walaber15Widget_IconList21setIconHilightTextureENS_9SharedPtrINS_7TextureEEE	Walaber::Widget_IconList::setIconHilightTexture	no-ghidra-function
0x37dcc8	_ZN7Walaber15Widget_IconList6updateEfRNS_6Widget15WidgetActionRetE	Walaber::Widget_IconList::update	no-ghidra-function
0x37e988	_ZN7Walaber15Widget_IconList19acceptNewFingerDownEiPNS_10FingerInfoE	Walaber::Widget_IconList::acceptNewFingerDown	no-ghidra-function
0x37ec6c	_ZN7Walaber15Widget_IconList22acceptNewFingerEnteredEiPNS_10FingerInfoE	Walaber::Widget_IconList::acceptNewFingerEntered	no-ghidra-function
0x37ec74	_ZN7Walaber15Widget_IconList19releaseFingerStayedEiPNS_10FingerInfoE	Walaber::Widget_IconList::releaseFingerStayed	no-ghidra-function
0x37ec8c	_ZN7Walaber15Widget_IconList18releaseFingerMovedEiPNS_10FingerInfoE	Walaber::Widget_IconList::releaseFingerMoved	no-ghidra-function
0x37ecac	_ZN7Walaber15Widget_IconList15releaseFingerUpEiPNS_10FingerInfoE	Walaber::Widget_IconList::releaseFingerUp	no-ghidra-function
0x37ecc8	_ZN7Walaber15Widget_IconList17releaseFingerLeftEiPNS_10FingerInfoE	Walaber::Widget_IconList::releaseFingerLeft	no-ghidra-function
0x37ecd8	_ZN7Walaber15Widget_IconList16notifyFingerLostEiPNS_10FingerInfoE	Walaber::Widget_IconList::notifyFingerLost	no-ghidra-function
0x37ece0	_ZN7Walaber15Widget_IconList16selectIconWithIDEi	Walaber::Widget_IconList::selectIconWithID	no-ghidra-function
0x37ed3c	_ZN7Walaber15Widget_IconList5resetEv	Walaber::Widget_IconList::reset	no-ghidra-function
0x37edc4	_ZNSt6__ndk16vectorIN7Walaber15Widget_IconList4IconENS_9allocatorIS3_EEE21__push_back_slow_pathIS3_EEvOT_	std::__ndk1::vector<Walaber::Widget_IconList::Icon, std::__ndk1::allocator<Walaber::Widget_IconList>>::__push_back_slow_path<Walaber::Widget_IconList>	no-ghidra-function
0x37efc4	_ZNSt6__ndk16vectorIN7Walaber15Widget_IconList4IconENS_9allocatorIS3_EEE26__swap_out_circular_bufferERNS_14__split_bufferIS3_RS5_EE	std::__ndk1::vector<Walaber::Widget_IconList::Icon, std::__ndk1::allocator<Walaber::Widget_IconList>>::__swap_out_circular_buffer	no-ghidra-function
0x37f0b0	_ZNSt6__ndk114__split_bufferIN7Walaber15Widget_IconList4IconERNS_9allocatorIS3_EEED2Ev	__split_buffer<Walaber::Widget_IconList::Icon, std::__ndk1::allocator<Walaber::Widget_IconList>&>::~__split_buffer	no-ghidra-function
0x37f120	_ZN7Walaber12Widget_LabelC2EiRKNS_7Vector2ES3_	Widget_Label::Widget_Label	no-ghidra-function
0x37f290	_ZN7Walaber12Widget_Label4initEv	Walaber::Widget_Label::init	no-ghidra-function
0x37f9f4	_ZN7Walaber12Widget_LabelC2EiRKNS_7Vector2ES3_NS_9SharedPtrINS_7TextureEEERKNSt6__ndk112basic_stringIcNS7_11char_traitsIcEENS7_9allocatorIcEEEESF_ffffNS0_6VAlignENS0_6HAlignE	Widget_Label::Widget_Label	no-ghidra-function
0x37fc8c	_ZN7Walaber12Widget_LabelD2Ev	Widget_Label::~Widget_Label	no-ghidra-function
0x37fcd4	_ZN7Walaber12Widget_LabelD0Ev	Widget_Label::~Widget_Label	no-ghidra-function
0x37fd70	_ZN7Walaber12Widget_Label7setTileERKNS_7Vector2E	Walaber::Widget_Label::setTile	no-ghidra-function
0x37fd7c	_ZN7Walaber12Widget_Label10_applyTileEv	Walaber::Widget_Label::_applyTile	no-ghidra-function
0x37fdac	_ZN7Walaber12Widget_Label7setTileERKNS_7Vector2Ef	Walaber::Widget_Label::setTile	no-ghidra-function
0x37fe58	_ZN7Walaber12Widget_Label14getTextureTileEv	Walaber::Widget_Label::getTextureTile	no-ghidra-function
0x37fe64	_ZN7Walaber12Widget_Label13setTileOffsetERKNS_7Vector2E	Walaber::Widget_Label::setTileOffset	no-ghidra-function
0x37ff84	_ZN7Walaber12Widget_Label16setTileAnimationERKNS_7Vector2E	Walaber::Widget_Label::setTileAnimation	no-ghidra-function
0x380064	_ZN7Walaber12Widget_Label7addTextERKNSt6__ndk112basic_stringIcNS1_11char_traitsIcEENS1_9allocatorIcEEEE	Walaber::Widget_Label::addText	no-ghidra-function
0x38010c	_ZN7Walaber12Widget_Label12setBGTextureENS_9SharedPtrINS_7TextureEEE	Walaber::Widget_Label::setBGTexture	no-ghidra-function
0x380158	_ZN7Walaber12Widget_Label6updateEfRNS_6Widget15WidgetActionRetE	Walaber::Widget_Label::update	no-ghidra-function
0x380850	_ZN7Walaber18Widget_ManipulatorD2Ev	Widget_Manipulator::~Widget_Manipulator	no-ghidra-function
0x380888	_ZN7Walaber18Widget_ManipulatorD0Ev	Widget_Manipulator::~Widget_Manipulator	no-ghidra-function
0x380ad4	_ZN7Walaber18Widget_Manipulator22acceptNewFingerEnteredEiPNS_10FingerInfoE	Walaber::Widget_Manipulator::acceptNewFingerEntered	no-ghidra-function
0x380adc	_ZN7Walaber18Widget_Manipulator19releaseFingerStayedEiPNS_10FingerInfoE	Walaber::Widget_Manipulator::releaseFingerStayed	no-ghidra-function
0x380ae4	_ZN7Walaber18Widget_Manipulator18releaseFingerMovedEiPNS_10FingerInfoE	Walaber::Widget_Manipulator::releaseFingerMoved	no-ghidra-function
0x380b10	_ZN7Walaber18Widget_Manipulator15releaseFingerUpEiPNS_10FingerInfoE	Walaber::Widget_Manipulator::releaseFingerUp	no-ghidra-function
0x380b54	_ZN7Walaber18Widget_Manipulator16notifyFingerLostEiPNS_10FingerInfoE	Walaber::Widget_Manipulator::notifyFingerLost	no-ghidra-function
0x380b6c	_ZN7Walaber20Widget_MovingTextBoxC2EiRKNS_7Vector2ES3_	Widget_MovingTextBox::Widget_MovingTextBox	no-ghidra-function
0x380c2c	_ZN7Walaber20Widget_MovingTextBox4initEv	Walaber::Widget_MovingTextBox::init	no-ghidra-function
0x380fd8	_ZN7Walaber20Widget_MovingTextBox10setPaddingEffff	Walaber::Widget_MovingTextBox::setPadding	no-ghidra-function
0x381314	_ZN7Walaber20Widget_MovingTextBox19advanceToNextStringEv	Walaber::Widget_MovingTextBox::advanceToNextString	no-ghidra-function
0x381848	_ZN7Walaber20Widget_MovingTextBox16notifyFingerLostEiPNS_10FingerInfoE	Walaber::Widget_MovingTextBox::notifyFingerLost	no-ghidra-function
0x3818c8	_ZN7Walaber20Widget_MovingTextBox18releaseFingerMovedEiPNS_10FingerInfoE	Walaber::Widget_MovingTextBox::releaseFingerMoved	no-ghidra-function
0x3818d8	_ZN7Walaber20Widget_MovingTextBox19releaseFingerStayedEiPNS_10FingerInfoE	Walaber::Widget_MovingTextBox::releaseFingerStayed	no-ghidra-function
0x381af0	_ZN7Walaber20Widget_NumberSpinner8setRangeEiib	Walaber::Widget_NumberSpinner::setRange	no-ghidra-function
0x381bdc	_ZN7Walaber20Widget_NumberSpinner4initEv	Walaber::Widget_NumberSpinner::init	no-ghidra-function
0x381be0	_ZN7Walaber20Widget_NumberSpinnerD2Ev	Widget_NumberSpinner::~Widget_NumberSpinner	no-ghidra-function
0x381d08	_ZN7Walaber20Widget_NumberSpinner13setNumberRectEiiiiiii	Walaber::Widget_NumberSpinner::setNumberRect	no-ghidra-function
0x381d5c	_ZN7Walaber20Widget_NumberSpinner13setNumberRectEiNS_4RectE	Walaber::Widget_NumberSpinner::setNumberRect	no-ghidra-function
0x381d8c	_ZN7Walaber20Widget_NumberSpinner13setNumberRectEiNS_4RectEf	Walaber::Widget_NumberSpinner::setNumberRect	no-ghidra-function
0x381db4	_ZN7Walaber20Widget_NumberSpinner12setSelectionEi	Walaber::Widget_NumberSpinner::setSelection	no-ghidra-function
0x381df0	_ZN7Walaber20Widget_NumberSpinner6updateEfRNS_6Widget15WidgetActionRetE	Walaber::Widget_NumberSpinner::update	no-ghidra-function
0x381fb4	_ZN7Walaber20Widget_NumberSpinner12_getCellSizeEv	Walaber::Widget_NumberSpinner::_getCellSize	no-ghidra-function
0x382678	_ZN7Walaber20Widget_NumberSpinner19acceptNewFingerDownEiPNS_10FingerInfoE	Walaber::Widget_NumberSpinner::acceptNewFingerDown	no-ghidra-function
0x382698	_ZN7Walaber20Widget_NumberSpinner22acceptNewFingerEnteredEiPNS_10FingerInfoE	Walaber::Widget_NumberSpinner::acceptNewFingerEntered	no-ghidra-function
0x3826b4	_ZN7Walaber20Widget_NumberSpinner19releaseFingerStayedEiPNS_10FingerInfoE	Walaber::Widget_NumberSpinner::releaseFingerStayed	no-ghidra-function
0x3826d8	_ZN7Walaber20Widget_NumberSpinner13_updateFingerEv	Walaber::Widget_NumberSpinner::_updateFinger	no-ghidra-function
0x382764	_ZN7Walaber20Widget_NumberSpinner18releaseFingerMovedEiPNS_10FingerInfoE	Walaber::Widget_NumberSpinner::releaseFingerMoved	no-ghidra-function
0x382788	_ZN7Walaber20Widget_NumberSpinner15releaseFingerUpEiPNS_10FingerInfoE	Walaber::Widget_NumberSpinner::releaseFingerUp	no-ghidra-function
0x3827a0	_ZN7Walaber20Widget_NumberSpinner17releaseFingerLeftEiPNS_10FingerInfoE	Walaber::Widget_NumberSpinner::releaseFingerLeft	no-ghidra-function
0x3827d4	_ZN7Walaber20Widget_NumberSpinner16notifyFingerLostEiPNS_10FingerInfoE	Walaber::Widget_NumberSpinner::notifyFingerLost	no-ghidra-function
0x3827ec	_ZN7Walaber20Widget_NumberSpinner5resetEv	Walaber::Widget_NumberSpinner::reset	no-ghidra-function
0x3827f4	_ZN7Walaber18Widget_ProgressBarC2EiNS_7Vector2ES1_	Widget_ProgressBar::Widget_ProgressBar	no-ghidra-function
0x3828d4	_ZN7Walaber18Widget_ProgressBar4initEv	Walaber::Widget_ProgressBar::init	no-ghidra-function
0x382f78	_ZN7Walaber18Widget_ProgressBar6updateEfRNS_6Widget15WidgetActionRetE	Walaber::Widget_ProgressBar::update	no-ghidra-function
0x382f9c	_ZN7Walaber18Widget_ProgressBar8getValueEv	Walaber::Widget_ProgressBar::getValue	no-ghidra-function
0x3831e4	_ZN7Walaber18Widget_ProgressBar12setBGTextureENS_9SharedPtrINS_7TextureEEE	Walaber::Widget_ProgressBar::setBGTexture	no-ghidra-function
0x38322c	_ZN7Walaber18Widget_ProgressBar14setFillTextureENS_9SharedPtrINS_7TextureEEE	Walaber::Widget_ProgressBar::setFillTexture	no-ghidra-function
0x383430	_ZN7Walaber17Widget_PushButton4initEv	Walaber::Widget_PushButton::init	no-ghidra-function
0x383c60	_ZN7Walaber17Widget_PushButtonD0Ev	Widget_PushButton::~Widget_PushButton	no-ghidra-function
0x383c84	_ZN7Walaber17Widget_PushButton10_applyTileEv	Walaber::Widget_PushButton::_applyTile	no-ghidra-function
0x383ce0	_ZN7Walaber17Widget_PushButton17setTextureFlippedEbb	Walaber::Widget_PushButton::setTextureFlipped	no-ghidra-function
0x3842ac	_ZN7Walaber17Widget_PushButton7setTileENS_7Vector2E	Walaber::Widget_PushButton::setTile	no-ghidra-function
0x3842b8	_ZN7Walaber17Widget_PushButton7setTileENS_7Vector2Ef	Walaber::Widget_PushButton::setTile	no-ghidra-function
0x384364	_ZN7Walaber17Widget_PushButton13setTileOffsetENS_7Vector2E	Walaber::Widget_PushButton::setTileOffset	no-ghidra-function
0x384378	_ZN7Walaber17Widget_PushButton16setTileAnimationENS_7Vector2E	Walaber::Widget_PushButton::setTileAnimation	no-ghidra-function
0x384384	_ZN7Walaber17Widget_PushButton8addLabelEPNS_12Widget_LabelE	Walaber::Widget_PushButton::addLabel	no-ghidra-function
0x384474	_ZN7Walaber17Widget_PushButton16setLocalPositionERKNS_7Vector2E	Walaber::Widget_PushButton::setLocalPosition	no-ghidra-function
0x3844e8	_ZN7Walaber17Widget_PushButton19applyPositionOffsetERKNS_7Vector2E	Walaber::Widget_PushButton::applyPositionOffset	no-ghidra-function
0x384528	_ZN7Walaber17Widget_PushButton13setLocalScaleERKNS_7Vector2E	Walaber::Widget_PushButton::setLocalScale	no-ghidra-function
0x38454c	_ZN7Walaber17Widget_PushButton19acceptNewFingerDownEiPNS_10FingerInfoE	Walaber::Widget_PushButton::acceptNewFingerDown	no-ghidra-function
0x3845a8	_ZN7Walaber17Widget_PushButton22acceptNewFingerEnteredEiPNS_10FingerInfoE	Walaber::Widget_PushButton::acceptNewFingerEntered	no-ghidra-function
0x3845f8	_ZN7Walaber17Widget_PushButton19releaseFingerStayedEiPNS_10FingerInfoE	Walaber::Widget_PushButton::releaseFingerStayed	no-ghidra-function
0x384600	_ZN7Walaber17Widget_PushButton18releaseFingerMovedEiPNS_10FingerInfoE	Walaber::Widget_PushButton::releaseFingerMoved	no-ghidra-function
0x384654	_ZN7Walaber17Widget_PushButton17releaseFingerLeftEiPNS_10FingerInfoE	Walaber::Widget_PushButton::releaseFingerLeft	no-ghidra-function
0x384694	_ZN7Walaber17Widget_PushButton16notifyFingerLostEiPNS_10FingerInfoE	Walaber::Widget_PushButton::notifyFingerLost	no-ghidra-function
0x3846b0	_ZN7Walaber17Widget_PushButton5resetEv	Walaber::Widget_PushButton::reset	no-ghidra-function
0x3846c8	_ZN7Walaber17Widget_PushButton10reloadFontEv	Walaber::Widget_PushButton::reloadFont	no-ghidra-function
0x384814	_ZNSt6__ndk114__split_bufferIPN7Walaber12Widget_LabelERNS_9allocatorIS3_EEEC2EmmS6_	__split_buffer<Walaber::Widget_Label*, std::__ndk1::allocator<Walaber::Widget_Label>&>::__split_buffer	no-ghidra-function
0x385000	_ZN7Walaber19Widget_ScoreCounterD0Ev	Widget_ScoreCounter::~Widget_ScoreCounter	no-ghidra-function
0x385024	_ZN7Walaber19Widget_ScoreCounter12setBGTextureENS_9SharedPtrINS_7TextureEEE	Walaber::Widget_ScoreCounter::setBGTexture	no-ghidra-function
0x38507c	_ZN7Walaber19Widget_ScoreCounter10setPaddingEffff	Walaber::Widget_ScoreCounter::setPadding	no-ghidra-function
0x385af4	_ZN7Walaber19Widget_ScoreCounter15releaseFingerUpEiPNS_10FingerInfoE	Walaber::Widget_ScoreCounter::releaseFingerUp	no-ghidra-function
0x385b4c	_ZN7Walaber19Widget_ScoreCounter17releaseFingerLeftEiPNS_10FingerInfoE	Walaber::Widget_ScoreCounter::releaseFingerLeft	no-ghidra-function
0x385ba8	_ZN7Walaber19Widget_ScoreCounter16notifyFingerLostEiPNS_10FingerInfoE	Walaber::Widget_ScoreCounter::notifyFingerLost	no-ghidra-function
0x385bc0	_ZN7Walaber19Widget_ScoreCounter11setBaseSizeENS_7Vector2E	Walaber::Widget_ScoreCounter::setBaseSize	no-ghidra-function
0x385c1c	_ZN7Walaber19Widget_ScoreCounter5resetEv	Walaber::Widget_ScoreCounter::reset	no-ghidra-function
0x385c28	_ZN7Walaber19Widget_ScoreCounter18releaseFingerMovedEiPNS_10FingerInfoE	Walaber::Widget_ScoreCounter::releaseFingerMoved	no-ghidra-function
0x385c38	_ZN7Walaber19Widget_ScoreCounter19releaseFingerStayedEiPNS_10FingerInfoE	Walaber::Widget_ScoreCounter::releaseFingerStayed	no-ghidra-function
0x385c48	_ZNSt6__ndk113__vector_baseIN7Walaber12TextLineInfoENS_9allocatorIS2_EEED2Ev	__vector_base<Walaber::TextLineInfo, std::__ndk1::allocator<Walaber>>::~__vector_base	no-ghidra-function
0x385cc0	_ZNSt6__ndk16vectorIN7Walaber12TextLineInfoENS_9allocatorIS2_EEE21__push_back_slow_pathIS2_EEvOT_	std::__ndk1::vector<Walaber::TextLineInfo, std::__ndk1::allocator<Walaber>>::__push_back_slow_path<Walaber>	no-ghidra-function
0x385dc0	_ZNSt6__ndk114__split_bufferIN7Walaber12TextLineInfoERNS_9allocatorIS2_EEEC2EmmS5_	__split_buffer<Walaber::TextLineInfo, std::__ndk1::allocator<Walaber>&>::__split_buffer	no-ghidra-function
0x385e70	_ZNSt6__ndk16vectorIN7Walaber12TextLineInfoENS_9allocatorIS2_EEE26__swap_out_circular_bufferERNS_14__split_bufferIS2_RS4_EE	std::__ndk1::vector<Walaber::TextLineInfo, std::__ndk1::allocator<Walaber>>::__swap_out_circular_buffer	no-ghidra-function
0x385f80	_ZN7Walaber23Widget_ScrollableCameraC2EiNS_7Vector2ES1_	Widget_ScrollableCamera::Widget_ScrollableCamera	no-ghidra-function
0x3861c8	_ZN7Walaber23Widget_ScrollableCameraD0Ev	Widget_ScrollableCamera::~Widget_ScrollableCamera	no-ghidra-function
0x3861ec	_ZN7Walaber23Widget_ScrollableCamera10initCameraEPNS_6CameraE	Walaber::Widget_ScrollableCamera::initCamera	no-ghidra-function
0x3867c4	_ZN7Walaber23Widget_ScrollableCamera13_updateSliderEv	Walaber::Widget_ScrollableCamera::_updateSlider	no-ghidra-function
0x3868bc	_ZN7Walaber23Widget_ScrollableCamera4drawEPNS_11SpriteBatchE	Walaber::Widget_ScrollableCamera::draw	no-ghidra-function
0x386924	_ZN7Walaber23Widget_ScrollableCamera8addGroupEPNS_12Widget_GroupEb	Walaber::Widget_ScrollableCamera::addGroup	no-ghidra-function
0x3869c4	_ZN7Walaber23Widget_ScrollableCamera21createFakeSliderIndexEi	Walaber::Widget_ScrollableCamera::createFakeSliderIndex	no-ghidra-function
0x386ca4	_ZN7Walaber23Widget_ScrollableCamera8setIndexEif	Walaber::Widget_ScrollableCamera::setIndex	no-ghidra-function
0x386d38	_ZN7Walaber23Widget_ScrollableCamera15getCurrentIndexEv	Walaber::Widget_ScrollableCamera::getCurrentIndex	no-ghidra-function
0x386d40	_ZN7Walaber23Widget_ScrollableCamera19acceptNewFingerDownEiPNS_10FingerInfoE	Walaber::Widget_ScrollableCamera::acceptNewFingerDown	no-ghidra-function
0x386db8	_ZN7Walaber23Widget_ScrollableCamera13_updateFingerEb	Walaber::Widget_ScrollableCamera::_updateFinger	no-ghidra-function
0x386e2c	_ZN7Walaber23Widget_ScrollableCamera22acceptNewFingerEnteredEiPNS_10FingerInfoE	Walaber::Widget_ScrollableCamera::acceptNewFingerEntered	no-ghidra-function
0x386eb8	_ZN7Walaber23Widget_ScrollableCamera19releaseFingerStayedEiPNS_10FingerInfoE	Walaber::Widget_ScrollableCamera::releaseFingerStayed	no-ghidra-function
0x386efc	_ZN7Walaber23Widget_ScrollableCamera18releaseFingerMovedEiPNS_10FingerInfoE	Walaber::Widget_ScrollableCamera::releaseFingerMoved	no-ghidra-function
0x386f68	_ZN7Walaber23Widget_ScrollableCamera15releaseFingerUpEiPNS_10FingerInfoE	Walaber::Widget_ScrollableCamera::releaseFingerUp	no-ghidra-function
0x38701c	_ZN7Walaber23Widget_ScrollableCamera17releaseFingerLeftEiPNS_10FingerInfoE	Walaber::Widget_ScrollableCamera::releaseFingerLeft	no-ghidra-function
0x3870d4	_ZN7Walaber23Widget_ScrollableCamera16notifyFingerLostEiPNS_10FingerInfoE	Walaber::Widget_ScrollableCamera::notifyFingerLost	no-ghidra-function
0x387188	_ZN7Walaber23Widget_ScrollableCamera25getCurrentIndexPercentageEv	Walaber::Widget_ScrollableCamera::getCurrentIndexPercentage	no-ghidra-function
0x387190	_ZNSt6__ndk16vectorIPN7Walaber12Widget_GroupENS_9allocatorIS3_EEE21__push_back_slow_pathIRKS3_EEvOT_	std::__ndk1::vector<Walaber::Widget_Group*, std::__ndk1::allocator<Walaber::Widget_Group>>::__push_back_slow_path<Walaber::Widget_Group const&>	no-ghidra-function
0x3872b8	_ZNSt6__ndk114__split_bufferIPN7Walaber12Widget_GroupERNS_9allocatorIS3_EEEC2EmmS6_	__split_buffer<Walaber::Widget_Group*, std::__ndk1::allocator<Walaber::Widget_Group>&>::__split_buffer	no-ghidra-function
0x387368	_ZN7Walaber22Widget_ScrollableGroupC2EiNS_7Vector2ES1_	Widget_ScrollableGroup::Widget_ScrollableGroup	no-ghidra-function
0x387430	_ZN7Walaber22Widget_ScrollableGroup4initEv	Walaber::Widget_ScrollableGroup::init	no-ghidra-function
0x3874c4	_ZN7Walaber22Widget_ScrollableGroupD2Ev	Widget_ScrollableGroup::~Widget_ScrollableGroup	no-ghidra-function
0x387508	_ZN7Walaber22Widget_ScrollableGroupD0Ev	Widget_ScrollableGroup::~Widget_ScrollableGroup	no-ghidra-function
0x38752c	_ZN7Walaber22Widget_ScrollableGroup8setGroupEPNS_12Widget_GroupE	Walaber::Widget_ScrollableGroup::setGroup	no-ghidra-function
0x387658	_ZN7Walaber22Widget_ScrollableGroup16setDirectionMaskENS_7Vector2E	Walaber::Widget_ScrollableGroup::setDirectionMask	no-ghidra-function
0x387664	_ZN7Walaber22Widget_ScrollableGroup6snapToEi	Walaber::Widget_ScrollableGroup::snapTo	no-ghidra-function
0x3876c0	_ZN7Walaber22Widget_ScrollableGroup23_widgetPositionToOffsetEi	Walaber::Widget_ScrollableGroup::_widgetPositionToOffset	no-ghidra-function
0x387750	_ZN7Walaber22Widget_ScrollableGroup6snapToENS_7Vector2E	Walaber::Widget_ScrollableGroup::snapTo	no-ghidra-function
0x3877ac	_ZN7Walaber22Widget_ScrollableGroup25_relativePositionToOffsetERKNS_7Vector2E	Walaber::Widget_ScrollableGroup::_relativePositionToOffset	no-ghidra-function
0x3878c0	_ZN7Walaber22Widget_ScrollableGroup12_dollyFromToERKNS_7Vector2ES3_f	Walaber::Widget_ScrollableGroup::_dollyFromTo	no-ghidra-function
0x387934	_ZN7Walaber22Widget_ScrollableGroup11dollyFromToEiif	Walaber::Widget_ScrollableGroup::dollyFromTo	no-ghidra-function
0x3879bc	_ZN7Walaber22Widget_ScrollableGroup7dollyToENS_7Vector2Ef	Walaber::Widget_ScrollableGroup::dollyTo	no-ghidra-function
0x387c8c	_ZN7Walaber22Widget_ScrollableGroup4drawEPNS_11SpriteBatchE	Walaber::Widget_ScrollableGroup::draw	no-ghidra-function
0x387c90	_ZN7Walaber22Widget_ScrollableGroup19acceptNewFingerDownEiPNS_10FingerInfoE	Walaber::Widget_ScrollableGroup::acceptNewFingerDown	no-ghidra-function
0x387cc4	_ZN7Walaber22Widget_ScrollableGroup13_updateFingerEb	Walaber::Widget_ScrollableGroup::_updateFinger	no-ghidra-function
0x387e00	_ZN7Walaber22Widget_ScrollableGroup22acceptNewFingerEnteredEiPNS_10FingerInfoE	Walaber::Widget_ScrollableGroup::acceptNewFingerEntered	no-ghidra-function
0x387e48	_ZN7Walaber22Widget_ScrollableGroup19releaseFingerStayedEiPNS_10FingerInfoE	Walaber::Widget_ScrollableGroup::releaseFingerStayed	no-ghidra-function
0x387e68	_ZN7Walaber22Widget_ScrollableGroup18releaseFingerMovedEiPNS_10FingerInfoE	Walaber::Widget_ScrollableGroup::releaseFingerMoved	no-ghidra-function
0x387e88	_ZN7Walaber22Widget_ScrollableGroup15releaseFingerUpEiPNS_10FingerInfoE	Walaber::Widget_ScrollableGroup::releaseFingerUp	no-ghidra-function
0x387e9c	_ZN7Walaber22Widget_ScrollableGroup17releaseFingerLeftEiPNS_10FingerInfoE	Walaber::Widget_ScrollableGroup::releaseFingerLeft	no-ghidra-function
0x387eb8	_ZN7Walaber22Widget_ScrollableGroup16notifyFingerLostEiPNS_10FingerInfoE	Walaber::Widget_ScrollableGroup::notifyFingerLost	no-ghidra-function
0x387ecc	_ZN7Walaber22Widget_ScrollableGroup14_clampInBoundsERKNS_7Vector2E	Walaber::Widget_ScrollableGroup::_clampInBounds	no-ghidra-function
0x387f08	_ZN7Walaber20Widget_ScrollableSetC2EiNS_7Vector2ES1_	Widget_ScrollableSet::Widget_ScrollableSet	no-ghidra-function
0x388044	_ZN7Walaber20Widget_ScrollableSet4initEv	Walaber::Widget_ScrollableSet::init	no-ghidra-function
0x38808c	_ZN7Walaber20Widget_ScrollableSetD2Ev	Widget_ScrollableSet::~Widget_ScrollableSet	no-ghidra-function
0x3880dc	_ZN7Walaber20Widget_ScrollableSetD0Ev	Widget_ScrollableSet::~Widget_ScrollableSet	no-ghidra-function
0x3884f4	_ZN7Walaber20Widget_ScrollableSet13_updateSliderEv	Walaber::Widget_ScrollableSet::_updateSlider	no-ghidra-function
0x38854c	_ZN7Walaber20Widget_ScrollableSet4drawEPNS_11SpriteBatchE	Walaber::Widget_ScrollableSet::draw	no-ghidra-function
0x388550	_ZN7Walaber20Widget_ScrollableSet8addGroupEPNS_12Widget_GroupE	Walaber::Widget_ScrollableSet::addGroup	no-ghidra-function
0x38868c	_ZN7Walaber20Widget_ScrollableSet8setIndexEi	Walaber::Widget_ScrollableSet::setIndex	no-ghidra-function
0x3886c0	_ZN7Walaber20Widget_ScrollableSet15getCurrentIndexEv	Walaber::Widget_ScrollableSet::getCurrentIndex	no-ghidra-function
0x3886c8	_ZN7Walaber20Widget_ScrollableSet13setCameraModeEb	Walaber::Widget_ScrollableSet::setCameraMode	no-ghidra-function
0x3886d4	_ZN7Walaber20Widget_ScrollableSet13getCameraModeEv	Walaber::Widget_ScrollableSet::getCameraMode	no-ghidra-function
0x3886dc	_ZN7Walaber20Widget_ScrollableSet9setCameraEPNS_6CameraE	Walaber::Widget_ScrollableSet::setCamera	no-ghidra-function
0x3886e4	_ZN7Walaber20Widget_ScrollableSet7dollyToEif	Walaber::Widget_ScrollableSet::dollyTo	no-ghidra-function
0x388714	_ZN7Walaber20Widget_ScrollableSet11dollyFromToEiif	Walaber::Widget_ScrollableSet::dollyFromTo	no-ghidra-function
0x3887a0	_ZN7Walaber20Widget_ScrollableSet18setDistanceBetweenEf	Walaber::Widget_ScrollableSet::setDistanceBetween	no-ghidra-function
0x3887a8	_ZN7Walaber20Widget_ScrollableSet10linkSliderEPNS_13Widget_SliderE	Walaber::Widget_ScrollableSet::linkSlider	no-ghidra-function
0x3887ec	_ZN7Walaber20Widget_ScrollableSet11sliderMovedEPNS_13Widget_SliderE	Walaber::Widget_ScrollableSet::sliderMoved	no-ghidra-function
0x388878	_ZN7Walaber20Widget_ScrollableSet19acceptNewFingerDownEiPNS_10FingerInfoE	Walaber::Widget_ScrollableSet::acceptNewFingerDown	no-ghidra-function
0x3888c0	_ZN7Walaber20Widget_ScrollableSet13_updateFingerEb	Walaber::Widget_ScrollableSet::_updateFinger	no-ghidra-function
0x38896c	_ZN7Walaber20Widget_ScrollableSet22acceptNewFingerEnteredEiPNS_10FingerInfoE	Walaber::Widget_ScrollableSet::acceptNewFingerEntered	no-ghidra-function
0x3889bc	_ZN7Walaber20Widget_ScrollableSet19releaseFingerStayedEiPNS_10FingerInfoE	Walaber::Widget_ScrollableSet::releaseFingerStayed	no-ghidra-function
0x3889dc	_ZN7Walaber20Widget_ScrollableSet18releaseFingerMovedEiPNS_10FingerInfoE	Walaber::Widget_ScrollableSet::releaseFingerMoved	no-ghidra-function
0x3889fc	_ZN7Walaber20Widget_ScrollableSet15releaseFingerUpEiPNS_10FingerInfoE	Walaber::Widget_ScrollableSet::releaseFingerUp	no-ghidra-function
0x388a10	_ZN7Walaber20Widget_ScrollableSet17releaseFingerLeftEiPNS_10FingerInfoE	Walaber::Widget_ScrollableSet::releaseFingerLeft	no-ghidra-function
0x388a2c	_ZN7Walaber20Widget_ScrollableSet16notifyFingerLostEiPNS_10FingerInfoE	Walaber::Widget_ScrollableSet::notifyFingerLost	no-ghidra-function
0x388a40	_ZN7Walaber13Widget_SliderC2EiNS_7Vector2ES1_	Widget_Slider::Widget_Slider	no-ghidra-function
0x388afc	_ZN7Walaber13Widget_Slider4initEv	Walaber::Widget_Slider::init	no-ghidra-function
0x388b68	_ZN7Walaber13Widget_SliderC2EiNS_7Vector2ES1_NS_9SharedPtrINS_7TextureEEES4_S1_fff	Widget_Slider::Widget_Slider	no-ghidra-function
0x388cc0	_ZN7Walaber13Widget_SliderD2Ev	Widget_Slider::~Widget_Slider	no-ghidra-function
0x388d10	_ZN7Walaber13Widget_SliderD0Ev	Widget_Slider::~Widget_Slider	no-ghidra-function
0x388d34	_ZN7Walaber13Widget_Slider13setHandleSizeENS_7Vector2E	Walaber::Widget_Slider::setHandleSize	no-ghidra-function
0x388db4	_ZN7Walaber13Widget_Slider11setStepSizeENS_7Vector2E	Walaber::Widget_Slider::setStepSize	no-ghidra-function
0x388dc0	_ZN7Walaber13Widget_Slider11setBaseSizeENS_7Vector2E	Walaber::Widget_Slider::setBaseSize	no-ghidra-function
0x388e38	_ZN7Walaber13Widget_Slider6updateEfRNS_6Widget15WidgetActionRetE	Walaber::Widget_Slider::update	no-ghidra-function
0x3894d8	_ZN7Walaber13Widget_Slider13linkScrollSetEPNS_20Widget_ScrollableSetE	Walaber::Widget_Slider::linkScrollSet	no-ghidra-function
0x3894e0	_ZN7Walaber13Widget_Slider8setValueEf	Walaber::Widget_Slider::setValue	no-ghidra-function
0x389684	_ZN7Walaber13Widget_Slider9_setValueEv	Walaber::Widget_Slider::_setValue	no-ghidra-function
0x3897d8	_ZN7Walaber13Widget_Slider22acceptNewFingerEnteredEiPNS_10FingerInfoE	Walaber::Widget_Slider::acceptNewFingerEntered	no-ghidra-function
0x3897e0	_ZN7Walaber13Widget_Slider19releaseFingerStayedEiPNS_10FingerInfoE	Walaber::Widget_Slider::releaseFingerStayed	no-ghidra-function
0x389800	_ZN7Walaber13Widget_Slider18releaseFingerMovedEiPNS_10FingerInfoE	Walaber::Widget_Slider::releaseFingerMoved	no-ghidra-function
0x389820	_ZN7Walaber13Widget_Slider15releaseFingerUpEiPNS_10FingerInfoE	Walaber::Widget_Slider::releaseFingerUp	no-ghidra-function
0x389830	_ZN7Walaber13Widget_Slider17releaseFingerLeftEiPNS_10FingerInfoE	Walaber::Widget_Slider::releaseFingerLeft	no-ghidra-function
0x389858	_ZN7Walaber13Widget_Slider16notifyFingerLostEiPNS_10FingerInfoE	Walaber::Widget_Slider::notifyFingerLost	no-ghidra-function
0x389868	_ZN7Walaber13Widget_Slider5resetEv	Walaber::Widget_Slider::reset	no-ghidra-function
0x389870	_ZN7Walaber17Widget_SlideWheelC2EiNS_7Vector2ES1_	Widget_SlideWheel::Widget_SlideWheel	no-ghidra-function
0x389900	_ZN7Walaber17Widget_SlideWheel4initEv	Walaber::Widget_SlideWheel::init	no-ghidra-function
0x3899bc	_ZN7Walaber17Widget_SlideWheelD2Ev	Widget_SlideWheel::~Widget_SlideWheel	no-ghidra-function
0x389a54	_ZN7Walaber17Widget_SlideWheelD0Ev	Widget_SlideWheel::~Widget_SlideWheel	no-ghidra-function
0x389a78	_ZN7Walaber17Widget_SlideWheel10setPaddingEffff	Walaber::Widget_SlideWheel::setPadding	no-ghidra-function
0x389aa8	_ZN7Walaber17Widget_SlideWheel6updateEfRNS_6Widget15WidgetActionRetE	Walaber::Widget_SlideWheel::update	no-ghidra-function
0x389b10	_ZN7Walaber17Widget_SlideWheel4drawEPNS_11SpriteBatchE	Walaber::Widget_SlideWheel::draw	no-ghidra-function
0x389e5c	_ZN7Walaber17Widget_SlideWheel19acceptNewFingerDownEiPNS_10FingerInfoE	Walaber::Widget_SlideWheel::acceptNewFingerDown	no-ghidra-function
0x389e7c	_ZN7Walaber17Widget_SlideWheel22acceptNewFingerEnteredEiPNS_10FingerInfoE	Walaber::Widget_SlideWheel::acceptNewFingerEntered	no-ghidra-function
0x389e98	_ZN7Walaber17Widget_SlideWheel19releaseFingerStayedEiPNS_10FingerInfoE	Walaber::Widget_SlideWheel::releaseFingerStayed	no-ghidra-function
0x389ebc	_ZN7Walaber17Widget_SlideWheel13_updateFingerEv	Walaber::Widget_SlideWheel::_updateFinger	no-ghidra-function
0x389f6c	_ZN7Walaber17Widget_SlideWheel15releaseFingerUpEiPNS_10FingerInfoE	Walaber::Widget_SlideWheel::releaseFingerUp	no-ghidra-function
0x389f84	_ZN7Walaber17Widget_SlideWheel17releaseFingerLeftEiPNS_10FingerInfoE	Walaber::Widget_SlideWheel::releaseFingerLeft	no-ghidra-function
0x389fb8	_ZN7Walaber17Widget_SlideWheel16notifyFingerLostEiPNS_10FingerInfoE	Walaber::Widget_SlideWheel::notifyFingerLost	no-ghidra-function
0x389fd0	_ZN7Walaber17Widget_SlideWheel5resetEv	Walaber::Widget_SlideWheel::reset	no-ghidra-function
0x389fd8	_ZN7Walaber14Widget_SpinnerC2EiNS_7Vector2ES1_	Widget_Spinner::Widget_Spinner	no-ghidra-function
0x38a088	_ZN7Walaber14Widget_Spinner4initEv	Walaber::Widget_Spinner::init	no-ghidra-function
0x38a0a8	_ZN7Walaber14Widget_SpinnerC2EiNS_7Vector2ES1_NS_9SharedPtrINS_7TextureEEE	Widget_Spinner::Widget_Spinner	no-ghidra-function
0x38a1ac	_ZN7Walaber14Widget_SpinnerD2Ev	Widget_Spinner::~Widget_Spinner	no-ghidra-function
0x38a1e4	_ZN7Walaber14Widget_SpinnerD0Ev	Widget_Spinner::~Widget_Spinner	no-ghidra-function
0x38a224	_ZN7Walaber14Widget_Spinner10setTextureENS_9SharedPtrINS_7TextureEEE	Walaber::Widget_Spinner::setTexture	no-ghidra-function
0x38a270	_ZN7Walaber14Widget_Spinner6updateEfRNS_6Widget15WidgetActionRetE	Walaber::Widget_Spinner::update	no-ghidra-function
0x38a5f4	_ZN7Walaber14Widget_Spinner19releaseFingerStayedEiPNS_10FingerInfoE	Walaber::Widget_Spinner::releaseFingerStayed	no-ghidra-function
0x38a78c	_ZN7Walaber14Widget_Spinner18releaseFingerMovedEiPNS_10FingerInfoE	Walaber::Widget_Spinner::releaseFingerMoved	no-ghidra-function
0x38a7b0	_ZN7Walaber14Widget_Spinner15releaseFingerUpEiPNS_10FingerInfoE	Walaber::Widget_Spinner::releaseFingerUp	no-ghidra-function
0x38a7c8	_ZN7Walaber14Widget_Spinner17releaseFingerLeftEiPNS_10FingerInfoE	Walaber::Widget_Spinner::releaseFingerLeft	no-ghidra-function
0x38a7fc	_ZN7Walaber14Widget_Spinner16notifyFingerLostEiPNS_10FingerInfoE	Walaber::Widget_Spinner::notifyFingerLost	no-ghidra-function
0x38a814	_ZN7Walaber14Widget_Spinner5resetEv	Walaber::Widget_Spinner::reset	no-ghidra-function
0x38a8d4	_ZN7Walaber18Widget_TimedButton4initEv	Walaber::Widget_TimedButton::init	no-ghidra-function
0x38aa4c	_ZN7Walaber18Widget_TimedButtonD2Ev	Widget_TimedButton::~Widget_TimedButton	no-ghidra-function
0x38aa8c	_ZN7Walaber18Widget_TimedButtonD0Ev	Widget_TimedButton::~Widget_TimedButton	no-ghidra-function
0x38aab0	_ZN7Walaber18Widget_TimedButton16setActiveTextureENS_9SharedPtrINS_7TextureEEE	Walaber::Widget_TimedButton::setActiveTexture	no-ghidra-function
0x38aafc	_ZN7Walaber18Widget_TimedButton18setInactiveTextureENS_9SharedPtrINS_7TextureEEE	Walaber::Widget_TimedButton::setInactiveTexture	no-ghidra-function
0x38ab48	_ZN7Walaber18Widget_TimedButton16setTimeRemainingEf	Walaber::Widget_TimedButton::setTimeRemaining	no-ghidra-function
0x38ab84	_ZN7Walaber18Widget_TimedButton6updateEfRNS_6Widget15WidgetActionRetE	Walaber::Widget_TimedButton::update	no-ghidra-function
0x38af40	_ZN7Walaber18Widget_TimedButton19acceptNewFingerDownEiPNS_10FingerInfoE	Walaber::Widget_TimedButton::acceptNewFingerDown	no-ghidra-function
0x38af7c	_ZN7Walaber18Widget_TimedButton10setEnabledEb	Walaber::Widget_TimedButton::setEnabled	no-ghidra-function
0x38af90	_ZN7Walaber18Widget_TimedButton5resetEv	Walaber::Widget_TimedButton::reset	no-ghidra-function
0x38c05c	_ZN7Walaber13Widget_Toggle4initEv	Walaber::Widget_Toggle::init	no-ghidra-function
0x38c268	_ZN7Walaber13Widget_ToggleD2Ev	Widget_Toggle::~Widget_Toggle	no-ghidra-function
0x38c2d0	_ZN7Walaber13Widget_ToggleD0Ev	Widget_Toggle::~Widget_Toggle	no-ghidra-function
0x38c33c	_ZN7Walaber13Widget_Toggle13setTextureOffENS_9SharedPtrINS_7TextureEEE	Walaber::Widget_Toggle::setTextureOff	no-ghidra-function
0x38cc6c	_ZN7Walaber13Widget_Toggle22acceptNewFingerEnteredEiPNS_10FingerInfoE	Walaber::Widget_Toggle::acceptNewFingerEntered	no-ghidra-function
0x38cc74	_ZN7Walaber13Widget_Toggle19releaseFingerStayedEiPNS_10FingerInfoE	Walaber::Widget_Toggle::releaseFingerStayed	no-ghidra-function
0x38cc7c	_ZN7Walaber13Widget_Toggle18releaseFingerMovedEiPNS_10FingerInfoE	Walaber::Widget_Toggle::releaseFingerMoved	no-ghidra-function
0x38cc84	_ZN7Walaber13Widget_Toggle15releaseFingerUpEiPNS_10FingerInfoE	Walaber::Widget_Toggle::releaseFingerUp	no-ghidra-function
0x38cc88	_ZN7Walaber13Widget_Toggle17releaseFingerLeftEiPNS_10FingerInfoE	Walaber::Widget_Toggle::releaseFingerLeft	no-ghidra-function
0x38cc90	_ZN7Walaber13Widget_Toggle16notifyFingerLostEiPNS_10FingerInfoE	Walaber::Widget_Toggle::notifyFingerLost	no-ghidra-function
0x38d90c	_ZN7Walaber16FluidParticleSet13initParticlesEj	Walaber::FluidParticleSet::initParticles	no-ghidra-function
0x3903d0	_ZNSt6__ndk114__split_bufferIN7Walaber13FluidParticleERNS_9allocatorIS2_EEE18__construct_at_endEmRKS2_	std::__ndk1::__split_buffer<Walaber::FluidParticle, std::__ndk1::allocator<Walaber>&>::__construct_at_end	no-ghidra-function
0x39059c	_ZN7Walaber12BaseParticleC2ERKS0_	BaseParticle::BaseParticle	no-ghidra-function
0x39070c	_ZN7Walaber11ParticleSetC2Ej	ParticleSet::ParticleSet	no-ghidra-function
0x3907f0	_ZN7Walaber15ParticleEmitterD2Ev	ParticleEmitter::~ParticleEmitter	no-ghidra-function
0x3908e4	_ZN7Walaber15ParticleEmitterD0Ev	ParticleEmitter::~ParticleEmitter	no-ghidra-function
0x39285c	_ZN7Walaber9SharedPtrINS_14MemberCallbackINS_15ParticleEmitterEEEED2Ev	SharedPtr<Walaber::MemberCallback<Walaber::ParticleEmitter>>::~SharedPtr	no-ghidra-function
0x3936d4	_ZNSt6__ndk16vectorIN7Walaber8ParticleENS_9allocatorIS2_EEEC2Em	vector<Walaber::Particle, std::__ndk1::allocator<Walaber>>::vector	no-ghidra-function
0x393730	_ZNSt6__ndk16vectorIN7Walaber8ParticleENS_9allocatorIS2_EEE11__vallocateEm	std::__ndk1::vector<Walaber::Particle, std::__ndk1::allocator<Walaber>>::__vallocate	no-ghidra-function
0x3939cc	_ZN7Walaber14MemberCallbackINS_15ParticleEmitterEED0Ev	MemberCallback<Walaber::ParticleEmitter>::~MemberCallback	no-ghidra-function
0x394e34	_ZN7Walaber16VerletIntegratorC2Ev	VerletIntegrator::VerletIntegrator	no-ghidra-function
0x394e44	_ZN7Walaber16VerletIntegratorC2ERKS0_	VerletIntegrator::VerletIntegrator	no-ghidra-function
0x394e50	_ZN7Walaber16VerletIntegratoraSERKS0_	_ZN7Walaber16VerletIntegratoraSERKS0_	no-ghidra-function
0x394e5c	_ZN7Walaber16VerletIntegratorD2Ev	VerletIntegrator::~VerletIntegrator	no-ghidra-function
0x395084	_ZN7Walaber21ProgrammaticTexture2D7setDataENS_9SharedPtrINSt6__ndk16vectorINS_5ColorENS2_9allocatorIS4_EEEEEE	Walaber::ProgrammaticTexture2D::setData	no-ghidra-function
0x395250	_ZN7Walaber21ProgrammaticTexture2D7setDataENS_9SharedPtrINSt6__ndk16vectorINS_5ColorENS2_9allocatorIS4_EEEEEEiiiiiii	Walaber::ProgrammaticTexture2D::setData	no-ghidra-function
0x3953e8	_ZN7Walaber9SharedPtrINSt6__ndk16vectorINS_5ColorENS1_9allocatorIS3_EEEEED2Ev	SharedPtr<std::__ndk1::vector<Walaber::Color, Walaber::SharedPtr::allocator<std::__ndk1::vector>>>::~SharedPtr	no-ghidra-function
0x3959b8	_ZN7Walaber21ProgrammaticTexture2DD2Ev	ProgrammaticTexture2D::~ProgrammaticTexture2D	no-ghidra-function
0x395a2c	_ZN7Walaber21ProgrammaticTexture2DD0Ev	ProgrammaticTexture2D::~ProgrammaticTexture2D	no-ghidra-function
0x395a50	_ZN7Walaber7Texture11writeToFileENSt6__ndk112basic_stringIcNS1_11char_traitsIcEENS1_9allocatorIcEEEE	Walaber::Texture::writeToFile	no-ghidra-function
0x395a54	_ZN7Walaber21ProgrammaticTexture2D10invalidateEv	Walaber::ProgrammaticTexture2D::invalidate	no-ghidra-function
0x395a60	_ZN7Walaber21ProgrammaticTexture2D10clearGlMemEv	Walaber::ProgrammaticTexture2D::clearGlMem	no-ghidra-function
0x395a7c	_ZN7Walaber7Texture8_getDataENS_9SharedPtrINS_8CallbackEEE	Walaber::Texture::_getData	no-ghidra-function
0x395b40	_ZN7Walaber7TextureC2ERKNSt6__ndk112basic_stringIcNS1_11char_traitsIcEENS1_9allocatorIcEEEENS_11TextureTypeE	Texture::Texture	no-ghidra-function
0x395be8	_ZN7Walaber15TextureSettingsC2Ej	TextureSettings::TextureSettings	no-ghidra-function
0x395cc8	_ZN7Walaber7TextureD0Ev	Texture::~Texture	no-ghidra-function
0x395cec	_ZN7Walaber7Texture7setDataENS_9SharedPtrINSt6__ndk16vectorINS_5ColorENS2_9allocatorIS4_EEEEEE	Walaber::Texture::setData	no-ghidra-function
0x395cf0	_ZN7Walaber7Texture7setDataENS_9SharedPtrINSt6__ndk16vectorINS_5ColorENS2_9allocatorIS4_EEEEEEiiiiiii	Walaber::Texture::setData	no-ghidra-function
0x395cf4	_ZN7Walaber7Texture6reloadENS_9SharedPtrINS_8CallbackEEENS_11FileManager14PlatformPolicyE	Walaber::Texture::reload	no-ghidra-function
0x395cf8	_ZN7Walaber7Texture10invalidateEv	Walaber::Texture::invalidate	no-ghidra-function
0x395d04	_ZN7Walaber7Texture10clearGlMemEv	Walaber::Texture::clearGlMem	no-ghidra-function
0x395d08	_ZN7Walaber7Texture14_applySettingsEv	Walaber::Texture::_applySettings	no-ghidra-function
0x395d0c	_ZNSt6__ndk16vectorIN7Walaber5ColorENS_9allocatorIS2_EEEC2Em	vector<Walaber::Color, std::__ndk1::allocator<Walaber>>::vector	no-ghidra-function
0x395d80	_ZNSt6__ndk16vectorIN7Walaber5ColorENS_9allocatorIS2_EEE11__vallocateEm	std::__ndk1::vector<Walaber::Color, std::__ndk1::allocator<Walaber>>::__vallocate	no-ghidra-function
0x395dc4	_ZNKSt6__ndk120__vector_base_commonILb1EE20__throw_out_of_rangeEv	const std::__ndk1::__vector_base_common<bool>	no-ghidra-function
0x395e24	_ZN7Walaber7loadPVREPhjRiS1_RjS2_	Walaber::loadPVR	no-ghidra-function
0x395e2c	_ZN7Walaber15RenderTexture2D12initWithSizeEjjNS_25TextureInMemoryColorspaceE	Walaber::RenderTexture2D::initWithSize	no-ghidra-function
0x396098	_ZN7Walaber15RenderTexture2D17initWithPixelDataEjjNS_25TextureInMemoryColorspaceEPh	Walaber::RenderTexture2D::initWithPixelData	no-ghidra-function
0x396504	_ZN7Walaber15TextureSettings8debugLogEv	Walaber::TextureSettings::debugLog	no-ghidra-function
0x396580	_ZN7Walaber21createRenderTexture2DEjjNS_25TextureInMemoryColorspaceE	Walaber::createRenderTexture2D	no-ghidra-function
0x396600	_ZN7Walaber15RenderTexture2DC2EjjNS_25TextureInMemoryColorspaceE	RenderTexture2D::RenderTexture2D	no-ghidra-function
0x396714	_ZN7Walaber21createRenderTexture2DEjjNS_15TextureSettingsENS_25TextureInMemoryColorspaceE	Walaber::createRenderTexture2D	no-ghidra-function
0x396a24	_ZN7Walaber21createRenderTexture2DEjjNS_25TextureInMemoryColorspaceEPh	Walaber::createRenderTexture2D	no-ghidra-function
0x396c60	_ZN7Walaber15RenderTexture2DD2Ev	RenderTexture2D::~RenderTexture2D	no-ghidra-function
0x396d00	_ZN7Walaber15RenderTexture2DD0Ev	RenderTexture2D::~RenderTexture2D	no-ghidra-function
0x396d24	_ZN7Walaber15RenderTexture2D10invalidateEv	Walaber::RenderTexture2D::invalidate	no-ghidra-function
0x396d84	_ZN7Walaber7TextureC2ERKNSt6__ndk112basic_stringIcNS1_11char_traitsIcEENS1_9allocatorIcEEEENS_15TextureSettingsENS_11TextureTypeE	Texture::Texture	no-ghidra-function
0x396e80	_ZN7Walaber10Subtexture12reloadParentENS_9SharedPtrINS_8CallbackEEE	Walaber::Subtexture::reloadParent	no-ghidra-function
0x396f40	_ZN7Walaber16createSubtextureENSt6__ndk112basic_stringIcNS0_11char_traitsIcEENS0_9allocatorIcEEEENS_9SharedPtrINS_7TextureEEERKNS_11TextureDataE	Walaber::createSubtexture	no-ghidra-function
0x39705c	_ZN7Walaber10SubtextureC2ENSt6__ndk112basic_stringIcNS1_11char_traitsIcEENS1_9allocatorIcEEEENS_9SharedPtrINS_7TextureEEERKNS_11TextureDataE	Subtexture::Subtexture	no-ghidra-function
0x397138	_ZN7Walaber10SubtextureD2Ev	Subtexture::~Subtexture	no-ghidra-function
0x397180	_ZN7Walaber10SubtextureD0Ev	Subtexture::~Subtexture	no-ghidra-function
0x3971a4	_ZN7Walaber10Subtexture7setDataENS_9SharedPtrINSt6__ndk16vectorINS_5ColorENS2_9allocatorIS4_EEEEEE	Walaber::Subtexture::setData	no-ghidra-function
0x3971a8	_ZN7Walaber10Subtexture11writeToFileENSt6__ndk112basic_stringIcNS1_11char_traitsIcEENS1_9allocatorIcEEEE	Walaber::Subtexture::writeToFile	no-ghidra-function
0x3971ac	_ZN7Walaber28processImageBufferAndMakePOTERNS_13TextureBufferENS_25TextureInMemoryColorspaceENS_25ProcessImageBufferOptionsENS_19ProcessImageOptionsENS_17ProcessImageAlphaEfNS_5ColorEffffff	Walaber::processImageBufferAndMakePOT	no-ghidra-function
0x3979f4	_ZN7Walaber30textureInMemoryColorspaceToStrENS_25TextureInMemoryColorspaceE	Walaber::textureInMemoryColorspaceToStr	no-ghidra-function
0x397aac	_ZN7Walaber38textureInMemoryColorspaceBytesPerPixelENS_25TextureInMemoryColorspaceE	Walaber::textureInMemoryColorspaceBytesPerPixel	no-ghidra-function
0x398ccc	_ZN7Walaber9SharedPtrINS_14MemberCallbackINS_9Texture2DEEEED2Ev	SharedPtr<Walaber::MemberCallback<Walaber::Texture2D>>::~SharedPtr	no-ghidra-function
0x39962c	_ZN7Walaber9Texture2DC2ERKNSt6__ndk112basic_stringIcNS1_11char_traitsIcEENS1_9allocatorIcEEEENS_15TextureSettingsE	Texture2D::Texture2D	no-ghidra-function
0x3999cc	_ZN7Walaber14MemberCallbackINS_9Texture2DEED0Ev	MemberCallback<Walaber::Texture2D>::~MemberCallback	no-ghidra-function
0x3999d0	_ZN7Walaber14MemberCallbackINS_9Texture2DEE6invokeEPv	Walaber::MemberCallback<Walaber::Texture2D>::invoke	no-ghidra-function
0x399d4c	_ZN7Walaber14TextureManager18reloadTextureAtlasERKNSt6__ndk112basic_stringIcNS1_11char_traitsIcEENS1_9allocatorIcEEEENS_9SharedPtrINS_8CallbackEEE	Walaber::TextureManager::reloadTextureAtlas	no-ghidra-function
0x399e28	_ZN7Walaber14TextureManager18unloadTextureAtlasERKNSt6__ndk112basic_stringIcNS1_11char_traitsIcEENS1_9allocatorIcEEEE	Walaber::TextureManager::unloadTextureAtlas	no-ghidra-function
0x39a6e0	_ZN7Walaber9SharedPtrINS_14MemberCallbackINS_14TextureManagerEEEED2Ev	SharedPtr<Walaber::MemberCallback<Walaber::TextureManager>>::~SharedPtr	no-ghidra-function
0x39c460	_ZN7Walaber9SharedPtrINS_10SubtextureEED2Ev	SharedPtr<Walaber::Subtexture>::~SharedPtr	no-ghidra-function
0x39e15c	_ZN7Walaber9SharedPtrINS_9Texture2DEED2Ev	SharedPtr<Walaber::Texture2D>::~SharedPtr	no-ghidra-function
0x39e1b4	_ZN7Walaber7Texture11setSettingsENS_15TextureSettingsE	Walaber::Texture::setSettings	no-ghidra-function
0x39e958	_ZNK7Walaber14TextureManager23countInvalidateTexturesEv	const Walaber::TextureManager::countInvalidateTextures	no-ghidra-function
0x39f39c	_ZN7Walaber14TextureManager13memoryWarningEb	Walaber::TextureManager::memoryWarning	no-ghidra-function
0x39f424	_ZN7Walaber14TextureManager23_clearSubtextureParentsEv	Walaber::TextureManager::_clearSubtextureParents	no-ghidra-function
0x39f798	_ZNK7Walaber14TextureManager12dumpTexturesEv	const Walaber::TextureManager::dumpTextures	no-ghidra-function
0x39f900	_ZN7Walaber14TextureManager9getMemoryEv	Walaber::TextureManager::getMemory	no-ghidra-function
0x39fa08	_ZNK7Walaber14TextureManager18getTextureFileNameEj	const Walaber::TextureManager::getTextureFileName	no-ghidra-function
0x39fa8c	_ZN7Walaber9SharedPtrINS_21ProgrammaticTexture2DEEaSERKS2_	_ZN7Walaber9SharedPtrINS_21ProgrammaticTexture2DEEaSERKS2_	no-ghidra-function
0x39fb68	_ZNSt6__ndk16__treeINS_12__value_typeINS_12basic_stringIcNS_11char_traitsIcEENS_9allocatorIcEEEEN7Walaber15TextureSettingsEEENS_19__map_value_compareIS7_SA_NS_4lessIS7_EELb1EEENS5_ISA_EEE7destroyEPNS_11__tree_nodeISA_PvEE	_ZNSt6__ndk16__treeINS_12__value_typeINS_12basic_stringIcNS_11char_traitsIcEENS_9allocatorIcEEEEN7Walaber15TextureSettingsEEENS_19__map_value_compareIS7_SA_NS_4lessIS7_EELb1EEENS5_ISA_EEE7destroyEPNS_11__tree_nodeISA_PvEE	no-ghidra-function
0x39fcd4	_ZN7Walaber14MemberCallbackINS_14TextureManagerEED0Ev	MemberCallback<Walaber::TextureManager>::~MemberCallback	no-ghidra-function
0x39fcd8	_ZN7Walaber14MemberCallbackINS_14TextureManagerEE6invokeEPv	Walaber::MemberCallback<Walaber::TextureManager>::invoke	no-ghidra-function
0x39fd08	_ZNSt6__ndk16__treeINS_12__value_typeINS_12basic_stringIcNS_11char_traitsIcEENS_9allocatorIcEEEEN7Walaber9SharedPtrINS8_7TextureEEEEENS_19__map_value_compareIS7_SC_NS_4lessIS7_EELb1EEENS5_ISC_EEE5eraseENS_21__tree_const_iteratorISC_PNS_11__tree_nodeISC_PvEElEE	_ZNSt6__ndk16__treeINS_12__value_typeINS_12basic_stringIcNS_11char_traitsIcEENS_9allocatorIcEEEEN7Walaber9SharedPtrINS8_7TextureEEEEENS_19__map_value_compareIS7_SC_NS_4lessIS7_EELb1EEENS5_ISC_EEE5eraseENS_21__tree_const_iteratorISC_PNS_11__tree_nodeISC_PvEElEE	no-ghidra-function
0x39ffcc	_ZNSt6__ndk16__treeINS_12__value_typeINS_12basic_stringIcNS_11char_traitsIcEENS_9allocatorIcEEEES7_EENS_19__map_value_compareIS7_S8_NS_4lessIS7_EELb1EEENS5_IS8_EEE16__construct_nodeIJRKNS_21piecewise_construct_tENS_5tupleIJRKS7_EEENSJ_IJEEEEEENS_10unique_ptrINS_11__tree_nodeIS8_PvEENS_22__tree_node_destructorINS5_ISR_EEEEEEDpOT_	std::__ndk1::__tree<std::__ndk1::__value_type<std::__ndk1::basic_string<char, std::__ndk1::char_traits<char>, std::__ndk1::allocator<char>>, std::__ndk1::allocator<char>>, std::__ndk1::__map_value_compare<std::__ndk1::allocator<char>, std::__ndk1::basic_string<char, std::__ndk1::char_traits<char>, std::__ndk1::allocator<char>>, std::__ndk1::less<std::__ndk1::allocator<char>>, bool>>::std::__ndk1::char_traits<char><std::__ndk1::basic_string<char, std::__ndk1::char_traits<char>, std::__ndk1::allocator<char>>>	no-ghidra-function
0x3a0040	_ZNSt6__ndk113__vector_baseIN7Walaber14TextureManager10SubTexInfoENS_9allocatorIS3_EEED2Ev	__vector_base<Walaber::TextureManager::SubTexInfo, std::__ndk1::allocator<Walaber::TextureManager>>::~__vector_base	no-ghidra-function
0x3a0338	_ZNSt6__ndk114__split_bufferIN7Walaber14TextureManager10SubTexInfoERNS_9allocatorIS3_EEED2Ev	__split_buffer<Walaber::TextureManager::SubTexInfo, std::__ndk1::allocator<Walaber::TextureManager>&>::~__split_buffer	no-ghidra-function
0x3a039c	_ZNSt6__ndk16__treeINS_12__value_typeINS_12basic_stringIcNS_11char_traitsIcEENS_9allocatorIcEEEENS_6vectorIN7Walaber14TextureManager10SubTexInfoENS5_ISB_EEEEEENS_19__map_value_compareIS7_SE_NS_4lessIS7_EELb1EEENS5_ISE_EEE25__emplace_unique_key_argsIS7_JRKNS_21piecewise_construct_tENS_5tupleIJRKS7_EEENSP_IJEEEEEENS_4pairINS_15__tree_iteratorISE_PNS_11__tree_nodeISE_PvEElEEbEERKT_DpOT0_	_ZNSt6__ndk16__treeINS_12__value_typeINS_12basic_stringIcNS_11char_traitsIcEENS_9allocatorIcEEEENS_6vectorIN7Walaber14TextureManager10SubTexInfoENS5_ISB_EEEEEENS_19__map_value_compareIS7_SE_NS_4lessIS7_EELb1EEENS5_ISE_EEE25__emplace_unique_key_argsIS7_JRKNS_21piecewise_construct_tENS_5tupleIJRKS7_EEENSP_IJEEEEEENS_4pairINS_15__tree_iteratorISE_PNS_11__tree_nodeISE_PvEElEEbEERKT_DpOT0_	no-ghidra-function
0x3a0578	_ZNSt6__ndk16__treeINS_12__value_typeINS_12basic_stringIcNS_11char_traitsIcEENS_9allocatorIcEEEENS_6vectorIN7Walaber14TextureManager10SubTexInfoENS5_ISB_EEEEEENS_19__map_value_compareIS7_SE_NS_4lessIS7_EELb1EEENS5_ISE_EEE16__construct_nodeIJRKNS_21piecewise_construct_tENS_5tupleIJRKS7_EEENSP_IJEEEEEENS_10unique_ptrINS_11__tree_nodeISE_PvEENS_22__tree_node_destructorINS5_ISX_EEEEEEDpOT_	_ZNSt6__ndk16__treeINS_12__value_typeINS_12basic_stringIcNS_11char_traitsIcEENS_9allocatorIcEEEENS_6vectorIN7Walaber14TextureManager10SubTexInfoENS5_ISB_EEEEEENS_19__map_value_compareIS7_SE_NS_4lessIS7_EELb1EEENS5_ISE_EEE16__construct_nodeIJRKNS_21piecewise_construct_tENS_5tupleIJRKS7_EEENSP_IJEEEEEENS_10unique_ptrINS_11__tree_nodeISE_PvEENS_22__tree_node_destructorINS5_ISX_EEEEEEDpOT_	no-ghidra-function
0x3a08b0	_ZNSt6__ndk16vectorIN7Walaber14TextureManager10SubTexInfoENS_9allocatorIS3_EEE11__vallocateEm	std::__ndk1::vector<Walaber::TextureManager::SubTexInfo, std::__ndk1::allocator<Walaber::TextureManager>>::__vallocate	no-ghidra-function
0x3a0a5c	_ZNSt6__ndk16__treeINS_12__value_typeINS_12basic_stringIcNS_11char_traitsIcEENS_9allocatorIcEEEEN7Walaber9SharedPtrINS8_7TextureEEEEENS_19__map_value_compareIS7_SC_NS_4lessIS7_EELb1EEENS5_ISC_EEE25__emplace_unique_key_argsIS7_JNS_4pairIS7_SB_EEEEENSK_INS_15__tree_iteratorISC_PNS_11__tree_nodeISC_PvEElEEbEERKT_DpOT0_	_ZNSt6__ndk16__treeINS_12__value_typeINS_12basic_stringIcNS_11char_traitsIcEENS_9allocatorIcEEEEN7Walaber9SharedPtrINS8_7TextureEEEEENS_19__map_value_compareIS7_SC_NS_4lessIS7_EELb1EEENS5_ISC_EEE25__emplace_unique_key_argsIS7_JNS_4pairIS7_SB_EEEEENSK_INS_15__tree_iteratorISC_PNS_11__tree_nodeISC_PvEElEEbEERKT_DpOT0_	no-ghidra-function
0x3a0c58	_ZNSt6__ndk16__treeINS_12__value_typeINS_12basic_stringIcNS_11char_traitsIcEENS_9allocatorIcEEEEN7Walaber9SharedPtrINS8_7TextureEEEEENS_19__map_value_compareIS7_SC_NS_4lessIS7_EELb1EEENS5_ISC_EEE16__insert_node_atEPNS_15__tree_end_nodeIPNS_16__tree_node_baseIPvEEEERSN_SN_	_ZNSt6__ndk16__treeINS_12__value_typeINS_12basic_stringIcNS_11char_traitsIcEENS_9allocatorIcEEEEN7Walaber9SharedPtrINS8_7TextureEEEEENS_19__map_value_compareIS7_SC_NS_4lessIS7_EELb1EEENS5_ISC_EEE16__insert_node_atEPNS_15__tree_end_nodeIPNS_16__tree_node_baseIPvEEEERSN_SN_	no-ghidra-function
0x3a0cf0	_ZNSt6__ndk16__treeINS_12__value_typeINS_12basic_stringIcNS_11char_traitsIcEENS_9allocatorIcEEEENS_6vectorIN7Walaber14TextureManager10SubTexInfoENS5_ISB_EEEEEENS_19__map_value_compareIS7_SE_NS_4lessIS7_EELb1EEENS5_ISE_EEE5eraseENS_21__tree_const_iteratorISE_PNS_11__tree_nodeISE_PvEElEE	_ZNSt6__ndk16__treeINS_12__value_typeINS_12basic_stringIcNS_11char_traitsIcEENS_9allocatorIcEEEENS_6vectorIN7Walaber14TextureManager10SubTexInfoENS5_ISB_EEEEEENS_19__map_value_compareIS7_SE_NS_4lessIS7_EELb1EEENS5_ISE_EEE5eraseENS_21__tree_const_iteratorISE_PNS_11__tree_nodeISE_PvEElEE	no-ghidra-function
0x3a132c	_ZN7Walaber8loadWALTEPhjRiS1_RNS_25TextureInMemoryColorspaceE	Walaber::loadWALT	no-ghidra-function
0x3a1e18	compress_DDS_alpha_block	compress_DDS_alpha_block	no-ghidra-function
0x3a1f60	rgb_888_from_565	rgb_888_from_565	no-ghidra-function
0x3a2478	SOIL_load_image	SOIL_load_image	no-ghidra-function
0x3a2500	SOIL_save_image	SOIL_save_image	no-ghidra-function
0x3a25cc	SOIL_free_image_data	SOIL_free_image_data	no-ghidra-function
0x3a25d0	SOIL_last_result	SOIL_last_result	no-ghidra-function
0x3a25e0	stbi_failure_reason	stbi_failure_reason	no-ghidra-function
0x3a25ec	stbi_image_free	stbi_image_free	no-ghidra-function
0x3a25f0	stbi_register_loader	stbi_register_loader	no-ghidra-function
0x3a2638	stbi_load	stbi_load	no-ghidra-function
0x3a2a08	stbi_png_test_file	stbi_png_test_file	no-ghidra-function
0x3a2aa4	stbi_png_load_from_file	stbi_png_load_from_file	no-ghidra-function
0x3a2af0	stbi_bmp_test_file	stbi_bmp_test_file	no-ghidra-function
0x3a2b68	stbi_bmp_load_from_file	stbi_bmp_load_from_file	no-ghidra-function
0x3a2c60	stbi_psd_load_from_file	stbi_psd_load_from_file	no-ghidra-function
0x3a2cac	stbi_dds_test_file	stbi_dds_test_file	no-ghidra-function
0x3a2d24	stbi_dds_load_from_file	stbi_dds_load_from_file	no-ghidra-function
0x3a2d70	stbi_hdr_test_file	stbi_hdr_test_file	no-ghidra-function
0x3a2ffc	stbi_tga_test_file	stbi_tga_test_file	no-ghidra-function
0x3a3074	stbi_tga_load_from_file	stbi_tga_load_from_file	no-ghidra-function
0x3a33ec	stbi_jpeg_test_memory	stbi_jpeg_test_memory	no-ghidra-function
0x3a3480	stbi_jpeg_load_from_memory	stbi_jpeg_load_from_memory	no-ghidra-function
0x3a3548	stbi_png_load_from_memory	stbi_png_load_from_memory	no-ghidra-function
0x3a35ac	stbi_bmp_test_memory	stbi_bmp_test_memory	no-ghidra-function
0x3a3600	stbi_bmp_load_from_memory	stbi_bmp_load_from_memory	no-ghidra-function
0x3a3664	stbi_psd_test_memory	stbi_psd_test_memory	no-ghidra-function
0x3a36e4	stbi_psd_load_from_memory	stbi_psd_load_from_memory	no-ghidra-function
0x3a379c	stbi_dds_load_from_memory	stbi_dds_load_from_memory	no-ghidra-function
0x3a3800	stbi_hdr_test_memory	stbi_hdr_test_memory	no-ghidra-function
0x3a384c	stbi_hdr_load_from_memory	stbi_hdr_load_from_memory	no-ghidra-function
0x3a38b0	stbi_tga_test_memory	stbi_tga_test_memory	no-ghidra-function
0x3a3904	stbi_tga_load_from_memory	stbi_tga_load_from_memory	no-ghidra-function
0x3a3968	stbi_loadf	stbi_loadf	no-ghidra-function
0x3a3c48	stbi_loadf_from_memory	stbi_loadf_from_memory	no-ghidra-function
0x3a3d9c	stbi_is_hdr	stbi_is_hdr	no-ghidra-function
0x3a3ddc	stbi_is_hdr_from_file	stbi_is_hdr_from_file	no-ghidra-function
0x3a3de0	stbi_hdr_to_ldr_gamma	stbi_hdr_to_ldr_gamma	no-ghidra-function
0x3a3df4	stbi_hdr_to_ldr_scale	stbi_hdr_to_ldr_scale	no-ghidra-function
0x3a3e08	stbi_ldr_to_hdr_gamma	stbi_ldr_to_hdr_gamma	no-ghidra-function
0x3a3e14	stbi_ldr_to_hdr_scale	stbi_ldr_to_hdr_scale	no-ghidra-function
0x3a5470	stbi_zlib_decode_malloc	stbi_zlib_decode_malloc	no-ghidra-function
0x3a8a4c	stbi_hdr_load_rgbe_memory	stbi_hdr_load_rgbe_memory	no-ghidra-function
0x3a91dc	stbi_decode_DXT23_alpha_block	stbi_decode_DXT23_alpha_block	no-ghidra-function
0x3abef4	VP8DecompressAlphaRows	VP8DecompressAlphaRows	no-ghidra-function
0x3ac0e4	WebPAllocateDecBuffer	WebPAllocateDecBuffer	no-ghidra-function
0x3ac43c	WebPInitDecBufferInternal	WebPInitDecBufferInternal	no-ghidra-function
0x3ac474	WebPFreeDecBuffer	WebPFreeDecBuffer	no-ghidra-function
0x3ac4a8	WebPCopyDecBuffer	WebPCopyDecBuffer	no-ghidra-function
0x3ac4f4	WebPGrabDecBuffer	WebPGrabDecBuffer	no-ghidra-function
0x3ac53c	VP8StoreBlock	VP8StoreBlock	no-ghidra-function
0x3ac6e0	VP8ProcessRow	VP8ProcessRow	no-ghidra-function
0x3acea8	VP8ExitCritical	VP8ExitCritical	no-ghidra-function
0x3acef4	VP8InitFrame	VP8InitFrame	no-ghidra-function
0x3ad1ec	VP8ReconstructBlock	VP8ReconstructBlock	no-ghidra-function
0x3ad620	WebPINewDecoder	WebPINewDecoder	no-ghidra-function
0x3ad6b0	WebPIDecode	WebPIDecode	no-ghidra-function
0x3ad710	WebPIDelete	WebPIDelete	no-ghidra-function
0x3ad778	WebPINewRGB	WebPINewRGB	no-ghidra-function
0x3ad7dc	WebPINewYUVA	WebPINewYUVA	no-ghidra-function
0x3ad88c	WebPINewYUV	WebPINewYUV	no-ghidra-function
0x3ad92c	WebPIAppend	WebPIAppend	no-ghidra-function
0x3ae1bc	WebPIDecodedArea	WebPIDecodedArea	no-ghidra-function
0x3ae22c	WebPIDecGetRGB	WebPIDecGetRGB	no-ghidra-function
0x3ae298	WebPIDecGetYUVA	WebPIDecGetYUVA	no-ghidra-function
0x3af7f4	VP8DecodeLayer	VP8DecodeLayer	no-ghidra-function
0x3b03b8	WebPGetDecoderVersion	WebPGetDecoderVersion	no-ghidra-function
0x3b03c0	VP8InitIoInternal	VP8InitIoInternal	no-ghidra-function
0x3b0400	VP8New	VP8New	no-ghidra-function
0x3b0450	VP8Status	VP8Status	no-ghidra-function
0x3b0464	VP8StatusMessage	VP8StatusMessage	no-ghidra-function
0x3b048c	VP8Delete	VP8Delete	no-ghidra-function
0x3b04b8	VP8Clear	VP8Clear	no-ghidra-function
0x3b050c	VP8SetError	VP8SetError	no-ghidra-function
0x3b0524	VP8CheckSignature	VP8CheckSignature	no-ghidra-function
0x3b055c	VP8GetInfo	VP8GetInfo	no-ghidra-function
0x3b14d8	VP8InitScanline	VP8InitScanline	no-ghidra-function
0x3b1528	VP8Decode	VP8Decode	no-ghidra-function
0x3b257c	VP8LCheckSignature	VP8LCheckSignature	no-ghidra-function
0x3b26e4	VP8LNew	VP8LNew	no-ghidra-function
0x3b27d4	VP8LDelete	VP8LDelete	no-ghidra-function
0x3b433c	WebPParseHeaders	WebPParseHeaders	no-ghidra-function
0x3b4738	WebPResetDecParams	WebPResetDecParams	no-ghidra-function
0x3b4840	WebPDecodeRGBAInto	WebPDecodeRGBAInto	no-ghidra-function
0x3b485c	WebPDecodeARGBInto	WebPDecodeARGBInto	no-ghidra-function
0x3b4878	WebPDecodeBGRInto	WebPDecodeBGRInto	no-ghidra-function
0x3b4894	WebPDecodeBGRAInto	WebPDecodeBGRAInto	no-ghidra-function
0x3b48b0	WebPDecodeYUVInto	WebPDecodeYUVInto	no-ghidra-function
0x3b4b3c	WebPDecodeRGB	WebPDecodeRGB	no-ghidra-function
0x3b4c5c	WebPDecodeRGBA	WebPDecodeRGBA	no-ghidra-function
0x3b4c7c	WebPDecodeARGB	WebPDecodeARGB	no-ghidra-function
0x3b4c9c	WebPDecodeBGR	WebPDecodeBGR	no-ghidra-function
0x3b4cbc	WebPDecodeBGRA	WebPDecodeBGRA	no-ghidra-function
0x3b4cdc	WebPDecodeYUV	WebPDecodeYUV	no-ghidra-function
0x3b4d7c	WebPGetInfo	WebPGetInfo	no-ghidra-function
0x3b4e1c	WebPInitDecoderConfigInternal	WebPInitDecoderConfigInternal	no-ghidra-function
0x3b4e6c	WebPGetFeaturesInternal	WebPGetFeaturesInternal	no-ghidra-function
0x3b4ec0	WebPDecode	WebPDecode	no-ghidra-function
0x3b4f94	WebPIoInitFromOptions	WebPIoInitFromOptions	no-ghidra-function
0x3b6acc	VP8DspInitNEON	VP8DspInitNEON	no-ghidra-function
0x3b6ad0	VP8DspInitSSE2	VP8DspInitSSE2	no-ghidra-function
0x3b6ad4	VP8GetAlpha	VP8GetAlpha	no-ghidra-function
0x3b6b3c	VP8EncDspInit	VP8EncDspInit	no-ghidra-function
0x3b8404	VP8EncDspInitSSE2	VP8EncDspInitSSE2	no-ghidra-function
0x3b8408	VP8LFastLog2	VP8LFastLog2	no-ghidra-function
0x3b8480	VP8LResidualImage	VP8LResidualImage	no-ghidra-function
0x3b8b24	VP8LSubtractGreenFromBlueAndRed	VP8LSubtractGreenFromBlueAndRed	no-ghidra-function
0x3b934c	VP8LInverseTransform	VP8LInverseTransform	no-ghidra-function
0x3b98bc	VP8LConvertFromBGRA	VP8LConvertFromBGRA	no-ghidra-function
0x3bb3f4	WebPGetLinePairConverter	WebPGetLinePairConverter	no-ghidra-function
0x3bdcb4	WebPInitPremultiply	WebPInitPremultiply	no-ghidra-function
0x3bdd20	WebPInitUpsamplersSSE2	WebPInitUpsamplersSSE2	no-ghidra-function
0x3bdd24	WebPInitPremultiplySSE2	WebPInitPremultiplySSE2	no-ghidra-function
0x3bdd28	VP8YUVInit	VP8YUVInit	no-ghidra-function
0x3bde84	VP8EncInitAlpha	VP8EncInitAlpha	no-ghidra-function
0x3bdeb4	VP8EncFinishAlpha	VP8EncFinishAlpha	no-ghidra-function
0x3be234	VP8EncDeleteAlpha	VP8EncDeleteAlpha	no-ghidra-function
0x3be4f0	VP8EncAnalyze	VP8EncAnalyze	no-ghidra-function
0x3bef18	VP8LInitBackwardRefs	VP8LInitBackwardRefs	no-ghidra-function
0x3bef24	VP8LClearBackwardRefs	VP8LClearBackwardRefs	no-ghidra-function
0x3bef50	VP8LBackwardRefsAlloc	VP8LBackwardRefsAlloc	no-ghidra-function
0x3bef90	VP8LGetBackwardReferences	VP8LGetBackwardReferences	no-ghidra-function
0x3c00cc	VP8LCalculateEstimateForCacheSize	VP8LCalculateEstimateForCacheSize	no-ghidra-function
0x3c07fc	WebPConfigInitInternal	WebPConfigInitInternal	no-ghidra-function
0x3c08d0	WebPValidateConfig	WebPValidateConfig	no-ghidra-function
0x3c09e4	VP8CalculateLevelCosts	VP8CalculateLevelCosts	no-ghidra-function
0x3c0ef0	VP8SSIMAddStats	VP8SSIMAddStats	no-ghidra-function
0x3c0f20	VP8SSIMGet	VP8SSIMGet	no-ghidra-function
0x3c0fc0	VP8SSIMGetSquaredError	VP8SSIMGetSquaredError	no-ghidra-function
0x3c16ac	VP8AdjustFilterStrength	VP8AdjustFilterStrength	no-ghidra-function
0x3c35a0	VP8LHistogramInit	VP8LHistogramInit	no-ghidra-function
0x3c422c	VP8IteratorReset	VP8IteratorReset	no-ghidra-function
0x3c4300	VP8IteratorInit	VP8IteratorInit	no-ghidra-function
0x3c4340	VP8IteratorProgress	VP8IteratorProgress	no-ghidra-function
0x3c4390	VP8IteratorImport	VP8IteratorImport	no-ghidra-function
0x3c475c	VP8IteratorBytesToNz	VP8IteratorBytesToNz	no-ghidra-function
0x3c4984	VP8SetIntra16Mode	VP8SetIntra16Mode	no-ghidra-function
0x3c49c8	VP8SetIntra4Mode	VP8SetIntra4Mode	no-ghidra-function
0x3c4a04	VP8SetIntraUVMode	VP8SetIntraUVMode	no-ghidra-function
0x3c4a20	VP8SetSkip	VP8SetSkip	no-ghidra-function
0x3c4a3c	VP8SetSegment	VP8SetSegment	no-ghidra-function
0x3c4b18	VP8IteratorRotateI4	VP8IteratorRotateI4	no-ghidra-function
0x3c4bc8	VP8EncInitLayer	VP8EncInitLayer	no-ghidra-function
0x3c4c08	VP8EncCodeLayerBlock	VP8EncCodeLayerBlock	no-ghidra-function
0x3c4c0c	VP8EncFinishLayer	VP8EncFinishLayer	no-ghidra-function
0x3c4c48	VP8EncDeleteLayer	VP8EncDeleteLayer	no-ghidra-function
0x3c4dd4	WebPPictureFree	WebPPictureFree	no-ghidra-function
0x3c5064	WebPPictureIsView	WebPPictureIsView	no-ghidra-function
0x3c5920	WebPMemoryWriterInit	WebPMemoryWriterInit	no-ghidra-function
0x3c5ca0	WebPPictureImportBGR	WebPPictureImportBGR	no-ghidra-function
0x3c5cb0	WebPPictureImportRGBA	WebPPictureImportRGBA	no-ghidra-function
0x3c5cc0	WebPPictureImportBGRA	WebPPictureImportBGRA	no-ghidra-function
0x3c5cd0	WebPPictureImportRGBX	WebPPictureImportRGBX	no-ghidra-function
0x3c5ce0	WebPPictureImportBGRX	WebPPictureImportBGRX	no-ghidra-function
0x3c6d20	WebPEncodeBGR	WebPEncodeBGR	no-ghidra-function
0x3c6d34	WebPEncodeRGBA	WebPEncodeRGBA	no-ghidra-function
0x3c6d48	WebPEncodeBGRA	WebPEncodeBGRA	no-ghidra-function
0x3c6d78	WebPEncodeLosslessBGR	WebPEncodeLosslessBGR	no-ghidra-function
0x3c6d94	WebPEncodeLosslessRGBA	WebPEncodeLosslessRGBA	no-ghidra-function
0x3c6db0	WebPEncodeLosslessBGRA	WebPEncodeLosslessBGRA	no-ghidra-function
0x3c6dcc	VP8SetSegmentParams	VP8SetSegmentParams	no-ghidra-function
0x3c71f0	VP8MakeLuma16Preds	VP8MakeLuma16Preds	no-ghidra-function
0x3c7234	VP8MakeChroma8Preds	VP8MakeChroma8Preds	no-ghidra-function
0x3c7278	VP8MakeIntra4Preds	VP8MakeIntra4Preds	no-ghidra-function
0x3c7294	VP8Decimate	VP8Decimate	no-ghidra-function
0x3c8614	VP8EncFreeBitWriters	VP8EncFreeBitWriters	no-ghidra-function
0x3c8670	VP8EncWrite	VP8EncWrite	no-ghidra-function
0x3c8dfc	VP8DefaultProbas	VP8DefaultProbas	no-ghidra-function
0x3c8e50	VP8CodeIntraModes	VP8CodeIntraModes	no-ghidra-function
0x3c919c	VP8WriteProbas	VP8WriteProbas	no-ghidra-function
0x3ca0a4	VP8LEncodeImage	VP8LEncodeImage	no-ghidra-function
0x3cae48	WebPPictureInitInternal	WebPPictureInitInternal	no-ghidra-function
0x3caea8	WebPEncodingSetError	WebPEncodingSetError	no-ghidra-function
0x3caeb4	WebPReportProgress	WebPReportProgress	no-ghidra-function
0x3cb784	WebPDemuxGetI	WebPDemuxGetI	no-ghidra-function
0x3cb878	WebPDemuxNextFrame	WebPDemuxNextFrame	no-ghidra-function
0x3cb890	WebPDemuxPrevFrame	WebPDemuxPrevFrame	no-ghidra-function
0x3cb9a8	WebPDemuxReleaseIterator	WebPDemuxReleaseIterator	no-ghidra-function
0x3cba9c	WebPDemuxNextChunk	WebPDemuxNextChunk	no-ghidra-function
0x3cbabc	WebPDemuxPrevChunk	WebPDemuxPrevChunk	no-ghidra-function
0x3cc6b8	WebPNewInternal	WebPNewInternal	no-ghidra-function
0x3cc6f4	WebPMuxDelete	WebPMuxDelete	no-ghidra-function
0x3cc784	WebPMuxSetImage	WebPMuxSetImage	no-ghidra-function
0x3ccc7c	WebPMuxDeleteColorProfile	WebPMuxDeleteColorProfile	no-ghidra-function
0x3cd0bc	WebPMuxPushTile	WebPMuxPushTile	no-ghidra-function
0x3cd0d4	WebPMuxDeleteImage	WebPMuxDeleteImage	no-ghidra-function
0x3cd1d8	WebPMuxDeleteFrame	WebPMuxDeleteFrame	no-ghidra-function
0x3cd1f4	WebPMuxDeleteTile	WebPMuxDeleteTile	no-ghidra-function
0x3cd2d0	WebPMuxAssemble	WebPMuxAssemble	no-ghidra-function
0x3cd780	ChunkInit	ChunkInit	no-ghidra-function
0x3cd78c	ChunkRelease	ChunkRelease	no-ghidra-function
0x3cd7cc	WebPDataClear	WebPDataClear	no-ghidra-function
0x3cd7f8	ChunkGetIndexFromTag	ChunkGetIndexFromTag	no-ghidra-function
0x3cd828	ChunkGetIdFromTag	ChunkGetIdFromTag	no-ghidra-function
0x3cd860	ChunkSearchList	ChunkSearchList	no-ghidra-function
0x3cd8c4	ChunkAssignData	ChunkAssignData	no-ghidra-function
0x3cd988	ChunkSetNth	ChunkSetNth	no-ghidra-function
0x3cda30	ChunkDelete	ChunkDelete	no-ghidra-function
0x3cda7c	ChunksListDiskSize	ChunksListDiskSize	no-ghidra-function
0x3cdaa8	ChunkListEmit	ChunkListEmit	no-ghidra-function
0x3cdb78	WebPDataInit	WebPDataInit	no-ghidra-function
0x3cdb84	WebPDataCopy	WebPDataCopy	no-ghidra-function
0x3cdbf0	MuxImageInit	MuxImageInit	no-ghidra-function
0x3cdc00	MuxImageRelease	MuxImageRelease	no-ghidra-function
0x3cdc48	MuxImageCount	MuxImageCount	no-ghidra-function
0x3cdce0	MuxImagePush	MuxImagePush	no-ghidra-function
0x3cdd48	MuxImageDelete	MuxImageDelete	no-ghidra-function
0x3cdd78	MuxImageDeleteAll	MuxImageDeleteAll	no-ghidra-function
0x3cddc4	MuxImageDeleteNth	MuxImageDeleteNth	no-ghidra-function
0x3cdf38	MuxImageGetNth	MuxImageGetNth	no-ghidra-function
0x3cdf9c	MuxImageDiskSize	MuxImageDiskSize	no-ghidra-function
0x3cdffc	MuxImageListDiskSize	MuxImageListDiskSize	no-ghidra-function
0x3ce040	MuxImageEmit	MuxImageEmit	no-ghidra-function
0x3ce094	MuxImageListEmit	MuxImageListEmit	no-ghidra-function
0x3ce0cc	MuxHasLosslessImages	MuxHasLosslessImages	no-ghidra-function
0x3ce0fc	MuxEmitRiffHeader	MuxEmitRiffHeader	no-ghidra-function
0x3ce140	MuxGetChunkListFromId	MuxGetChunkListFromId	no-ghidra-function
0x3ce190	MuxValidateForImage	MuxValidateForImage	no-ghidra-function
0x3ce1f8	MuxValidate	MuxValidate	no-ghidra-function
0x3ce46c	WebPMuxCreateInternal	WebPMuxCreateInternal	no-ghidra-function
0x3ceaf8	WebPMuxGetMetadata	WebPMuxGetMetadata	no-ghidra-function
0x3ceb14	WebPMuxGetColorProfile	WebPMuxGetColorProfile	no-ghidra-function
0x3ceb30	WebPMuxGetLoopCount	WebPMuxGetLoopCount	no-ghidra-function
0x3ced4c	WebPMuxGetTile	WebPMuxGetTile	no-ghidra-function
0x3ced60	WebPMuxNumChunks	WebPMuxNumChunks	no-ghidra-function
0x3cee44	VP8InitBitReader	VP8InitBitReader	no-ghidra-function
0x3cee64	VP8LoadFinalBytes	VP8LoadFinalBytes	no-ghidra-function
0x3ceeac	VP8GetValue	VP8GetValue	no-ghidra-function
0x3cefd4	VP8GetSignedValue	VP8GetSignedValue	no-ghidra-function
0x3cf00c	VP8LInitBitReader	VP8LInitBitReader	no-ghidra-function
0x3cf05c	VP8LBitReaderSetBuffer	VP8LBitReaderSetBuffer	no-ghidra-function
0x3cf074	VP8LFillBitWindow	VP8LFillBitWindow	no-ghidra-function
0x3cf118	VP8LReadOneBit	VP8LReadOneBit	no-ghidra-function
0x3cf190	VP8LReadBits	VP8LReadBits	no-ghidra-function
0x3cf280	VP8PutBit	VP8PutBit	no-ghidra-function
0x3cf3f4	VP8PutBitUniform	VP8PutBitUniform	no-ghidra-function
0x3cf46c	VP8PutValue	VP8PutValue	no-ghidra-function
0x3cf53c	VP8BitWriterInit	VP8BitWriterInit	no-ghidra-function
0x3cf5f8	VP8BitWriterFinish	VP8BitWriterFinish	no-ghidra-function
0x3cf6bc	VP8BitWriterWipeOut	VP8BitWriterWipeOut	no-ghidra-function
0x3cf7ac	VP8LBitWriterDestroy	VP8LBitWriterDestroy	no-ghidra-function
0x3cf854	VP8LColorCacheInit	VP8LColorCacheInit	no-ghidra-function
0x3cf8a0	VP8LColorCacheClear	VP8LColorCacheClear	no-ghidra-function
0x3d0150	HuffmanTreeRelease	HuffmanTreeRelease	no-ghidra-function
0x3d017c	HuffmanCodeLengthsToCodes	HuffmanCodeLengthsToCodes	no-ghidra-function
0x3d02e4	HuffmanTreeBuildImplicit	HuffmanTreeBuildImplicit	no-ghidra-function
0x3d0550	HuffmanTreeBuildExplicit	HuffmanTreeBuildExplicit	no-ghidra-function
0x3d07f0	VP8LCreateHuffmanTree	VP8LCreateHuffmanTree	no-ghidra-function
0x3d12b0	DequantizeLevels	DequantizeLevels	no-ghidra-function
0x3d1610	WebPRescalerExport	WebPRescalerExport	no-ghidra-function
0x3d1660	WebPWorkerInit	WebPWorkerInit	no-ghidra-function
0x3d1670	WebPWorkerSync	WebPWorkerSync	no-ghidra-function
0x3d1680	WebPWorkerReset	WebPWorkerReset	no-ghidra-function
0x3d169c	WebPWorkerLaunch	WebPWorkerLaunch	no-ghidra-function
0x3d16e0	WebPWorkerEnd	WebPWorkerEnd	no-ghidra-function
0x3d16f0	WebPSafeMalloc	WebPSafeMalloc	no-ghidra-function
0x3d1714	WebPSafeCalloc	WebPSafeCalloc	no-ghidra-function
0x3d1734	_ZN7Walaber10FileHelper10fileExistsERNSt6__ndk112basic_stringIcNS1_11char_traitsIcEENS1_9allocatorIcEEEE	Walaber::FileHelper::fileExists	no-ghidra-function
0x3d1794	_ZN7Walaber10FileHelper8fileSizeERNSt6__ndk112basic_stringIcNS1_11char_traitsIcEENS1_9allocatorIcEEEE	Walaber::FileHelper::fileSize	no-ghidra-function
0x3d17f8	_ZN7Walaber10FileHelper10deleteFileERKNSt6__ndk112basic_stringIcNS1_11char_traitsIcEENS1_9allocatorIcEEEE	Walaber::FileHelper::deleteFile	no-ghidra-function
0x3d1824	_ZN7Walaber11FileManagerC2Ev	FileManager::FileManager	no-ghidra-function
0x3d1944	_ZN7Walaber11FileManager19_initDefaultHandlerEv	Walaber::FileManager::_initDefaultHandler	no-ghidra-function
0x3d19c8	_ZN7Walaber11FileManagerD2Ev	FileManager::~FileManager	no-ghidra-function
0x3d1a2c	_ZN7Walaber11FileManager22_cleanupDefaultHandlerEv	Walaber::FileManager::_cleanupDefaultHandler	no-ghidra-function
0x3d1a44	_ZN7Walaber11FileManager14getInstancePtrEv	Walaber::FileManager::getInstancePtr	no-ghidra-function
0x3d1ae8	_ZN7Walaber11FileManager17removeFileHandlerEPNS0_11FileHandlerE	Walaber::FileManager::removeFileHandler	no-ghidra-function
0x3d1d54	_ZN7Walaber11FileManager22_appendNextPlatformTagERKNSt6__ndk112basic_stringIcNS1_11char_traitsIcEENS1_9allocatorIcEEEERS7_iRi	Walaber::FileManager::_appendNextPlatformTag	no-ghidra-function
0x3d2180	_ZN7Walaber11FileManager13_existSuccessERKNSt6__ndk112basic_stringIcNS1_11char_traitsIcEENS1_9allocatorIcEEEEPNS0_11FileHandlerE	Walaber::FileManager::_existSuccess	no-ghidra-function
0x3d2188	_ZN7Walaber11FileManager12_readSuccessERKNSt6__ndk112basic_stringIcNS1_11char_traitsIcEENS1_9allocatorIcEEEEPNS0_11FileHandlerE	Walaber::FileManager::_readSuccess	no-ghidra-function
0x3d3554	_ZNSt6__ndk113basic_istreamIcNS_11char_traitsIcEEE5seekgExNS_8ios_base7seekdirE	std::__ndk1::basic_istream<char, std::__ndk1::char_traits<char>>::seekg	no-ghidra-function
0x3d365c	_ZNSt6__ndk113basic_istreamIcNS_11char_traitsIcEEE5tellgEv	std::__ndk1::basic_istream<char, std::__ndk1::char_traits<char>>::tellg	no-ghidra-function
0x3d371c	_ZNSt6__ndk113basic_istreamIcNS_11char_traitsIcEEE4readEPcl	std::__ndk1::basic_istream<char, std::__ndk1::char_traits<char>>::read	no-ghidra-function
0x3d3818	_ZNSt6__ndk113basic_fstreamIcNS_11char_traitsIcEEED1Ev	basic_fstream<char, std::__ndk1::char_traits<char>>::~basic_fstream	no-ghidra-function
0x3d3860	_ZN7Walaber11FileManager16FH_ZipFileSystemC2ERKNSt6__ndk112basic_stringIcNS2_11char_traitsIcEENS2_9allocatorIcEEEESA_	FH_ZipFileSystem::FH_ZipFileSystem	no-ghidra-function
0x3d39fc	_ZN7Walaber11FileManager16FH_ZipFileSystemD2Ev	FH_ZipFileSystem::~FH_ZipFileSystem	no-ghidra-function
0x3d3a64	_ZN7Walaber11FileManager16FH_ZipFileSystemD0Ev	FH_ZipFileSystem::~FH_ZipFileSystem	no-ghidra-function
0x3d3a88	_ZN7Walaber11FileManager16FH_ZipFileSystem10fileExistsERKNSt6__ndk112basic_stringIcNS2_11char_traitsIcEENS2_9allocatorIcEEEENS_9SharedPtrINS_8CallbackEEERKNS_12PropertyListE	Walaber::FileManager::FH_ZipFileSystem::fileExists	no-ghidra-function
0x3d45a4	_ZTv0_n24_NSt6__ndk113basic_fstreamIcNS_11char_traitsIcEEED1Ev	Tv0_n24_NSt6__ndk113basic_fstreamIcNS_11char_traitsIcEEED1Ev	no-ghidra-function
0x3d45f8	_ZNSt6__ndk113basic_istreamIcNS_11char_traitsIcEEED1Ev	basic_istream<char, std::__ndk1::char_traits<char>>::~basic_istream	no-ghidra-function
0x3d4600	_ZNSt6__ndk113basic_istreamIcNS_11char_traitsIcEEED0Ev	basic_istream<char, std::__ndk1::char_traits<char>>::~basic_istream	no-ghidra-function
0x3d4628	_ZTv0_n24_NSt6__ndk113basic_istreamIcNS_11char_traitsIcEEED1Ev	Tv0_n24_NSt6__ndk113basic_istreamIcNS_11char_traitsIcEEED1Ev	no-ghidra-function
0x3d466c	_ZNSt6__ndk113basic_fstreamIcNS_11char_traitsIcEEED0Ev	basic_fstream<char, std::__ndk1::char_traits<char>>::~basic_fstream	no-ghidra-function
0x3d4710	_ZTv0_n24_NSt6__ndk113basic_fstreamIcNS_11char_traitsIcEEED0Ev	Tv0_n24_NSt6__ndk113basic_fstreamIcNS_11char_traitsIcEEED0Ev	no-ghidra-function
0x3d4868	_ZNSt6__ndk113basic_filebufIcNS_11char_traitsIcEEED0Ev	basic_filebuf<char, std::__ndk1::char_traits<char>>::~basic_filebuf	no-ghidra-function
0x3d4de4	_ZNSt6__ndk115basic_streambufIcNS_11char_traitsIcEEE9showmanycEv	std::__ndk1::basic_streambuf<char, std::__ndk1::char_traits<char>>::showmanyc	no-ghidra-function
0x3d519c	_ZNSt6__ndk113basic_filebufIcNS_11char_traitsIcEEE9pbackfailEi	std::__ndk1::basic_filebuf<char, std::__ndk1::char_traits<char>>::pbackfail	no-ghidra-function
0x3d51fc	_ZNSt6__ndk115basic_streambufIcNS_11char_traitsIcEEE6xsputnEPKcl	std::__ndk1::basic_streambuf<char, std::__ndk1::char_traits<char>>::xsputn	no-ghidra-function
0x3d52b8	_ZNSt6__ndk113basic_filebufIcNS_11char_traitsIcEEE8overflowEi	std::__ndk1::basic_filebuf<char, std::__ndk1::char_traits<char>>::overflow	no-ghidra-function
0x3d54b8	_ZNSt6__ndk115basic_streambufIcNS_11char_traitsIcEEED2Ev	basic_streambuf<char, std::__ndk1::char_traits<char>>::~basic_streambuf	no-ghidra-function
0x3d54cc	_ZNSt6__ndk115basic_streambufIcNS_11char_traitsIcEEED0Ev	basic_streambuf<char, std::__ndk1::char_traits<char>>::~basic_streambuf	no-ghidra-function
0x3d5500	_ZNSt6__ndk115basic_streambufIcNS_11char_traitsIcEEE5imbueERKNS_6localeE	std::__ndk1::basic_streambuf<char, std::__ndk1::char_traits<char>>::imbue	no-ghidra-function
0x3d5504	_ZNSt6__ndk115basic_streambufIcNS_11char_traitsIcEEE6setbufEPcl	std::__ndk1::basic_streambuf<char, std::__ndk1::char_traits<char>>::setbuf	no-ghidra-function
0x3d5508	_ZNSt6__ndk115basic_streambufIcNS_11char_traitsIcEEE7seekoffExNS_8ios_base7seekdirEj	std::__ndk1::basic_streambuf<char, std::__ndk1::char_traits<char>>::seekoff	no-ghidra-function
0x3d5514	_ZNSt6__ndk115basic_streambufIcNS_11char_traitsIcEEE7seekposENS_4fposI9mbstate_tEEj	std::__ndk1::basic_streambuf<char, std::__ndk1::char_traits<char>>::seekpos	no-ghidra-function
0x3d5520	_ZNSt6__ndk115basic_streambufIcNS_11char_traitsIcEEE4syncEv	std::__ndk1::basic_streambuf<char, std::__ndk1::char_traits<char>>::sync	no-ghidra-function
0x3d5528	_ZNSt6__ndk115basic_streambufIcNS_11char_traitsIcEEE9underflowEv	std::__ndk1::basic_streambuf<char, std::__ndk1::char_traits<char>>::underflow	no-ghidra-function
0x3d5530	_ZNSt6__ndk115basic_streambufIcNS_11char_traitsIcEEE9pbackfailEi	std::__ndk1::basic_streambuf<char, std::__ndk1::char_traits<char>>::pbackfail	no-ghidra-function
0x3d5538	_ZNSt6__ndk115basic_streambufIcNS_11char_traitsIcEEE8overflowEi	std::__ndk1::basic_streambuf<char, std::__ndk1::char_traits<char>>::overflow	no-ghidra-function
0x3d5540	_ZNSt6__ndk113basic_filebufIcNS_11char_traitsIcEEE12__write_modeEv	std::__ndk1::basic_filebuf<char, std::__ndk1::char_traits<char>>::__write_mode	no-ghidra-function
0x3d55a8	_ZNSt6__ndk16__treeINS_12__value_typeIjNS_12basic_stringIcNS_11char_traitsIcEENS_9allocatorIcEEEEEENS_19__map_value_compareIjS8_NS_4lessIjEELb1EEENS5_IS8_EEE7destroyEPNS_11__tree_nodeIS8_PvEE	std::__ndk1::__tree<std::__ndk1::__value_type<unsigned int, std::__ndk1::basic_string<char, std::__ndk1::char_traits<char>, std::__ndk1::allocator<char>>>, std::__ndk1::__map_value_compare<unsigned int, std::__ndk1::basic_string<char, std::__ndk1::char_traits<char>, std::__ndk1::allocator<char>>, std::__ndk1::less<unsigned int>, bool>>::std::__ndk1::char_traits<char><std::__ndk1::basic_string<char, std::__ndk1::char_traits<char>, std::__ndk1::allocator<char>>>	no-ghidra-function
0x3d55f8	_ZNSt6__ndk16__treeINS_12__value_typeIiPN7Walaber11FileManager11FileHandlerEEENS_19__map_value_compareIiS6_NS_4lessIiEELb1EEENS_9allocatorIS6_EEE15__emplace_multiIJNS_4pairIiS5_EEEEENS_15__tree_iteratorIS6_PNS_11__tree_nodeIS6_PvEElEEDpOT_	std::__ndk1::__tree<std::__ndk1::__value_type<int, Walaber::FileManager::FileHandler*>, std::__ndk1::__map_value_compare<int, std::__ndk1::__value_type<int, Walaber::FileManager::FileHandler*>, std::__ndk1::less<int>, bool>>::std::__ndk1::allocator<std::__ndk1::__value_type<int, Walaber::FileManager::FileHandler*>>	no-ghidra-function
0x3d568c	_ZNSt6__ndk16__treeINS_12__value_typeIiPN7Walaber11FileManager11FileHandlerEEENS_19__map_value_compareIiS6_NS_4lessIiEELb1EEENS_9allocatorIS6_EEE16__insert_node_atEPNS_15__tree_end_nodeIPNS_16__tree_node_baseIPvEEEERSI_SI_	std::__ndk1::__tree<std::__ndk1::__value_type<int, Walaber::FileManager::FileHandler*>, std::__ndk1::__map_value_compare<int, std::__ndk1::__value_type<int, Walaber::FileManager::FileHandler*>, std::__ndk1::less<int>, bool>>::std::__ndk1::allocator<std::__ndk1::__value_type<int, Walaber::FileManager::FileHandler*>>	no-ghidra-function
0x3d56e0	_ZNSt6__ndk16__treeINS_12__value_typeIiPN7Walaber11FileManager11FileHandlerEEENS_19__map_value_compareIiS6_NS_4lessIiEELb1EEENS_9allocatorIS6_EEE5eraseENS_21__tree_const_iteratorIS6_PNS_11__tree_nodeIS6_PvEElEE	std::__ndk1::__tree<std::__ndk1::__value_type<int, Walaber::FileManager::FileHandler*>, std::__ndk1::__map_value_compare<int, std::__ndk1::__value_type<int, Walaber::FileManager::FileHandler*>, std::__ndk1::less<int>, bool>>::std::__ndk1::allocator<std::__ndk1::__value_type<int, Walaber::FileManager::FileHandler*>>	no-ghidra-function
0x3d5950	_ZNSt6__ndk16__treeINS_12__value_typeINS_12basic_stringIcNS_11char_traitsIcEENS_9allocatorIcEEEEN7Walaber11FileManager10FileRecordEEENS_19__map_value_compareIS7_SB_NS_4lessIS7_EELb1EEENS5_ISB_EEE16__construct_nodeIJRKNS_21piecewise_construct_tENS_5tupleIJRKS7_EEENSM_IJEEEEEENS_10unique_ptrINS_11__tree_nodeISB_PvEENS_22__tree_node_destructorINS5_ISU_EEEEEEDpOT_	_ZNSt6__ndk16__treeINS_12__value_typeINS_12basic_stringIcNS_11char_traitsIcEENS_9allocatorIcEEEEN7Walaber11FileManager10FileRecordEEENS_19__map_value_compareIS7_SB_NS_4lessIS7_EELb1EEENS5_ISB_EEE16__construct_nodeIJRKNS_21piecewise_construct_tENS_5tupleIJRKS7_EEENSM_IJEEEEEENS_10unique_ptrINS_11__tree_nodeISB_PvEENS_22__tree_node_destructorINS5_ISU_EEEEEEDpOT_	no-ghidra-function
0x3d59c8	_ZNSt6__ndk16__treeINS_12__value_typeINS_12basic_stringIcNS_11char_traitsIcEENS_9allocatorIcEEEEN7Walaber11FileManager10FileRecordEEENS_19__map_value_compareIS7_SB_NS_4lessIS7_EELb1EEENS5_ISB_EEE16__insert_node_atEPNS_15__tree_end_nodeIPNS_16__tree_node_baseIPvEEEERSM_SM_	_ZNSt6__ndk16__treeINS_12__value_typeINS_12basic_stringIcNS_11char_traitsIcEENS_9allocatorIcEEEEN7Walaber11FileManager10FileRecordEEENS_19__map_value_compareIS7_SB_NS_4lessIS7_EELb1EEENS5_ISB_EEE16__insert_node_atEPNS_15__tree_end_nodeIPNS_16__tree_node_baseIPvEEEERSM_SM_	no-ghidra-function
0x3d5c7c	_ZNSt6__ndk113basic_filebufIcNS_11char_traitsIcEEEC2Ev	basic_filebuf<char, std::__ndk1::char_traits<char>>::basic_filebuf	no-ghidra-function
0x3d5fbc	_ZNSt6__ndk113basic_ostreamIcNS_11char_traitsIcEEE5flushEv	std::__ndk1::basic_ostream<char, std::__ndk1::char_traits<char>>::flush	no-ghidra-function
0x3d60c4	_ZNSt6__ndk113basic_ostreamIcNS_11char_traitsIcEEE6sentryC2ERS3_	sentry::sentry	no-ghidra-function
0x3d61b4	_ZN7Walaber11XMLDocument17AttributeIteratorC2EP8_xmlNode	AttributeIterator::AttributeIterator	no-ghidra-function
0x3d61c0	_ZN7Walaber11XMLDocument17AttributeIteratorC2ERKS1_	AttributeIterator::AttributeIterator	no-ghidra-function
0x3d61cc	_ZN7Walaber11XMLDocument17AttributeIteratoraSERKS1_	_ZN7Walaber11XMLDocument17AttributeIteratoraSERKS1_	no-ghidra-function
0x3d61d8	_ZN7Walaber11XMLDocument17AttributeIteratorD2Ev	AttributeIterator::~AttributeIterator	no-ghidra-function
0x3d61dc	_ZN7Walaber11XMLDocument17AttributeIterator7getNameEv	Walaber::XMLDocument::AttributeIterator::getName	no-ghidra-function
0x3d6388	_ZN7Walaber11XMLDocument13NamedIteratorC2EP8_xmlNodeRKNSt6__ndk112basic_stringIcNS4_11char_traitsIcEENS4_9allocatorIcEEEE	NamedIterator::NamedIterator	no-ghidra-function
0x3d639c	_ZN7Walaber11XMLDocument13NamedIteratorC2ERKS1_	NamedIterator::NamedIterator	no-ghidra-function
0x3d63a8	_ZN7Walaber11XMLDocument13NamedIteratoraSERKS1_	_ZN7Walaber11XMLDocument13NamedIteratoraSERKS1_	no-ghidra-function
0x3d63d4	_ZN7Walaber11XMLDocument13NamedIterator21getChildNamedIteratorERKNSt6__ndk112basic_stringIcNS2_11char_traitsIcEENS2_9allocatorIcEEEE	Walaber::XMLDocument::NamedIterator::getChildNamedIterator	no-ghidra-function
0x3d6448	_ZN7Walaber11XMLDocument13NamedIterator28getNamedIteratorToDescendantERKNSt6__ndk112basic_stringIcNS2_11char_traitsIcEENS2_9allocatorIcEEEE	Walaber::XMLDocument::NamedIterator::getNamedIteratorToDescendant	no-ghidra-function
0x3d6794	_ZN7Walaber11XMLDocument8IteratorC2EP8_xmlNode	Iterator::Iterator	no-ghidra-function
0x3d679c	_ZN7Walaber11XMLDocument8IteratorC2ERKS1_	Iterator::Iterator	no-ghidra-function
0x3d67a8	_ZN7Walaber11XMLDocument8IteratoraSERKS1_	_ZN7Walaber11XMLDocument8IteratoraSERKS1_	no-ghidra-function
0x3d67b4	_ZN7Walaber11XMLDocument8Iterator21getChildNamedIteratorERKNSt6__ndk112basic_stringIcNS2_11char_traitsIcEENS2_9allocatorIcEEEE	Walaber::XMLDocument::Iterator::getChildNamedIterator	no-ghidra-function
0x3d6828	_ZN7Walaber11XMLDocument8Iterator16getChildIteratorEv	Walaber::XMLDocument::Iterator::getChildIterator	no-ghidra-function
0x3d6888	_ZN7Walaber11XMLDocument8Iterator12getAttributeERKNSt6__ndk112basic_stringIcNS2_11char_traitsIcEENS2_9allocatorIcEEEERNS_8PropertyE	Walaber::XMLDocument::Iterator::getAttribute	no-ghidra-function
0x3d6a08	_ZN7Walaber11XMLDocument8Iterator12getNodeValueERNS_8PropertyE	Walaber::XMLDocument::Iterator::getNodeValue	no-ghidra-function
0x3d6dec	_ZN7Walaber9SharedPtrINS_14MemberCallbackINS_11XMLDocumentEEEED2Ev	SharedPtr<Walaber::MemberCallback<Walaber::XMLDocument>>::~SharedPtr	no-ghidra-function
0x3d701c	_ZN7Walaber11XMLDocumentC2EPcm	XMLDocument::XMLDocument	no-ghidra-function
0x3d7058	_ZN7Walaber11XMLDocument15_buildXMLObjectEPcm	Walaber::XMLDocument::_buildXMLObject	no-ghidra-function
0x3d70b8	_ZN7Walaber11XMLDocumentC2EPcmRKNSt6__ndk112basic_stringIcNS2_11char_traitsIcEENS2_9allocatorIcEEEE	XMLDocument::XMLDocument	no-ghidra-function
0x3d7198	_ZN7Walaber11XMLDocumentD2Ev	XMLDocument::~XMLDocument	no-ghidra-function
0x3d71dc	_ZN7Walaber14MemberCallbackINS_11XMLDocumentEED0Ev	MemberCallback<Walaber::XMLDocument>::~MemberCallback	no-ghidra-function
0x3d7408	_ZNSt6__ndk13mapINS_12basic_stringIcNS_11char_traitsIcEENS_9allocatorIcEEEEN7Walaber16ZipArchiveReader12FileLocationENS_4lessIS6_EENS4_INS_4pairIKS6_S9_EEEEED2Ev	map<std::__ndk1::basic_string<char, std::__ndk1::char_traits<char>, std::__ndk1::allocator<char>>, Walaber::ZipArchiveReader::FileLocation, std::__ndk1::less<std::__ndk1::allocator<char>>, std::__ndk1::char_traits<char><std::__ndk1::pair<std::__ndk1::allocator<char> const, Walaber::ZipArchiveReader>>>::~map	no-ghidra-function
0x3d7410	_ZN7Walaber16ZipArchiveReaderD2Ev	ZipArchiveReader::~ZipArchiveReader	no-ghidra-function
0x3d7538	_ZN7Walaber16ZipArchiveReader8openFileERKNSt6__ndk112basic_stringIcNS1_11char_traitsIcEENS1_9allocatorIcEEEE	Walaber::ZipArchiveReader::openFile	no-ghidra-function
0x3d7620	_ZN7Walaber16ZipArchiveReader18getCurrentFileSizeEv	Walaber::ZipArchiveReader::getCurrentFileSize	no-ghidra-function
0x3d7628	_ZN7Walaber16ZipArchiveReader15readCurrentFileEPv	Walaber::ZipArchiveReader::readCurrentFile	no-ghidra-function
0x3d7664	_ZN7Walaber17ZipArchiveCreatorC2ERKNSt6__ndk112basic_stringIcNS1_11char_traitsIcEENS1_9allocatorIcEEEE	ZipArchiveCreator::ZipArchiveCreator	no-ghidra-function
0x3d79bc	_ZNSt6__ndk16__treeINS_12__value_typeINS_12basic_stringIcNS_11char_traitsIcEENS_9allocatorIcEEEEN7Walaber16ZipArchiveReader12FileLocationEEENS_19__map_value_compareIS7_SB_NS_4lessIS7_EELb1EEENS5_ISB_EEE7destroyEPNS_11__tree_nodeISB_PvEE	_ZNSt6__ndk16__treeINS_12__value_typeINS_12basic_stringIcNS_11char_traitsIcEENS_9allocatorIcEEEEN7Walaber16ZipArchiveReader12FileLocationEEENS_19__map_value_compareIS7_SB_NS_4lessIS7_EELb1EEENS5_ISB_EEE7destroyEPNS_11__tree_nodeISB_PvEE	no-ghidra-function
0x3d7ad8	_ZNSt6__ndk16__treeINS_12__value_typeINS_12basic_stringIcNS_11char_traitsIcEENS_9allocatorIcEEEEN7Walaber16ZipArchiveReader12FileLocationEEENS_19__map_value_compareIS7_SB_NS_4lessIS7_EELb1EEENS5_ISB_EEE12__find_equalIS7_EERPNS_16__tree_node_baseIPvEERPNS_15__tree_end_nodeISM_EERKT_	_ZNSt6__ndk16__treeINS_12__value_typeINS_12basic_stringIcNS_11char_traitsIcEENS_9allocatorIcEEEEN7Walaber16ZipArchiveReader12FileLocationEEENS_19__map_value_compareIS7_SB_NS_4lessIS7_EELb1EEENS5_ISB_EEE12__find_equalIS7_EERPNS_16__tree_node_baseIPvEERPNS_15__tree_end_nodeISM_EERKT_	no-ghidra-function
0x3d7c58	_ZNSt6__ndk16__treeINS_12__value_typeINS_12basic_stringIcNS_11char_traitsIcEENS_9allocatorIcEEEEN7Walaber16ZipArchiveReader12FileLocationEEENS_19__map_value_compareIS7_SB_NS_4lessIS7_EELb1EEENS5_ISB_EEE4findIS7_EENS_15__tree_iteratorISB_PNS_11__tree_nodeISB_PvEElEERKT_	_ZNSt6__ndk16__treeINS_12__value_typeINS_12basic_stringIcNS_11char_traitsIcEENS_9allocatorIcEEEEN7Walaber16ZipArchiveReader12FileLocationEEENS_19__map_value_compareIS7_SB_NS_4lessIS7_EELb1EEENS5_ISB_EEE4findIS7_EENS_15__tree_iteratorISB_PNS_11__tree_nodeISB_PvEElEERKT_	no-ghidra-function
0x3d7d10	_ZNSt6__ndk16__treeINS_12__value_typeINS_12basic_stringIcNS_11char_traitsIcEENS_9allocatorIcEEEEN7Walaber16ZipArchiveReader12FileLocationEEENS_19__map_value_compareIS7_SB_NS_4lessIS7_EELb1EEENS5_ISB_EEE13__lower_boundIS7_EENS_15__tree_iteratorISB_PNS_11__tree_nodeISB_PvEElEERKT_SN_PNS_15__tree_end_nodeIPNS_16__tree_node_baseISL_EEEE	_ZNSt6__ndk16__treeINS_12__value_typeINS_12basic_stringIcNS_11char_traitsIcEENS_9allocatorIcEEEEN7Walaber16ZipArchiveReader12FileLocationEEENS_19__map_value_compareIS7_SB_NS_4lessIS7_EELb1EEENS5_ISB_EEE13__lower_boundIS7_EENS_15__tree_iteratorISB_PNS_11__tree_nodeISB_PvEElEERKT_SN_PNS_15__tree_end_nodeIPNS_16__tree_node_baseISL_EEEE	no-ghidra-function
0x3d7dc0	_ZN7Walaber12ZipUtilities22LoadArchiveDescriptionERKNSt6__ndk112basic_stringIcNS1_11char_traitsIcEENS1_9allocatorIcEEEES9_b	Walaber::ZipUtilities::LoadArchiveDescription	no-ghidra-function
0x3d8ad0	_ZN7Walaber12ZipUtilities13_handleSoundsENS_11XMLDocument13NamedIteratorE	Walaber::ZipUtilities::_handleSounds	no-ghidra-function
0x3d91d4	_ZN7Walaber12ZipUtilities14_handleSQLFileENS_11XMLDocument13NamedIteratorE	Walaber::ZipUtilities::_handleSQLFile	no-ghidra-function
0x3d97c0	_ZN7Walaber12ZipUtilities14_sqlScriptReadEPv	Walaber::ZipUtilities::_sqlScriptRead	no-ghidra-function
0x3d97d4	call_zopen64	call_zopen64	no-ghidra-function
0x3d97f0	call_zseek64	call_zseek64	no-ghidra-function
0x3d9824	fill_zlib_filefunc64_32_def_from_filefunc32	fill_zlib_filefunc64_32_def_from_filefunc32	no-ghidra-function
0x3da0bc	wUnzStringFileNameCompare	wUnzStringFileNameCompare	no-ghidra-function
0x3da8dc	wUnzOpen	wUnzOpen	no-ghidra-function
0x3da8e8	wUnzOpen64	wUnzOpen64	no-ghidra-function
0x3da8f4	wUnzClose	wUnzClose	no-ghidra-function
0x3da9dc	wUnzGetGlobalInfo64	wUnzGetGlobalInfo64	no-ghidra-function
0x3dafd8	wUnzGetCurrentFileInfo	wUnzGetCurrentFileInfo	no-ghidra-function
0x3db2f8	wUnzLocateFileImmediate	wUnzLocateFileImmediate	no-ghidra-function
0x3db34c	wUnzGetFilePos64	wUnzGetFilePos64	no-ghidra-function
0x3db380	wUnzGetFilePos	wUnzGetFilePos	no-ghidra-function
0x3db428	wUnzGoToFilePos	wUnzGoToFilePos	no-ghidra-function
0x3db8e8	wUnzOpenCurrentFile	wUnzOpenCurrentFile	no-ghidra-function
0x3db8fc	wUnzOpenCurrentFilePassword	wUnzOpenCurrentFilePassword	no-ghidra-function
0x3db910	wUnzOpenCurrentFile2	wUnzOpenCurrentFile2	no-ghidra-function
0x3db918	wUnzGetCurrentFileZStreamPos64	wUnzGetCurrentFileZStreamPos64	no-ghidra-function
0x3db93c	wUnzReadCurrentFile	wUnzReadCurrentFile	no-ghidra-function
0x3dbbe8	wUnztell	wUnztell	no-ghidra-function
0x3dbc04	wUnztell64	wUnztell64	no-ghidra-function
0x3dbc20	wUnzeof	wUnzeof	no-ghidra-function
0x3dbc44	wUnzGetLocalExtrafield	wUnzGetLocalExtrafield	no-ghidra-function
0x3dbce4	wUnzGetGlobalComment	wUnzGetGlobalComment	no-ghidra-function
0x3dbd8c	wUnzGetOffset64	wUnzGetOffset64	no-ghidra-function
0x3dbdc8	wUnzGetOffset	wUnzGetOffset	no-ghidra-function
0x3dbe04	wUnzSetOffset64	wUnzSetOffset64	no-ghidra-function
0x3dd304	wZipOpen2	wZipOpen2	no-ghidra-function
0x3dd3dc	wZipOpen	wZipOpen	no-ghidra-function
0x3dd3e8	wZipOpen64	wZipOpen64	no-ghidra-function
0x3dd940	wZipOpenNewFileInZip4_64	wZipOpenNewFileInZip4_64	no-ghidra-function
0x3de248	wZipCloseFileInZip	wZipCloseFileInZip	no-ghidra-function
0x3de254	wZipOpenNewFileInZip4	wZipOpenNewFileInZip4	no-ghidra-function
0x3de310	wZipOpenNewFileInZip3_64	wZipOpenNewFileInZip3_64	no-ghidra-function
0x3de3c4	wZipOpenNewFileInZip2_64	wZipOpenNewFileInZip2_64	no-ghidra-function
0x3de41c	wZipOpenNewFileInZip64	wZipOpenNewFileInZip64	no-ghidra-function
0x3de748	wZipCloseFileInZipRaw	wZipCloseFileInZipRaw	no-ghidra-function
0x3dee38	Write_Zip64EndOfCentralDirectoryLocator	Write_Zip64EndOfCentralDirectoryLocator	no-ghidra-function
0x3defb0	Write_Zip64EndOfCentralDirectoryRecord	Write_Zip64EndOfCentralDirectoryRecord	no-ghidra-function
0x3df2d4	Write_EndOfCentralDirectoryRecord	Write_EndOfCentralDirectoryRecord	no-ghidra-function
0x3dfa40	_ZN7Walaber4AABBC2ERKNS_7Vector2ES3_	AABB::AABB	no-ghidra-function
0x3dfa60	_ZN7Walaber4AABB5clearEv	Walaber::AABB::clear	no-ghidra-function
0x3dfb0c	_ZN7Walaber4AABB15expandToIncludeERKS0_	Walaber::AABB::expandToInclude	no-ghidra-function
0x3dfb38	_ZNK7Walaber4AABB8containsERKNS_7Vector2E	const Walaber::AABB::contains	no-ghidra-function
0x3dfc54	_ZN7Walaber11BezierCurve12BezierInterpERKNS_8CurveKeyES3_f	Walaber::BezierCurve::BezierInterp	no-ghidra-function
0x3e00d4	_ZN7Walaber11BezierCurveD0Ev	BezierCurve::~BezierCurve	no-ghidra-function
0x3e0110	_ZN7Walaber5Curve12getWriteSizeEj	Walaber::Curve::getWriteSize	no-ghidra-function
0x3e0188	_ZN7Walaber11BezierCurve21getMinMaxNonTimeValueEv	Walaber::BezierCurve::getMinMaxNonTimeValue	no-ghidra-function
0x3e02ac	_ZN7Walaber5Curve17getMinMaxKeyValueEv	Walaber::Curve::getMinMaxKeyValue	no-ghidra-function
0x3e0300	_ZN7Walaber5Curve20getMinMaxKeyPositionEv	Walaber::Curve::getMinMaxKeyPosition	no-ghidra-function
0x3e03d4	_ZN7Walaber11BezierCurve13writeToBufferEPcjRKNS_17CompressionRecordES4_	Walaber::BezierCurve::writeToBuffer	no-ghidra-function
0x3e0754	_ZN7Walaber5Curve15computeTangentsEv	Walaber::Curve::computeTangents	no-ghidra-function
0x3e0798	_ZN7Walaber5CurveD0Ev	Curve::~Curve	no-ghidra-function
0x3e0c04	_ZN7Walaber8CurveKey25curveContinuityFromStringERNSt6__ndk112basic_stringIcNS1_11char_traitsIcEENS1_9allocatorIcEEEE	Walaber::CurveKey::curveContinuityFromString	no-ghidra-function
0x3e0c60	_ZN7Walaber5Curve11loadFromXmlERKNSt6__ndk112basic_stringIcNS1_11char_traitsIcEENS1_9allocatorIcEEEE	Walaber::Curve::loadFromXml	no-ghidra-function
0x3e13a8	_ZNK7Walaber5Curve8evaluateEf	const Walaber::Curve::evaluate	no-ghidra-function
0x3e1524	_ZNK7Walaber5Curve9calcCycleEf	const Walaber::Curve::calcCycle	no-ghidra-function
0x3e1600	_ZN7Walaber5Curve11addCurveKeyENS_8CurveKeyE	Walaber::Curve::addCurveKey	no-ghidra-function
0x3e1784	_ZN7Walaber12CurveManagerC2Ev	CurveManager::CurveManager	no-ghidra-function
0x3e18c0	_ZN7Walaber12CurveManagerD2Ev	CurveManager::~CurveManager	no-ghidra-function
0x3e1914	_ZN7Walaber12CurveManager8getCurveEPNS_9SharedPtrINS_5CurveEEERKNSt6__ndk112basic_stringIcNS5_11char_traitsIcEENS5_9allocatorIcEEEENS1_INS_8CallbackEEE	Walaber::CurveManager::getCurve	no-ghidra-function
0x3e1fc4	_ZN7Walaber9SharedPtrINS_14MemberCallbackINS_12CurveManagerEEEED2Ev	SharedPtr<Walaber::MemberCallback<Walaber::CurveManager>>::~SharedPtr	no-ghidra-function
0x3e24d4	_ZN7Walaber12CurveManager8optimizeEv	Walaber::CurveManager::optimize	no-ghidra-function
0x3e2838	_ZN7Walaber12CurveManager17printMappedCurvesEv	Walaber::CurveManager::printMappedCurves	no-ghidra-function
0x3e3c8c	_ZN7Walaber18TweenedLinearCurveC2EPcRj	TweenedLinearCurve::TweenedLinearCurve	no-ghidra-function
0x3e3e7c	_ZNSt6__ndk16__treeINS_12__value_typeINS_12basic_stringIcNS_11char_traitsIcEENS_9allocatorIcEEEEN7Walaber12CurveManager19PtrCurvePtrCallbackEEENS_19__map_value_compareIS7_SB_NS_4lessIS7_EELb1EEENS5_ISB_EEE7destroyEPNS_11__tree_nodeISB_PvEE	_ZNSt6__ndk16__treeINS_12__value_typeINS_12basic_stringIcNS_11char_traitsIcEENS_9allocatorIcEEEEN7Walaber12CurveManager19PtrCurvePtrCallbackEEENS_19__map_value_compareIS7_SB_NS_4lessIS7_EELb1EEENS5_ISB_EEE7destroyEPNS_11__tree_nodeISB_PvEE	no-ghidra-function
0x3e3ed4	_ZNSt6__ndk16__treeINS_12__value_typeINS_12basic_stringIcNS_11char_traitsIcEENS_9allocatorIcEEEEN7Walaber12CurveManager13CurveMapEntryEEENS_19__map_value_compareIS7_SB_NS_4lessIS7_EELb1EEENS5_ISB_EEE7destroyEPNS_11__tree_nodeISB_PvEE	_ZNSt6__ndk16__treeINS_12__value_typeINS_12basic_stringIcNS_11char_traitsIcEENS_9allocatorIcEEEEN7Walaber12CurveManager13CurveMapEntryEEENS_19__map_value_compareIS7_SB_NS_4lessIS7_EELb1EEENS5_ISB_EEE7destroyEPNS_11__tree_nodeISB_PvEE	no-ghidra-function
0x3e4010	_ZN7Walaber5CurveC2EPcRjjRKNS_17CompressionRecordES5_	Curve::Curve	no-ghidra-function
0x3e47b0	_ZNSt6__ndk113__vector_baseIN7Walaber12CurveManager15CurveCollectionENS_9allocatorIS3_EEED2Ev	__vector_base<Walaber::CurveManager::CurveCollection, std::__ndk1::allocator<Walaber::CurveManager>>::~__vector_base	no-ghidra-function
0x3e4828	_ZNSt6__ndk16__treeINS_12__value_typeINS_12basic_stringIcNS_11char_traitsIcEENS_9allocatorIcEEEEN7Walaber12CurveManager13CurveMapEntryEEENS_19__map_value_compareIS7_SB_NS_4lessIS7_EELb1EEENS5_ISB_EEE4findIS7_EENS_15__tree_iteratorISB_PNS_11__tree_nodeISB_PvEElEERKT_	_ZNSt6__ndk16__treeINS_12__value_typeINS_12basic_stringIcNS_11char_traitsIcEENS_9allocatorIcEEEEN7Walaber12CurveManager13CurveMapEntryEEENS_19__map_value_compareIS7_SB_NS_4lessIS7_EELb1EEENS5_ISB_EEE4findIS7_EENS_15__tree_iteratorISB_PNS_11__tree_nodeISB_PvEElEERKT_	no-ghidra-function
0x3e4990	_ZNSt6__ndk16__treeINS_12__value_typeINS_12basic_stringIcNS_11char_traitsIcEENS_9allocatorIcEEEEN7Walaber12CurveManager19PtrCurvePtrCallbackEEENS_19__map_value_compareIS7_SB_NS_4lessIS7_EELb1EEENS5_ISB_EEE4findIS7_EENS_15__tree_iteratorISB_PNS_11__tree_nodeISB_PvEElEERKT_	_ZNSt6__ndk16__treeINS_12__value_typeINS_12basic_stringIcNS_11char_traitsIcEENS_9allocatorIcEEEEN7Walaber12CurveManager19PtrCurvePtrCallbackEEENS_19__map_value_compareIS7_SB_NS_4lessIS7_EELb1EEENS5_ISB_EEE4findIS7_EENS_15__tree_iteratorISB_PNS_11__tree_nodeISB_PvEElEERKT_	no-ghidra-function
0x3e4b6c	_ZNSt6__ndk16__treeINS_12__value_typeINS_12basic_stringIcNS_11char_traitsIcEENS_9allocatorIcEEEEN7Walaber12CurveManager19PtrCurvePtrCallbackEEENS_19__map_value_compareIS7_SB_NS_4lessIS7_EELb1EEENS5_ISB_EEE16__construct_nodeIJNS_4pairIS7_SA_EEEEENS_10unique_ptrINS_11__tree_nodeISB_PvEENS_22__tree_node_destructorINS5_ISO_EEEEEEDpOT_	_ZNSt6__ndk16__treeINS_12__value_typeINS_12basic_stringIcNS_11char_traitsIcEENS_9allocatorIcEEEEN7Walaber12CurveManager19PtrCurvePtrCallbackEEENS_19__map_value_compareIS7_SB_NS_4lessIS7_EELb1EEENS5_ISB_EEE16__construct_nodeIJNS_4pairIS7_SA_EEEEENS_10unique_ptrINS_11__tree_nodeISB_PvEENS_22__tree_node_destructorINS5_ISO_EEEEEEDpOT_	no-ghidra-function
0x3e4cbc	_ZNSt6__ndk16__treeINS_12__value_typeINS_12basic_stringIcNS_11char_traitsIcEENS_9allocatorIcEEEEN7Walaber12CurveManager19PtrCurvePtrCallbackEEENS_19__map_value_compareIS7_SB_NS_4lessIS7_EELb1EEENS5_ISB_EEE16__insert_node_atEPNS_15__tree_end_nodeIPNS_16__tree_node_baseIPvEEEERSM_SM_	_ZNSt6__ndk16__treeINS_12__value_typeINS_12basic_stringIcNS_11char_traitsIcEENS_9allocatorIcEEEEN7Walaber12CurveManager19PtrCurvePtrCallbackEEENS_19__map_value_compareIS7_SB_NS_4lessIS7_EELb1EEENS5_ISB_EEE16__insert_node_atEPNS_15__tree_end_nodeIPNS_16__tree_node_baseIPvEEEERSM_SM_	no-ghidra-function
0x3e4d10	_ZN7Walaber14MemberCallbackINS_12CurveManagerEED0Ev	MemberCallback<Walaber::CurveManager>::~MemberCallback	no-ghidra-function
0x3e4d14	_ZN7Walaber14MemberCallbackINS_12CurveManagerEE6invokeEPv	Walaber::MemberCallback<Walaber::CurveManager>::invoke	no-ghidra-function
0x3e4d44	_ZNSt6__ndk16__treeINS_12__value_typeINS_12basic_stringIcNS_11char_traitsIcEENS_9allocatorIcEEEEN7Walaber12CurveManager13CurveMapEntryEEENS_19__map_value_compareIS7_SB_NS_4lessIS7_EELb1EEENS5_ISB_EEE5eraseENS_21__tree_const_iteratorISB_PNS_11__tree_nodeISB_PvEElEE	_ZNSt6__ndk16__treeINS_12__value_typeINS_12basic_stringIcNS_11char_traitsIcEENS_9allocatorIcEEEEN7Walaber12CurveManager13CurveMapEntryEEENS_19__map_value_compareIS7_SB_NS_4lessIS7_EELb1EEENS5_ISB_EEE5eraseENS_21__tree_const_iteratorISB_PNS_11__tree_nodeISB_PvEElEE	no-ghidra-function
0x3e4f3c	_ZNSt6__ndk16__treeINS_12__value_typeINS_12basic_stringIcNS_11char_traitsIcEENS_9allocatorIcEEEEN7Walaber12CurveManager19PtrCurvePtrCallbackEEENS_19__map_value_compareIS7_SB_NS_4lessIS7_EELb1EEENS5_ISB_EEE13__upper_boundIS7_EENS_15__tree_iteratorISB_PNS_11__tree_nodeISB_PvEElEERKT_SN_PNS_15__tree_end_nodeIPNS_16__tree_node_baseISL_EEEE	_ZNSt6__ndk16__treeINS_12__value_typeINS_12basic_stringIcNS_11char_traitsIcEENS_9allocatorIcEEEEN7Walaber12CurveManager19PtrCurvePtrCallbackEEENS_19__map_value_compareIS7_SB_NS_4lessIS7_EELb1EEENS5_ISB_EEE13__upper_boundIS7_EENS_15__tree_iteratorISB_PNS_11__tree_nodeISB_PvEElEERKT_SN_PNS_15__tree_end_nodeIPNS_16__tree_node_baseISL_EEEE	no-ghidra-function
0x3e4ff0	_ZNSt6__ndk16__treeINS_12__value_typeINS_12basic_stringIcNS_11char_traitsIcEENS_9allocatorIcEEEEN7Walaber12CurveManager13CurveMapEntryEEENS_19__map_value_compareIS7_SB_NS_4lessIS7_EELb1EEENS5_ISB_EEE25__emplace_unique_key_argsIS7_JRKNS_21piecewise_construct_tENS_5tupleIJRKS7_EEENSM_IJEEEEEENS_4pairINS_15__tree_iteratorISB_PNS_11__tree_nodeISB_PvEElEEbEERKT_DpOT0_	_ZNSt6__ndk16__treeINS_12__value_typeINS_12basic_stringIcNS_11char_traitsIcEENS_9allocatorIcEEEEN7Walaber12CurveManager13CurveMapEntryEEENS_19__map_value_compareIS7_SB_NS_4lessIS7_EELb1EEENS5_ISB_EEE25__emplace_unique_key_argsIS7_JRKNS_21piecewise_construct_tENS_5tupleIJRKS7_EEENSM_IJEEEEEENS_4pairINS_15__tree_iteratorISB_PNS_11__tree_nodeISB_PvEElEEbEERKT_DpOT0_	no-ghidra-function
0x3e5444	_ZNSt6__ndk114__split_bufferIN7Walaber12CurveManager15CurveCollectionERNS_9allocatorIS3_EEEC2EmmS6_	__split_buffer<Walaber::CurveManager::CurveCollection, std::__ndk1::allocator<Walaber::CurveManager>&>::__split_buffer	no-ghidra-function
0x3e56b4	_ZNSt6__ndk16__treeINS_12__value_typeIhN7Walaber17CompressionRecordEEENS_19__map_value_compareIhS4_NS_4lessIhEELb1EEENS_9allocatorIS4_EEE16__insert_node_atEPNS_15__tree_end_nodeIPNS_16__tree_node_baseIPvEEEERSG_SG_	std::__ndk1::__tree<std::__ndk1::__value_type<unsigned char, Walaber::CompressionRecord>, std::__ndk1::__map_value_compare<unsigned char, Walaber::CompressionRecord, std::__ndk1::less<unsigned char>, bool>>::std::__ndk1::allocator<Walaber::CompressionRecord>	no-ghidra-function
0x3e57dc	_ZN7Walaber12HermiteCurve14ComputeTangentEiNS0_19HermiteCurveTangentE	Walaber::HermiteCurve::ComputeTangent	no-ghidra-function
0x3e57e4	_ZN7Walaber12HermiteCurve14ComputeTangentEiNS0_19HermiteCurveTangentES1_	Walaber::HermiteCurve::ComputeTangent	no-ghidra-function
0x3e58e8	_ZN7Walaber12HermiteCurve15ComputeTangentsENS0_19HermiteCurveTangentE	Walaber::HermiteCurve::ComputeTangents	no-ghidra-function
0x3e599c	_ZNK7Walaber12HermiteCurve14_evaluateCurveEff	const Walaber::HermiteCurve::_evaluateCurve	no-ghidra-function
0x3e5a9c	_ZN7Walaber12HermiteCurve15loadFromXmlNodeEP8_xmlNode	Walaber::HermiteCurve::loadFromXmlNode	no-ghidra-function
0x3e61a4	_ZN7Walaber12HermiteCurveD0Ev	HermiteCurve::~HermiteCurve	no-ghidra-function
0x3e6610	_ZNK7Walaber11LinearCurve14_evaluateCurveEff	const Walaber::LinearCurve::_evaluateCurve	no-ghidra-function
0x3e6698	_ZN7Walaber11LinearCurveD0Ev	LinearCurve::~LinearCurve	no-ghidra-function
0x3e66d4	_ZN7Walaber18TweenedLinearCurve15loadFromXmlNodeEP8_xmlNode	Walaber::TweenedLinearCurve::loadFromXmlNode	no-ghidra-function
0x3e6bbc	_ZN7Walaber6Tweens11linearTweenEffff	Walaber::Tweens::linearTween	no-ghidra-function
0x3e6bcc	_ZN7Walaber18TweenedLinearCurve17_computeDurationsEv	Walaber::TweenedLinearCurve::_computeDurations	no-ghidra-function
0x3e6ce8	_ZNK7Walaber18TweenedLinearCurve14_evaluateCurveEff	const Walaber::TweenedLinearCurve::_evaluateCurve	no-ghidra-function
0x3e6de8	_ZN7Walaber18TweenedLinearCurveD0Ev	TweenedLinearCurve::~TweenedLinearCurve	no-ghidra-function
0x3e6e0c	_ZN7Walaber18TweenedLinearCurve12getWriteSizeEj	Walaber::TweenedLinearCurve::getWriteSize	no-ghidra-function
0x3e6f50	_ZN7Walaber18TweenedLinearCurve13writeToBufferEPcjRKNS_17CompressionRecordES4_	Walaber::TweenedLinearCurve::writeToBuffer	no-ghidra-function
0x3e7000	_ZN7Walaber6Tweens26getEasingFunctionForStringERKNSt6__ndk112basic_stringIcNS1_11char_traitsIcEENS1_9allocatorIcEEEEi	Walaber::Tweens::getEasingFunctionForString	no-ghidra-function
0x3e7350	_ZN7Walaber6Tweens15quadraticEaseInEffff	Walaber::Tweens::quadraticEaseIn	no-ghidra-function
0x3e7364	_ZN7Walaber6Tweens16quadraticEaseOutEffff	Walaber::Tweens::quadraticEaseOut	no-ghidra-function
0x3e7380	_ZN7Walaber6Tweens11cubicEaseInEffff	Walaber::Tweens::cubicEaseIn	no-ghidra-function
0x3e7398	_ZN7Walaber6Tweens12cubicEaseOutEffff	Walaber::Tweens::cubicEaseOut	no-ghidra-function
0x3e73c0	_ZN7Walaber6Tweens13quarticEaseInEffff	Walaber::Tweens::quarticEaseIn	no-ghidra-function
0x3e73dc	_ZN7Walaber6Tweens14quarticEaseOutEffff	Walaber::Tweens::quarticEaseOut	no-ghidra-function
0x3e7404	_ZN7Walaber6Tweens13quinticEaseInEffff	Walaber::Tweens::quinticEaseIn	no-ghidra-function
0x3e7424	_ZN7Walaber6Tweens14quinticEaseOutEffff	Walaber::Tweens::quinticEaseOut	no-ghidra-function
0x3e7454	_ZN7Walaber6Tweens18quadraticEaseInOutEffff	Walaber::Tweens::quadraticEaseInOut	no-ghidra-function
0x3e74a8	_ZN7Walaber6Tweens18quadraticEaseOutInEffff	Walaber::Tweens::quadraticEaseOutIn	no-ghidra-function
0x3e74f8	_ZN7Walaber6Tweens14cubicEaseInOutEffff	Walaber::Tweens::cubicEaseInOut	no-ghidra-function
0x3e7544	_ZN7Walaber6Tweens14cubicEaseOutInEffff	Walaber::Tweens::cubicEaseOutIn	no-ghidra-function
0x3e7578	_ZN7Walaber6Tweens16quarticEaseInOutEffff	Walaber::Tweens::quarticEaseInOut	no-ghidra-function
0x3e75d0	_ZN7Walaber6Tweens16quarticEaseOutInEffff	Walaber::Tweens::quarticEaseOutIn	no-ghidra-function
0x3e7624	_ZN7Walaber6Tweens16quinticEaseInOutEffff	Walaber::Tweens::quinticEaseInOut	no-ghidra-function
0x3e7680	_ZN7Walaber6Tweens16quinticEaseOutInEffff	Walaber::Tweens::quinticEaseOutIn	no-ghidra-function
0x3e7854	_ZN7Walaber6Tweens29getEasingFunctionForTweenTypeENS0_4TypeE	Walaber::Tweens::getEasingFunctionForTweenType	no-ghidra-function
0x3e787c	_ZN7Walaber11VectorTools13lineIntersectERKNS_7Vector2ES3_S3_S3_RS1_RfS5_	Walaber::VectorTools::lineIntersect	no-ghidra-function
0x3e7960	_ZN7Walaber11VectorTools13lineIntersectERKNS_7Vector2ES3_S3_S3_RS1_	Walaber::VectorTools::lineIntersect	no-ghidra-function
0x3e79b0	_ZN7Walaber11VectorTools25closestPointOnLineSegmentERKNS_7Vector2ES3_S3_Rf	Walaber::VectorTools::closestPointOnLineSegment	no-ghidra-function
0x3e8110	_ZN7Walaber11VectorTools24distToLineSegmentSquaredERKNS_7Vector2ES3_S3_Rf	Walaber::VectorTools::distToLineSegmentSquared	no-ghidra-function
0x3e8300	_ZN7Walaber11VectorTools30calculateSpringForceAllowSlackERKNS_7Vector2ES3_S3_S3_fff	Walaber::VectorTools::calculateSpringForceAllowSlack	no-ghidra-function
0x3e844c	_ZN7Walaber15MessageReceiverC2ENS_15MessageCategoryE	MessageReceiver::MessageReceiver	no-ghidra-function
0x3e8484	_ZN7Walaber16BroadcastManager14getInstancePtrEv	Walaber::BroadcastManager::getInstancePtr	no-ghidra-function
0x3e84d8	_ZN7Walaber16BroadcastManager12_addReceiverEPNS_15MessageReceiverE	Walaber::BroadcastManager::_addReceiver	no-ghidra-function
0x3e86c0	_ZN7Walaber15MessageReceiverD0Ev	MessageReceiver::~MessageReceiver	no-ghidra-function
0x3e8740	_ZN7Walaber16BroadcastManagerD2Ev	BroadcastManager::~BroadcastManager	no-ghidra-function
0x3e8764	_ZN7Walaber16BroadcastManager9messageTxERKNS_7MessageE	Walaber::BroadcastManager::messageTx	no-ghidra-function
0x3e87e8	_ZN7Walaber15MessageReceiver9messageRxERKNS_7MessageE	Walaber::MessageReceiver::messageRx	no-ghidra-function
0x3e87f0	_ZNSt6__ndk16vectorIPN7Walaber15MessageReceiverENS_9allocatorIS3_EEE21__push_back_slow_pathIRKS3_EEvOT_	std::__ndk1::vector<Walaber::MessageReceiver*, std::__ndk1::allocator<Walaber::MessageReceiver>>::__push_back_slow_path<Walaber::MessageReceiver const&>	no-ghidra-function
0x3e8918	_ZNSt6__ndk114__split_bufferIPN7Walaber15MessageReceiverERNS_9allocatorIS3_EEEC2EmmS6_	__split_buffer<Walaber::MessageReceiver*, std::__ndk1::allocator<Walaber::MessageReceiver>&>::__split_buffer	no-ghidra-function
0x3e89c8	_ZN7Walaber11PushCommandC2Ev	PushCommand::PushCommand	no-ghidra-function
0x3e89ec	_ZN7Walaber11PushCommandD2Ev	PushCommand::~PushCommand	no-ghidra-function
0x3e8a18	_ZN7Walaber11PushCommand3GetEv	Walaber::PushCommand::Get	no-ghidra-function
0x3e8a6c	_ZN7Walaber11PushCommand11HasInstanceEv	Walaber::PushCommand::HasInstance	no-ghidra-function
0x3e8a84	_ZN7Walaber11PushCommand7DestroyEv	Walaber::PushCommand::Destroy	no-ghidra-function
0x3e8ad0	_ZN7Walaber11PushCommand12OnGameLoadedEv	Walaber::PushCommand::OnGameLoaded	no-ghidra-function
0x3e8ba4	_ZN7Walaber11PushCommand17HoldNotificationsEv	Walaber::PushCommand::HoldNotifications	no-ghidra-function
0x3e91f8	_ZN7Walaber11PushCommand8ParseURIENSt6__ndk112basic_stringIcNS1_11char_traitsIcEENS1_9allocatorIcEEEERNS_11CommandDataE	Walaber::PushCommand::ParseURI	no-ghidra-function
0x3e97c4	_ZN7Walaber11PushCommand9DoCommandERNS_11CommandDataE	Walaber::PushCommand::DoCommand	no-ghidra-function
0x3e9fd4	_ZN7Walaber11PushCommand14SetDataBaseKeyEi	Walaber::PushCommand::SetDataBaseKey	no-ghidra-function
0x3ea3d4	_ZNSt6__ndk110__list_impIN7Walaber15CommandRegisterENS_9allocatorIS2_EEE5clearEv	std::__ndk1::__list_imp<Walaber::CommandRegister, std::__ndk1::allocator<Walaber>>::clear	no-ghidra-function
0x3ea474	_ZN7Walaber12DrawableNodeC2Ev	DrawableNode::DrawableNode	no-ghidra-function
0x3ea530	_ZN7Walaber12DrawableNodeC2ERKNSt6__ndk112basic_stringIcNS1_11char_traitsIcEENS1_9allocatorIcEEEEi	DrawableNode::DrawableNode	no-ghidra-function
0x3ea564	_ZN7Walaber12DrawableNodeC2ERKS0_	DrawableNode::DrawableNode	no-ghidra-function
0x3ea5a0	_ZN7Walaber12DrawableNodeaSERKS0_	_ZN7Walaber12DrawableNodeaSERKS0_	no-ghidra-function
0x3ea5d0	_ZN7Walaber12DrawableNodeD2Ev	DrawableNode::~DrawableNode	no-ghidra-function
0x3ea5d4	_ZN7Walaber12DrawableNodeD0Ev	DrawableNode::~DrawableNode	no-ghidra-function
0x3ea5d8	_ZN7Walaber4NodeC2Ev	Node::Node	no-ghidra-function
0x3ea6f0	_ZN7Walaber4NodeC2ERKNSt6__ndk112basic_stringIcNS1_11char_traitsIcEENS1_9allocatorIcEEEEi	Node::Node	no-ghidra-function
0x3ea780	_ZN7Walaber4NodeC2ERKS0_	Node::Node	no-ghidra-function
0x3ea7fc	_ZN7Walaber4NodeaSERKS0_	_ZN7Walaber4NodeaSERKS0_	no-ghidra-function
0x3ea868	_ZN7Walaber4NodeD2Ev	Node::~Node	no-ghidra-function
0x3ea86c	_ZN7Walaber4NodeD0Ev	Node::~Node	no-ghidra-function
0x3ea870	_ZN7Walaber4Node16setLocalPositionERKNS_7Vector2E	Walaber::Node::setLocalPosition	no-ghidra-function
0x3ea880	_ZN7Walaber4Node16setWorldPosDirtyEb	Walaber::Node::setWorldPosDirty	no-ghidra-function
0x3ea904	_ZN7Walaber4Node18setWorldScaleDirtyEb	Walaber::Node::setWorldScaleDirty	no-ghidra-function
0x3ea940	_ZN7Walaber4Node13setLocalAngleERKf	Walaber::Node::setLocalAngle	no-ghidra-function
0x3ea988	_ZN7Walaber4Node18setWorldAngleDirtyEb	Walaber::Node::setWorldAngleDirty	no-ghidra-function
0x3ea9c4	_ZN7Walaber4Node19applyPositionOffsetERKNS_7Vector2E	Walaber::Node::applyPositionOffset	no-ghidra-function
0x3ea9dc	_ZN7Walaber4Node16applyScaleOffsetERKNS_7Vector2E	Walaber::Node::applyScaleOffset	no-ghidra-function
0x3eaa2c	_ZN7Walaber4Node16applyAngleOffsetERKf	Walaber::Node::applyAngleOffset	no-ghidra-function
0x3eab7c	_ZN7Walaber4Node13getWorldScaleEv	Walaber::Node::getWorldScale	no-ghidra-function
0x3eac14	_ZN7Walaber4Node13getWorldAngleEv	Walaber::Node::getWorldAngle	no-ghidra-function
0x3eac64	_ZN7Walaber4Node15transformVectorERKNS_7Vector2E	Walaber::Node::transformVector	no-ghidra-function
0x3ead24	_ZN7Walaber4Node14transformPointERKNS_7Vector2E	Walaber::Node::transformPoint	no-ghidra-function
0x3eade8	_ZN7Walaber4Node22inverseTransformVectorERKNS_7Vector2E	Walaber::Node::inverseTransformVector	no-ghidra-function
0x3eb04c	_ZN7Walaber7PCSNodeD2Ev	PCSNode::~PCSNode	no-ghidra-function
0x3eb050	_ZN7Walaber7PCSNodeD0Ev	PCSNode::~PCSNode	no-ghidra-function
0x3eb0ac	_ZN7Walaber7PCSNode15getNodeFromTreeEPS0_RKNSt6__ndk112basic_stringIcNS2_11char_traitsIcEENS2_9allocatorIcEEEE	Walaber::PCSNode::getNodeFromTree	no-ghidra-function
0x3eb108	_ZN7Walaber7PCSNode15getNodeFromTreeEPS0_RKNSt6__ndk112basic_stringIcNS2_11char_traitsIcEENS2_9allocatorIcEEEEi	Walaber::PCSNode::getNodeFromTree	no-ghidra-function
0x3eb268	_ZN7Walaber7PCSNode32_depthFirstNameSearchWithGroupIDEPS0_RKNSt6__ndk112basic_stringIcNS2_11char_traitsIcEENS2_9allocatorIcEEEEi	Walaber::PCSNode::_depthFirstNameSearchWithGroupID	no-ghidra-function
0x3eb3d4	_ZN7Walaber7PCSNode15getNodeFromTreeEPS0_i	Walaber::PCSNode::getNodeFromTree	no-ghidra-function
0x3eb3d8	_ZN7Walaber7PCSNode24_depthFirstGroupIDSearchEPS0_i	Walaber::PCSNode::_depthFirstGroupIDSearch	no-ghidra-function
0x3eb4d4	_ZN7Walaber7PCSNode16getNodesFromTreeEPS0_iRNSt6__ndk16vectorIS1_NS2_9allocatorIS1_EEEE	Walaber::PCSNode::getNodesFromTree	no-ghidra-function
0x3eb4d8	_ZN7Walaber7PCSNode39_depthFirstGroupIDSearchMultipleResultsEPS0_iRNSt6__ndk16vectorIS1_NS2_9allocatorIS1_EEEE	Walaber::PCSNode::_depthFirstGroupIDSearchMultipleResults	no-ghidra-function
0x3eb614	_ZN7Walaber7PCSNode29deleteNodeAndChildrenFromTreeEPS0_	Walaber::PCSNode::deleteNodeAndChildrenFromTree	no-ghidra-function
0x3eb688	_ZN7Walaber7PCSNode16_recursiveDeleteEPS0_	Walaber::PCSNode::_recursiveDelete	no-ghidra-function
0x3eb6c8	_ZN7Walaber7PCSNode11getTreeSizeEPS0_	Walaber::PCSNode::getTreeSize	no-ghidra-function
0x3eb7e8	_ZN7Walaber7PCSNode9printTreeEPS0_	Walaber::PCSNode::printTree	no-ghidra-function
0x3eb98c	_ZN7Walaber7PCSNode24_stepDepthFirstIterationERNSt6__ndk15stackIPS0_NS1_5dequeIS3_NS1_9allocatorIS3_EEEEEERS3_	Walaber::PCSNode::_stepDepthFirstIteration	no-ghidra-function
0x3eba10	_ZNSt6__ndk16vectorIPN7Walaber7PCSNodeENS_9allocatorIS3_EEE21__push_back_slow_pathIRKS3_EEvOT_	std::__ndk1::vector<Walaber::PCSNode*, std::__ndk1::allocator<Walaber::PCSNode>>::__push_back_slow_path<Walaber::PCSNode const&>	no-ghidra-function
0x3ebb38	_ZNSt6__ndk114__split_bufferIPN7Walaber7PCSNodeERNS_9allocatorIS3_EEEC2EmmS6_	__split_buffer<Walaber::PCSNode*, std::__ndk1::allocator<Walaber::PCSNode>&>::__split_buffer	no-ghidra-function
0x3ebbe8	_ZN7Walaber10SceneGraphC2Ev	SceneGraph::SceneGraph	no-ghidra-function
0x3ebce4	_ZN7Walaber10SceneGraphC2ERKNSt6__ndk112basic_stringIcNS1_11char_traitsIcEENS1_9allocatorIcEEEE	SceneGraph::SceneGraph	no-ghidra-function
0x3ebdc0	_ZN7Walaber10SceneGraphC2ERKS0_	SceneGraph::SceneGraph	no-ghidra-function
0x3ebdc4	_ZN7Walaber10SceneGraphaSERKS0_	_ZN7Walaber10SceneGraphaSERKS0_	no-ghidra-function
0x3ebdc8	_ZN7Walaber10SceneGraphD2Ev	SceneGraph::~SceneGraph	no-ghidra-function
0x3ebde4	_ZN7Walaber10SceneGraph13getNodeByNameERKNSt6__ndk112basic_stringIcNS1_11char_traitsIcEENS1_9allocatorIcEEEE	Walaber::SceneGraph::getNodeByName	no-ghidra-function
0x3ebdec	_ZN7Walaber10SceneGraph23getNodeByNameAndGroupIDERKNSt6__ndk112basic_stringIcNS1_11char_traitsIcEENS1_9allocatorIcEEEEi	Walaber::SceneGraph::getNodeByNameAndGroupID	no-ghidra-function
0x3ebdf4	_ZN7Walaber10SceneGraph23getFirstNodeWithGroupIDEi	Walaber::SceneGraph::getFirstNodeWithGroupID	no-ghidra-function
0x3ebdfc	_ZN7Walaber10SceneGraph19getNodesWithGroupIDEiRNSt6__ndk16vectorIPNS_4NodeENS1_9allocatorIS4_EEEE	Walaber::SceneGraph::getNodesWithGroupID	no-ghidra-function
0x3ebe04	_ZN7Walaber7PCSNode16getNodesFromTreeINS_4NodeEEEvPS0_iRNSt6__ndk16vectorIPT_NS4_9allocatorIS7_EEEE	Walaber::PCSNode::getNodesFromTree<Walaber::Node>	no-ghidra-function
0x3ebf34	_ZNSt6__ndk16vectorIPN7Walaber4NodeENS_9allocatorIS3_EEE21__push_back_slow_pathIS3_EEvOT_	std::__ndk1::vector<Walaber::Node*, std::__ndk1::allocator<Walaber::Node>>::__push_back_slow_path<Walaber::Node>	no-ghidra-function
0x3ec05c	_ZNSt6__ndk114__split_bufferIPN7Walaber4NodeERNS_9allocatorIS3_EEEC2EmmS6_	__split_buffer<Walaber::Node*, std::__ndk1::allocator<Walaber::Node>&>::__split_buffer	no-ghidra-function
0x3ec10c	_ZN7Walaber6CameraC2Ev	Camera::Camera	no-ghidra-function
0x3ec14c	_ZN7Walaber6CameraC2ENS_7Vector2ES1_	Camera::Camera	no-ghidra-function
0x3ec1ac	_ZN7Walaber6CameraD2Ev	Camera::~Camera	no-ghidra-function
0x3ec220	_ZN7Walaber6Camera11setPositionENS_7Vector2E	Walaber::Camera::setPosition	no-ghidra-function
0x3ec240	_ZN7Walaber6Camera7setSizeENS_7Vector2E	Walaber::Camera::setSize	no-ghidra-function
0x3ec260	_ZN7Walaber6Camera8setWidthEff	Walaber::Camera::setWidth	no-ghidra-function
0x3ec2a0	_ZN7Walaber6Camera9setHeightEff	Walaber::Camera::setHeight	no-ghidra-function
0x3ec2d8	_ZN7Walaber6Camera14changePositionENS_7Vector2E	Walaber::Camera::changePosition	no-ghidra-function
0x3ec300	_ZN7Walaber6Camera7animateENS0_14CameraMovementENS_7Vector2ES2_f	Walaber::Camera::animate	no-ghidra-function
0x3ec424	_ZN7Walaber6Camera7animateENS0_14CameraMovementENS_7Vector2ES2_ff	Walaber::Camera::animate	no-ghidra-function
0x3ec548	_ZN7Walaber6Camera5shakeEfff	Walaber::Camera::shake	no-ghidra-function
0x3ec5ac	_ZN7Walaber6Camera9halfShakeEfff	Walaber::Camera::halfShake	no-ghidra-function
0x3ec614	_ZN7Walaber6Camera15dollyToPositionENS_7Vector2Ef	Walaber::Camera::dollyToPosition	no-ghidra-function
0x3ec674	_ZN7Walaber6Camera21linearDollyToPositionENS_7Vector2Ef	Walaber::Camera::linearDollyToPosition	no-ghidra-function
0x3ec6d4	_ZN7Walaber6Camera12zoomToFactorEff	Walaber::Camera::zoomToFactor	no-ghidra-function
0x3ec74c	_ZN7Walaber6Camera11zoomToWidthEff	Walaber::Camera::zoomToWidth	no-ghidra-function
0x3ec7c8	_ZN7Walaber6Camera12zoomToHeightEff	Walaber::Camera::zoomToHeight	no-ghidra-function
0x3ec83c	_ZN7Walaber6Camera13endAnimationsEb	Walaber::Camera::endAnimations	no-ghidra-function
0x3ec918	_ZN7Walaber6Camera15clearAnimationsEv	Walaber::Camera::clearAnimations	no-ghidra-function
0x3ec954	_ZN7Walaber6Camera11isAnimatingEv	Walaber::Camera::isAnimating	no-ghidra-function
0x3ec9ac	_ZN7Walaber6Camera16numAnimationTypeENS0_14CameraMovementE	Walaber::Camera::numAnimationType	no-ghidra-function
0x3ec9e8	_ZN7Walaber6Camera13screenToWorldERKNS_7Vector2E	Walaber::Camera::screenToWorld	no-ghidra-function
0x3eca34	_ZN7Walaber6Camera13worldToScreenERKNS_7Vector2E	Walaber::Camera::worldToScreen	no-ghidra-function
0x3eca84	_ZN7Walaber6Camera21screenSizeToWorldSizeERKNS_7Vector2E	Walaber::Camera::screenSizeToWorldSize	no-ghidra-function
0x3ecaa8	_ZN7Walaber6Camera21worldSizeToScreenSizeERKNS_7Vector2E	Walaber::Camera::worldSizeToScreenSize	no-ghidra-function
0x3ecacc	_ZN7Walaber6Camera6updateEf	Walaber::Camera::update	no-ghidra-function
0x3ece54	_ZN7Walaber6Camera14updateViewportEv	Walaber::Camera::updateViewport	no-ghidra-function
0x3eceac	_ZN7Walaber6Camera14updateViewportEb	Walaber::Camera::updateViewport	no-ghidra-function
0x3ecf1c	_ZN7Walaber6Camera15restoreViewportEv	Walaber::Camera::restoreViewport	no-ghidra-function
0x3ecf54	_ZNSt6__ndk16vectorIN7Walaber7Vector2ENS_9allocatorIS2_EEE21__push_back_slow_pathIRKS2_EEvOT_	std::__ndk1::vector<Walaber::Vector2, std::__ndk1::allocator<Walaber>>::__push_back_slow_path<Walaber const&>	no-ghidra-function
0x3ed084	_ZNSt6__ndk114__split_bufferIN7Walaber7Vector2ERNS_9allocatorIS2_EEEC2EmmS5_	__split_buffer<Walaber::Vector2, std::__ndk1::allocator<Walaber>&>::__split_buffer	no-ghidra-function
0x3ed134	_ZNSt6__ndk16vectorIN7Walaber7Vector2ENS_9allocatorIS2_EEE26__swap_out_circular_bufferERNS_14__split_bufferIS2_RS4_EE	std::__ndk1::vector<Walaber::Vector2, std::__ndk1::allocator<Walaber>>::__swap_out_circular_buffer	no-ghidra-function
0x3ed1b0	_ZNSt6__ndk16vectorIfNS_9allocatorIfEEE21__push_back_slow_pathIfEEvOT_	std::__ndk1::vector<float, std::__ndk1::allocator<float>>::__push_back_slow_path<float>	no-ghidra-function
0x3ed2d4	_ZN7Walaber16CameraControllerC2Ev	CameraController::CameraController	no-ghidra-function
0x3ed330	_ZN7Walaber16CameraControllerD2Ev	CameraController::~CameraController	no-ghidra-function
0x3ed3b0	_ZN7Walaber16CameraController10initCameraEPNS_6CameraE	Walaber::CameraController::initCamera	no-ghidra-function
0x3ed3c8	_ZN7Walaber16CameraController6updateEf	Walaber::CameraController::update	no-ghidra-function
0x3ed6fc	_ZN7Walaber16CameraController13queueMovementENS_7Vector2ES1_fffb	Walaber::CameraController::queueMovement	no-ghidra-function
0x3ed830	_ZNSt6__ndk16vectorIbNS_9allocatorIbEEE9push_backERKb	std::__ndk1::vector<bool, std::__ndk1::allocator<bool>>::push_back	no-ghidra-function
0x3ed8d8	_ZN7Walaber16CameraController11setMovementENS_7Vector2ES1_	Walaber::CameraController::setMovement	no-ghidra-function
0x3ed950	_ZN7Walaber16CameraController11restoreOrigEv	Walaber::CameraController::restoreOrig	no-ghidra-function
0x3ed9fc	_ZN7Walaber16CameraController10clearQueueEv	Walaber::CameraController::clearQueue	no-ghidra-function
0x3eda54	_ZN7Walaber16CameraController11endMovementEb	Walaber::CameraController::endMovement	no-ghidra-function
0x3eda60	_ZN7Walaber16CameraController11isAnimatingEv	Walaber::CameraController::isAnimating	no-ghidra-function
0x3eda9c	_ZNSt6__ndk114__copy_alignedINS_6vectorIbNS_9allocatorIbEEEELb1EEENS_14__bit_iteratorIT_Lb0EXLi0EEEENS5_IS6_XT0_EXLi0EEEES8_S7_	std::__ndk1::__copy_aligned<std::__ndk1::vector<bool, std::__ndk1::allocator<bool>>, bool>	no-ghidra-function
0x3edbd8	_ZNSt6__ndk116__copy_unalignedINS_6vectorIbNS_9allocatorIbEEEELb1EEENS_14__bit_iteratorIT_Lb0EXLi0EEEENS5_IS6_XT0_EXLi0EEEES8_S7_	std::__ndk1::__copy_unaligned<std::__ndk1::vector<bool, std::__ndk1::allocator<bool>>, bool>	no-ghidra-function
0x3ede3c	_ZNSt6__ndk16vectorIbNS_9allocatorIbEEE7reserveEm	std::__ndk1::vector<bool, std::__ndk1::allocator<bool>>::reserve	no-ghidra-function
0x3edf1c	_ZNSt6__ndk16vectorIbNS_9allocatorIbEEE11__vallocateEm	std::__ndk1::vector<bool, std::__ndk1::allocator<bool>>::__vallocate	no-ghidra-function
0x3edf60	_ZNSt6__ndk16vectorIbNS_9allocatorIbEEE18__construct_at_endINS_14__bit_iteratorIS3_Lb0ELm0EEEEENS_9enable_ifIXsr21__is_forward_iteratorIT_EE5valueEvE4typeES8_S8_	_ZNSt6__ndk16vectorIbNS_9allocatorIbEEE18__construct_at_endINS_14__bit_iteratorIS3_Lb0ELm0EEEEENS_9enable_ifIXsr21__is_forward_iteratorIT_EE5valueEvE4typeES8_S8_	no-ghidra-function
0x3ee080	_ZNSt6__ndk114__copy_alignedINS_6vectorIbNS_9allocatorIbEEEELb0EEENS_14__bit_iteratorIT_Lb0EXLi0EEEENS5_IS6_XT0_EXLi0EEEES8_S7_	_ZNSt6__ndk114__copy_alignedINS_6vectorIbNS_9allocatorIbEEEELb0EEENS_14__bit_iteratorIT_Lb0EXLi0EEEENS5_IS6_XT0_EXLi0EEEES8_S7_	no-ghidra-function
0x3ee1dc	_ZNSt6__ndk116__copy_unalignedINS_6vectorIbNS_9allocatorIbEEEELb0EEENS_14__bit_iteratorIT_Lb0EXLi0EEEENS5_IS6_XT0_EXLi0EEEES8_S7_	_ZNSt6__ndk116__copy_unalignedINS_6vectorIbNS_9allocatorIbEEEELb0EEENS_14__bit_iteratorIT_Lb0EXLi0EEEENS5_IS6_XT0_EXLi0EEEES8_S7_	no-ghidra-function
0x3ee438	_ZN7Walaber10ComicStripC2Ev	ComicStrip::ComicStrip	no-ghidra-function
0x3ee614	_ZN7Walaber10ComicStripD2Ev	ComicStrip::~ComicStrip	no-ghidra-function
0x3ee720	_ZN7Walaber10ComicStrip6updateEf	Walaber::ComicStrip::update	no-ghidra-function
0x3ee950	_ZN7Walaber10ComicStrip12advancePanelEv	Walaber::ComicStrip::advancePanel	no-ghidra-function
0x3eea68	_ZN7Walaber10ComicStrip4drawERNS_11SpriteBatchE	Walaber::ComicStrip::draw	no-ghidra-function
0x3eebd4	_ZN7Walaber10ComicStrip8addPanelENS_9SharedPtrINS_7TextureEEE	Walaber::ComicStrip::addPanel	no-ghidra-function
0x3eed38	_ZN7Walaber10ComicStrip8addPanelENS_9SharedPtrINS_7TextureEEENS_12PropertyListE	Walaber::ComicStrip::addPanel	no-ghidra-function
0x3efa4c	_ZN7Walaber10ComicStrip11handleTouchEv	Walaber::ComicStrip::handleTouch	no-ghidra-function
0x3efb30	_ZNSt6__ndk16vectorIN7Walaber7Vector2ENS_9allocatorIS2_EEE21__push_back_slow_pathIS2_EEvOT_	std::__ndk1::vector<Walaber::Vector2, std::__ndk1::allocator<Walaber>>::__push_back_slow_path<Walaber>	no-ghidra-function
0x3efc60	_ZNSt6__ndk16vectorIN7Walaber4RectENS_9allocatorIS2_EEE21__push_back_slow_pathIS2_EEvOT_	std::__ndk1::vector<Walaber::Rect, std::__ndk1::allocator<Walaber>>::__push_back_slow_path<Walaber>	no-ghidra-function
0x3efd9c	_ZNSt6__ndk114__split_bufferIN7Walaber4RectERNS_9allocatorIS2_EEEC2EmmS5_	__split_buffer<Walaber::Rect, std::__ndk1::allocator<Walaber>&>::__split_buffer	no-ghidra-function
0x3efe4c	_ZNSt6__ndk16vectorIN7Walaber4RectENS_9allocatorIS2_EEE26__swap_out_circular_bufferERNS_14__split_bufferIS2_RS4_EE	std::__ndk1::vector<Walaber::Rect, std::__ndk1::allocator<Walaber>>::__swap_out_circular_buffer	no-ghidra-function
0x3efed0	_ZNSt6__ndk13mapINS_12basic_stringIcNS_11char_traitsIcEENS_9allocatorIcEEEEjNS_4lessIS6_EENS4_INS_4pairIKS6_jEEEEED2Ev	map<std::__ndk1::basic_string<char, std::__ndk1::char_traits<char>, std::__ndk1::allocator<char>>, unsigned int, std::__ndk1::less<std::__ndk1::allocator<char>>, std::__ndk1::char_traits<char><std::__ndk1::pair<std::__ndk1::allocator<char> const, unsigned int>>>::~map	no-ghidra-function
0x3efed8	_ZN7Walaber8DeepLinkC2Ev	DeepLink::DeepLink	no-ghidra-function
0x3efedc	_ZN7Walaber8DeepLinkD2Ev	DeepLink::~DeepLink	no-ghidra-function
0x3efee0	_ZN7Walaber8DeepLink14RegisterScreenEjNSt6__ndk112basic_stringIcNS1_11char_traitsIcEENS1_9allocatorIcEEEE	Walaber::DeepLink::RegisterScreen	no-ghidra-function
0x3eff6c	_ZN7Walaber8DeepLink10InitialiseEv	Walaber::DeepLink::Initialise	no-ghidra-function
0x3f00e0	_ZN7Walaber8DeepLink16UnregisterScreenEj	Walaber::DeepLink::UnregisterScreen	no-ghidra-function
0x3f016c	_ZN7Walaber8DeepLink16UnregisterScreenENSt6__ndk112basic_stringIcNS1_11char_traitsIcEENS1_9allocatorIcEEEE	Walaber::DeepLink::UnregisterScreen	no-ghidra-function
0x3f0180	_ZN7Walaber8DeepLink15OnScreenCommandEPv	Walaber::DeepLink::OnScreenCommand	no-ghidra-function
0x3f03b8	_ZNSt6__ndk16__treeINS_12__value_typeINS_12basic_stringIcNS_11char_traitsIcEENS_9allocatorIcEEEEjEENS_19__map_value_compareIS7_S8_NS_4lessIS7_EELb1EEENS5_IS8_EEE5eraseENS_21__tree_const_iteratorIS8_PNS_11__tree_nodeIS8_PvEElEE	std::__ndk1::__tree<std::__ndk1::__value_type<std::__ndk1::basic_string<char, std::__ndk1::char_traits<char>, std::__ndk1::allocator<char>>, unsigned int>, std::__ndk1::__map_value_compare<std::__ndk1::allocator<char>, std::__ndk1::basic_string<char, std::__ndk1::char_traits<char>, std::__ndk1::allocator<char>>, std::__ndk1::less<std::__ndk1::allocator<char>>, bool>>::std::__ndk1::char_traits<char><std::__ndk1::basic_string<char, std::__ndk1::char_traits<char>, std::__ndk1::allocator<char>>>	no-ghidra-function
0x3f045c	_ZNSt6__ndk16__treeINS_12__value_typeINS_12basic_stringIcNS_11char_traitsIcEENS_9allocatorIcEEEEjEENS_19__map_value_compareIS7_S8_NS_4lessIS7_EELb1EEENS5_IS8_EEE14__erase_uniqueIS7_EEmRKT_	std::__ndk1::__tree<std::__ndk1::__value_type<std::__ndk1::basic_string<char, std::__ndk1::char_traits<char>, std::__ndk1::allocator<char>>, unsigned int>, std::__ndk1::__map_value_compare<std::__ndk1::allocator<char>, std::__ndk1::basic_string<char, std::__ndk1::char_traits<char>, std::__ndk1::allocator<char>>, std::__ndk1::less<std::__ndk1::allocator<char>>, bool>>::std::__ndk1::char_traits<char><std::__ndk1::basic_string<char, std::__ndk1::char_traits<char>, std::__ndk1::allocator<char>>>	no-ghidra-function
0x3f04bc	_ZNSt6__ndk18multimapIjN7Walaber9SharedPtrINS1_8CallbackEEENS_4lessIjEENS_9allocatorINS_4pairIKjS4_EEEEED2Ev	multimap<unsigned int, Walaber::SharedPtr<std::__ndk1::multimap::Callback>, std::__ndk1::less<unsigned int>, std::__ndk1::allocator<std::__ndk1::pair<unsigned int const, std::__ndk1::multimap::Callback>>>::~multimap	no-ghidra-function
0x3f04dc	_ZN7Walaber13ScreenManager18removeScreenLoaderENS_9SharedPtrINS_8CallbackEEE	Walaber::ScreenManager::removeScreenLoader	no-ghidra-function
0x3f056c	_ZN7Walaber13ScreenManager18beginScreenChangesENS0_18ScreenChangeMethodE	Walaber::ScreenManager::beginScreenChanges	no-ghidra-function
0x3f057c	_ZN7Walaber13ScreenManager10pushScreenEj	Walaber::ScreenManager::pushScreen	no-ghidra-function
0x3f0708	_ZN7Walaber13ScreenManager10pushScreenEjRKNS_12PropertyListE	Walaber::ScreenManager::pushScreen	no-ghidra-function
0x3f08a8	_ZN7Walaber13ScreenManager10swapScreenEj	Walaber::ScreenManager::swapScreen	no-ghidra-function
0x3f0a30	_ZN7Walaber13ScreenManager10swapScreenEjRKNS_12PropertyListE	Walaber::ScreenManager::swapScreen	no-ghidra-function
0x3f0bcc	_ZN7Walaber13ScreenManager9popScreenEbb	Walaber::ScreenManager::popScreen	no-ghidra-function
0x3f0d74	_ZNSt6__ndk16vectorIN7Walaber13ScreenManager22ScreenOperationDetailsENS_9allocatorIS3_EEE6insertENS_11__wrap_iterIPKS3_EERS8_	std::__ndk1::vector<Walaber::ScreenManager::ScreenOperationDetails, std::__ndk1::allocator<Walaber::ScreenManager>>::insert	no-ghidra-function
0x3f1194	_ZN7Walaber13ScreenManager13popAllScreensEv	Walaber::ScreenManager::popAllScreens	no-ghidra-function
0x3f131c	_ZN7Walaber13ScreenManager9stopFlushEv	Walaber::ScreenManager::stopFlush	no-ghidra-function
0x3f1490	_ZN7Walaber13ScreenManager19commitScreenChangesEv	Walaber::ScreenManager::commitScreenChanges	no-ghidra-function
0x3f14a0	_ZN7Walaber13ScreenManager19commitScreenChangesEjf	Walaber::ScreenManager::commitScreenChanges	no-ghidra-function
0x3f1574	_ZN7Walaber13ScreenManager19commitScreenChangesENSt6__ndk16vectorIjNS1_9allocatorIjEEEEf	Walaber::ScreenManager::commitScreenChanges	no-ghidra-function
0x3f1650	_ZNSt6__ndk16vectorIjNS_9allocatorIjEEEC2ERKS3_	vector<unsigned int, std::__ndk1::allocator<unsigned int>>::vector	no-ghidra-function
0x3f16d4	_ZN7Walaber13ScreenManager19commitScreenChangesEjfRKNS_12PropertyListE	Walaber::ScreenManager::commitScreenChanges	no-ghidra-function
0x3f17b0	_ZN7Walaber13ScreenManager19commitScreenChangesENSt6__ndk16vectorIjNS1_9allocatorIjEEEEfRKNS_12PropertyListE	Walaber::ScreenManager::commitScreenChanges	no-ghidra-function
0x3f189c	_ZN7Walaber13ScreenManager6updateEf	Walaber::ScreenManager::update	no-ghidra-function
0x3f1b80	_ZN7Walaber13ScreenManager8_goFlushEv	Walaber::ScreenManager::_goFlush	no-ghidra-function
0x3f20e8	_ZN7Walaber13ScreenManager7peekTopEv	Walaber::ScreenManager::peekTop	no-ghidra-function
0x3f210c	_ZN7Walaber13ScreenManager4drawENS0_8DrawModeE	Walaber::ScreenManager::draw	no-ghidra-function
0x3f227c	_ZN7Walaber13ScreenManager9touchDownEiNS_7Vector2E	Walaber::ScreenManager::touchDown	no-ghidra-function
0x3f23a4	_ZN7Walaber13ScreenManager10touchMovedEiNS_7Vector2ES1_	Walaber::ScreenManager::touchMoved	no-ghidra-function
0x3f24fc	_ZN7Walaber13ScreenManager20accelerometerChangedEfff	Walaber::ScreenManager::accelerometerChanged	no-ghidra-function
0x3f2598	_ZN7Walaber13ScreenManager7touchUpEiNS_7Vector2E	Walaber::ScreenManager::touchUp	no-ghidra-function
0x3f26c8	_ZN7Walaber13ScreenManager9touchLostEi	Walaber::ScreenManager::touchLost	no-ghidra-function
0x3f2778	_ZN7Walaber13ScreenManager15isTransitioningEv	Walaber::ScreenManager::isTransitioning	no-ghidra-function
0x3f2790	_ZN7Walaber13ScreenManager11getScreenAtEi	Walaber::ScreenManager::getScreenAt	no-ghidra-function
0x3f27a4	_ZN7Walaber13ScreenManager17getScreenWithNameEj	Walaber::ScreenManager::getScreenWithName	no-ghidra-function
0x3f27f4	_ZN7Walaber13ScreenManager11_pushScreenEPNS_10GameScreenE	Walaber::ScreenManager::_pushScreen	no-ghidra-function
0x3f28a8	_ZN7Walaber13ScreenManager10_popScreenEb	Walaber::ScreenManager::_popScreen	no-ghidra-function
0x3f2978	_ZN7Walaber13ScreenManager11_swapScreenEPNS_10GameScreenE	Walaber::ScreenManager::_swapScreen	no-ghidra-function
0x3f2a2c	_ZN7Walaber13ScreenManager23recreateGraphicsContextEv	Walaber::ScreenManager::recreateGraphicsContext	no-ghidra-function
0x3f2a90	_ZNSt6__ndk16__treeINS_12__value_typeIjN7Walaber9SharedPtrINS2_8CallbackEEEEENS_19__map_value_compareIjS6_NS_4lessIjEELb1EEENS_9allocatorIS6_EEE7destroyEPNS_11__tree_nodeIS6_PvEE	std::__ndk1::__tree<std::__ndk1::__value_type<unsigned int, Walaber::SharedPtr<std::__ndk1::__value_type::Callback>>, std::__ndk1::__map_value_compare<unsigned int, Walaber::SharedPtr<std::__ndk1::__value_type::Callback>, std::__ndk1::less<unsigned int>, bool>>::std::__ndk1::allocator<Walaber::SharedPtr<std::__ndk1::__value_type::Callback>>	no-ghidra-function
0x3f2ad8	_ZNSt6__ndk113__vector_baseIN7Walaber13ScreenManager22ScreenOperationDetailsENS_9allocatorIS3_EEED2Ev	__vector_base<Walaber::ScreenManager::ScreenOperationDetails, std::__ndk1::allocator<Walaber::ScreenManager>>::~__vector_base	no-ghidra-function
0x3f2b48	_ZNSt6__ndk16__treeINS_12__value_typeIjN7Walaber9SharedPtrINS2_8CallbackEEEEENS_19__map_value_compareIjS6_NS_4lessIjEELb1EEENS_9allocatorIS6_EEE5eraseENS_21__tree_const_iteratorIS6_PNS_11__tree_nodeIS6_PvEElEE	std::__ndk1::__tree<std::__ndk1::__value_type<unsigned int, Walaber::SharedPtr<std::__ndk1::__value_type::Callback>>, std::__ndk1::__map_value_compare<unsigned int, Walaber::SharedPtr<std::__ndk1::__value_type::Callback>, std::__ndk1::less<unsigned int>, bool>>::std::__ndk1::allocator<Walaber::SharedPtr<std::__ndk1::__value_type::Callback>>	no-ghidra-function
0x3f2be4	_ZNSt6__ndk16vectorIN7Walaber13ScreenManager22ScreenOperationDetailsENS_9allocatorIS3_EEE21__push_back_slow_pathIRKS3_EEvOT_	std::__ndk1::vector<Walaber::ScreenManager::ScreenOperationDetails, std::__ndk1::allocator<Walaber::ScreenManager>>::__push_back_slow_path<Walaber::ScreenManager const&>	no-ghidra-function
0x3f2d98	_ZNSt6__ndk114__split_bufferIN7Walaber13ScreenManager22ScreenOperationDetailsERNS_9allocatorIS3_EEEC2EmmS6_	__split_buffer<Walaber::ScreenManager::ScreenOperationDetails, std::__ndk1::allocator<Walaber::ScreenManager>&>::__split_buffer	no-ghidra-function
0x3f2e5c	_ZNSt6__ndk16vectorIN7Walaber13ScreenManager22ScreenOperationDetailsENS_9allocatorIS3_EEE26__swap_out_circular_bufferERNS_14__split_bufferIS3_RS5_EE	std::__ndk1::vector<Walaber::ScreenManager::ScreenOperationDetails, std::__ndk1::allocator<Walaber::ScreenManager>>::__swap_out_circular_buffer	no-ghidra-function
0x3f2fa4	_ZNSt6__ndk114__split_bufferIN7Walaber13ScreenManager22ScreenOperationDetailsERNS_9allocatorIS3_EEED2Ev	__split_buffer<Walaber::ScreenManager::ScreenOperationDetails, std::__ndk1::allocator<Walaber::ScreenManager>&>::~__split_buffer	no-ghidra-function
0x3f2ff8	_ZNSt6__ndk16vectorIN7Walaber13ScreenManager22ScreenOperationDetailsENS_9allocatorIS3_EEE12__move_rangeEPS3_S7_S7_	std::__ndk1::vector<Walaber::ScreenManager::ScreenOperationDetails, std::__ndk1::allocator<Walaber::ScreenManager>>::__move_range	no-ghidra-function
0x3f34a4	_ZNSt6__ndk16vectorIjNS_9allocatorIjEEE21__push_back_slow_pathIRKjEEvOT_	std::__ndk1::vector<unsigned int, std::__ndk1::allocator<unsigned int>>::__push_back_slow_path<unsigned int const&>	no-ghidra-function
0x3f3678	_ZNSt6__ndk16vectorIjNS_9allocatorIjEEE11__vallocateEm	std::__ndk1::vector<unsigned int, std::__ndk1::allocator<unsigned int>>::__vallocate	no-ghidra-function
0x3f37e4	_ZNSt6__ndk114__split_bufferIPN7Walaber10TransitionERNS_9allocatorIS3_EEEC2EmmS6_	__split_buffer<Walaber::Transition*, std::__ndk1::allocator<Walaber::Transition>&>::__split_buffer	no-ghidra-function
0x3f39bc	_ZNSt6__ndk114__split_bufferIPN7Walaber10GameScreenERNS_9allocatorIS3_EEEC2EmmS6_	__split_buffer<Walaber::GameScreen*, std::__ndk1::allocator<Walaber::GameScreen>&>::__split_buffer	no-ghidra-function
0x3f3d8c	_ZNSt6__ndk16vectorIN7Walaber13ScreenManager22ScreenOperationDetailsENS_9allocatorIS3_EEE11__vallocateEm	std::__ndk1::vector<Walaber::ScreenManager::ScreenOperationDetails, std::__ndk1::allocator<Walaber::ScreenManager>>::__vallocate	no-ghidra-function
0x3f3ddc	_ZN7Walaber16TransitionLoader25transitionFromNameDefaultEPv	Walaber::TransitionLoader::transitionFromNameDefault	no-ghidra-function
0x3f3ebc	_ZNSt6__ndk16vectorIN7Walaber9SharedPtrINS1_8CallbackEEENS_9allocatorIS4_EEEC2EmRKS4_	vector<Walaber::SharedPtr<std::__ndk1::vector::Callback>, std::__ndk1::allocator<std::__ndk1::vector::Callback>>::vector	no-ghidra-function
0x3f3f50	_ZN7Walaber16TransitionLoader16createTransitionEj	Walaber::TransitionLoader::createTransition	no-ghidra-function
0x3f3fe4	_ZNSt6__ndk16vectorIN7Walaber9SharedPtrINS1_8CallbackEEENS_9allocatorIS4_EEE11__vallocateEm	std::__ndk1::vector<Walaber::SharedPtr<std::__ndk1::vector::Callback>, std::__ndk1::allocator<std::__ndk1::vector::Callback>>::__vallocate	no-ghidra-function
0x3f40f8	_ZN7Walaber10TransitionD2Ev	Transition::~Transition	no-ghidra-function
0x3f4138	_ZN7Walaber10Transition5setupEf	Walaber::Transition::setup	no-ghidra-function
0x3f450c	_ZN7Walaber10Transition6updateEf	Walaber::Transition::update	no-ghidra-function
0x3f4514	_ZN7Walaber10Transition4drawEv	Walaber::Transition::draw	no-ghidra-function
0x3f4518	_ZN7Walaber10Transition9_drawFontEv	Walaber::Transition::_drawFont	no-ghidra-function
0x3f45cc	_ZN7Walaber16Transition_BlockC2Ev	Transition_Block::Transition_Block	no-ghidra-function
0x3f4648	_ZN7Walaber16Transition_Block5setupEf	Walaber::Transition_Block::setup	no-ghidra-function
0x3f4aac	_ZN7Walaber16Transition_Block4drawEv	Walaber::Transition_Block::draw	no-ghidra-function
0x3f4c2c	_ZN7Walaber15Transition_FadeC2Ev	Transition_Fade::Transition_Fade	no-ghidra-function
0x3f4c7c	_ZN7Walaber15Transition_FadeD2Ev	Transition_Fade::~Transition_Fade	no-ghidra-function
0x3f4c80	_ZN7Walaber15Transition_Fade5setupEf	Walaber::Transition_Fade::setup	no-ghidra-function
0x3f4cdc	_ZN7Walaber15Transition_Fade5setupEfRKNS_12PropertyListE	Walaber::Transition_Fade::setup	no-ghidra-function
0x3f52d8	_ZN7Walaber15Transition_Iris5setupEf	Walaber::Transition_Iris::setup	no-ghidra-function
0x3f5cc0	_ZNSt6__ndk114__split_bufferIN7Walaber15Transition_Iris9BladeInfoERNS_9allocatorIS3_EEEC2EmmS6_	__split_buffer<Walaber::Transition_Iris::BladeInfo, std::__ndk1::allocator<Walaber::Transition_Iris>&>::__split_buffer	no-ghidra-function
0x3f5d84	_ZNSt6__ndk16vectorIN7Walaber15Transition_Iris9BladeInfoENS_9allocatorIS3_EEE26__swap_out_circular_bufferERNS_14__split_bufferIS3_RS5_EE	std::__ndk1::vector<Walaber::Transition_Iris::BladeInfo, std::__ndk1::allocator<Walaber::Transition_Iris>>::__swap_out_circular_buffer	no-ghidra-function
0x3f6124	_ZN7Walaber16Transition_Slide8_goIntroEv	Walaber::Transition_Slide::_goIntro	no-ghidra-function
0x3f6690	_ZN7Walaber16Transition_Slide8_goOutroEv	Walaber::Transition_Slide::_goOutro	no-ghidra-function
0x3f6948	_ZN7Walaber16Transition_Slide26_renderGameScreenToTextureEv	Walaber::Transition_Slide::_renderGameScreenToTexture	no-ghidra-function
0x3f69e4	_ZN7Walaber23Transition_Widget_SlideC2Ev	Transition_Widget_Slide::Transition_Widget_Slide	no-ghidra-function
0x3f6a44	_ZN7Walaber23Transition_Widget_SlideD2Ev	Transition_Widget_Slide::~Transition_Widget_Slide	no-ghidra-function
0x3f6a80	_ZN7Walaber23Transition_Widget_Slide5setupEf	Walaber::Transition_Widget_Slide::setup	no-ghidra-function
0x3f6ae0	_ZN7Walaber23Transition_Widget_Slide5setupEfRKNS_12PropertyListE	Walaber::Transition_Widget_Slide::setup	no-ghidra-function
0x3f6ee0	_ZN7Walaber23Transition_Widget_Slide6updateEf	Walaber::Transition_Widget_Slide::update	no-ghidra-function
0x3f73c0	_ZN7Walaber23Transition_Widget_Slide18_findWidgetsInAABBEv	Walaber::Transition_Widget_Slide::_findWidgetsInAABB	no-ghidra-function
0x3f74d0	_ZN7Walaber23Transition_Widget_Slide21_updateWidgetManagersEf	Walaber::Transition_Widget_Slide::_updateWidgetManagers	no-ghidra-function
0x3f7694	_ZN7Walaber23Transition_Widget_Slide21_offsetWidgetManagersERKNS_7Vector2E	Walaber::Transition_Widget_Slide::_offsetWidgetManagers	no-ghidra-function
0x3f7734	_ZN7Walaber23Transition_Widget_Slide24_setPositionsByDirectionENS_4AABBE	Walaber::Transition_Widget_Slide::_setPositionsByDirection	no-ghidra-function
0x3f7874	_ZN7Walaber23Transition_Widget_Slide4drawEv	Walaber::Transition_Widget_Slide::draw	no-ghidra-function
0x3f7904	_ZNSt6__ndk16__treeINS_12__value_typeIPN7Walaber6WidgetEfEENS_19__map_value_compareIS4_S5_NS_4lessIS4_EELb1EEENS_9allocatorIS5_EEE7destroyEPNS_11__tree_nodeIS5_PvEE	std::__ndk1::__tree<std::__ndk1::__value_type<Walaber::Widget*, float>, std::__ndk1::__map_value_compare<Walaber::Widget, std::__ndk1::__value_type<Walaber::Widget*, float>, std::__ndk1::less<Walaber::Widget>, bool>>::std::__ndk1::allocator<std::__ndk1::__value_type<Walaber::Widget*, float>>	no-ghidra-function
0x3f7944	_ZNSt6__ndk16__treeINS_12__value_typeIPN7Walaber6WidgetEfEENS_19__map_value_compareIS4_S5_NS_4lessIS4_EELb1EEENS_9allocatorIS5_EEE25__emplace_unique_key_argsIS4_JRKNS_21piecewise_construct_tENS_5tupleIJRKS4_EEENSH_IJEEEEEENS_4pairINS_15__tree_iteratorIS5_PNS_11__tree_nodeIS5_PvEElEEbEERKT_DpOT0_	std::__ndk1::__tree<std::__ndk1::__value_type<Walaber::Widget*, float>, std::__ndk1::__map_value_compare<Walaber::Widget, std::__ndk1::__value_type<Walaber::Widget*, float>, std::__ndk1::less<Walaber::Widget>, bool>>::std::__ndk1::allocator<std::__ndk1::__value_type<Walaber::Widget*, float>>	no-ghidra-function
0x3f7a18	_ZNSt6__ndk16__treeINS_12__value_typeIPN7Walaber6WidgetEfEENS_19__map_value_compareIS4_S5_NS_4lessIS4_EELb1EEENS_9allocatorIS5_EEE16__insert_node_atEPNS_15__tree_end_nodeIPNS_16__tree_node_baseIPvEEEERSH_SH_	std::__ndk1::__tree<std::__ndk1::__value_type<Walaber::Widget*, float>, std::__ndk1::__map_value_compare<Walaber::Widget, std::__ndk1::__value_type<Walaber::Widget*, float>, std::__ndk1::less<Walaber::Widget>, bool>>::std::__ndk1::allocator<std::__ndk1::__value_type<Walaber::Widget*, float>>	no-ghidra-function
0x3f7a6c	_ZN7Walaber15Transition_WipeC2Ev	Transition_Wipe::Transition_Wipe	no-ghidra-function
0x3f7ab0	_ZN7Walaber15Transition_WipeD2Ev	Transition_Wipe::~Transition_Wipe	no-ghidra-function
0x3f7ab4	_ZN7Walaber15Transition_Wipe5setupEf	Walaber::Transition_Wipe::setup	no-ghidra-function
0x3f7b2c	_ZN7Walaber15Transition_Wipe5setupEfRKNS_12PropertyListE	Walaber::Transition_Wipe::setup	no-ghidra-function
0x3f8100	_ZN7Walaber12StringHelper5splitERKNSt6__ndk112basic_stringIcNS1_11char_traitsIcEENS1_9allocatorIcEEEEcRNS1_6vectorIS7_NS5_IS7_EEEE	Walaber::StringHelper::split	no-ghidra-function
0x3f84e8	_ZNSt6__ndk118basic_stringstreamIcNS_11char_traitsIcEENS_9allocatorIcEEED1Ev	basic_stringstream<char, std::__ndk1::char_traits<char>, std::__ndk1::allocator<char>>::~basic_stringstream	no-ghidra-function
0x3f855c	_ZN7Walaber12StringHelper5splitERKNSt6__ndk112basic_stringIcNS1_11char_traitsIcEENS1_9allocatorIcEEEEc	Walaber::StringHelper::split	no-ghidra-function
0x3f8698	_ZN7Walaber12StringHelper12getExtensionERKNSt6__ndk112basic_stringIcNS1_11char_traitsIcEENS1_9allocatorIcEEEE	Walaber::StringHelper::getExtension	no-ghidra-function
0x3f8740	_ZN7Walaber12StringHelper15changeExtensionERKNSt6__ndk112basic_stringIcNS1_11char_traitsIcEENS1_9allocatorIcEEEES9_	Walaber::StringHelper::changeExtension	no-ghidra-function
0x3f88d4	_ZN7Walaber12StringHelper7getPathERKNSt6__ndk112basic_stringIcNS1_11char_traitsIcEENS1_9allocatorIcEEEE	Walaber::StringHelper::getPath	no-ghidra-function
0x3f8934	_ZN7Walaber12StringHelper10removePathERKNSt6__ndk112basic_stringIcNS1_11char_traitsIcEENS1_9allocatorIcEEEE	Walaber::StringHelper::removePath	no-ghidra-function
0x3f90d4	_ZThn16_NSt6__ndk118basic_stringstreamIcNS_11char_traitsIcEENS_9allocatorIcEEED1Ev	Thn16_NSt6__ndk118basic_stringstreamIcNS_11char_traitsIcEENS_9allocatorIcEEED1Ev	no-ghidra-function
0x3f91cc	_ZNSt6__ndk118basic_stringstreamIcNS_11char_traitsIcEENS_9allocatorIcEEED0Ev	basic_stringstream<char, std::__ndk1::char_traits<char>, std::__ndk1::allocator<char>>::~basic_stringstream	no-ghidra-function
0x3f9350	_ZNSt6__ndk115basic_stringbufIcNS_11char_traitsIcEENS_9allocatorIcEEED2Ev	basic_stringbuf<char, std::__ndk1::char_traits<char>, std::__ndk1::allocator<char>>::~basic_stringbuf	no-ghidra-function
0x3f9500	_ZNSt6__ndk115basic_stringbufIcNS_11char_traitsIcEENS_9allocatorIcEEE9underflowEv	std::__ndk1::basic_stringbuf<char, std::__ndk1::char_traits<char>, std::__ndk1::allocator<char>>::underflow	no-ghidra-function
0x3f9804	_ZNSt6__ndk112basic_stringIcNS_11char_traitsIcEENS_9allocatorIcEEE9__grow_byEmmmmmm	std::__ndk1::basic_string<char, std::__ndk1::char_traits<char>, std::__ndk1::allocator<char>>::__grow_by	no-ghidra-function
0x3f991c	_ZNSt6__ndk112basic_stringIcNS_11char_traitsIcEENS_9allocatorIcEEE6resizeEmc	std::__ndk1::basic_string<char, std::__ndk1::char_traits<char>, std::__ndk1::allocator<char>>::resize	no-ghidra-function
0x3f9978	_ZNSt6__ndk112basic_stringIcNS_11char_traitsIcEENS_9allocatorIcEEE6appendEmc	std::__ndk1::basic_string<char, std::__ndk1::char_traits<char>, std::__ndk1::allocator<char>>::append	no-ghidra-function
0x3f9b78	_ZNSt6__ndk13mapIN7Walaber8LanguageENS0_INS_12basic_stringIcNS_11char_traitsIcEENS_9allocatorIcEEEES8_NS_4lessIS8_EENS6_INS_4pairIKS8_S8_EEEEEENS9_IS2_EENS6_INSB_IKS2_SF_EEEEED2Ev	_ZNSt6__ndk13mapIN7Walaber8LanguageENS0_INS_12basic_stringIcNS_11char_traitsIcEENS_9allocatorIcEEEES8_NS_4lessIS8_EENS6_INS_4pairIKS8_S8_EEEEEENS9_IS2_EENS6_INSB_IKS2_SF_EEEEED2Ev	no-ghidra-function
0x3f9b80	_ZNSt6__ndk13mapIN7Walaber8LanguageENS0_INS_12basic_stringIcNS_11char_traitsIcEENS_9allocatorIcEEEENS1_11TextManager12SubtitleInfoENS_4lessIS8_EENS6_INS_4pairIKS8_SA_EEEEEENSB_IS2_EENS6_INSD_IKS2_SH_EEEEED2Ev	_ZNSt6__ndk13mapIN7Walaber8LanguageENS0_INS_12basic_stringIcNS_11char_traitsIcEENS_9allocatorIcEEEENS1_11TextManager12SubtitleInfoENS_4lessIS8_EENS6_INS_4pairIKS8_SA_EEEEEENSB_IS2_EENS6_INSD_IKS2_SH_EEEEED2Ev	no-ghidra-function
0x3f9ba0	_ZN7Walaber11TextManager8clearAllEv	Walaber::TextManager::clearAll	no-ghidra-function
0x3f9bdc	_ZN7Walaber11TextManager9getStringENSt6__ndk112basic_stringIcNS1_11char_traitsIcEENS1_9allocatorIcEEEENS_8LanguageE	Walaber::TextManager::getString	no-ghidra-function
0x3f9e7c	_ZN7Walaber11TextManager12stringExistsENSt6__ndk112basic_stringIcNS1_11char_traitsIcEENS1_9allocatorIcEEEE	Walaber::TextManager::stringExists	no-ghidra-function
0x3f9f10	_ZN7Walaber11TextManager11getSubtitleENSt6__ndk112basic_stringIcNS1_11char_traitsIcEENS1_9allocatorIcEEEENS_8LanguageE	Walaber::TextManager::getSubtitle	no-ghidra-function
0x3fa118	_ZN7Walaber11TextManager11getSubtitleENSt6__ndk112basic_stringIcNS1_11char_traitsIcEENS1_9allocatorIcEEEE	Walaber::TextManager::getSubtitle	no-ghidra-function
0x3fa1ac	_ZN7Walaber11TextManager14subtitleExistsENSt6__ndk112basic_stringIcNS1_11char_traitsIcEENS1_9allocatorIcEEEENS_8LanguageE	Walaber::TextManager::subtitleExists	no-ghidra-function
0x3fa248	_ZN7Walaber11TextManager14subtitleExistsENSt6__ndk112basic_stringIcNS1_11char_traitsIcEENS1_9allocatorIcEEEE	Walaber::TextManager::subtitleExists	no-ghidra-function
0x3fa2dc	_ZN7Walaber11TextManager17loadScriptFromTSVENSt6__ndk112basic_stringIcNS1_11char_traitsIcEENS1_9allocatorIcEEEERNS1_6vectorINS_8LanguageENS5_IS9_EEEE	Walaber::TextManager::loadScriptFromTSV	no-ghidra-function
0x3fb57c	_ZN7Walaber11TextManager16languageToStringENS_8LanguageE	Walaber::TextManager::languageToString	no-ghidra-function
0x3fc928	_ZN7Walaber11TextManager28getISOCodeForCurrentLanguageEv	Walaber::TextManager::getISOCodeForCurrentLanguage	no-ghidra-function
0x3fc938	_ZN7Walaber11TextManager21getISOCodeForLanguageENS_8LanguageE	Walaber::TextManager::getISOCodeForLanguage	no-ghidra-function
0x3fcb5c	_ZN7Walaber11TextManager43getISOLanguageCountryCodeForCurrentLanguageEv	Walaber::TextManager::getISOLanguageCountryCodeForCurrentLanguage	no-ghidra-function
0x3fd1ac	_ZN7Walaber11TextManager14getLanguageMapENS_8LanguageE	Walaber::TextManager::getLanguageMap	no-ghidra-function
0x3fd268	_ZN7Walaber11TextManager14getSubtitleMapENS_8LanguageE	Walaber::TextManager::getSubtitleMap	no-ghidra-function
0x3fd324	_ZNSt6__ndk16__treeINS_12__value_typeIN7Walaber8LanguageENS_3mapINS_12basic_stringIcNS_11char_traitsIcEENS_9allocatorIcEEEENS2_11TextManager12SubtitleInfoENS_4lessISA_EENS8_INS_4pairIKSA_SC_EEEEEEEENS_19__map_value_compareIS3_SK_NSD_IS3_EELb1EEENS8_ISK_EEE7destroyEPNS_11__tree_nodeISK_PvEE	_ZNSt6__ndk16__treeINS_12__value_typeIN7Walaber8LanguageENS_3mapINS_12basic_stringIcNS_11char_traitsIcEENS_9allocatorIcEEEENS2_11TextManager12SubtitleInfoENS_4lessISA_EENS8_INS_4pairIKSA_SC_EEEEEEEENS_19__map_value_compareIS3_SK_NSD_IS3_EELb1EEENS8_ISK_EEE7destroyEPNS_11__tree_nodeISK_PvEE	no-ghidra-function
0x3fd370	_ZNSt6__ndk16__treeINS_12__value_typeINS_12basic_stringIcNS_11char_traitsIcEENS_9allocatorIcEEEEN7Walaber11TextManager12SubtitleInfoEEENS_19__map_value_compareIS7_SB_NS_4lessIS7_EELb1EEENS5_ISB_EEE7destroyEPNS_11__tree_nodeISB_PvEE	_ZNSt6__ndk16__treeINS_12__value_typeINS_12basic_stringIcNS_11char_traitsIcEENS_9allocatorIcEEEEN7Walaber11TextManager12SubtitleInfoEEENS_19__map_value_compareIS7_SB_NS_4lessIS7_EELb1EEENS5_ISB_EEE7destroyEPNS_11__tree_nodeISB_PvEE	no-ghidra-function
0x3fd3e0	_ZNSt6__ndk16__treeINS_12__value_typeIiN7Walaber8LanguageEEENS_19__map_value_compareIiS4_NS_4lessIiEELb1EEENS_9allocatorIS4_EEE7destroyEPNS_11__tree_nodeIS4_PvEE	std::__ndk1::__tree<std::__ndk1::__value_type<int, Walaber::Language>, std::__ndk1::__map_value_compare<int, Walaber::Language, std::__ndk1::less<int>, bool>>::std::__ndk1::allocator<Walaber::Language>	no-ghidra-function
0x3fd420	_ZNKSt6__ndk16__treeINS_12__value_typeINS_12basic_stringIcNS_11char_traitsIcEENS_9allocatorIcEEEES7_EENS_19__map_value_compareIS7_S8_NS_4lessIS7_EELb1EEENS5_IS8_EEE4findIS7_EENS_21__tree_const_iteratorIS8_PNS_11__tree_nodeIS8_PvEElEERKT_	const std::__ndk1::__tree<std::__ndk1::__value_type<std::__ndk1::basic_string<char, std::__ndk1::char_traits<char>, std::__ndk1::allocator<char>>, std::__ndk1::allocator<char>>, std::__ndk1::__map_value_compare<std::__ndk1::allocator<char>, std::__ndk1::basic_string<char, std::__ndk1::char_traits<char>, std::__ndk1::allocator<char>>, std::__ndk1::less<std::__ndk1::allocator<char>>, bool>>::std::__ndk1::char_traits<char><std::__ndk1::basic_string<char, std::__ndk1::char_traits<char>, std::__ndk1::allocator<char>>>	no-ghidra-function
0x3fd4d8	_ZNKSt6__ndk16__treeINS_12__value_typeINS_12basic_stringIcNS_11char_traitsIcEENS_9allocatorIcEEEES7_EENS_19__map_value_compareIS7_S8_NS_4lessIS7_EELb1EEENS5_IS8_EEE13__lower_boundIS7_EENS_21__tree_const_iteratorIS8_PNS_11__tree_nodeIS8_PvEElEERKT_SK_PNS_15__tree_end_nodeIPNS_16__tree_node_baseISI_EEEE	const std::__ndk1::__tree<std::__ndk1::__value_type<std::__ndk1::basic_string<char, std::__ndk1::char_traits<char>, std::__ndk1::allocator<char>>, std::__ndk1::allocator<char>>, std::__ndk1::__map_value_compare<std::__ndk1::allocator<char>, std::__ndk1::basic_string<char, std::__ndk1::char_traits<char>, std::__ndk1::allocator<char>>, std::__ndk1::less<std::__ndk1::allocator<char>>, bool>>::std::__ndk1::char_traits<char><std::__ndk1::basic_string<char, std::__ndk1::char_traits<char>, std::__ndk1::allocator<char>>>	no-ghidra-function
0x3fd588	_ZNKSt6__ndk16__treeINS_12__value_typeINS_12basic_stringIcNS_11char_traitsIcEENS_9allocatorIcEEEEN7Walaber11TextManager12SubtitleInfoEEENS_19__map_value_compareIS7_SB_NS_4lessIS7_EELb1EEENS5_ISB_EEE4findIS7_EENS_21__tree_const_iteratorISB_PNS_11__tree_nodeISB_PvEElEERKT_	_ZNKSt6__ndk16__treeINS_12__value_typeINS_12basic_stringIcNS_11char_traitsIcEENS_9allocatorIcEEEEN7Walaber11TextManager12SubtitleInfoEEENS_19__map_value_compareIS7_SB_NS_4lessIS7_EELb1EEENS5_ISB_EEE4findIS7_EENS_21__tree_const_iteratorISB_PNS_11__tree_nodeISB_PvEElEERKT_	no-ghidra-function
0x3fd640	_ZNKSt6__ndk16__treeINS_12__value_typeINS_12basic_stringIcNS_11char_traitsIcEENS_9allocatorIcEEEEN7Walaber11TextManager12SubtitleInfoEEENS_19__map_value_compareIS7_SB_NS_4lessIS7_EELb1EEENS5_ISB_EEE13__lower_boundIS7_EENS_21__tree_const_iteratorISB_PNS_11__tree_nodeISB_PvEElEERKT_SN_PNS_15__tree_end_nodeIPNS_16__tree_node_baseISL_EEEE	_ZNKSt6__ndk16__treeINS_12__value_typeINS_12basic_stringIcNS_11char_traitsIcEENS_9allocatorIcEEEEN7Walaber11TextManager12SubtitleInfoEEENS_19__map_value_compareIS7_SB_NS_4lessIS7_EELb1EEENS5_ISB_EEE13__lower_boundIS7_EENS_21__tree_const_iteratorISB_PNS_11__tree_nodeISB_PvEElEERKT_SN_PNS_15__tree_end_nodeIPNS_16__tree_node_baseISL_EEEE	no-ghidra-function
0x3fd6f0	_ZNSt6__ndk16vectorIN7Walaber8LanguageENS_9allocatorIS2_EEE6assignIPS2_EENS_9enable_ifIXaasr21__is_forward_iteratorIT_EE5valuesr16is_constructibleIS2_NS_15iterator_traitsIS9_E9referenceEEE5valueEvE4typeES9_S9_	std::__ndk1::vector<Walaber::Language, std::__ndk1::allocator<Walaber>>::assign<Walaber*>	no-ghidra-function
0x3fd830	_ZNSt6__ndk16vectorIN7Walaber8LanguageENS_9allocatorIS2_EEE11__vallocateEm	std::__ndk1::vector<Walaber::Language, std::__ndk1::allocator<Walaber>>::__vallocate	no-ghidra-function
0x3fd874	_ZNSt6__ndk16__treeINS_12__value_typeIiN7Walaber8LanguageEEENS_19__map_value_compareIiS4_NS_4lessIiEELb1EEENS_9allocatorIS4_EEE25__emplace_unique_key_argsIiJRKNS_21piecewise_construct_tENS_5tupleIJRKiEEENSG_IJEEEEEENS_4pairINS_15__tree_iteratorIS4_PNS_11__tree_nodeIS4_PvEElEEbEERKT_DpOT0_	std::__ndk1::__tree<std::__ndk1::__value_type<int, Walaber::Language>, std::__ndk1::__map_value_compare<int, Walaber::Language, std::__ndk1::less<int>, bool>>::std::__ndk1::allocator<Walaber::Language>	no-ghidra-function
0x3fd944	_ZNSt6__ndk16__treeINS_12__value_typeIiN7Walaber8LanguageEEENS_19__map_value_compareIiS4_NS_4lessIiEELb1EEENS_9allocatorIS4_EEE16__insert_node_atEPNS_15__tree_end_nodeIPNS_16__tree_node_baseIPvEEEERSG_SG_	std::__ndk1::__tree<std::__ndk1::__value_type<int, Walaber::Language>, std::__ndk1::__map_value_compare<int, Walaber::Language, std::__ndk1::less<int>, bool>>::std::__ndk1::allocator<Walaber::Language>	no-ghidra-function
0x3fd998	_ZNSt6__ndk16__treeINS_12__value_typeIN7Walaber8LanguageENS_3mapINS_12basic_stringIcNS_11char_traitsIcEENS_9allocatorIcEEEESA_NS_4lessISA_EENS8_INS_4pairIKSA_SA_EEEEEEEENS_19__map_value_compareIS3_SI_NSB_IS3_EELb1EEENS8_ISI_EEE25__emplace_unique_key_argsIS3_JRKNS_21piecewise_construct_tENS_5tupleIJRKS3_EEENSS_IJEEEEEENSD_INS_15__tree_iteratorISI_PNS_11__tree_nodeISI_PvEElEEbEERKT_DpOT0_	_ZNSt6__ndk16__treeINS_12__value_typeIN7Walaber8LanguageENS_3mapINS_12basic_stringIcNS_11char_traitsIcEENS_9allocatorIcEEEESA_NS_4lessISA_EENS8_INS_4pairIKSA_SA_EEEEEEEENS_19__map_value_compareIS3_SI_NSB_IS3_EELb1EEENS8_ISI_EEE25__emplace_unique_key_argsIS3_JRKNS_21piecewise_construct_tENS_5tupleIJRKS3_EEENSS_IJEEEEEENSD_INS_15__tree_iteratorISI_PNS_11__tree_nodeISI_PvEElEEbEERKT_DpOT0_	no-ghidra-function
0x3fda78	_ZNSt6__ndk16__treeINS_12__value_typeIN7Walaber8LanguageENS_3mapINS_12basic_stringIcNS_11char_traitsIcEENS_9allocatorIcEEEESA_NS_4lessISA_EENS8_INS_4pairIKSA_SA_EEEEEEEENS_19__map_value_compareIS3_SI_NSB_IS3_EELb1EEENS8_ISI_EEE16__insert_node_atEPNS_15__tree_end_nodeIPNS_16__tree_node_baseIPvEEEERSS_SS_	_ZNSt6__ndk16__treeINS_12__value_typeIN7Walaber8LanguageENS_3mapINS_12basic_stringIcNS_11char_traitsIcEENS_9allocatorIcEEEESA_NS_4lessISA_EENS8_INS_4pairIKSA_SA_EEEEEEEENS_19__map_value_compareIS3_SI_NSB_IS3_EELb1EEENS8_ISI_EEE16__insert_node_atEPNS_15__tree_end_nodeIPNS_16__tree_node_baseIPvEEEERSS_SS_	no-ghidra-function
0x3fdacc	_ZNSt6__ndk16__treeINS_12__value_typeIN7Walaber8LanguageENS_3mapINS_12basic_stringIcNS_11char_traitsIcEENS_9allocatorIcEEEENS2_11TextManager12SubtitleInfoENS_4lessISA_EENS8_INS_4pairIKSA_SC_EEEEEEEENS_19__map_value_compareIS3_SK_NSD_IS3_EELb1EEENS8_ISK_EEE25__emplace_unique_key_argsIS3_JRKNS_21piecewise_construct_tENS_5tupleIJRKS3_EEENSU_IJEEEEEENSF_INS_15__tree_iteratorISK_PNS_11__tree_nodeISK_PvEElEEbEERKT_DpOT0_	_ZNSt6__ndk16__treeINS_12__value_typeIN7Walaber8LanguageENS_3mapINS_12basic_stringIcNS_11char_traitsIcEENS_9allocatorIcEEEENS2_11TextManager12SubtitleInfoENS_4lessISA_EENS8_INS_4pairIKSA_SC_EEEEEEEENS_19__map_value_compareIS3_SK_NSD_IS3_EELb1EEENS8_ISK_EEE25__emplace_unique_key_argsIS3_JRKNS_21piecewise_construct_tENS_5tupleIJRKS3_EEENSU_IJEEEEEENSF_INS_15__tree_iteratorISK_PNS_11__tree_nodeISK_PvEElEEbEERKT_DpOT0_	no-ghidra-function
0x3fdbac	_ZNSt6__ndk16__treeINS_12__value_typeIN7Walaber8LanguageENS_3mapINS_12basic_stringIcNS_11char_traitsIcEENS_9allocatorIcEEEENS2_11TextManager12SubtitleInfoENS_4lessISA_EENS8_INS_4pairIKSA_SC_EEEEEEEENS_19__map_value_compareIS3_SK_NSD_IS3_EELb1EEENS8_ISK_EEE16__insert_node_atEPNS_15__tree_end_nodeIPNS_16__tree_node_baseIPvEEEERSU_SU_	_ZNSt6__ndk16__treeINS_12__value_typeIN7Walaber8LanguageENS_3mapINS_12basic_stringIcNS_11char_traitsIcEENS_9allocatorIcEEEENS2_11TextManager12SubtitleInfoENS_4lessISA_EENS8_INS_4pairIKSA_SC_EEEEEEEENS_19__map_value_compareIS3_SK_NSD_IS3_EELb1EEENS8_ISK_EEE16__insert_node_atEPNS_15__tree_end_nodeIPNS_16__tree_node_baseIPvEEEERSU_SU_	no-ghidra-function
0x3fdc00	_ZNSt6__ndk16__treeINS_12__value_typeINS_12basic_stringIcNS_11char_traitsIcEENS_9allocatorIcEEEEN7Walaber11TextManager12SubtitleInfoEEENS_19__map_value_compareIS7_SB_NS_4lessIS7_EELb1EEENS5_ISB_EEE25__emplace_unique_key_argsIS7_JRKNS_21piecewise_construct_tENS_5tupleIJRKS7_EEENSM_IJEEEEEENS_4pairINS_15__tree_iteratorISB_PNS_11__tree_nodeISB_PvEElEEbEERKT_DpOT0_	_ZNSt6__ndk16__treeINS_12__value_typeINS_12basic_stringIcNS_11char_traitsIcEENS_9allocatorIcEEEEN7Walaber11TextManager12SubtitleInfoEEENS_19__map_value_compareIS7_SB_NS_4lessIS7_EELb1EEENS5_ISB_EEE25__emplace_unique_key_argsIS7_JRKNS_21piecewise_construct_tENS_5tupleIJRKS7_EEENSM_IJEEEEEENS_4pairINS_15__tree_iteratorISB_PNS_11__tree_nodeISB_PvEElEEbEERKT_DpOT0_	no-ghidra-function
0x3fdcb0	_ZNSt6__ndk16__treeINS_12__value_typeINS_12basic_stringIcNS_11char_traitsIcEENS_9allocatorIcEEEEN7Walaber11TextManager12SubtitleInfoEEENS_19__map_value_compareIS7_SB_NS_4lessIS7_EELb1EEENS5_ISB_EEE12__find_equalIS7_EERPNS_16__tree_node_baseIPvEERPNS_15__tree_end_nodeISM_EERKT_	_ZNSt6__ndk16__treeINS_12__value_typeINS_12basic_stringIcNS_11char_traitsIcEENS_9allocatorIcEEEEN7Walaber11TextManager12SubtitleInfoEEENS_19__map_value_compareIS7_SB_NS_4lessIS7_EELb1EEENS5_ISB_EEE12__find_equalIS7_EERPNS_16__tree_node_baseIPvEERPNS_15__tree_end_nodeISM_EERKT_	no-ghidra-function
0x3fdddc	_ZNSt6__ndk16__treeINS_12__value_typeINS_12basic_stringIcNS_11char_traitsIcEENS_9allocatorIcEEEEN7Walaber11TextManager12SubtitleInfoEEENS_19__map_value_compareIS7_SB_NS_4lessIS7_EELb1EEENS5_ISB_EEE16__construct_nodeIJRKNS_21piecewise_construct_tENS_5tupleIJRKS7_EEENSM_IJEEEEEENS_10unique_ptrINS_11__tree_nodeISB_PvEENS_22__tree_node_destructorINS5_ISU_EEEEEEDpOT_	_ZNSt6__ndk16__treeINS_12__value_typeINS_12basic_stringIcNS_11char_traitsIcEENS_9allocatorIcEEEEN7Walaber11TextManager12SubtitleInfoEEENS_19__map_value_compareIS7_SB_NS_4lessIS7_EELb1EEENS5_ISB_EEE16__construct_nodeIJRKNS_21piecewise_construct_tENS_5tupleIJRKS7_EEENSM_IJEEEEEENS_10unique_ptrINS_11__tree_nodeISB_PvEENS_22__tree_node_destructorINS5_ISU_EEEEEEDpOT_	no-ghidra-function
0x3fde58	_ZNSt6__ndk16__treeINS_12__value_typeINS_12basic_stringIcNS_11char_traitsIcEENS_9allocatorIcEEEEN7Walaber11TextManager12SubtitleInfoEEENS_19__map_value_compareIS7_SB_NS_4lessIS7_EELb1EEENS5_ISB_EEE16__insert_node_atEPNS_15__tree_end_nodeIPNS_16__tree_node_baseIPvEEEERSM_SM_	_ZNSt6__ndk16__treeINS_12__value_typeINS_12basic_stringIcNS_11char_traitsIcEENS_9allocatorIcEEEEN7Walaber11TextManager12SubtitleInfoEEENS_19__map_value_compareIS7_SB_NS_4lessIS7_EELb1EEENS5_ISB_EEE16__insert_node_atEPNS_15__tree_end_nodeIPNS_16__tree_node_baseIPvEEEERSM_SM_	no-ghidra-function
0x3fdeac	_ZN7Walaber10UTF8Helper10shiftBytesEjjNS0_9Shift_KeyE	Walaber::UTF8Helper::shiftBytes	no-ghidra-function
0x3fded0	_ZN7Walaber10UTF8Helper10_shiftLeftEjj	Walaber::UTF8Helper::_shiftLeft	no-ghidra-function
0x3fded8	_ZN7Walaber10UTF8Helper11_shiftRightEjj	Walaber::UTF8Helper::_shiftRight	no-ghidra-function
0x3fdee0	_ZN7Walaber10UTF8Helper9shiftBitsEjjNS0_9Shift_KeyE	Walaber::UTF8Helper::shiftBits	no-ghidra-function
0x3fdefc	_ZN7Walaber10UTF8Helper19decimalForUTF8BytesEPKhi	Walaber::UTF8Helper::decimalForUTF8Bytes	no-ghidra-function
0x3fdf98	_ZN7Walaber10UTF8Helper15getNumCodeBytesEj	Walaber::UTF8Helper::getNumCodeBytes	no-ghidra-function
0x3fdfe0	_ZN7Walaber6Logger6printfEPKcNS0_8SeverityES2_z	Walaber::Logger::printf	no-ghidra-function
0x3fe0a4	_ZN7Walaber12ProfileTimer7reserveEj	Walaber::ProfileTimer::reserve	no-ghidra-function
0x3fe0a8	_ZN7Walaber12ProfileTimer12startSectionEj	Walaber::ProfileTimer::startSection	no-ghidra-function
0x3fe0ac	_ZN7Walaber12ProfileTimer11stopSectionEj	Walaber::ProfileTimer::stopSection	no-ghidra-function
0x3fe0b0	_ZN7Walaber12ProfileTimer5resetEv	Walaber::ProfileTimer::reset	no-ghidra-function
0x3fe0b4	_ZN7Walaber12ProfileTimer8printLogEv	Walaber::ProfileTimer::printLog	no-ghidra-function
0x3fe0b8	_ZN7Walaber8PropertyC2Ev	Property::Property	no-ghidra-function
0x3fe0c8	_ZN7Walaber8PropertyC2ERKNSt6__ndk112basic_stringIcNS1_11char_traitsIcEENS1_9allocatorIcEEEE	Property::Property	no-ghidra-function
0x3fe118	_ZN7Walaber8Property8setValueERKNSt6__ndk112basic_stringIcNS1_11char_traitsIcEENS1_9allocatorIcEEEE	Walaber::Property::setValue	no-ghidra-function
0x3fe120	_ZN7Walaber8PropertyC2Ei	Property::Property	no-ghidra-function
0x3fe168	_ZN7Walaber8Property8setValueEi	Walaber::Property::setValue	no-ghidra-function
0x3fe394	_ZN7Walaber8PropertyC2Ef	Property::Property	no-ghidra-function
0x3fe3dc	_ZN7Walaber8Property8setValueEf	Walaber::Property::setValue	no-ghidra-function
0x3fe610	_ZN7Walaber8PropertyC2ERKNS_7Vector2E	Property::Property	no-ghidra-function
0x3fe658	_ZN7Walaber8Property8setValueERKNS_7Vector2E	Walaber::Property::setValue	no-ghidra-function
0x3fe89c	_ZN7Walaber8PropertyC2ERKNS_4RectE	Property::Property	no-ghidra-function
0x3fe8e4	_ZN7Walaber8Property8setValueERKNS_4RectE	Walaber::Property::setValue	no-ghidra-function
0x3feb58	_ZN7Walaber8PropertyC2ERKNS_5ColorE	Property::Property	no-ghidra-function
0x3feba0	_ZN7Walaber8Property8setValueERKNS_5ColorE	Walaber::Property::setValue	no-ghidra-function
0x3fee14	_ZN7Walaber8PropertyC2ERKNS_4AABBE	Property::Property	no-ghidra-function
0x3fee5c	_ZN7Walaber8Property8setValueERKNS_4AABBE	Walaber::Property::setValue	no-ghidra-function
0x3ff0d0	_ZN7Walaber8PropertyD2Ev	Property::~Property	no-ghidra-function
0x3ff0e4	_ZNSt6__ndk113basic_ostreamIcNS_11char_traitsIcEEElsEi	std::__ndk1::basic_ostream<char, std::__ndk1::char_traits<char>>::long::short	no-ghidra-function
0x3ff2d0	_ZNSt6__ndk113basic_ostreamIcNS_11char_traitsIcEEElsEf	std::__ndk1::basic_ostream<char, std::__ndk1::char_traits<char>>::long::short	no-ghidra-function
0x3ff49c	_ZNK7Walaber8Property8asStringEv	const Walaber::Property::asString	no-ghidra-function
0x3ff4a8	_ZNK7Walaber8Property5asIntEv	const Walaber::Property::asInt	no-ghidra-function
0x3ff52c	_ZNK7Walaber8Property7asFloatEv	const Walaber::Property::asFloat	no-ghidra-function
0x3ff5b4	_ZNK7Walaber8Property9asVector2Ev	const Walaber::Property::asVector2	no-ghidra-function
0x3ff604	_ZNK7Walaber8Property6asRectEv	const Walaber::Property::asRect	no-ghidra-function
0x3ff668	_ZNK7Walaber8Property7asColorEv	const Walaber::Property::asColor	no-ghidra-function
0x3ff764	_ZNK7Walaber8Property6asAABBEv	const Walaber::Property::asAABB	no-ghidra-function
0x3ff7e8	_ZNKSt6__ndk115basic_stringbufIcNS_11char_traitsIcEENS_9allocatorIcEEE3strEv	const std::__ndk1::basic_stringbuf<char, std::__ndk1::char_traits<char>, std::__ndk1::allocator<char>>::str	no-ghidra-function
0x3ff92c	_ZNSt6__ndk124__put_character_sequenceIcNS_11char_traitsIcEEEERNS_13basic_ostreamIT_T0_EES7_PKS4_m	std::__ndk1::__put_character_sequence<char, std::__ndk1::char_traits<char>>	no-ghidra-function
0x3ffc84	_ZN7Walaber12PropertyListC2Ev	PropertyList::PropertyList	no-ghidra-function
0x3ffc98	_ZN7Walaber12PropertyListD2Ev	PropertyList::~PropertyList	no-ghidra-function
0x3ffca0	_ZN7Walaber12PropertyListaSERKS0_	_ZN7Walaber12PropertyListaSERKS0_	no-ghidra-function
0x3ffcd8	_ZNK7Walaber12PropertyList9keyExistsERKNSt6__ndk112basic_stringIcNS1_11char_traitsIcEENS1_9allocatorIcEEEE	const Walaber::PropertyList::keyExists	no-ghidra-function
0x3ffd04	_ZN7Walaber12PropertyList14setValueForKeyERKNSt6__ndk112basic_stringIcNS1_11char_traitsIcEENS1_9allocatorIcEEEERKNS_8PropertyE	Walaber::PropertyList::setValueForKey	no-ghidra-function
0x3ffd74	_ZNK7Walaber12PropertyList14getValueForKeyERKNSt6__ndk112basic_stringIcNS1_11char_traitsIcEENS1_9allocatorIcEEEE	const Walaber::PropertyList::getValueForKey	no-ghidra-function
0x3ffda4	_ZN7Walaber12PropertyList14getValueForKeyERKNSt6__ndk112basic_stringIcNS1_11char_traitsIcEENS1_9allocatorIcEEEE	Walaber::PropertyList::getValueForKey	no-ghidra-function
0x3ffdd4	_ZN7Walaber12PropertyList17removeValueForKeyERKNSt6__ndk112basic_stringIcNS1_11char_traitsIcEENS1_9allocatorIcEEEE	Walaber::PropertyList::removeValueForKey	no-ghidra-function
0x3ffe14	_ZN7Walaber12PropertyListixERNSt6__ndk112basic_stringIcNS1_11char_traitsIcEENS1_9allocatorIcEEEE	Walaber::PropertyList::int::long long	no-ghidra-function
0x3ffe70	_ZNK7Walaber12PropertyListixERKNSt6__ndk112basic_stringIcNS1_11char_traitsIcEENS1_9allocatorIcEEEE	const Walaber::PropertyList::int::long long	no-ghidra-function
0x3ffe88	_ZNSt6__ndk16__treeINS_12__value_typeINS_12basic_stringIcNS_11char_traitsIcEENS_9allocatorIcEEEEN7Walaber8PropertyEEENS_19__map_value_compareIS7_SA_NS_4lessIS7_EELb1EEENS5_ISA_EEE14__assign_multiINS_21__tree_const_iteratorISA_PNS_11__tree_nodeISA_PvEElEEEEvT_SO_	_ZNSt6__ndk16__treeINS_12__value_typeINS_12basic_stringIcNS_11char_traitsIcEENS_9allocatorIcEEEEN7Walaber8PropertyEEENS_19__map_value_compareIS7_SA_NS_4lessIS7_EELb1EEENS5_ISA_EEE14__assign_multiINS_21__tree_const_iteratorISA_PNS_11__tree_nodeISA_PvEElEEEEvT_SO_	no-ghidra-function
0x40009c	_ZNSt6__ndk16__treeINS_12__value_typeINS_12basic_stringIcNS_11char_traitsIcEENS_9allocatorIcEEEEN7Walaber8PropertyEEENS_19__map_value_compareIS7_SA_NS_4lessIS7_EELb1EEENS5_ISA_EEE8__detachEPNS_11__tree_nodeISA_PvEE	_ZNSt6__ndk16__treeINS_12__value_typeINS_12basic_stringIcNS_11char_traitsIcEENS_9allocatorIcEEEEN7Walaber8PropertyEEENS_19__map_value_compareIS7_SA_NS_4lessIS7_EELb1EEENS5_ISA_EEE8__detachEPNS_11__tree_nodeISA_PvEE	no-ghidra-function
0x4000f8	_ZNSt6__ndk16__treeINS_12__value_typeINS_12basic_stringIcNS_11char_traitsIcEENS_9allocatorIcEEEEN7Walaber8PropertyEEENS_19__map_value_compareIS7_SA_NS_4lessIS7_EELb1EEENS5_ISA_EEE16__find_leaf_highERPNS_15__tree_end_nodeIPNS_16__tree_node_baseIPvEEEERKS7_	_ZNSt6__ndk16__treeINS_12__value_typeINS_12basic_stringIcNS_11char_traitsIcEENS_9allocatorIcEEEEN7Walaber8PropertyEEENS_19__map_value_compareIS7_SA_NS_4lessIS7_EELb1EEENS5_ISA_EEE16__find_leaf_highERPNS_15__tree_end_nodeIPNS_16__tree_node_baseIPvEEEERKS7_	no-ghidra-function
0x4001cc	_ZNSt6__ndk16__treeINS_12__value_typeINS_12basic_stringIcNS_11char_traitsIcEENS_9allocatorIcEEEEN7Walaber8PropertyEEENS_19__map_value_compareIS7_SA_NS_4lessIS7_EELb1EEENS5_ISA_EEE15__emplace_multiIJRKNS_4pairIKS7_S9_EEEEENS_15__tree_iteratorISA_PNS_11__tree_nodeISA_PvEElEEDpOT_	_ZNSt6__ndk16__treeINS_12__value_typeINS_12basic_stringIcNS_11char_traitsIcEENS_9allocatorIcEEEEN7Walaber8PropertyEEENS_19__map_value_compareIS7_SA_NS_4lessIS7_EELb1EEENS5_ISA_EEE15__emplace_multiIJRKNS_4pairIKS7_S9_EEEEENS_15__tree_iteratorISA_PNS_11__tree_nodeISA_PvEElEEDpOT_	no-ghidra-function
0x400280	_ZNKSt6__ndk16__treeINS_12__value_typeINS_12basic_stringIcNS_11char_traitsIcEENS_9allocatorIcEEEEN7Walaber8PropertyEEENS_19__map_value_compareIS7_SA_NS_4lessIS7_EELb1EEENS5_ISA_EEE4findIS7_EENS_21__tree_const_iteratorISA_PNS_11__tree_nodeISA_PvEElEERKT_	_ZNKSt6__ndk16__treeINS_12__value_typeINS_12basic_stringIcNS_11char_traitsIcEENS_9allocatorIcEEEEN7Walaber8PropertyEEENS_19__map_value_compareIS7_SA_NS_4lessIS7_EELb1EEENS5_ISA_EEE4findIS7_EENS_21__tree_const_iteratorISA_PNS_11__tree_nodeISA_PvEElEERKT_	no-ghidra-function
0x400338	_ZNKSt6__ndk16__treeINS_12__value_typeINS_12basic_stringIcNS_11char_traitsIcEENS_9allocatorIcEEEEN7Walaber8PropertyEEENS_19__map_value_compareIS7_SA_NS_4lessIS7_EELb1EEENS5_ISA_EEE13__lower_boundIS7_EENS_21__tree_const_iteratorISA_PNS_11__tree_nodeISA_PvEElEERKT_SM_PNS_15__tree_end_nodeIPNS_16__tree_node_baseISK_EEEE	_ZNKSt6__ndk16__treeINS_12__value_typeINS_12basic_stringIcNS_11char_traitsIcEENS_9allocatorIcEEEEN7Walaber8PropertyEEENS_19__map_value_compareIS7_SA_NS_4lessIS7_EELb1EEENS5_ISA_EEE13__lower_boundIS7_EENS_21__tree_const_iteratorISA_PNS_11__tree_nodeISA_PvEElEERKT_SM_PNS_15__tree_end_nodeIPNS_16__tree_node_baseISK_EEEE	no-ghidra-function
0x4003e8	_ZNSt6__ndk16__treeINS_12__value_typeINS_12basic_stringIcNS_11char_traitsIcEENS_9allocatorIcEEEEN7Walaber8PropertyEEENS_19__map_value_compareIS7_SA_NS_4lessIS7_EELb1EEENS5_ISA_EEE25__emplace_unique_key_argsIS7_JRKNS_21piecewise_construct_tENS_5tupleIJRKS7_EEENSL_IJEEEEEENS_4pairINS_15__tree_iteratorISA_PNS_11__tree_nodeISA_PvEElEEbEERKT_DpOT0_	_ZNSt6__ndk16__treeINS_12__value_typeINS_12basic_stringIcNS_11char_traitsIcEENS_9allocatorIcEEEEN7Walaber8PropertyEEENS_19__map_value_compareIS7_SA_NS_4lessIS7_EELb1EEENS5_ISA_EEE25__emplace_unique_key_argsIS7_JRKNS_21piecewise_construct_tENS_5tupleIJRKS7_EEENSL_IJEEEEEENS_4pairINS_15__tree_iteratorISA_PNS_11__tree_nodeISA_PvEElEEbEERKT_DpOT0_	no-ghidra-function
0x400498	_ZNSt6__ndk16__treeINS_12__value_typeINS_12basic_stringIcNS_11char_traitsIcEENS_9allocatorIcEEEEN7Walaber8PropertyEEENS_19__map_value_compareIS7_SA_NS_4lessIS7_EELb1EEENS5_ISA_EEE16__construct_nodeIJRKNS_21piecewise_construct_tENS_5tupleIJRKS7_EEENSL_IJEEEEEENS_10unique_ptrINS_11__tree_nodeISA_PvEENS_22__tree_node_destructorINS5_IST_EEEEEEDpOT_	_ZNSt6__ndk16__treeINS_12__value_typeINS_12basic_stringIcNS_11char_traitsIcEENS_9allocatorIcEEEEN7Walaber8PropertyEEENS_19__map_value_compareIS7_SA_NS_4lessIS7_EELb1EEENS5_ISA_EEE16__construct_nodeIJRKNS_21piecewise_construct_tENS_5tupleIJRKS7_EEENSL_IJEEEEEENS_10unique_ptrINS_11__tree_nodeISA_PvEENS_22__tree_node_destructorINS5_IST_EEEEEEDpOT_	no-ghidra-function
0x400528	_ZNSt6__ndk16__treeINS_12__value_typeINS_12basic_stringIcNS_11char_traitsIcEENS_9allocatorIcEEEEN7Walaber8PropertyEEENS_19__map_value_compareIS7_SA_NS_4lessIS7_EELb1EEENS5_ISA_EEE4findIS7_EENS_15__tree_iteratorISA_PNS_11__tree_nodeISA_PvEElEERKT_	_ZNSt6__ndk16__treeINS_12__value_typeINS_12basic_stringIcNS_11char_traitsIcEENS_9allocatorIcEEEEN7Walaber8PropertyEEENS_19__map_value_compareIS7_SA_NS_4lessIS7_EELb1EEENS5_ISA_EEE4findIS7_EENS_15__tree_iteratorISA_PNS_11__tree_nodeISA_PvEElEERKT_	no-ghidra-function
0x4005e0	_ZNSt6__ndk16__treeINS_12__value_typeINS_12basic_stringIcNS_11char_traitsIcEENS_9allocatorIcEEEEN7Walaber8PropertyEEENS_19__map_value_compareIS7_SA_NS_4lessIS7_EELb1EEENS5_ISA_EEE13__lower_boundIS7_EENS_15__tree_iteratorISA_PNS_11__tree_nodeISA_PvEElEERKT_SM_PNS_15__tree_end_nodeIPNS_16__tree_node_baseISK_EEEE	_ZNSt6__ndk16__treeINS_12__value_typeINS_12basic_stringIcNS_11char_traitsIcEENS_9allocatorIcEEEEN7Walaber8PropertyEEENS_19__map_value_compareIS7_SA_NS_4lessIS7_EELb1EEENS5_ISA_EEE13__lower_boundIS7_EENS_15__tree_iteratorISA_PNS_11__tree_nodeISA_PvEElEERKT_SM_PNS_15__tree_end_nodeIPNS_16__tree_node_baseISK_EEEE	no-ghidra-function
0x400690	_ZNSt6__ndk16__treeINS_12__value_typeINS_12basic_stringIcNS_11char_traitsIcEENS_9allocatorIcEEEEN7Walaber8PropertyEEENS_19__map_value_compareIS7_SA_NS_4lessIS7_EELb1EEENS5_ISA_EEE5eraseENS_21__tree_const_iteratorISA_PNS_11__tree_nodeISA_PvEElEE	_ZNSt6__ndk16__treeINS_12__value_typeINS_12basic_stringIcNS_11char_traitsIcEENS_9allocatorIcEEEEN7Walaber8PropertyEEENS_19__map_value_compareIS7_SA_NS_4lessIS7_EELb1EEENS5_ISA_EEE5eraseENS_21__tree_const_iteratorISA_PNS_11__tree_nodeISA_PvEElEE	no-ghidra-function
0x40073c	_ZN7Walaber9Utilities12generateGUIDEv	Walaber::Utilities::generateGUID	no-ghidra-function
0x4008e4	_ZNSt6__ndk13mapINS_12basic_stringIcNS_11char_traitsIcEENS_9allocatorIcEEEEN7Walaber12ValueTweaker14TweakableValueENS_4lessIS6_EENS4_INS_4pairIKS6_S9_EEEEED2Ev	map<std::__ndk1::basic_string<char, std::__ndk1::char_traits<char>, std::__ndk1::allocator<char>>, Walaber::ValueTweaker::TweakableValue, std::__ndk1::less<std::__ndk1::allocator<char>>, std::__ndk1::char_traits<char><std::__ndk1::pair<std::__ndk1::allocator<char> const, Walaber::ValueTweaker>>>::~map	no-ghidra-function
0x4008ec	_ZN7Walaber12ValueTweaker17setTweakableValueENSt6__ndk112basic_stringIcNS1_11char_traitsIcEENS1_9allocatorIcEEEES7_NS0_13ValueDataTypeE	Walaber::ValueTweaker::setTweakableValue	no-ghidra-function
0x400ad4	_ZN7Walaber12ValueTweaker14TweakableValue8setValueENSt6__ndk112basic_stringIcNS2_11char_traitsIcEENS2_9allocatorIcEEEE	Walaber::ValueTweaker::TweakableValue::setValue	no-ghidra-function
0x400afc	_ZN7Walaber12ValueTweaker17setTweakableValueENSt6__ndk112basic_stringIcNS1_11char_traitsIcEENS1_9allocatorIcEEEEi	Walaber::ValueTweaker::setTweakableValue	no-ghidra-function
0x400c58	_ZN7Walaber12ValueTweaker14TweakableValue8setValueEi	Walaber::ValueTweaker::TweakableValue::setValue	no-ghidra-function
0x400e44	_ZN7Walaber12ValueTweaker17setTweakableValueENSt6__ndk112basic_stringIcNS1_11char_traitsIcEENS1_9allocatorIcEEEEf	Walaber::ValueTweaker::setTweakableValue	no-ghidra-function
0x401194	_ZN7Walaber12ValueTweaker17setTweakableValueENSt6__ndk112basic_stringIcNS1_11char_traitsIcEENS1_9allocatorIcEEEENS_7Vector2E	Walaber::ValueTweaker::setTweakableValue	no-ghidra-function
0x401300	_ZN7Walaber12ValueTweaker14TweakableValue8setValueENS_7Vector2E	Walaber::ValueTweaker::TweakableValue::setValue	no-ghidra-function
0x401678	_ZN7Walaber12ValueTweaker14TweakableValue8setValueENS_4RectE	Walaber::ValueTweaker::TweakableValue::setValue	no-ghidra-function
0x4018b4	_ZN7Walaber12ValueTweaker17setTweakableValueENSt6__ndk112basic_stringIcNS1_11char_traitsIcEENS1_9allocatorIcEEEENS_5ColorE	Walaber::ValueTweaker::setTweakableValue	no-ghidra-function
0x401a50	_ZN7Walaber12ValueTweaker14TweakableValue8setValueENS_5ColorE	Walaber::ValueTweaker::TweakableValue::setValue	no-ghidra-function
0x401cc8	_ZN7Walaber12ValueTweaker17mapTweakableValueENSt6__ndk112basic_stringIcNS1_11char_traitsIcEENS1_9allocatorIcEEEEPS7_Pv	Walaber::ValueTweaker::mapTweakableValue	no-ghidra-function
0x401f28	_ZN7Walaber12ValueTweaker17mapTweakableValueENSt6__ndk112basic_stringIcNS1_11char_traitsIcEENS1_9allocatorIcEEEEPiPv	Walaber::ValueTweaker::mapTweakableValue	no-ghidra-function
0x4020d8	_ZN7Walaber12ValueTweaker17mapTweakableValueENSt6__ndk112basic_stringIcNS1_11char_traitsIcEENS1_9allocatorIcEEEEPNS_7Vector2EPv	Walaber::ValueTweaker::mapTweakableValue	no-ghidra-function
0x4021b0	_ZN7Walaber12ValueTweaker17mapTweakableValueENSt6__ndk112basic_stringIcNS1_11char_traitsIcEENS1_9allocatorIcEEEEPNS_4RectEPv	Walaber::ValueTweaker::mapTweakableValue	no-ghidra-function
0x402288	_ZN7Walaber12ValueTweaker17mapTweakableValueENSt6__ndk112basic_stringIcNS1_11char_traitsIcEENS1_9allocatorIcEEEEPNS_5ColorEPv	Walaber::ValueTweaker::mapTweakableValue	no-ghidra-function
0x402360	_ZN7Walaber12ValueTweaker22removeMappingsForOwnerEPv	Walaber::ValueTweaker::removeMappingsForOwner	no-ghidra-function
0x402400	_ZN7Walaber12ValueTweaker14TweakableValue21removeMappingForOwnerEPv	Walaber::ValueTweaker::TweakableValue::removeMappingForOwner	no-ghidra-function
0x402478	_ZN7Walaber12ValueTweaker23getTweakableValueStringENSt6__ndk112basic_stringIcNS1_11char_traitsIcEENS1_9allocatorIcEEEE	Walaber::ValueTweaker::getTweakableValueString	no-ghidra-function
0x4024e4	_ZN7Walaber12ValueTweaker14TweakableValue8asStringEv	Walaber::ValueTweaker::TweakableValue::asString	no-ghidra-function
0x4024f0	_ZN7Walaber12ValueTweaker20getTweakableValueIntENSt6__ndk112basic_stringIcNS1_11char_traitsIcEENS1_9allocatorIcEEEE	Walaber::ValueTweaker::getTweakableValueInt	no-ghidra-function
0x40253c	_ZN7Walaber12ValueTweaker14TweakableValue5asIntEv	Walaber::ValueTweaker::TweakableValue::asInt	no-ghidra-function
0x4025c0	_ZN7Walaber12ValueTweaker22getTweakableValueFloatENSt6__ndk112basic_stringIcNS1_11char_traitsIcEENS1_9allocatorIcEEEE	Walaber::ValueTweaker::getTweakableValueFloat	no-ghidra-function
0x40260c	_ZN7Walaber12ValueTweaker14TweakableValue7asFloatEv	Walaber::ValueTweaker::TweakableValue::asFloat	no-ghidra-function
0x40268c	_ZN7Walaber12ValueTweaker24getTweakableValueVector2ENSt6__ndk112basic_stringIcNS1_11char_traitsIcEENS1_9allocatorIcEEEE	Walaber::ValueTweaker::getTweakableValueVector2	no-ghidra-function
0x4026ec	_ZN7Walaber12ValueTweaker14TweakableValue9asVector2Ev	Walaber::ValueTweaker::TweakableValue::asVector2	no-ghidra-function
0x402738	_ZN7Walaber12ValueTweaker21getTweakableValueRectENSt6__ndk112basic_stringIcNS1_11char_traitsIcEENS1_9allocatorIcEEEE	Walaber::ValueTweaker::getTweakableValueRect	no-ghidra-function
0x4027a4	_ZN7Walaber12ValueTweaker14TweakableValue6asRectEv	Walaber::ValueTweaker::TweakableValue::asRect	no-ghidra-function
0x402804	_ZN7Walaber12ValueTweaker22getTweakableValueColorENSt6__ndk112basic_stringIcNS1_11char_traitsIcEENS1_9allocatorIcEEEE	Walaber::ValueTweaker::getTweakableValueColor	no-ghidra-function
0x40287c	_ZN7Walaber12ValueTweaker14TweakableValue7asColorEv	Walaber::ValueTweaker::TweakableValue::asColor	no-ghidra-function
0x402d04	_ZN7Walaber12ValueTweaker18_StringToValueTypeENSt6__ndk112basic_stringIcNS1_11char_traitsIcEENS1_9allocatorIcEEEE	Walaber::ValueTweaker::_StringToValueType	no-ghidra-function
0x402f64	_ZNSt6__ndk1rsIcNS_11char_traitsIcEENS_9allocatorIcEEEERNS_13basic_istreamIT_T0_EES9_RNS_12basic_stringIS6_S7_T1_EE	std::__ndk1::short restrict<char, std::__ndk1::char_traits<char>, std::__ndk1::allocator<char>>	no-ghidra-function
0x4031a4	_ZN7Walaber12ValueTweaker18_ValueTypeToStringENS0_13ValueDataTypeE	Walaber::ValueTweaker::_ValueTypeToString	no-ghidra-function
0x4032cc	_ZNSt6__ndk16__treeINS_12__value_typeINS_12basic_stringIcNS_11char_traitsIcEENS_9allocatorIcEEEEN7Walaber12ValueTweaker14TweakableValueEEENS_19__map_value_compareIS7_SB_NS_4lessIS7_EELb1EEENS5_ISB_EEE7destroyEPNS_11__tree_nodeISB_PvEE	_ZNSt6__ndk16__treeINS_12__value_typeINS_12basic_stringIcNS_11char_traitsIcEENS_9allocatorIcEEEEN7Walaber12ValueTweaker14TweakableValueEEENS_19__map_value_compareIS7_SB_NS_4lessIS7_EELb1EEENS5_ISB_EEE7destroyEPNS_11__tree_nodeISB_PvEE	no-ghidra-function
0x403338	_ZNSt6__ndk16__treeINS_12__value_typeIPvS2_EENS_19__map_value_compareIS2_S3_NS_4lessIS2_EELb1EEENS_9allocatorIS3_EEE14__assign_multiINS_21__tree_const_iteratorIS3_PNS_11__tree_nodeIS3_S2_EElEEEEvT_SH_	std::__ndk1::__tree<std::__ndk1::__value_type<void*, std::__ndk1::__value_type>, std::__ndk1::__map_value_compare<std::__ndk1::__value_type, std::__ndk1::__value_type<void*, std::__ndk1::__value_type>, std::__ndk1::less<std::__ndk1::__value_type>, bool>>::std::__ndk1::allocator<std::__ndk1::__value_type<void*, std::__ndk1::__value_type>>	no-ghidra-function
0x40359c	_ZNSt6__ndk16__treeINS_12__value_typeIPvS2_EENS_19__map_value_compareIS2_S3_NS_4lessIS2_EELb1EEENS_9allocatorIS3_EEE7destroyEPNS_11__tree_nodeIS3_S2_EE	std::__ndk1::__tree<std::__ndk1::__value_type<void*, std::__ndk1::__value_type>, std::__ndk1::__map_value_compare<std::__ndk1::__value_type, std::__ndk1::__value_type<void*, std::__ndk1::__value_type>, std::__ndk1::less<std::__ndk1::__value_type>, bool>>::std::__ndk1::allocator<std::__ndk1::__value_type<void*, std::__ndk1::__value_type>>	no-ghidra-function
0x4035dc	_ZNSt6__ndk16__treeINS_12__value_typeIPvS2_EENS_19__map_value_compareIS2_S3_NS_4lessIS2_EELb1EEENS_9allocatorIS3_EEE16__insert_node_atEPNS_15__tree_end_nodeIPNS_16__tree_node_baseIS2_EEEERSE_SE_	std::__ndk1::__tree<std::__ndk1::__value_type<void*, std::__ndk1::__value_type>, std::__ndk1::__map_value_compare<std::__ndk1::__value_type, std::__ndk1::__value_type<void*, std::__ndk1::__value_type>, std::__ndk1::less<std::__ndk1::__value_type>, bool>>::std::__ndk1::allocator<std::__ndk1::__value_type<void*, std::__ndk1::__value_type>>	no-ghidra-function
0x403630	_ZNSt6__ndk16__treeINS_12__value_typeIPvS2_EENS_19__map_value_compareIS2_S3_NS_4lessIS2_EELb1EEENS_9allocatorIS3_EEE15__emplace_multiIJRKNS_4pairIKS2_S2_EEEEENS_15__tree_iteratorIS3_PNS_11__tree_nodeIS3_S2_EElEEDpOT_	std::__ndk1::__tree<std::__ndk1::__value_type<void*, std::__ndk1::__value_type>, std::__ndk1::__map_value_compare<std::__ndk1::__value_type, std::__ndk1::__value_type<void*, std::__ndk1::__value_type>, std::__ndk1::less<std::__ndk1::__value_type>, bool>>::std::__ndk1::allocator<std::__ndk1::__value_type<void*, std::__ndk1::__value_type>>	no-ghidra-function
0x4036c8	_ZTv0_n24_NSt6__ndk114basic_ifstreamIcNS_11char_traitsIcEEED1Ev	Tv0_n24_NSt6__ndk114basic_ifstreamIcNS_11char_traitsIcEEED1Ev	no-ghidra-function
0x403710	_ZNSt6__ndk114basic_ifstreamIcNS_11char_traitsIcEEED0Ev	basic_ifstream<char, std::__ndk1::char_traits<char>>::~basic_ifstream	no-ghidra-function
0x403758	_ZTv0_n24_NSt6__ndk114basic_ifstreamIcNS_11char_traitsIcEEED0Ev	Tv0_n24_NSt6__ndk114basic_ifstreamIcNS_11char_traitsIcEEED0Ev	no-ghidra-function
0x4037ac	_ZNSt6__ndk16__treeINS_12__value_typeINS_12basic_stringIcNS_11char_traitsIcEENS_9allocatorIcEEEEN7Walaber12ValueTweaker14TweakableValueEEENS_19__map_value_compareIS7_SB_NS_4lessIS7_EELb1EEENS5_ISB_EEE4findIS7_EENS_15__tree_iteratorISB_PNS_11__tree_nodeISB_PvEElEERKT_	_ZNSt6__ndk16__treeINS_12__value_typeINS_12basic_stringIcNS_11char_traitsIcEENS_9allocatorIcEEEEN7Walaber12ValueTweaker14TweakableValueEEENS_19__map_value_compareIS7_SB_NS_4lessIS7_EELb1EEENS5_ISB_EEE4findIS7_EENS_15__tree_iteratorISB_PNS_11__tree_nodeISB_PvEElEERKT_	no-ghidra-function
0x403864	_ZNSt6__ndk16__treeINS_12__value_typeINS_12basic_stringIcNS_11char_traitsIcEENS_9allocatorIcEEEEN7Walaber12ValueTweaker14TweakableValueEEENS_19__map_value_compareIS7_SB_NS_4lessIS7_EELb1EEENS5_ISB_EEE13__lower_boundIS7_EENS_15__tree_iteratorISB_PNS_11__tree_nodeISB_PvEElEERKT_SN_PNS_15__tree_end_nodeIPNS_16__tree_node_baseISL_EEEE	_ZNSt6__ndk16__treeINS_12__value_typeINS_12basic_stringIcNS_11char_traitsIcEENS_9allocatorIcEEEEN7Walaber12ValueTweaker14TweakableValueEEENS_19__map_value_compareIS7_SB_NS_4lessIS7_EELb1EEENS5_ISB_EEE13__lower_boundIS7_EENS_15__tree_iteratorISB_PNS_11__tree_nodeISB_PvEElEERKT_SN_PNS_15__tree_end_nodeIPNS_16__tree_node_baseISL_EEEE	no-ghidra-function
0x403914	_ZNSt6__ndk16__treeINS_12__value_typeINS_12basic_stringIcNS_11char_traitsIcEENS_9allocatorIcEEEEN7Walaber12ValueTweaker14TweakableValueEEENS_19__map_value_compareIS7_SB_NS_4lessIS7_EELb1EEENS5_ISB_EEE25__emplace_unique_key_argsIS7_JRKNS_21piecewise_construct_tENS_5tupleIJRKS7_EEENSM_IJEEEEEENS_4pairINS_15__tree_iteratorISB_PNS_11__tree_nodeISB_PvEElEEbEERKT_DpOT0_	_ZNSt6__ndk16__treeINS_12__value_typeINS_12basic_stringIcNS_11char_traitsIcEENS_9allocatorIcEEEEN7Walaber12ValueTweaker14TweakableValueEEENS_19__map_value_compareIS7_SB_NS_4lessIS7_EELb1EEENS5_ISB_EEE25__emplace_unique_key_argsIS7_JRKNS_21piecewise_construct_tENS_5tupleIJRKS7_EEENSM_IJEEEEEENS_4pairINS_15__tree_iteratorISB_PNS_11__tree_nodeISB_PvEElEEbEERKT_DpOT0_	no-ghidra-function
0x4039c4	_ZNSt6__ndk16__treeINS_12__value_typeINS_12basic_stringIcNS_11char_traitsIcEENS_9allocatorIcEEEEN7Walaber12ValueTweaker14TweakableValueEEENS_19__map_value_compareIS7_SB_NS_4lessIS7_EELb1EEENS5_ISB_EEE12__find_equalIS7_EERPNS_16__tree_node_baseIPvEERPNS_15__tree_end_nodeISM_EERKT_	_ZNSt6__ndk16__treeINS_12__value_typeINS_12basic_stringIcNS_11char_traitsIcEENS_9allocatorIcEEEEN7Walaber12ValueTweaker14TweakableValueEEENS_19__map_value_compareIS7_SB_NS_4lessIS7_EELb1EEENS5_ISB_EEE12__find_equalIS7_EERPNS_16__tree_node_baseIPvEERPNS_15__tree_end_nodeISM_EERKT_	no-ghidra-function
0x403af0	_ZNSt6__ndk16__treeINS_12__value_typeINS_12basic_stringIcNS_11char_traitsIcEENS_9allocatorIcEEEEN7Walaber12ValueTweaker14TweakableValueEEENS_19__map_value_compareIS7_SB_NS_4lessIS7_EELb1EEENS5_ISB_EEE16__construct_nodeIJRKNS_21piecewise_construct_tENS_5tupleIJRKS7_EEENSM_IJEEEEEENS_10unique_ptrINS_11__tree_nodeISB_PvEENS_22__tree_node_destructorINS5_ISU_EEEEEEDpOT_	_ZNSt6__ndk16__treeINS_12__value_typeINS_12basic_stringIcNS_11char_traitsIcEENS_9allocatorIcEEEEN7Walaber12ValueTweaker14TweakableValueEEENS_19__map_value_compareIS7_SB_NS_4lessIS7_EELb1EEENS5_ISB_EEE16__construct_nodeIJRKNS_21piecewise_construct_tENS_5tupleIJRKS7_EEENSM_IJEEEEEENS_10unique_ptrINS_11__tree_nodeISB_PvEENS_22__tree_node_destructorINS5_ISU_EEEEEEDpOT_	no-ghidra-function
0x403b74	_ZNSt6__ndk16__treeINS_12__value_typeINS_12basic_stringIcNS_11char_traitsIcEENS_9allocatorIcEEEEN7Walaber12ValueTweaker14TweakableValueEEENS_19__map_value_compareIS7_SB_NS_4lessIS7_EELb1EEENS5_ISB_EEE16__insert_node_atEPNS_15__tree_end_nodeIPNS_16__tree_node_baseIPvEEEERSM_SM_	_ZNSt6__ndk16__treeINS_12__value_typeINS_12basic_stringIcNS_11char_traitsIcEENS_9allocatorIcEEEEN7Walaber12ValueTweaker14TweakableValueEEENS_19__map_value_compareIS7_SB_NS_4lessIS7_EELb1EEENS5_ISB_EEE16__insert_node_atEPNS_15__tree_end_nodeIPNS_16__tree_node_baseIPvEEEERSM_SM_	no-ghidra-function
0x403bc8	_ZNSt6__ndk16__treeINS_12__value_typeIPvS2_EENS_19__map_value_compareIS2_S3_NS_4lessIS2_EELb1EEENS_9allocatorIS3_EEE25__emplace_unique_key_argsIS2_JRKNS_21piecewise_construct_tENS_5tupleIJRKS2_EEENSF_IJEEEEEENS_4pairINS_15__tree_iteratorIS3_PNS_11__tree_nodeIS3_S2_EElEEbEERKT_DpOT0_	std::__ndk1::__tree<std::__ndk1::__value_type<void*, std::__ndk1::__value_type>, std::__ndk1::__map_value_compare<std::__ndk1::__value_type, std::__ndk1::__value_type<void*, std::__ndk1::__value_type>, std::__ndk1::less<std::__ndk1::__value_type>, bool>>::std::__ndk1::allocator<std::__ndk1::__value_type<void*, std::__ndk1::__value_type>>	no-ghidra-function
0x403c98	_ZNSt6__ndk16__treeINS_12__value_typeIPvS2_EENS_19__map_value_compareIS2_S3_NS_4lessIS2_EELb1EEENS_9allocatorIS3_EEE5eraseENS_21__tree_const_iteratorIS3_PNS_11__tree_nodeIS3_S2_EElEE	std::__ndk1::__tree<std::__ndk1::__value_type<void*, std::__ndk1::__value_type>, std::__ndk1::__map_value_compare<std::__ndk1::__value_type, std::__ndk1::__value_type<void*, std::__ndk1::__value_type>, std::__ndk1::less<std::__ndk1::__value_type>, bool>>::std::__ndk1::allocator<std::__ndk1::__value_type<void*, std::__ndk1::__value_type>>	no-ghidra-function
0x403d2c	_ZN12WaterConcept6FluidsC2EiRKN7Walaber4AABBE	Fluids::Fluids	no-ghidra-function
0x4044ac	_ZNSt6__ndk16vectorIN12WaterConcept5FluidENS_9allocatorIS2_EEEC2Em	vector<WaterConcept::Fluid, std::__ndk1::allocator<WaterConcept>>::vector	no-ghidra-function
0x4044fc	_ZN7Walaber16FluidParticleSetC2Ev	FluidParticleSet::FluidParticleSet	no-ghidra-function
0x404568	_ZN21WaterConceptConstants16FluidDescriptionaSERKS0_	_ZN21WaterConceptConstants16FluidDescriptionaSERKS0_	no-ghidra-function
0x404704	_ZN12WaterConcept6Fluids17_initVertexBufferEv	WaterConcept::Fluids::_initVertexBuffer	no-ghidra-function
0x404a84	_ZN12WaterConcept6Fluids27_buildCollisionBehaviorGridEv	WaterConcept::Fluids::_buildCollisionBehaviorGrid	no-ghidra-function
0x404abc	_ZN12WaterConcept6Fluids21_initFluidsWithBoundsERKN7Walaber4AABBE	WaterConcept::Fluids::_initFluidsWithBounds	no-ghidra-function
0x404c70	_ZNSt6__ndk16vectorIN12WaterConcept6Fluids20FluidCollisionRecordENS_9allocatorIS3_EEE7reserveEm	std::__ndk1::vector<WaterConcept::Fluids::FluidCollisionRecord, std::__ndk1::allocator<WaterConcept::Fluids>>::reserve	no-ghidra-function
0x404d5c	_ZN12WaterConcept6Fluids25_setupRenderTextureBufferEv	WaterConcept::Fluids::_setupRenderTextureBuffer	no-ghidra-function
0x405320	_ZN12WaterConcept6FluidsaSERKS0_	_ZN12WaterConcept6FluidsaSERKS0_	no-ghidra-function
0x4057b4	_ZN12WaterConcept6FluidsD2Ev	Fluids::~Fluids	no-ghidra-function
0x405b2c	_ZN7Walaber16FluidParticleSetD2Ev	FluidParticleSet::~FluidParticleSet	no-ghidra-function
0x405b78	_ZN12WaterConcept9IndexGridINSt6__ndk16vectorINS_19ParticleDescriptionENS1_9allocatorIS3_EEEEED2Ev	IndexGrid<std::__ndk1::vector<WaterConcept::ParticleDescription, WaterConcept::IndexGrid::allocator<std::__ndk1::vector>>>::~IndexGrid	no-ghidra-function
0x405be4	_ZN12WaterConcept9IndexGridINSt6__ndk16vectorINS_19ParticleDescriptionENS1_9allocatorIS3_EEEEEC2Eii	IndexGrid<std::__ndk1::vector<WaterConcept::ParticleDescription, WaterConcept::IndexGrid::allocator<std::__ndk1::vector>>>::IndexGrid	no-ghidra-function
0x405c8c	_ZN12WaterConcept6Fluids17_fillNeighborGridEv	WaterConcept::Fluids::_fillNeighborGrid	no-ghidra-function
0x405db8	_ZN12WaterConcept6Fluids23recreateGraphicsContextEv	WaterConcept::Fluids::recreateGraphicsContext	no-ghidra-function
0x405ddc	_ZN7Walaber18VertexArraysObject4bindEv	Walaber::VertexArraysObject::bind	no-ghidra-function
0x406070	_ZN7Walaber18VertexArraysObject6unbindEv	Walaber::VertexArraysObject::unbind	no-ghidra-function
0x406250	_ZN7Walaber16FluidParticleSet11addParticleEfRKNS_7Vector2ES3_Ri	Walaber::FluidParticleSet::addParticle	no-ghidra-function
0x4067ec	_ZN12WaterConcept6Fluids20addCollisionBehaviorEiiPNS0_17CollisionBehaviorE	WaterConcept::Fluids::addCollisionBehavior	no-ghidra-function
0x406b50	_ZN12WaterConcept6Fluids36changeParticleToFluidTypeWithDampingEiRKNS_19ParticleDescriptionEf	WaterConcept::Fluids::changeParticleToFluidTypeWithDamping	no-ghidra-function
0x407024	_ZNSt6__ndk16vectorIN12WaterConcept19ParticleDescriptionENS_9allocatorIS2_EEE6insertENS_11__wrap_iterIPKS2_EERS7_	std::__ndk1::vector<WaterConcept::ParticleDescription, std::__ndk1::allocator<WaterConcept>>::insert	no-ghidra-function
0x4073e4	_ZN12WaterConcept6Fluids20getParticlesForFluidEi	WaterConcept::Fluids::getParticlesForFluid	no-ghidra-function
0x4073f8	_ZN12WaterConcept6Fluids27getParticleListForFluidCellERNS_8GridCellE	WaterConcept::Fluids::getParticleListForFluidCell	no-ghidra-function
0x407420	_ZN12WaterConcept6Fluids28getBoundaryFluidCellsForAABBERKN7Walaber4AABBERNS_8GridCellES6_	WaterConcept::Fluids::getBoundaryFluidCellsForAABB	no-ghidra-function
0x4074a0	_ZN12WaterConcept6Fluids6updateEf	WaterConcept::Fluids::update	no-ghidra-function
0x4077c4	_ZN12WaterConcept9IndexGridINS_6Fluids12NeighborListEE6resizeEii	WaterConcept::IndexGrid<WaterConcept::Fluids::NeighborList>::resize	no-ghidra-function
0x407840	_ZN12WaterConcept9IndexGridINSt6__ndk16vectorINS_19ParticleDescriptionENS1_9allocatorIS3_EEEEE6resizeEii	WaterConcept::IndexGrid<std::__ndk1::vector<WaterConcept::ParticleDescription, WaterConcept::IndexGrid::allocator<std::__ndk1::vector>>>::resize	no-ghidra-function
0x407930	_ZN12WaterConcept6Fluids25_clearParticlesInsideGridEv	WaterConcept::Fluids::_clearParticlesInsideGrid	no-ghidra-function
0x407974	_ZN12WaterConcept6Fluids16_updateFluidGridEv	WaterConcept::Fluids::_updateFluidGrid	no-ghidra-function
0x407bb4	_ZN12WaterConcept6Fluids20_calculate_densitiesEv	WaterConcept::Fluids::_calculate_densities	no-ghidra-function
0x408330	_ZN12WaterConcept6Fluids17_calculate_forcesEf	WaterConcept::Fluids::_calculate_forces	no-ghidra-function
0x408468	_ZN12WaterConcept6Fluids15_update_orphansEf	WaterConcept::Fluids::_update_orphans	no-ghidra-function
0x4085fc	_ZN12WaterConcept6Fluids15_update_drynessEf	WaterConcept::Fluids::_update_dryness	no-ghidra-function
0x40869c	_ZN12WaterConcept6Fluids25_handleParticleCollisionsEv	WaterConcept::Fluids::_handleParticleCollisions	no-ghidra-function
0x408840	_ZN12WaterConcept6Fluids14updatePerFrameEv	WaterConcept::Fluids::updatePerFrame	no-ghidra-function
0x4088d8	_ZN12WaterConcept6Fluids24applyParticleConstraintsEv	WaterConcept::Fluids::applyParticleConstraints	no-ghidra-function
0x4089fc	_ZN12WaterConcept6Fluids22renderOffscreenTargetsERN7Walaber11SpriteBatchERKNS1_7Vector2ES6_	WaterConcept::Fluids::renderOffscreenTargets	no-ghidra-function
0x409140	_ZN12WaterConcept6Fluids20_buildRefractionGridERKN7Walaber7Vector2ES4_h	WaterConcept::Fluids::_buildRefractionGrid	no-ghidra-function
0x4094d4	_ZN12WaterConcept6Fluids4drawERN7Walaber11SpriteBatchENS1_7Vector2ES4_	WaterConcept::Fluids::draw	no-ghidra-function
0x409534	_ZN7Walaber10GraphicsGL13getExtensionsEv	Walaber::GraphicsGL::getExtensions	no-ghidra-function
0x4095a8	_ZN12WaterConcept6Fluids27_updateDrawBufferMappedDataEv	WaterConcept::Fluids::_updateDrawBufferMappedData	no-ghidra-function
0x409978	_ZN12WaterConcept6Fluids24_updateDrawBufferSubDataEv	WaterConcept::Fluids::_updateDrawBufferSubData	no-ghidra-function
0x409c94	_ZN12WaterConcept6Fluids15_drawDrawBufferERN7Walaber11SpriteBatchERKNS1_7Vector2ES6_	WaterConcept::Fluids::_drawDrawBuffer	no-ghidra-function
0x409eb4	_ZN12WaterConcept6Fluids15_fillVertBufferEPN7Walaber16FluidParticleSetEiRKNS1_5ColorES6_ffibS6_i	WaterConcept::Fluids::_fillVertBuffer	no-ghidra-function
0x409fbc	_ZN12WaterConcept6Fluids15_fillVertBufferEPN7Walaber16FluidParticleSetEiRKNS1_5ColorES6_ffffibS6_i	WaterConcept::Fluids::_fillVertBuffer	no-ghidra-function
0x40a284	_ZN12WaterConcept6Fluids21_getCollisionBehaviorEii	WaterConcept::Fluids::_getCollisionBehavior	no-ghidra-function
0x40a388	_ZNSt6__ndk14listIiNS_9allocatorIiEEEC2ERKS3_	list<int, std::__ndk1::allocator<int>>::list	no-ghidra-function
0x40a41c	_ZNSt6__ndk16vectorIN7Walaber13FluidParticleENS_9allocatorIS2_EEE11__vallocateEm	std::__ndk1::vector<Walaber::FluidParticle, std::__ndk1::allocator<Walaber>>::__vallocate	no-ghidra-function
0x40a470	_ZNSt6__ndk16vectorIN7Walaber13FluidParticleENS_9allocatorIS2_EEE18__construct_at_endIPS2_EENS_9enable_ifIXsr21__is_forward_iteratorIT_EE5valueEvE4typeES9_S9_m	std::__ndk1::vector<Walaber::FluidParticle, std::__ndk1::allocator<Walaber>>::__construct_at_end<Walaber*>	no-ghidra-function
0x40a4f4	_ZN7Walaber10GraphicsGL16setActiveTextureEi	Walaber::GraphicsGL::setActiveTexture	no-ghidra-function
0x40a548	_ZN7Walaber10GraphicsGL10ExtensionsC2Ev	Extensions::Extensions	no-ghidra-function
0x40a8d4	_ZNSt6__ndk113__vector_baseIN12WaterConcept5FluidENS_9allocatorIS2_EEED2Ev	__vector_base<WaterConcept::Fluid, std::__ndk1::allocator<WaterConcept>>::~__vector_base	no-ghidra-function
0x40a954	_ZNSt6__ndk16vectorIN12WaterConcept5FluidENS_9allocatorIS2_EEE11__vallocateEm	std::__ndk1::vector<WaterConcept::Fluid, std::__ndk1::allocator<WaterConcept>>::__vallocate	no-ghidra-function
0x40a9a8	_ZNSt6__ndk16vectorIN12WaterConcept5FluidENS_9allocatorIS2_EEE18__construct_at_endEm	std::__ndk1::vector<WaterConcept::Fluid, std::__ndk1::allocator<WaterConcept>>::__construct_at_end	no-ghidra-function
0x40aa10	_ZNSt6__ndk114__split_bufferIN12WaterConcept6Fluids20FluidCollisionRecordERNS_9allocatorIS3_EEEC2EmmS6_	__split_buffer<WaterConcept::Fluids::FluidCollisionRecord, std::__ndk1::allocator<WaterConcept::Fluids>&>::__split_buffer	no-ghidra-function
0x40aac0	_ZNSt6__ndk16vectorIN12WaterConcept6Fluids20FluidCollisionRecordENS_9allocatorIS3_EEE26__swap_out_circular_bufferERNS_14__split_bufferIS3_RS5_EE	std::__ndk1::vector<WaterConcept::Fluids::FluidCollisionRecord, std::__ndk1::allocator<WaterConcept::Fluids>>::__swap_out_circular_buffer	no-ghidra-function
0x40ab40	_ZNSt6__ndk16vectorIN12WaterConcept5FluidENS_9allocatorIS2_EEE21__push_back_slow_pathIRKS2_EEvOT_	std::__ndk1::vector<WaterConcept::Fluid, std::__ndk1::allocator<WaterConcept>>::__push_back_slow_path<WaterConcept const&>	no-ghidra-function
0x40ac58	_ZN21WaterConceptConstants16FluidDescriptionC2ERKS0_	FluidDescription::FluidDescription	no-ghidra-function
0x40ae14	_ZNSt6__ndk114__split_bufferIN12WaterConcept5FluidERNS_9allocatorIS2_EEEC2EmmS5_	__split_buffer<WaterConcept::Fluid, std::__ndk1::allocator<WaterConcept>&>::__split_buffer	no-ghidra-function
0x40aed8	_ZNSt6__ndk16vectorIN12WaterConcept5FluidENS_9allocatorIS2_EEE26__swap_out_circular_bufferERNS_14__split_bufferIS2_RS4_EE	std::__ndk1::vector<WaterConcept::Fluid, std::__ndk1::allocator<WaterConcept>>::__swap_out_circular_buffer	no-ghidra-function
0x40af8c	_ZNSt6__ndk114__split_bufferIN12WaterConcept5FluidERNS_9allocatorIS2_EEED2Ev	__split_buffer<WaterConcept::Fluid, std::__ndk1::allocator<WaterConcept>&>::~__split_buffer	no-ghidra-function
0x40affc	_ZNSt6__ndk16vectorIPN12WaterConcept6Fluids17CollisionBehaviorENS_9allocatorIS4_EEE21__push_back_slow_pathIRKS4_EEvOT_	std::__ndk1::vector<WaterConcept::Fluids::CollisionBehavior*, std::__ndk1::allocator<WaterConcept::Fluids::CollisionBehavior>>::__push_back_slow_path<WaterConcept::Fluids::CollisionBehavior const&>	no-ghidra-function
0x40b124	_ZNSt6__ndk114__split_bufferIPN12WaterConcept6Fluids17CollisionBehaviorERNS_9allocatorIS4_EEEC2EmmS7_	__split_buffer<WaterConcept::Fluids::CollisionBehavior*, std::__ndk1::allocator<WaterConcept::Fluids::CollisionBehavior>&>::__split_buffer	no-ghidra-function
0x40b1d4	_ZNSt6__ndk16vectorIN12WaterConcept19ParticleDescriptionENS_9allocatorIS2_EEE21__push_back_slow_pathIRKS2_EEvOT_	std::__ndk1::vector<WaterConcept::ParticleDescription, std::__ndk1::allocator<WaterConcept>>::__push_back_slow_path<WaterConcept const&>	no-ghidra-function
0x40b348	_ZNSt6__ndk114__split_bufferIN12WaterConcept19ParticleDescriptionERNS_9allocatorIS2_EEEC2EmmS5_	__split_buffer<WaterConcept::ParticleDescription, std::__ndk1::allocator<WaterConcept>&>::__split_buffer	no-ghidra-function
0x40b40c	_ZNSt6__ndk16vectorIN12WaterConcept19ParticleDescriptionENS_9allocatorIS2_EEE26__swap_out_circular_bufferERNS_14__split_bufferIS2_RS4_EEPS2_	std::__ndk1::vector<WaterConcept::ParticleDescription, std::__ndk1::allocator<WaterConcept>>::__swap_out_circular_buffer	no-ghidra-function
0x40b4f0	_ZNSt6__ndk16vectorIN12WaterConcept6Fluids20FluidCollisionRecordENS_9allocatorIS3_EEE21__push_back_slow_pathIRKS3_EEvOT_	std::__ndk1::vector<WaterConcept::Fluids::FluidCollisionRecord, std::__ndk1::allocator<WaterConcept::Fluids>>::__push_back_slow_path<WaterConcept::Fluids const&>	no-ghidra-function
0x40b638	_ZNSt6__ndk16vectorIN12WaterConcept6Fluids20FluidCollisionRecordENS_9allocatorIS3_EEE6assignIPS3_EENS_9enable_ifIXaasr21__is_forward_iteratorIT_EE5valuesr16is_constructibleIS3_NS_15iterator_traitsISA_E9referenceEEE5valueEvE4typeESA_SA_	std::__ndk1::vector<WaterConcept::Fluids::FluidCollisionRecord, std::__ndk1::allocator<WaterConcept::Fluids>>::assign<WaterConcept::Fluids*>	no-ghidra-function
0x40b7c0	_ZNSt6__ndk16vectorIN12WaterConcept6Fluids20FluidCollisionRecordENS_9allocatorIS3_EEE11__vallocateEm	std::__ndk1::vector<WaterConcept::Fluids::FluidCollisionRecord, std::__ndk1::allocator<WaterConcept::Fluids>>::__vallocate	no-ghidra-function
0x40b804	_ZN21WaterConceptConstants17stringToFluidTypeERKNSt6__ndk112basic_stringIcNS0_11char_traitsIcEENS0_9allocatorIcEEEE	WaterConceptConstants::stringToFluidType	no-ghidra-function
0x40bab4	_ZN21WaterConceptConstants15stringToDrynessERKNSt6__ndk112basic_stringIcNS0_11char_traitsIcEENS0_9allocatorIcEEEE	WaterConceptConstants::stringToDryness	no-ghidra-function
0x40bb78	_ZN21WaterConceptConstants14strToStorylineERKNSt6__ndk112basic_stringIcNS0_11char_traitsIcEENS0_9allocatorIcEEEE	WaterConceptConstants::strToStoryline	no-ghidra-function
0x40bd0c	_ZN21WaterConceptConstants14storyLineToStrENS_13StorylineTypeE	WaterConceptConstants::storyLineToStr	no-ghidra-function
0x40bdec	_ZN12WaterConcept12GameSettings12loadSettingsEv	WaterConcept::GameSettings::loadSettings	no-ghidra-function
0x40bdf0	_ZN12WaterConcept12GameSettings12saveSettingsEv	WaterConcept::GameSettings::saveSettings	no-ghidra-function
0x40bdf4	_ZN12WaterConcept12GameSettings14levelShorthandEiiibb	WaterConcept::GameSettings::levelShorthand	no-ghidra-function
0x40c550	_ZNSt6__ndk112basic_stringIcNS_11char_traitsIcEENS_9allocatorIcEEE5eraseEmm	std::__ndk1::basic_string<char, std::__ndk1::char_traits<char>, std::__ndk1::allocator<char>>::erase	no-ghidra-function
0x40c5ec	_ZN12WaterConcept12GameSettings14levelShorthandERKNSt6__ndk112basic_stringIcNS1_11char_traitsIcEENS1_9allocatorIcEEEEb	WaterConcept::GameSettings::levelShorthand	no-ghidra-function
0x40ee54	_ZN12WaterConcept12GameSettings10goPlayPackERKNSt6__ndk112basic_stringIcNS1_11char_traitsIcEENS1_9allocatorIcEEEEiRb	WaterConcept::GameSettings::goPlayPack	no-ghidra-function
0x410c70	_ZNSt6__ndk16vectorIiNS_9allocatorIiEEEC2ERKS3_	vector<int, std::__ndk1::allocator<int>>::vector	no-ghidra-function
0x413fb4	_ZN12WaterConcept12GameSettings11goNextLevelEv	WaterConcept::GameSettings::goNextLevel	no-ghidra-function
0x414828	_ZN12WaterConcept12GameSettings17goPlayRewardLevelEv	WaterConcept::GameSettings::goPlayRewardLevel	no-ghidra-function
0x414958	_ZN12WaterConcept12GameSettings12getLevelListEv	WaterConcept::GameSettings::getLevelList	no-ghidra-function
0x414ee0	_ZN7Walaber8DateTime21hasDatePassedUnixTimeEl	Walaber::DateTime::hasDatePassedUnixTime	no-ghidra-function
0x414f50	_ZN12WaterConcept12GameSettings12levelStartedEv	WaterConcept::GameSettings::levelStarted	no-ghidra-function
0x4150f0	_ZN12WaterConcept12GameSettings23getChallengeDescriptionEiRb	WaterConcept::GameSettings::getChallengeDescription	no-ghidra-function
0x41571c	_ZN12WaterConcept12GameSettings30getChallengeResultsDescriptionEiRbRN7Walaber12PropertyListE	WaterConcept::GameSettings::getChallengeResultsDescription	no-ghidra-function
0x415970	_ZN12WaterConcept12GameSettings17getChallengeIAPidEi	WaterConcept::GameSettings::getChallengeIAPid	no-ghidra-function
0x415bb4	_ZN12WaterConcept12GameSettings16getNextLevelPathERNSt6__ndk112basic_stringIcNS1_11char_traitsIcEENS1_9allocatorIcEEEE	WaterConcept::GameSettings::getNextLevelPath	no-ghidra-function
0x415c24	_ZN12WaterConcept12GameSettings15unlockNextLevelEv	WaterConcept::GameSettings::unlockNextLevel	no-ghidra-function
0x417934	_ZN12WaterConcept12GameSettings12getStarCountEv	WaterConcept::GameSettings::getStarCount	no-ghidra-function
0x4184a0	_ZN12WaterConcept12GameSettings15calculateScoresEiiii	WaterConcept::GameSettings::calculateScores	no-ghidra-function
0x41851c	_ZNSt6__ndk16vectorIiNS_9allocatorIiEEEC2Em	vector<int, std::__ndk1::allocator<int>>::vector	no-ghidra-function
0x418590	_ZN12WaterConcept12GameSettings17onLastLevelInPackEv	WaterConcept::GameSettings::onLastLevelInPack	no-ghidra-function
0x418978	_ZN12WaterConcept12GameSettings21onLastPackInStorylineEv	WaterConcept::GameSettings::onLastPackInStoryline	no-ghidra-function
0x419a5c	_ZN12WaterConcept12GameSettings12getStarCountEN21WaterConceptConstants13StorylineTypeEb	WaterConcept::GameSettings::getStarCount	no-ghidra-function
0x41a188	_ZN12WaterConcept12GameSettings17getTotalStarCountEN21WaterConceptConstants13StorylineTypeE	WaterConcept::GameSettings::getTotalStarCount	no-ghidra-function
0x41a1bc	_ZN12WaterConcept12GameSettings18getTotalLevelCountEN21WaterConceptConstants13StorylineTypeEbb	WaterConcept::GameSettings::getTotalLevelCount	no-ghidra-function
0x41ab40	_ZN12WaterConcept12GameSettings13isUpsellLevelEv	WaterConcept::GameSettings::isUpsellLevel	no-ghidra-function
0x41ac44	_ZN12WaterConcept12GameSettings15goLoadingScreenEv	WaterConcept::GameSettings::goLoadingScreen	no-ghidra-function
0x41adfc	_ZN12WaterConcept12GameSettings14goWater2UpsellEN7Walaber12PropertyListE	WaterConcept::GameSettings::goWater2Upsell	no-ghidra-function
0x41ae18	_ZN12WaterConcept12GameSettings17loadFluidTexturesEv	WaterConcept::GameSettings::loadFluidTextures	no-ghidra-function
0x41b5e0	_ZN12WaterConcept12GameSettings15reloadGameFontsEv	WaterConcept::GameSettings::reloadGameFonts	no-ghidra-function
0x421e94	_ZN12WaterConcept12GameSettings11appendThemeENSt6__ndk112basic_stringIcNS1_11char_traitsIcEENS1_9allocatorIcEEEE	WaterConcept::GameSettings::appendTheme	no-ghidra-function
0x42213c	_ZN12WaterConcept12GameSettings15getIAPGoodyCodeERKNSt6__ndk112basic_stringIcNS1_11char_traitsIcEENS1_9allocatorIcEEEE	WaterConcept::GameSettings::getIAPGoodyCode	no-ghidra-function
0x423060	_ZN12WaterConcept12GameSettings19restorePurchasedIAPEv	WaterConcept::GameSettings::restorePurchasedIAP	no-ghidra-function
0x4230cc	_ZN12WaterConcept12GameSettings19getCloudSyncSettingEv	WaterConcept::GameSettings::getCloudSyncSetting	no-ghidra-function
0x423228	_ZN12WaterConcept12GameSettings19setCloudSyncSettingEb	WaterConcept::GameSettings::setCloudSyncSetting	no-ghidra-function
0x4233ac	_ZN12WaterConcept12GameSettings23hasPromptedForCloudSyncEv	WaterConcept::GameSettings::hasPromptedForCloudSync	no-ghidra-function
0x4235c4	_ZN12WaterConcept12GameSettings23setPromptedForCloudSyncEb	WaterConcept::GameSettings::setPromptedForCloudSync	no-ghidra-function
0x42434c	_ZN12WaterConcept12GameSettings26getAllowFacebookPublishingEv	WaterConcept::GameSettings::getAllowFacebookPublishing	no-ghidra-function
0x424354	_ZN12WaterConcept12GameSettings26setAllowFacebookPublishingEi	WaterConcept::GameSettings::setAllowFacebookPublishing	no-ghidra-function
0x424358	_ZN12WaterConcept12GameSettings19languageIsSupportedERN7Walaber8LanguageE	WaterConcept::GameSettings::languageIsSupported	no-ghidra-function
0x424390	_ZN12WaterConcept12GameSettings19getFacebookLoggedInEv	WaterConcept::GameSettings::getFacebookLoggedIn	no-ghidra-function
0x424660	_ZN12WaterConcept12GameSettings27getFurthestLevelInStorylineEN21WaterConceptConstants13StorylineTypeE	WaterConcept::GameSettings::getFurthestLevelInStoryline	no-ghidra-function
0x4258e0	_ZN12WaterConcept12GameSettings7getGUIDEv	WaterConcept::GameSettings::getGUID	no-ghidra-function
0x425b74	_ZN12WaterConcept12GameSettings24showIAPADAndUpdateServerENS_11ScreenTypesE	WaterConcept::GameSettings::showIAPADAndUpdateServer	no-ghidra-function
0x42793c	_ZN12WaterConcept12GameSettings16hideIAPADBannersEb	WaterConcept::GameSettings::hideIAPADBanners	no-ghidra-function
0x4287f4	_ZN12WaterConcept12GameSettings18copyAndFormatLabelEPN7Walaber12Widget_LabelEiiRKNS1_7Vector2ERKNSt6__ndk112basic_stringIcNS7_11char_traitsIcEENS7_9allocatorIcEEEESF_bbb	WaterConcept::GameSettings::copyAndFormatLabel	no-ghidra-function
0x428b4c	_ZN7Walaber12Widget_LabelC2ERKS0_	Widget_Label::Widget_Label	no-ghidra-function
0x428d10	_ZN12WaterConcept12GameSettings19copyAndFormatButtonEPN7Walaber17Widget_PushButtonEiiRKNS1_7Vector2ERKNSt6__ndk112basic_stringIcNS7_11char_traitsIcEENS7_9allocatorIcEEEESF_SF_bb	WaterConcept::GameSettings::copyAndFormatButton	no-ghidra-function
0x429170	_ZN7Walaber17Widget_PushButtonC2ERKS0_	Widget_PushButton::Widget_PushButton	no-ghidra-function
0x429660	_ZNSt6__ndk16__treeINS_12__value_typeINS_12basic_stringIcNS_11char_traitsIcEENS_9allocatorIcEEEEPN12WaterConcept12NotificationEEENS_19__map_value_compareIS7_SB_NS_4lessIS7_EELb1EEENS5_ISB_EEE4findIS7_EENS_15__tree_iteratorISB_PNS_11__tree_nodeISB_PvEElEERKT_	_ZNSt6__ndk16__treeINS_12__value_typeINS_12basic_stringIcNS_11char_traitsIcEENS_9allocatorIcEEEEPN12WaterConcept12NotificationEEENS_19__map_value_compareIS7_SB_NS_4lessIS7_EELb1EEENS5_ISB_EEE4findIS7_EENS_15__tree_iteratorISB_PNS_11__tree_nodeISB_PvEElEERKT_	no-ghidra-function
0x4297c8	_ZNSt6__ndk16vectorIPN7Walaber12Widget_LabelENS_9allocatorIS3_EEEC2ERKS6_	vector<Walaber::Widget_Label*, std::__ndk1::allocator<Walaber::Widget_Label>>::vector	no-ghidra-function
0x429a48	_ZN12WaterConcept9GameState5resetEv	WaterConcept::GameState::reset	no-ghidra-function
0x42b4f0	_ZN12WaterConcept9GameState6_gotSEEPv	WaterConcept::GameState::_gotSE	no-ghidra-function
0x42b604	_ZN7Walaber9SharedPtrINS_14MemberCallbackIN12WaterConcept9GameStateEEEED2Ev	SharedPtr<Walaber::MemberCallback<WaterConcept::GameState>>::~SharedPtr	no-ghidra-function
0x42c3e8	_ZN12WaterConcept5World15hasOrCanProduceEi	WaterConcept::World::hasOrCanProduce	no-ghidra-function
0x42c614	_ZN12WaterConcept9GameState11audioUpdateEfi	WaterConcept::GameState::audioUpdate	no-ghidra-function
0x42d080	_ZN12WaterConcept9GameState15_ySwitchFlippedEPv	WaterConcept::GameState::_ySwitchFlipped	no-ghidra-function
0x42d090	_ZN12WaterConcept9GameState16_notifyExplosionERKN7Walaber7Vector2EPNS_17InteractiveObjectE	WaterConcept::GameState::_notifyExplosion	no-ghidra-function
0x42d0c8	_ZN12WaterConcept9GameState20_notifySpoutActivityEPNS_5SpoutE	WaterConcept::GameState::_notifySpoutActivity	no-ghidra-function
0x42d324	_ZN12WaterConcept9GameState9isGameWonEv	WaterConcept::GameState::isGameWon	no-ghidra-function
0x42d72c	_ZN12WaterConcept9GameState19_requirementsFailedEv	WaterConcept::GameState::_requirementsFailed	no-ghidra-function
0x42db28	_ZN12WaterConcept9GameState18isSecondaryGameWonEv	WaterConcept::GameState::isSecondaryGameWon	no-ghidra-function
0x42db30	_ZN12WaterConcept9GameState19isSecondaryGameOverEv	WaterConcept::GameState::isSecondaryGameOver	no-ghidra-function
0x42db38	_ZN12WaterConcept9GameState12areGoalsFullEv	WaterConcept::GameState::areGoalsFull	no-ghidra-function
0x42dc48	_ZN12WaterConcept9GameState26getNumSecondaryGoalsOfTypeEi	WaterConcept::GameState::getNumSecondaryGoalsOfType	no-ghidra-function
0x42df44	_ZNSt6__ndk16__treeIN21WaterConceptConstants9FluidTypeENS_4lessIS2_EENS_9allocatorIS2_EEE7destroyEPNS_11__tree_nodeIS2_PvEE	std::__ndk1::__tree<WaterConceptConstants::FluidType, std::__ndk1::less<WaterConceptConstants>, std::__ndk1::allocator<WaterConceptConstants>>::destroy	no-ghidra-function
0x42df84	_ZNSt6__ndk16vectorIPN12WaterConcept5SpoutENS_9allocatorIS3_EEE11__vallocateEm	std::__ndk1::vector<WaterConcept::Spout*, std::__ndk1::allocator<WaterConcept::Spout>>::__vallocate	no-ghidra-function
0x42dfc8	_ZNSt6__ndk16vectorIPN12WaterConcept8StarSeedENS_9allocatorIS3_EEE11__vallocateEm	std::__ndk1::vector<WaterConcept::StarSeed*, std::__ndk1::allocator<WaterConcept::StarSeed>>::__vallocate	no-ghidra-function
0x42e14c	_ZNSt6__ndk16vectorIN21WaterConceptConstants9FluidTypeENS_9allocatorIS2_EEE11__vallocateEm	std::__ndk1::vector<WaterConceptConstants::FluidType, std::__ndk1::allocator<WaterConceptConstants>>::__vallocate	no-ghidra-function
0x42e330	_ZNSt6__ndk16vectorIN12WaterConcept9GameState4GoalENS_9allocatorIS3_EEE11__vallocateEm	std::__ndk1::vector<WaterConcept::GameState::Goal, std::__ndk1::allocator<WaterConcept::GameState>>::__vallocate	no-ghidra-function
0x42e8b8	_ZNSt6__ndk114__split_bufferIN12WaterConcept9GameState4GoalERNS_9allocatorIS3_EEEC2EmmS6_	__split_buffer<WaterConcept::GameState::Goal, std::__ndk1::allocator<WaterConcept::GameState>&>::__split_buffer	no-ghidra-function
0x42e97c	_ZNSt6__ndk16vectorIN12WaterConcept9GameState13SecondaryGoalENS_9allocatorIS3_EEE21__push_back_slow_pathIRKS3_EEvOT_	std::__ndk1::vector<WaterConcept::GameState::SecondaryGoal, std::__ndk1::allocator<WaterConcept::GameState>>::__push_back_slow_path<WaterConcept::GameState const&>	no-ghidra-function
0x42ebb4	_ZN7Walaber14MemberCallbackIN12WaterConcept9GameStateEED0Ev	MemberCallback<WaterConcept::GameState>::~MemberCallback	no-ghidra-function
0x42ebb8	_ZN7Walaber14MemberCallbackIN12WaterConcept9GameStateEE6invokeEPv	Walaber::MemberCallback<WaterConcept::GameState>::invoke	no-ghidra-function
0x42eda0	_ZNSt6__ndk16__treeINS_12basic_stringIcNS_11char_traitsIcEENS_9allocatorIcEEEENS_4lessIS6_EENS4_IS6_EEE16__construct_nodeIJRKS6_EEENS_10unique_ptrINS_11__tree_nodeIS6_PvEENS_22__tree_node_destructorINS4_ISH_EEEEEEDpOT_	_ZNSt6__ndk16__treeINS_12basic_stringIcNS_11char_traitsIcEENS_9allocatorIcEEEENS_4lessIS6_EENS4_IS6_EEE16__construct_nodeIJRKS6_EEENS_10unique_ptrINS_11__tree_nodeIS6_PvEENS_22__tree_node_destructorINS4_ISH_EEEEEEDpOT_	no-ghidra-function
0x42eff8	_ZNSt6__ndk16__treeINS_12__value_typeINS_12basic_stringIcNS_11char_traitsIcEENS_9allocatorIcEEEEN12WaterConcept12WaterBalloon26WaterBalloonCallbackReasonEEENS_19__map_value_compareIS7_SB_NS_4lessIS7_EELb1EEENS5_ISB_EEE16__insert_node_atEPNS_15__tree_end_nodeIPNS_16__tree_node_baseIPvEEEERSM_SM_	_ZNSt6__ndk16__treeINS_12__value_typeINS_12basic_stringIcNS_11char_traitsIcEENS_9allocatorIcEEEEN12WaterConcept12WaterBalloon26WaterBalloonCallbackReasonEEENS_19__map_value_compareIS7_SB_NS_4lessIS7_EELb1EEENS5_ISB_EEE16__insert_node_atEPNS_15__tree_end_nodeIPNS_16__tree_node_baseIPvEEEERSM_SM_	no-ghidra-function
0x42f6e4	_Z13drawShockwaveN7Walaber7Vector2EfNS_5ColorEffibfif	drawShockwave	no-ghidra-function
0x42f908	_Z11stretchQuadPN7Walaber11SpriteBatchENS_9SharedPtrINS_7TextureEEERKNS_7Vector2ES7_S7_NS_5ColorENS_20VertexColorBlendModeE	stretchQuad	no-ghidra-function
0x42fa44	_Z18drawMiddleGradientPN7Walaber11SpriteBatchERKNS_7Vector2ES4_RKNS_5ColorE	drawMiddleGradient	no-ghidra-function
0x42fb28	_ZN12WaterConcept4GridC2Ev	Grid::Grid	no-ghidra-function
0x42fb50	_ZN12WaterConcept4GridC2ERKN7Walaber7Vector2Effii	Grid::Grid	no-ghidra-function
0x42fbb0	_ZN12WaterConcept4Grid18_setGridResolutionERKN7Walaber7Vector2Effii	WaterConcept::Grid::_setGridResolution	no-ghidra-function
0x42fc04	_ZN12WaterConcept4GridC2ERKS0_	Grid::Grid	no-ghidra-function
0x42fc38	_ZN12WaterConcept4GridaSERKS0_	_ZN12WaterConcept4GridaSERKS0_	no-ghidra-function
0x42fc6c	_ZN12WaterConcept4GridD2Ev	Grid::~Grid	no-ghidra-function
0x42fc70	_ZNK12WaterConcept4Grid13getCellForPosERKN7Walaber7Vector2E	const WaterConcept::Grid::getCellForPos	no-ghidra-function
0x42fcc0	_ZNK12WaterConcept4Grid10getCellPosERKNS_8GridCellE	const WaterConcept::Grid::getCellPos	no-ghidra-function
0x42fce8	_ZN12WaterConcept18ParallaxPuppetShowC2Ev	ParallaxPuppetShow::ParallaxPuppetShow	no-ghidra-function
0x42febc	_ZN12WaterConcept18ParallaxPuppetShowD2Ev	ParallaxPuppetShow::~ParallaxPuppetShow	no-ghidra-function
0x4300ac	_ZN12WaterConcept18ParallaxPuppetShow4initERKNSt6__ndk112basic_stringIcNS1_11char_traitsIcEENS1_9allocatorIcEEEE	WaterConcept::ParallaxPuppetShow::init	no-ghidra-function
0x4300b0	_ZN12WaterConcept18ParallaxPuppetShow12_loadFromXmlERKNSt6__ndk112basic_stringIcNS1_11char_traitsIcEENS1_9allocatorIcEEEE	WaterConcept::ParallaxPuppetShow::_loadFromXml	no-ghidra-function
0x43020c	_ZN12WaterConcept18ParallaxPuppetShow5startEv	WaterConcept::ParallaxPuppetShow::start	no-ghidra-function
0x4304c0	_ZN12WaterConcept18ParallaxPuppetShow12_doneLoadingEv	WaterConcept::ParallaxPuppetShow::_doneLoading	no-ghidra-function
0x430ad4	_ZN12WaterConcept18ParallaxPuppetShow14_fireColorCuesEff	WaterConcept::ParallaxPuppetShow::_fireColorCues	no-ghidra-function
0x430bf4	_ZN12WaterConcept18ParallaxPuppetShow6resumeEv	WaterConcept::ParallaxPuppetShow::resume	no-ghidra-function
0x433414	_ZN7Walaber9SharedPtrINS_14MemberCallbackIN12WaterConcept18ParallaxPuppetShowEEEED2Ev	SharedPtr<Walaber::MemberCallback<WaterConcept::ParallaxPuppetShow>>::~SharedPtr	no-ghidra-function
0x43346c	_ZN12WaterConcept18ParallaxPuppetShow20_stringToElementTypeERKNSt6__ndk112basic_stringIcNS1_11char_traitsIcEENS1_9allocatorIcEEEE	WaterConcept::ParallaxPuppetShow::_stringToElementType	no-ghidra-function
0x433524	_ZN12WaterConcept18ParallaxPuppetShow15_skeletonLoadedEPv	WaterConcept::ParallaxPuppetShow::_skeletonLoaded	no-ghidra-function
0x43367c	_ZN12WaterConcept18ParallaxPuppetShow23_stringToTransitionTypeERKNSt6__ndk112basic_stringIcNS1_11char_traitsIcEENS1_9allocatorIcEEEE	WaterConcept::ParallaxPuppetShow::_stringToTransitionType	no-ghidra-function
0x4337c4	_ZN7Walaber3XML17parsePropertyListEP8_xmlNodeRNS_12PropertyListE	Walaber::XML::parsePropertyList	no-ghidra-function
0x433a3c	_ZN7Walaber26AnimationCueAnimationTrack17addAnimationEventEfRKNSt6__ndk112basic_stringIcNS1_11char_traitsIcEENS1_9allocatorIcEEEENS_21AnimationPlaybackModeEi	Walaber::AnimationCueAnimationTrack::addAnimationEvent	no-ghidra-function
0x433b9c	_ZN7Walaber18NodeAnimationTrack8setCurveENS_17NodeTrackLocalPosENS_9SharedPtrINS_5CurveEEES4_	Walaber::NodeAnimationTrack::setCurve	no-ghidra-function
0x433c98	_ZNSt6__ndk16__treeINS_12__value_typeIfN12WaterConcept18ParallaxPuppetShow12AnimationCueEEENS_19__map_value_compareIfS5_NS_4lessIfEELb1EEENS_9allocatorIS5_EEE7destroyEPNS_11__tree_nodeIS5_PvEE	std::__ndk1::__tree<std::__ndk1::__value_type<float, WaterConcept::ParallaxPuppetShow::AnimationCue>, std::__ndk1::__map_value_compare<float, WaterConcept::ParallaxPuppetShow::AnimationCue, std::__ndk1::less<float>, bool>>::std::__ndk1::allocator<WaterConcept::ParallaxPuppetShow::AnimationCue>	no-ghidra-function
0x433cf8	_ZNSt6__ndk16__treeINS_12__value_typeIfN12WaterConcept18ParallaxPuppetShow14TransitionDataEEENS_19__map_value_compareIfS5_NS_4lessIfEELb1EEENS_9allocatorIS5_EEE7destroyEPNS_11__tree_nodeIS5_PvEE	std::__ndk1::__tree<std::__ndk1::__value_type<float, WaterConcept::ParallaxPuppetShow::TransitionData>, std::__ndk1::__map_value_compare<float, WaterConcept::ParallaxPuppetShow::TransitionData, std::__ndk1::less<float>, bool>>::std::__ndk1::allocator<WaterConcept::ParallaxPuppetShow::TransitionData>	no-ghidra-function
0x433d40	_ZNSt6__ndk16__treeINS_12__value_typeIfN12WaterConcept18ParallaxPuppetShow10CameraMoveEEENS_19__map_value_compareIfS5_NS_4lessIfEELb1EEENS_9allocatorIS5_EEE7destroyEPNS_11__tree_nodeIS5_PvEE	std::__ndk1::__tree<std::__ndk1::__value_type<float, WaterConcept::ParallaxPuppetShow::CameraMove>, std::__ndk1::__map_value_compare<float, WaterConcept::ParallaxPuppetShow::CameraMove, std::__ndk1::less<float>, bool>>::std::__ndk1::allocator<WaterConcept::ParallaxPuppetShow::CameraMove>	no-ghidra-function
0x433d80	_ZNSt6__ndk16__treeINS_12__value_typeINS_12basic_stringIcNS_11char_traitsIcEENS_9allocatorIcEEEEN12WaterConcept18ParallaxPuppetShow11ShowElementEEENS_19__map_value_compareIS7_SB_NS_4lessIS7_EELb1EEENS5_ISB_EEE7destroyEPNS_11__tree_nodeISB_PvEE	_ZNSt6__ndk16__treeINS_12__value_typeINS_12basic_stringIcNS_11char_traitsIcEENS_9allocatorIcEEEEN12WaterConcept18ParallaxPuppetShow11ShowElementEEENS_19__map_value_compareIS7_SB_NS_4lessIS7_EELb1EEENS5_ISB_EEE7destroyEPNS_11__tree_nodeISB_PvEE	no-ghidra-function
0x4341bc	_ZNSt6__ndk114__split_bufferIN7Walaber26AnimationCueAnimationTrack17CueAnimationEventERNS_9allocatorIS3_EEE9push_backEOS3_	std::__ndk1::__split_buffer<Walaber::AnimationCueAnimationTrack::CueAnimationEvent, std::__ndk1::allocator<Walaber::AnimationCueAnimationTrack>&>::push_back	no-ghidra-function
0x4344ec	_ZNSt6__ndk114__split_bufferIN7Walaber26AnimationCueAnimationTrack17CueAnimationEventERNS_9allocatorIS3_EEED2Ev	__split_buffer<Walaber::AnimationCueAnimationTrack::CueAnimationEvent, std::__ndk1::allocator<Walaber::AnimationCueAnimationTrack>&>::~__split_buffer	no-ghidra-function
0x434550	_ZNSt6__ndk16vectorIN7Walaber26AnimationCueAnimationTrack17CueAnimationEventENS_9allocatorIS3_EEE21__push_back_slow_pathIS3_EEvOT_	std::__ndk1::vector<Walaber::AnimationCueAnimationTrack::CueAnimationEvent, std::__ndk1::allocator<Walaber::AnimationCueAnimationTrack>>::__push_back_slow_path<Walaber::AnimationCueAnimationTrack>	no-ghidra-function
0x434700	_ZN7Walaber14MemberCallbackIN12WaterConcept18ParallaxPuppetShowEED0Ev	MemberCallback<WaterConcept::ParallaxPuppetShow>::~MemberCallback	no-ghidra-function
0x434704	_ZN7Walaber14MemberCallbackIN12WaterConcept18ParallaxPuppetShowEE6invokeEPv	Walaber::MemberCallback<WaterConcept::ParallaxPuppetShow>::invoke	no-ghidra-function
0x434734	_ZNSt6__ndk16__treeINS_12__value_typeINS_12basic_stringIcNS_11char_traitsIcEENS_9allocatorIcEEEEN12WaterConcept18ParallaxPuppetShow11ShowElementEEENS_19__map_value_compareIS7_SB_NS_4lessIS7_EELb1EEENS5_ISB_EEE15__emplace_multiIJNS_4pairIS7_SA_EEEEENS_15__tree_iteratorISB_PNS_11__tree_nodeISB_PvEElEEDpOT_	_ZNSt6__ndk16__treeINS_12__value_typeINS_12basic_stringIcNS_11char_traitsIcEENS_9allocatorIcEEEEN12WaterConcept18ParallaxPuppetShow11ShowElementEEENS_19__map_value_compareIS7_SB_NS_4lessIS7_EELb1EEENS5_ISB_EEE15__emplace_multiIJNS_4pairIS7_SA_EEEEENS_15__tree_iteratorISB_PNS_11__tree_nodeISB_PvEElEEDpOT_	no-ghidra-function
0x434810	_ZNSt6__ndk16__treeINS_12__value_typeINS_12basic_stringIcNS_11char_traitsIcEENS_9allocatorIcEEEEN12WaterConcept18ParallaxPuppetShow11ShowElementEEENS_19__map_value_compareIS7_SB_NS_4lessIS7_EELb1EEENS5_ISB_EEE16__find_leaf_highERPNS_15__tree_end_nodeIPNS_16__tree_node_baseIPvEEEERKS7_	_ZNSt6__ndk16__treeINS_12__value_typeINS_12basic_stringIcNS_11char_traitsIcEENS_9allocatorIcEEEEN12WaterConcept18ParallaxPuppetShow11ShowElementEEENS_19__map_value_compareIS7_SB_NS_4lessIS7_EELb1EEENS5_ISB_EEE16__find_leaf_highERPNS_15__tree_end_nodeIPNS_16__tree_node_baseIPvEEEERKS7_	no-ghidra-function
0x4349dc	_ZNSt6__ndk16__treeINS_12__value_typeIfN12WaterConcept18ParallaxPuppetShow10CameraMoveEEENS_19__map_value_compareIfS5_NS_4lessIfEELb1EEENS_9allocatorIS5_EEE16__insert_node_atEPNS_15__tree_end_nodeIPNS_16__tree_node_baseIPvEEEERSH_SH_	std::__ndk1::__tree<std::__ndk1::__value_type<float, WaterConcept::ParallaxPuppetShow::CameraMove>, std::__ndk1::__map_value_compare<float, WaterConcept::ParallaxPuppetShow::CameraMove, std::__ndk1::less<float>, bool>>::std::__ndk1::allocator<WaterConcept::ParallaxPuppetShow::CameraMove>	no-ghidra-function
0x434d98	_ZNSt6__ndk16__treeINS_12__value_typeIfN12WaterConcept18ParallaxPuppetShow12AnimationCueEEENS_19__map_value_compareIfS5_NS_4lessIfEELb1EEENS_9allocatorIS5_EEE15__emplace_multiIJNS_4pairIfS4_EEEEENS_15__tree_iteratorIS5_PNS_11__tree_nodeIS5_PvEElEEDpOT_	std::__ndk1::__tree<std::__ndk1::__value_type<float, WaterConcept::ParallaxPuppetShow::AnimationCue>, std::__ndk1::__map_value_compare<float, WaterConcept::ParallaxPuppetShow::AnimationCue, std::__ndk1::less<float>, bool>>::std::__ndk1::allocator<WaterConcept::ParallaxPuppetShow::AnimationCue>	no-ghidra-function
0x434e5c	_ZNSt6__ndk16__treeINS_12__value_typeIfN12WaterConcept18ParallaxPuppetShow12AnimationCueEEENS_19__map_value_compareIfS5_NS_4lessIfEELb1EEENS_9allocatorIS5_EEE16__insert_node_atEPNS_15__tree_end_nodeIPNS_16__tree_node_baseIPvEEEERSH_SH_	std::__ndk1::__tree<std::__ndk1::__value_type<float, WaterConcept::ParallaxPuppetShow::AnimationCue>, std::__ndk1::__map_value_compare<float, WaterConcept::ParallaxPuppetShow::AnimationCue, std::__ndk1::less<float>, bool>>::std::__ndk1::allocator<WaterConcept::ParallaxPuppetShow::AnimationCue>	no-ghidra-function
0x434f7c	_ZNSt6__ndk16__treeINS_12__value_typeIfN12WaterConcept18ParallaxPuppetShow8ColorCueEEENS_19__map_value_compareIfS5_NS_4lessIfEELb1EEENS_9allocatorIS5_EEE16__insert_node_atEPNS_15__tree_end_nodeIPNS_16__tree_node_baseIPvEEEERSH_SH_	std::__ndk1::__tree<std::__ndk1::__value_type<float, WaterConcept::ParallaxPuppetShow::ColorCue>, std::__ndk1::__map_value_compare<float, WaterConcept::ParallaxPuppetShow::ColorCue, std::__ndk1::less<float>, bool>>::std::__ndk1::allocator<WaterConcept::ParallaxPuppetShow::ColorCue>	no-ghidra-function
0x43511c	_ZNSt6__ndk16__treeINS_12__value_typeINS_12basic_stringIcNS_11char_traitsIcEENS_9allocatorIcEEEEN12WaterConcept18ParallaxPuppetShow11ShowElementEEENS_19__map_value_compareIS7_SB_NS_4lessIS7_EELb1EEENS5_ISB_EEE13__upper_boundIS7_EENS_15__tree_iteratorISB_PNS_11__tree_nodeISB_PvEElEERKT_SN_PNS_15__tree_end_nodeIPNS_16__tree_node_baseISL_EEEE	_ZNSt6__ndk16__treeINS_12__value_typeINS_12basic_stringIcNS_11char_traitsIcEENS_9allocatorIcEEEEN12WaterConcept18ParallaxPuppetShow11ShowElementEEENS_19__map_value_compareIS7_SB_NS_4lessIS7_EELb1EEENS5_ISB_EEE13__upper_boundIS7_EENS_15__tree_iteratorISB_PNS_11__tree_nodeISB_PvEElEERKT_SN_PNS_15__tree_end_nodeIPNS_16__tree_node_baseISL_EEEE	no-ghidra-function
0x4351d0	_ZNSt6__ndk13mapINS_12basic_stringIcNS_11char_traitsIcEENS_9allocatorIcEEEEN12WaterConcept20PlayerDataSerializer13LevelPackInfoENS_4lessIS6_EENS4_INS_4pairIKS6_S9_EEEEED2Ev	map<std::__ndk1::basic_string<char, std::__ndk1::char_traits<char>, std::__ndk1::allocator<char>>, WaterConcept::PlayerDataSerializer::LevelPackInfo, std::__ndk1::less<std::__ndk1::allocator<char>>, std::__ndk1::char_traits<char><std::__ndk1::pair<std::__ndk1::allocator<char> const, WaterConcept::PlayerDataSerializer>>>::~map	no-ghidra-function
0x4351d8	_ZNSt6__ndk13mapINS_12basic_stringIcNS_11char_traitsIcEENS_9allocatorIcEEEEN12WaterConcept20PlayerDataSerializer9LevelInfoENS_4lessIS6_EENS4_INS_4pairIKS6_S9_EEEEED2Ev	map<std::__ndk1::basic_string<char, std::__ndk1::char_traits<char>, std::__ndk1::allocator<char>>, WaterConcept::PlayerDataSerializer::LevelInfo, std::__ndk1::less<std::__ndk1::allocator<char>>, std::__ndk1::char_traits<char><std::__ndk1::pair<std::__ndk1::allocator<char> const, WaterConcept::PlayerDataSerializer>>>::~map	no-ghidra-function
0x4351e0	_ZNSt6__ndk13mapINS_12basic_stringIcNS_11char_traitsIcEENS_9allocatorIcEEEEN12WaterConcept20PlayerDataSerializer15AchievementInfoENS_4lessIS6_EENS4_INS_4pairIKS6_S9_EEEEED2Ev	map<std::__ndk1::basic_string<char, std::__ndk1::char_traits<char>, std::__ndk1::allocator<char>>, WaterConcept::PlayerDataSerializer::AchievementInfo, std::__ndk1::less<std::__ndk1::allocator<char>>, std::__ndk1::char_traits<char><std::__ndk1::pair<std::__ndk1::allocator<char> const, WaterConcept::PlayerDataSerializer>>>::~map	no-ghidra-function
0x4351e8	_ZNSt6__ndk13mapIjN12WaterConcept20PlayerDataSerializer15CollectibleInfoENS_4lessIjEENS_9allocatorINS_4pairIKjS3_EEEEED2Ev	map<unsigned int, WaterConcept::PlayerDataSerializer::CollectibleInfo, std::__ndk1::less<unsigned int>, std::__ndk1::allocator<std::__ndk1::pair<unsigned int const, WaterConcept::PlayerDataSerializer>>>::~map	no-ghidra-function
0x4351f0	_ZNSt6__ndk13mapIjN12WaterConcept20PlayerDataSerializer19CrankyChallengeInfoENS_4lessIjEENS_9allocatorINS_4pairIKjS3_EEEEED2Ev	map<unsigned int, WaterConcept::PlayerDataSerializer::CrankyChallengeInfo, std::__ndk1::less<unsigned int>, std::__ndk1::allocator<std::__ndk1::pair<unsigned int const, WaterConcept::PlayerDataSerializer>>>::~map	no-ghidra-function
0x4351f8	_ZNSt6__ndk13mapIjN12WaterConcept20PlayerDataSerializer18AllieChallengeInfoENS_4lessIjEENS_9allocatorINS_4pairIKjS3_EEEEED2Ev	map<unsigned int, WaterConcept::PlayerDataSerializer::AllieChallengeInfo, std::__ndk1::less<unsigned int>, std::__ndk1::allocator<std::__ndk1::pair<unsigned int const, WaterConcept::PlayerDataSerializer>>>::~map	no-ghidra-function
0x435200	_ZN12WaterConcept20PlayerDataSerializerC2Ev	PlayerDataSerializer::PlayerDataSerializer	no-ghidra-function
0x435204	_ZN12WaterConcept20PlayerDataSerializerD2Ev	PlayerDataSerializer::~PlayerDataSerializer	no-ghidra-function
0x435208	_ZN12WaterConcept20PlayerDataSerializer21initAndMergeLocalInfoEv	WaterConcept::PlayerDataSerializer::initAndMergeLocalInfo	no-ghidra-function
0x43696c	_ZN12WaterConcept20PlayerDataSerializer31initAndMergeLocalAllieMusicInfoEv	WaterConcept::PlayerDataSerializer::initAndMergeLocalAllieMusicInfo	no-ghidra-function
0x437558	_ZN12WaterConcept20PlayerDataSerializer34deserializeAndMergeAchievementInfoERKNSt6__ndk112basic_stringIcNS1_11char_traitsIcEENS1_9allocatorIcEEEE	WaterConcept::PlayerDataSerializer::deserializeAndMergeAchievementInfo	no-ghidra-function
0x438550	_ZN12WaterConcept20PlayerDataSerializer22levelAndStorylineToKeyERKNSt6__ndk112basic_stringIcNS1_11char_traitsIcEENS1_9allocatorIcEEEEi	WaterConcept::PlayerDataSerializer::levelAndStorylineToKey	no-ghidra-function
0x43b278	_ZN12WaterConcept20PlayerDataSerializer27_updateLocalCollectibleInfoEjNS0_15CollectibleInfoE	WaterConcept::PlayerDataSerializer::_updateLocalCollectibleInfo	no-ghidra-function
0x43b670	_ZN12WaterConcept20PlayerDataSerializer31_updateLocalCrankyChallengeInfoEjNS0_19CrankyChallengeInfoE	WaterConcept::PlayerDataSerializer::_updateLocalCrankyChallengeInfo	no-ghidra-function
0x43bd24	_ZN12WaterConcept20PlayerDataSerializer26_updateLocalAllieMusicInfoEjNS0_15CollectibleInfoE	WaterConcept::PlayerDataSerializer::_updateLocalAllieMusicInfo	no-ghidra-function
0x43c110	_ZN12WaterConcept20PlayerDataSerializer30_updateLocalAllieChallengeInfoEjNS0_18AllieChallengeInfoE	WaterConcept::PlayerDataSerializer::_updateLocalAllieChallengeInfo	no-ghidra-function
0x43c3d4	_ZN12WaterConcept20PlayerDataSerializer22reUpdateLocalLevelInfoERNSt6__ndk112basic_stringIcNS1_11char_traitsIcEENS1_9allocatorIcEEEE	WaterConcept::PlayerDataSerializer::reUpdateLocalLevelInfo	no-ghidra-function
0x43c660	_ZNSt6__ndk16__treeINS_12__value_typeINS_12basic_stringIcNS_11char_traitsIcEENS_9allocatorIcEEEEN12WaterConcept20PlayerDataSerializer13LevelPackInfoEEENS_19__map_value_compareIS7_SB_NS_4lessIS7_EELb1EEENS5_ISB_EEE13__lower_boundIS7_EENS_15__tree_iteratorISB_PNS_11__tree_nodeISB_PvEElEERKT_SN_PNS_15__tree_end_nodeIPNS_16__tree_node_baseISL_EEEE	_ZNSt6__ndk16__treeINS_12__value_typeINS_12basic_stringIcNS_11char_traitsIcEENS_9allocatorIcEEEEN12WaterConcept20PlayerDataSerializer13LevelPackInfoEEENS_19__map_value_compareIS7_SB_NS_4lessIS7_EELb1EEENS5_ISB_EEE13__lower_boundIS7_EENS_15__tree_iteratorISB_PNS_11__tree_nodeISB_PvEElEERKT_SN_PNS_15__tree_end_nodeIPNS_16__tree_node_baseISL_EEEE	no-ghidra-function
0x43c710	_ZNSt6__ndk16__treeINS_12__value_typeINS_12basic_stringIcNS_11char_traitsIcEENS_9allocatorIcEEEEN12WaterConcept20PlayerDataSerializer13LevelPackInfoEEENS_19__map_value_compareIS7_SB_NS_4lessIS7_EELb1EEENS5_ISB_EEE25__emplace_unique_key_argsIS7_JRKNS_21piecewise_construct_tENS_5tupleIJRKS7_EEENSM_IJEEEEEENS_4pairINS_15__tree_iteratorISB_PNS_11__tree_nodeISB_PvEElEEbEERKT_DpOT0_	_ZNSt6__ndk16__treeINS_12__value_typeINS_12basic_stringIcNS_11char_traitsIcEENS_9allocatorIcEEEEN12WaterConcept20PlayerDataSerializer13LevelPackInfoEEENS_19__map_value_compareIS7_SB_NS_4lessIS7_EELb1EEENS5_ISB_EEE25__emplace_unique_key_argsIS7_JRKNS_21piecewise_construct_tENS_5tupleIJRKS7_EEENSM_IJEEEEEENS_4pairINS_15__tree_iteratorISB_PNS_11__tree_nodeISB_PvEElEEbEERKT_DpOT0_	no-ghidra-function
0x43c8ec	_ZNSt6__ndk16__treeINS_12__value_typeINS_12basic_stringIcNS_11char_traitsIcEENS_9allocatorIcEEEEN12WaterConcept20PlayerDataSerializer13LevelPackInfoEEENS_19__map_value_compareIS7_SB_NS_4lessIS7_EELb1EEENS5_ISB_EEE16__construct_nodeIJRKNS_21piecewise_construct_tENS_5tupleIJRKS7_EEENSM_IJEEEEEENS_10unique_ptrINS_11__tree_nodeISB_PvEENS_22__tree_node_destructorINS5_ISU_EEEEEEDpOT_	_ZNSt6__ndk16__treeINS_12__value_typeINS_12basic_stringIcNS_11char_traitsIcEENS_9allocatorIcEEEEN12WaterConcept20PlayerDataSerializer13LevelPackInfoEEENS_19__map_value_compareIS7_SB_NS_4lessIS7_EELb1EEENS5_ISB_EEE16__construct_nodeIJRKNS_21piecewise_construct_tENS_5tupleIJRKS7_EEENSM_IJEEEEEENS_10unique_ptrINS_11__tree_nodeISB_PvEENS_22__tree_node_destructorINS5_ISU_EEEEEEDpOT_	no-ghidra-function
0x43c95c	_ZNSt6__ndk16__treeINS_12__value_typeINS_12basic_stringIcNS_11char_traitsIcEENS_9allocatorIcEEEEN12WaterConcept20PlayerDataSerializer13LevelPackInfoEEENS_19__map_value_compareIS7_SB_NS_4lessIS7_EELb1EEENS5_ISB_EEE16__insert_node_atEPNS_15__tree_end_nodeIPNS_16__tree_node_baseIPvEEEERSM_SM_	_ZNSt6__ndk16__treeINS_12__value_typeINS_12basic_stringIcNS_11char_traitsIcEENS_9allocatorIcEEEEN12WaterConcept20PlayerDataSerializer13LevelPackInfoEEENS_19__map_value_compareIS7_SB_NS_4lessIS7_EELb1EEENS5_ISB_EEE16__insert_node_atEPNS_15__tree_end_nodeIPNS_16__tree_node_baseIPvEEEERSM_SM_	no-ghidra-function
0x43c9b0	_ZNSt6__ndk16__treeINS_12__value_typeINS_12basic_stringIcNS_11char_traitsIcEENS_9allocatorIcEEEEN12WaterConcept20PlayerDataSerializer9LevelInfoEEENS_19__map_value_compareIS7_SB_NS_4lessIS7_EELb1EEENS5_ISB_EEE4findIS7_EENS_15__tree_iteratorISB_PNS_11__tree_nodeISB_PvEElEERKT_	_ZNSt6__ndk16__treeINS_12__value_typeINS_12basic_stringIcNS_11char_traitsIcEENS_9allocatorIcEEEEN12WaterConcept20PlayerDataSerializer9LevelInfoEEENS_19__map_value_compareIS7_SB_NS_4lessIS7_EELb1EEENS5_ISB_EEE4findIS7_EENS_15__tree_iteratorISB_PNS_11__tree_nodeISB_PvEElEERKT_	no-ghidra-function
0x43cb18	_ZNSt6__ndk16__treeINS_12__value_typeINS_12basic_stringIcNS_11char_traitsIcEENS_9allocatorIcEEEEN12WaterConcept20PlayerDataSerializer9LevelInfoEEENS_19__map_value_compareIS7_SB_NS_4lessIS7_EELb1EEENS5_ISB_EEE25__emplace_unique_key_argsIS7_JRKNS_21piecewise_construct_tENS_5tupleIJRKS7_EEENSM_IJEEEEEENS_4pairINS_15__tree_iteratorISB_PNS_11__tree_nodeISB_PvEElEEbEERKT_DpOT0_	_ZNSt6__ndk16__treeINS_12__value_typeINS_12basic_stringIcNS_11char_traitsIcEENS_9allocatorIcEEEEN12WaterConcept20PlayerDataSerializer9LevelInfoEEENS_19__map_value_compareIS7_SB_NS_4lessIS7_EELb1EEENS5_ISB_EEE25__emplace_unique_key_argsIS7_JRKNS_21piecewise_construct_tENS_5tupleIJRKS7_EEENSM_IJEEEEEENS_4pairINS_15__tree_iteratorISB_PNS_11__tree_nodeISB_PvEElEEbEERKT_DpOT0_	no-ghidra-function
0x43cdc4	_ZNSt6__ndk16__treeINS_12__value_typeINS_12basic_stringIcNS_11char_traitsIcEENS_9allocatorIcEEEEN12WaterConcept20PlayerDataSerializer15AchievementInfoEEENS_19__map_value_compareIS7_SB_NS_4lessIS7_EELb1EEENS5_ISB_EEE4findIS7_EENS_15__tree_iteratorISB_PNS_11__tree_nodeISB_PvEElEERKT_	_ZNSt6__ndk16__treeINS_12__value_typeINS_12basic_stringIcNS_11char_traitsIcEENS_9allocatorIcEEEEN12WaterConcept20PlayerDataSerializer15AchievementInfoEEENS_19__map_value_compareIS7_SB_NS_4lessIS7_EELb1EEENS5_ISB_EEE4findIS7_EENS_15__tree_iteratorISB_PNS_11__tree_nodeISB_PvEElEERKT_	no-ghidra-function
0x43cfdc	_ZNSt6__ndk16__treeINS_12__value_typeINS_12basic_stringIcNS_11char_traitsIcEENS_9allocatorIcEEEEN12WaterConcept20PlayerDataSerializer15AchievementInfoEEENS_19__map_value_compareIS7_SB_NS_4lessIS7_EELb1EEENS5_ISB_EEE12__find_equalIS7_EERPNS_16__tree_node_baseIPvEERPNS_15__tree_end_nodeISM_EERKT_	_ZNSt6__ndk16__treeINS_12__value_typeINS_12basic_stringIcNS_11char_traitsIcEENS_9allocatorIcEEEEN12WaterConcept20PlayerDataSerializer15AchievementInfoEEENS_19__map_value_compareIS7_SB_NS_4lessIS7_EELb1EEENS5_ISB_EEE12__find_equalIS7_EERPNS_16__tree_node_baseIPvEERPNS_15__tree_end_nodeISM_EERKT_	no-ghidra-function
0x43d178	_ZNSt6__ndk16__treeINS_12__value_typeINS_12basic_stringIcNS_11char_traitsIcEENS_9allocatorIcEEEEN12WaterConcept20PlayerDataSerializer15AchievementInfoEEENS_19__map_value_compareIS7_SB_NS_4lessIS7_EELb1EEENS5_ISB_EEE16__insert_node_atEPNS_15__tree_end_nodeIPNS_16__tree_node_baseIPvEEEERSM_SM_	_ZNSt6__ndk16__treeINS_12__value_typeINS_12basic_stringIcNS_11char_traitsIcEENS_9allocatorIcEEEEN12WaterConcept20PlayerDataSerializer15AchievementInfoEEENS_19__map_value_compareIS7_SB_NS_4lessIS7_EELb1EEENS5_ISB_EEE16__insert_node_atEPNS_15__tree_end_nodeIPNS_16__tree_node_baseIPvEEEERSM_SM_	no-ghidra-function
0x43d1cc	_ZNSt6__ndk16__treeINS_12__value_typeIjN12WaterConcept20PlayerDataSerializer15CollectibleInfoEEENS_19__map_value_compareIjS5_NS_4lessIjEELb1EEENS_9allocatorIS5_EEE25__emplace_unique_key_argsIjJRKNS_21piecewise_construct_tENS_5tupleIJRKjEEENSH_IJEEEEEENS_4pairINS_15__tree_iteratorIS5_PNS_11__tree_nodeIS5_PvEElEEbEERKT_DpOT0_	std::__ndk1::__tree<std::__ndk1::__value_type<unsigned int, WaterConcept::PlayerDataSerializer::CollectibleInfo>, std::__ndk1::__map_value_compare<unsigned int, WaterConcept::PlayerDataSerializer::CollectibleInfo, std::__ndk1::less<unsigned int>, bool>>::std::__ndk1::allocator<WaterConcept::PlayerDataSerializer::CollectibleInfo>	no-ghidra-function
0x43d2f4	_ZNSt6__ndk16__treeINS_12__value_typeIjN12WaterConcept20PlayerDataSerializer19CrankyChallengeInfoEEENS_19__map_value_compareIjS5_NS_4lessIjEELb1EEENS_9allocatorIS5_EEE25__emplace_unique_key_argsIjJRKNS_21piecewise_construct_tENS_5tupleIJRKjEEENSH_IJEEEEEENS_4pairINS_15__tree_iteratorIS5_PNS_11__tree_nodeIS5_PvEElEEbEERKT_DpOT0_	std::__ndk1::__tree<std::__ndk1::__value_type<unsigned int, WaterConcept::PlayerDataSerializer::CrankyChallengeInfo>, std::__ndk1::__map_value_compare<unsigned int, WaterConcept::PlayerDataSerializer::CrankyChallengeInfo, std::__ndk1::less<unsigned int>, bool>>::std::__ndk1::allocator<WaterConcept::PlayerDataSerializer::CrankyChallengeInfo>	no-ghidra-function
0x43d3c8	_ZNSt6__ndk16__treeINS_12__value_typeIjN12WaterConcept20PlayerDataSerializer19CrankyChallengeInfoEEENS_19__map_value_compareIjS5_NS_4lessIjEELb1EEENS_9allocatorIS5_EEE16__insert_node_atEPNS_15__tree_end_nodeIPNS_16__tree_node_baseIPvEEEERSH_SH_	std::__ndk1::__tree<std::__ndk1::__value_type<unsigned int, WaterConcept::PlayerDataSerializer::CrankyChallengeInfo>, std::__ndk1::__map_value_compare<unsigned int, WaterConcept::PlayerDataSerializer::CrankyChallengeInfo, std::__ndk1::less<unsigned int>, bool>>::std::__ndk1::allocator<WaterConcept::PlayerDataSerializer::CrankyChallengeInfo>	no-ghidra-function
0x43d544	_ZN12WaterConcept15PurchaseHandlerC2Ev	PurchaseHandler::PurchaseHandler	no-ghidra-function
0x43d5c0	_ZN12WaterConcept15PurchaseHandlerD0Ev	PurchaseHandler::~PurchaseHandler	no-ghidra-function
0x43d5e4	_ZN12WaterConcept15PurchaseHandler14getInstancePtrEv	WaterConcept::PurchaseHandler::getInstancePtr	no-ghidra-function
0x43d654	_ZN12WaterConcept15PurchaseHandler4initEv	WaterConcept::PurchaseHandler::init	no-ghidra-function
0x4427c0	_ZN12WaterConcept15PurchaseHandler29_processFakeLocksmithPurchaseENSt6__ndk112basic_stringIcNS1_11char_traitsIcEENS1_9allocatorIcEEEE	WaterConcept::PurchaseHandler::_processFakeLocksmithPurchase	no-ghidra-function
0x442e08	_ZN12WaterConcept16PushLevelHandlerC2Ev	PushLevelHandler::PushLevelHandler	no-ghidra-function
0x442e0c	_ZN12WaterConcept16PushLevelHandlerD2Ev	PushLevelHandler::~PushLevelHandler	no-ghidra-function
0x442e10	_ZN12WaterConcept16PushLevelHandler10InitialiseEv	WaterConcept::PushLevelHandler::Initialise	no-ghidra-function
0x442f74	_ZN12WaterConcept16PushLevelHandler14OnLevelCommandEPv	WaterConcept::PushLevelHandler::OnLevelCommand	no-ghidra-function
0x443084	_ZN12WaterConcept13SeaweedStrandC2Ev	SeaweedStrand::SeaweedStrand	no-ghidra-function
0x4430fc	_ZN7Walaber11ParticleSetC2Ev	ParticleSet::ParticleSet	no-ghidra-function
0x443170	_ZN12WaterConcept13SeaweedStrandD2Ev	SeaweedStrand::~SeaweedStrand	no-ghidra-function
0x4431a4	_ZN12WaterConcept13SeaweedStrand4initEffiRKN7Walaber7Vector2Eff	WaterConcept::SeaweedStrand::init	no-ghidra-function
0x4432fc	_ZN7Walaber11ParticleSet11addParticleEfRKNS_7Vector2EfS3_Ri	Walaber::ParticleSet::addParticle	no-ghidra-function
0x443440	_ZN12WaterConcept13SeaweedStrand10setTextureEN7Walaber9SharedPtrINS1_7TextureEEE	WaterConcept::SeaweedStrand::setTexture	no-ghidra-function
0x443448	_ZN12WaterConcept13SeaweedStrand17setBottomPositionERKN7Walaber7Vector2E	WaterConcept::SeaweedStrand::setBottomPosition	no-ghidra-function
0x443468	_ZN12WaterConcept13SeaweedStrand6updateEf	WaterConcept::SeaweedStrand::update	no-ghidra-function
0x443518	_ZN12WaterConcept13SeaweedStrand18_applySpringForcesEv	WaterConcept::SeaweedStrand::_applySpringForces	no-ghidra-function
0x443628	_ZN12WaterConcept13SeaweedStrand25_applyPositionConstraintsEv	WaterConcept::SeaweedStrand::_applyPositionConstraints	no-ghidra-function
0x443710	_ZN12WaterConcept13SeaweedStrand4drawEPN7Walaber11SpriteBatchE	WaterConcept::SeaweedStrand::draw	no-ghidra-function
0x4439b0	_ZN12WaterConcept13SeaweedStrand16handleTouchMovedERKN7Walaber7Vector2ES4_f	WaterConcept::SeaweedStrand::handleTouchMoved	no-ghidra-function
0x443aec	_ZN12WaterConcept13ShowerCurtainC2Ev	ShowerCurtain::ShowerCurtain	no-ghidra-function
0x443b50	_ZN12WaterConcept13ShowerCurtainD2Ev	ShowerCurtain::~ShowerCurtain	no-ghidra-function
0x443ba8	_ZN12WaterConcept13ShowerCurtain4initEffiiRKN7Walaber7Vector2Eff	WaterConcept::ShowerCurtain::init	no-ghidra-function
0x443d50	_ZN12WaterConcept13ShowerCurtain10setTextureEN7Walaber9SharedPtrINS1_7TextureEEE	WaterConcept::ShowerCurtain::setTexture	no-ghidra-function
0x443d58	_ZN12WaterConcept13ShowerCurtain18setTopLeftPositionERKN7Walaber7Vector2Ef	WaterConcept::ShowerCurtain::setTopLeftPosition	no-ghidra-function
0x443da4	_ZN12WaterConcept13ShowerCurtain6updateEf	WaterConcept::ShowerCurtain::update	no-ghidra-function
0x443e0c	_ZN12WaterConcept13ShowerCurtain18_applySpringForcesEv	WaterConcept::ShowerCurtain::_applySpringForces	no-ghidra-function
0x444248	_ZN12WaterConcept13ShowerCurtain4drawEPN7Walaber11SpriteBatchE	WaterConcept::ShowerCurtain::draw	no-ghidra-function
0x444524	_ZN12WaterConcept13ShowerCurtain19_getLightingForVertEii	WaterConcept::ShowerCurtain::_getLightingForVert	no-ghidra-function
0x44600c	_ZN12WaterConcept5World17_initLookupTablesEv	WaterConcept::World::_initLookupTables	no-ghidra-function
0x4470bc	_ZN12WaterConcept5World9_gotMixSEEPv	WaterConcept::World::_gotMixSE	no-ghidra-function
0x447360	_ZN12WaterConcept5World18_calcUVScaleFactorEv	WaterConcept::World::_calcUVScaleFactor	no-ghidra-function
0x4473dc	_ZNSt6__ndk13setIiNS_4lessIiEENS_9allocatorIiEEED2Ev	set<int, std::__ndk1::less<int>, std::__ndk1::allocator<int>>::~set	no-ghidra-function
0x4473e4	_ZN12WaterConcept5WorldD2Ev	World::~World	no-ghidra-function
0x447d60	_ZN12WaterConcept9IndexGridINSt6__ndk13mapIiNS_5World7VBODataENS1_4lessIiEENS1_9allocatorINS1_4pairIKiS4_EEEEEEED2Ev	IndexGrid<std::__ndk1::map<int, WaterConcept::World::VBOData, WaterConcept::IndexGrid::less<int>, WaterConcept::IndexGrid::allocator<WaterConcept::IndexGrid::pair<int const, WaterConcept::World>>>>::~IndexGrid	no-ghidra-function
0x4480a8	_ZN12WaterConcept5World20resetPhotoFinishDuckEv	WaterConcept::World::resetPhotoFinishDuck	no-ghidra-function
0x44aba8	_ZN12WaterConcept5World23_initializeMaterialVBOsEv	WaterConcept::World::_initializeMaterialVBOs	no-ghidra-function
0x44b5c0	_ZN12WaterConcept5World14addCoalTextureEN7Walaber9SharedPtrINS1_7TextureEEE	WaterConcept::World::addCoalTexture	no-ghidra-function
0x44b604	_ZN12WaterConcept5World22_levelDoneLoadingCheckEv	WaterConcept::World::_levelDoneLoadingCheck	no-ghidra-function
0x44b644	_ZN12WaterConcept5World22rebuildPolygonsForGridEv	WaterConcept::World::rebuildPolygonsForGrid	no-ghidra-function
0x44ba6c	_ZN12WaterConcept5World16setAccelerometerERKN7Walaber7Vector2E	WaterConcept::World::setAccelerometer	no-ghidra-function
0x44bb8c	_ZN12WaterConcept5World9preUpdateEf	WaterConcept::World::preUpdate	no-ghidra-function
0x451e9c	_ZN7Walaber17RibbonParticleSetILi10EE15updateParticlesEf	_ZN7Walaber17RibbonParticleSetILi10EE15updateParticlesEf	no-ghidra-function
0x452444	_ZN12WaterConcept5World20updatePhotFinishDuckEv	WaterConcept::World::updatePhotFinishDuck	no-ghidra-function
0x452578	_ZN12WaterConcept5World4drawEPN7Walaber11SpriteBatchENS1_7Vector2ES4_i	WaterConcept::World::draw	no-ghidra-function
0x4531c0	_ZN12WaterConcept5World16_drawGridSpritesEPN7Walaber11SpriteBatchE	WaterConcept::World::_drawGridSprites	no-ghidra-function
0x4536b4	_ZN7Walaber17RibbonParticleSetILi10EE13drawParticlesERNS_11SpriteBatchENS_9SharedPtrINS_7TextureEEERKNS_5ColorEi	_ZN7Walaber17RibbonParticleSetILi10EE13drawParticlesERNS_11SpriteBatchENS_9SharedPtrINS_7TextureEEERKNS_5ColorEi	no-ghidra-function
0x453c64	_ZN12WaterConcept5World19drawToRenderTextureEPN7Walaber11SpriteBatchENS1_7Vector2ES4_i	WaterConcept::World::drawToRenderTexture	no-ghidra-function
0x4557b4	_ZN7Walaber7Texture7getDataENS_9SharedPtrINS_8CallbackEEE	Walaber::Texture::getData	no-ghidra-function
0x455838	_ZN12WaterConcept9IndexGridINS_5World12MaterialInfoEEC2Eii	IndexGrid<WaterConcept::World::MaterialInfo>::IndexGrid	no-ghidra-function
0x456248	_ZN12WaterConcept5World20_getMaterialForColorERKN7Walaber5ColorE	WaterConcept::World::_getMaterialForColor	no-ghidra-function
0x45ea20	_ZN12WaterConcept5World24_bombStateChangeCallbackEPv	WaterConcept::World::_bombStateChangeCallback	no-ghidra-function
0x45f2d4	_ZN12WaterConcept5World21_collectibleCollectedEPv	WaterConcept::World::_collectibleCollected	no-ghidra-function
0x45f640	_ZN12WaterConcept5World29_dirtyWallStateChangeCallbackEPv	WaterConcept::World::_dirtyWallStateChangeCallback	no-ghidra-function
0x4610d4	_ZN12WaterConcept5World24_ySwitchSwitchedCallbackEPv	WaterConcept::World::_ySwitchSwitchedCallback	no-ghidra-function
0x46223c	_ZN7Walaber16CharacterManager14getInstancePtrEv	Walaber::CharacterManager::getInstancePtr	no-ghidra-function
0x4626b8	_ZN12WaterConcept5World19_setupObjectParentsEv	WaterConcept::World::_setupObjectParents	no-ghidra-function
0x462a90	_ZN12WaterConcept5World17_shouldCutHoleForEPNS_17InteractiveObjectE	WaterConcept::World::_shouldCutHoleFor	no-ghidra-function
0x464ec0	_ZN12WaterConcept5World28_fluidCollisionCallback_BtoAEPv	WaterConcept::World::_fluidCollisionCallback_BtoA	no-ghidra-function
0x464f70	_ZN12WaterConcept5World31_fluidCollisionCallbackMudVsMudEPv	WaterConcept::World::_fluidCollisionCallbackMudVsMud	no-ghidra-function
0x4650a8	_ZN12WaterConcept5World33_fluidCollisionCallbackWaterVsMudEPv	WaterConcept::World::_fluidCollisionCallbackWaterVsMud	no-ghidra-function
0x46517c	_ZN12WaterConcept5World30_fluidCollisionCallbackMoistenEPv	WaterConcept::World::_fluidCollisionCallbackMoisten	no-ghidra-function
0x465228	_ZN12WaterConcept5World15handleTouchDownEiRKN7Walaber7Vector2E	WaterConcept::World::handleTouchDown	no-ghidra-function
0x4652bc	_ZN12WaterConcept5World16handleTouchMovedEiRKN7Walaber7Vector2ES4_	WaterConcept::World::handleTouchMoved	no-ghidra-function
0x465358	_ZN12WaterConcept5World13handleTouchUpEiRKN7Walaber7Vector2E	WaterConcept::World::handleTouchUp	no-ghidra-function
0x4653f0	_ZNSt6__ndk16vectorIcNS_9allocatorIcEEEC2EmRKc	vector<char, std::__ndk1::allocator<char>>::vector	no-ghidra-function
0x46546c	_ZNSt6__ndk16vectorIN21WaterConceptConstants12MaterialTypeENS_9allocatorIS2_EEE7reserveEm	std::__ndk1::vector<WaterConceptConstants::MaterialType, std::__ndk1::allocator<WaterConceptConstants>>::reserve	no-ghidra-function
0x465550	_ZN12WaterConcept5World18_flagCellForRedrawENS_8GridCellE	WaterConcept::World::_flagCellForRedraw	no-ghidra-function
0x466ca4	_ZN12WaterConcept5World17_getGridEdgeValueINS_16ConsiderEdgeDirtENS_21ConsiderEdgeCollisionEEEvNS_8GridCellEiiiT_T0_RhS7_S7_	WaterConcept::World::_getGridEdgeValue<WaterConcept::ConsiderEdgeDirt, WaterConcept::ConsiderEdgeCollision>	no-ghidra-function
0x466eb0	_ZN12WaterConcept5World17_getGridEdgeValueINS_25ConsiderEdgeRockSmoothingENS_23ConsiderEdgeRockOutlineENS_21ConsiderEdgeCollisionEEEvNS_8GridCellEiiiT_T0_T1_RhS9_S9_	WaterConcept::World::_getGridEdgeValue<WaterConcept::ConsiderEdgeRockSmoothing, WaterConcept::ConsiderEdgeRockOutline, WaterConcept::ConsiderEdgeCollision>	no-ghidra-function
0x46711c	_ZN12WaterConcept5World17_getGridEdgeValueINS_19ConsiderEdgeDefaultENS_21ConsiderEdgeCollisionEEEvNS_8GridCellEiiiT_T0_RhS7_S7_	WaterConcept::World::_getGridEdgeValue<WaterConcept::ConsiderEdgeDefault, WaterConcept::ConsiderEdgeCollision>	no-ghidra-function
0x4672dc	_ZN12WaterConcept5World19_getClosestGridCellERKNS_8GridCellEii	WaterConcept::World::_getClosestGridCell	no-ghidra-function
0x4685c8	_ZN12WaterConcept17InteractiveObject19getShapePointNormalEjj	WaterConcept::InteractiveObject::getShapePointNormal	no-ghidra-function
0x4687d8	_ZN12WaterConcept5World14_killFluidPoolERKNS_19ParticleDescriptionEf	WaterConcept::World::_killFluidPool	no-ghidra-function
0x469a8c	_ZN12WaterConcept5World23_processSmoothingStripsINS_23ConsiderSameRockOutlineEEEvNS_8GridCellES3_iT_NS0_12EdgeTypeFlagERNSt6__ndk16vectorIN7Walaber19PositionTextureVertENS6_9allocatorIS9_EEEERNS7_INS8_17PositionColorVertENSA_ISE_EEEEiN21WaterConceptConstants14CollisionLayerEi	WaterConcept::World::_processSmoothingStrips<WaterConcept::ConsiderSameRockOutline>	no-ghidra-function
0x46a5c0	_ZN12WaterConcept9GameState10stopSoundsEv	WaterConcept::GameState::stopSounds	no-ghidra-function
0x46b1e0	_ZN12WaterConcept11Collectible18getSpriteWorldSizeEv	WaterConcept::Collectible::getSpriteWorldSize	no-ghidra-function
0x46b25c	_ZN12WaterConcept5World19_gotLightingTextureENSt6__ndk112basic_stringIcNS1_11char_traitsIcEENS1_9allocatorIcEEEE	WaterConcept::World::_gotLightingTexture	no-ghidra-function
0x46b26c	_ZN12WaterConcept5World10scaleDucksEfNS_8StarSeed8StarTypeE	WaterConcept::World::scaleDucks	no-ghidra-function
0x46b318	_ZN12WaterConcept5World11removeDucksENS_8StarSeed8StarTypeE	WaterConcept::World::removeDucks	no-ghidra-function
0x46b35c	_ZN12WaterConcept5World23recreateGraphicsContextEv	WaterConcept::World::recreateGraphicsContext	no-ghidra-function
0x46b388	_ZN12WaterConcept5World21makeMysteryBabySplashERKN7Walaber7Vector2E	WaterConcept::World::makeMysteryBabySplash	no-ghidra-function
0x46b680	_ZNSt6__ndk16__treeINS_12__value_typeIPN12WaterConcept6SwitchENS2_5World14SwitchAnimInfoEEENS_19__map_value_compareIS4_S7_NS_4lessIS4_EELb1EEENS_9allocatorIS7_EEE7destroyEPNS_11__tree_nodeIS7_PvEE	std::__ndk1::__tree<std::__ndk1::__value_type<WaterConcept::Switch*, std::__ndk1::__value_type::World::SwitchAnimInfo>, std::__ndk1::__map_value_compare<WaterConcept::Switch, std::__ndk1::__value_type<WaterConcept::Switch*, std::__ndk1::__value_type::World::SwitchAnimInfo>, std::__ndk1::less<WaterConcept::Switch>, bool>>::std::__ndk1::allocator<std::__ndk1::__value_type<WaterConcept::Switch*, std::__ndk1::__value_type::World::SwitchAnimInfo>>	no-ghidra-function
0x46b6c0	_ZNSt6__ndk16__treeINS_12__value_typeIiN12WaterConcept5World10TouchOwnerEEENS_19__map_value_compareIiS5_NS_4lessIiEELb1EEENS_9allocatorIS5_EEE7destroyEPNS_11__tree_nodeIS5_PvEE	std::__ndk1::__tree<std::__ndk1::__value_type<int, WaterConcept::World::TouchOwner>, std::__ndk1::__map_value_compare<int, WaterConcept::World::TouchOwner, std::__ndk1::less<int>, bool>>::std::__ndk1::allocator<WaterConcept::World::TouchOwner>	no-ghidra-function
0x46b700	_ZNSt6__ndk16__treeINS_12__value_typeIN12WaterConcept8GridCellENS2_5World7CoalDotEEENS_19__map_value_compareIS3_S6_NS_4lessIS3_EELb1EEENS_9allocatorIS6_EEE7destroyEPNS_11__tree_nodeIS6_PvEE	std::__ndk1::__tree<std::__ndk1::__value_type<WaterConcept::GridCell, std::__ndk1::__value_type::World::CoalDot>, std::__ndk1::__map_value_compare<WaterConcept, std::__ndk1::__value_type::World::CoalDot, std::__ndk1::less<WaterConcept>, bool>>::std::__ndk1::allocator<std::__ndk1::__value_type::World::CoalDot>	no-ghidra-function
0x46b740	_ZNSt6__ndk16__treeINS_12__value_typeIN12WaterConcept8GridCellENS2_5World8AlgaeDotEEENS_19__map_value_compareIS3_S6_NS_4lessIS3_EELb1EEENS_9allocatorIS6_EEE7destroyEPNS_11__tree_nodeIS6_PvEE	std::__ndk1::__tree<std::__ndk1::__value_type<WaterConcept::GridCell, std::__ndk1::__value_type::World::AlgaeDot>, std::__ndk1::__map_value_compare<WaterConcept, std::__ndk1::__value_type::World::AlgaeDot, std::__ndk1::less<WaterConcept>, bool>>::std::__ndk1::allocator<std::__ndk1::__value_type::World::AlgaeDot>	no-ghidra-function
0x46b780	_ZNSt6__ndk16__treeIiNS_4lessIiEENS_9allocatorIiEEE7destroyEPNS_11__tree_nodeIiPvEE	std::__ndk1::__tree<int, std::__ndk1::less<int>, std::__ndk1::allocator<int>>::destroy	no-ghidra-function
0x46b7c0	_ZNSt6__ndk16__treeINS_12__value_typeIN12WaterConcept8GridCellENS2_5World7CoalDotEEENS_19__map_value_compareIS3_S6_NS_4lessIS3_EELb1EEENS_9allocatorIS6_EEE25__emplace_unique_key_argsIS3_JRKNS_21piecewise_construct_tENS_5tupleIJRKS3_EEENSI_IJEEEEEENS_4pairINS_15__tree_iteratorIS6_PNS_11__tree_nodeIS6_PvEElEEbEERKT_DpOT0_	std::__ndk1::__tree<std::__ndk1::__value_type<WaterConcept::GridCell, std::__ndk1::__value_type::World::CoalDot>, std::__ndk1::__map_value_compare<WaterConcept, std::__ndk1::__value_type::World::CoalDot, std::__ndk1::less<WaterConcept>, bool>>::std::__ndk1::allocator<std::__ndk1::__value_type::World::CoalDot>	no-ghidra-function
0x46b888	_ZNSt6__ndk16__treeINS_12__value_typeIN12WaterConcept8GridCellENS2_5World7CoalDotEEENS_19__map_value_compareIS3_S6_NS_4lessIS3_EELb1EEENS_9allocatorIS6_EEE12__find_equalIS3_EERPNS_16__tree_node_baseIPvEERPNS_15__tree_end_nodeISI_EERKT_	std::__ndk1::__tree<std::__ndk1::__value_type<WaterConcept::GridCell, std::__ndk1::__value_type::World::CoalDot>, std::__ndk1::__map_value_compare<WaterConcept, std::__ndk1::__value_type::World::CoalDot, std::__ndk1::less<WaterConcept>, bool>>::std::__ndk1::allocator<std::__ndk1::__value_type::World::CoalDot>	no-ghidra-function
0x46b90c	_ZNSt6__ndk16__treeINS_12__value_typeIN12WaterConcept8GridCellENS2_5World7CoalDotEEENS_19__map_value_compareIS3_S6_NS_4lessIS3_EELb1EEENS_9allocatorIS6_EEE16__insert_node_atEPNS_15__tree_end_nodeIPNS_16__tree_node_baseIPvEEEERSI_SI_	std::__ndk1::__tree<std::__ndk1::__value_type<WaterConcept::GridCell, std::__ndk1::__value_type::World::CoalDot>, std::__ndk1::__map_value_compare<WaterConcept, std::__ndk1::__value_type::World::CoalDot, std::__ndk1::less<WaterConcept>, bool>>::std::__ndk1::allocator<std::__ndk1::__value_type::World::CoalDot>	no-ghidra-function
0x46bae4	_ZNSt6__ndk114__split_bufferIN12WaterConcept8StarSeed16TeleportWaypointERNS_9allocatorIS3_EEEC2EmmS6_	__split_buffer<WaterConcept::StarSeed::TeleportWaypoint, std::__ndk1::allocator<WaterConcept::StarSeed>&>::__split_buffer	no-ghidra-function
0x46bba8	_ZNSt6__ndk16vectorIN12WaterConcept8StarSeed16TeleportWaypointENS_9allocatorIS3_EEE26__swap_out_circular_bufferERNS_14__split_bufferIS3_RS5_EE	std::__ndk1::vector<WaterConcept::StarSeed::TeleportWaypoint, std::__ndk1::allocator<WaterConcept::StarSeed>>::__swap_out_circular_buffer	no-ghidra-function
0x46bc24	_ZN7Walaber16CharacterManagerD2Ev	CharacterManager::~CharacterManager	no-ghidra-function
0x46bcdc	_ZNSt6__ndk16__treeINS_12__value_typeIiPN7Walaber13SkeletonActorEEENS_19__map_value_compareIiS5_NS_4lessIiEELb1EEENS_9allocatorIS5_EEE7destroyEPNS_11__tree_nodeIS5_PvEE	std::__ndk1::__tree<std::__ndk1::__value_type<int, Walaber::SkeletonActor*>, std::__ndk1::__map_value_compare<int, std::__ndk1::__value_type<int, Walaber::SkeletonActor*>, std::__ndk1::less<int>, bool>>::std::__ndk1::allocator<std::__ndk1::__value_type<int, Walaber::SkeletonActor*>>	no-ghidra-function
0x46bdb0	_ZNSt6__ndk16__treeINS_12__value_typeIiPN7Walaber13SkeletonActorEEENS_19__map_value_compareIiS5_NS_4lessIiEELb1EEENS_9allocatorIS5_EEE25__emplace_unique_key_argsIiJRKNS_21piecewise_construct_tENS_5tupleIJRKiEEENSH_IJEEEEEENS_4pairINS_15__tree_iteratorIS5_PNS_11__tree_nodeIS5_PvEElEEbEERKT_DpOT0_	std::__ndk1::__tree<std::__ndk1::__value_type<int, Walaber::SkeletonActor*>, std::__ndk1::__map_value_compare<int, std::__ndk1::__value_type<int, Walaber::SkeletonActor*>, std::__ndk1::less<int>, bool>>::std::__ndk1::allocator<std::__ndk1::__value_type<int, Walaber::SkeletonActor*>>	no-ghidra-function
0x46be84	_ZNSt6__ndk16__treeINS_12__value_typeIiPN7Walaber13SkeletonActorEEENS_19__map_value_compareIiS5_NS_4lessIiEELb1EEENS_9allocatorIS5_EEE16__insert_node_atEPNS_15__tree_end_nodeIPNS_16__tree_node_baseIPvEEEERSH_SH_	std::__ndk1::__tree<std::__ndk1::__value_type<int, Walaber::SkeletonActor*>, std::__ndk1::__map_value_compare<int, std::__ndk1::__value_type<int, Walaber::SkeletonActor*>, std::__ndk1::less<int>, bool>>::std::__ndk1::allocator<std::__ndk1::__value_type<int, Walaber::SkeletonActor*>>	no-ghidra-function
0x46bed8	_ZNSt6__ndk16__treeINS_12__value_typeINS_12basic_stringIcNS_11char_traitsIcEENS_9allocatorIcEEEEN12WaterConcept5World20WorldSpoutConnectionEEENS_19__map_value_compareIS7_SB_NS_4lessIS7_EELb1EEENS5_ISB_EEE7destroyEPNS_11__tree_nodeISB_PvEE	_ZNSt6__ndk16__treeINS_12__value_typeINS_12basic_stringIcNS_11char_traitsIcEENS_9allocatorIcEEEEN12WaterConcept5World20WorldSpoutConnectionEEENS_19__map_value_compareIS7_SB_NS_4lessIS7_EELb1EEENS5_ISB_EEE7destroyEPNS_11__tree_nodeISB_PvEE	no-ghidra-function
0x46bf38	_ZNSt6__ndk16__treeINS_12__value_typeINS_12basic_stringIcNS_11char_traitsIcEENS_9allocatorIcEEEEPN12WaterConcept17InteractiveObjectEEENS_19__map_value_compareIS7_SB_NS_4lessIS7_EELb1EEENS5_ISB_EEE7destroyEPNS_11__tree_nodeISB_PvEE	_ZNSt6__ndk16__treeINS_12__value_typeINS_12basic_stringIcNS_11char_traitsIcEENS_9allocatorIcEEEEPN12WaterConcept17InteractiveObjectEEENS_19__map_value_compareIS7_SB_NS_4lessIS7_EELb1EEENS5_ISB_EEE7destroyEPNS_11__tree_nodeISB_PvEE	no-ghidra-function
0x46bf88	_ZNSt6__ndk16__treeINS_12__value_typeIN12WaterConcept8GridCellENS2_5World8AlgaeDotEEENS_19__map_value_compareIS3_S6_NS_4lessIS3_EELb1EEENS_9allocatorIS6_EEE14__erase_uniqueIS3_EEmRKT_	std::__ndk1::__tree<std::__ndk1::__value_type<WaterConcept::GridCell, std::__ndk1::__value_type::World::AlgaeDot>, std::__ndk1::__map_value_compare<WaterConcept, std::__ndk1::__value_type::World::AlgaeDot, std::__ndk1::less<WaterConcept>, bool>>::std::__ndk1::allocator<std::__ndk1::__value_type::World::AlgaeDot>	no-ghidra-function
0x46bfcc	_ZNSt6__ndk16__treeINS_12__value_typeIN12WaterConcept8GridCellENS2_5World8AlgaeDotEEENS_19__map_value_compareIS3_S6_NS_4lessIS3_EELb1EEENS_9allocatorIS6_EEE4findIS3_EENS_15__tree_iteratorIS6_PNS_11__tree_nodeIS6_PvEElEERKT_	std::__ndk1::__tree<std::__ndk1::__value_type<WaterConcept::GridCell, std::__ndk1::__value_type::World::AlgaeDot>, std::__ndk1::__map_value_compare<WaterConcept, std::__ndk1::__value_type::World::AlgaeDot, std::__ndk1::less<WaterConcept>, bool>>::std::__ndk1::allocator<std::__ndk1::__value_type::World::AlgaeDot>	no-ghidra-function
0x46c038	_ZNSt6__ndk16__treeINS_12__value_typeIN12WaterConcept8GridCellENS2_5World8AlgaeDotEEENS_19__map_value_compareIS3_S6_NS_4lessIS3_EELb1EEENS_9allocatorIS6_EEE5eraseENS_21__tree_const_iteratorIS6_PNS_11__tree_nodeIS6_PvEElEE	std::__ndk1::__tree<std::__ndk1::__value_type<WaterConcept::GridCell, std::__ndk1::__value_type::World::AlgaeDot>, std::__ndk1::__map_value_compare<WaterConcept, std::__ndk1::__value_type::World::AlgaeDot, std::__ndk1::less<WaterConcept>, bool>>::std::__ndk1::allocator<std::__ndk1::__value_type::World::AlgaeDot>	no-ghidra-function
0x46c110	_ZNSt6__ndk16__treeINS_12__value_typeIN12WaterConcept8GridCellENS2_5World7CoalDotEEENS_19__map_value_compareIS3_S6_NS_4lessIS3_EELb1EEENS_9allocatorIS6_EEE4findIS3_EENS_15__tree_iteratorIS6_PNS_11__tree_nodeIS6_PvEElEERKT_	std::__ndk1::__tree<std::__ndk1::__value_type<WaterConcept::GridCell, std::__ndk1::__value_type::World::CoalDot>, std::__ndk1::__map_value_compare<WaterConcept, std::__ndk1::__value_type::World::CoalDot, std::__ndk1::less<WaterConcept>, bool>>::std::__ndk1::allocator<std::__ndk1::__value_type::World::CoalDot>	no-ghidra-function
0x46c17c	_ZNSt6__ndk16__treeINS_12__value_typeIN12WaterConcept8GridCellENS2_5World7CoalDotEEENS_19__map_value_compareIS3_S6_NS_4lessIS3_EELb1EEENS_9allocatorIS6_EEE5eraseENS_21__tree_const_iteratorIS6_PNS_11__tree_nodeIS6_PvEElEE	std::__ndk1::__tree<std::__ndk1::__value_type<WaterConcept::GridCell, std::__ndk1::__value_type::World::CoalDot>, std::__ndk1::__map_value_compare<WaterConcept, std::__ndk1::__value_type::World::CoalDot, std::__ndk1::less<WaterConcept>, bool>>::std::__ndk1::allocator<std::__ndk1::__value_type::World::CoalDot>	no-ghidra-function
0x46c210	_ZN7Walaber6Sprite14getCurrentSizeEv	Walaber::Sprite::getCurrentSize	no-ghidra-function
0x46c240	_ZNSt6__ndk16vectorIN7Walaber19PositionTextureVertENS_9allocatorIS2_EEE21__push_back_slow_pathIRKS2_EEvOT_	std::__ndk1::vector<Walaber::PositionTextureVert, std::__ndk1::allocator<Walaber>>::__push_back_slow_path<Walaber const&>	no-ghidra-function
0x46c368	_ZNSt6__ndk114__split_bufferIN7Walaber19PositionTextureVertERNS_9allocatorIS2_EEEC2EmmS5_	__split_buffer<Walaber::PositionTextureVert, std::__ndk1::allocator<Walaber>&>::__split_buffer	no-ghidra-function
0x46c418	_ZNSt6__ndk16__treeINS_12__value_typeIN12WaterConcept8GridCellENS2_5World8AlgaeDotEEENS_19__map_value_compareIS3_S6_NS_4lessIS3_EELb1EEENS_9allocatorIS6_EEE25__emplace_unique_key_argsIS3_JRKNS_21piecewise_construct_tENS_5tupleIJRKS3_EEENSI_IJEEEEEENS_4pairINS_15__tree_iteratorIS6_PNS_11__tree_nodeIS6_PvEElEEbEERKT_DpOT0_	std::__ndk1::__tree<std::__ndk1::__value_type<WaterConcept::GridCell, std::__ndk1::__value_type::World::AlgaeDot>, std::__ndk1::__map_value_compare<WaterConcept, std::__ndk1::__value_type::World::AlgaeDot, std::__ndk1::less<WaterConcept>, bool>>::std::__ndk1::allocator<std::__ndk1::__value_type::World::AlgaeDot>	no-ghidra-function
0x46c560	_ZNSt6__ndk16__treeINS_12__value_typeIN12WaterConcept8GridCellENS2_5World8AlgaeDotEEENS_19__map_value_compareIS3_S6_NS_4lessIS3_EELb1EEENS_9allocatorIS6_EEE16__insert_node_atEPNS_15__tree_end_nodeIPNS_16__tree_node_baseIPvEEEERSI_SI_	std::__ndk1::__tree<std::__ndk1::__value_type<WaterConcept::GridCell, std::__ndk1::__value_type::World::AlgaeDot>, std::__ndk1::__map_value_compare<WaterConcept, std::__ndk1::__value_type::World::AlgaeDot, std::__ndk1::less<WaterConcept>, bool>>::std::__ndk1::allocator<std::__ndk1::__value_type::World::AlgaeDot>	no-ghidra-function
0x46c5b4	_ZNSt6__ndk113__vector_baseIN12WaterConcept5World10RegionInfoENS_9allocatorIS3_EEED2Ev	__vector_base<WaterConcept::World::RegionInfo, std::__ndk1::allocator<WaterConcept::World>>::~__vector_base	no-ghidra-function
0x46c624	_ZNSt6__ndk113__vector_baseIN12WaterConcept6Fluids32FluidCollisionCallbackParametersENS_9allocatorIS3_EEED2Ev	__vector_base<WaterConcept::Fluids::FluidCollisionCallbackParameters, std::__ndk1::allocator<WaterConcept::Fluids>>::~__vector_base	no-ghidra-function
0x46c69c	_ZNSt6__ndk16vectorIN7Walaber19PositionTextureVertENS_9allocatorIS2_EEE11__vallocateEm	std::__ndk1::vector<Walaber::PositionTextureVert, std::__ndk1::allocator<Walaber>>::__vallocate	no-ghidra-function
0x46c6e0	_ZNSt6__ndk16vectorIN7Walaber17PositionColorVertENS_9allocatorIS2_EEE11__vallocateEm	std::__ndk1::vector<Walaber::PositionColorVert, std::__ndk1::allocator<Walaber>>::__vallocate	no-ghidra-function
0x46c730	_ZN7Walaber14MemberCallbackIN12WaterConcept5WorldEED0Ev	MemberCallback<WaterConcept::World>::~MemberCallback	no-ghidra-function
0x46c734	_ZN7Walaber14MemberCallbackIN12WaterConcept5WorldEE6invokeEPv	Walaber::MemberCallback<WaterConcept::World>::invoke	no-ghidra-function
0x46c860	_ZNSt6__ndk16__treeINS_12__value_typeIiN12WaterConcept5World7VBODataEEENS_19__map_value_compareIiS5_NS_4lessIiEELb1EEENS_9allocatorIS5_EEE7destroyEPNS_11__tree_nodeIS5_PvEE	std::__ndk1::__tree<std::__ndk1::__value_type<int, WaterConcept::World::VBOData>, std::__ndk1::__map_value_compare<int, WaterConcept::World::VBOData, std::__ndk1::less<int>, bool>>::std::__ndk1::allocator<WaterConcept::World::VBOData>	no-ghidra-function
0x46c8a0	_ZNSt6__ndk16vectorIN7Walaber5ColorENS_9allocatorIS2_EEE21__push_back_slow_pathIS2_EEvOT_	std::__ndk1::vector<Walaber::Color, std::__ndk1::allocator<Walaber>>::__push_back_slow_path<Walaber>	no-ghidra-function
0x46cb34	_ZNSt6__ndk16vectorIN7Walaber14RibbonParticleILi10EEENS_9allocatorIS3_EEEC2Em	_ZNSt6__ndk16vectorIN7Walaber14RibbonParticleILi10EEENS_9allocatorIS3_EEEC2Em	no-ghidra-function
0x46cb90	_ZNSt6__ndk16vectorIN7Walaber14RibbonParticleILi10EEENS_9allocatorIS3_EEE11__vallocateEm	_ZNSt6__ndk16vectorIN7Walaber14RibbonParticleILi10EEENS_9allocatorIS3_EEE11__vallocateEm	no-ghidra-function
0x46ccb0	_ZNSt6__ndk16vectorIN7Walaber9SharedPtrINS1_7TextureEEENS_9allocatorIS4_EEE21__push_back_slow_pathIS4_EEvOT_	std::__ndk1::vector<Walaber::SharedPtr<std::__ndk1::vector::Texture>, std::__ndk1::allocator<std::__ndk1::vector::Texture>>::__push_back_slow_path<std::__ndk1::vector::Texture>	no-ghidra-function
0x46cdac	_ZNSt6__ndk16vectorIN21WaterConceptConstants12MaterialTypeENS_9allocatorIS2_EEE21__push_back_slow_pathIS2_EEvOT_	std::__ndk1::vector<WaterConceptConstants::MaterialType, std::__ndk1::allocator<WaterConceptConstants>>::__push_back_slow_path<WaterConceptConstants>	no-ghidra-function
0x46cf80	_ZNSt6__ndk16__treeINS_12__value_typeIiN12WaterConcept5World7VBODataEEENS_19__map_value_compareIiS5_NS_4lessIiEELb1EEENS_9allocatorIS5_EEE25__emplace_unique_key_argsIiJRKNS_21piecewise_construct_tENS_5tupleIJOiEEENSH_IJEEEEEENS_4pairINS_15__tree_iteratorIS5_PNS_11__tree_nodeIS5_PvEElEEbEERKT_DpOT0_	std::__ndk1::__tree<std::__ndk1::__value_type<int, WaterConcept::World::VBOData>, std::__ndk1::__map_value_compare<int, WaterConcept::World::VBOData, std::__ndk1::less<int>, bool>>::std::__ndk1::allocator<WaterConcept::World::VBOData>	no-ghidra-function
0x46d06c	_ZNSt6__ndk16__treeINS_12__value_typeIiN12WaterConcept5World7VBODataEEENS_19__map_value_compareIiS5_NS_4lessIiEELb1EEENS_9allocatorIS5_EEE16__construct_nodeIJRKNS_21piecewise_construct_tENS_5tupleIJOiEEENSH_IJEEEEEENS_10unique_ptrINS_11__tree_nodeIS5_PvEENS_22__tree_node_destructorINSA_ISO_EEEEEEDpOT_	std::__ndk1::__tree<std::__ndk1::__value_type<int, WaterConcept::World::VBOData>, std::__ndk1::__map_value_compare<int, WaterConcept::World::VBOData, std::__ndk1::less<int>, bool>>::std::__ndk1::allocator<WaterConcept::World::VBOData>	no-ghidra-function
0x46d108	_ZNSt6__ndk16__treeINS_12__value_typeIiN12WaterConcept5World7VBODataEEENS_19__map_value_compareIiS5_NS_4lessIiEELb1EEENS_9allocatorIS5_EEE16__insert_node_atEPNS_15__tree_end_nodeIPNS_16__tree_node_baseIPvEEEERSH_SH_	std::__ndk1::__tree<std::__ndk1::__value_type<int, WaterConcept::World::VBOData>, std::__ndk1::__map_value_compare<int, WaterConcept::World::VBOData, std::__ndk1::less<int>, bool>>::std::__ndk1::allocator<WaterConcept::World::VBOData>	no-ghidra-function
0x46d234	_ZNSt6__ndk16__treeINS_12__value_typeIiN12WaterConcept5World10TouchOwnerEEENS_19__map_value_compareIiS5_NS_4lessIiEELb1EEENS_9allocatorIS5_EEE16__insert_node_atEPNS_15__tree_end_nodeIPNS_16__tree_node_baseIPvEEEERSH_SH_	std::__ndk1::__tree<std::__ndk1::__value_type<int, WaterConcept::World::TouchOwner>, std::__ndk1::__map_value_compare<int, WaterConcept::World::TouchOwner, std::__ndk1::less<int>, bool>>::std::__ndk1::allocator<WaterConcept::World::TouchOwner>	no-ghidra-function
0x46d288	_ZNSt6__ndk16__treeINS_12__value_typeIiN12WaterConcept5World10TouchOwnerEEENS_19__map_value_compareIiS5_NS_4lessIiEELb1EEENS_9allocatorIS5_EEE14__erase_uniqueIiEEmRKT_	std::__ndk1::__tree<std::__ndk1::__value_type<int, WaterConcept::World::TouchOwner>, std::__ndk1::__map_value_compare<int, WaterConcept::World::TouchOwner, std::__ndk1::less<int>, bool>>::std::__ndk1::allocator<WaterConcept::World::TouchOwner>	no-ghidra-function
0x46d37c	_ZNSt6__ndk16vectorINS_11__wrap_iterIPPN12WaterConcept17InteractiveObjectEEENS_9allocatorIS6_EEE21__push_back_slow_pathIRKS6_EEvOT_	std::__ndk1::vector<std::__ndk1::__wrap_iter<WaterConcept::InteractiveObject**>, std::__ndk1::allocator<std::__ndk1::allocator>>::__push_back_slow_path<std::__ndk1::allocator const&>	no-ghidra-function
0x46da04	_ZNSt6__ndk114__split_bufferIPN12WaterConcept8StarSeedERNS_9allocatorIS3_EEEC2EmmS6_	__split_buffer<WaterConcept::StarSeed*, std::__ndk1::allocator<WaterConcept::StarSeed>&>::__split_buffer	no-ghidra-function
0x46dc88	_ZNSt6__ndk16__treeINS_12__value_typeINS_12basic_stringIcNS_11char_traitsIcEENS_9allocatorIcEEEEN12WaterConcept5World20WorldSpoutConnectionEEENS_19__map_value_compareIS7_SB_NS_4lessIS7_EELb1EEENS5_ISB_EEE16__insert_node_atEPNS_15__tree_end_nodeIPNS_16__tree_node_baseIPvEEEERSM_SM_	_ZNSt6__ndk16__treeINS_12__value_typeINS_12basic_stringIcNS_11char_traitsIcEENS_9allocatorIcEEEEN12WaterConcept5World20WorldSpoutConnectionEEENS_19__map_value_compareIS7_SB_NS_4lessIS7_EELb1EEENS5_ISB_EEE16__insert_node_atEPNS_15__tree_end_nodeIPNS_16__tree_node_baseIPvEEEERSM_SM_	no-ghidra-function
0x46dcdc	_ZNSt6__ndk16__treeINS_12__value_typeINS_12basic_stringIcNS_11char_traitsIcEENS_9allocatorIcEEEES7_EENS_19__map_value_compareIS7_S8_NS_4lessIS7_EELb1EEENS5_IS8_EEE15__emplace_multiIJNS_4pairIS7_S7_EEEEENS_15__tree_iteratorIS8_PNS_11__tree_nodeIS8_PvEElEEDpOT_	std::__ndk1::__tree<std::__ndk1::__value_type<std::__ndk1::basic_string<char, std::__ndk1::char_traits<char>, std::__ndk1::allocator<char>>, std::__ndk1::allocator<char>>, std::__ndk1::__map_value_compare<std::__ndk1::allocator<char>, std::__ndk1::basic_string<char, std::__ndk1::char_traits<char>, std::__ndk1::allocator<char>>, std::__ndk1::less<std::__ndk1::allocator<char>>, bool>>::std::__ndk1::char_traits<char><std::__ndk1::basic_string<char, std::__ndk1::char_traits<char>, std::__ndk1::allocator<char>>>	no-ghidra-function
0x46ddd4	_ZNSt6__ndk16__treeINS_12__value_typeINS_12basic_stringIcNS_11char_traitsIcEENS_9allocatorIcEEEES7_EENS_19__map_value_compareIS7_S8_NS_4lessIS7_EELb1EEENS5_IS8_EEE16__find_leaf_highERPNS_15__tree_end_nodeIPNS_16__tree_node_baseIPvEEEERKS7_	std::__ndk1::__tree<std::__ndk1::__value_type<std::__ndk1::basic_string<char, std::__ndk1::char_traits<char>, std::__ndk1::allocator<char>>, std::__ndk1::allocator<char>>, std::__ndk1::__map_value_compare<std::__ndk1::allocator<char>, std::__ndk1::basic_string<char, std::__ndk1::char_traits<char>, std::__ndk1::allocator<char>>, std::__ndk1::less<std::__ndk1::allocator<char>>, bool>>::std::__ndk1::char_traits<char><std::__ndk1::basic_string<char, std::__ndk1::char_traits<char>, std::__ndk1::allocator<char>>>	no-ghidra-function
0x46e1ec	_ZNSt6__ndk114__split_bufferIPN12WaterConcept17InteractiveObjectERNS_9allocatorIS3_EEEC2EmmS6_	__split_buffer<WaterConcept::InteractiveObject*, std::__ndk1::allocator<WaterConcept::InteractiveObject>&>::__split_buffer	no-ghidra-function
0x46e29c	_ZNSt6__ndk16__treeINS_12__value_typeINS_12basic_stringIcNS_11char_traitsIcEENS_9allocatorIcEEEEPN12WaterConcept17InteractiveObjectEEENS_19__map_value_compareIS7_SB_NS_4lessIS7_EELb1EEENS5_ISB_EEE25__emplace_unique_key_argsIS7_JRKNS_21piecewise_construct_tENS_5tupleIJRKS7_EEENSM_IJEEEEEENS_4pairINS_15__tree_iteratorISB_PNS_11__tree_nodeISB_PvEElEEbEERKT_DpOT0_	_ZNSt6__ndk16__treeINS_12__value_typeINS_12basic_stringIcNS_11char_traitsIcEENS_9allocatorIcEEEEPN12WaterConcept17InteractiveObjectEEENS_19__map_value_compareIS7_SB_NS_4lessIS7_EELb1EEENS5_ISB_EEE25__emplace_unique_key_argsIS7_JRKNS_21piecewise_construct_tENS_5tupleIJRKS7_EEENSM_IJEEEEEENS_4pairINS_15__tree_iteratorISB_PNS_11__tree_nodeISB_PvEElEEbEERKT_DpOT0_	no-ghidra-function
0x46e34c	_ZNSt6__ndk16__treeINS_12__value_typeINS_12basic_stringIcNS_11char_traitsIcEENS_9allocatorIcEEEEPN12WaterConcept17InteractiveObjectEEENS_19__map_value_compareIS7_SB_NS_4lessIS7_EELb1EEENS5_ISB_EEE12__find_equalIS7_EERPNS_16__tree_node_baseIPvEERPNS_15__tree_end_nodeISM_EERKT_	_ZNSt6__ndk16__treeINS_12__value_typeINS_12basic_stringIcNS_11char_traitsIcEENS_9allocatorIcEEEEPN12WaterConcept17InteractiveObjectEEENS_19__map_value_compareIS7_SB_NS_4lessIS7_EELb1EEENS5_ISB_EEE12__find_equalIS7_EERPNS_16__tree_node_baseIPvEERPNS_15__tree_end_nodeISM_EERKT_	no-ghidra-function
0x46e4e8	_ZNSt6__ndk16__treeINS_12__value_typeINS_12basic_stringIcNS_11char_traitsIcEENS_9allocatorIcEEEEPN12WaterConcept17InteractiveObjectEEENS_19__map_value_compareIS7_SB_NS_4lessIS7_EELb1EEENS5_ISB_EEE16__insert_node_atEPNS_15__tree_end_nodeIPNS_16__tree_node_baseIPvEEEERSM_SM_	_ZNSt6__ndk16__treeINS_12__value_typeINS_12basic_stringIcNS_11char_traitsIcEENS_9allocatorIcEEEEPN12WaterConcept17InteractiveObjectEEENS_19__map_value_compareIS7_SB_NS_4lessIS7_EELb1EEENS5_ISB_EEE16__insert_node_atEPNS_15__tree_end_nodeIPNS_16__tree_node_baseIPvEEEERSM_SM_	no-ghidra-function
0x46e6e8	_ZNSt6__ndk114__split_bufferIN12WaterConcept5World10RegionInfoERNS_9allocatorIS3_EEEC2EmmS6_	__split_buffer<WaterConcept::World::RegionInfo, std::__ndk1::allocator<WaterConcept::World>&>::__split_buffer	no-ghidra-function
0x46e8f0	_ZNSt6__ndk114__split_bufferIN12WaterConcept5World10RegionInfoERNS_9allocatorIS3_EEED2Ev	__split_buffer<WaterConcept::World::RegionInfo, std::__ndk1::allocator<WaterConcept::World>&>::~__split_buffer	no-ghidra-function
0x46ea6c	_ZNSt6__ndk16__treeINS_12__value_typeINS_12basic_stringIcNS_11char_traitsIcEENS_9allocatorIcEEEEPN12WaterConcept17InteractiveObjectEEENS_19__map_value_compareIS7_SB_NS_4lessIS7_EELb1EEENS5_ISB_EEE25__emplace_unique_key_argsIS7_JRKNS_21piecewise_construct_tENS_5tupleIJOS7_EEENSM_IJEEEEEENS_4pairINS_15__tree_iteratorISB_PNS_11__tree_nodeISB_PvEElEEbEERKT_DpOT0_	_ZNSt6__ndk16__treeINS_12__value_typeINS_12basic_stringIcNS_11char_traitsIcEENS_9allocatorIcEEEEPN12WaterConcept17InteractiveObjectEEENS_19__map_value_compareIS7_SB_NS_4lessIS7_EELb1EEENS5_ISB_EEE25__emplace_unique_key_argsIS7_JRKNS_21piecewise_construct_tENS_5tupleIJOS7_EEENSM_IJEEEEEENS_4pairINS_15__tree_iteratorISB_PNS_11__tree_nodeISB_PvEElEEbEERKT_DpOT0_	no-ghidra-function
0x46f188	_ZNSt6__ndk114__split_bufferIN12WaterConcept5World10TouchEventERNS_9allocatorIS3_EEEC2EmmS6_	__split_buffer<WaterConcept::World::TouchEvent, std::__ndk1::allocator<WaterConcept::World>&>::__split_buffer	no-ghidra-function
0x46f4f8	_ZNSt6__ndk16__treeIiNS_4lessIiEENS_9allocatorIiEEE16__insert_node_atEPNS_15__tree_end_nodeIPNS_16__tree_node_baseIPvEEEERSA_SA_	std::__ndk1::__tree<int, std::__ndk1::less<int>, std::__ndk1::allocator<int>>::__insert_node_at	no-ghidra-function
0x46f6c8	_ZNSt6__ndk16__treeIN12WaterConcept8GridCellENS_4lessIS2_EENS_9allocatorIS2_EEE4findIS2_EENS_15__tree_iteratorIS2_PNS_11__tree_nodeIS2_PvEElEERKT_	std::__ndk1::__tree<WaterConcept::GridCell, std::__ndk1::less<WaterConcept>, std::__ndk1::allocator<WaterConcept>>::find<WaterConcept>	no-ghidra-function
0x46f7dc	_ZNSt6__ndk16__treeIN12WaterConcept8GridCellENS_4lessIS2_EENS_9allocatorIS2_EEE12__find_equalIS2_EERPNS_16__tree_node_baseIPvEERPNS_15__tree_end_nodeISC_EERKT_	std::__ndk1::__tree<WaterConcept::GridCell, std::__ndk1::less<WaterConcept>, std::__ndk1::allocator<WaterConcept>>::__find_equal<WaterConcept>	no-ghidra-function
0x46f860	_ZNSt6__ndk16__treeIN12WaterConcept8GridCellENS_4lessIS2_EENS_9allocatorIS2_EEE16__insert_node_atEPNS_15__tree_end_nodeIPNS_16__tree_node_baseIPvEEEERSC_SC_	std::__ndk1::__tree<WaterConcept::GridCell, std::__ndk1::less<WaterConcept>, std::__ndk1::allocator<WaterConcept>>::__insert_node_at	no-ghidra-function
0x46f8b4	_ZN12WaterConcept5World10_walkStripINS_19ConsiderSameDefaultEEEvNS_8GridCellES3_S3_iT_NS0_12EdgeTypeFlagERNSt6__ndk16vectorIN7Walaber19PositionTextureVertENS6_9allocatorIS9_EEEERNS7_INS8_17PositionColorVertENSA_ISE_EEEEiN21WaterConceptConstants14CollisionLayerEi	WaterConcept::World::_walkStrip<WaterConcept::ConsiderSameDefault>	no-ghidra-function
0x47169c	_ZN12WaterConcept5World28_considerOutlineForCollisionENS_8GridCellERKN7Walaber7Vector2ES5_S5_N21WaterConceptConstants14CollisionLayerE	WaterConcept::World::_considerOutlineForCollision	no-ghidra-function
0x471804	_ZNSt6__ndk16vectorIN7Walaber17PositionColorVertENS_9allocatorIS2_EEE21__push_back_slow_pathIRKS2_EEvOT_	std::__ndk1::vector<Walaber::PositionColorVert, std::__ndk1::allocator<Walaber>>::__push_back_slow_path<Walaber const&>	no-ghidra-function
0x47366c	_ZN12WaterConcept5World10_walkStripINS_15ConsiderSameAllEEEvNS_8GridCellES3_S3_iT_NS0_12EdgeTypeFlagERNSt6__ndk16vectorIN7Walaber19PositionTextureVertENS6_9allocatorIS9_EEEERNS7_INS8_17PositionColorVertENSA_ISE_EEEEiN21WaterConceptConstants14CollisionLayerEi	WaterConcept::World::_walkStrip<WaterConcept::ConsiderSameAll>	no-ghidra-function
0x475264	_ZN12WaterConcept5World10_walkStripINS_17ConsiderSameAlgaeEEEvNS_8GridCellES3_S3_iT_NS0_12EdgeTypeFlagERNSt6__ndk16vectorIN7Walaber19PositionTextureVertENS6_9allocatorIS9_EEEERNS7_INS8_17PositionColorVertENSA_ISE_EEEEiN21WaterConceptConstants14CollisionLayerEi	WaterConcept::World::_walkStrip<WaterConcept::ConsiderSameAlgae>	no-ghidra-function
0x476e24	_ZNSt6__ndk16vectorIPN12WaterConcept4BombENS_9allocatorIS3_EEE21__push_back_slow_pathIRKS3_EEvOT_	std::__ndk1::vector<WaterConcept::Bomb*, std::__ndk1::allocator<WaterConcept::Bomb>>::__push_back_slow_path<WaterConcept::Bomb const&>	no-ghidra-function
0x476f4c	_ZNSt6__ndk114__split_bufferIPN12WaterConcept4BombERNS_9allocatorIS3_EEEC2EmmS6_	__split_buffer<WaterConcept::Bomb*, std::__ndk1::allocator<WaterConcept::Bomb>&>::__split_buffer	no-ghidra-function
0x4770cc	_ZNSt6__ndk16__treeINS_12__value_typeIPN12WaterConcept6SwitchENS2_5World14SwitchAnimInfoEEENS_19__map_value_compareIS4_S7_NS_4lessIS4_EELb1EEENS_9allocatorIS7_EEE16__insert_node_atEPNS_15__tree_end_nodeIPNS_16__tree_node_baseIPvEEEERSJ_SJ_	std::__ndk1::__tree<std::__ndk1::__value_type<WaterConcept::Switch*, std::__ndk1::__value_type::World::SwitchAnimInfo>, std::__ndk1::__map_value_compare<WaterConcept::Switch, std::__ndk1::__value_type<WaterConcept::Switch*, std::__ndk1::__value_type::World::SwitchAnimInfo>, std::__ndk1::less<WaterConcept::Switch>, bool>>::std::__ndk1::allocator<std::__ndk1::__value_type<WaterConcept::Switch*, std::__ndk1::__value_type::World::SwitchAnimInfo>>	no-ghidra-function
0x477120	_ZN12WaterConcept10AlgaeHiderC2EN7Walaber7Vector2EfS2_	AlgaeHider::AlgaeHider	no-ghidra-function
0x4771bc	_ZN12WaterConcept10AlgaeHiderD2Ev	AlgaeHider::~AlgaeHider	no-ghidra-function
0x4771fc	_ZN12WaterConcept10AlgaeHiderD0Ev	AlgaeHider::~AlgaeHider	no-ghidra-function
0x477220	_ZN12WaterConcept10AlgaeHider13setPropertiesERKN7Walaber12PropertyListE	WaterConcept::AlgaeHider::setProperties	no-ghidra-function
0x477330	_ZN12WaterConcept10AlgaeHider6updateEf	WaterConcept::AlgaeHider::update	no-ghidra-function
0x477334	_ZN12WaterConcept10AlgaeHider9removeAllEv	WaterConcept::AlgaeHider::removeAll	no-ghidra-function
0x47755c	_ZN12WaterConcept10AlgaeHider13_initFinishedEv	WaterConcept::AlgaeHider::_initFinished	no-ghidra-function
0x4775d0	_ZN12WaterConcept17InteractiveObject16setLocalPositionERKN7Walaber7Vector2E	WaterConcept::InteractiveObject::setLocalPosition	no-ghidra-function
0x4775f8	_ZN12WaterConcept17InteractiveObject13setLocalScaleERKN7Walaber7Vector2E	WaterConcept::InteractiveObject::setLocalScale	no-ghidra-function
0x477620	_ZN12WaterConcept17InteractiveObject13setLocalAngleERKf	WaterConcept::InteractiveObject::setLocalAngle	no-ghidra-function
0x477648	_ZN12WaterConcept17InteractiveObject4drawEPN7Walaber11SpriteBatchE	WaterConcept::InteractiveObject::draw	no-ghidra-function
0x477660	_ZN12WaterConcept17InteractiveObject18isLowTouchPriorityEv	WaterConcept::InteractiveObject::isLowTouchPriority	no-ghidra-function
0x477668	_ZN12WaterConcept17InteractiveObject15handleLostTouchEv	WaterConcept::InteractiveObject::handleLostTouch	no-ghidra-function
0x477670	_ZN12WaterConcept17InteractiveObject18getTouchRadiusSlopEv	WaterConcept::InteractiveObject::getTouchRadiusSlop	no-ghidra-function
0x477680	_ZN12WaterConcept17InteractiveObject12_initFromXMLEP7_xmlDocP8_xmlNode	WaterConcept::InteractiveObject::_initFromXML	no-ghidra-function
0x477684	_ZN12WaterConcept17InteractiveObject16_spriteHasLoadedEPN7Walaber6SpriteE	WaterConcept::InteractiveObject::_spriteHasLoaded	no-ghidra-function
0x47779c	_ZN12WaterConcept4BombD2Ev	Bomb::~Bomb	no-ghidra-function
0x477ce0	_ZN7Walaber9SharedPtrINS_14MemberCallbackIN12WaterConcept4BombEEEED2Ev	SharedPtr<Walaber::MemberCallback<WaterConcept::Bomb>>::~SharedPtr	no-ghidra-function
0x477e64	_ZN12WaterConcept4Bomb6updateEf	WaterConcept::Bomb::update	no-ghidra-function
0x4782f4	_ZN12WaterConcept17InteractiveObject6_gotSEEPv	WaterConcept::InteractiveObject::_gotSE	no-ghidra-function
0x47836c	_ZN7Walaber9SharedPtrINS_14MemberCallbackIN12WaterConcept17InteractiveObjectEEEED2Ev	SharedPtr<Walaber::MemberCallback<WaterConcept::InteractiveObject>>::~SharedPtr	no-ghidra-function
0x4783c4	_ZN12WaterConcept4Bomb19particleHasCollidedEPNS_6FluidsERKNS_19ParticleDescriptionEiRb	WaterConcept::Bomb::particleHasCollided	no-ghidra-function
0x478458	_ZN7Walaber14MemberCallbackIN12WaterConcept4BombEED0Ev	MemberCallback<WaterConcept::Bomb>::~MemberCallback	no-ghidra-function
0x47845c	_ZN7Walaber14MemberCallbackIN12WaterConcept4BombEE6invokeEPv	Walaber::MemberCallback<WaterConcept::Bomb>::invoke	no-ghidra-function
0x47848c	_ZN7Walaber14MemberCallbackIN12WaterConcept17InteractiveObjectEED0Ev	MemberCallback<WaterConcept::InteractiveObject>::~MemberCallback	no-ghidra-function
0x478490	_ZN7Walaber14MemberCallbackIN12WaterConcept17InteractiveObjectEE6invokeEPv	Walaber::MemberCallback<WaterConcept::InteractiveObject>::invoke	no-ghidra-function
0x478640	_ZN12WaterConcept11CollectibleD0Ev	Collectible::~Collectible	no-ghidra-function
0x478680	_ZN12WaterConcept11Collectible11turnToGhostEv	WaterConcept::Collectible::turnToGhost	no-ghidra-function
0x4786ac	_ZN12WaterConcept11Collectible7isGhostEv	WaterConcept::Collectible::isGhost	no-ghidra-function
0x4791ac	_ZN12WaterConcept11Collectible15handleTouchDownERKN7Walaber7Vector2E	WaterConcept::Collectible::handleTouchDown	no-ghidra-function
0x4791d4	_ZN12WaterConcept11Collectible16handleTouchMovedERKN7Walaber7Vector2ES4_	WaterConcept::Collectible::handleTouchMoved	no-ghidra-function
0x4791d8	_ZN12WaterConcept11Collectible13handleTouchUpERKN7Walaber7Vector2E	WaterConcept::Collectible::handleTouchUp	no-ghidra-function
0x4791dc	_ZN12WaterConcept11Collectible10setExposedENS0_12ExposedStateE	WaterConcept::Collectible::setExposed	no-ghidra-function
0x479204	_ZN12WaterConcept11Collectible13_initFinishedEv	WaterConcept::Collectible::_initFinished	no-ghidra-function
0x479220	_ZN12WaterConcept11Collectible19particleHasCollidedEPNS_6FluidsERKNS_19ParticleDescriptionEiRb	WaterConcept::Collectible::particleHasCollided	no-ghidra-function
0x479228	_ZN12WaterConcept11Collectible15handleLostTouchEv	WaterConcept::Collectible::handleLostTouch	no-ghidra-function
0x479664	_ZN12WaterConcept9DirtyWall19particleHasCollidedEPNS_6FluidsERKNS_19ParticleDescriptionEiRb	WaterConcept::DirtyWall::particleHasCollided	no-ghidra-function
0x47976c	_ZN12WaterConcept9DirtyWall13_initFinishedEv	WaterConcept::DirtyWall::_initFinished	no-ghidra-function
0x47a234	_ZN12WaterConcept3Fan19particleHasCollidedEPNS_6FluidsERKNS_19ParticleDescriptionEiRb	WaterConcept::Fan::particleHasCollided	no-ghidra-function
0x47a6ec	_ZN12WaterConcept3Fan15_animationEventEPv	WaterConcept::Fan::_animationEvent	no-ghidra-function
0x47a880	_ZNSt6__ndk114__split_bufferIN12WaterConcept3Fan8PumpInfoERNS_9allocatorIS3_EEEC2EmmS6_	__split_buffer<WaterConcept::Fan::PumpInfo, std::__ndk1::allocator<WaterConcept::Fan>&>::__split_buffer	no-ghidra-function
0x47ab74	_ZN12WaterConcept7FloaterD0Ev	Floater::~Floater	no-ghidra-function
0x47bb08	_ZN12WaterConcept7Floater6updateEf	WaterConcept::Floater::update	no-ghidra-function
0x47bd6c	_ZN12WaterConcept7Floater4drawEPN7Walaber11SpriteBatchEbf	WaterConcept::Floater::draw	no-ghidra-function
0x47bd88	_ZN12WaterConcept7Floater14drawBackgroundEPN7Walaber11SpriteBatchEbf	WaterConcept::Floater::drawBackground	no-ghidra-function
0x47bda4	_ZN12WaterConcept7Floater5_drawEPN7Walaber11SpriteBatchEbf	WaterConcept::Floater::_draw	no-ghidra-function
0x47c524	_ZN12WaterConcept7Floater19particleHasCollidedEPNS_6FluidsERKNS_19ParticleDescriptionEiRb	WaterConcept::Floater::particleHasCollided	no-ghidra-function
0x47ca5c	_ZNSt6__ndk114__split_bufferIN12WaterConcept7Floater14InternalSpringERNS_9allocatorIS3_EEEC2EmmS6_	__split_buffer<WaterConcept::Floater::InternalSpring, std::__ndk1::allocator<WaterConcept::Floater>&>::__split_buffer	no-ghidra-function
0x47cb20	_ZNSt6__ndk16vectorIN7Walaber7Vector2ENS_9allocatorIS2_EEE11__vallocateEm	std::__ndk1::vector<Walaber::Vector2, std::__ndk1::allocator<Walaber>>::__vallocate	no-ghidra-function
0x47d1f0	_ZN12WaterConcept14FluidConverterD2Ev	FluidConverter::~FluidConverter	no-ghidra-function
0x47d254	_ZN12WaterConcept14FluidConverterD0Ev	FluidConverter::~FluidConverter	no-ghidra-function
0x47dd34	_ZN12WaterConcept14FluidConverter6updateEf	WaterConcept::FluidConverter::update	no-ghidra-function
0x47e184	_ZN12WaterConcept14FluidConverter19_updateHandleSpriteEv	WaterConcept::FluidConverter::_updateHandleSprite	no-ghidra-function
0x47e25c	_ZN12WaterConcept14FluidConverter15handleTouchDownERKN7Walaber7Vector2E	WaterConcept::FluidConverter::handleTouchDown	no-ghidra-function
0x47e29c	_ZN12WaterConcept14FluidConverter18_updateFluidSpriteEi	WaterConcept::FluidConverter::_updateFluidSprite	no-ghidra-function
0x47e2ec	_ZN12WaterConcept14FluidConverter13_initFinishedEv	WaterConcept::FluidConverter::_initFinished	no-ghidra-function
0x47e3e8	_ZN12WaterConcept14FluidConverter15_animationEventEPv	WaterConcept::FluidConverter::_animationEvent	no-ghidra-function
0x47e584	_ZN7Walaber9SharedPtrINS_14MemberCallbackIN12WaterConcept14FluidConverterEEEED2Ev	SharedPtr<Walaber::MemberCallback<WaterConcept::FluidConverter>>::~SharedPtr	no-ghidra-function
0x47e5dc	_ZN12WaterConcept11inverselerpEfff	WaterConcept::inverselerp	no-ghidra-function
0x47e5ec	_ZN12WaterConcept14FluidConverter4drawEPN7Walaber11SpriteBatchEbf	WaterConcept::FluidConverter::draw	no-ghidra-function
0x47e8f4	_ZN12WaterConcept14FluidConverter32_fluidTypeAndDrynessToTexturePtrEif	WaterConcept::FluidConverter::_fluidTypeAndDrynessToTexturePtr	no-ghidra-function
0x47e958	_ZN12WaterConcept17InteractiveObject19particleHasCollidedEPNS_6FluidsERKNS_19ParticleDescriptionEiRb	WaterConcept::InteractiveObject::particleHasCollided	no-ghidra-function
0x47eb38	_ZN7Walaber14MemberCallbackIN12WaterConcept14FluidConverterEED0Ev	MemberCallback<WaterConcept::FluidConverter>::~MemberCallback	no-ghidra-function
0x47eb3c	_ZN7Walaber14MemberCallbackIN12WaterConcept14FluidConverterEE6invokeEPv	Walaber::MemberCallback<WaterConcept::FluidConverter>::invoke	no-ghidra-function
0x47ed14	_ZN12WaterConcept6IcyHotD0Ev	IcyHot::~IcyHot	no-ghidra-function
0x47f4c8	_ZN12WaterConcept6IcyHot6updateEf	WaterConcept::IcyHot::update	no-ghidra-function
0x47fad4	_ZN7Walaber10RingBufferIN12WaterConcept19ParticleDescriptionEE4pushES2_	Walaber::RingBuffer<WaterConcept::ParticleDescription>::push	no-ghidra-function
0x47fb1c	_ZN12WaterConcept6IcyHot4drawEPN7Walaber11SpriteBatchEbf	WaterConcept::IcyHot::draw	no-ghidra-function
0x47fe8c	_ZNSt6__ndk114__split_bufferIPiNS_9allocatorIS1_EEED2Ev	__split_buffer<int*, std::__ndk1::allocator<std::__ndk1::__split_buffer>>::~__split_buffer	no-ghidra-function
0x480098	_ZNSt6__ndk15dequeIiNS_9allocatorIiEEE9pop_frontEv	std::__ndk1::deque<int, std::__ndk1::allocator<int>>::pop_front	no-ghidra-function
0x4804f0	_ZNSt6__ndk114__split_bufferIPiNS_9allocatorIS1_EEE9push_backEOS1_	std::__ndk1::__split_buffer<int*, std::__ndk1::allocator<std::__ndk1::__split_buffer>>::push_back	no-ghidra-function
0x480bb0	_ZNSt6__ndk13mapINS_12basic_stringIcNS_11char_traitsIcEENS_9allocatorIcEEEEN7Walaber9SharedPtrINS7_8CallbackEEENS_4lessIS6_EENS4_INS_4pairIKS6_SA_EEEEED2Ev	_ZNSt6__ndk13mapINS_12basic_stringIcNS_11char_traitsIcEENS_9allocatorIcEEEEN7Walaber9SharedPtrINS7_8CallbackEEENS_4lessIS6_EENS4_INS_4pairIKS6_SA_EEEEED2Ev	no-ghidra-function
0x4812a8	_ZN12WaterConcept17InteractiveObjectD0Ev	InteractiveObject::~InteractiveObject	no-ghidra-function
0x481e8c	_ZN12WaterConcept17InteractiveObject8addShapeENSt6__ndk16vectorIN7Walaber7Vector2ENS1_9allocatorIS4_EEEE	WaterConcept::InteractiveObject::addShape	no-ghidra-function
0x482154	_ZN12WaterConcept17InteractiveObject13_spriteLoadedEPv	WaterConcept::InteractiveObject::_spriteLoaded	no-ghidra-function
0x4857fc	_ZN12WaterConcept17InteractiveObject17constrainRotationEN7Walaber7Vector2Eff	WaterConcept::InteractiveObject::constrainRotation	no-ghidra-function
0x48589c	_ZN12WaterConcept17InteractiveObject15constrainToPathENSt6__ndk16vectorIN7Walaber7Vector2ENS1_9allocatorIS4_EEEE	WaterConcept::InteractiveObject::constrainToPath	no-ghidra-function
0x4858c4	_ZN12WaterConcept17InteractiveObject13strToMoveEaseENSt6__ndk112basic_stringIcNS1_11char_traitsIcEENS1_9allocatorIcEEEE	WaterConcept::InteractiveObject::strToMoveEase	no-ghidra-function
0x487b24	_ZN12WaterConcept17InteractiveObject14drawForegroundEPN7Walaber11SpriteBatchEbf	WaterConcept::InteractiveObject::drawForeground	no-ghidra-function
0x487b28	_ZN12WaterConcept17InteractiveObject4drawEPN7Walaber11SpriteBatchEbf	WaterConcept::InteractiveObject::draw	no-ghidra-function
0x487d70	_ZNK12WaterConcept17InteractiveObject8containsERKN7Walaber7Vector2ERi	const WaterConcept::InteractiveObject::contains	no-ghidra-function
0x488240	_ZNK12WaterConcept17InteractiveObject22getClosestPointOnShapeERKN7Walaber7Vector2EiRS2_S5_	const WaterConcept::InteractiveObject::getClosestPointOnShape	no-ghidra-function
0x488364	_ZNK12WaterConcept17InteractiveObject22getClosestPointOnShapeERKN7Walaber7Vector2EiRS2_S5_Ri	const WaterConcept::InteractiveObject::getClosestPointOnShape	no-ghidra-function
0x4885dc	_ZNK12WaterConcept17InteractiveObject21getClosestPointOnEdgeERKN7Walaber7Vector2EiiRS2_S5_Rf	const WaterConcept::InteractiveObject::getClosestPointOnEdge	no-ghidra-function
0x488f5c	_ZN12WaterConcept17InteractiveObject10stopSoundsEv	WaterConcept::InteractiveObject::stopSounds	no-ghidra-function
0x489070	_ZN12WaterConcept17InteractiveObject23_updateSpriteTransformsEv	WaterConcept::InteractiveObject::_updateSpriteTransforms	no-ghidra-function
0x489074	_ZN12WaterConcept17InteractiveObject27vacuumRaycastFilterCallbackEPv	WaterConcept::InteractiveObject::vacuumRaycastFilterCallback	no-ghidra-function
0x4890c4	_ZNK12WaterConcept17InteractiveObject18_transformVerticesERKNSt6__ndk16vectorIN7Walaber7Vector2ENS1_9allocatorIS4_EEEERKS4_fSB_RS7_	const WaterConcept::InteractiveObject::_transformVertices	no-ghidra-function
0x489170	_ZN12WaterConcept17InteractiveObject18_updateGlobalShapeEb	WaterConcept::InteractiveObject::_updateGlobalShape	no-ghidra-function
0x489b1c	_ZN12WaterConcept17InteractiveObject10intersectsEPS0_	WaterConcept::InteractiveObject::intersects	no-ghidra-function
0x489d28	_ZN12WaterConcept17InteractiveObject13_initFinishedEv	WaterConcept::InteractiveObject::_initFinished	no-ghidra-function
0x489d2c	_ZNSt6__ndk16vectorIN12WaterConcept17InteractiveObject12TimerSettingENS_9allocatorIS3_EEE21__push_back_slow_pathIRKS3_EEvOT_	std::__ndk1::vector<WaterConcept::InteractiveObject::TimerSetting, std::__ndk1::allocator<WaterConcept::InteractiveObject>>::__push_back_slow_path<WaterConcept::InteractiveObject const&>	no-ghidra-function
0x48a364	_ZNSt6__ndk114__split_bufferIN12WaterConcept17InteractiveObject8MoveEaseERNS_9allocatorIS3_EEEC2EmmS6_	__split_buffer<WaterConcept::InteractiveObject::MoveEase, std::__ndk1::allocator<WaterConcept::InteractiveObject>&>::__split_buffer	no-ghidra-function
0x48a660	_ZNSt6__ndk114__split_bufferINS_6vectorIN7Walaber7Vector2ENS_9allocatorIS3_EEEERNS4_IS6_EEED2Ev	__split_buffer<std::__ndk1::vector<Walaber::Vector2, std::__ndk1::allocator<Walaber>>, Walaber::Vector2<std::__ndk1::allocator<Walaber>>&>::~__split_buffer	no-ghidra-function
0x48a90c	_ZNSt6__ndk114__split_bufferIN12WaterConcept17InteractiveObject10SpriteInfoERNS_9allocatorIS3_EEED2Ev	__split_buffer<WaterConcept::InteractiveObject::SpriteInfo, std::__ndk1::allocator<WaterConcept::InteractiveObject>&>::~__split_buffer	no-ghidra-function
0x48ac38	_ZN12WaterConcept11MysteryCave13setPropertiesERKN7Walaber12PropertyListE	WaterConcept::MysteryCave::setProperties	no-ghidra-function
0x48ad6c	_ZN12WaterConcept11MysteryCave13_initFinishedEv	WaterConcept::MysteryCave::_initFinished	no-ghidra-function
0x48b358	_ZN7Walaber9SharedPtrINS_15RenderTexture2DEEaSERKS2_	_ZN7Walaber9SharedPtrINS_15RenderTexture2DEEaSERKS2_	no-ghidra-function
0x48b3dc	_ZN12WaterConcept11MysteryCave4drawEPN7Walaber11SpriteBatchEbf	WaterConcept::MysteryCave::draw	no-ghidra-function
0x48b648	_ZN12WaterConcept11MysteryCave14drawBackgroundEPN7Walaber11SpriteBatchEbf	WaterConcept::MysteryCave::drawBackground	no-ghidra-function
0x48b6fc	_ZN12WaterConcept11MysteryCaveD2Ev	MysteryCave::~MysteryCave	no-ghidra-function
0x48b7b0	_ZN12WaterConcept11MysteryCaveD0Ev	MysteryCave::~MysteryCave	no-ghidra-function
0x48b7d4	_ZN12WaterConcept5SpoutC2EN7Walaber7Vector2EfS2_PNS_6FluidsENS0_9SpoutTypeE	Spout::Spout	no-ghidra-function
0x48b97c	_ZN12WaterConcept5SpoutD2Ev	Spout::~Spout	no-ghidra-function
0x48ba10	_ZN12WaterConcept5SpoutD0Ev	Spout::~Spout	no-ghidra-function
0x48ba34	_ZN12WaterConcept5Spout13setPropertiesERKN7Walaber12PropertyListE	WaterConcept::Spout::setProperties	no-ghidra-function
0x48c6b8	_ZN12WaterConcept5Spout20setInfiniteParticlesEib	WaterConcept::Spout::setInfiniteParticles	no-ghidra-function
0x48c760	_ZN12WaterConcept5Spout6updateEf	WaterConcept::Spout::update	no-ghidra-function
0x48d318	_ZN12WaterConcept5Spout21getWorldBlockPositionEf	WaterConcept::Spout::getWorldBlockPosition	no-ghidra-function
0x48d430	_ZN12WaterConcept5Spout19particleHasCollidedEPNS_6FluidsERKNS_19ParticleDescriptionEiRb	WaterConcept::Spout::particleHasCollided	no-ghidra-function
0x48d518	_ZN12WaterConcept5Spout25_addParticleToRandomSpoutERKNS_19ParticleDescriptionERKNSt6__ndk16vectorINS0_15SpoutConnectionENS4_9allocatorIS6_EEEEif	WaterConcept::Spout::_addParticleToRandomSpout	no-ghidra-function
0x48da7c	_ZN12WaterConcept5Spout15handleTouchDownERKN7Walaber7Vector2E	WaterConcept::Spout::handleTouchDown	no-ghidra-function
0x48dac0	_ZN12WaterConcept5Spout16handleTouchMovedERKN7Walaber7Vector2ES4_	WaterConcept::Spout::handleTouchMoved	no-ghidra-function
0x48dac4	_ZN12WaterConcept5Spout13handleTouchUpERKN7Walaber7Vector2E	WaterConcept::Spout::handleTouchUp	no-ghidra-function
0x48db04	_ZN12WaterConcept5Spout15handleLostTouchEv	WaterConcept::Spout::handleLostTouch	no-ghidra-function
0x48db0c	_ZN12WaterConcept5Spout12addParticlesERKNS_19ParticleDescriptionEiNS_11YSwitchPortEif	WaterConcept::Spout::addParticles	no-ghidra-function
0x48e0c0	_ZN12WaterConcept5Spout17canConvertToWaterEv	WaterConcept::Spout::canConvertToWater	no-ghidra-function
0x48e100	_ZN12WaterConcept5Spout18isLowTouchPriorityEv	WaterConcept::Spout::isLowTouchPriority	no-ghidra-function
0x48e108	_ZN12WaterConcept5Spout13_initFinishedEv	WaterConcept::Spout::_initFinished	no-ghidra-function
0x48e130	_ZNSt6__ndk112__deque_baseIN12WaterConcept5Spout14QueuedParticleENS_9allocatorIS3_EEED2Ev	__deque_base<WaterConcept::Spout::QueuedParticle, std::__ndk1::allocator<WaterConcept::Spout>>::~__deque_base	no-ghidra-function
0x48e25c	_ZNSt6__ndk114__split_bufferIPN12WaterConcept5Spout14QueuedParticleENS_9allocatorIS4_EEED2Ev	__split_buffer<WaterConcept::Spout::QueuedParticle*, std::__ndk1::allocator<WaterConcept::Spout::QueuedParticle>>::~__split_buffer	no-ghidra-function
0x48e290	_ZNSt6__ndk15dequeIN12WaterConcept5Spout14QueuedParticleENS_9allocatorIS3_EEE9pop_frontEv	std::__ndk1::deque<WaterConcept::Spout::QueuedParticle, std::__ndk1::allocator<WaterConcept::Spout>>::pop_front	no-ghidra-function
0x48e2f0	_ZNSt6__ndk15dequeIN12WaterConcept5Spout14QueuedParticleENS_9allocatorIS3_EEE9push_backEOS3_	std::__ndk1::deque<WaterConcept::Spout::QueuedParticle, std::__ndk1::allocator<WaterConcept::Spout>>::push_back	no-ghidra-function
0x48e6ec	_ZNSt6__ndk114__split_bufferIPN12WaterConcept5Spout14QueuedParticleENS_9allocatorIS4_EEE9push_backEOS4_	std::__ndk1::__split_buffer<WaterConcept::Spout::QueuedParticle*, std::__ndk1::allocator<WaterConcept::Spout::QueuedParticle>>::push_back	no-ghidra-function
0x48e9f4	_ZNSt6__ndk114__split_bufferIPN12WaterConcept5Spout14QueuedParticleERNS_9allocatorIS4_EEEC2EmmS7_	__split_buffer<WaterConcept::Spout::QueuedParticle*, std::__ndk1::allocator<WaterConcept::Spout::QueuedParticle>&>::__split_buffer	no-ghidra-function
0x48ec24	_ZNSt6__ndk114__split_bufferIPN12WaterConcept5Spout14QueuedParticleERNS_9allocatorIS4_EEE10push_frontERKS4_	std::__ndk1::__split_buffer<WaterConcept::Spout::QueuedParticle*, std::__ndk1::allocator<WaterConcept::Spout::QueuedParticle>&>::push_front	no-ghidra-function
0x48ee5c	_ZNSt6__ndk114__fill_n_falseINS_6vectorIbNS_9allocatorIbEEEEEEvNS_14__bit_iteratorIT_Lb0EXLi0EEEENS6_9size_typeE	std::__ndk1::__fill_n_false<std::__ndk1::vector<bool, std::__ndk1::allocator<bool>>>	no-ghidra-function
0x48ef0c	_ZNSt6__ndk16vectorINS_4pairIifEENS_9allocatorIS2_EEE21__push_back_slow_pathIS2_EEvOT_	std::__ndk1::vector<std::__ndk1::pair<int, float>, std::__ndk1::allocator<std::__ndk1::pair>>::__push_back_slow_path<std::__ndk1::pair>	no-ghidra-function
0x48f034	_ZNSt6__ndk114__split_bufferINS_4pairIifEERNS_9allocatorIS2_EEEC2EmmS5_	__split_buffer<std::__ndk1::pair<int, float>, std::__ndk1::allocator<std::__ndk1::pair>&>::__split_buffer	no-ghidra-function
0x48f258	_ZNSt6__ndk16vectorIN12WaterConcept5Spout15SpoutConnectionENS_9allocatorIS3_EEE21__push_back_slow_pathIS3_EEvOT_	std::__ndk1::vector<WaterConcept::Spout::SpoutConnection, std::__ndk1::allocator<WaterConcept::Spout>>::__push_back_slow_path<WaterConcept::Spout>	no-ghidra-function
0x48f380	_ZNSt6__ndk114__split_bufferIN12WaterConcept5Spout15SpoutConnectionERNS_9allocatorIS3_EEEC2EmmS6_	__split_buffer<WaterConcept::Spout::SpoutConnection, std::__ndk1::allocator<WaterConcept::Spout>&>::__split_buffer	no-ghidra-function
0x48f430	_ZN12WaterConcept8StarSeedC2EN7Walaber7Vector2EfS2_	StarSeed::StarSeed	no-ghidra-function
0x48fd3c	_ZN12WaterConcept8StarSeed18_curveLoadCallbackEPv	WaterConcept::StarSeed::_curveLoadCallback	no-ghidra-function
0x48fda4	_ZN12WaterConcept8StarSeed6_gotSEEPv	WaterConcept::StarSeed::_gotSE	no-ghidra-function
0x48fe24	_ZN12WaterConcept8StarSeedD2Ev	StarSeed::~StarSeed	no-ghidra-function
0x48fec4	_ZN12WaterConcept8StarSeedD0Ev	StarSeed::~StarSeed	no-ghidra-function
0x48fee8	_ZN12WaterConcept8StarSeed13_initFinishedEv	WaterConcept::StarSeed::_initFinished	no-ghidra-function
0x4910d0	_ZN12WaterConcept8StarSeed13strToStarTypeERKNSt6__ndk112basic_stringIcNS1_11char_traitsIcEENS1_9allocatorIcEEEE	WaterConcept::StarSeed::strToStarType	no-ghidra-function
0x4912b4	_ZN12WaterConcept8StarSeed6updateEf	WaterConcept::StarSeed::update	no-ghidra-function
0x491fb0	_ZN12WaterConcept8StarSeed9_makePoofEN7Walaber7Vector2Ef	WaterConcept::StarSeed::_makePoof	no-ghidra-function
0x49207c	_ZN12WaterConcept8StarSeed22_updateTeleportingDuckEf	WaterConcept::StarSeed::_updateTeleportingDuck	no-ghidra-function
0x49304c	_ZN12WaterConcept8StarSeed17_updateNormalDuckEf	WaterConcept::StarSeed::_updateNormalDuck	no-ghidra-function
0x4940b0	_ZN12WaterConcept8StarSeed19particleHasCollidedEPNS_6FluidsERKNS_19ParticleDescriptionEiRb	WaterConcept::StarSeed::particleHasCollided	no-ghidra-function
0x4945bc	_ZN12WaterConcept8StarSeed6killMeEv	WaterConcept::StarSeed::killMe	no-ghidra-function
0x4948a4	_ZN12WaterConcept8StarSeed18setAllowCollectionEb	WaterConcept::StarSeed::setAllowCollection	no-ghidra-function
0x4948dc	_ZN7Walaber14MemberCallbackIN12WaterConcept8StarSeedEED0Ev	MemberCallback<WaterConcept::StarSeed>::~MemberCallback	no-ghidra-function
0x4948e0	_ZN7Walaber14MemberCallbackIN12WaterConcept8StarSeedEE6invokeEPv	Walaber::MemberCallback<WaterConcept::StarSeed>::invoke	no-ghidra-function
0x494910	_ZN12WaterConcept6SwitchC2EN7Walaber7Vector2EfS2_	Switch::Switch	no-ghidra-function
0x4949d8	_ZN12WaterConcept6SwitchD2Ev	Switch::~Switch	no-ghidra-function
0x494a38	_ZN12WaterConcept6SwitchD0Ev	Switch::~Switch	no-ghidra-function
0x49584c	_ZN12WaterConcept6Switch5setOnEb	WaterConcept::Switch::setOn	no-ghidra-function
0x495854	_ZN12WaterConcept6Switch13connectObjectEPNS_17InteractiveObjectE	WaterConcept::Switch::connectObject	no-ghidra-function
0x495e50	_ZN7Walaber14MemberCallbackIN12WaterConcept6SwitchEED0Ev	MemberCallback<WaterConcept::Switch>::~MemberCallback	no-ghidra-function
0x495e54	_ZN7Walaber14MemberCallbackIN12WaterConcept6SwitchEE6invokeEPv	Walaber::MemberCallback<WaterConcept::Switch>::invoke	no-ghidra-function
0x495e84	_ZN12WaterConcept12WaterBalloonC2EN7Walaber7Vector2EfS2_	WaterBalloon::WaterBalloon	no-ghidra-function
0x495fa4	_ZN12WaterConcept12WaterBalloonD2Ev	WaterBalloon::~WaterBalloon	no-ghidra-function
0x496008	_ZN12WaterConcept12WaterBalloonD0Ev	WaterBalloon::~WaterBalloon	no-ghidra-function
0x4960e0	_ZN12WaterConcept12WaterBalloon12_updateScaleEv	WaterConcept::WaterBalloon::_updateScale	no-ghidra-function
0x496204	_ZN12WaterConcept12WaterBalloon11_updateMassEv	WaterConcept::WaterBalloon::_updateMass	no-ghidra-function
0x497428	_ZN12WaterConcept5Spout21getWorldMouthPositionEf	WaterConcept::Spout::getWorldMouthPosition	no-ghidra-function
0x497538	_ZN12WaterConcept12WaterBalloon4drawEPN7Walaber11SpriteBatchEbf	WaterConcept::WaterBalloon::draw	no-ghidra-function
0x497548	_ZN12WaterConcept12WaterBalloon7_drawFGEPN7Walaber11SpriteBatchEbf	WaterConcept::WaterBalloon::_drawFG	no-ghidra-function
0x497558	_ZN12WaterConcept12WaterBalloon14drawBackgroundEPN7Walaber11SpriteBatchEbf	WaterConcept::WaterBalloon::drawBackground	no-ghidra-function
0x4976c0	_ZN12WaterConcept12WaterBalloon23numParticlesOfFluidTypeEi	WaterConcept::WaterBalloon::numParticlesOfFluidType	no-ghidra-function
0x497ae4	_ZN12WaterConcept12WaterBalloon15handleTouchDownERKN7Walaber7Vector2E	WaterConcept::WaterBalloon::handleTouchDown	no-ghidra-function
0x497af8	_ZN12WaterConcept12WaterBalloon13handleTouchUpERKN7Walaber7Vector2E	WaterConcept::WaterBalloon::handleTouchUp	no-ghidra-function
0x497bf4	_ZN12WaterConcept12WaterBalloon16_detachFromSpoutEv	WaterConcept::WaterBalloon::_detachFromSpout	no-ghidra-function
0x497e38	_ZN12WaterConcept12WaterBalloon17containsFluidTypeEi	WaterConcept::WaterBalloon::containsFluidType	no-ghidra-function
0x497e7c	_ZN12WaterConcept12WaterBalloon3popEPNS_6FluidsE	WaterConcept::WaterBalloon::pop	no-ghidra-function
0x4980e0	_ZN12WaterConcept12WaterBalloon5doPopENS0_26WaterBalloonCallbackReasonE	WaterConcept::WaterBalloon::doPop	no-ghidra-function
0x4981ac	_ZN12WaterConcept12WaterBalloon13attachToSpoutEPNS_5SpoutE	WaterConcept::WaterBalloon::attachToSpout	no-ghidra-function
0x498298	_ZN12WaterConcept12WaterBalloon20getCapacityInterpValEv	WaterConcept::WaterBalloon::getCapacityInterpVal	no-ghidra-function
0x4982e0	_ZN12WaterConcept12WaterBalloon15handleLostTouchEv	WaterConcept::WaterBalloon::handleLostTouch	no-ghidra-function
0x4982e8	_ZN12WaterConcept12WaterBalloon18getTouchRadiusSlopEv	WaterConcept::WaterBalloon::getTouchRadiusSlop	no-ghidra-function
0x498318	_ZNSt6__ndk16vectorIN12WaterConcept12WaterBalloon26WaterBalloonStoredParticleENS_9allocatorIS3_EEE6assignIPS3_EENS_9enable_ifIXaasr21__is_forward_iteratorIT_EE5valuesr16is_constructibleIS3_NS_15iterator_traitsISA_E9referenceEEE5valueEvE4typeESA_SA_	std::__ndk1::vector<WaterConcept::WaterBalloon::WaterBalloonStoredParticle, std::__ndk1::allocator<WaterConcept::WaterBalloon>>::assign<WaterConcept::WaterBalloon*>	no-ghidra-function
0x498458	_ZNSt6__ndk16vectorIN12WaterConcept12WaterBalloon26WaterBalloonStoredParticleENS_9allocatorIS3_EEE11__vallocateEm	std::__ndk1::vector<WaterConcept::WaterBalloon::WaterBalloonStoredParticle, std::__ndk1::allocator<WaterConcept::WaterBalloon>>::__vallocate	no-ghidra-function
0x49849c	_ZNSt6__ndk16vectorIN12WaterConcept12WaterBalloon26WaterBalloonStoredParticleENS_9allocatorIS3_EEE21__push_back_slow_pathIS3_EEvOT_	std::__ndk1::vector<WaterConcept::WaterBalloon::WaterBalloonStoredParticle, std::__ndk1::allocator<WaterConcept::WaterBalloon>>::__push_back_slow_path<WaterConcept::WaterBalloon>	no-ghidra-function
0x4985c4	_ZNSt6__ndk114__split_bufferIN12WaterConcept12WaterBalloon26WaterBalloonStoredParticleERNS_9allocatorIS3_EEEC2EmmS6_	__split_buffer<WaterConcept::WaterBalloon::WaterBalloonStoredParticle, std::__ndk1::allocator<WaterConcept::WaterBalloon>&>::__split_buffer	no-ghidra-function
0x498674	_ZN12WaterConcept7YSwitchC2EN7Walaber7Vector2EfS2_	YSwitch::YSwitch	no-ghidra-function
0x49873c	_ZN12WaterConcept7YSwitchD2Ev	YSwitch::~YSwitch	no-ghidra-function
0x498774	_ZN12WaterConcept7YSwitchD0Ev	YSwitch::~YSwitch	no-ghidra-function
0x4987b4	_ZN12WaterConcept7YSwitch13setPropertiesERKN7Walaber12PropertyListE	WaterConcept::YSwitch::setProperties	no-ghidra-function
0x499798	_ZN12WaterConcept20HDAssetsNotificationC2ERKS0_	HDAssetsNotification::HDAssetsNotification	no-ghidra-function
0x4997ec	_ZN12WaterConcept20HDAssetsNotificationaSERKS0_	_ZN12WaterConcept20HDAssetsNotificationaSERKS0_	no-ghidra-function
0x499810	_ZN12WaterConcept20HDAssetsNotificationD2Ev	HDAssetsNotification::~HDAssetsNotification	no-ghidra-function
0x499838	_ZThn488_N12WaterConcept20HDAssetsNotificationD1Ev	Thn488_N12WaterConcept20HDAssetsNotificationD1Ev	no-ghidra-function
0x49985c	_ZN12WaterConcept20HDAssetsNotificationD0Ev	HDAssetsNotification::~HDAssetsNotification	no-ghidra-function
0x499f20	_ZN12WaterConcept20HDAssetsNotification13widgetsLoadedEv	WaterConcept::HDAssetsNotification::widgetsLoaded	no-ghidra-function
0x499f78	_ZN12WaterConcept20HDAssetsNotification11handleEventEiRKN7Walaber6Widget15WidgetActionRetEPS2_	WaterConcept::HDAssetsNotification::handleEvent	no-ghidra-function
0x49a5ac	_ZThn488_N12WaterConcept20HDAssetsNotification9messageRxERKN7Walaber7MessageE	Thn488_N12WaterConcept20HDAssetsNotification9messageRxERKN7Walaber7MessageE	no-ghidra-function
0x49a5b4	_ZN12WaterConcept20HDAssetsNotification11handleFocusEPN7Walaber6WidgetENS1_10FocusEventE	WaterConcept::HDAssetsNotification::handleFocus	no-ghidra-function
0x49a62c	_ZN12WaterConcept12Notification11reloadFontsEv	WaterConcept::Notification::reloadFonts	no-ghidra-function
0x49a634	_ZN12WaterConcept12Notification13reloadWidgetsEv	WaterConcept::Notification::reloadWidgets	no-ghidra-function
0x49a744	_ZN12WaterConcept12Notification7touchUpEiN7Walaber7Vector2E	WaterConcept::Notification::touchUp	no-ghidra-function
0x49a798	_ZN12WaterConcept15IAPNotificationC2Ev	IAPNotification::IAPNotification	no-ghidra-function
0x49a94c	_ZN12WaterConcept15IAPNotificationC2ERKS0_	IAPNotification::IAPNotification	no-ghidra-function
0x49a9b8	_ZN12WaterConcept15IAPNotificationaSERKS0_	_ZN12WaterConcept15IAPNotificationaSERKS0_	no-ghidra-function
0x49a9dc	_ZN12WaterConcept15IAPNotificationD2Ev	IAPNotification::~IAPNotification	no-ghidra-function
0x49aa60	_ZN12WaterConcept15IAPNotification14_unloadSpritesEv	WaterConcept::IAPNotification::_unloadSprites	no-ghidra-function
0x49aa94	_ZThn488_N12WaterConcept15IAPNotificationD1Ev	Thn488_N12WaterConcept15IAPNotificationD1Ev	no-ghidra-function
0x49aa9c	_ZN12WaterConcept15IAPNotificationD0Ev	IAPNotification::~IAPNotification	no-ghidra-function
0x49aac0	_ZThn488_N12WaterConcept15IAPNotificationD0Ev	Thn488_N12WaterConcept15IAPNotificationD0Ev	no-ghidra-function
0x49aae8	_ZN12WaterConcept15IAPNotification12_loadSpritesEv	WaterConcept::IAPNotification::_loadSprites	no-ghidra-function
0x49af1c	_ZN12WaterConcept15IAPNotification29_spriteAnimationEventCallbackEPv	WaterConcept::IAPNotification::_spriteAnimationEventCallback	no-ghidra-function
0x49af48	_ZN7Walaber9SharedPtrINS_14MemberCallbackIN12WaterConcept15IAPNotificationEEEED2Ev	SharedPtr<Walaber::MemberCallback<WaterConcept::IAPNotification>>::~SharedPtr	no-ghidra-function
0x49afa0	_ZN12WaterConcept15IAPNotification14_updateSpritesEf	WaterConcept::IAPNotification::_updateSprites	no-ghidra-function
0x49afb0	_ZN12WaterConcept15IAPNotification4drawERN7Walaber11SpriteBatchE	WaterConcept::IAPNotification::draw	no-ghidra-function
0x49aff8	_ZN12WaterConcept15IAPNotification6updateEf	WaterConcept::IAPNotification::update	no-ghidra-function
0x49b2f8	_ZN12WaterConcept15IAPNotification9_updateUIEv	WaterConcept::IAPNotification::_updateUI	no-ghidra-function
0x49b3dc	_ZN12WaterConcept15IAPNotification8goNotifyERKNSt6__ndk112basic_stringIcNS1_11char_traitsIcEENS1_9allocatorIcEEEEf	WaterConcept::IAPNotification::goNotify	no-ghidra-function
0x49be20	_ZN12WaterConcept15IAPNotification16_wrapTextInLabelEPN7Walaber12Widget_LabelE	WaterConcept::IAPNotification::_wrapTextInLabel	no-ghidra-function
0x49bfb4	_ZN12WaterConcept15IAPNotification17_wrapTextInButtonEPN7Walaber17Widget_PushButtonE	WaterConcept::IAPNotification::_wrapTextInButton	no-ghidra-function
0x49c224	_ZN12WaterConcept15IAPNotification13widgetsLoadedEv	WaterConcept::IAPNotification::widgetsLoaded	no-ghidra-function
0x49c85c	_ZN12WaterConcept15IAPNotification24_instantHideNotificationEv	WaterConcept::IAPNotification::_instantHideNotification	no-ghidra-function
0x49c860	_ZN12WaterConcept15IAPNotification9messageRxERKN7Walaber7MessageE	WaterConcept::IAPNotification::messageRx	no-ghidra-function
0x49c868	_ZThn488_N12WaterConcept15IAPNotification9messageRxERKN7Walaber7MessageE	Thn488_N12WaterConcept15IAPNotification9messageRxERKN7Walaber7MessageE	no-ghidra-function
0x49c870	_ZN7Walaber25WidgetManagerEventHandler11handleFocusEPNS_6WidgetENS_10FocusEventE	Walaber::WidgetManagerEventHandler::handleFocus	no-ghidra-function
0x49c874	_ZN7Walaber14MemberCallbackIN12WaterConcept15IAPNotificationEED0Ev	MemberCallback<WaterConcept::IAPNotification>::~MemberCallback	no-ghidra-function
0x49c878	_ZN7Walaber14MemberCallbackIN12WaterConcept15IAPNotificationEE6invokeEPv	Walaber::MemberCallback<WaterConcept::IAPNotification>::invoke	no-ghidra-function
0x49c8a8	_ZN12WaterConcept12NotificationC2Ev	Notification::Notification	no-ghidra-function
0x49c990	_ZN12WaterConcept12NotificationC2ERKS0_	Notification::Notification	no-ghidra-function
0x49cbf8	_ZN12WaterConcept12NotificationaSERKS0_	_ZN12WaterConcept12NotificationaSERKS0_	no-ghidra-function
0x49cbfc	_ZN12WaterConcept12NotificationD2Ev	Notification::~Notification	no-ghidra-function
0x49cca4	_ZN12WaterConcept12NotificationD0Ev	Notification::~Notification	no-ghidra-function
0x49ccc8	_ZN12WaterConcept12Notification6updateEf	WaterConcept::Notification::update	no-ghidra-function
0x49cdc8	_ZN12WaterConcept12Notification24_applyTransitionBehaviorERKNS0_30NotificationTransitionBehaviorEi	WaterConcept::Notification::_applyTransitionBehavior	no-ghidra-function
0x49cfe8	_ZN12WaterConcept12Notification13goToNextStateEv	WaterConcept::Notification::goToNextState	no-ghidra-function
0x49d048	_ZN12WaterConcept12Notification4drawERN7Walaber11SpriteBatchE	WaterConcept::Notification::draw	no-ghidra-function
0x49d050	_ZN12WaterConcept12Notification8goNotifyERKNSt6__ndk112basic_stringIcNS1_11char_traitsIcEENS1_9allocatorIcEEEEf	WaterConcept::Notification::goNotify	no-ghidra-function
0x49d22c	_ZN12WaterConcept12Notification8goNotifyERKNSt6__ndk112basic_stringIcNS1_11char_traitsIcEENS1_9allocatorIcEEEEfN7Walaber7Vector2E	WaterConcept::Notification::goNotify	no-ghidra-function
0x49d270	_ZN12WaterConcept12Notification7buildUIERKNSt6__ndk112basic_stringIcNS1_11char_traitsIcEENS1_9allocatorIcEEEE	WaterConcept::Notification::buildUI	no-ghidra-function
0x49d3a4	_ZN12WaterConcept12Notification23_finishedLoadingWidgetsEPv	WaterConcept::Notification::_finishedLoadingWidgets	no-ghidra-function
0x49d3f8	_ZN7Walaber9SharedPtrINS_14MemberCallbackIN12WaterConcept12NotificationEEEED2Ev	SharedPtr<Walaber::MemberCallback<WaterConcept::Notification>>::~SharedPtr	no-ghidra-function
0x49d450	_ZN7Walaber25WidgetManagerEventHandler11handleEventEiRKNS_6Widget15WidgetActionRetEPS1_	Walaber::WidgetManagerEventHandler::handleEvent	no-ghidra-function
0x49d454	_ZN12WaterConcept12Notification13widgetsLoadedEv	WaterConcept::Notification::widgetsLoaded	no-ghidra-function
0x49d458	_ZNSt6__ndk16__treeINS_12__value_typeIiPN7Walaber10FingerInfoEEENS_19__map_value_compareIiS5_NS_4lessIiEELb1EEENS_9allocatorIS5_EEE30__emplace_hint_unique_key_argsIiJRKNS_4pairIKiS4_EEEEENS_15__tree_iteratorIS5_PNS_11__tree_nodeIS5_PvEElEENS_21__tree_const_iteratorIS5_SN_lEERKT_DpOT0_	std::__ndk1::__tree<std::__ndk1::__value_type<int, Walaber::FingerInfo*>, std::__ndk1::__map_value_compare<int, std::__ndk1::__value_type<int, Walaber::FingerInfo*>, std::__ndk1::less<int>, bool>>::std::__ndk1::allocator<std::__ndk1::__value_type<int, Walaber::FingerInfo*>>	no-ghidra-function
0x49d4f8	_ZNSt6__ndk16__treeINS_12__value_typeIiPN7Walaber10FingerInfoEEENS_19__map_value_compareIiS5_NS_4lessIiEELb1EEENS_9allocatorIS5_EEE12__find_equalIiEERPNS_16__tree_node_baseIPvEENS_21__tree_const_iteratorIS5_PNS_11__tree_nodeIS5_SF_EElEERPNS_15__tree_end_nodeISH_EESI_RKT_	std::__ndk1::__tree<std::__ndk1::__value_type<int, Walaber::FingerInfo*>, std::__ndk1::__map_value_compare<int, std::__ndk1::__value_type<int, Walaber::FingerInfo*>, std::__ndk1::less<int>, bool>>::std::__ndk1::allocator<std::__ndk1::__value_type<int, Walaber::FingerInfo*>>	no-ghidra-function
0x49d620	_ZNSt6__ndk16__treeINS_12__value_typeIiPN7Walaber10FingerInfoEEENS_19__map_value_compareIiS5_NS_4lessIiEELb1EEENS_9allocatorIS5_EEE12__find_equalIiEERPNS_16__tree_node_baseIPvEERPNS_15__tree_end_nodeISH_EERKT_	std::__ndk1::__tree<std::__ndk1::__value_type<int, Walaber::FingerInfo*>, std::__ndk1::__map_value_compare<int, std::__ndk1::__value_type<int, Walaber::FingerInfo*>, std::__ndk1::less<int>, bool>>::std::__ndk1::allocator<std::__ndk1::__value_type<int, Walaber::FingerInfo*>>	no-ghidra-function
0x49d688	_ZNSt6__ndk16__treeINS_12__value_typeIPN7Walaber6WidgetENS2_7Vector2EEENS_19__map_value_compareIS4_S6_NS_4lessIS4_EELb1EEENS_9allocatorIS6_EEE30__emplace_hint_unique_key_argsIS4_JRKNS_4pairIKS4_S5_EEEEENS_15__tree_iteratorIS6_PNS_11__tree_nodeIS6_PvEElEENS_21__tree_const_iteratorIS6_SO_lEERKT_DpOT0_	std::__ndk1::__tree<std::__ndk1::__value_type<Walaber::Widget*, std::__ndk1::__value_type::Vector2>, std::__ndk1::__map_value_compare<Walaber::Widget, std::__ndk1::__value_type<Walaber::Widget*, std::__ndk1::__value_type::Vector2>, std::__ndk1::less<Walaber::Widget>, bool>>::std::__ndk1::allocator<std::__ndk1::__value_type<Walaber::Widget*, std::__ndk1::__value_type::Vector2>>	no-ghidra-function
0x49d730	_ZNSt6__ndk16__treeINS_12__value_typeIPN7Walaber6WidgetENS2_7Vector2EEENS_19__map_value_compareIS4_S6_NS_4lessIS4_EELb1EEENS_9allocatorIS6_EEE12__find_equalIS4_EERPNS_16__tree_node_baseIPvEENS_21__tree_const_iteratorIS6_PNS_11__tree_nodeIS6_SG_EElEERPNS_15__tree_end_nodeISI_EESJ_RKT_	std::__ndk1::__tree<std::__ndk1::__value_type<Walaber::Widget*, std::__ndk1::__value_type::Vector2>, std::__ndk1::__map_value_compare<Walaber::Widget, std::__ndk1::__value_type<Walaber::Widget*, std::__ndk1::__value_type::Vector2>, std::__ndk1::less<Walaber::Widget>, bool>>::std::__ndk1::allocator<std::__ndk1::__value_type<Walaber::Widget*, std::__ndk1::__value_type::Vector2>>	no-ghidra-function
0x49d858	_ZNSt6__ndk16__treeINS_12__value_typeIPN7Walaber6WidgetENS2_7Vector2EEENS_19__map_value_compareIS4_S6_NS_4lessIS4_EELb1EEENS_9allocatorIS6_EEE12__find_equalIS4_EERPNS_16__tree_node_baseIPvEERPNS_15__tree_end_nodeISI_EERKT_	std::__ndk1::__tree<std::__ndk1::__value_type<Walaber::Widget*, std::__ndk1::__value_type::Vector2>, std::__ndk1::__map_value_compare<Walaber::Widget, std::__ndk1::__value_type<Walaber::Widget*, std::__ndk1::__value_type::Vector2>, std::__ndk1::less<Walaber::Widget>, bool>>::std::__ndk1::allocator<std::__ndk1::__value_type<Walaber::Widget*, std::__ndk1::__value_type::Vector2>>	no-ghidra-function
0x49d8c0	_ZN7Walaber14MemberCallbackIN12WaterConcept12NotificationEED0Ev	MemberCallback<WaterConcept::Notification>::~MemberCallback	no-ghidra-function
0x49d8c4	_ZN7Walaber14MemberCallbackIN12WaterConcept12NotificationEE6invokeEPv	Walaber::MemberCallback<WaterConcept::Notification>::invoke	no-ghidra-function
0x49d8f4	_ZN12WaterConcept21NotificationSingletonC2Ev	NotificationSingleton::NotificationSingleton	no-ghidra-function
0x49db24	_ZN12WaterConcept21NotificationSingleton14setBusyTextureERKNSt6__ndk112basic_stringIcNS1_11char_traitsIcEENS1_9allocatorIcEEEE	WaterConcept::NotificationSingleton::setBusyTexture	no-ghidra-function
0x49dbd8	_ZN12WaterConcept21NotificationSingletonD2Ev	NotificationSingleton::~NotificationSingleton	no-ghidra-function
0x49dcec	_ZThn8_N12WaterConcept21NotificationSingletonD1Ev	Thn8_N12WaterConcept21NotificationSingletonD1Ev	no-ghidra-function
0x49dcf4	_ZN12WaterConcept21NotificationSingletonD0Ev	NotificationSingleton::~NotificationSingleton	no-ghidra-function
0x49dd18	_ZThn8_N12WaterConcept21NotificationSingletonD0Ev	Thn8_N12WaterConcept21NotificationSingletonD0Ev	no-ghidra-function
0x49ddc8	_ZN12WaterConcept21NotificationSingleton13reloadWidgetsEv	WaterConcept::NotificationSingleton::reloadWidgets	no-ghidra-function
0x49de50	_ZN12WaterConcept21NotificationSingleton6notifyERKNSt6__ndk112basic_stringIcNS1_11char_traitsIcEENS1_9allocatorIcEEEES9_fi	WaterConcept::NotificationSingleton::notify	no-ghidra-function
0x49f140	_ZN12WaterConcept21NotificationSingleton4drawEPv	WaterConcept::NotificationSingleton::draw	no-ghidra-function
0x49f92c	_ZN12WaterConcept21NotificationSingleton17notifyAchievementEPv	WaterConcept::NotificationSingleton::notifyAchievement	no-ghidra-function
0x49fe7c	_ZThn8_N12WaterConcept21NotificationSingleton9messageRxERKN7Walaber7MessageE	Thn8_N12WaterConcept21NotificationSingleton9messageRxERKN7Walaber7MessageE	no-ghidra-function
0x49fe84	_ZNSt6__ndk16__treeINS_12__value_typeINS_12basic_stringIcNS_11char_traitsIcEENS_9allocatorIcEEEEPN12WaterConcept12NotificationEEENS_19__map_value_compareIS7_SB_NS_4lessIS7_EELb1EEENS5_ISB_EEE7destroyEPNS_11__tree_nodeISB_PvEE	_ZNSt6__ndk16__treeINS_12__value_typeINS_12basic_stringIcNS_11char_traitsIcEENS_9allocatorIcEEEEPN12WaterConcept12NotificationEEENS_19__map_value_compareIS7_SB_NS_4lessIS7_EELb1EEENS5_ISB_EEE7destroyEPNS_11__tree_nodeISB_PvEE	no-ghidra-function
0x49fed4	_ZNSt6__ndk112__deque_baseIN12WaterConcept21NotificationSingleton16NotificationDataENS_9allocatorIS3_EEED2Ev	__deque_base<WaterConcept::NotificationSingleton::NotificationData, std::__ndk1::allocator<WaterConcept::NotificationSingleton>>::~__deque_base	no-ghidra-function
0x4a0044	_ZNSt6__ndk114__split_bufferIPN12WaterConcept21NotificationSingleton16NotificationDataENS_9allocatorIS4_EEED2Ev	__split_buffer<WaterConcept::NotificationSingleton::NotificationData*, std::__ndk1::allocator<WaterConcept::NotificationSingleton::NotificationData>>::~__split_buffer	no-ghidra-function
0x4a02c4	_ZNSt6__ndk16__treeINS_12__value_typeINS_12basic_stringIcNS_11char_traitsIcEENS_9allocatorIcEEEEPN12WaterConcept12NotificationEEENS_19__map_value_compareIS7_SB_NS_4lessIS7_EELb1EEENS5_ISB_EEE16__insert_node_atEPNS_15__tree_end_nodeIPNS_16__tree_node_baseIPvEEEERSM_SM_	_ZNSt6__ndk16__treeINS_12__value_typeINS_12basic_stringIcNS_11char_traitsIcEENS_9allocatorIcEEEEPN12WaterConcept12NotificationEEENS_19__map_value_compareIS7_SB_NS_4lessIS7_EELb1EEENS5_ISB_EEE16__insert_node_atEPNS_15__tree_end_nodeIPNS_16__tree_node_baseIPvEEEERSM_SM_	no-ghidra-function
0x4a0fe8	_ZNSt6__ndk114__split_bufferIPN12WaterConcept21NotificationSingleton16NotificationDataERNS_9allocatorIS4_EEEC2EmmS7_	__split_buffer<WaterConcept::NotificationSingleton::NotificationData*, std::__ndk1::allocator<WaterConcept::NotificationSingleton::NotificationData>&>::__split_buffer	no-ghidra-function
0x4a1710	_ZN12WaterConcept19Screen_AchievementsC2Ev	Screen_Achievements::Screen_Achievements	no-ghidra-function
0x4a1880	_ZN12WaterConcept19Screen_AchievementsD2Ev	Screen_Achievements::~Screen_Achievements	no-ghidra-function
0x4a18f0	_ZThn144_N12WaterConcept19Screen_AchievementsD1Ev	Thn144_N12WaterConcept19Screen_AchievementsD1Ev	no-ghidra-function
0x4a18f8	_ZN12WaterConcept19Screen_AchievementsD0Ev	Screen_Achievements::~Screen_Achievements	no-ghidra-function
0x4a191c	_ZThn144_N12WaterConcept19Screen_AchievementsD0Ev	Thn144_N12WaterConcept19Screen_AchievementsD0Ev	no-ghidra-function
0x4a1944	_ZN12WaterConcept19Screen_Achievements16loadPropertyListERKN7Walaber12PropertyListE	WaterConcept::Screen_Achievements::loadPropertyList	no-ghidra-function
0x4a1948	_ZN12WaterConcept19Screen_Achievements5enterEv	WaterConcept::Screen_Achievements::enter	no-ghidra-function
0x4a1c30	_ZN12WaterConcept19Screen_Achievements8_buildUIEv	WaterConcept::Screen_Achievements::_buildUI	no-ghidra-function
0x4a1dac	_ZN12WaterConcept19Screen_Achievements4exitEv	WaterConcept::Screen_Achievements::exit	no-ghidra-function
0x4a1db0	_ZN12WaterConcept19Screen_Achievements6updateEfb	WaterConcept::Screen_Achievements::update	no-ghidra-function
0x4a23d4	_ZThn32_N12WaterConcept19Screen_Achievements11handleEventEiRKN7Walaber6Widget15WidgetActionRetEPS2_	Thn32_N12WaterConcept19Screen_Achievements11handleEventEiRKN7Walaber6Widget15WidgetActionRetEPS2_	no-ghidra-function
0x4a3e84	_ZN12WaterConcept19Screen_Achievements9messageRxERKN7Walaber7MessageE	WaterConcept::Screen_Achievements::messageRx	no-ghidra-function
0x4a3f6c	_ZThn144_N12WaterConcept19Screen_Achievements9messageRxERKN7Walaber7MessageE	Thn144_N12WaterConcept19Screen_Achievements9messageRxERKN7Walaber7MessageE	no-ghidra-function
0x4a3f74	_ZN12WaterConcept19Screen_Achievements18_curveLoadCallbackERKNSt6__ndk112basic_stringIcNS1_11char_traitsIcEENS1_9allocatorIcEEEEN7Walaber9SharedPtrINSA_5CurveEEE	WaterConcept::Screen_Achievements::_curveLoadCallback	no-ghidra-function
0x4a3f78	_ZN7Walaber9SharedPtrINS_14MemberCallbackIN12WaterConcept19Screen_AchievementsEEEED2Ev	SharedPtr<Walaber::MemberCallback<WaterConcept::Screen_Achievements>>::~SharedPtr	no-ghidra-function
0x4a3fd0	_ZN12WaterConcept19Screen_Achievements14backKeyPressedEv	WaterConcept::Screen_Achievements::backKeyPressed	no-ghidra-function
0x4a40b4	_ZN7Walaber10GameScreen23recreateGraphicsContextEv	Walaber::GameScreen::recreateGraphicsContext	no-ghidra-function
0x4a40b8	_ZN12WaterConcept8WCScreen12beingStackedEv	WaterConcept::WCScreen::beingStacked	no-ghidra-function
0x4a40c0	_ZN12WaterConcept19Screen_Achievements11regainedTopEv	WaterConcept::Screen_Achievements::regainedTop	no-ghidra-function
0x4a40c8	_ZN12WaterConcept8WCScreen9touchDownEiN7Walaber7Vector2E	WaterConcept::WCScreen::touchDown	no-ghidra-function
0x4a411c	_ZN12WaterConcept8WCScreen10touchMovedEiN7Walaber7Vector2ES2_	WaterConcept::WCScreen::touchMoved	no-ghidra-function
0x4a417c	_ZN12WaterConcept8WCScreen7touchUpEiN7Walaber7Vector2E	WaterConcept::WCScreen::touchUp	no-ghidra-function
0x4a41d0	_ZN7Walaber10GameScreen9touchLostEi	Walaber::GameScreen::touchLost	no-ghidra-function
0x4a41d4	_ZN7Walaber10GameScreen20accelerometerChangedEfff	Walaber::GameScreen::accelerometerChanged	no-ghidra-function
0x4a41d8	_ZN7Walaber10GameScreen13consumesInputEv	Walaber::GameScreen::consumesInput	no-ghidra-function
0x4a41e0	_ZN7Walaber10GameScreen27notifyTransitionPhaseChangeEj	Walaber::GameScreen::notifyTransitionPhaseChange	no-ghidra-function
0x4a41e4	_ZN12WaterConcept8WCScreen11handleFocusEPN7Walaber6WidgetENS1_10FocusEventE	WaterConcept::WCScreen::handleFocus	no-ghidra-function
0x4a425c	_ZThn32_N12WaterConcept8WCScreen11handleFocusEPN7Walaber6WidgetENS1_10FocusEventE	Thn32_N12WaterConcept8WCScreen11handleFocusEPN7Walaber6WidgetENS1_10FocusEventE	no-ghidra-function
0x4a4264	_ZN12WaterConcept8WCScreenD2Ev	WCScreen::~WCScreen	no-ghidra-function
0x4a42d0	_ZN12WaterConcept8WCScreenD0Ev	WCScreen::~WCScreen	no-ghidra-function
0x4a42d4	_ZN7Walaber10GameScreen11regainedTopEv	Walaber::GameScreen::regainedTop	no-ghidra-function
0x4a42d8	_ZN7Walaber10GameScreen16loadPropertyListERKNS_12PropertyListE	Walaber::GameScreen::loadPropertyList	no-ghidra-function
0x4a42dc	_ZN7Walaber10GameScreen14backKeyPressedEv	Walaber::GameScreen::backKeyPressed	no-ghidra-function
0x4a42e0	_ZNSt6__ndk16vectorIN7Walaber11AchievementENS_9allocatorIS2_EEE11__vallocateEm	std::__ndk1::vector<Walaber::Achievement, std::__ndk1::allocator<Walaber>>::__vallocate	no-ghidra-function
0x4a4330	_ZN7Walaber14MemberCallbackIN12WaterConcept19Screen_AchievementsEED0Ev	MemberCallback<WaterConcept::Screen_Achievements>::~MemberCallback	no-ghidra-function
0x4a4334	_ZN7Walaber14MemberCallbackIN12WaterConcept19Screen_AchievementsEE6invokeEPv	Walaber::MemberCallback<WaterConcept::Screen_Achievements>::invoke	no-ghidra-function
0x4a4364	_ZN12WaterConcept23Screen_AchievementsTestC2Ev	Screen_AchievementsTest::Screen_AchievementsTest	no-ghidra-function
0x4a4434	_ZN12WaterConcept23Screen_AchievementsTestD2Ev	Screen_AchievementsTest::~Screen_AchievementsTest	no-ghidra-function
0x4a4438	_ZN12WaterConcept23Screen_AchievementsTestD0Ev	Screen_AchievementsTest::~Screen_AchievementsTest	no-ghidra-function
0x4a445c	_ZN12WaterConcept23Screen_AchievementsTest16loadPropertyListERKN7Walaber12PropertyListE	WaterConcept::Screen_AchievementsTest::loadPropertyList	no-ghidra-function
0x4a4460	_ZN12WaterConcept23Screen_AchievementsTest5enterEv	WaterConcept::Screen_AchievementsTest::enter	no-ghidra-function
0x4a448c	_ZN12WaterConcept23Screen_AchievementsTest8_buildUIEv	WaterConcept::Screen_AchievementsTest::_buildUI	no-ghidra-function
0x4a4608	_ZN12WaterConcept23Screen_AchievementsTest4exitEv	WaterConcept::Screen_AchievementsTest::exit	no-ghidra-function
0x4a4638	_ZN12WaterConcept23Screen_AchievementsTest6updateEfb	WaterConcept::Screen_AchievementsTest::update	no-ghidra-function
0x4a4640	_ZN12WaterConcept23Screen_AchievementsTest4drawEi	WaterConcept::Screen_AchievementsTest::draw	no-ghidra-function
0x4a46e4	_ZN12WaterConcept23Screen_AchievementsTest11handleEventEiRKN7Walaber6Widget15WidgetActionRetEPS2_	WaterConcept::Screen_AchievementsTest::handleEvent	no-ghidra-function
0x4a4bf8	_ZThn32_N12WaterConcept23Screen_AchievementsTest11handleEventEiRKN7Walaber6Widget15WidgetActionRetEPS2_	Thn32_N12WaterConcept23Screen_AchievementsTest11handleEventEiRKN7Walaber6Widget15WidgetActionRetEPS2_	no-ghidra-function
0x4a4c00	_ZN12WaterConcept23Screen_AchievementsTest23_finishedLoadingWidgetsEPv	WaterConcept::Screen_AchievementsTest::_finishedLoadingWidgets	no-ghidra-function
0x4a4c7c	_ZN7Walaber9SharedPtrINS_14MemberCallbackIN12WaterConcept23Screen_AchievementsTestEEEED2Ev	SharedPtr<Walaber::MemberCallback<WaterConcept::Screen_AchievementsTest>>::~SharedPtr	no-ghidra-function
0x4a4cd4	_ZN12WaterConcept23Screen_AchievementsTest14backKeyPressedEv	WaterConcept::Screen_AchievementsTest::backKeyPressed	no-ghidra-function
0x4a4d04	_ZN7Walaber14MemberCallbackIN12WaterConcept23Screen_AchievementsTestEED0Ev	MemberCallback<WaterConcept::Screen_AchievementsTest>::~MemberCallback	no-ghidra-function
0x4a4e0c	_ZN12WaterConcept14Screen_AgeGateD2Ev	Screen_AgeGate::~Screen_AgeGate	no-ghidra-function
0x4a4e68	_ZThn144_N12WaterConcept14Screen_AgeGateD1Ev	Thn144_N12WaterConcept14Screen_AgeGateD1Ev	no-ghidra-function
0x4a4e70	_ZN12WaterConcept14Screen_AgeGateD0Ev	Screen_AgeGate::~Screen_AgeGate	no-ghidra-function
0x4a4e94	_ZThn144_N12WaterConcept14Screen_AgeGateD0Ev	Thn144_N12WaterConcept14Screen_AgeGateD0Ev	no-ghidra-function
0x4a4ebc	_ZN12WaterConcept14Screen_AgeGate5enterEv	WaterConcept::Screen_AgeGate::enter	no-ghidra-function
0x4a5290	_ZN12WaterConcept14Screen_AgeGate18_curveLoadCallbackEPv	WaterConcept::Screen_AgeGate::_curveLoadCallback	no-ghidra-function
0x4a52f4	_ZN12WaterConcept14Screen_AgeGate8_buildUIEv	WaterConcept::Screen_AgeGate::_buildUI	no-ghidra-function
0x4a54c4	_ZN12WaterConcept14Screen_AgeGate4exitEv	WaterConcept::Screen_AgeGate::exit	no-ghidra-function
0x4a5730	_ZN12WaterConcept14Screen_AgeGate11regainedTopEv	WaterConcept::Screen_AgeGate::regainedTop	no-ghidra-function
0x4a5ba4	_ZN12WaterConcept14Screen_AgeGate4drawEi	WaterConcept::Screen_AgeGate::draw	no-ghidra-function
0x4a5cb0	_ZN12WaterConcept14Screen_AgeGate11handleEventEiRKN7Walaber6Widget15WidgetActionRetEPS2_	WaterConcept::Screen_AgeGate::handleEvent	no-ghidra-function
0x4a6360	_ZN12WaterConcept14Screen_AgeGate12_onAgeChangeEi	WaterConcept::Screen_AgeGate::_onAgeChange	no-ghidra-function
0x4a63a4	_ZThn32_N12WaterConcept14Screen_AgeGate11handleEventEiRKN7Walaber6Widget15WidgetActionRetEPS2_	Thn32_N12WaterConcept14Screen_AgeGate11handleEventEiRKN7Walaber6Widget15WidgetActionRetEPS2_	no-ghidra-function
0x4a63ac	_ZN12WaterConcept14Screen_AgeGate9messageRxERKN7Walaber7MessageE	WaterConcept::Screen_AgeGate::messageRx	no-ghidra-function
0x4a63b4	_ZThn144_N12WaterConcept14Screen_AgeGate9messageRxERKN7Walaber7MessageE	Thn144_N12WaterConcept14Screen_AgeGate9messageRxERKN7Walaber7MessageE	no-ghidra-function
0x4a68fc	_ZN12WaterConcept14Screen_AgeGate15_showIAPMessageEv	WaterConcept::Screen_AgeGate::_showIAPMessage	no-ghidra-function
0x4a6ad0	_ZN12WaterConcept14Screen_AgeGate14backKeyPressedEv	WaterConcept::Screen_AgeGate::backKeyPressed	no-ghidra-function
0x4a6bb0	_ZN7Walaber14MemberCallbackIN12WaterConcept14Screen_AgeGateEED0Ev	MemberCallback<WaterConcept::Screen_AgeGate>::~MemberCallback	no-ghidra-function
0x4a6bb4	_ZN7Walaber14MemberCallbackIN12WaterConcept14Screen_AgeGateEE6invokeEPv	Walaber::MemberCallback<WaterConcept::Screen_AgeGate>::invoke	no-ghidra-function
0x4a6be4	_ZN12WaterConcept20Screen_AnimationTestC2Ev	Screen_AnimationTest::Screen_AnimationTest	no-ghidra-function
0x4a6cc4	_ZN12WaterConcept20Screen_AnimationTestD2Ev	Screen_AnimationTest::~Screen_AnimationTest	no-ghidra-function
0x4a6d2c	_ZN12WaterConcept20Screen_AnimationTestD0Ev	Screen_AnimationTest::~Screen_AnimationTest	no-ghidra-function
0x4a6d50	_ZN12WaterConcept20Screen_AnimationTest16loadPropertyListERKN7Walaber12PropertyListE	WaterConcept::Screen_AnimationTest::loadPropertyList	no-ghidra-function
0x4a6f34	_ZN12WaterConcept20Screen_AnimationTest5enterEv	WaterConcept::Screen_AnimationTest::enter	no-ghidra-function
0x4a71d8	_ZN12WaterConcept20Screen_AnimationTest8_buildUIEv	WaterConcept::Screen_AnimationTest::_buildUI	no-ghidra-function
0x4a7354	_ZN12WaterConcept20Screen_AnimationTest4exitEv	WaterConcept::Screen_AnimationTest::exit	no-ghidra-function
0x4a738c	_ZN12WaterConcept20Screen_AnimationTest6updateEfb	WaterConcept::Screen_AnimationTest::update	no-ghidra-function
0x4a7628	_ZN12WaterConcept20Screen_AnimationTest19_reloadCurrentActorEv	WaterConcept::Screen_AnimationTest::_reloadCurrentActor	no-ghidra-function
0x4a81f8	_ZThn32_N12WaterConcept20Screen_AnimationTest11handleEventEiRKN7Walaber6Widget15WidgetActionRetEPS2_	Thn32_N12WaterConcept20Screen_AnimationTest11handleEventEiRKN7Walaber6Widget15WidgetActionRetEPS2_	no-ghidra-function
0x4a8200	_ZN12WaterConcept20Screen_AnimationTest23_finishedLoadingWidgetsEPv	WaterConcept::Screen_AnimationTest::_finishedLoadingWidgets	no-ghidra-function
0x4a826c	_ZN7Walaber9SharedPtrINS_14MemberCallbackIN12WaterConcept20Screen_AnimationTestEEEED2Ev	SharedPtr<Walaber::MemberCallback<WaterConcept::Screen_AnimationTest>>::~SharedPtr	no-ghidra-function
0x4a82c4	_ZN12WaterConcept20Screen_AnimationTest14_worldToScreenERKN7Walaber7Vector2E	WaterConcept::Screen_AnimationTest::_worldToScreen	no-ghidra-function
0x4a831c	_ZN12WaterConcept20Screen_AnimationTest14_screenToWorldERKN7Walaber7Vector2E	WaterConcept::Screen_AnimationTest::_screenToWorld	no-ghidra-function
0x4a836c	_ZN7Walaber13SkeletonActor17playNextAnimationEbNS_21AnimationPlaybackModeEb	Walaber::SkeletonActor::playNextAnimation	no-ghidra-function
0x4a8478	_ZN12WaterConcept20Screen_AnimationTest14backKeyPressedEv	WaterConcept::Screen_AnimationTest::backKeyPressed	no-ghidra-function
0x4a84a8	_ZN7Walaber14MemberCallbackIN12WaterConcept20Screen_AnimationTestEED0Ev	MemberCallback<WaterConcept::Screen_AnimationTest>::~MemberCallback	no-ghidra-function
0x4a84ac	_ZN7Walaber14MemberCallbackIN12WaterConcept20Screen_AnimationTestEE6invokeEPv	Walaber::MemberCallback<WaterConcept::Screen_AnimationTest>::invoke	no-ghidra-function
0x4a8660	_ZThn144_N12WaterConcept17Screen_ChallengesD1Ev	Thn144_N12WaterConcept17Screen_ChallengesD1Ev	no-ghidra-function
0x4a8668	_ZN12WaterConcept17Screen_ChallengesD0Ev	Screen_Challenges::~Screen_Challenges	no-ghidra-function
0x4a868c	_ZThn144_N12WaterConcept17Screen_ChallengesD0Ev	Thn144_N12WaterConcept17Screen_ChallengesD0Ev	no-ghidra-function
0x4a86b4	_ZN12WaterConcept17Screen_Challenges16loadPropertyListERKN7Walaber12PropertyListE	WaterConcept::Screen_Challenges::loadPropertyList	no-ghidra-function
0x4a86b8	_ZN12WaterConcept17Screen_Challenges5enterEv	WaterConcept::Screen_Challenges::enter	no-ghidra-function
0x4a8e80	_ZN7Walaber12SoundManager20getLiveTracksInGroupEi	Walaber::SoundManager::getLiveTracksInGroup	no-ghidra-function
0x4a8edc	_ZN12WaterConcept17Screen_Challenges4exitEv	WaterConcept::Screen_Challenges::exit	no-ghidra-function
0x4acb80	_ZN12WaterConcept17Screen_Challenges6updateEfb	WaterConcept::Screen_Challenges::update	no-ghidra-function
0x4acb98	_ZN12WaterConcept17Screen_Challenges4drawEi	WaterConcept::Screen_Challenges::draw	no-ghidra-function
0x4ad624	_ZN7Walaber9SharedPtrINS_14MemberCallbackIN12WaterConcept17Screen_ChallengesEEEED2Ev	SharedPtr<Walaber::MemberCallback<WaterConcept::Screen_Challenges>>::~SharedPtr	no-ghidra-function
0x4ada20	_ZThn144_N12WaterConcept17Screen_Challenges9messageRxERKN7Walaber7MessageE	Thn144_N12WaterConcept17Screen_Challenges9messageRxERKN7Walaber7MessageE	no-ghidra-function
0x4ada38	_ZN12WaterConcept17Screen_Challenges11regainedTopEv	WaterConcept::Screen_Challenges::regainedTop	no-ghidra-function
0x4ada90	_ZNSt6__ndk16__treeINS_12__value_typeIPN7Walaber6WidgetEiEENS_19__map_value_compareIS4_S5_NS_4lessIS4_EELb1EEENS_9allocatorIS5_EEE7destroyEPNS_11__tree_nodeIS5_PvEE	std::__ndk1::__tree<std::__ndk1::__value_type<Walaber::Widget*, int>, std::__ndk1::__map_value_compare<Walaber::Widget, std::__ndk1::__value_type<Walaber::Widget*, int>, std::__ndk1::less<Walaber::Widget>, bool>>::std::__ndk1::allocator<std::__ndk1::__value_type<Walaber::Widget*, int>>	no-ghidra-function
0x4adad0	_ZNSt6__ndk16vectorIPN7Walaber12Widget_LabelENS_9allocatorIS3_EEE21__push_back_slow_pathIS3_EEvOT_	std::__ndk1::vector<Walaber::Widget_Label*, std::__ndk1::allocator<Walaber::Widget_Label>>::__push_back_slow_path<Walaber::Widget_Label>	no-ghidra-function
0x4adbf8	_ZNSt6__ndk16vectorIPN7Walaber17Widget_PushButtonENS_9allocatorIS3_EEE21__push_back_slow_pathIS3_EEvOT_	std::__ndk1::vector<Walaber::Widget_PushButton*, std::__ndk1::allocator<Walaber::Widget_PushButton>>::__push_back_slow_path<Walaber::Widget_PushButton>	no-ghidra-function
0x4add20	_ZNSt6__ndk114__split_bufferIPN7Walaber17Widget_PushButtonERNS_9allocatorIS3_EEEC2EmmS6_	__split_buffer<Walaber::Widget_PushButton*, std::__ndk1::allocator<Walaber::Widget_PushButton>&>::__split_buffer	no-ghidra-function
0x4addd0	_ZNSt6__ndk16__treeINS_12__value_typeIPN7Walaber6WidgetEiEENS_19__map_value_compareIS4_S5_NS_4lessIS4_EELb1EEENS_9allocatorIS5_EEE25__emplace_unique_key_argsIS4_JRKNS_21piecewise_construct_tENS_5tupleIJOS4_EEENSH_IJEEEEEENS_4pairINS_15__tree_iteratorIS5_PNS_11__tree_nodeIS5_PvEElEEbEERKT_DpOT0_	std::__ndk1::__tree<std::__ndk1::__value_type<Walaber::Widget*, int>, std::__ndk1::__map_value_compare<Walaber::Widget, std::__ndk1::__value_type<Walaber::Widget*, int>, std::__ndk1::less<Walaber::Widget>, bool>>::std::__ndk1::allocator<std::__ndk1::__value_type<Walaber::Widget*, int>>	no-ghidra-function
0x4adea4	_ZNSt6__ndk16__treeINS_12__value_typeIPN7Walaber6WidgetEiEENS_19__map_value_compareIS4_S5_NS_4lessIS4_EELb1EEENS_9allocatorIS5_EEE16__insert_node_atEPNS_15__tree_end_nodeIPNS_16__tree_node_baseIPvEEEERSH_SH_	std::__ndk1::__tree<std::__ndk1::__value_type<Walaber::Widget*, int>, std::__ndk1::__map_value_compare<Walaber::Widget, std::__ndk1::__value_type<Walaber::Widget*, int>, std::__ndk1::less<Walaber::Widget>, bool>>::std::__ndk1::allocator<std::__ndk1::__value_type<Walaber::Widget*, int>>	no-ghidra-function
0x4adef8	_ZNSt6__ndk16__treeINS_12__value_typeIPN7Walaber6WidgetENS_12basic_stringIcNS_11char_traitsIcEENS_9allocatorIcEEEEEENS_19__map_value_compareIS4_SB_NS_4lessIS4_EELb1EEENS8_ISB_EEE25__emplace_unique_key_argsIS4_JRKNS_21piecewise_construct_tENS_5tupleIJOS4_EEENSM_IJEEEEEENS_4pairINS_15__tree_iteratorISB_PNS_11__tree_nodeISB_PvEElEEbEERKT_DpOT0_	_ZNSt6__ndk16__treeINS_12__value_typeIPN7Walaber6WidgetENS_12basic_stringIcNS_11char_traitsIcEENS_9allocatorIcEEEEEENS_19__map_value_compareIS4_SB_NS_4lessIS4_EELb1EEENS8_ISB_EEE25__emplace_unique_key_argsIS4_JRKNS_21piecewise_construct_tENS_5tupleIJOS4_EEENSM_IJEEEEEENS_4pairINS_15__tree_iteratorISB_PNS_11__tree_nodeISB_PvEElEEbEERKT_DpOT0_	no-ghidra-function
0x4adfcc	_ZNSt6__ndk16__treeINS_12__value_typeIPN7Walaber6WidgetENS_12basic_stringIcNS_11char_traitsIcEENS_9allocatorIcEEEEEENS_19__map_value_compareIS4_SB_NS_4lessIS4_EELb1EEENS8_ISB_EEE16__insert_node_atEPNS_15__tree_end_nodeIPNS_16__tree_node_baseIPvEEEERSM_SM_	_ZNSt6__ndk16__treeINS_12__value_typeIPN7Walaber6WidgetENS_12basic_stringIcNS_11char_traitsIcEENS_9allocatorIcEEEEEENS_19__map_value_compareIS4_SB_NS_4lessIS4_EELb1EEENS8_ISB_EEE16__insert_node_atEPNS_15__tree_end_nodeIPNS_16__tree_node_baseIPvEEEERSM_SM_	no-ghidra-function
0x4ae020	_ZN7Walaber14MemberCallbackIN12WaterConcept17Screen_ChallengesEED0Ev	MemberCallback<WaterConcept::Screen_Challenges>::~MemberCallback	no-ghidra-function
0x4ae024	_ZN7Walaber14MemberCallbackIN12WaterConcept17Screen_ChallengesEE6invokeEPv	Walaber::MemberCallback<WaterConcept::Screen_Challenges>::invoke	no-ghidra-function
0x4ae338	_ZThn144_N12WaterConcept19Screen_CollectiblesD1Ev	Thn144_N12WaterConcept19Screen_CollectiblesD1Ev	no-ghidra-function
0x4ae38c	_ZN12WaterConcept19Screen_Collectibles16loadPropertyListERKN7Walaber12PropertyListE	WaterConcept::Screen_Collectibles::loadPropertyList	no-ghidra-function
0x4aebbc	_ZN12WaterConcept19Screen_Collectibles4exitEv	WaterConcept::Screen_Collectibles::exit	no-ghidra-function
0x4b2ad4	_ZN12WaterConcept19Screen_Collectibles12_addNewLabelEib	WaterConcept::Screen_Collectibles::_addNewLabel	no-ghidra-function
0x4b2c14	_ZN12WaterConcept19Screen_Collectibles6updateEfb	WaterConcept::Screen_Collectibles::update	no-ghidra-function
0x4b2e78	_ZN12WaterConcept19Screen_Collectibles4drawEi	WaterConcept::Screen_Collectibles::draw	no-ghidra-function
0x4b2fe4	_ZN12WaterConcept19Screen_Collectibles11handleEventEiRKN7Walaber6Widget15WidgetActionRetEPS2_	WaterConcept::Screen_Collectibles::handleEvent	no-ghidra-function
0x4b3e14	_ZThn32_N12WaterConcept19Screen_Collectibles11handleEventEiRKN7Walaber6Widget15WidgetActionRetEPS2_	Thn32_N12WaterConcept19Screen_Collectibles11handleEventEiRKN7Walaber6Widget15WidgetActionRetEPS2_	no-ghidra-function
0x4b3e1c	_ZN7Walaber9SharedPtrINS_14MemberCallbackIN12WaterConcept19Screen_CollectiblesEEEED2Ev	SharedPtr<Walaber::MemberCallback<WaterConcept::Screen_Collectibles>>::~SharedPtr	no-ghidra-function
0x4b3f7c	_ZN12WaterConcept19Screen_Collectibles9messageRxERKN7Walaber7MessageE	WaterConcept::Screen_Collectibles::messageRx	no-ghidra-function
0x4b3f84	_ZThn144_N12WaterConcept19Screen_Collectibles9messageRxERKN7Walaber7MessageE	Thn144_N12WaterConcept19Screen_Collectibles9messageRxERKN7Walaber7MessageE	no-ghidra-function
0x4b3f8c	_ZN12WaterConcept19Screen_Collectibles11regainedTopEv	WaterConcept::Screen_Collectibles::regainedTop	no-ghidra-function
0x4b40d0	_ZN7Walaber14MemberCallbackIN12WaterConcept19Screen_CollectiblesEED0Ev	MemberCallback<WaterConcept::Screen_Collectibles>::~MemberCallback	no-ghidra-function
0x4b40d4	_ZN7Walaber14MemberCallbackIN12WaterConcept19Screen_CollectiblesEE6invokeEPv	Walaber::MemberCallback<WaterConcept::Screen_Collectibles>::invoke	no-ghidra-function
0x4b4104	_ZN12WaterConcept17Screen_ComicStripC2Ev	Screen_ComicStrip::Screen_ComicStrip	no-ghidra-function
0x4b5d5c	_ZN12WaterConcept17Screen_ComicStripD2Ev	Screen_ComicStrip::~Screen_ComicStrip	no-ghidra-function
0x4b5d60	_ZN12WaterConcept17Screen_ComicStripD0Ev	Screen_ComicStrip::~Screen_ComicStrip	no-ghidra-function
0x4b5d84	_ZN12WaterConcept17Screen_ComicStrip16loadPropertyListERKN7Walaber12PropertyListE	WaterConcept::Screen_ComicStrip::loadPropertyList	no-ghidra-function
0x4b5d88	_ZN12WaterConcept17Screen_ComicStrip5enterEv	WaterConcept::Screen_ComicStrip::enter	no-ghidra-function
0x4b5e68	_ZN12WaterConcept17Screen_ComicStrip4exitEv	WaterConcept::Screen_ComicStrip::exit	no-ghidra-function
0x4b6264	_ZThn32_N12WaterConcept17Screen_ComicStrip11handleEventEiRKN7Walaber6Widget15WidgetActionRetEPS2_	Thn32_N12WaterConcept17Screen_ComicStrip11handleEventEiRKN7Walaber6Widget15WidgetActionRetEPS2_	no-ghidra-function
0x4b626c	_ZN12WaterConcept17Screen_ComicStrip14backKeyPressedEv	WaterConcept::Screen_ComicStrip::backKeyPressed	no-ghidra-function
0x4b6804	_ZN12WaterConcept14Screen_CreditsD2Ev	Screen_Credits::~Screen_Credits	no-ghidra-function
0x4b6868	_ZThn144_N12WaterConcept14Screen_CreditsD1Ev	Thn144_N12WaterConcept14Screen_CreditsD1Ev	no-ghidra-function
0x4b6870	_ZN12WaterConcept14Screen_CreditsD0Ev	Screen_Credits::~Screen_Credits	no-ghidra-function
0x4b68bc	_ZN12WaterConcept14Screen_Credits5enterEv	WaterConcept::Screen_Credits::enter	no-ghidra-function
0x4b7228	_ZN12WaterConcept14Screen_Credits4exitEv	WaterConcept::Screen_Credits::exit	no-ghidra-function
0x4b7e08	_ZThn32_N12WaterConcept14Screen_Credits11handleEventEiRKN7Walaber6Widget15WidgetActionRetEPS2_	Thn32_N12WaterConcept14Screen_Credits11handleEventEiRKN7Walaber6Widget15WidgetActionRetEPS2_	no-ghidra-function
0x4b80e8	_ZThn144_N12WaterConcept14Screen_Credits9messageRxERKN7Walaber7MessageE	Thn144_N12WaterConcept14Screen_Credits9messageRxERKN7Walaber7MessageE	no-ghidra-function
0x4b84d0	_ZN12WaterConcept14Screen_Credits23_skeletonLoadedCallbackEPv	WaterConcept::Screen_Credits::_skeletonLoadedCallback	no-ghidra-function
0x4b859c	_ZN12WaterConcept14Screen_Credits14backKeyPressedEv	WaterConcept::Screen_Credits::backKeyPressed	no-ghidra-function
0x4b876c	_ZN7Walaber14MemberCallbackIN12WaterConcept14Screen_CreditsEED0Ev	MemberCallback<WaterConcept::Screen_Credits>::~MemberCallback	no-ghidra-function
0x4b8770	_ZN7Walaber14MemberCallbackIN12WaterConcept14Screen_CreditsEE6invokeEPv	Walaber::MemberCallback<WaterConcept::Screen_Credits>::invoke	no-ghidra-function
0x4b87a0	_ZN12WaterConcept15Screen_DialogueC2Ev	Screen_Dialogue::Screen_Dialogue	no-ghidra-function
0x4b88cc	_ZN12WaterConcept15Screen_DialogueD2Ev	Screen_Dialogue::~Screen_Dialogue	no-ghidra-function
0x4b895c	_ZN12WaterConcept15Screen_DialogueD0Ev	Screen_Dialogue::~Screen_Dialogue	no-ghidra-function
0x4b9f88	_ZN7Walaber9SharedPtrINS_14MemberCallbackIN12WaterConcept15Screen_DialogueEEEED2Ev	SharedPtr<Walaber::MemberCallback<WaterConcept::Screen_Dialogue>>::~SharedPtr	no-ghidra-function
0x4b9fe0	_ZN12WaterConcept15Screen_Dialogue4exitEv	WaterConcept::Screen_Dialogue::exit	no-ghidra-function
0x4ba498	_ZN12WaterConcept15Screen_Dialogue4drawEi	WaterConcept::Screen_Dialogue::draw	no-ghidra-function
0x4ba52c	_ZN12WaterConcept15Screen_Dialogue11handleEventEiRKN7Walaber6Widget15WidgetActionRetEPS2_	WaterConcept::Screen_Dialogue::handleEvent	no-ghidra-function
0x4ba574	_ZThn32_N12WaterConcept15Screen_Dialogue11handleEventEiRKN7Walaber6Widget15WidgetActionRetEPS2_	Thn32_N12WaterConcept15Screen_Dialogue11handleEventEiRKN7Walaber6Widget15WidgetActionRetEPS2_	no-ghidra-function
0x4bc7b0	_ZN12WaterConcept15Screen_Dialogue14backKeyPressedEv	WaterConcept::Screen_Dialogue::backKeyPressed	no-ghidra-function
0x4bc818	_ZN7Walaber14MemberCallbackIN12WaterConcept15Screen_DialogueEED0Ev	MemberCallback<WaterConcept::Screen_Dialogue>::~MemberCallback	no-ghidra-function
0x4bc81c	_ZN7Walaber14MemberCallbackIN12WaterConcept15Screen_DialogueEE6invokeEPv	Walaber::MemberCallback<WaterConcept::Screen_Dialogue>::invoke	no-ghidra-function
0x4bcb08	_ZN12WaterConcept13Screen_EditorD2Ev	Screen_Editor::~Screen_Editor	no-ghidra-function
0x4bcbfc	_ZN12WaterConcept13Screen_EditorD0Ev	Screen_Editor::~Screen_Editor	no-ghidra-function
0x4bdf30	_ZN12WaterConcept13Screen_Editor4exitEv	WaterConcept::Screen_Editor::exit	no-ghidra-function
0x4bdf34	_ZN12WaterConcept13Screen_Editor6updateEfb	WaterConcept::Screen_Editor::update	no-ghidra-function
0x4bdf78	_ZN12WaterConcept13Screen_Editor4drawEi	WaterConcept::Screen_Editor::draw	no-ghidra-function
0x4bee20	_ZN12WaterConcept13Screen_Editor22_isVisiblePlatinumTypeENS_17InteractiveObject12PlatinumTypeE	WaterConcept::Screen_Editor::_isVisiblePlatinumType	no-ghidra-function
0x4bf18c	_ZN12WaterConcept13Screen_Editor20accelerometerChangedEfff	WaterConcept::Screen_Editor::accelerometerChanged	no-ghidra-function
0x4bf1e8	_ZN12WaterConcept5World18addMaterialTextureEN7Walaber9SharedPtrINS1_7TextureEEE	WaterConcept::World::addMaterialTexture	no-ghidra-function
0x4bf22c	_ZN12WaterConcept5World15addAlgaeTextureEN7Walaber9SharedPtrINS1_7TextureEEE	WaterConcept::World::addAlgaeTexture	no-ghidra-function
0x4c010c	_ZN12WaterConcept13Screen_Editor10ObjectDataC2Ev	ObjectData::ObjectData	no-ghidra-function
0x4c0190	_ZN12WaterConcept13Screen_Editor21_gotDefaultPropertiesEPv	WaterConcept::Screen_Editor::_gotDefaultProperties	no-ghidra-function
0x4c2044	_ZN12WaterConcept13Screen_Editor11_pressTrackENS0_10ObjectDataE	WaterConcept::Screen_Editor::_pressTrack	no-ghidra-function
0x4c2948	_ZN12WaterConcept13Screen_Editor9saveLevelENSt6__ndk112basic_stringIcNS1_11char_traitsIcEENS1_9allocatorIcEEEERb	WaterConcept::Screen_Editor::saveLevel	no-ghidra-function
0x4c3ee0	_ZN7Walaber3XML15newPropertyListEP8_xmlNodeRKNS_12PropertyListENSt6__ndk112basic_stringIcNS6_11char_traitsIcEENS6_9allocatorIcEEEE	Walaber::XML::newPropertyList	no-ghidra-function
0x4c440c	_ZN12WaterConcept13Screen_Editor12beingStackedEv	WaterConcept::Screen_Editor::beingStacked	no-ghidra-function
0x4c4434	_ZN12WaterConcept13Screen_Editor11regainedTopEv	WaterConcept::Screen_Editor::regainedTop	no-ghidra-function
0x4c6464	_ZN12WaterConcept13Screen_Editor18_updateObjectLabelEv	WaterConcept::Screen_Editor::_updateObjectLabel	no-ghidra-function
0x4c6f4c	_ZN12WaterConcept13Screen_Editor18_getObjectDataCopyEPNS_17InteractiveObjectE	WaterConcept::Screen_Editor::_getObjectDataCopy	no-ghidra-function
0x4c6fac	_ZNSt6__ndk16vectorIN12WaterConcept13Screen_Editor10ObjectDataENS_9allocatorIS3_EEE6insertENS_11__wrap_iterIPKS3_EERS8_	std::__ndk1::vector<WaterConcept::Screen_Editor::ObjectData, std::__ndk1::allocator<WaterConcept::Screen_Editor>>::insert	no-ghidra-function
0x4c7390	_ZNSt6__ndk16vectorIPN12WaterConcept17InteractiveObjectENS_9allocatorIS3_EEE6insertENS_11__wrap_iterIPKS3_EERS8_	std::__ndk1::vector<WaterConcept::InteractiveObject*, std::__ndk1::allocator<WaterConcept::InteractiveObject>>::insert	no-ghidra-function
0x4c7694	_ZN12WaterConcept13Screen_Editor11_toggleLinkEv	WaterConcept::Screen_Editor::_toggleLink	no-ghidra-function
0x4c80a4	_ZN12WaterConcept13Screen_Editor6_pasteEv	WaterConcept::Screen_Editor::_paste	no-ghidra-function
0x4c88cc	_ZN12WaterConcept13Screen_Editor12_toggleGhostEv	WaterConcept::Screen_Editor::_toggleGhost	no-ghidra-function
0x4c89d0	_ZN12WaterConcept13Screen_Editor11_editObjectEPNS_17InteractiveObjectE	WaterConcept::Screen_Editor::_editObject	no-ghidra-function
0x4c8b1c	_ZN12WaterConcept13Screen_Editor15_togglePlatinumEv	WaterConcept::Screen_Editor::_togglePlatinum	no-ghidra-function
0x4c8f18	_ZN12WaterConcept13Screen_Editor12_togglePTypeEv	WaterConcept::Screen_Editor::_togglePType	no-ghidra-function
0x4c94d4	_ZN12WaterConcept13Screen_Editor11_togglePortEv	WaterConcept::Screen_Editor::_togglePort	no-ghidra-function
0x4c95b4	_ZThn32_N12WaterConcept13Screen_Editor11handleEventEiRKN7Walaber6Widget15WidgetActionRetEPS2_	Thn32_N12WaterConcept13Screen_Editor11handleEventEiRKN7Walaber6Widget15WidgetActionRetEPS2_	no-ghidra-function
0x4c95bc	_ZN12WaterConcept13Screen_Editor14_screenToWorldERKN7Walaber7Vector2E	WaterConcept::Screen_Editor::_screenToWorld	no-ghidra-function
0x4c9608	_ZN12WaterConcept13Screen_Editor30_updateSelectionOriginalValuesEv	WaterConcept::Screen_Editor::_updateSelectionOriginalValues	no-ghidra-function
0x4c96d0	_ZN12WaterConcept13Screen_Editor13_snapPositionERKN7Walaber7Vector2Eb	WaterConcept::Screen_Editor::_snapPosition	no-ghidra-function
0x4c97c8	_ZN12WaterConcept13Screen_Editor12selectObjectEN7Walaber7Vector2EPNS_17InteractiveObjectE	WaterConcept::Screen_Editor::selectObject	no-ghidra-function
0x4c99e8	_ZN12WaterConcept13Screen_Editor9touchDownEiN7Walaber7Vector2E	WaterConcept::Screen_Editor::touchDown	no-ghidra-function
0x4c9a3c	_ZN12WaterConcept13Screen_Editor10touchMovedEiN7Walaber7Vector2ES2_	WaterConcept::Screen_Editor::touchMoved	no-ghidra-function
0x4c9a98	_ZN12WaterConcept13Screen_Editor7touchUpEiN7Walaber7Vector2E	WaterConcept::Screen_Editor::touchUp	no-ghidra-function
0x4c9aec	_ZN12WaterConcept13Screen_Editor19_selectGroupMembersEPNS_17InteractiveObjectE	WaterConcept::Screen_Editor::_selectGroupMembers	no-ghidra-function
0x4c9c28	_ZN12WaterConcept13Screen_Editor21_deselectGroupMembersEPNS_17InteractiveObjectE	WaterConcept::Screen_Editor::_deselectGroupMembers	no-ghidra-function
0x4c9d70	_ZN12WaterConcept13Screen_Editor19_showHideLinkButtonEv	WaterConcept::Screen_Editor::_showHideLinkButton	no-ghidra-function
0x4c9f60	_ZN12WaterConcept13Screen_Editor20_showHideTrackButtonEv	WaterConcept::Screen_Editor::_showHideTrackButton	no-ghidra-function
0x4c9f94	_ZN12WaterConcept13Screen_Editor20_showHidePasteButtonEv	WaterConcept::Screen_Editor::_showHidePasteButton	no-ghidra-function
0x4c9fc8	_ZN12WaterConcept13Screen_Editor14_showHideGroupEv	WaterConcept::Screen_Editor::_showHideGroup	no-ghidra-function
0x4ca4e4	_ZN12WaterConcept13Screen_Editor23_finishedLoadingWidgetsEPv	WaterConcept::Screen_Editor::_finishedLoadingWidgets	no-ghidra-function
0x4cb030	_ZN12WaterConcept13Screen_Editor17_shiftYSwitchPortEPNS_5SpoutEPNS_7YSwitchE	WaterConcept::Screen_Editor::_shiftYSwitchPort	no-ghidra-function
0x4cb22c	_ZN12WaterConcept13Screen_Editor14_worldToScreenERKN7Walaber7Vector2E	WaterConcept::Screen_Editor::_worldToScreen	no-ghidra-function
0x4cb27c	_ZN12WaterConcept13Screen_Editor18_clipCameraToWorldEv	WaterConcept::Screen_Editor::_clipCameraToWorld	no-ghidra-function
0x4cb638	_ZNSt6__ndk16__treeINS_12__value_typeIPN12WaterConcept17InteractiveObjectENS2_13Screen_Editor15SelectedObjDataEEENS_19__map_value_compareIS4_S7_NS_4lessIS4_EELb1EEENS_9allocatorIS7_EEE7destroyEPNS_11__tree_nodeIS7_PvEE	std::__ndk1::__tree<std::__ndk1::__value_type<WaterConcept::InteractiveObject*, std::__ndk1::__value_type::Screen_Editor::SelectedObjData>, std::__ndk1::__map_value_compare<WaterConcept::InteractiveObject, std::__ndk1::__value_type<WaterConcept::InteractiveObject*, std::__ndk1::__value_type::Screen_Editor::SelectedObjData>, std::__ndk1::less<WaterConcept::InteractiveObject>, bool>>::std::__ndk1::allocator<std::__ndk1::__value_type<WaterConcept::InteractiveObject*, std::__ndk1::__value_type::Screen_Editor::SelectedObjData>>	no-ghidra-function
0x4cb678	_ZNSt6__ndk113__vector_baseIN12WaterConcept5World20WorldSpoutConnectionENS_9allocatorIS3_EEED2Ev	__vector_base<WaterConcept::World::WorldSpoutConnection, std::__ndk1::allocator<WaterConcept::World>>::~__vector_base	no-ghidra-function
0x4cb788	_ZNSt6__ndk16vectorIN12WaterConcept5World20WorldSpoutConnectionENS_9allocatorIS3_EEE11__vallocateEm	std::__ndk1::vector<WaterConcept::World::WorldSpoutConnection, std::__ndk1::allocator<WaterConcept::World>>::__vallocate	no-ghidra-function
0x4cbb48	_ZNSt6__ndk113__vector_baseIN12WaterConcept13Screen_Editor10ObjectDataENS_9allocatorIS3_EEED2Ev	__vector_base<WaterConcept::Screen_Editor::ObjectData, std::__ndk1::allocator<WaterConcept::Screen_Editor>>::~__vector_base	no-ghidra-function
0x4cbc68	_ZNSt6__ndk16vectorIN7Walaber5ColorENS_9allocatorIS2_EEE21__push_back_slow_pathIRKS2_EEvOT_	std::__ndk1::vector<Walaber::Color, std::__ndk1::allocator<Walaber>>::__push_back_slow_path<Walaber const&>	no-ghidra-function
0x4cbdb4	_ZN7Walaber14MemberCallbackIN12WaterConcept13Screen_EditorEED0Ev	MemberCallback<WaterConcept::Screen_Editor>::~MemberCallback	no-ghidra-function
0x4cbdb8	_ZN7Walaber14MemberCallbackIN12WaterConcept13Screen_EditorEE6invokeEPv	Walaber::MemberCallback<WaterConcept::Screen_Editor>::invoke	no-ghidra-function
0x4cbde8	_ZNSt6__ndk16vectorIN12WaterConcept5World20WorldSpoutConnectionENS_9allocatorIS3_EEE21__push_back_slow_pathIRKS3_EEvOT_	std::__ndk1::vector<WaterConcept::World::WorldSpoutConnection, std::__ndk1::allocator<WaterConcept::World>>::__push_back_slow_path<WaterConcept::World const&>	no-ghidra-function
0x4cbedc	_ZNSt6__ndk114__split_bufferIN12WaterConcept5World20WorldSpoutConnectionERNS_9allocatorIS3_EEEC2EmmS6_	__split_buffer<WaterConcept::World::WorldSpoutConnection, std::__ndk1::allocator<WaterConcept::World>&>::__split_buffer	no-ghidra-function
0x4cbf8c	_ZNSt6__ndk16vectorIN12WaterConcept5World20WorldSpoutConnectionENS_9allocatorIS3_EEE26__swap_out_circular_bufferERNS_14__split_bufferIS3_RS5_EE	std::__ndk1::vector<WaterConcept::World::WorldSpoutConnection, std::__ndk1::allocator<WaterConcept::World>>::__swap_out_circular_buffer	no-ghidra-function
0x4cc014	_ZNSt6__ndk114__split_bufferIN12WaterConcept5World20WorldSpoutConnectionERNS_9allocatorIS3_EEED2Ev	__split_buffer<WaterConcept::World::WorldSpoutConnection, std::__ndk1::allocator<WaterConcept::World>&>::~__split_buffer	no-ghidra-function
0x4cc078	_ZNSt6__ndk16vectorIN12WaterConcept13Screen_Editor10ObjectDataENS_9allocatorIS3_EEE21__push_back_slow_pathIRKS3_EEvOT_	std::__ndk1::vector<WaterConcept::Screen_Editor::ObjectData, std::__ndk1::allocator<WaterConcept::Screen_Editor>>::__push_back_slow_path<WaterConcept::Screen_Editor const&>	no-ghidra-function
0x4cc17c	_ZNSt6__ndk114__split_bufferIN12WaterConcept13Screen_Editor10ObjectDataERNS_9allocatorIS3_EEEC2EmmS6_	__split_buffer<WaterConcept::Screen_Editor::ObjectData, std::__ndk1::allocator<WaterConcept::Screen_Editor>&>::__split_buffer	no-ghidra-function
0x4cc2d8	_ZNSt6__ndk114__split_bufferIN12WaterConcept13Screen_Editor10ObjectDataERNS_9allocatorIS3_EEED2Ev	__split_buffer<WaterConcept::Screen_Editor::ObjectData, std::__ndk1::allocator<WaterConcept::Screen_Editor>&>::~__split_buffer	no-ghidra-function
0x4cc364	_ZNSt6__ndk16__treeIPN12WaterConcept17InteractiveObjectENS_4lessIS3_EENS_9allocatorIS3_EEE12__find_equalIS3_EERPNS_16__tree_node_baseIPvEERPNS_15__tree_end_nodeISD_EERKT_	std::__ndk1::__tree<WaterConcept::InteractiveObject*, std::__ndk1::less<WaterConcept::InteractiveObject>, std::__ndk1::allocator<WaterConcept::InteractiveObject>>::__find_equal<WaterConcept::InteractiveObject>	no-ghidra-function
0x4cc564	_ZNSt6__ndk16__treeIPN12WaterConcept17InteractiveObjectENS_4lessIS3_EENS_9allocatorIS3_EEE30__emplace_hint_unique_key_argsIS3_JRKS3_EEENS_15__tree_iteratorIS3_PNS_11__tree_nodeIS3_PvEElEENS_21__tree_const_iteratorIS3_SG_lEERKT_DpOT0_	_ZNSt6__ndk16__treeIPN12WaterConcept17InteractiveObjectENS_4lessIS3_EENS_9allocatorIS3_EEE30__emplace_hint_unique_key_argsIS3_JRKS3_EEENS_15__tree_iteratorIS3_PNS_11__tree_nodeIS3_PvEElEENS_21__tree_const_iteratorIS3_SG_lEERKT_DpOT0_	no-ghidra-function
0x4cc7f0	_ZNSt6__ndk16vectorINS_3setIPN12WaterConcept17InteractiveObjectENS_4lessIS4_EENS_9allocatorIS4_EEEENS7_IS9_EEE26__swap_out_circular_bufferERNS_14__split_bufferIS9_RSA_EE	std::__ndk1::vector<std::__ndk1::set<WaterConcept::InteractiveObject*, std::__ndk1::less<WaterConcept::InteractiveObject>, std::__ndk1::allocator<WaterConcept::InteractiveObject>>, std::__ndk1::allocator<std::__ndk1::set<WaterConcept::InteractiveObject*, std::__ndk1::less<WaterConcept::InteractiveObject>, std::__ndk1::allocator<WaterConcept::InteractiveObject>>>>::__swap_out_circular_buffer	no-ghidra-function
0x4cc894	_ZNSt6__ndk114__split_bufferINS_3setIPN12WaterConcept17InteractiveObjectENS_4lessIS4_EENS_9allocatorIS4_EEEERNS7_IS9_EEED2Ev	__split_buffer<std::__ndk1::set<WaterConcept::InteractiveObject*, std::__ndk1::less<WaterConcept::InteractiveObject>, std::__ndk1::allocator<WaterConcept::InteractiveObject>>, std::__ndk1::allocator<std::__ndk1::set<WaterConcept::InteractiveObject*, std::__ndk1::less<WaterConcept::InteractiveObject>, std::__ndk1::allocator<WaterConcept::InteractiveObject>>>&>::~__split_buffer	no-ghidra-function
0x4cca88	_ZNSt6__ndk16__treeINS_12basic_stringIcNS_11char_traitsIcEENS_9allocatorIcEEEENS_4lessIS6_EENS4_IS6_EEE13__move_assignERSA_NS_17integral_constantIbLb1EEE	std::__ndk1::__tree<std::__ndk1::basic_string<char, std::__ndk1::char_traits<char>, std::__ndk1::allocator<char>>, std::__ndk1::less<std::__ndk1::allocator<char>>, std::__ndk1::char_traits<char><std::__ndk1::allocator<char>>>::__move_assign	no-ghidra-function
0x4cd32c	_ZNSt6__ndk16__treeINS_12basic_stringIcNS_11char_traitsIcEENS_9allocatorIcEEEENS_4lessIS6_EENS4_IS6_EEE16__find_leaf_highERPNS_15__tree_end_nodeIPNS_16__tree_node_baseIPvEEEERKS6_	std::__ndk1::__tree<std::__ndk1::basic_string<char, std::__ndk1::char_traits<char>, std::__ndk1::allocator<char>>, std::__ndk1::less<std::__ndk1::allocator<char>>, std::__ndk1::char_traits<char><std::__ndk1::allocator<char>>>::__find_leaf_high	no-ghidra-function
0x4cd400	_ZNSt6__ndk16__treeINS_12basic_stringIcNS_11char_traitsIcEENS_9allocatorIcEEEENS_4lessIS6_EENS4_IS6_EEE15__emplace_multiIJRKS6_EEENS_15__tree_iteratorIS6_PNS_11__tree_nodeIS6_PvEElEEDpOT_	_ZNSt6__ndk16__treeINS_12basic_stringIcNS_11char_traitsIcEENS_9allocatorIcEEEENS_4lessIS6_EENS4_IS6_EEE15__emplace_multiIJRKS6_EEENS_15__tree_iteratorIS6_PNS_11__tree_nodeIS6_PvEElEEDpOT_	no-ghidra-function
0x4cd474	_ZNSt6__ndk16vectorIPN12WaterConcept17InteractiveObjectENS_9allocatorIS3_EEE26__swap_out_circular_bufferERNS_14__split_bufferIS3_RS5_EEPS3_	std::__ndk1::vector<WaterConcept::InteractiveObject*, std::__ndk1::allocator<WaterConcept::InteractiveObject>>::__swap_out_circular_buffer	no-ghidra-function
0x4cd530	_ZNSt6__ndk16__treeINS_12basic_stringIcNS_11char_traitsIcEENS_9allocatorIcEEEENS_4lessIS6_EENS4_IS6_EEE14__erase_uniqueIS6_EEmRKT_	std::__ndk1::__tree<std::__ndk1::basic_string<char, std::__ndk1::char_traits<char>, std::__ndk1::allocator<char>>, std::__ndk1::less<std::__ndk1::allocator<char>>, std::__ndk1::char_traits<char><std::__ndk1::allocator<char>>>::__erase_unique<std::__ndk1::allocator<char>>	no-ghidra-function
0x4cd574	_ZNSt6__ndk16__treeINS_12basic_stringIcNS_11char_traitsIcEENS_9allocatorIcEEEENS_4lessIS6_EENS4_IS6_EEE5eraseENS_21__tree_const_iteratorIS6_PNS_11__tree_nodeIS6_PvEElEE	std::__ndk1::__tree<std::__ndk1::basic_string<char, std::__ndk1::char_traits<char>, std::__ndk1::allocator<char>>, std::__ndk1::less<std::__ndk1::allocator<char>>, std::__ndk1::char_traits<char><std::__ndk1::allocator<char>>>::erase	no-ghidra-function
0x4cd618	_ZNSt6__ndk16__treeIPN12WaterConcept17InteractiveObjectENS_4lessIS3_EENS_9allocatorIS3_EEE14__erase_uniqueIS3_EEmRKT_	std::__ndk1::__tree<WaterConcept::InteractiveObject*, std::__ndk1::less<WaterConcept::InteractiveObject>, std::__ndk1::allocator<WaterConcept::InteractiveObject>>::__erase_unique<WaterConcept::InteractiveObject>	no-ghidra-function
0x4cd678	_ZNSt6__ndk16__treeIPN12WaterConcept17InteractiveObjectENS_4lessIS3_EENS_9allocatorIS3_EEE5eraseENS_21__tree_const_iteratorIS3_PNS_11__tree_nodeIS3_PvEElEE	std::__ndk1::__tree<WaterConcept::InteractiveObject*, std::__ndk1::less<WaterConcept::InteractiveObject>, std::__ndk1::allocator<WaterConcept::InteractiveObject>>::erase	no-ghidra-function
0x4cd70c	_ZNSt6__ndk16__treeIPN12WaterConcept17InteractiveObjectENS_4lessIS3_EENS_9allocatorIS3_EEE13__move_assignERS8_NS_17integral_constantIbLb1EEE	std::__ndk1::__tree<WaterConcept::InteractiveObject*, std::__ndk1::less<WaterConcept::InteractiveObject>, std::__ndk1::allocator<WaterConcept::InteractiveObject>>::__move_assign	no-ghidra-function
0x4cdbb0	_ZThn144_N12WaterConcept25Screen_EditorObjectEditorD1Ev	Thn144_N12WaterConcept25Screen_EditorObjectEditorD1Ev	no-ghidra-function
0x4cdbb8	_ZN12WaterConcept25Screen_EditorObjectEditorD0Ev	Screen_EditorObjectEditor::~Screen_EditorObjectEditor	no-ghidra-function
0x4ce358	_ZN7Walaber9SharedPtrINS_14MemberCallbackIN12WaterConcept25Screen_EditorObjectEditorEEEED2Ev	SharedPtr<Walaber::MemberCallback<WaterConcept::Screen_EditorObjectEditor>>::~SharedPtr	no-ghidra-function
0x4ce3b0	_ZN12WaterConcept25Screen_EditorObjectEditor5enterEv	WaterConcept::Screen_EditorObjectEditor::enter	no-ghidra-function
0x4ce4c4	_ZN12WaterConcept25Screen_EditorObjectEditor4exitEv	WaterConcept::Screen_EditorObjectEditor::exit	no-ghidra-function
0x4ce4f8	_ZN12WaterConcept25Screen_EditorObjectEditor6updateEfb	WaterConcept::Screen_EditorObjectEditor::update	no-ghidra-function
0x4ce500	_ZN12WaterConcept25Screen_EditorObjectEditor4drawEi	WaterConcept::Screen_EditorObjectEditor::draw	no-ghidra-function
0x4d0028	_ZNSt6__ndk16vectorINS0_IN7Walaber7Vector2ENS_9allocatorIS2_EEEENS3_IS5_EEEC2ERKS7_	vector<std::__ndk1<Walaber::Vector2, std::__ndk1::allocator<Walaber>>, Walaber::Vector2<std::__ndk1::allocator<Walaber>>>::vector	no-ghidra-function
0x4d0248	_ZN12WaterConcept25Screen_EditorObjectEditor14_screenToWorldERKN7Walaber7Vector2E	WaterConcept::Screen_EditorObjectEditor::_screenToWorld	no-ghidra-function
0x4d0758	_ZThn32_N12WaterConcept25Screen_EditorObjectEditor11handleEventEiRKN7Walaber6Widget15WidgetActionRetEPS2_	Thn32_N12WaterConcept25Screen_EditorObjectEditor11handleEventEiRKN7Walaber6Widget15WidgetActionRetEPS2_	no-ghidra-function
0x4d0760	_ZN12WaterConcept25Screen_EditorObjectEditor9messageRxERKN7Walaber7MessageE	WaterConcept::Screen_EditorObjectEditor::messageRx	no-ghidra-function
0x4d0768	_ZThn144_N12WaterConcept25Screen_EditorObjectEditor9messageRxERKN7Walaber7MessageE	Thn144_N12WaterConcept25Screen_EditorObjectEditor9messageRxERKN7Walaber7MessageE	no-ghidra-function
0x4d0770	_ZN12WaterConcept25Screen_EditorObjectEditor23_finishedLoadingWidgetsEPv	WaterConcept::Screen_EditorObjectEditor::_finishedLoadingWidgets	no-ghidra-function
0x4d0774	_ZN12WaterConcept25Screen_EditorObjectEditor14_worldToScreenERKN7Walaber7Vector2E	WaterConcept::Screen_EditorObjectEditor::_worldToScreen	no-ghidra-function
0x4d07f8	_ZN7Walaber11XMLDocument13NamedIteratorppEi	_ZN7Walaber11XMLDocument13NamedIteratorppEi	no-ghidra-function
0x4d0864	_ZNSt6__ndk113__vector_baseINS_6vectorINS_4pairINS_12basic_stringIcNS_11char_traitsIcEENS_9allocatorIcEEEES8_EENS6_IS9_EEEENS6_ISB_EEED2Ev	_ZNSt6__ndk113__vector_baseINS_6vectorINS_4pairINS_12basic_stringIcNS_11char_traitsIcEENS_9allocatorIcEEEES8_EENS6_IS9_EEEENS6_ISB_EEED2Ev	no-ghidra-function
0x4d08d0	_ZN7Walaber14MemberCallbackIN12WaterConcept25Screen_EditorObjectEditorEED0Ev	MemberCallback<WaterConcept::Screen_EditorObjectEditor>::~MemberCallback	no-ghidra-function
0x4d08d4	_ZN7Walaber14MemberCallbackIN12WaterConcept25Screen_EditorObjectEditorEE6invokeEPv	Walaber::MemberCallback<WaterConcept::Screen_EditorObjectEditor>::invoke	no-ghidra-function
0x4d0904	_ZNSt6__ndk16vectorIN7Walaber7Vector2ENS_9allocatorIS2_EEE13__move_assignERS5_NS_17integral_constantIbLb1EEE	std::__ndk1::vector<Walaber::Vector2, std::__ndk1::allocator<Walaber>>::__move_assign	no-ghidra-function
0x4d095c	_ZNSt6__ndk16vectorIN7Walaber7Vector2ENS_9allocatorIS2_EEE12__move_rangeEPS2_S6_S6_	std::__ndk1::vector<Walaber::Vector2, std::__ndk1::allocator<Walaber>>::__move_range	no-ghidra-function
0x4d09c8	_ZNSt6__ndk16vectorIN7Walaber7Vector2ENS_9allocatorIS2_EEE26__swap_out_circular_bufferERNS_14__split_bufferIS2_RS4_EEPS2_	std::__ndk1::vector<Walaber::Vector2, std::__ndk1::allocator<Walaber>>::__swap_out_circular_buffer	no-ghidra-function
0x4d0a84	_ZNSt6__ndk16vectorINS0_IN7Walaber7Vector2ENS_9allocatorIS2_EEEENS3_IS5_EEE11__vallocateEm	std::__ndk1::vector<std::__ndk1<Walaber::Vector2, std::__ndk1::allocator<Walaber>>, Walaber::Vector2<std::__ndk1::allocator<Walaber>>>::__vallocate	no-ghidra-function
0x4d0ad4	_ZNSt6__ndk16__treeIiNS_4lessIiEENS_9allocatorIiEEE25__emplace_unique_key_argsIiJRKiEEENS_4pairINS_15__tree_iteratorIiPNS_11__tree_nodeIiPvEElEEbEERKT_DpOT0_	_ZNSt6__ndk16__treeIiNS_4lessIiEENS_9allocatorIiEEE25__emplace_unique_key_argsIiJRKiEEENS_4pairINS_15__tree_iteratorIiPNS_11__tree_nodeIiPvEElEEbEERKT_DpOT0_	no-ghidra-function
0x4d0ba0	_ZNSt6__ndk16__treeIiNS_4lessIiEENS_9allocatorIiEEE5eraseENS_21__tree_const_iteratorIiPNS_11__tree_nodeIiPvEElEE	std::__ndk1::__tree<int, std::__ndk1::less<int>, std::__ndk1::allocator<int>>::erase	no-ghidra-function
0x4d0c34	_ZNSt6__ndk113__vector_baseINS_4pairINS_12basic_stringIcNS_11char_traitsIcEENS_9allocatorIcEEEES7_EENS5_IS8_EEED2Ev	__vector_base<std::__ndk1::pair<std::__ndk1::basic_string<char, std::__ndk1::char_traits<char>, std::__ndk1::allocator<char>>, std::__ndk1::allocator<char>>, std::__ndk1::char_traits<char><std::__ndk1::basic_string<char, std::__ndk1::char_traits<char>, std::__ndk1::allocator<char>>>>::~__vector_base	no-ghidra-function
0x4d0cbc	_ZNSt6__ndk16vectorINS_4pairINS_12basic_stringIcNS_11char_traitsIcEENS_9allocatorIcEEEES7_EENS5_IS8_EEE21__push_back_slow_pathIS8_EEvOT_	std::__ndk1::vector<std::__ndk1::pair<std::__ndk1::basic_string<char, std::__ndk1::char_traits<char>, std::__ndk1::allocator<char>>, std::__ndk1::allocator<char>>, std::__ndk1::char_traits<char><std::__ndk1::basic_string<char, std::__ndk1::char_traits<char>, std::__ndk1::allocator<char>>>>::__push_back_slow_path<std::__ndk1::basic_string<char, std::__ndk1::char_traits<char>, std::__ndk1::allocator<char>>>	no-ghidra-function
0x4d0eac	_ZNSt6__ndk16vectorINS_4pairINS_12basic_stringIcNS_11char_traitsIcEENS_9allocatorIcEEEES7_EENS5_IS8_EEE26__swap_out_circular_bufferERNS_14__split_bufferIS8_RS9_EE	std::__ndk1::vector<std::__ndk1::pair<std::__ndk1::basic_string<char, std::__ndk1::char_traits<char>, std::__ndk1::allocator<char>>, std::__ndk1::allocator<char>>, std::__ndk1::char_traits<char><std::__ndk1::basic_string<char, std::__ndk1::char_traits<char>, std::__ndk1::allocator<char>>>>::__swap_out_circular_buffer	no-ghidra-function
0x4d0f44	_ZNSt6__ndk114__split_bufferINS_4pairINS_12basic_stringIcNS_11char_traitsIcEENS_9allocatorIcEEEES7_EERNS5_IS8_EEED2Ev	__split_buffer<std::__ndk1::pair<std::__ndk1::basic_string<char, std::__ndk1::char_traits<char>, std::__ndk1::allocator<char>>, std::__ndk1::allocator<char>>, std::__ndk1::char_traits<char><std::__ndk1::basic_string<char, std::__ndk1::char_traits<char>, std::__ndk1::allocator<char>>>&>::~__split_buffer	no-ghidra-function
0x4d0fbc	_ZNSt6__ndk16vectorINS0_INS_4pairINS_12basic_stringIcNS_11char_traitsIcEENS_9allocatorIcEEEES7_EENS5_IS8_EEEENS5_ISA_EEE21__push_back_slow_pathIRKSA_EEvOT_	_ZNSt6__ndk16vectorINS0_INS_4pairINS_12basic_stringIcNS_11char_traitsIcEENS_9allocatorIcEEEES7_EENS5_IS8_EEEENS5_ISA_EEE21__push_back_slow_pathIRKSA_EEvOT_	no-ghidra-function
0x4d10c0	_ZNSt6__ndk16vectorINS_4pairINS_12basic_stringIcNS_11char_traitsIcEENS_9allocatorIcEEEES7_EENS5_IS8_EEEC2ERKSA_	vector<std::__ndk1::pair<std::__ndk1::basic_string<char, std::__ndk1::char_traits<char>, std::__ndk1::allocator<char>>, std::__ndk1::allocator<char>>, std::__ndk1::char_traits<char><std::__ndk1::basic_string<char, std::__ndk1::char_traits<char>, std::__ndk1::allocator<char>>>>::vector	no-ghidra-function
0x4d1158	_ZNSt6__ndk16vectorINS_4pairINS_12basic_stringIcNS_11char_traitsIcEENS_9allocatorIcEEEES7_EENS5_IS8_EEE11__vallocateEm	std::__ndk1::vector<std::__ndk1::pair<std::__ndk1::basic_string<char, std::__ndk1::char_traits<char>, std::__ndk1::allocator<char>>, std::__ndk1::allocator<char>>, std::__ndk1::char_traits<char><std::__ndk1::basic_string<char, std::__ndk1::char_traits<char>, std::__ndk1::allocator<char>>>>::__vallocate	no-ghidra-function
0x4d11a8	_ZNSt6__ndk14pairINS_12basic_stringIcNS_11char_traitsIcEENS_9allocatorIcEEEES6_EC2ERKS7_	pair<std::__ndk1::basic_string<char, std::__ndk1::char_traits<char>, std::__ndk1::allocator<char>>, std::__ndk1::allocator<char>>::pair	no-ghidra-function
0x4d138c	_ZN12WaterConcept25Screen_EditorObjectSelectC2Ev	Screen_EditorObjectSelect::Screen_EditorObjectSelect	no-ghidra-function
0x4d1414	_ZN12WaterConcept25Screen_EditorObjectSelectD2Ev	Screen_EditorObjectSelect::~Screen_EditorObjectSelect	no-ghidra-function
0x4d146c	_ZThn144_N12WaterConcept25Screen_EditorObjectSelectD1Ev	Thn144_N12WaterConcept25Screen_EditorObjectSelectD1Ev	no-ghidra-function
0x4d1474	_ZN12WaterConcept25Screen_EditorObjectSelectD0Ev	Screen_EditorObjectSelect::~Screen_EditorObjectSelect	no-ghidra-function
0x4d14c0	_ZN12WaterConcept25Screen_EditorObjectSelect16loadPropertyListERKN7Walaber12PropertyListE	WaterConcept::Screen_EditorObjectSelect::loadPropertyList	no-ghidra-function
0x4d1884	_ZN12WaterConcept25Screen_EditorObjectSelect6updateEfb	WaterConcept::Screen_EditorObjectSelect::update	no-ghidra-function
0x4d1e04	_ZN12WaterConcept25Screen_EditorObjectSelect14_screenToWorldERKN7Walaber7Vector2E	WaterConcept::Screen_EditorObjectSelect::_screenToWorld	no-ghidra-function
0x4d1e50	_ZThn32_N12WaterConcept25Screen_EditorObjectSelect11handleEventEiRKN7Walaber6Widget15WidgetActionRetEPS2_	Thn32_N12WaterConcept25Screen_EditorObjectSelect11handleEventEiRKN7Walaber6Widget15WidgetActionRetEPS2_	no-ghidra-function
0x4d40c4	_ZThn144_N12WaterConcept25Screen_EditorObjectSelect9messageRxERKN7Walaber7MessageE	Thn144_N12WaterConcept25Screen_EditorObjectSelect9messageRxERKN7Walaber7MessageE	no-ghidra-function
0x4d40cc	_ZN12WaterConcept25Screen_EditorObjectSelect9touchDownEiN7Walaber7Vector2E	WaterConcept::Screen_EditorObjectSelect::touchDown	no-ghidra-function
0x4d4130	_ZN12WaterConcept25Screen_EditorObjectSelect10touchMovedEiN7Walaber7Vector2ES2_	WaterConcept::Screen_EditorObjectSelect::touchMoved	no-ghidra-function
0x4d418c	_ZN12WaterConcept25Screen_EditorObjectSelect7touchUpEiN7Walaber7Vector2E	WaterConcept::Screen_EditorObjectSelect::touchUp	no-ghidra-function
0x4d41e0	_ZN12WaterConcept25Screen_EditorObjectSelect23_finishedLoadingWidgetsEPv	WaterConcept::Screen_EditorObjectSelect::_finishedLoadingWidgets	no-ghidra-function
0x4d41e4	_ZN12WaterConcept25Screen_EditorObjectSelect14_worldToScreenERKN7Walaber7Vector2E	WaterConcept::Screen_EditorObjectSelect::_worldToScreen	no-ghidra-function
0x4d4234	_ZN12WaterConcept25Screen_EditorObjectSelect14backKeyPressedEv	WaterConcept::Screen_EditorObjectSelect::backKeyPressed	no-ghidra-function
0x4d42fc	_ZN12WaterConcept18Screen_FoodPyramidD2Ev	Screen_FoodPyramid::~Screen_FoodPyramid	no-ghidra-function
0x4d436c	_ZThn144_N12WaterConcept18Screen_FoodPyramidD1Ev	Thn144_N12WaterConcept18Screen_FoodPyramidD1Ev	no-ghidra-function
0x4d4374	_ZN12WaterConcept18Screen_FoodPyramidD0Ev	Screen_FoodPyramid::~Screen_FoodPyramid	no-ghidra-function
0x4d4398	_ZThn144_N12WaterConcept18Screen_FoodPyramidD0Ev	Thn144_N12WaterConcept18Screen_FoodPyramidD0Ev	no-ghidra-function
0x4d4c14	_ZN12WaterConcept18Screen_FoodPyramid8_buildUIEv	WaterConcept::Screen_FoodPyramid::_buildUI	no-ghidra-function
0x4d4df4	_ZN7Walaber9SharedPtrINS_14MemberCallbackIN12WaterConcept18Screen_FoodPyramidEEEED2Ev	SharedPtr<Walaber::MemberCallback<WaterConcept::Screen_FoodPyramid>>::~SharedPtr	no-ghidra-function
0x4d4e4c	_ZN12WaterConcept18Screen_FoodPyramid4exitEv	WaterConcept::Screen_FoodPyramid::exit	no-ghidra-function
0x4d8244	_ZThn32_N12WaterConcept18Screen_FoodPyramid11handleEventEiRKN7Walaber6Widget15WidgetActionRetEPS2_	Thn32_N12WaterConcept18Screen_FoodPyramid11handleEventEiRKN7Walaber6Widget15WidgetActionRetEPS2_	no-ghidra-function
0x4d824c	_ZN12WaterConcept18Screen_FoodPyramid14backKeyPressedEv	WaterConcept::Screen_FoodPyramid::backKeyPressed	no-ghidra-function
0x4d8354	_ZN12WaterConcept18Screen_FoodPyramid9messageRxERKN7Walaber7MessageE	WaterConcept::Screen_FoodPyramid::messageRx	no-ghidra-function
0x4d8670	_ZThn144_N12WaterConcept18Screen_FoodPyramid9messageRxERKN7Walaber7MessageE	Thn144_N12WaterConcept18Screen_FoodPyramid9messageRxERKN7Walaber7MessageE	no-ghidra-function
0x4d868c	_ZN12WaterConcept18Screen_FoodPyramid11regainedTopEv	WaterConcept::Screen_FoodPyramid::regainedTop	no-ghidra-function
0x4d8694	_ZN7Walaber14MemberCallbackIN12WaterConcept18Screen_FoodPyramidEED0Ev	MemberCallback<WaterConcept::Screen_FoodPyramid>::~MemberCallback	no-ghidra-function
0x4d8698	_ZN7Walaber14MemberCallbackIN12WaterConcept18Screen_FoodPyramidEE6invokeEPv	Walaber::MemberCallback<WaterConcept::Screen_FoodPyramid>::invoke	no-ghidra-function
0x4d86c8	_ZNSt6__ndk16__treeINS_12__value_typeIiNS_12basic_stringIcNS_11char_traitsIcEENS_9allocatorIcEEEEEENS_19__map_value_compareIiS8_NS_4lessIiEELb1EEENS5_IS8_EEE25__emplace_unique_key_argsIiJRKNS_21piecewise_construct_tENS_5tupleIJRKiEEENSJ_IJEEEEEENS_4pairINS_15__tree_iteratorIS8_PNS_11__tree_nodeIS8_PvEElEEbEERKT_DpOT0_	std::__ndk1::__tree<std::__ndk1::__value_type<int, std::__ndk1::basic_string<char, std::__ndk1::char_traits<char>, std::__ndk1::allocator<char>>>, std::__ndk1::__map_value_compare<int, std::__ndk1::basic_string<char, std::__ndk1::char_traits<char>, std::__ndk1::allocator<char>>, std::__ndk1::less<int>, bool>>::std::__ndk1::char_traits<char><std::__ndk1::basic_string<char, std::__ndk1::char_traits<char>, std::__ndk1::allocator<char>>>	no-ghidra-function
0x4d87a0	_ZN12WaterConcept22Screen_FullScreenAlertC2Ev	Screen_FullScreenAlert::Screen_FullScreenAlert	no-ghidra-function
0x4d8878	_ZN12WaterConcept22Screen_FullScreenAlertD2Ev	Screen_FullScreenAlert::~Screen_FullScreenAlert	no-ghidra-function
0x4d8908	_ZN12WaterConcept22Screen_FullScreenAlertD0Ev	Screen_FullScreenAlert::~Screen_FullScreenAlert	no-ghidra-function
0x4d892c	_ZN12WaterConcept22Screen_FullScreenAlert5enterEv	WaterConcept::Screen_FullScreenAlert::enter	no-ghidra-function
0x4d8b34	_ZN7Walaber9SharedPtrINS_14MemberCallbackIN12WaterConcept22Screen_FullScreenAlertEEEED2Ev	SharedPtr<Walaber::MemberCallback<WaterConcept::Screen_FullScreenAlert>>::~SharedPtr	no-ghidra-function
0x4d8b8c	_ZN12WaterConcept22Screen_FullScreenAlert4exitEv	WaterConcept::Screen_FullScreenAlert::exit	no-ghidra-function
0x4d91a0	_ZN12WaterConcept22Screen_FullScreenAlert11regainedTopEv	WaterConcept::Screen_FullScreenAlert::regainedTop	no-ghidra-function
0x4d9538	_ZN12WaterConcept22Screen_FullScreenAlert4drawEi	WaterConcept::Screen_FullScreenAlert::draw	no-ghidra-function
0x4d95cc	_ZN12WaterConcept22Screen_FullScreenAlert11handleEventEiRKN7Walaber6Widget15WidgetActionRetEPS2_	WaterConcept::Screen_FullScreenAlert::handleEvent	no-ghidra-function
0x4d95e4	_ZThn32_N12WaterConcept22Screen_FullScreenAlert11handleEventEiRKN7Walaber6Widget15WidgetActionRetEPS2_	Thn32_N12WaterConcept22Screen_FullScreenAlert11handleEventEiRKN7Walaber6Widget15WidgetActionRetEPS2_	no-ghidra-function
0x4da26c	_ZN12WaterConcept22Screen_FullScreenAlert14backKeyPressedEv	WaterConcept::Screen_FullScreenAlert::backKeyPressed	no-ghidra-function
0x4da290	_ZN7Walaber14MemberCallbackIN12WaterConcept22Screen_FullScreenAlertEED0Ev	MemberCallback<WaterConcept::Screen_FullScreenAlert>::~MemberCallback	no-ghidra-function
0x4da294	_ZN7Walaber14MemberCallbackIN12WaterConcept22Screen_FullScreenAlertEE6invokeEPv	Walaber::MemberCallback<WaterConcept::Screen_FullScreenAlert>::invoke	no-ghidra-function
0x4da2c4	_ZN12WaterConcept21Screen_GameTransitionC2Ev	Screen_GameTransition::Screen_GameTransition	no-ghidra-function
0x4da32c	_ZN12WaterConcept21Screen_GameTransitionD2Ev	Screen_GameTransition::~Screen_GameTransition	no-ghidra-function
0x4da354	_ZThn144_N12WaterConcept21Screen_GameTransitionD1Ev	Thn144_N12WaterConcept21Screen_GameTransitionD1Ev	no-ghidra-function
0x4da378	_ZN12WaterConcept21Screen_GameTransitionD0Ev	Screen_GameTransition::~Screen_GameTransition	no-ghidra-function
0x4da3a8	_ZThn144_N12WaterConcept21Screen_GameTransitionD0Ev	Thn144_N12WaterConcept21Screen_GameTransitionD0Ev	no-ghidra-function
0x4da3d4	_ZN12WaterConcept21Screen_GameTransition16loadPropertyListERKN7Walaber12PropertyListE	WaterConcept::Screen_GameTransition::loadPropertyList	no-ghidra-function
0x4da4f4	_ZN12WaterConcept21Screen_GameTransition5enterEv	WaterConcept::Screen_GameTransition::enter	no-ghidra-function
0x4dab68	_ZN12WaterConcept21Screen_GameTransition4drawEi	WaterConcept::Screen_GameTransition::draw	no-ghidra-function
0x4dac10	_ZN12WaterConcept21Screen_GameTransition11handleEventEiRKN7Walaber6Widget15WidgetActionRetEPS2_	WaterConcept::Screen_GameTransition::handleEvent	no-ghidra-function
0x4dac14	_ZThn32_N12WaterConcept21Screen_GameTransition11handleEventEiRKN7Walaber6Widget15WidgetActionRetEPS2_	Thn32_N12WaterConcept21Screen_GameTransition11handleEventEiRKN7Walaber6Widget15WidgetActionRetEPS2_	no-ghidra-function
0x4dac18	_ZN12WaterConcept21Screen_GameTransition9messageRxERKN7Walaber7MessageE	WaterConcept::Screen_GameTransition::messageRx	no-ghidra-function
0x4dac20	_ZThn144_N12WaterConcept21Screen_GameTransition9messageRxERKN7Walaber7MessageE	Thn144_N12WaterConcept21Screen_GameTransition9messageRxERKN7Walaber7MessageE	no-ghidra-function
0x4dac28	_ZN12WaterConcept21Screen_GameTransition23_finishedLoadingWidgetsEPv	WaterConcept::Screen_GameTransition::_finishedLoadingWidgets	no-ghidra-function
0x4dac44	_ZN7Walaber9SharedPtrINS_14MemberCallbackIN12WaterConcept21Screen_GameTransitionEEEED2Ev	SharedPtr<Walaber::MemberCallback<WaterConcept::Screen_GameTransition>>::~SharedPtr	no-ghidra-function
0x4dac9c	_ZN12WaterConcept21Screen_GameTransition4exitEv	WaterConcept::Screen_GameTransition::exit	no-ghidra-function
0x4daca0	_ZN12WaterConcept21Screen_GameTransition14backKeyPressedEv	WaterConcept::Screen_GameTransition::backKeyPressed	no-ghidra-function
0x4daca4	_ZN12WaterConcept21Screen_GameTransition11regainedTopEv	WaterConcept::Screen_GameTransition::regainedTop	no-ghidra-function
0x4daca8	_ZN7Walaber14MemberCallbackIN12WaterConcept21Screen_GameTransitionEED0Ev	MemberCallback<WaterConcept::Screen_GameTransition>::~MemberCallback	no-ghidra-function
0x4dacac	_ZN7Walaber14MemberCallbackIN12WaterConcept21Screen_GameTransitionEE6invokeEPv	Walaber::MemberCallback<WaterConcept::Screen_GameTransition>::invoke	no-ghidra-function
0x4dacdc	_ZN12WaterConcept29Screen_GraphicsContextRestoreC2Ev	Screen_GraphicsContextRestore::Screen_GraphicsContextRestore	no-ghidra-function
0x4dad20	_ZN12WaterConcept29Screen_GraphicsContextRestoreD2Ev	Screen_GraphicsContextRestore::~Screen_GraphicsContextRestore	no-ghidra-function
0x4dad24	_ZN12WaterConcept29Screen_GraphicsContextRestoreD0Ev	Screen_GraphicsContextRestore::~Screen_GraphicsContextRestore	no-ghidra-function
0x4dad48	_ZN12WaterConcept29Screen_GraphicsContextRestore16loadPropertyListERKN7Walaber12PropertyListE	WaterConcept::Screen_GraphicsContextRestore::loadPropertyList	no-ghidra-function
0x4dad4c	_ZN12WaterConcept29Screen_GraphicsContextRestore5enterEv	WaterConcept::Screen_GraphicsContextRestore::enter	no-ghidra-function
0x4dad8c	_ZN12WaterConcept29Screen_GraphicsContextRestore8_buildUIEv	WaterConcept::Screen_GraphicsContextRestore::_buildUI	no-ghidra-function
0x4db714	_ZN12WaterConcept29Screen_GraphicsContextRestore4exitEv	WaterConcept::Screen_GraphicsContextRestore::exit	no-ghidra-function
0x4db728	_ZN12WaterConcept29Screen_GraphicsContextRestore23recreateGraphicsContextEv	WaterConcept::Screen_GraphicsContextRestore::recreateGraphicsContext	no-ghidra-function
0x4db9f8	_ZN12WaterConcept29Screen_GraphicsContextRestore11handleEventEiRKN7Walaber6Widget15WidgetActionRetEPS2_	WaterConcept::Screen_GraphicsContextRestore::handleEvent	no-ghidra-function
0x4db9fc	_ZThn32_N12WaterConcept29Screen_GraphicsContextRestore11handleEventEiRKN7Walaber6Widget15WidgetActionRetEPS2_	Thn32_N12WaterConcept29Screen_GraphicsContextRestore11handleEventEiRKN7Walaber6Widget15WidgetActionRetEPS2_	no-ghidra-function
0x4dba00	_ZN12WaterConcept29Screen_GraphicsContextRestore9touchDownEiN7Walaber7Vector2E	WaterConcept::Screen_GraphicsContextRestore::touchDown	no-ghidra-function
0x4dba54	_ZN12WaterConcept29Screen_GraphicsContextRestore10touchMovedEiN7Walaber7Vector2ES2_	WaterConcept::Screen_GraphicsContextRestore::touchMoved	no-ghidra-function
0x4dbab0	_ZN12WaterConcept29Screen_GraphicsContextRestore7touchUpEiN7Walaber7Vector2E	WaterConcept::Screen_GraphicsContextRestore::touchUp	no-ghidra-function
0x4dbb04	_ZN7Walaber9Utilities10create_mapIN12WaterConcept10Screen_Hub9HubActionENS3_10WidgetNameEEC2ERKS4_RKS5_	create_map<WaterConcept::Screen_Hub::HubAction, WaterConcept::WidgetName>::create_map	no-ghidra-function
0x4dbc5c	_ZNSt6__ndk13mapIN12WaterConcept10Screen_Hub9HubActionENS2_10WidgetNameENS_4lessIS3_EENS_9allocatorINS_4pairIKS3_S4_EEEEED2Ev	map<WaterConcept::Screen_Hub::HubAction, WaterConcept::WidgetName, std::__ndk1::less<WaterConcept::Screen_Hub>, std::__ndk1::allocator<std::__ndk1::pair<WaterConcept::Screen_Hub const, WaterConcept::Screen_Hub::HubAction>>>::~map	no-ghidra-function
0x4dbdb0	_ZThn144_N12WaterConcept10Screen_HubD1Ev	Thn144_N12WaterConcept10Screen_HubD1Ev	no-ghidra-function
0x4dbddc	_ZThn144_N12WaterConcept10Screen_HubD0Ev	Thn144_N12WaterConcept10Screen_HubD0Ev	no-ghidra-function
0x4dce0c	_ZN12WaterConcept10Screen_Hub4exitEv	WaterConcept::Screen_Hub::exit	no-ghidra-function
0x4dd410	_ZN12WaterConcept10Screen_Hub11handleEventEiRKN7Walaber6Widget15WidgetActionRetEPS2_	WaterConcept::Screen_Hub::handleEvent	no-ghidra-function
0x4df340	_ZThn32_N12WaterConcept10Screen_Hub11handleEventEiRKN7Walaber6Widget15WidgetActionRetEPS2_	Thn32_N12WaterConcept10Screen_Hub11handleEventEiRKN7Walaber6Widget15WidgetActionRetEPS2_	no-ghidra-function
0x4df348	_ZN12WaterConcept10Screen_Hub9messageRxERKN7Walaber7MessageE	WaterConcept::Screen_Hub::messageRx	no-ghidra-function
0x4dfc5c	_ZThn144_N12WaterConcept10Screen_Hub9messageRxERKN7Walaber7MessageE	Thn144_N12WaterConcept10Screen_Hub9messageRxERKN7Walaber7MessageE	no-ghidra-function
0x4dfd38	_ZN12WaterConcept10Screen_Hub23_finishedLoadingWidgetsEPv	WaterConcept::Screen_Hub::_finishedLoadingWidgets	no-ghidra-function
0x4e3258	_ZN7Walaber9SharedPtrINS_14MemberCallbackIN12WaterConcept10Screen_HubEEEED2Ev	SharedPtr<Walaber::MemberCallback<WaterConcept::Screen_Hub>>::~SharedPtr	no-ghidra-function
0x4e32b0	_ZN12WaterConcept10Screen_Hub10ButtonInfoC2EiRKNSt6__ndk112basic_stringIcNS2_11char_traitsIcEENS2_9allocatorIcEEEES8_	ButtonInfo::ButtonInfo	no-ghidra-function
0x4e3d0c	_ZN12WaterConcept10Screen_Hub14backKeyPressedEv	WaterConcept::Screen_Hub::backKeyPressed	no-ghidra-function
0x4e3dec	_ZNSt6__ndk16__treeINS_12__value_typeIN12WaterConcept10Screen_Hub9HubActionENS3_10WidgetNameEEENS_19__map_value_compareIS4_S6_NS_4lessIS4_EELb1EEENS_9allocatorIS6_EEE7destroyEPNS_11__tree_nodeIS6_PvEE	std::__ndk1::__tree<std::__ndk1::__value_type<WaterConcept::Screen_Hub::HubAction, WaterConcept::WidgetName>, std::__ndk1::__map_value_compare<WaterConcept::Screen_Hub, WaterConcept::WidgetName, std::__ndk1::less<WaterConcept::Screen_Hub>, bool>>::std::__ndk1::allocator<WaterConcept::WidgetName>	no-ghidra-function
0x4e3e2c	_ZNSt6__ndk16__treeIPN7Walaber6WidgetENS_4lessIS3_EENS_9allocatorIS3_EEE7destroyEPNS_11__tree_nodeIS3_PvEE	std::__ndk1::__tree<Walaber::Widget*, std::__ndk1::less<Walaber::Widget>, std::__ndk1::allocator<Walaber::Widget>>::destroy	no-ghidra-function
0x4e3f9c	_ZNSt6__ndk16__treeINS_12__value_typeIN12WaterConcept10Screen_Hub9HubActionENS3_10WidgetNameEEENS_19__map_value_compareIS4_S6_NS_4lessIS4_EELb1EEENS_9allocatorIS6_EEE12__find_equalIS4_EERPNS_16__tree_node_baseIPvEERPNS_15__tree_end_nodeISI_EERKT_	std::__ndk1::__tree<std::__ndk1::__value_type<WaterConcept::Screen_Hub::HubAction, WaterConcept::WidgetName>, std::__ndk1::__map_value_compare<WaterConcept::Screen_Hub, WaterConcept::WidgetName, std::__ndk1::less<WaterConcept::Screen_Hub>, bool>>::std::__ndk1::allocator<WaterConcept::WidgetName>	no-ghidra-function
0x4e4058	_ZNSt6__ndk16__treeINS_12__value_typeIN12WaterConcept10Screen_Hub9HubActionENS3_10WidgetNameEEENS_19__map_value_compareIS4_S6_NS_4lessIS4_EELb1EEENS_9allocatorIS6_EEE30__emplace_hint_unique_key_argsIS4_JRKNS_4pairIKS4_S5_EEEEENS_15__tree_iteratorIS6_PNS_11__tree_nodeIS6_PvEElEENS_21__tree_const_iteratorIS6_SO_lEERKT_DpOT0_	std::__ndk1::__tree<std::__ndk1::__value_type<WaterConcept::Screen_Hub::HubAction, WaterConcept::WidgetName>, std::__ndk1::__map_value_compare<WaterConcept::Screen_Hub, WaterConcept::WidgetName, std::__ndk1::less<WaterConcept::Screen_Hub>, bool>>::std::__ndk1::allocator<WaterConcept::WidgetName>	no-ghidra-function
0x4e40f8	_ZNSt6__ndk16__treeINS_12__value_typeIN12WaterConcept10Screen_Hub9HubActionENS3_10WidgetNameEEENS_19__map_value_compareIS4_S6_NS_4lessIS4_EELb1EEENS_9allocatorIS6_EEE12__find_equalIS4_EERPNS_16__tree_node_baseIPvEENS_21__tree_const_iteratorIS6_PNS_11__tree_nodeIS6_SG_EElEERPNS_15__tree_end_nodeISI_EESJ_RKT_	std::__ndk1::__tree<std::__ndk1::__value_type<WaterConcept::Screen_Hub::HubAction, WaterConcept::WidgetName>, std::__ndk1::__map_value_compare<WaterConcept::Screen_Hub, WaterConcept::WidgetName, std::__ndk1::less<WaterConcept::Screen_Hub>, bool>>::std::__ndk1::allocator<WaterConcept::WidgetName>	no-ghidra-function
0x4e4220	_ZN7Walaber14MemberCallbackIN12WaterConcept10Screen_HubEED0Ev	MemberCallback<WaterConcept::Screen_Hub>::~MemberCallback	no-ghidra-function
0x4e4224	_ZN7Walaber14MemberCallbackIN12WaterConcept10Screen_HubEE6invokeEPv	Walaber::MemberCallback<WaterConcept::Screen_Hub>::invoke	no-ghidra-function
0x4e4254	_ZNSt6__ndk16__treeINS_12__value_typeIiN12WaterConcept10Screen_Hub10ButtonInfoEEENS_19__map_value_compareIiS5_NS_4lessIiEELb1EEENS_9allocatorIS5_EEE25__emplace_unique_key_argsIiJRKNS_21piecewise_construct_tENS_5tupleIJRKiEEENSH_IJEEEEEENS_4pairINS_15__tree_iteratorIS5_PNS_11__tree_nodeIS5_PvEElEEbEERKT_DpOT0_	std::__ndk1::__tree<std::__ndk1::__value_type<int, WaterConcept::Screen_Hub::ButtonInfo>, std::__ndk1::__map_value_compare<int, WaterConcept::Screen_Hub::ButtonInfo, std::__ndk1::less<int>, bool>>::std::__ndk1::allocator<WaterConcept::Screen_Hub::ButtonInfo>	no-ghidra-function
0x4e4338	_ZNSt6__ndk16__treeINS_12__value_typeIiN12WaterConcept10Screen_Hub10ButtonInfoEEENS_19__map_value_compareIiS5_NS_4lessIiEELb1EEENS_9allocatorIS5_EEE16__insert_node_atEPNS_15__tree_end_nodeIPNS_16__tree_node_baseIPvEEEERSH_SH_	std::__ndk1::__tree<std::__ndk1::__value_type<int, WaterConcept::Screen_Hub::ButtonInfo>, std::__ndk1::__map_value_compare<int, WaterConcept::Screen_Hub::ButtonInfo, std::__ndk1::less<int>, bool>>::std::__ndk1::allocator<WaterConcept::Screen_Hub::ButtonInfo>	no-ghidra-function
0x4e438c	_ZNSt6__ndk16__treeIPN7Walaber6WidgetENS_4lessIS3_EENS_9allocatorIS3_EEE25__emplace_unique_key_argsIS3_JS3_EEENS_4pairINS_15__tree_iteratorIS3_PNS_11__tree_nodeIS3_PvEElEEbEERKT_DpOT0_	_ZNSt6__ndk16__treeIPN7Walaber6WidgetENS_4lessIS3_EENS_9allocatorIS3_EEE25__emplace_unique_key_argsIS3_JS3_EEENS_4pairINS_15__tree_iteratorIS3_PNS_11__tree_nodeIS3_PvEElEEbEERKT_DpOT0_	no-ghidra-function
0x4e4458	_ZNSt6__ndk16__treeIPN7Walaber6WidgetENS_4lessIS3_EENS_9allocatorIS3_EEE16__insert_node_atEPNS_15__tree_end_nodeIPNS_16__tree_node_baseIPvEEEERSD_SD_	std::__ndk1::__tree<Walaber::Widget*, std::__ndk1::less<Walaber::Widget>, std::__ndk1::allocator<Walaber::Widget>>::__insert_node_at	no-ghidra-function
0x4e44ac	_ZN12WaterConcept20Screen_InAppPurchaseC2Ev	Screen_InAppPurchase::Screen_InAppPurchase	no-ghidra-function
0x4e45e0	_ZN12WaterConcept20Screen_InAppPurchaseD2Ev	Screen_InAppPurchase::~Screen_InAppPurchase	no-ghidra-function
0x4e46f4	_ZThn144_N12WaterConcept20Screen_InAppPurchaseD1Ev	Thn144_N12WaterConcept20Screen_InAppPurchaseD1Ev	no-ghidra-function
0x4e46fc	_ZN12WaterConcept20Screen_InAppPurchaseD0Ev	Screen_InAppPurchase::~Screen_InAppPurchase	no-ghidra-function
0x4e4720	_ZThn144_N12WaterConcept20Screen_InAppPurchaseD0Ev	Thn144_N12WaterConcept20Screen_InAppPurchaseD0Ev	no-ghidra-function
0x4e5b44	_ZN12WaterConcept20Screen_InAppPurchase5enterEv	WaterConcept::Screen_InAppPurchase::enter	no-ghidra-function
0x4e5d60	_ZN12WaterConcept20Screen_InAppPurchase18_curveLoadCallbackEPv	WaterConcept::Screen_InAppPurchase::_curveLoadCallback	no-ghidra-function
0x4e5dcc	_ZN7Walaber9SharedPtrINS_14MemberCallbackIN12WaterConcept20Screen_InAppPurchaseEEEED2Ev	SharedPtr<Walaber::MemberCallback<WaterConcept::Screen_InAppPurchase>>::~SharedPtr	no-ghidra-function
0x4e5e24	_ZN12WaterConcept20Screen_InAppPurchase4exitEv	WaterConcept::Screen_InAppPurchase::exit	no-ghidra-function
0x4e5e28	_ZN12WaterConcept20Screen_InAppPurchase6updateEfb	WaterConcept::Screen_InAppPurchase::update	no-ghidra-function
0x4e9874	_ZN12WaterConcept20Screen_InAppPurchase24updateScreenWithProductsENSt6__ndk16vectorINS0_7productENS1_9allocatorIS3_EEEE	WaterConcept::Screen_InAppPurchase::updateScreenWithProducts	no-ghidra-function
0x4eaa00	_ZThn144_N12WaterConcept20Screen_InAppPurchase9messageRxERKN7Walaber7MessageE	Thn144_N12WaterConcept20Screen_InAppPurchase9messageRxERKN7Walaber7MessageE	no-ghidra-function
0x4eb73c	_ZThn32_N12WaterConcept20Screen_InAppPurchase11handleEventEiRKN7Walaber6Widget15WidgetActionRetEPS2_	Thn32_N12WaterConcept20Screen_InAppPurchase11handleEventEiRKN7Walaber6Widget15WidgetActionRetEPS2_	no-ghidra-function
0x4ec874	_ZNSt6__ndk113__vector_baseIN12WaterConcept20Screen_InAppPurchase7productENS_9allocatorIS3_EEED2Ev	__vector_base<WaterConcept::Screen_InAppPurchase::product, std::__ndk1::allocator<WaterConcept::Screen_InAppPurchase>>::~__vector_base	no-ghidra-function
0x4ec8fc	_ZN7Walaber14MemberCallbackIN12WaterConcept20Screen_InAppPurchaseEED0Ev	MemberCallback<WaterConcept::Screen_InAppPurchase>::~MemberCallback	no-ghidra-function
0x4ecb34	_ZNSt6__ndk114__split_bufferIN12WaterConcept20Screen_InAppPurchase7productERNS_9allocatorIS3_EEEC2EmmS6_	__split_buffer<WaterConcept::Screen_InAppPurchase::product, std::__ndk1::allocator<WaterConcept::Screen_InAppPurchase>&>::__split_buffer	no-ghidra-function
0x4ecbf8	_ZNSt6__ndk16vectorIN12WaterConcept20Screen_InAppPurchase7productENS_9allocatorIS3_EEE26__swap_out_circular_bufferERNS_14__split_bufferIS3_RS5_EE	std::__ndk1::vector<WaterConcept::Screen_InAppPurchase::product, std::__ndk1::allocator<WaterConcept::Screen_InAppPurchase>>::__swap_out_circular_buffer	no-ghidra-function
0x4ecc90	_ZNSt6__ndk114__split_bufferIN12WaterConcept20Screen_InAppPurchase7productERNS_9allocatorIS3_EEED2Ev	__split_buffer<WaterConcept::Screen_InAppPurchase::product, std::__ndk1::allocator<WaterConcept::Screen_InAppPurchase>&>::~__split_buffer	no-ghidra-function
0x4eceb4	_ZN12WaterConcept16Screen_LanguagesD2Ev	Screen_Languages::~Screen_Languages	no-ghidra-function
0x4ecf10	_ZThn144_N12WaterConcept16Screen_LanguagesD1Ev	Thn144_N12WaterConcept16Screen_LanguagesD1Ev	no-ghidra-function
0x4ed3ac	_ZN12WaterConcept16Screen_Languages4exitEv	WaterConcept::Screen_Languages::exit	no-ghidra-function
0x4ed3f4	_ZN7Walaber9SharedPtrINS_14MemberCallbackIN12WaterConcept16Screen_LanguagesEEEED2Ev	SharedPtr<Walaber::MemberCallback<WaterConcept::Screen_Languages>>::~SharedPtr	no-ghidra-function
0x4ed44c	_ZN12WaterConcept16Screen_Languages16loadPropertyListERKN7Walaber12PropertyListE	WaterConcept::Screen_Languages::loadPropertyList	no-ghidra-function
0x4ed450	_ZN12WaterConcept16Screen_Languages11regainedTopEv	WaterConcept::Screen_Languages::regainedTop	no-ghidra-function
0x4ed454	_ZN12WaterConcept16Screen_Languages6updateEfb	WaterConcept::Screen_Languages::update	no-ghidra-function
0x4ed4e0	_ZN12WaterConcept16Screen_Languages4drawEi	WaterConcept::Screen_Languages::draw	no-ghidra-function
0x4ed698	_ZN12WaterConcept16Screen_Languages11handleEventEiRKN7Walaber6Widget15WidgetActionRetEPS2_	WaterConcept::Screen_Languages::handleEvent	no-ghidra-function
0x4edb68	_ZThn32_N12WaterConcept16Screen_Languages11handleEventEiRKN7Walaber6Widget15WidgetActionRetEPS2_	Thn32_N12WaterConcept16Screen_Languages11handleEventEiRKN7Walaber6Widget15WidgetActionRetEPS2_	no-ghidra-function
0x4edb70	_ZN12WaterConcept16Screen_Languages9messageRxERKN7Walaber7MessageE	WaterConcept::Screen_Languages::messageRx	no-ghidra-function
0x4edb78	_ZThn144_N12WaterConcept16Screen_Languages9messageRxERKN7Walaber7MessageE	Thn144_N12WaterConcept16Screen_Languages9messageRxERKN7Walaber7MessageE	no-ghidra-function
0x4ee220	_ZN12WaterConcept16Screen_Languages26_getTextureNameForLanguageEN7Walaber8LanguageE	WaterConcept::Screen_Languages::_getTextureNameForLanguage	no-ghidra-function
0x4ee3a8	_ZN12WaterConcept16Screen_Languages13consumesInputEv	WaterConcept::Screen_Languages::consumesInput	no-ghidra-function
0x4ee3b0	_ZN7Walaber14MemberCallbackIN12WaterConcept16Screen_LanguagesEED0Ev	MemberCallback<WaterConcept::Screen_Languages>::~MemberCallback	no-ghidra-function
0x4ee3b4	_ZN7Walaber14MemberCallbackIN12WaterConcept16Screen_LanguagesEE6invokeEPv	Walaber::MemberCallback<WaterConcept::Screen_Languages>::invoke	no-ghidra-function
0x4eee94	_ZThn144_N12WaterConcept18Screen_LevelSelectD1Ev	Thn144_N12WaterConcept18Screen_LevelSelectD1Ev	no-ghidra-function
0x4eee9c	_ZN12WaterConcept18Screen_LevelSelectD0Ev	Screen_LevelSelect::~Screen_LevelSelect	no-ghidra-function
0x4eeec0	_ZThn144_N12WaterConcept18Screen_LevelSelectD0Ev	Thn144_N12WaterConcept18Screen_LevelSelectD0Ev	no-ghidra-function
0x4eeee8	_ZN12WaterConcept18Screen_LevelSelect16loadPropertyListERKN7Walaber12PropertyListE	WaterConcept::Screen_LevelSelect::loadPropertyList	no-ghidra-function
0x4ef55c	_ZN12WaterConcept18Screen_LevelSelect5enterEv	WaterConcept::Screen_LevelSelect::enter	no-ghidra-function
0x4f0e8c	_ZN12WaterConcept18Screen_LevelSelect4exitEv	WaterConcept::Screen_LevelSelect::exit	no-ghidra-function
0x4f0e90	_ZN12WaterConcept18Screen_LevelSelect23_finishedLoadingWidgetsEPv	WaterConcept::Screen_LevelSelect::_finishedLoadingWidgets	no-ghidra-function
0x4f383c	_ZN7Walaber9SharedPtrINS_14MemberCallbackIN12WaterConcept18Screen_LevelSelectEEEED2Ev	SharedPtr<Walaber::MemberCallback<WaterConcept::Screen_LevelSelect>>::~SharedPtr	no-ghidra-function
0x4fb160	_ZThn144_N12WaterConcept18Screen_LevelSelect9messageRxERKN7Walaber7MessageE	Thn144_N12WaterConcept18Screen_LevelSelect9messageRxERKN7Walaber7MessageE	no-ghidra-function
0x4fb168	_ZN12WaterConcept18Screen_LevelSelect11handleEventEiRKN7Walaber6Widget15WidgetActionRetEPS2_	WaterConcept::Screen_LevelSelect::handleEvent	no-ghidra-function
0x4fe3fc	_ZN12WaterConcept18Screen_LevelSelect29_spriteAnimationEventCallbackEPv	WaterConcept::Screen_LevelSelect::_spriteAnimationEventCallback	no-ghidra-function
0x4fe450	_ZThn32_N12WaterConcept18Screen_LevelSelect11handleEventEiRKN7Walaber6Widget15WidgetActionRetEPS2_	Thn32_N12WaterConcept18Screen_LevelSelect11handleEventEiRKN7Walaber6Widget15WidgetActionRetEPS2_	no-ghidra-function
0x4fe458	_ZN12WaterConcept18Screen_LevelSelect27notifyTransitionPhaseChangeEj	WaterConcept::Screen_LevelSelect::notifyTransitionPhaseChange	no-ghidra-function
0x4fe46c	_ZN12WaterConcept18Screen_LevelSelect11handleFocusEPN7Walaber6WidgetENS1_10FocusEventE	WaterConcept::Screen_LevelSelect::handleFocus	no-ghidra-function
0x4fe508	_ZThn32_N12WaterConcept18Screen_LevelSelect11handleFocusEPN7Walaber6WidgetENS1_10FocusEventE	Thn32_N12WaterConcept18Screen_LevelSelect11handleFocusEPN7Walaber6WidgetENS1_10FocusEventE	no-ghidra-function
0x4fe50c	_ZN7Walaber12SoundManager25getLiveTracksInSoundGroupEi	Walaber::SoundManager::getLiveTracksInSoundGroup	no-ghidra-function
0x4fe760	_ZNSt6__ndk16__treeINS_12__value_typeIPN7Walaber6SpriteEPNS2_6WidgetEEENS_19__map_value_compareIS4_S7_NS_4lessIS4_EELb1EEENS_9allocatorIS7_EEE7destroyEPNS_11__tree_nodeIS7_PvEE	std::__ndk1::__tree<std::__ndk1::__value_type<Walaber::Sprite*, std::__ndk1::__value_type::Widget*>, std::__ndk1::__map_value_compare<Walaber::Sprite, std::__ndk1::__map_value_compare, std::__ndk1::less<Walaber::Sprite>, bool>>::std::__ndk1::allocator<std::__ndk1::__map_value_compare>	no-ghidra-function
0x4fe7a0	_ZN7Walaber14MemberCallbackIN12WaterConcept18Screen_LevelSelectEED0Ev	MemberCallback<WaterConcept::Screen_LevelSelect>::~MemberCallback	no-ghidra-function
0x4fe7a4	_ZN7Walaber14MemberCallbackIN12WaterConcept18Screen_LevelSelectEE6invokeEPv	Walaber::MemberCallback<WaterConcept::Screen_LevelSelect>::invoke	no-ghidra-function
0x4fe8fc	_ZNSt6__ndk114__split_bufferIPN12WaterConcept13SeaweedStrandERNS_9allocatorIS3_EEEC2EmmS6_	__split_buffer<WaterConcept::SeaweedStrand*, std::__ndk1::allocator<WaterConcept::SeaweedStrand>&>::__split_buffer	no-ghidra-function
0x4fe9ac	_ZNSt6__ndk16__treeINS_12__value_typeIPN7Walaber6SpriteEPNS2_6WidgetEEENS_19__map_value_compareIS4_S7_NS_4lessIS4_EELb1EEENS_9allocatorIS7_EEE25__emplace_unique_key_argsIS4_JRKNS_21piecewise_construct_tENS_5tupleIJRKS4_EEENSJ_IJEEEEEENS_4pairINS_15__tree_iteratorIS7_PNS_11__tree_nodeIS7_PvEElEEbEERKT_DpOT0_	std::__ndk1::__tree<std::__ndk1::__value_type<Walaber::Sprite*, std::__ndk1::__value_type::Widget*>, std::__ndk1::__map_value_compare<Walaber::Sprite, std::__ndk1::__map_value_compare, std::__ndk1::less<Walaber::Sprite>, bool>>::std::__ndk1::allocator<std::__ndk1::__map_value_compare>	no-ghidra-function
0x4fea7c	_ZNSt6__ndk16__treeINS_12__value_typeIPN7Walaber6SpriteEPNS2_6WidgetEEENS_19__map_value_compareIS4_S7_NS_4lessIS4_EELb1EEENS_9allocatorIS7_EEE16__insert_node_atEPNS_15__tree_end_nodeIPNS_16__tree_node_baseIPvEEEERSJ_SJ_	std::__ndk1::__tree<std::__ndk1::__value_type<Walaber::Sprite*, std::__ndk1::__value_type::Widget*>, std::__ndk1::__map_value_compare<Walaber::Sprite, std::__ndk1::__map_value_compare, std::__ndk1::less<Walaber::Sprite>, bool>>::std::__ndk1::allocator<std::__ndk1::__map_value_compare>	no-ghidra-function
0x4febf8	_ZNSt6__ndk114__split_bufferIPN7Walaber6SpriteERNS_9allocatorIS3_EEEC2EmmS6_	__split_buffer<Walaber::Sprite*, std::__ndk1::allocator<Walaber::Sprite>&>::__split_buffer	no-ghidra-function
0x4feca8	_ZN12WaterConcept14Screen_LoadingC2Ev	Screen_Loading::Screen_Loading	no-ghidra-function
0x4fed4c	_ZN12WaterConcept14Screen_LoadingD2Ev	Screen_Loading::~Screen_Loading	no-ghidra-function
0x4fedf8	_ZThn144_N12WaterConcept14Screen_LoadingD1Ev	Thn144_N12WaterConcept14Screen_LoadingD1Ev	no-ghidra-function
0x4fee24	_ZThn144_N12WaterConcept14Screen_LoadingD0Ev	Thn144_N12WaterConcept14Screen_LoadingD0Ev	no-ghidra-function
0x4fee4c	_ZN12WaterConcept14Screen_Loading16loadPropertyListERKN7Walaber12PropertyListE	WaterConcept::Screen_Loading::loadPropertyList	no-ghidra-function
0x500ff0	_ZN12WaterConcept14Screen_Loading17_animationsLoadedEPv	WaterConcept::Screen_Loading::_animationsLoaded	no-ghidra-function
0x504944	_ZN12WaterConcept14Screen_Loading10_loadFontsEPv	WaterConcept::Screen_Loading::_loadFonts	no-ghidra-function
0x504cc0	_ZN12WaterConcept14Screen_Loading10_loadOutroEPv	WaterConcept::Screen_Loading::_loadOutro	no-ghidra-function
0x505404	_ZN12WaterConcept14Screen_Loading6updateEfb	WaterConcept::Screen_Loading::update	no-ghidra-function
0x505530	_ZN12WaterConcept14Screen_Loading8_goEnterEv	WaterConcept::Screen_Loading::_goEnter	no-ghidra-function
0x505920	_ZN12WaterConcept14Screen_Loading4drawEi	WaterConcept::Screen_Loading::draw	no-ghidra-function
0x5059c4	_ZN12WaterConcept14Screen_Loading11handleEventEiRKN7Walaber6Widget15WidgetActionRetEPS2_	WaterConcept::Screen_Loading::handleEvent	no-ghidra-function
0x5059c8	_ZThn32_N12WaterConcept14Screen_Loading11handleEventEiRKN7Walaber6Widget15WidgetActionRetEPS2_	Thn32_N12WaterConcept14Screen_Loading11handleEventEiRKN7Walaber6Widget15WidgetActionRetEPS2_	no-ghidra-function
0x505ca8	_ZThn144_N12WaterConcept14Screen_Loading9messageRxERKN7Walaber7MessageE	Thn144_N12WaterConcept14Screen_Loading9messageRxERKN7Walaber7MessageE	no-ghidra-function
0x505cc4	_ZN12WaterConcept14Screen_Loading23_finishedLoadingWidgetsEPv	WaterConcept::Screen_Loading::_finishedLoadingWidgets	no-ghidra-function
0x505d08	_ZN7Walaber9SharedPtrINS_14MemberCallbackIN12WaterConcept14Screen_LoadingEEEED2Ev	SharedPtr<Walaber::MemberCallback<WaterConcept::Screen_Loading>>::~SharedPtr	no-ghidra-function
0x505d60	_ZN12WaterConcept14Screen_Loading4exitEv	WaterConcept::Screen_Loading::exit	no-ghidra-function
0x5060b8	_ZN12WaterConcept14Screen_Loading11regainedTopEv	WaterConcept::Screen_Loading::regainedTop	no-ghidra-function
0x5068e0	_ZN12WaterConcept14Screen_Loading20_finishedLoadingMenuEPv	WaterConcept::Screen_Loading::_finishedLoadingMenu	no-ghidra-function
0x5068f4	_ZNSt6__ndk16__treeINS_12__value_typeINS_12basic_stringIcNS_11char_traitsIcEENS_9allocatorIcEEEEPN12WaterConcept12NotificationEEENS_19__map_value_compareIS7_SB_NS_4lessIS7_EELb1EEENS5_ISB_EEE5eraseENS_21__tree_const_iteratorISB_PNS_11__tree_nodeISB_PvEElEE	_ZNSt6__ndk16__treeINS_12__value_typeINS_12basic_stringIcNS_11char_traitsIcEENS_9allocatorIcEEEEPN12WaterConcept12NotificationEEENS_19__map_value_compareIS7_SB_NS_4lessIS7_EELb1EEENS5_ISB_EEE5eraseENS_21__tree_const_iteratorISB_PNS_11__tree_nodeISB_PvEElEE	no-ghidra-function
0x506998	_ZNSt6__ndk16vectorIN7Walaber9SharedPtrINS1_8CallbackEEENS_9allocatorIS4_EEE21__push_back_slow_pathIS4_EEvOT_	std::__ndk1::vector<Walaber::SharedPtr<std::__ndk1::vector::Callback>, std::__ndk1::allocator<std::__ndk1::vector::Callback>>::__push_back_slow_path<std::__ndk1::vector::Callback>	no-ghidra-function
0x506a94	_ZNSt6__ndk114__split_bufferIN7Walaber9SharedPtrINS1_8CallbackEEERNS_9allocatorIS4_EEEC2EmmS7_	__split_buffer<Walaber::SharedPtr<std::__ndk1::__split_buffer::Callback>, std::__ndk1::allocator<std::__ndk1::__split_buffer::Callback>&>::__split_buffer	no-ghidra-function
0x506bc8	_ZNSt6__ndk114__split_bufferIN7Walaber9SharedPtrINS1_8CallbackEEERNS_9allocatorIS4_EEED2Ev	__split_buffer<Walaber::SharedPtr<std::__ndk1::__split_buffer::Callback>, std::__ndk1::allocator<std::__ndk1::__split_buffer::Callback>&>::~__split_buffer	no-ghidra-function
0x506c18	_ZN7Walaber14MemberCallbackIN12WaterConcept14Screen_LoadingEED0Ev	MemberCallback<WaterConcept::Screen_Loading>::~MemberCallback	no-ghidra-function
0x506c1c	_ZN7Walaber14MemberCallbackIN12WaterConcept14Screen_LoadingEE6invokeEPv	Walaber::MemberCallback<WaterConcept::Screen_Loading>::invoke	no-ghidra-function
0x506c4c	_ZN7Walaber14MemberCallbackIN12WaterConcept21NotificationSingletonEED0Ev	MemberCallback<WaterConcept::NotificationSingleton>::~MemberCallback	no-ghidra-function
0x506c50	_ZN7Walaber14MemberCallbackIN12WaterConcept21NotificationSingletonEE6invokeEPv	Walaber::MemberCallback<WaterConcept::NotificationSingleton>::invoke	no-ghidra-function
0x5072d4	_ZN12WaterConcept15Screen_MainMenu20_spriteEventCallbackEPv	WaterConcept::Screen_MainMenu::_spriteEventCallback	no-ghidra-function
0x5072d8	_ZN12WaterConcept15Screen_MainMenu29_spriteAnimationEventCallbackEPv	WaterConcept::Screen_MainMenu::_spriteAnimationEventCallback	no-ghidra-function
0x5072f4	_ZN7Walaber9SharedPtrINS_14MemberCallbackIN12WaterConcept15Screen_MainMenuEEEED2Ev	SharedPtr<Walaber::MemberCallback<WaterConcept::Screen_MainMenu>>::~SharedPtr	no-ghidra-function
0x507434	_ZThn144_N12WaterConcept15Screen_MainMenuD1Ev	Thn144_N12WaterConcept15Screen_MainMenuD1Ev	no-ghidra-function
0x50743c	_ZN12WaterConcept15Screen_MainMenuD0Ev	Screen_MainMenu::~Screen_MainMenu	no-ghidra-function
0x507460	_ZThn144_N12WaterConcept15Screen_MainMenuD0Ev	Thn144_N12WaterConcept15Screen_MainMenuD0Ev	no-ghidra-function
0x508aa0	_ZN12WaterConcept15Screen_MainMenu15_updateDatabaseEPv	WaterConcept::Screen_MainMenu::_updateDatabase	no-ghidra-function
0x509aac	_ZN12WaterConcept15Screen_MainMenu23_loadAchievementsFromDBEPv	WaterConcept::Screen_MainMenu::_loadAchievementsFromDB	no-ghidra-function
0x50b0a4	_ZN12WaterConcept15Screen_MainMenu10_loadFontsEPv	WaterConcept::Screen_MainMenu::_loadFonts	no-ghidra-function
0x50b1e0	_ZN12WaterConcept15Screen_MainMenu11_loadSoundsEPv	WaterConcept::Screen_MainMenu::_loadSounds	no-ghidra-function
0x50b2b8	_ZN12WaterConcept15Screen_MainMenu10_loadOutroEPv	WaterConcept::Screen_MainMenu::_loadOutro	no-ghidra-function
0x50f0c8	_ZN12WaterConcept15Screen_MainMenu8_buildUIEv	WaterConcept::Screen_MainMenu::_buildUI	no-ghidra-function
0x50f23c	_ZN12WaterConcept15Screen_MainMenu20_loadedHolidayLightsEPv	WaterConcept::Screen_MainMenu::_loadedHolidayLights	no-ghidra-function
0x50f3e4	_ZN12WaterConcept15Screen_MainMenu18_curveLoadCallbackEPv	WaterConcept::Screen_MainMenu::_curveLoadCallback	no-ghidra-function
0x50f448	_ZN12WaterConcept15Screen_MainMenu18_setNumPacksFromDBEv	WaterConcept::Screen_MainMenu::_setNumPacksFromDB	no-ghidra-function
0x50f768	_ZN12WaterConcept15Screen_MainMenu6updateEfb	WaterConcept::Screen_MainMenu::update	no-ghidra-function
0x510648	_ZN12WaterConcept15Screen_MainMenu12_curtainExitEf	WaterConcept::Screen_MainMenu::_curtainExit	no-ghidra-function
0x51068c	_ZN12WaterConcept15Screen_MainMenu25triggerAccelerometerThemeEv	WaterConcept::Screen_MainMenu::triggerAccelerometerTheme	no-ghidra-function
0x510a2c	_ZN12WaterConcept15Screen_MainMenu14_updateCurtainEf	WaterConcept::Screen_MainMenu::_updateCurtain	no-ghidra-function
0x5134b8	_ZThn32_N12WaterConcept15Screen_MainMenu11handleEventEiRKN7Walaber6Widget15WidgetActionRetEPS2_	Thn32_N12WaterConcept15Screen_MainMenu11handleEventEiRKN7Walaber6Widget15WidgetActionRetEPS2_	no-ghidra-function
0x5134c0	_ZN12WaterConcept15Screen_MainMenu9messageRxERKN7Walaber7MessageE	WaterConcept::Screen_MainMenu::messageRx	no-ghidra-function
0x515448	_ZThn144_N12WaterConcept15Screen_MainMenu9messageRxERKN7Walaber7MessageE	Thn144_N12WaterConcept15Screen_MainMenu9messageRxERKN7Walaber7MessageE	no-ghidra-function
0x515450	_ZN12WaterConcept15Screen_MainMenu11handleFocusEPN7Walaber6WidgetENS1_10FocusEventE	WaterConcept::Screen_MainMenu::handleFocus	no-ghidra-function
0x515534	_ZThn32_N12WaterConcept15Screen_MainMenu11handleFocusEPN7Walaber6WidgetENS1_10FocusEventE	Thn32_N12WaterConcept15Screen_MainMenu11handleFocusEPN7Walaber6WidgetENS1_10FocusEventE	no-ghidra-function
0x516340	_ZN12WaterConcept15Screen_MainMenu19_fileExistsCallbackEPv	WaterConcept::Screen_MainMenu::_fileExistsCallback	no-ghidra-function
0x5164ac	_ZN12WaterConcept15Screen_MainMenu12_loadSpritesEv	WaterConcept::Screen_MainMenu::_loadSprites	no-ghidra-function
0x516680	_ZN12WaterConcept15Screen_MainMenu13_curtainEnterEf	WaterConcept::Screen_MainMenu::_curtainEnter	no-ghidra-function
0x5166c0	_ZN12WaterConcept15Screen_MainMenu12_atlasLoadedEPv	WaterConcept::Screen_MainMenu::_atlasLoaded	no-ghidra-function
0x5168f4	_ZN12WaterConcept15Screen_MainMenu14backKeyPressedEv	WaterConcept::Screen_MainMenu::backKeyPressed	no-ghidra-function
0x516c70	_ZNSt6__ndk16__treeINS_12__value_typeIifEENS_19__map_value_compareIiS2_NS_4lessIiEELb1EEENS_9allocatorIS2_EEE7destroyEPNS_11__tree_nodeIS2_PvEE	std::__ndk1::__tree<std::__ndk1::__value_type<int, float>, std::__ndk1::__map_value_compare<int, std::__ndk1::__value_type, std::__ndk1::less<int>, bool>>::std::__ndk1::allocator<std::__ndk1::__value_type>	no-ghidra-function
0x516cb0	_ZN7Walaber14MemberCallbackIN12WaterConcept15Screen_MainMenuEED0Ev	MemberCallback<WaterConcept::Screen_MainMenu>::~MemberCallback	no-ghidra-function
0x516cb4	_ZN7Walaber14MemberCallbackIN12WaterConcept15Screen_MainMenuEE6invokeEPv	Walaber::MemberCallback<WaterConcept::Screen_MainMenu>::invoke	no-ghidra-function
0x516ce4	_ZNSt6__ndk16__treeINS_12__value_typeIifEENS_19__map_value_compareIiS2_NS_4lessIiEELb1EEENS_9allocatorIS2_EEE25__emplace_unique_key_argsIiJRKNS_21piecewise_construct_tENS_5tupleIJRKiEEENSE_IJEEEEEENS_4pairINS_15__tree_iteratorIS2_PNS_11__tree_nodeIS2_PvEElEEbEERKT_DpOT0_	std::__ndk1::__tree<std::__ndk1::__value_type<int, float>, std::__ndk1::__map_value_compare<int, std::__ndk1::__value_type, std::__ndk1::less<int>, bool>>::std::__ndk1::allocator<std::__ndk1::__value_type>	no-ghidra-function
0x516db4	_ZNSt6__ndk16__treeINS_12__value_typeIifEENS_19__map_value_compareIiS2_NS_4lessIiEELb1EEENS_9allocatorIS2_EEE16__insert_node_atEPNS_15__tree_end_nodeIPNS_16__tree_node_baseIPvEEEERSE_SE_	std::__ndk1::__tree<std::__ndk1::__value_type<int, float>, std::__ndk1::__map_value_compare<int, std::__ndk1::__value_type, std::__ndk1::less<int>, bool>>::std::__ndk1::allocator<std::__ndk1::__value_type>	no-ghidra-function
0x516e08	_ZNSt6__ndk16__treeINS_12__value_typeIifEENS_19__map_value_compareIiS2_NS_4lessIiEELb1EEENS_9allocatorIS2_EEE5eraseENS_21__tree_const_iteratorIS2_PNS_11__tree_nodeIS2_PvEElEE	std::__ndk1::__tree<std::__ndk1::__value_type<int, float>, std::__ndk1::__map_value_compare<int, std::__ndk1::__value_type, std::__ndk1::less<int>, bool>>::std::__ndk1::allocator<std::__ndk1::__value_type>	no-ghidra-function
0x516e9c	_ZNSt6__ndk16__treeINS_12__value_typeIifEENS_19__map_value_compareIiS2_NS_4lessIiEELb1EEENS_9allocatorIS2_EEE25__emplace_unique_key_argsIiJRKNS_21piecewise_construct_tENS_5tupleIJOiEEENSE_IJEEEEEENS_4pairINS_15__tree_iteratorIS2_PNS_11__tree_nodeIS2_PvEElEEbEERKT_DpOT0_	std::__ndk1::__tree<std::__ndk1::__value_type<int, float>, std::__ndk1::__map_value_compare<int, std::__ndk1::__value_type, std::__ndk1::less<int>, bool>>::std::__ndk1::allocator<std::__ndk1::__value_type>	no-ghidra-function
0x516f6c	_ZN12WaterConcept18Screen_MainMenu_v2C2Ev	Screen_MainMenu_v2::Screen_MainMenu_v2	no-ghidra-function
0x517274	_ZN12WaterConcept18Screen_MainMenu_v2D2Ev	Screen_MainMenu_v2::~Screen_MainMenu_v2	no-ghidra-function
0x517440	_ZN12WaterConcept18Screen_MainMenu_v214_unloadSpritesEv	WaterConcept::Screen_MainMenu_v2::_unloadSprites	no-ghidra-function
0x51748c	_ZThn144_N12WaterConcept18Screen_MainMenu_v2D1Ev	Thn144_N12WaterConcept18Screen_MainMenu_v2D1Ev	no-ghidra-function
0x517494	_ZN12WaterConcept18Screen_MainMenu_v2D0Ev	Screen_MainMenu_v2::~Screen_MainMenu_v2	no-ghidra-function
0x5174b8	_ZThn144_N12WaterConcept18Screen_MainMenu_v2D0Ev	Thn144_N12WaterConcept18Screen_MainMenu_v2D0Ev	no-ghidra-function
0x5174e0	_ZN12WaterConcept18Screen_MainMenu_v223recreateGraphicsContextEv	WaterConcept::Screen_MainMenu_v2::recreateGraphicsContext	no-ghidra-function
0x517514	_ZN12WaterConcept18Screen_MainMenu_v225_setupRenderTextureBufferEv	WaterConcept::Screen_MainMenu_v2::_setupRenderTextureBuffer	no-ghidra-function
0x517730	_ZN12WaterConcept18Screen_MainMenu_v216loadPropertyListERKN7Walaber12PropertyListE	WaterConcept::Screen_MainMenu_v2::loadPropertyList	no-ghidra-function
0x518724	_ZN12WaterConcept18Screen_MainMenu_v215_initAnimationsEv	WaterConcept::Screen_MainMenu_v2::_initAnimations	no-ghidra-function
0x5190a4	_ZN12WaterConcept18Screen_MainMenu_v28_buildUIEv	WaterConcept::Screen_MainMenu_v2::_buildUI	no-ghidra-function
0x519328	_ZN7Walaber9SharedPtrINS_14MemberCallbackIN12WaterConcept18Screen_MainMenu_v2EEEED2Ev	SharedPtr<Walaber::MemberCallback<WaterConcept::Screen_MainMenu_v2>>::~SharedPtr	no-ghidra-function
0x519380	_ZN12WaterConcept18Screen_MainMenu_v24exitEv	WaterConcept::Screen_MainMenu_v2::exit	no-ghidra-function
0x5193dc	_ZN12WaterConcept18Screen_MainMenu_v26updateEfb	WaterConcept::Screen_MainMenu_v2::update	no-ghidra-function
0x51b050	_ZN12WaterConcept18Screen_MainMenu_v214_updateSpritesEf	WaterConcept::Screen_MainMenu_v2::_updateSprites	no-ghidra-function
0x51b0b4	_ZN12WaterConcept18Screen_MainMenu_v217_updateAnimationsEf	WaterConcept::Screen_MainMenu_v2::_updateAnimations	no-ghidra-function
0x51b16c	_ZN12WaterConcept18Screen_MainMenu_v224_updateMainMenuAnimationEf	WaterConcept::Screen_MainMenu_v2::_updateMainMenuAnimation	no-ghidra-function
0x51ba90	_ZN12WaterConcept18Screen_MainMenu_v224_checkSecretLevelPatternEv	WaterConcept::Screen_MainMenu_v2::_checkSecretLevelPattern	no-ghidra-function
0x51bc20	_ZN12WaterConcept18Screen_MainMenu_v221_handleSaleTransitionEv	WaterConcept::Screen_MainMenu_v2::_handleSaleTransition	no-ghidra-function
0x51bcf0	_ZN12WaterConcept18Screen_MainMenu_v234_updateTriDuckPosAccordingToCamPosEf	WaterConcept::Screen_MainMenu_v2::_updateTriDuckPosAccordingToCamPos	no-ghidra-function
0x51bffc	_ZN12WaterConcept18Screen_MainMenu_v226_playMusicForCurrentScreenEv	WaterConcept::Screen_MainMenu_v2::_playMusicForCurrentScreen	no-ghidra-function
0x51c078	_ZN12WaterConcept18Screen_MainMenu_v215_rotateSaleSignEv	WaterConcept::Screen_MainMenu_v2::_rotateSaleSign	no-ghidra-function
0x51c7a4	_ZN12WaterConcept18Screen_MainMenu_v228_updateSettingScreenPositionEv	WaterConcept::Screen_MainMenu_v2::_updateSettingScreenPosition	no-ghidra-function
0x51c958	_ZN12WaterConcept18Screen_MainMenu_v229_updateSettingScreenAnimationEf	WaterConcept::Screen_MainMenu_v2::_updateSettingScreenAnimation	no-ghidra-function
0x51cbf0	_ZN12WaterConcept18Screen_MainMenu_v219_setupSettingScreenEv	WaterConcept::Screen_MainMenu_v2::_setupSettingScreen	no-ghidra-function
0x51d068	_ZN12WaterConcept18Screen_MainMenu_v212_loadSpritesEv	WaterConcept::Screen_MainMenu_v2::_loadSprites	no-ghidra-function
0x51d078	_ZN12WaterConcept18Screen_MainMenu_v24drawEi	WaterConcept::Screen_MainMenu_v2::draw	no-ghidra-function
0x51d510	_ZN12WaterConcept18Screen_MainMenu_v210_drawLightEv	WaterConcept::Screen_MainMenu_v2::_drawLight	no-ghidra-function
0x51d788	_ZN12WaterConcept18Screen_MainMenu_v211handleEventEiRKN7Walaber6Widget15WidgetActionRetEPS2_	WaterConcept::Screen_MainMenu_v2::handleEvent	no-ghidra-function
0x5211d4	_ZN12WaterConcept18Screen_MainMenu_v230_patternMatchSecretLevelHandleEi	WaterConcept::Screen_MainMenu_v2::_patternMatchSecretLevelHandle	no-ghidra-function
0x521b1c	_ZThn32_N12WaterConcept18Screen_MainMenu_v211handleEventEiRKN7Walaber6Widget15WidgetActionRetEPS2_	Thn32_N12WaterConcept18Screen_MainMenu_v211handleEventEiRKN7Walaber6Widget15WidgetActionRetEPS2_	no-ghidra-function
0x521b24	_ZN12WaterConcept18Screen_MainMenu_v214backKeyPressedEv	WaterConcept::Screen_MainMenu_v2::backKeyPressed	no-ghidra-function
0x521bf8	_ZN12WaterConcept18Screen_MainMenu_v29touchDownEiN7Walaber7Vector2E	WaterConcept::Screen_MainMenu_v2::touchDown	no-ghidra-function
0x521ea0	_ZN12WaterConcept18Screen_MainMenu_v27touchUpEiN7Walaber7Vector2E	WaterConcept::Screen_MainMenu_v2::touchUp	no-ghidra-function
0x52204c	_ZN12WaterConcept18Screen_MainMenu_v212beingStackedEv	WaterConcept::Screen_MainMenu_v2::beingStacked	no-ghidra-function
0x5222f8	_ZThn32_N12WaterConcept18Screen_MainMenu_v211handleFocusEPN7Walaber6WidgetENS1_10FocusEventE	Thn32_N12WaterConcept18Screen_MainMenu_v211handleFocusEPN7Walaber6WidgetENS1_10FocusEventE	no-ghidra-function
0x522300	_ZN12WaterConcept18Screen_MainMenu_v29messageRxERKN7Walaber7MessageE	WaterConcept::Screen_MainMenu_v2::messageRx	no-ghidra-function
0x5249b4	_ZN12WaterConcept18Screen_MainMenu_v228_notifyNetworkConnectionTestEb	WaterConcept::Screen_MainMenu_v2::_notifyNetworkConnectionTest	no-ghidra-function
0x525ec0	_ZThn144_N12WaterConcept18Screen_MainMenu_v29messageRxERKN7Walaber7MessageE	Thn144_N12WaterConcept18Screen_MainMenu_v29messageRxERKN7Walaber7MessageE	no-ghidra-function
0x525ec8	_ZN12WaterConcept18Screen_MainMenu_v214setScreenStateENS0_11ScreenStateE	WaterConcept::Screen_MainMenu_v2::setScreenState	no-ghidra-function
0x525f4c	_ZN12WaterConcept18Screen_MainMenu_v219getTransitionOffsetEv	WaterConcept::Screen_MainMenu_v2::getTransitionOffset	no-ghidra-function
0x525f58	_ZN12WaterConcept18Screen_MainMenu_v223_finishedLoadingWidgetsEPv	WaterConcept::Screen_MainMenu_v2::_finishedLoadingWidgets	no-ghidra-function
0x529468	_ZN12WaterConcept18Screen_MainMenu_v226_logoTextureExistsCallbackEPv	WaterConcept::Screen_MainMenu_v2::_logoTextureExistsCallback	no-ghidra-function
0x52bb64	_ZN12WaterConcept18Screen_MainMenu_v219_fileExistsCallbackEPv	WaterConcept::Screen_MainMenu_v2::_fileExistsCallback	no-ghidra-function
0x52bcd0	_ZN12WaterConcept18Screen_MainMenu_v229_spriteAnimationEventCallbackEPv	WaterConcept::Screen_MainMenu_v2::_spriteAnimationEventCallback	no-ghidra-function
0x52bcec	_ZN12WaterConcept18Screen_MainMenu_v227getMusicGroupForSubScreenIDEi	WaterConcept::Screen_MainMenu_v2::getMusicGroupForSubScreenID	no-ghidra-function
0x52fcfc	_ZNSt6__ndk113__vector_baseINS_6vectorIN12WaterConcept18Screen_MainMenu_v28DuckInfoENS_9allocatorIS4_EEEENS5_IS7_EEED2Ev	__vector_base<std::__ndk1::vector<WaterConcept::Screen_MainMenu_v2::DuckInfo, std::__ndk1::allocator<WaterConcept::Screen_MainMenu_v2>>, WaterConcept::Screen_MainMenu_v2::DuckInfo<std::__ndk1::allocator<WaterConcept::Screen_MainMenu_v2>>>::~__vector_base	no-ghidra-function
0x52fd74	_ZN7Walaber14MemberCallbackIN12WaterConcept18Screen_MainMenu_v2EED0Ev	MemberCallback<WaterConcept::Screen_MainMenu_v2>::~MemberCallback	no-ghidra-function
0x52fd78	_ZN7Walaber14MemberCallbackIN12WaterConcept18Screen_MainMenu_v2EE6invokeEPv	Walaber::MemberCallback<WaterConcept::Screen_MainMenu_v2>::invoke	no-ghidra-function
0x52fda8	_ZNSt6__ndk16vectorINS0_IN12WaterConcept18Screen_MainMenu_v28DuckInfoENS_9allocatorIS3_EEEENS4_IS6_EEE21__push_back_slow_pathIRKS6_EEvOT_	std::__ndk1::vector<std::__ndk1<WaterConcept::Screen_MainMenu_v2::DuckInfo, std::__ndk1::allocator<WaterConcept::Screen_MainMenu_v2>>, WaterConcept::Screen_MainMenu_v2::DuckInfo<std::__ndk1::allocator<WaterConcept::Screen_MainMenu_v2>>>::__push_back_slow_path<std::__ndk1::allocator<WaterConcept::Screen_MainMenu_v2> const&>	no-ghidra-function
0x52ff58	_ZNSt6__ndk16vectorIN12WaterConcept18Screen_MainMenu_v28DuckInfoENS_9allocatorIS3_EEE11__vallocateEm	std::__ndk1::vector<WaterConcept::Screen_MainMenu_v2::DuckInfo, std::__ndk1::allocator<WaterConcept::Screen_MainMenu_v2>>::__vallocate	no-ghidra-function
0x52ff9c	_ZNSt6__ndk114__split_bufferINS_6vectorIN12WaterConcept18Screen_MainMenu_v28DuckInfoENS_9allocatorIS4_EEEERNS5_IS7_EEEC2EmmS9_	__split_buffer<std::__ndk1::vector<WaterConcept::Screen_MainMenu_v2::DuckInfo, std::__ndk1::allocator<WaterConcept::Screen_MainMenu_v2>>, WaterConcept::Screen_MainMenu_v2::DuckInfo<std::__ndk1::allocator<WaterConcept::Screen_MainMenu_v2>>&>::__split_buffer	no-ghidra-function
0x5300e4	_ZNSt6__ndk114__split_bufferINS_6vectorIN12WaterConcept18Screen_MainMenu_v28DuckInfoENS_9allocatorIS4_EEEERNS5_IS7_EEED2Ev	__split_buffer<std::__ndk1::vector<WaterConcept::Screen_MainMenu_v2::DuckInfo, std::__ndk1::allocator<WaterConcept::Screen_MainMenu_v2>>, WaterConcept::Screen_MainMenu_v2::DuckInfo<std::__ndk1::allocator<WaterConcept::Screen_MainMenu_v2>>&>::~__split_buffer	no-ghidra-function
0x530320	_ZNSt6__ndk16vectorINS0_IPN7Walaber6WidgetENS_9allocatorIS3_EEEENS4_IS6_EEE21__push_back_slow_pathIRKS6_EEvOT_	std::__ndk1::vector<std::__ndk1<Walaber::Widget*, std::__ndk1::allocator<Walaber::Widget>>, std::__ndk1::allocator<std::__ndk1<Walaber::Widget*, std::__ndk1::allocator<Walaber::Widget>>>>::__push_back_slow_path<std::__ndk1<Walaber::Widget*, std::__ndk1::allocator<Walaber::Widget>> const&>	no-ghidra-function
0x530424	_ZNSt6__ndk16vectorIPN7Walaber6WidgetENS_9allocatorIS3_EEEC2ERKS6_	vector<Walaber::Widget*, std::__ndk1::allocator<Walaber::Widget>>::vector	no-ghidra-function
0x5304ec	_ZNSt6__ndk114__split_bufferINS_6vectorIPN7Walaber6WidgetENS_9allocatorIS4_EEEERNS5_IS7_EEEC2EmmS9_	__split_buffer<std::__ndk1::vector<Walaber::Widget*, std::__ndk1::allocator<Walaber::Widget>>, std::__ndk1::allocator<std::__ndk1::vector<Walaber::Widget*, std::__ndk1::allocator<Walaber::Widget>>>&>::__split_buffer	no-ghidra-function
0x5305b0	_ZNSt6__ndk16vectorINS0_IPN7Walaber6WidgetENS_9allocatorIS3_EEEENS4_IS6_EEE26__swap_out_circular_bufferERNS_14__split_bufferIS6_RS7_EE	std::__ndk1::vector<std::__ndk1<Walaber::Widget*, std::__ndk1::allocator<Walaber::Widget>>, std::__ndk1::allocator<std::__ndk1<Walaber::Widget*, std::__ndk1::allocator<Walaber::Widget>>>>::__swap_out_circular_buffer	no-ghidra-function
0x530634	_ZNSt6__ndk114__split_bufferINS_6vectorIPN7Walaber6WidgetENS_9allocatorIS4_EEEERNS5_IS7_EEED2Ev	__split_buffer<std::__ndk1::vector<Walaber::Widget*, std::__ndk1::allocator<Walaber::Widget>>, std::__ndk1::allocator<std::__ndk1::vector<Walaber::Widget*, std::__ndk1::allocator<Walaber::Widget>>>&>::~__split_buffer	no-ghidra-function
0x5307ec	_ZNSt6__ndk114__split_bufferIN12WaterConcept18Screen_MainMenu_v28DuckInfoERNS_9allocatorIS3_EEEC2EmmS6_	__split_buffer<WaterConcept::Screen_MainMenu_v2::DuckInfo, std::__ndk1::allocator<WaterConcept::Screen_MainMenu_v2>&>::__split_buffer	no-ghidra-function
0x530928	_ZN12WaterConcept18Screen_MenuOverlayC2Ev	Screen_MenuOverlay::Screen_MenuOverlay	no-ghidra-function
0x530968	_ZN12WaterConcept18Screen_MenuOverlayD2Ev	Screen_MenuOverlay::~Screen_MenuOverlay	no-ghidra-function
0x53096c	_ZN12WaterConcept18Screen_MenuOverlayD0Ev	Screen_MenuOverlay::~Screen_MenuOverlay	no-ghidra-function
0x531038	_ZN12WaterConcept18Screen_MenuOverlay4exitEv	WaterConcept::Screen_MenuOverlay::exit	no-ghidra-function
0x531040	_ZN12WaterConcept18Screen_MenuOverlay6updateEfb	WaterConcept::Screen_MenuOverlay::update	no-ghidra-function
0x53112c	_ZN12WaterConcept18Screen_MenuOverlay4drawEi	WaterConcept::Screen_MenuOverlay::draw	no-ghidra-function
0x5311c0	_ZN12WaterConcept18Screen_MenuOverlay11handleEventEiRKN7Walaber6Widget15WidgetActionRetEPS2_	WaterConcept::Screen_MenuOverlay::handleEvent	no-ghidra-function
0x531cb0	_ZN12WaterConcept18Screen_MenuOverlay19_updateAudioButtonsEv	WaterConcept::Screen_MenuOverlay::_updateAudioButtons	no-ghidra-function
0x53261c	_ZThn32_N12WaterConcept18Screen_MenuOverlay11handleEventEiRKN7Walaber6Widget15WidgetActionRetEPS2_	Thn32_N12WaterConcept18Screen_MenuOverlay11handleEventEiRKN7Walaber6Widget15WidgetActionRetEPS2_	no-ghidra-function
0x532624	_ZN12WaterConcept18Screen_MenuOverlay23_finishedLoadingWidgetsEPv	WaterConcept::Screen_MenuOverlay::_finishedLoadingWidgets	no-ghidra-function
0x532a84	_ZN7Walaber9SharedPtrINS_14MemberCallbackIN12WaterConcept18Screen_MenuOverlayEEEED2Ev	SharedPtr<Walaber::MemberCallback<WaterConcept::Screen_MenuOverlay>>::~SharedPtr	no-ghidra-function
0x532adc	_ZN12WaterConcept18Screen_MenuOverlay14backKeyPressedEv	WaterConcept::Screen_MenuOverlay::backKeyPressed	no-ghidra-function
0x532df0	_ZN12WaterConcept18Screen_MenuOverlay12beingStackedEv	WaterConcept::Screen_MenuOverlay::beingStacked	no-ghidra-function
0x532df8	_ZN12WaterConcept18Screen_MenuOverlay11regainedTopEv	WaterConcept::Screen_MenuOverlay::regainedTop	no-ghidra-function
0x532dfc	_ZN7Walaber14MemberCallbackIN12WaterConcept18Screen_MenuOverlayEED0Ev	MemberCallback<WaterConcept::Screen_MenuOverlay>::~MemberCallback	no-ghidra-function
0x532e00	_ZN7Walaber14MemberCallbackIN12WaterConcept18Screen_MenuOverlayEE6invokeEPv	Walaber::MemberCallback<WaterConcept::Screen_MenuOverlay>::invoke	no-ghidra-function
0x532e30	_ZN12WaterConcept22Screen_MusicCollectionC2Ev	Screen_MusicCollection::Screen_MusicCollection	no-ghidra-function
0x532ed8	_ZN12WaterConcept22Screen_MusicCollectionD2Ev	Screen_MusicCollection::~Screen_MusicCollection	no-ghidra-function
0x532f64	_ZThn144_N12WaterConcept22Screen_MusicCollectionD1Ev	Thn144_N12WaterConcept22Screen_MusicCollectionD1Ev	no-ghidra-function
0x532f6c	_ZN12WaterConcept22Screen_MusicCollectionD0Ev	Screen_MusicCollection::~Screen_MusicCollection	no-ghidra-function
0x532f90	_ZThn144_N12WaterConcept22Screen_MusicCollectionD0Ev	Thn144_N12WaterConcept22Screen_MusicCollectionD0Ev	no-ghidra-function
0x532fb8	_ZN12WaterConcept22Screen_MusicCollection16loadPropertyListERKN7Walaber12PropertyListE	WaterConcept::Screen_MusicCollection::loadPropertyList	no-ghidra-function
0x5330cc	_ZN12WaterConcept22Screen_MusicCollection5enterEv	WaterConcept::Screen_MusicCollection::enter	no-ghidra-function
0x533800	_ZN12WaterConcept22Screen_MusicCollection8_buildUIEv	WaterConcept::Screen_MusicCollection::_buildUI	no-ghidra-function
0x53397c	_ZN12WaterConcept22Screen_MusicCollection18_curveLoadCallbackEPv	WaterConcept::Screen_MusicCollection::_curveLoadCallback	no-ghidra-function
0x5339e0	_ZN7Walaber9SharedPtrINS_14MemberCallbackIN12WaterConcept22Screen_MusicCollectionEEEED2Ev	SharedPtr<Walaber::MemberCallback<WaterConcept::Screen_MusicCollection>>::~SharedPtr	no-ghidra-function
0x533a38	_ZN12WaterConcept22Screen_MusicCollection4exitEv	WaterConcept::Screen_MusicCollection::exit	no-ghidra-function
0x537408	_ZN12WaterConcept22Screen_MusicCollection4drawEi	WaterConcept::Screen_MusicCollection::draw	no-ghidra-function
0x538628	_ZThn32_N12WaterConcept22Screen_MusicCollection11handleEventEiRKN7Walaber6Widget15WidgetActionRetEPS2_	Thn32_N12WaterConcept22Screen_MusicCollection11handleEventEiRKN7Walaber6Widget15WidgetActionRetEPS2_	no-ghidra-function
0x538630	_ZN12WaterConcept22Screen_MusicCollection14backKeyPressedEv	WaterConcept::Screen_MusicCollection::backKeyPressed	no-ghidra-function
0x53884c	_ZThn144_N12WaterConcept22Screen_MusicCollection9messageRxERKN7Walaber7MessageE	Thn144_N12WaterConcept22Screen_MusicCollection9messageRxERKN7Walaber7MessageE	no-ghidra-function
0x538868	_ZN12WaterConcept22Screen_MusicCollection11regainedTopEv	WaterConcept::Screen_MusicCollection::regainedTop	no-ghidra-function
0x538870	_ZN7Walaber14MemberCallbackIN12WaterConcept22Screen_MusicCollectionEED0Ev	MemberCallback<WaterConcept::Screen_MusicCollection>::~MemberCallback	no-ghidra-function
0x538874	_ZN7Walaber14MemberCallbackIN12WaterConcept22Screen_MusicCollectionEE6invokeEPv	Walaber::MemberCallback<WaterConcept::Screen_MusicCollection>::invoke	no-ghidra-function
0x5388a4	_ZN12WaterConcept18Screen_MysteryShowC2Ev	Screen_MysteryShow::Screen_MysteryShow	no-ghidra-function
0x539430	_ZN7Walaber9SharedPtrINS_14MemberCallbackIN12WaterConcept18Screen_MysteryShowEEEED2Ev	SharedPtr<Walaber::MemberCallback<WaterConcept::Screen_MysteryShow>>::~SharedPtr	no-ghidra-function
0x539488	_ZN12WaterConcept18Screen_MysteryShowD2Ev	Screen_MysteryShow::~Screen_MysteryShow	no-ghidra-function
0x539504	_ZN12WaterConcept18Screen_MysteryShowD0Ev	Screen_MysteryShow::~Screen_MysteryShow	no-ghidra-function
0x5398cc	_ZN12WaterConcept18Screen_MysteryShow11_stageCoordEff	WaterConcept::Screen_MysteryShow::_stageCoord	no-ghidra-function
0x539964	_ZN12WaterConcept18Screen_MysteryShow8_buildUIEv	WaterConcept::Screen_MysteryShow::_buildUI	no-ghidra-function
0x53996c	_ZN12WaterConcept18Screen_MysteryShow4exitEv	WaterConcept::Screen_MysteryShow::exit	no-ghidra-function
0x5399a4	_ZN12WaterConcept18Screen_MysteryShow6updateEfb	WaterConcept::Screen_MysteryShow::update	no-ghidra-function
0x53a904	_ZN7Walaber13SkeletonActor18getAnimationLengthERKNSt6__ndk112basic_stringIcNS1_11char_traitsIcEENS1_9allocatorIcEEEE	Walaber::SkeletonActor::getAnimationLength	no-ghidra-function
0x53a9c4	_ZN12WaterConcept18Screen_MysteryShow14_playAnimationENS0_25MysteryDuckAnimationStateE	WaterConcept::Screen_MysteryShow::_playAnimation	no-ghidra-function
0x53ae10	_ZN12WaterConcept18Screen_MysteryShow16_finishAnimationEv	WaterConcept::Screen_MysteryShow::_finishAnimation	no-ghidra-function
0x53ae40	_ZN12WaterConcept18Screen_MysteryShow4drawEi	WaterConcept::Screen_MysteryShow::draw	no-ghidra-function
0x53b02c	_ZN12WaterConcept18Screen_MysteryShow11handleEventEiRKN7Walaber6Widget15WidgetActionRetEPS2_	WaterConcept::Screen_MysteryShow::handleEvent	no-ghidra-function
0x53b280	_ZThn32_N12WaterConcept18Screen_MysteryShow11handleEventEiRKN7Walaber6Widget15WidgetActionRetEPS2_	Thn32_N12WaterConcept18Screen_MysteryShow11handleEventEiRKN7Walaber6Widget15WidgetActionRetEPS2_	no-ghidra-function
0x53b288	_ZN12WaterConcept18Screen_MysteryShow6_gotSEEPv	WaterConcept::Screen_MysteryShow::_gotSE	no-ghidra-function
0x53b294	_ZN12WaterConcept12Screen_Popup19getStageTranslationEv	WaterConcept::Screen_Popup::getStageTranslation	no-ghidra-function
0x53b330	_ZN7Walaber13SkeletonActor27getArmatureNameForAnimationERKNSt6__ndk112basic_stringIcNS1_11char_traitsIcEENS1_9allocatorIcEEEE	Walaber::SkeletonActor::getArmatureNameForAnimation	no-ghidra-function
0x53b3a0	_ZN7Walaber14MemberCallbackIN12WaterConcept18Screen_MysteryShowEED0Ev	MemberCallback<WaterConcept::Screen_MysteryShow>::~MemberCallback	no-ghidra-function
0x53b3a4	_ZN7Walaber14MemberCallbackIN12WaterConcept18Screen_MysteryShowEE6invokeEPv	Walaber::MemberCallback<WaterConcept::Screen_MysteryShow>::invoke	no-ghidra-function
0x53b3d4	_ZN12WaterConcept21Screen_NoteChallengesC2Ev	Screen_NoteChallenges::Screen_NoteChallenges	no-ghidra-function
0x53b4f4	_ZN12WaterConcept21Screen_NoteChallengesD2Ev	Screen_NoteChallenges::~Screen_NoteChallenges	no-ghidra-function
0x53b570	_ZThn144_N12WaterConcept21Screen_NoteChallengesD1Ev	Thn144_N12WaterConcept21Screen_NoteChallengesD1Ev	no-ghidra-function
0x53b578	_ZN12WaterConcept21Screen_NoteChallengesD0Ev	Screen_NoteChallenges::~Screen_NoteChallenges	no-ghidra-function
0x53b59c	_ZThn144_N12WaterConcept21Screen_NoteChallengesD0Ev	Thn144_N12WaterConcept21Screen_NoteChallengesD0Ev	no-ghidra-function
0x53b5c4	_ZN12WaterConcept21Screen_NoteChallenges16loadPropertyListERKN7Walaber12PropertyListE	WaterConcept::Screen_NoteChallenges::loadPropertyList	no-ghidra-function
0x53bd68	_ZN12WaterConcept21Screen_NoteChallenges4exitEv	WaterConcept::Screen_NoteChallenges::exit	no-ghidra-function
0x53bd6c	_ZN12WaterConcept21Screen_NoteChallenges23_finishedLoadingWidgetsEPv	WaterConcept::Screen_NoteChallenges::_finishedLoadingWidgets	no-ghidra-function
0x53fd3c	_ZN12WaterConcept21Screen_NoteChallenges6updateEfb	WaterConcept::Screen_NoteChallenges::update	no-ghidra-function
0x53fd54	_ZN12WaterConcept21Screen_NoteChallenges4drawEi	WaterConcept::Screen_NoteChallenges::draw	no-ghidra-function
0x53fdf4	_ZN12WaterConcept21Screen_NoteChallenges11handleEventEiRKN7Walaber6Widget15WidgetActionRetEPS2_	WaterConcept::Screen_NoteChallenges::handleEvent	no-ghidra-function
0x5409e0	_ZN12WaterConcept21Screen_NoteChallenges6_gotSEEPv	WaterConcept::Screen_NoteChallenges::_gotSE	no-ghidra-function
0x540a20	_ZN7Walaber9SharedPtrINS_14MemberCallbackIN12WaterConcept21Screen_NoteChallengesEEEED2Ev	SharedPtr<Walaber::MemberCallback<WaterConcept::Screen_NoteChallenges>>::~SharedPtr	no-ghidra-function
0x540a78	_ZThn32_N12WaterConcept21Screen_NoteChallenges11handleEventEiRKN7Walaber6Widget15WidgetActionRetEPS2_	Thn32_N12WaterConcept21Screen_NoteChallenges11handleEventEiRKN7Walaber6Widget15WidgetActionRetEPS2_	no-ghidra-function
0x540a80	_ZN12WaterConcept21Screen_NoteChallenges14backKeyPressedEv	WaterConcept::Screen_NoteChallenges::backKeyPressed	no-ghidra-function
0x540b88	_ZN12WaterConcept21Screen_NoteChallenges9messageRxERKN7Walaber7MessageE	WaterConcept::Screen_NoteChallenges::messageRx	no-ghidra-function
0x540e48	_ZThn144_N12WaterConcept21Screen_NoteChallenges9messageRxERKN7Walaber7MessageE	Thn144_N12WaterConcept21Screen_NoteChallenges9messageRxERKN7Walaber7MessageE	no-ghidra-function
0x540e64	_ZN12WaterConcept21Screen_NoteChallenges11regainedTopEv	WaterConcept::Screen_NoteChallenges::regainedTop	no-ghidra-function
0x540e6c	_ZN7Walaber14MemberCallbackIN12WaterConcept21Screen_NoteChallengesEED0Ev	MemberCallback<WaterConcept::Screen_NoteChallenges>::~MemberCallback	no-ghidra-function
0x540e70	_ZN7Walaber14MemberCallbackIN12WaterConcept21Screen_NoteChallengesEE6invokeEPv	Walaber::MemberCallback<WaterConcept::Screen_NoteChallenges>::invoke	no-ghidra-function
0x540ea0	_ZN12WaterConcept22Screen_PerformanceTestC2Ev	Screen_PerformanceTest::Screen_PerformanceTest	no-ghidra-function
0x540ef8	_ZN12WaterConcept22Screen_PerformanceTestD2Ev	Screen_PerformanceTest::~Screen_PerformanceTest	no-ghidra-function
0x540efc	_ZN12WaterConcept22Screen_PerformanceTestD0Ev	Screen_PerformanceTest::~Screen_PerformanceTest	no-ghidra-function
0x540f20	_ZN12WaterConcept22Screen_PerformanceTest16loadPropertyListERKN7Walaber12PropertyListE	WaterConcept::Screen_PerformanceTest::loadPropertyList	no-ghidra-function
0x540f24	_ZN12WaterConcept22Screen_PerformanceTest5enterEv	WaterConcept::Screen_PerformanceTest::enter	no-ghidra-function
0x541260	_ZN12WaterConcept22Screen_PerformanceTest8_buildUIEv	WaterConcept::Screen_PerformanceTest::_buildUI	no-ghidra-function
0x5413dc	_ZN12WaterConcept22Screen_PerformanceTest4exitEv	WaterConcept::Screen_PerformanceTest::exit	no-ghidra-function
0x5413e0	_ZN12WaterConcept22Screen_PerformanceTest6updateEfb	WaterConcept::Screen_PerformanceTest::update	no-ghidra-function
0x542a94	_ZN12WaterConcept22Screen_PerformanceTest4drawEi	WaterConcept::Screen_PerformanceTest::draw	no-ghidra-function
0x542b20	_ZN12WaterConcept22Screen_PerformanceTest12beingStackedEv	WaterConcept::Screen_PerformanceTest::beingStacked	no-ghidra-function
0x542b28	_ZN12WaterConcept22Screen_PerformanceTest11regainedTopEv	WaterConcept::Screen_PerformanceTest::regainedTop	no-ghidra-function
0x542b2c	_ZN12WaterConcept22Screen_PerformanceTest14backKeyPressedEv	WaterConcept::Screen_PerformanceTest::backKeyPressed	no-ghidra-function
0x542b44	_ZN12WaterConcept22Screen_PerformanceTest23_finishedLoadingWidgetsEPv	WaterConcept::Screen_PerformanceTest::_finishedLoadingWidgets	no-ghidra-function
0x542b58	_ZN7Walaber9SharedPtrINS_14MemberCallbackIN12WaterConcept22Screen_PerformanceTestEEEED2Ev	SharedPtr<Walaber::MemberCallback<WaterConcept::Screen_PerformanceTest>>::~SharedPtr	no-ghidra-function
0x542bb0	_ZN7Walaber14MemberCallbackIN12WaterConcept22Screen_PerformanceTestEED0Ev	MemberCallback<WaterConcept::Screen_PerformanceTest>::~MemberCallback	no-ghidra-function
0x542bb4	_ZN7Walaber14MemberCallbackIN12WaterConcept22Screen_PerformanceTestEE6invokeEPv	Walaber::MemberCallback<WaterConcept::Screen_PerformanceTest>::invoke	no-ghidra-function
0x542be4	_ZN12WaterConcept16Screen_PerryDemoC2Ev	Screen_PerryDemo::Screen_PerryDemo	no-ghidra-function
0x542c78	_ZN12WaterConcept16Screen_PerryDemoD2Ev	Screen_PerryDemo::~Screen_PerryDemo	no-ghidra-function
0x542cec	_ZThn144_N12WaterConcept16Screen_PerryDemoD1Ev	Thn144_N12WaterConcept16Screen_PerryDemoD1Ev	no-ghidra-function
0x542cf4	_ZN12WaterConcept16Screen_PerryDemoD0Ev	Screen_PerryDemo::~Screen_PerryDemo	no-ghidra-function
0x542d18	_ZThn144_N12WaterConcept16Screen_PerryDemoD0Ev	Thn144_N12WaterConcept16Screen_PerryDemoD0Ev	no-ghidra-function
0x543240	_ZN12WaterConcept16Screen_PerryDemo8_goEnterEv	WaterConcept::Screen_PerryDemo::_goEnter	no-ghidra-function
0x5433b0	_ZN12WaterConcept16Screen_PerryDemo4exitEv	WaterConcept::Screen_PerryDemo::exit	no-ghidra-function
0x543554	_ZN12WaterConcept16Screen_PerryDemo11handleEventEiRKN7Walaber6Widget15WidgetActionRetEPS2_	WaterConcept::Screen_PerryDemo::handleEvent	no-ghidra-function
0x543570	_ZN12WaterConcept16Screen_PerryDemo22_downloadButtonPressedEv	WaterConcept::Screen_PerryDemo::_downloadButtonPressed	no-ghidra-function
0x54376c	_ZThn32_N12WaterConcept16Screen_PerryDemo11handleEventEiRKN7Walaber6Widget15WidgetActionRetEPS2_	Thn32_N12WaterConcept16Screen_PerryDemo11handleEventEiRKN7Walaber6Widget15WidgetActionRetEPS2_	no-ghidra-function
0x54378c	_ZN12WaterConcept16Screen_PerryDemo9messageRxERKN7Walaber7MessageE	WaterConcept::Screen_PerryDemo::messageRx	no-ghidra-function
0x543db8	_ZThn144_N12WaterConcept16Screen_PerryDemo9messageRxERKN7Walaber7MessageE	Thn144_N12WaterConcept16Screen_PerryDemo9messageRxERKN7Walaber7MessageE	no-ghidra-function
0x543e38	_ZThn32_N12WaterConcept16Screen_PerryDemo11handleFocusEPN7Walaber6WidgetENS1_10FocusEventE	Thn32_N12WaterConcept16Screen_PerryDemo11handleFocusEPN7Walaber6WidgetENS1_10FocusEventE	no-ghidra-function
0x543e3c	_ZN12WaterConcept16Screen_PerryDemo23_finishedLoadingWidgetsEPv	WaterConcept::Screen_PerryDemo::_finishedLoadingWidgets	no-ghidra-function
0x54454c	_ZN12WaterConcept16Screen_PerryDemo28_localizedLogoExistsCallbackEPv	WaterConcept::Screen_PerryDemo::_localizedLogoExistsCallback	no-ghidra-function
0x544788	_ZN12WaterConcept16Screen_PerryDemo14backKeyPressedEv	WaterConcept::Screen_PerryDemo::backKeyPressed	no-ghidra-function
0x54478c	_ZN7Walaber14MemberCallbackIN12WaterConcept16Screen_PerryDemoEED0Ev	MemberCallback<WaterConcept::Screen_PerryDemo>::~MemberCallback	no-ghidra-function
0x544790	_ZN7Walaber14MemberCallbackIN12WaterConcept16Screen_PerryDemoEE6invokeEPv	Walaber::MemberCallback<WaterConcept::Screen_PerryDemo>::invoke	no-ghidra-function
0x544c2c	_ZN12WaterConcept12Screen_Popup25_setupRenderTextureBufferEv	WaterConcept::Screen_Popup::_setupRenderTextureBuffer	no-ghidra-function
0x544e70	_ZN12WaterConcept12Screen_PopupD2Ev	Screen_Popup::~Screen_Popup	no-ghidra-function
0x5450ac	_ZThn144_N12WaterConcept12Screen_PopupD1Ev	Thn144_N12WaterConcept12Screen_PopupD1Ev	no-ghidra-function
0x5450b4	_ZN12WaterConcept12Screen_PopupD0Ev	Screen_Popup::~Screen_Popup	no-ghidra-function
0x5450d8	_ZThn144_N12WaterConcept12Screen_PopupD0Ev	Thn144_N12WaterConcept12Screen_PopupD0Ev	no-ghidra-function
0x545100	_ZN12WaterConcept12Screen_Popup16loadPropertyListERKN7Walaber12PropertyListE	WaterConcept::Screen_Popup::loadPropertyList	no-ghidra-function
0x546adc	_ZN12WaterConcept12Screen_Popup6_gotSEEPv	WaterConcept::Screen_Popup::_gotSE	no-ghidra-function
0x546b1c	_ZN7Walaber9SharedPtrINS_14MemberCallbackIN12WaterConcept12Screen_PopupEEEED2Ev	SharedPtr<Walaber::MemberCallback<WaterConcept::Screen_Popup>>::~SharedPtr	no-ghidra-function
0x546b74	_ZN12WaterConcept12Screen_Popup5enterEv	WaterConcept::Screen_Popup::enter	no-ghidra-function
0x548dec	_ZN12WaterConcept12Screen_Popup8_buildUIEv	WaterConcept::Screen_Popup::_buildUI	no-ghidra-function
0x549018	_ZN12WaterConcept12Screen_Popup16_transitionEnterEf	WaterConcept::Screen_Popup::_transitionEnter	no-ghidra-function
0x549138	_ZN12WaterConcept12Screen_Popup36_checkLevelPackCompletionAchievementEv	WaterConcept::Screen_Popup::_checkLevelPackCompletionAchievement	no-ghidra-function
0x549708	_ZN12WaterConcept12Screen_Popup26_check3StarPackAchievementEv	WaterConcept::Screen_Popup::_check3StarPackAchievement	no-ghidra-function
0x549b80	_ZN12WaterConcept12Screen_Popup34_checkCollectibleFoundAchievementsEv	WaterConcept::Screen_Popup::_checkCollectibleFoundAchievements	no-ghidra-function
0x549fd0	_ZN12WaterConcept12Screen_Popup4exitEv	WaterConcept::Screen_Popup::exit	no-ghidra-function
0x54a0bc	_ZN12WaterConcept12Screen_Popup23recreateGraphicsContextEv	WaterConcept::Screen_Popup::recreateGraphicsContext	no-ghidra-function
0x54a118	_ZN12WaterConcept12Screen_Popup6updateEfb	WaterConcept::Screen_Popup::update	no-ghidra-function
0x54fbf4	_ZN12WaterConcept12Screen_Popup16goFBLoginConfirmEv	WaterConcept::Screen_Popup::goFBLoginConfirm	no-ghidra-function
0x54ff30	_ZN12WaterConcept12Screen_Popup17_transitionUpdateEf	WaterConcept::Screen_Popup::_transitionUpdate	no-ghidra-function
0x55063c	_ZN12WaterConcept12Screen_Popup19_transitionExitLeftEf	WaterConcept::Screen_Popup::_transitionExitLeft	no-ghidra-function
0x550778	_ZN12WaterConcept12Screen_Popup15_transitionExitEf	WaterConcept::Screen_Popup::_transitionExit	no-ghidra-function
0x550900	_ZN12WaterConcept12Screen_Popup47_specialWidgetOverrideForCrankyCollectionOnLOTWEv	WaterConcept::Screen_Popup::_specialWidgetOverrideForCrankyCollectionOnLOTW	no-ghidra-function
0x550978	_ZN12WaterConcept12Screen_Popup24_finishedIntroAnimationsEv	WaterConcept::Screen_Popup::_finishedIntroAnimations	no-ghidra-function
0x55097c	_ZN12WaterConcept12Screen_Popup20_addMysteryParticlesERKN7Walaber7Vector2Ei	WaterConcept::Screen_Popup::_addMysteryParticles	no-ghidra-function
0x550c94	_ZN12WaterConcept12Screen_Popup28_sendPhotofinishShareMessageEv	WaterConcept::Screen_Popup::_sendPhotofinishShareMessage	no-ghidra-function
0x550e64	_ZN12WaterConcept12Screen_Popup5goHUBEv	WaterConcept::Screen_Popup::goHUB	no-ghidra-function
0x550f38	_ZN12WaterConcept12Screen_Popup4drawEi	WaterConcept::Screen_Popup::draw	no-ghidra-function
0x55193c	_ZN12WaterConcept12Screen_Popup12beingStackedEv	WaterConcept::Screen_Popup::beingStacked	no-ghidra-function
0x551b48	_ZN12WaterConcept12Screen_Popup16setupWithDefaultEi	WaterConcept::Screen_Popup::setupWithDefault	no-ghidra-function
0x552c34	_ZN12WaterConcept12Screen_Popup16_particleFadeOutEv	WaterConcept::Screen_Popup::_particleFadeOut	no-ghidra-function
0x552cd8	_ZN12WaterConcept12Screen_Popup13goLevelSelectEv	WaterConcept::Screen_Popup::goLevelSelect	no-ghidra-function
0x552db4	_ZThn32_N12WaterConcept12Screen_Popup11handleEventEiRKN7Walaber6Widget15WidgetActionRetEPS2_	Thn32_N12WaterConcept12Screen_Popup11handleEventEiRKN7Walaber6Widget15WidgetActionRetEPS2_	no-ghidra-function
0x5548fc	_ZN12WaterConcept12Screen_Popup26_publishNextFacebookActionEv	WaterConcept::Screen_Popup::_publishNextFacebookAction	no-ghidra-function
0x554900	_ZN12WaterConcept12Screen_Popup30_publishLevelResultsToFacebookEv	WaterConcept::Screen_Popup::_publishLevelResultsToFacebook	no-ghidra-function
0x554904	_ZN12WaterConcept12Screen_Popup24_updateFacebookLikeLabelERKNSt6__ndk112basic_stringIcNS1_11char_traitsIcEENS1_9allocatorIcEEEE	WaterConcept::Screen_Popup::_updateFacebookLikeLabel	no-ghidra-function
0x554cf8	_ZThn144_N12WaterConcept12Screen_Popup9messageRxERKN7Walaber7MessageE	Thn144_N12WaterConcept12Screen_Popup9messageRxERKN7Walaber7MessageE	no-ghidra-function
0x554d00	_ZN12WaterConcept12Screen_Popup20accelerometerChangedEfff	WaterConcept::Screen_Popup::accelerometerChanged	no-ghidra-function
0x554d30	_ZN12WaterConcept12Screen_Popup23_finishedLoadingWidgetsEPv	WaterConcept::Screen_Popup::_finishedLoadingWidgets	no-ghidra-function
0x559824	_ZN12WaterConcept12Screen_Popup20_spriteEventCallbackEPv	WaterConcept::Screen_Popup::_spriteEventCallback	no-ghidra-function
0x559844	_ZN12WaterConcept12Screen_Popup18_curveLoadCallbackEPv	WaterConcept::Screen_Popup::_curveLoadCallback	no-ghidra-function
0x559964	_ZN12WaterConcept12Screen_Popup25_updatePhotoFinishWidgetsEv	WaterConcept::Screen_Popup::_updatePhotoFinishWidgets	no-ghidra-function
0x55a388	_ZN12WaterConcept12Screen_Popup26_logoTextureExistsCallbackEPv	WaterConcept::Screen_Popup::_logoTextureExistsCallback	no-ghidra-function
0x55a4f4	_ZN12WaterConcept12Screen_Popup14backKeyPressedEv	WaterConcept::Screen_Popup::backKeyPressed	no-ghidra-function
0x55a850	_ZN12WaterConcept12Screen_Popup12startExitingEv	WaterConcept::Screen_Popup::startExiting	no-ghidra-function
0x55a87c	_ZN12WaterConcept12Screen_Popup22_uploadProgressToCloudEv	WaterConcept::Screen_Popup::_uploadProgressToCloud	no-ghidra-function
0x55ab28	_ZN12WaterConcept12Screen_Popup10touchMovedEiN7Walaber7Vector2ES2_	WaterConcept::Screen_Popup::touchMoved	no-ghidra-function
0x55ade4	_ZN12WaterConcept12Screen_Popup7touchUpEiN7Walaber7Vector2E	WaterConcept::Screen_Popup::touchUp	no-ghidra-function
0x55ae78	_ZNSt6__ndk113__vector_baseIN7Walaber12PropertyListENS_9allocatorIS2_EEED2Ev	__vector_base<Walaber::PropertyList, std::__ndk1::allocator<Walaber>>::~__vector_base	no-ghidra-function
0x55aee4	_ZN7Walaber14MemberCallbackIN12WaterConcept12Screen_PopupEED0Ev	MemberCallback<WaterConcept::Screen_Popup>::~MemberCallback	no-ghidra-function
0x55aee8	_ZN7Walaber14MemberCallbackIN12WaterConcept12Screen_PopupEE6invokeEPv	Walaber::MemberCallback<WaterConcept::Screen_Popup>::invoke	no-ghidra-function
0x55af18	_ZN12WaterConcept17Screen_ProcessingC2Ev	Screen_Processing::Screen_Processing	no-ghidra-function
0x55afe4	_ZN12WaterConcept17Screen_ProcessingD2Ev	Screen_Processing::~Screen_Processing	no-ghidra-function
0x55b050	_ZThn144_N12WaterConcept17Screen_ProcessingD1Ev	Thn144_N12WaterConcept17Screen_ProcessingD1Ev	no-ghidra-function
0x55b058	_ZN12WaterConcept17Screen_ProcessingD0Ev	Screen_Processing::~Screen_Processing	no-ghidra-function
0x55b07c	_ZThn144_N12WaterConcept17Screen_ProcessingD0Ev	Thn144_N12WaterConcept17Screen_ProcessingD0Ev	no-ghidra-function
0x55b0a4	_ZN12WaterConcept17Screen_Processing16loadPropertyListERKN7Walaber12PropertyListE	WaterConcept::Screen_Processing::loadPropertyList	no-ghidra-function
0x55b0a8	_ZN12WaterConcept17Screen_Processing5enterEv	WaterConcept::Screen_Processing::enter	no-ghidra-function
0x55b244	_ZN12WaterConcept17Screen_Processing18_curveLoadCallbackEPv	WaterConcept::Screen_Processing::_curveLoadCallback	no-ghidra-function
0x55b2b0	_ZN7Walaber9SharedPtrINS_14MemberCallbackIN12WaterConcept17Screen_ProcessingEEEED2Ev	SharedPtr<Walaber::MemberCallback<WaterConcept::Screen_Processing>>::~SharedPtr	no-ghidra-function
0x55b308	_ZN12WaterConcept17Screen_Processing4exitEv	WaterConcept::Screen_Processing::exit	no-ghidra-function
0x55b30c	_ZN12WaterConcept17Screen_Processing6updateEfb	WaterConcept::Screen_Processing::update	no-ghidra-function
0x55b6a4	_ZN12WaterConcept17Screen_Processing16_setAndshowStateENS0_11DialogStateE	WaterConcept::Screen_Processing::_setAndshowState	no-ghidra-function
0x55b8e4	_ZN12WaterConcept17Screen_Processing4drawEi	WaterConcept::Screen_Processing::draw	no-ghidra-function
0x55b978	_ZN12WaterConcept17Screen_Processing9messageRxERKN7Walaber7MessageE	WaterConcept::Screen_Processing::messageRx	no-ghidra-function
0x55ba6c	_ZThn144_N12WaterConcept17Screen_Processing9messageRxERKN7Walaber7MessageE	Thn144_N12WaterConcept17Screen_Processing9messageRxERKN7Walaber7MessageE	no-ghidra-function
0x55ba74	_ZN12WaterConcept17Screen_Processing11handleEventEiRKN7Walaber6Widget15WidgetActionRetEPS2_	WaterConcept::Screen_Processing::handleEvent	no-ghidra-function
0x55bab8	_ZThn32_N12WaterConcept17Screen_Processing11handleEventEiRKN7Walaber6Widget15WidgetActionRetEPS2_	Thn32_N12WaterConcept17Screen_Processing11handleEventEiRKN7Walaber6Widget15WidgetActionRetEPS2_	no-ghidra-function
0x55bafc	_ZN12WaterConcept17Screen_Processing8_buildUIEv	WaterConcept::Screen_Processing::_buildUI	no-ghidra-function
0x55bc78	_ZN12WaterConcept17Screen_Processing23_finishedLoadingWidgetsEPv	WaterConcept::Screen_Processing::_finishedLoadingWidgets	no-ghidra-function
0x55bf2c	_ZN12WaterConcept17Screen_Processing14backKeyPressedEv	WaterConcept::Screen_Processing::backKeyPressed	no-ghidra-function
0x55bf54	_ZN7Walaber14MemberCallbackIN12WaterConcept17Screen_ProcessingEED0Ev	MemberCallback<WaterConcept::Screen_Processing>::~MemberCallback	no-ghidra-function
0x55bf58	_ZN7Walaber14MemberCallbackIN12WaterConcept17Screen_ProcessingEE6invokeEPv	Walaber::MemberCallback<WaterConcept::Screen_Processing>::invoke	no-ghidra-function
0x55bf88	_ZN12WaterConcept17Screen_PuppetShowC2Ev	Screen_PuppetShow::Screen_PuppetShow	no-ghidra-function
0x55c044	_ZN12WaterConcept17Screen_PuppetShowD2Ev	Screen_PuppetShow::~Screen_PuppetShow	no-ghidra-function
0x55c0a4	_ZN12WaterConcept17Screen_PuppetShowD0Ev	Screen_PuppetShow::~Screen_PuppetShow	no-ghidra-function
0x55c0c8	_ZN12WaterConcept17Screen_PuppetShow16loadPropertyListERKN7Walaber12PropertyListE	WaterConcept::Screen_PuppetShow::loadPropertyList	no-ghidra-function
0x55c74c	_ZN12WaterConcept17Screen_PuppetShow14_gotSoundtrackEPv	WaterConcept::Screen_PuppetShow::_gotSoundtrack	no-ghidra-function
0x55c7d4	_ZN7Walaber9SharedPtrINS_14MemberCallbackIN12WaterConcept17Screen_PuppetShowEEEED2Ev	SharedPtr<Walaber::MemberCallback<WaterConcept::Screen_PuppetShow>>::~SharedPtr	no-ghidra-function
0x55c82c	_ZN12WaterConcept17Screen_PuppetShow11_fileExistsEPv	WaterConcept::Screen_PuppetShow::_fileExists	no-ghidra-function
0x55c920	_ZN12WaterConcept17Screen_PuppetShow5enterEv	WaterConcept::Screen_PuppetShow::enter	no-ghidra-function
0x55ca90	_ZN12WaterConcept17Screen_PuppetShow4exitEv	WaterConcept::Screen_PuppetShow::exit	no-ghidra-function
0x55cb30	_ZN12WaterConcept17Screen_PuppetShow11regainedTopEv	WaterConcept::Screen_PuppetShow::regainedTop	no-ghidra-function
0x55cb44	_ZN12WaterConcept17Screen_PuppetShow6updateEfb	WaterConcept::Screen_PuppetShow::update	no-ghidra-function
0x55cf20	_ZN12WaterConcept17Screen_PuppetShow4drawEi	WaterConcept::Screen_PuppetShow::draw	no-ghidra-function
0x55d3e8	_ZThn32_N12WaterConcept17Screen_PuppetShow11handleEventEiRKN7Walaber6Widget15WidgetActionRetEPS2_	Thn32_N12WaterConcept17Screen_PuppetShow11handleEventEiRKN7Walaber6Widget15WidgetActionRetEPS2_	no-ghidra-function
0x55d3f0	_ZN12WaterConcept17Screen_PuppetShow14backKeyPressedEv	WaterConcept::Screen_PuppetShow::backKeyPressed	no-ghidra-function
0x55d488	_ZN12WaterConcept17Screen_PuppetShow5pauseEv	WaterConcept::Screen_PuppetShow::pause	no-ghidra-function
0x55d4b0	_ZN12WaterConcept17Screen_PuppetShow10setFocusedEb	WaterConcept::Screen_PuppetShow::setFocused	no-ghidra-function
0x55d4bc	_ZN12WaterConcept17Screen_PuppetShow6resumeEv	WaterConcept::Screen_PuppetShow::resume	no-ghidra-function
0x55d4e8	_ZN7Walaber14MemberCallbackIN12WaterConcept17Screen_PuppetShowEED0Ev	MemberCallback<WaterConcept::Screen_PuppetShow>::~MemberCallback	no-ghidra-function
0x55d4ec	_ZN7Walaber14MemberCallbackIN12WaterConcept17Screen_PuppetShowEE6invokeEPv	Walaber::MemberCallback<WaterConcept::Screen_PuppetShow>::invoke	no-ghidra-function
0x55d51c	_ZN12WaterConcept15Screen_SettingsC2Ev	Screen_Settings::Screen_Settings	no-ghidra-function
0x55d5c4	_ZN12WaterConcept15Screen_SettingsD2Ev	Screen_Settings::~Screen_Settings	no-ghidra-function
0x55d624	_ZThn144_N12WaterConcept15Screen_SettingsD1Ev	Thn144_N12WaterConcept15Screen_SettingsD1Ev	no-ghidra-function
0x55d62c	_ZN12WaterConcept15Screen_SettingsD0Ev	Screen_Settings::~Screen_Settings	no-ghidra-function
0x55d650	_ZThn144_N12WaterConcept15Screen_SettingsD0Ev	Thn144_N12WaterConcept15Screen_SettingsD0Ev	no-ghidra-function
0x55d678	_ZN12WaterConcept15Screen_Settings5enterEv	WaterConcept::Screen_Settings::enter	no-ghidra-function
0x55dab4	_ZN12WaterConcept15Screen_Settings18_curveLoadCallbackEPv	WaterConcept::Screen_Settings::_curveLoadCallback	no-ghidra-function
0x55db18	_ZN12WaterConcept15Screen_Settings8_buildUIEv	WaterConcept::Screen_Settings::_buildUI	no-ghidra-function
0x55dc8c	_ZN7Walaber9SharedPtrINS_14MemberCallbackIN12WaterConcept15Screen_SettingsEEEED2Ev	SharedPtr<Walaber::MemberCallback<WaterConcept::Screen_Settings>>::~SharedPtr	no-ghidra-function
0x55dce4	_ZN12WaterConcept15Screen_Settings4exitEv	WaterConcept::Screen_Settings::exit	no-ghidra-function
0x55dd98	_ZN12WaterConcept15Screen_Settings16loadPropertyListERKN7Walaber12PropertyListE	WaterConcept::Screen_Settings::loadPropertyList	no-ghidra-function
0x55e0e8	_ZN12WaterConcept15Screen_Settings11regainedTopEv	WaterConcept::Screen_Settings::regainedTop	no-ghidra-function
0x55e0ec	_ZN12WaterConcept15Screen_Settings6updateEfb	WaterConcept::Screen_Settings::update	no-ghidra-function
0x55e5a0	_ZN12WaterConcept15Screen_Settings4drawEi	WaterConcept::Screen_Settings::draw	no-ghidra-function
0x55e6ac	_ZN12WaterConcept15Screen_Settings11handleEventEiRKN7Walaber6Widget15WidgetActionRetEPS2_	WaterConcept::Screen_Settings::handleEvent	no-ghidra-function
0x55ff90	_ZN12WaterConcept15Screen_Settings25_updateGraphicsButtonTextEv	WaterConcept::Screen_Settings::_updateGraphicsButtonText	no-ghidra-function
0x5602fc	_ZThn32_N12WaterConcept15Screen_Settings11handleEventEiRKN7Walaber6Widget15WidgetActionRetEPS2_	Thn32_N12WaterConcept15Screen_Settings11handleEventEiRKN7Walaber6Widget15WidgetActionRetEPS2_	no-ghidra-function
0x560304	_ZN12WaterConcept15Screen_Settings9messageRxERKN7Walaber7MessageE	WaterConcept::Screen_Settings::messageRx	no-ghidra-function
0x560af4	_ZThn144_N12WaterConcept15Screen_Settings9messageRxERKN7Walaber7MessageE	Thn144_N12WaterConcept15Screen_Settings9messageRxERKN7Walaber7MessageE	no-ghidra-function
0x560b10	_ZN12WaterConcept15Screen_Settings23_finishedLoadingWidgetsEPv	WaterConcept::Screen_Settings::_finishedLoadingWidgets	no-ghidra-function
0x560fb8	_ZN12WaterConcept15Screen_Settings14backKeyPressedEv	WaterConcept::Screen_Settings::backKeyPressed	no-ghidra-function
0x561020	_ZN12WaterConcept15Screen_Settings13consumesInputEv	WaterConcept::Screen_Settings::consumesInput	no-ghidra-function
0x561030	_ZN7Walaber14MemberCallbackIN12WaterConcept15Screen_SettingsEED0Ev	MemberCallback<WaterConcept::Screen_Settings>::~MemberCallback	no-ghidra-function
0x561034	_ZN7Walaber14MemberCallbackIN12WaterConcept15Screen_SettingsEE6invokeEPv	Walaber::MemberCallback<WaterConcept::Screen_Settings>::invoke	no-ghidra-function
0x561108	_ZN12WaterConcept22Screen_SettingsProfileD2Ev	Screen_SettingsProfile::~Screen_SettingsProfile	no-ghidra-function
0x561168	_ZThn144_N12WaterConcept22Screen_SettingsProfileD1Ev	Thn144_N12WaterConcept22Screen_SettingsProfileD1Ev	no-ghidra-function
0x561170	_ZN12WaterConcept22Screen_SettingsProfileD0Ev	Screen_SettingsProfile::~Screen_SettingsProfile	no-ghidra-function
0x561194	_ZThn144_N12WaterConcept22Screen_SettingsProfileD0Ev	Thn144_N12WaterConcept22Screen_SettingsProfileD0Ev	no-ghidra-function
0x5611bc	_ZN12WaterConcept22Screen_SettingsProfile5enterEv	WaterConcept::Screen_SettingsProfile::enter	no-ghidra-function
0x56160c	_ZN12WaterConcept22Screen_SettingsProfile18_curveLoadCallbackEPv	WaterConcept::Screen_SettingsProfile::_curveLoadCallback	no-ghidra-function
0x561844	_ZN12WaterConcept22Screen_SettingsProfile4exitEv	WaterConcept::Screen_SettingsProfile::exit	no-ghidra-function
0x5618f8	_ZN12WaterConcept22Screen_SettingsProfile16loadPropertyListERKN7Walaber12PropertyListE	WaterConcept::Screen_SettingsProfile::loadPropertyList	no-ghidra-function
0x561b10	_ZN12WaterConcept22Screen_SettingsProfile11regainedTopEv	WaterConcept::Screen_SettingsProfile::regainedTop	no-ghidra-function
0x561b14	_ZN12WaterConcept22Screen_SettingsProfile6updateEfb	WaterConcept::Screen_SettingsProfile::update	no-ghidra-function
0x56204c	_ZN12WaterConcept22Screen_SettingsProfile4drawEi	WaterConcept::Screen_SettingsProfile::draw	no-ghidra-function
0x56244c	_ZN12WaterConcept22Screen_SettingsProfile18_updateCloudButtonEv	WaterConcept::Screen_SettingsProfile::_updateCloudButton	no-ghidra-function
0x562958	_ZN12WaterConcept22Screen_SettingsProfile31_updateAllowFacebookPostsButtonEv	WaterConcept::Screen_SettingsProfile::_updateAllowFacebookPostsButton	no-ghidra-function
0x56295c	_ZThn32_N12WaterConcept22Screen_SettingsProfile11handleEventEiRKN7Walaber6Widget15WidgetActionRetEPS2_	Thn32_N12WaterConcept22Screen_SettingsProfile11handleEventEiRKN7Walaber6Widget15WidgetActionRetEPS2_	no-ghidra-function
0x562c3c	_ZThn144_N12WaterConcept22Screen_SettingsProfile9messageRxERKN7Walaber7MessageE	Thn144_N12WaterConcept22Screen_SettingsProfile9messageRxERKN7Walaber7MessageE	no-ghidra-function
0x562f38	_ZN12WaterConcept22Screen_SettingsProfile14backKeyPressedEv	WaterConcept::Screen_SettingsProfile::backKeyPressed	no-ghidra-function
0x5630d0	_ZN12WaterConcept22Screen_SettingsProfile13consumesInputEv	WaterConcept::Screen_SettingsProfile::consumesInput	no-ghidra-function
0x5630d8	_ZN7Walaber14MemberCallbackIN12WaterConcept22Screen_SettingsProfileEED0Ev	MemberCallback<WaterConcept::Screen_SettingsProfile>::~MemberCallback	no-ghidra-function
0x5630dc	_ZN7Walaber14MemberCallbackIN12WaterConcept22Screen_SettingsProfileEE6invokeEPv	Walaber::MemberCallback<WaterConcept::Screen_SettingsProfile>::invoke	no-ghidra-function
0x56310c	_ZN12WaterConcept20Screen_SettingsResetC2Ev	Screen_SettingsReset::Screen_SettingsReset	no-ghidra-function
0x5631dc	_ZN12WaterConcept20Screen_SettingsResetD2Ev	Screen_SettingsReset::~Screen_SettingsReset	no-ghidra-function
0x563250	_ZThn144_N12WaterConcept20Screen_SettingsResetD1Ev	Thn144_N12WaterConcept20Screen_SettingsResetD1Ev	no-ghidra-function
0x563258	_ZN12WaterConcept20Screen_SettingsResetD0Ev	Screen_SettingsReset::~Screen_SettingsReset	no-ghidra-function
0x56327c	_ZThn144_N12WaterConcept20Screen_SettingsResetD0Ev	Thn144_N12WaterConcept20Screen_SettingsResetD0Ev	no-ghidra-function
0x5632a4	_ZN12WaterConcept20Screen_SettingsReset5enterEv	WaterConcept::Screen_SettingsReset::enter	no-ghidra-function
0x563740	_ZN12WaterConcept20Screen_SettingsReset18_curveLoadCallbackEPv	WaterConcept::Screen_SettingsReset::_curveLoadCallback	no-ghidra-function
0x563988	_ZN7Walaber9SharedPtrINS_14MemberCallbackIN12WaterConcept20Screen_SettingsResetEEEED2Ev	SharedPtr<Walaber::MemberCallback<WaterConcept::Screen_SettingsReset>>::~SharedPtr	no-ghidra-function
0x563f98	_ZN12WaterConcept20Screen_SettingsReset14waitForRestoreEv	WaterConcept::Screen_SettingsReset::waitForRestore	no-ghidra-function
0x563fac	_ZN12WaterConcept20Screen_SettingsReset6updateEfb	WaterConcept::Screen_SettingsReset::update	no-ghidra-function
0x56442c	_ZN12WaterConcept20Screen_SettingsReset4drawEi	WaterConcept::Screen_SettingsReset::draw	no-ghidra-function
0x564538	_ZN12WaterConcept20Screen_SettingsReset11handleEventEiRKN7Walaber6Widget15WidgetActionRetEPS2_	WaterConcept::Screen_SettingsReset::handleEvent	no-ghidra-function
0x564968	_ZThn32_N12WaterConcept20Screen_SettingsReset11handleEventEiRKN7Walaber6Widget15WidgetActionRetEPS2_	Thn32_N12WaterConcept20Screen_SettingsReset11handleEventEiRKN7Walaber6Widget15WidgetActionRetEPS2_	no-ghidra-function
0x564970	_ZN12WaterConcept20Screen_SettingsReset9messageRxERKN7Walaber7MessageE	WaterConcept::Screen_SettingsReset::messageRx	no-ghidra-function
0x564fe0	_ZThn144_N12WaterConcept20Screen_SettingsReset9messageRxERKN7Walaber7MessageE	Thn144_N12WaterConcept20Screen_SettingsReset9messageRxERKN7Walaber7MessageE	no-ghidra-function
0x56547c	_ZN12WaterConcept20Screen_SettingsReset14backKeyPressedEv	WaterConcept::Screen_SettingsReset::backKeyPressed	no-ghidra-function
0x5654b4	_ZN12WaterConcept20Screen_SettingsReset13consumesInputEv	WaterConcept::Screen_SettingsReset::consumesInput	no-ghidra-function
0x5654bc	_ZN7Walaber14MemberCallbackIN12WaterConcept20Screen_SettingsResetEED0Ev	MemberCallback<WaterConcept::Screen_SettingsReset>::~MemberCallback	no-ghidra-function
0x5654c0	_ZN7Walaber14MemberCallbackIN12WaterConcept20Screen_SettingsResetEE6invokeEPv	Walaber::MemberCallback<WaterConcept::Screen_SettingsReset>::invoke	no-ghidra-function
0x56557c	_ZN12WaterConcept13Screen_SunsetD2Ev	Screen_Sunset::~Screen_Sunset	no-ghidra-function
0x5655d0	_ZThn144_N12WaterConcept13Screen_SunsetD1Ev	Thn144_N12WaterConcept13Screen_SunsetD1Ev	no-ghidra-function
0x5655d8	_ZN12WaterConcept13Screen_SunsetD0Ev	Screen_Sunset::~Screen_Sunset	no-ghidra-function
0x5655fc	_ZThn144_N12WaterConcept13Screen_SunsetD0Ev	Thn144_N12WaterConcept13Screen_SunsetD0Ev	no-ghidra-function
0x565a88	_ZN7Walaber12SoundManager20getCurrentMusicTrackEv	Walaber::SoundManager::getCurrentMusicTrack	no-ghidra-function
0x565b08	_ZN12WaterConcept13Screen_Sunset4exitEv	WaterConcept::Screen_Sunset::exit	no-ghidra-function
0x565b0c	_ZN12WaterConcept13Screen_Sunset11regainedTopEv	WaterConcept::Screen_Sunset::regainedTop	no-ghidra-function
0x565b10	_ZN12WaterConcept13Screen_Sunset6updateEfb	WaterConcept::Screen_Sunset::update	no-ghidra-function
0x565b18	_ZN12WaterConcept13Screen_Sunset4drawEi	WaterConcept::Screen_Sunset::draw	no-ghidra-function
0x565bac	_ZN12WaterConcept13Screen_Sunset11handleEventEiRKN7Walaber6Widget15WidgetActionRetEPS2_	WaterConcept::Screen_Sunset::handleEvent	no-ghidra-function
0x565f08	_ZThn32_N12WaterConcept13Screen_Sunset11handleEventEiRKN7Walaber6Widget15WidgetActionRetEPS2_	Thn32_N12WaterConcept13Screen_Sunset11handleEventEiRKN7Walaber6Widget15WidgetActionRetEPS2_	no-ghidra-function
0x565f10	_ZN12WaterConcept13Screen_Sunset9messageRxERKN7Walaber7MessageE	WaterConcept::Screen_Sunset::messageRx	no-ghidra-function
0x565f18	_ZThn144_N12WaterConcept13Screen_Sunset9messageRxERKN7Walaber7MessageE	Thn144_N12WaterConcept13Screen_Sunset9messageRxERKN7Walaber7MessageE	no-ghidra-function
0x565f20	_ZN12WaterConcept13Screen_Sunset23_finishedLoadingWidgetsEPv	WaterConcept::Screen_Sunset::_finishedLoadingWidgets	no-ghidra-function
0x5668ac	_ZN7Walaber9SharedPtrINS_14MemberCallbackIN12WaterConcept13Screen_SunsetEEEED2Ev	SharedPtr<Walaber::MemberCallback<WaterConcept::Screen_Sunset>>::~SharedPtr	no-ghidra-function
0x566a70	_ZN12WaterConcept13Screen_Sunset14backKeyPressedEv	WaterConcept::Screen_Sunset::backKeyPressed	no-ghidra-function
0x566c64	_ZN12WaterConcept13Screen_Sunset16loadPropertyListERKN7Walaber12PropertyListE	WaterConcept::Screen_Sunset::loadPropertyList	no-ghidra-function
0x566c6c	_ZN7Walaber14MemberCallbackIN12WaterConcept13Screen_SunsetEED0Ev	MemberCallback<WaterConcept::Screen_Sunset>::~MemberCallback	no-ghidra-function
0x566c70	_ZN7Walaber14MemberCallbackIN12WaterConcept13Screen_SunsetEE6invokeEPv	Walaber::MemberCallback<WaterConcept::Screen_Sunset>::invoke	no-ghidra-function
0x566d2c	_ZN12WaterConcept13Screen_UpsellD2Ev	Screen_Upsell::~Screen_Upsell	no-ghidra-function
0x566d80	_ZThn144_N12WaterConcept13Screen_UpsellD1Ev	Thn144_N12WaterConcept13Screen_UpsellD1Ev	no-ghidra-function
0x566d88	_ZN12WaterConcept13Screen_UpsellD0Ev	Screen_Upsell::~Screen_Upsell	no-ghidra-function
0x566dac	_ZThn144_N12WaterConcept13Screen_UpsellD0Ev	Thn144_N12WaterConcept13Screen_UpsellD0Ev	no-ghidra-function
0x567238	_ZN12WaterConcept13Screen_Upsell4exitEv	WaterConcept::Screen_Upsell::exit	no-ghidra-function
0x56724c	_ZN12WaterConcept13Screen_Upsell11regainedTopEv	WaterConcept::Screen_Upsell::regainedTop	no-ghidra-function
0x567250	_ZN12WaterConcept13Screen_Upsell6updateEfb	WaterConcept::Screen_Upsell::update	no-ghidra-function
0x567648	_ZThn32_N12WaterConcept13Screen_Upsell11handleEventEiRKN7Walaber6Widget15WidgetActionRetEPS2_	Thn32_N12WaterConcept13Screen_Upsell11handleEventEiRKN7Walaber6Widget15WidgetActionRetEPS2_	no-ghidra-function
0x567650	_ZN12WaterConcept13Screen_Upsell9messageRxERKN7Walaber7MessageE	WaterConcept::Screen_Upsell::messageRx	no-ghidra-function
0x567658	_ZThn144_N12WaterConcept13Screen_Upsell9messageRxERKN7Walaber7MessageE	Thn144_N12WaterConcept13Screen_Upsell9messageRxERKN7Walaber7MessageE	no-ghidra-function
0x567660	_ZN12WaterConcept13Screen_Upsell23_finishedLoadingWidgetsEPv	WaterConcept::Screen_Upsell::_finishedLoadingWidgets	no-ghidra-function
0x5682a0	_ZN7Walaber9SharedPtrINS_14MemberCallbackIN12WaterConcept13Screen_UpsellEEEED2Ev	SharedPtr<Walaber::MemberCallback<WaterConcept::Screen_Upsell>>::~SharedPtr	no-ghidra-function
0x5682f8	_ZN12WaterConcept13Screen_Upsell19_fileExistsCallbackEPv	WaterConcept::Screen_Upsell::_fileExistsCallback	no-ghidra-function
0x568464	_ZN12WaterConcept13Screen_Upsell14backKeyPressedEv	WaterConcept::Screen_Upsell::backKeyPressed	no-ghidra-function
0x568560	_ZN12WaterConcept13Screen_Upsell16loadPropertyListERKN7Walaber12PropertyListE	WaterConcept::Screen_Upsell::loadPropertyList	no-ghidra-function
0x568568	_ZN7Walaber14MemberCallbackIN12WaterConcept13Screen_UpsellEED0Ev	MemberCallback<WaterConcept::Screen_Upsell>::~MemberCallback	no-ghidra-function
0x568630	_ZN12WaterConcept19Screen_UpsellWater2D2Ev	Screen_UpsellWater2::~Screen_UpsellWater2	no-ghidra-function
0x5686a4	_ZThn144_N12WaterConcept19Screen_UpsellWater2D1Ev	Thn144_N12WaterConcept19Screen_UpsellWater2D1Ev	no-ghidra-function
0x5686ac	_ZN12WaterConcept19Screen_UpsellWater2D0Ev	Screen_UpsellWater2::~Screen_UpsellWater2	no-ghidra-function
0x5686f8	_ZN12WaterConcept19Screen_UpsellWater216loadPropertyListERKN7Walaber12PropertyListE	WaterConcept::Screen_UpsellWater2::loadPropertyList	no-ghidra-function
0x5689bc	_ZN12WaterConcept19Screen_UpsellWater28_goEnterEv	WaterConcept::Screen_UpsellWater2::_goEnter	no-ghidra-function
0x568b3c	_ZN12WaterConcept19Screen_UpsellWater24exitEv	WaterConcept::Screen_UpsellWater2::exit	no-ghidra-function
0x568f8c	_ZN12WaterConcept19Screen_UpsellWater24drawEi	WaterConcept::Screen_UpsellWater2::draw	no-ghidra-function
0x569070	_ZN12WaterConcept19Screen_UpsellWater211handleEventEiRKN7Walaber6Widget15WidgetActionRetEPS2_	WaterConcept::Screen_UpsellWater2::handleEvent	no-ghidra-function
0x569538	_ZThn32_N12WaterConcept19Screen_UpsellWater211handleEventEiRKN7Walaber6Widget15WidgetActionRetEPS2_	Thn32_N12WaterConcept19Screen_UpsellWater211handleEventEiRKN7Walaber6Widget15WidgetActionRetEPS2_	no-ghidra-function
0x569540	_ZN12WaterConcept19Screen_UpsellWater211handleFocusEPN7Walaber6WidgetENS1_10FocusEventE	WaterConcept::Screen_UpsellWater2::handleFocus	no-ghidra-function
0x569544	_ZThn32_N12WaterConcept19Screen_UpsellWater211handleFocusEPN7Walaber6WidgetENS1_10FocusEventE	Thn32_N12WaterConcept19Screen_UpsellWater211handleFocusEPN7Walaber6WidgetENS1_10FocusEventE	no-ghidra-function
0x56954c	_ZN12WaterConcept19Screen_UpsellWater223_finishedLoadingWidgetsEPv	WaterConcept::Screen_UpsellWater2::_finishedLoadingWidgets	no-ghidra-function
0x569f0c	_ZN7Walaber9SharedPtrINS_14MemberCallbackIN12WaterConcept19Screen_UpsellWater2EEEED2Ev	SharedPtr<Walaber::MemberCallback<WaterConcept::Screen_UpsellWater2>>::~SharedPtr	no-ghidra-function
0x56a0d0	_ZN12WaterConcept19Screen_UpsellWater214backKeyPressedEv	WaterConcept::Screen_UpsellWater2::backKeyPressed	no-ghidra-function
0x56a0d4	_ZNSt6__ndk16__treeINS_12__value_typeIPN7Walaber6WidgetEN12WaterConcept19Screen_UpsellWater214TransitionInfoEEENS_19__map_value_compareIS4_S8_NS_4lessIS4_EELb1EEENS_9allocatorIS8_EEE7destroyEPNS_11__tree_nodeIS8_PvEE	std::__ndk1::__tree<std::__ndk1::__value_type<Walaber::Widget*, WaterConcept::Screen_UpsellWater2::TransitionInfo>, std::__ndk1::__map_value_compare<Walaber::Widget, std::__ndk1::__value_type<Walaber::Widget*, WaterConcept::Screen_UpsellWater2::TransitionInfo>, std::__ndk1::less<Walaber::Widget>, bool>>::std::__ndk1::allocator<std::__ndk1::__value_type<Walaber::Widget*, WaterConcept::Screen_UpsellWater2::TransitionInfo>>	no-ghidra-function
0x56a124	_ZNSt6__ndk16vectorIN12WaterConcept19Screen_UpsellWater214TransitionTypeENS_9allocatorIS3_EEE6assignIPS3_EENS_9enable_ifIXaasr21__is_forward_iteratorIT_EE5valuesr16is_constructibleIS3_NS_15iterator_traitsISA_E9referenceEEE5valueEvE4typeESA_SA_	std::__ndk1::vector<WaterConcept::Screen_UpsellWater2::TransitionType, std::__ndk1::allocator<WaterConcept::Screen_UpsellWater2>>::assign<WaterConcept::Screen_UpsellWater2*>	no-ghidra-function
0x56a264	_ZNSt6__ndk16vectorIN12WaterConcept19Screen_UpsellWater214TransitionTypeENS_9allocatorIS3_EEE11__vallocateEm	std::__ndk1::vector<WaterConcept::Screen_UpsellWater2::TransitionType, std::__ndk1::allocator<WaterConcept::Screen_UpsellWater2>>::__vallocate	no-ghidra-function
0x56a2a8	_ZN7Walaber14MemberCallbackIN12WaterConcept19Screen_UpsellWater2EED0Ev	MemberCallback<WaterConcept::Screen_UpsellWater2>::~MemberCallback	no-ghidra-function
0x56a2ac	_ZN7Walaber14MemberCallbackIN12WaterConcept19Screen_UpsellWater2EE6invokeEPv	Walaber::MemberCallback<WaterConcept::Screen_UpsellWater2>::invoke	no-ghidra-function
0x56a2dc	_ZNSt6__ndk16vectorIN12WaterConcept19Screen_UpsellWater214TransitionTypeENS_9allocatorIS3_EEE21__push_back_slow_pathIS3_EEvOT_	std::__ndk1::vector<WaterConcept::Screen_UpsellWater2::TransitionType, std::__ndk1::allocator<WaterConcept::Screen_UpsellWater2>>::__push_back_slow_path<WaterConcept::Screen_UpsellWater2>	no-ghidra-function
0x56a4b0	_ZNSt6__ndk16__treeINS_12__value_typeIPN7Walaber6WidgetEN12WaterConcept19Screen_UpsellWater214TransitionInfoEEENS_19__map_value_compareIS4_S8_NS_4lessIS4_EELb1EEENS_9allocatorIS8_EEE25__emplace_unique_key_argsIS4_JRKNS_21piecewise_construct_tENS_5tupleIJRKS4_EEENSK_IJEEEEEENS_4pairINS_15__tree_iteratorIS8_PNS_11__tree_nodeIS8_PvEElEEbEERKT_DpOT0_	std::__ndk1::__tree<std::__ndk1::__value_type<Walaber::Widget*, WaterConcept::Screen_UpsellWater2::TransitionInfo>, std::__ndk1::__map_value_compare<Walaber::Widget, std::__ndk1::__value_type<Walaber::Widget*, WaterConcept::Screen_UpsellWater2::TransitionInfo>, std::__ndk1::less<Walaber::Widget>, bool>>::std::__ndk1::allocator<std::__ndk1::__value_type<Walaber::Widget*, WaterConcept::Screen_UpsellWater2::TransitionInfo>>	no-ghidra-function
0x56b23c	_ZThn144_N12WaterConcept16Screen_WaterTestD1Ev	Thn144_N12WaterConcept16Screen_WaterTestD1Ev	no-ghidra-function
0x5711dc	_ZN12WaterConcept16Screen_WaterTest8_buildUIEv	WaterConcept::Screen_WaterTest::_buildUI	no-ghidra-function
0x5714a8	_ZN12WaterConcept16Screen_WaterTest25_setupRenderTextureBufferEv	WaterConcept::Screen_WaterTest::_setupRenderTextureBuffer	no-ghidra-function
0x571738	_ZN12WaterConcept16Screen_WaterTest23recreateGraphicsContextEv	WaterConcept::Screen_WaterTest::recreateGraphicsContext	no-ghidra-function
0x57178c	_ZN12WaterConcept16Screen_WaterTest19PhotoFinishSnapshot30CreatePhotoFinishRenderTextureERN7Walaber9SharedPtrINS2_15RenderTexture2DEEE	WaterConcept::Screen_WaterTest::PhotoFinishSnapshot::CreatePhotoFinishRenderTexture	no-ghidra-function
0x57ce08	_ZN12WaterConcept16Screen_WaterTest20_setSliderFromCameraEv	WaterConcept::Screen_WaterTest::_setSliderFromCamera	no-ghidra-function
0x57cedc	_ZN12WaterConcept16Screen_WaterTest32_goToWorldSelectPuppetShowExistsEPv	WaterConcept::Screen_WaterTest::_goToWorldSelectPuppetShowExists	no-ghidra-function
0x57d2bc	_ZN7Walaber9SharedPtrINS_14MemberCallbackIN12WaterConcept16Screen_WaterTestEEEED2Ev	SharedPtr<Walaber::MemberCallback<WaterConcept::Screen_WaterTest>>::~SharedPtr	no-ghidra-function
0x57d314	_ZN12WaterConcept16Screen_WaterTest14_focusOnSwampyEb	WaterConcept::Screen_WaterTest::_focusOnSwampy	no-ghidra-function
0x57d3f0	_ZN12WaterConcept16Screen_WaterTest11_gotAllieSEEPv	WaterConcept::Screen_WaterTest::_gotAllieSE	no-ghidra-function
0x57d448	_ZN12WaterConcept16Screen_WaterTest11replayLevelEb	WaterConcept::Screen_WaterTest::replayLevel	no-ghidra-function
0x57ddfc	_ZN12WaterConcept16Screen_WaterTest18_clipCameraToWorldEv	WaterConcept::Screen_WaterTest::_clipCameraToWorld	no-ghidra-function
0x57dfd0	_ZN12WaterConcept16Screen_WaterTest28_updateSwampyButtonPlacementEv	WaterConcept::Screen_WaterTest::_updateSwampyButtonPlacement	no-ghidra-function
0x57e7ec	_ZN12WaterConcept8StarSeed25triggerPlatinumLightIntroEf	WaterConcept::StarSeed::triggerPlatinumLightIntro	no-ghidra-function
0x57ee44	_ZN12WaterConcept16Screen_WaterTest16_drawPhotoFinishEv	WaterConcept::Screen_WaterTest::_drawPhotoFinish	no-ghidra-function
0x57f074	_ZN12WaterConcept16Screen_WaterTest32_createPhotoFinishScreenGrabCopyEN7Walaber25TextureInMemoryColorspaceE	WaterConcept::Screen_WaterTest::_createPhotoFinishScreenGrabCopy	no-ghidra-function
0x57f144	_ZN12WaterConcept16Screen_WaterTest12_drawEndcapsEv	WaterConcept::Screen_WaterTest::_drawEndcaps	no-ghidra-function
0x57f5c4	_ZN12WaterConcept16Screen_WaterTest17_drawPlatinumDuckEPN7Walaber11SpriteBatchE	WaterConcept::Screen_WaterTest::_drawPlatinumDuck	no-ghidra-function
0x5848c8	_ZN12WaterConcept16Screen_WaterTest9nextLevelEbb	WaterConcept::Screen_WaterTest::nextLevel	no-ghidra-function
0x585ef0	_ZN12WaterConcept16Screen_WaterTest11regainedTopEv	WaterConcept::Screen_WaterTest::regainedTop	no-ghidra-function
0x586e14	_ZN12WaterConcept16Screen_WaterTest14_screenToWorldERKN7Walaber7Vector2E	WaterConcept::Screen_WaterTest::_screenToWorld	no-ghidra-function
0x586e64	_ZN12WaterConcept16Screen_WaterTest20_setCameraFromSliderEv	WaterConcept::Screen_WaterTest::_setCameraFromSlider	no-ghidra-function
0x588478	_ZThn32_N12WaterConcept16Screen_WaterTest11handleEventEiRKN7Walaber6Widget15WidgetActionRetEPS2_	Thn32_N12WaterConcept16Screen_WaterTest11handleEventEiRKN7Walaber6Widget15WidgetActionRetEPS2_	no-ghidra-function
0x5884d4	_ZN12WaterConcept16Screen_WaterTest10touchMovedEiN7Walaber7Vector2ES2_	WaterConcept::Screen_WaterTest::touchMoved	no-ghidra-function
0x588530	_ZN12WaterConcept16Screen_WaterTest7touchUpEiN7Walaber7Vector2E	WaterConcept::Screen_WaterTest::touchUp	no-ghidra-function
0x588584	_ZN12WaterConcept16Screen_WaterTest15finishedLoadingEv	WaterConcept::Screen_WaterTest::finishedLoading	no-ghidra-function
0x588648	_ZThn32_N12WaterConcept16Screen_WaterTest11handleFocusEPN7Walaber6WidgetENS1_10FocusEventE	Thn32_N12WaterConcept16Screen_WaterTest11handleFocusEPN7Walaber6WidgetENS1_10FocusEventE	no-ghidra-function
0x58864c	_ZN12WaterConcept16Screen_WaterTest14setIsDrawPauseEb	WaterConcept::Screen_WaterTest::setIsDrawPause	no-ghidra-function
0x588c88	_ZThn144_N12WaterConcept16Screen_WaterTest9messageRxERKN7Walaber7MessageE	Thn144_N12WaterConcept16Screen_WaterTest9messageRxERKN7Walaber7MessageE	no-ghidra-function
0x5896f0	_ZN12WaterConcept16Screen_WaterTest22_worldSizeToScreenSizeERKN7Walaber7Vector2E	WaterConcept::Screen_WaterTest::_worldSizeToScreenSize	no-ghidra-function
0x589718	_ZN12WaterConcept16Screen_WaterTest20_setScreenTopInWorldEN7Walaber4AABBE	WaterConcept::Screen_WaterTest::_setScreenTopInWorld	no-ghidra-function
0x589780	_ZN12WaterConcept16Screen_WaterTest15_updateDatabaseEv	WaterConcept::Screen_WaterTest::_updateDatabase	no-ghidra-function
0x589aa4	_ZN12WaterConcept16Screen_WaterTest14backKeyPressedEv	WaterConcept::Screen_WaterTest::backKeyPressed	no-ghidra-function
0x589cbc	_ZN12WaterConcept16Screen_WaterTest13_gotMysterySEEPv	WaterConcept::Screen_WaterTest::_gotMysterySE	no-ghidra-function
0x58a378	_ZNSt6__ndk16__treeINS_12__value_typeIiN12WaterConcept16Screen_WaterTest10StrokeInfoEEENS_19__map_value_compareIiS5_NS_4lessIiEELb1EEENS_9allocatorIS5_EEE7destroyEPNS_11__tree_nodeIS5_PvEE	std::__ndk1::__tree<std::__ndk1::__value_type<int, WaterConcept::Screen_WaterTest::StrokeInfo>, std::__ndk1::__map_value_compare<int, WaterConcept::Screen_WaterTest::StrokeInfo, std::__ndk1::less<int>, bool>>::std::__ndk1::allocator<WaterConcept::Screen_WaterTest::StrokeInfo>	no-ghidra-function
0x58a554	_ZNSt6__ndk16vectorIN12WaterConcept16Screen_WaterTest11FingerStampENS_9allocatorIS3_EEE11__vallocateEm	std::__ndk1::vector<WaterConcept::Screen_WaterTest::FingerStamp, std::__ndk1::allocator<WaterConcept::Screen_WaterTest>>::__vallocate	no-ghidra-function
0x58a618	_ZN7Walaber14MemberCallbackIN12WaterConcept16Screen_WaterTestEED0Ev	MemberCallback<WaterConcept::Screen_WaterTest>::~MemberCallback	no-ghidra-function
0x58a61c	_ZN7Walaber14MemberCallbackIN12WaterConcept16Screen_WaterTestEE6invokeEPv	Walaber::MemberCallback<WaterConcept::Screen_WaterTest>::invoke	no-ghidra-function
0x58a73c	_ZNSt6__ndk16vectorIN12WaterConcept16Screen_WaterTest11FingerStampENS_9allocatorIS3_EEEC2ERKS6_	vector<WaterConcept::Screen_WaterTest::FingerStamp, std::__ndk1::allocator<WaterConcept::Screen_WaterTest>>::vector	no-ghidra-function
0x58abc4	_ZNSt6__ndk16vectorIN12WaterConcept16Screen_WaterTest11FingerStampENS_9allocatorIS3_EEE26__swap_out_circular_bufferERNS_14__split_bufferIS3_RS5_EE	std::__ndk1::vector<WaterConcept::Screen_WaterTest::FingerStamp, std::__ndk1::allocator<WaterConcept::Screen_WaterTest>>::__swap_out_circular_buffer	no-ghidra-function
0x58ad10	_ZNSt6__ndk16__treeINS_12__value_typeIiN12WaterConcept16Screen_WaterTest10StrokeInfoEEENS_19__map_value_compareIiS5_NS_4lessIiEELb1EEENS_9allocatorIS5_EEE16__insert_node_atEPNS_15__tree_end_nodeIPNS_16__tree_node_baseIPvEEEERSH_SH_	std::__ndk1::__tree<std::__ndk1::__value_type<int, WaterConcept::Screen_WaterTest::StrokeInfo>, std::__ndk1::__map_value_compare<int, WaterConcept::Screen_WaterTest::StrokeInfo, std::__ndk1::less<int>, bool>>::std::__ndk1::allocator<WaterConcept::Screen_WaterTest::StrokeInfo>	no-ghidra-function
0x58aff8	_ZN12WaterConcept18Screen_WorldSelectD2Ev	Screen_WorldSelect::~Screen_WorldSelect	no-ghidra-function
0x58b0dc	_ZN12WaterConcept18Screen_WorldSelect23_unloadLocksmithSpritesEv	WaterConcept::Screen_WorldSelect::_unloadLocksmithSprites	no-ghidra-function
0x58b120	_ZThn144_N12WaterConcept18Screen_WorldSelectD1Ev	Thn144_N12WaterConcept18Screen_WorldSelectD1Ev	no-ghidra-function
0x58b128	_ZN12WaterConcept18Screen_WorldSelectD0Ev	Screen_WorldSelect::~Screen_WorldSelect	no-ghidra-function
0x58b14c	_ZThn144_N12WaterConcept18Screen_WorldSelectD0Ev	Thn144_N12WaterConcept18Screen_WorldSelectD0Ev	no-ghidra-function
0x58ffac	_ZN7Walaber9SharedPtrINS_14MemberCallbackIN12WaterConcept18Screen_WorldSelectEEEED2Ev	SharedPtr<Walaber::MemberCallback<WaterConcept::Screen_WorldSelect>>::~SharedPtr	no-ghidra-function
0x590004	_ZN12WaterConcept18Screen_WorldSelect8_buildUIEv	WaterConcept::Screen_WorldSelect::_buildUI	no-ghidra-function
0x5902d0	_ZN12WaterConcept18Screen_WorldSelect4exitEv	WaterConcept::Screen_WorldSelect::exit	no-ghidra-function
0x5902d4	_ZN12WaterConcept18Screen_WorldSelect6updateEfb	WaterConcept::Screen_WorldSelect::update	no-ghidra-function
0x591a8c	_ZN12WaterConcept18Screen_WorldSelect21_loadLockSmithSpritesEv	WaterConcept::Screen_WorldSelect::_loadLockSmithSprites	no-ghidra-function
0x592840	_ZN12WaterConcept18Screen_WorldSelect23_updateLocksmithSpritesEf	WaterConcept::Screen_WorldSelect::_updateLocksmithSprites	no-ghidra-function
0x592884	_ZN12WaterConcept18Screen_WorldSelect4drawEi	WaterConcept::Screen_WorldSelect::draw	no-ghidra-function
0x5929fc	_ZN12WaterConcept18Screen_WorldSelect21_drawLocksmithSpritesEPN7Walaber11SpriteBatchE	WaterConcept::Screen_WorldSelect::_drawLocksmithSprites	no-ghidra-function
0x592a48	_ZN12WaterConcept18Screen_WorldSelect12beingStackedEv	WaterConcept::Screen_WorldSelect::beingStacked	no-ghidra-function
0x592a50	_ZN12WaterConcept18Screen_WorldSelect11regainedTopEv	WaterConcept::Screen_WorldSelect::regainedTop	no-ghidra-function
0x592a54	_ZN12WaterConcept18Screen_WorldSelect11handleEventEiRKN7Walaber6Widget15WidgetActionRetEPS2_	WaterConcept::Screen_WorldSelect::handleEvent	no-ghidra-function
0x5980bc	_ZThn32_N12WaterConcept18Screen_WorldSelect11handleEventEiRKN7Walaber6Widget15WidgetActionRetEPS2_	Thn32_N12WaterConcept18Screen_WorldSelect11handleEventEiRKN7Walaber6Widget15WidgetActionRetEPS2_	no-ghidra-function
0x59b69c	_ZThn144_N12WaterConcept18Screen_WorldSelect9messageRxERKN7Walaber7MessageE	Thn144_N12WaterConcept18Screen_WorldSelect9messageRxERKN7Walaber7MessageE	no-ghidra-function
0x59b6a4	_ZN12WaterConcept18Screen_WorldSelect23_finishedLoadingWidgetsEPv	WaterConcept::Screen_WorldSelect::_finishedLoadingWidgets	no-ghidra-function
0x5a2568	_ZN7Walaber6Sprite21getCurrentFrameOffsetEv	Walaber::Sprite::getCurrentFrameOffset	no-ghidra-function
0x5a2654	_ZN12WaterConcept18Screen_WorldSelect14backKeyPressedEv	WaterConcept::Screen_WorldSelect::backKeyPressed	no-ghidra-function
0x5a2794	_ZN12WaterConcept18Screen_WorldSelect9touchDownEiN7Walaber7Vector2E	WaterConcept::Screen_WorldSelect::touchDown	no-ghidra-function
0x5a27f0	_ZN12WaterConcept18Screen_WorldSelect10touchMovedEiN7Walaber7Vector2ES2_	WaterConcept::Screen_WorldSelect::touchMoved	no-ghidra-function
0x5a2858	_ZN12WaterConcept18Screen_WorldSelect7touchUpEiN7Walaber7Vector2E	WaterConcept::Screen_WorldSelect::touchUp	no-ghidra-function
0x5a28b4	_ZNSt6__ndk16vectorIN21WaterConceptConstants8PackTypeENS_9allocatorIS2_EEE21__push_back_slow_pathIS2_EEvOT_	std::__ndk1::vector<WaterConceptConstants::PackType, std::__ndk1::allocator<WaterConceptConstants>>::__push_back_slow_path<WaterConceptConstants>	no-ghidra-function
0x5a29d8	_ZNSt6__ndk114__split_bufferIN21WaterConceptConstants8PackTypeERNS_9allocatorIS2_EEEC2EmmS5_	__split_buffer<WaterConceptConstants::PackType, std::__ndk1::allocator<WaterConceptConstants>&>::__split_buffer	no-ghidra-function
0x5a2a88	_ZN7Walaber14MemberCallbackIN12WaterConcept18Screen_WorldSelectEED0Ev	MemberCallback<WaterConcept::Screen_WorldSelect>::~MemberCallback	no-ghidra-function
0x5a2a8c	_ZN7Walaber14MemberCallbackIN12WaterConcept18Screen_WorldSelectEE6invokeEPv	Walaber::MemberCallback<WaterConcept::Screen_WorldSelect>::invoke	no-ghidra-function
0x5a2abc	_ZNSt6__ndk16__treeINS_12__value_typeINS_12basic_stringIcNS_11char_traitsIcEENS_9allocatorIcEEEEPN7Walaber11AchievementEEENS_19__map_value_compareIS7_SB_NS_4lessIS7_EELb1EEENS5_ISB_EEE30__emplace_hint_unique_key_argsIS7_JRKNS_4pairIKS7_SA_EEEEENS_15__tree_iteratorISB_PNS_11__tree_nodeISB_PvEElEENS_21__tree_const_iteratorISB_SS_lEERKT_DpOT0_	_ZNSt6__ndk16__treeINS_12__value_typeINS_12basic_stringIcNS_11char_traitsIcEENS_9allocatorIcEEEEPN7Walaber11AchievementEEENS_19__map_value_compareIS7_SB_NS_4lessIS7_EELb1EEENS5_ISB_EEE30__emplace_hint_unique_key_argsIS7_JRKNS_4pairIKS7_SA_EEEEENS_15__tree_iteratorISB_PNS_11__tree_nodeISB_PvEElEENS_21__tree_const_iteratorISB_SS_lEERKT_DpOT0_	no-ghidra-function
0x5a2b4c	_ZNSt6__ndk16__treeINS_12__value_typeINS_12basic_stringIcNS_11char_traitsIcEENS_9allocatorIcEEEEPN7Walaber11AchievementEEENS_19__map_value_compareIS7_SB_NS_4lessIS7_EELb1EEENS5_ISB_EEE12__find_equalIS7_EERPNS_16__tree_node_baseIPvEENS_21__tree_const_iteratorISB_PNS_11__tree_nodeISB_SK_EElEERPNS_15__tree_end_nodeISM_EESN_RKT_	_ZNSt6__ndk16__treeINS_12__value_typeINS_12basic_stringIcNS_11char_traitsIcEENS_9allocatorIcEEEEPN7Walaber11AchievementEEENS_19__map_value_compareIS7_SB_NS_4lessIS7_EELb1EEENS5_ISB_EEE12__find_equalIS7_EERPNS_16__tree_node_baseIPvEENS_21__tree_const_iteratorISB_PNS_11__tree_nodeISB_SK_EElEERPNS_15__tree_end_nodeISM_EESN_RKT_	no-ghidra-function
0x5a2e38	_ZNSt6__ndk16__treeINS_12__value_typeINS_12basic_stringIcNS_11char_traitsIcEENS_9allocatorIcEEEEPN7Walaber11AchievementEEENS_19__map_value_compareIS7_SB_NS_4lessIS7_EELb1EEENS5_ISB_EEE16__construct_nodeIJRKNS_4pairIKS7_SA_EEEEENS_10unique_ptrINS_11__tree_nodeISB_PvEENS_22__tree_node_destructorINS5_ISR_EEEEEEDpOT_	_ZNSt6__ndk16__treeINS_12__value_typeINS_12basic_stringIcNS_11char_traitsIcEENS_9allocatorIcEEEEPN7Walaber11AchievementEEENS_19__map_value_compareIS7_SB_NS_4lessIS7_EELb1EEENS5_ISB_EEE16__construct_nodeIJRKNS_4pairIKS7_SA_EEEEENS_10unique_ptrINS_11__tree_nodeISB_PvEENS_22__tree_node_destructorINS5_ISR_EEEEEEDpOT_	no-ghidra-function
0x5a2eac	_ZN12WaterConcept12ScreenLoader14screenFromNameEPv	WaterConcept::ScreenLoader::screenFromName	no-ghidra-function
0x5a32c0	_ZN12WaterConcept21WaterDemoScreenLoader14screenFromNameEPv	WaterConcept::WaterDemoScreenLoader::screenFromName	no-ghidra-function
0x5a343c	_ZN12WaterConcept22CustomTransitionLoader4initEv	WaterConcept::CustomTransitionLoader::init	no-ghidra-function
0x5a355c	_ZN12WaterConcept22CustomTransitionLoader18transitionFromNameEPv	WaterConcept::CustomTransitionLoader::transitionFromName	no-ghidra-function
0x5a3564	_ZN7Walaber16TransitionLoader19addTransitionLoaderENS_9SharedPtrINS_8CallbackEEE	Walaber::TransitionLoader::addTransitionLoader	no-ghidra-function
0x5a35b4	_ZN7Walaber9SharedPtrINS_14MemberCallbackIN12WaterConcept22CustomTransitionLoaderEEEED2Ev	SharedPtr<Walaber::MemberCallback<WaterConcept::CustomTransitionLoader>>::~SharedPtr	no-ghidra-function
0x5a360c	_ZNSt6__ndk16vectorIN7Walaber9SharedPtrINS1_8CallbackEEENS_9allocatorIS4_EEE21__push_back_slow_pathIRKS4_EEvOT_	std::__ndk1::vector<Walaber::SharedPtr<std::__ndk1::vector::Callback>, std::__ndk1::allocator<std::__ndk1::vector::Callback>>::__push_back_slow_path<std::__ndk1::vector::Callback const&>	no-ghidra-function
0x5a3708	_ZN7Walaber14MemberCallbackIN12WaterConcept22CustomTransitionLoaderEED0Ev	MemberCallback<WaterConcept::CustomTransitionLoader>::~MemberCallback	no-ghidra-function
0x5a370c	_ZN7Walaber14MemberCallbackIN12WaterConcept22CustomTransitionLoaderEE6invokeEPv	Walaber::MemberCallback<WaterConcept::CustomTransitionLoader>::invoke	no-ghidra-function
0x5a373c	android_getCpuFamily	android_getCpuFamily	no-ghidra-function
0x5a399c	android_getCpuFeatures	android_getCpuFeatures	no-ghidra-function
0x5a39c8	android_getCpuCount	android_getCpuCount	no-ghidra-function
0x5a39f4	android_setCpu	android_setCpu	no-ghidra-function
0x5a3ca8	_ZSt18uncaught_exceptionv	std::uncaught_exception	no-ghidra-function
0x5a3cc4	_ZSt19uncaught_exceptionsv	std::uncaught_exceptions	no-ghidra-function
0x5a3cc8	_ZNSt13exception_ptrD2Ev	std::exception_ptr::~exception_ptr	no-ghidra-function
0x5a3cd0	_ZNSt13exception_ptrC2ERKS_	std::exception_ptr::exception_ptr	no-ghidra-function
0x5a3ce0	_ZNSt13exception_ptraSERKS_	_ZNSt13exception_ptraSERKS_	no-ghidra-function
0x5a3d28	_ZNSt16nested_exceptionC2Ev	std::nested_exception::nested_exception	no-ghidra-function
0x5a3d5c	_ZSt17current_exceptionv	std::current_exception	no-ghidra-function
0x5a3d80	_ZNSt16nested_exceptionD2Ev	std::nested_exception::~nested_exception	no-ghidra-function
0x5a3d9c	_ZNSt16nested_exceptionD0Ev	std::nested_exception::~nested_exception	no-ghidra-function
0x5a3e28	_ZSt17rethrow_exceptionSt13exception_ptr	std::rethrow_exception	no-ghidra-function
0x5a4130	_ZNSt6__ndk19basic_iosIcNS_11char_traitsIcEEED2Ev	basic_ios<char, std::__ndk1::char_traits<char>>::~basic_ios	no-ghidra-function
0x5a4268	_ZNSt6__ndk18ios_base16__call_callbacksENS0_5eventE	std::__ndk1::ios_base::__call_callbacks	no-ghidra-function
0x5a4894	_ZNKSt6__ndk18ios_base6getlocEv	const std::__ndk1::ios_base::getloc	no-ghidra-function
0x5a48a0	_ZNSt6__ndk18ios_base5imbueERKNS_6localeE	std::__ndk1::ios_base::imbue	no-ghidra-function
0x5a492c	_ZNSt6__ndk115basic_streambufIcNS_11char_traitsIcEEE8pubimbueERKNS_6localeE	std::__ndk1::basic_streambuf<char, std::__ndk1::char_traits<char>>::pubimbue	no-ghidra-function
0x5a4a30	_ZNSt6__ndk18ios_base4initEPv	std::__ndk1::ios_base::init	no-ghidra-function
0x5a4f34	_ZNSt6__ndk19basic_iosIwNS_11char_traitsIwEEED2Ev	basic_ios<wchar_t, std::__ndk1::char_traits<wchar_t>>::~basic_ios	no-ghidra-function
0x5a4f38	_ZNSt6__ndk19basic_iosIwNS_11char_traitsIwEEED0Ev	basic_ios<wchar_t, std::__ndk1::char_traits<wchar_t>>::~basic_ios	no-ghidra-function
0x5a4fa8	_ZNSt6__ndk19basic_iosIwNS_11char_traitsIwEEE7copyfmtERKS3_	std::__ndk1::basic_ios<wchar_t, std::__ndk1::char_traits<wchar_t>>::copyfmt	no-ghidra-function
0x5a555c	_ZNSt6__ndk115basic_streambufIcNS_11char_traitsIcEEED1Ev	basic_streambuf<char, std::__ndk1::char_traits<char>>::~basic_streambuf	no-ghidra-function
0x5a55a4	_ZNKSt6__ndk115basic_streambufIcNS_11char_traitsIcEEE6getlocEv	const std::__ndk1::basic_streambuf<char, std::__ndk1::char_traits<char>>::getloc	no-ghidra-function
0x5a55b0	_ZNSt6__ndk115basic_streambufIcNS_11char_traitsIcEEE9pubsetbufEPcl	std::__ndk1::basic_streambuf<char, std::__ndk1::char_traits<char>>::pubsetbuf	no-ghidra-function
0x5a55bc	_ZNSt6__ndk115basic_streambufIcNS_11char_traitsIcEEE10pubseekoffExNS_8ios_base7seekdirEj	std::__ndk1::basic_streambuf<char, std::__ndk1::char_traits<char>>::pubseekoff	no-ghidra-function
0x5a55c8	_ZNSt6__ndk115basic_streambufIcNS_11char_traitsIcEEE10pubseekposENS_4fposI9mbstate_tEEj	std::__ndk1::basic_streambuf<char, std::__ndk1::char_traits<char>>::pubseekpos	no-ghidra-function
0x5a55d4	_ZNSt6__ndk115basic_streambufIcNS_11char_traitsIcEEE7pubsyncEv	std::__ndk1::basic_streambuf<char, std::__ndk1::char_traits<char>>::pubsync	no-ghidra-function
0x5a55e0	_ZNSt6__ndk115basic_streambufIcNS_11char_traitsIcEEE8in_availEv	std::__ndk1::basic_streambuf<char, std::__ndk1::char_traits<char>>::in_avail	no-ghidra-function
0x5a5600	_ZNSt6__ndk115basic_streambufIcNS_11char_traitsIcEEE6snextcEv	std::__ndk1::basic_streambuf<char, std::__ndk1::char_traits<char>>::snextc	no-ghidra-function
0x5a567c	_ZNSt6__ndk115basic_streambufIcNS_11char_traitsIcEEE6sbumpcEv	std::__ndk1::basic_streambuf<char, std::__ndk1::char_traits<char>>::sbumpc	no-ghidra-function
0x5a56a4	_ZNSt6__ndk115basic_streambufIcNS_11char_traitsIcEEE5sgetcEv	std::__ndk1::basic_streambuf<char, std::__ndk1::char_traits<char>>::sgetc	no-ghidra-function
0x5a56c4	_ZNSt6__ndk115basic_streambufIcNS_11char_traitsIcEEE5sgetnEPcl	std::__ndk1::basic_streambuf<char, std::__ndk1::char_traits<char>>::sgetn	no-ghidra-function
0x5a56d0	_ZNSt6__ndk115basic_streambufIcNS_11char_traitsIcEEE9sputbackcEc	std::__ndk1::basic_streambuf<char, std::__ndk1::char_traits<char>>::sputbackc	no-ghidra-function
0x5a5704	_ZNSt6__ndk115basic_streambufIcNS_11char_traitsIcEEE7sungetcEv	std::__ndk1::basic_streambuf<char, std::__ndk1::char_traits<char>>::sungetc	no-ghidra-function
0x5a5764	_ZNSt6__ndk115basic_streambufIcNS_11char_traitsIcEEE5sputnEPKcl	std::__ndk1::basic_streambuf<char, std::__ndk1::char_traits<char>>::sputn	no-ghidra-function
0x5a5770	_ZNSt6__ndk115basic_streambufIcNS_11char_traitsIcEEEC2Ev	basic_streambuf<char, std::__ndk1::char_traits<char>>::basic_streambuf	no-ghidra-function
0x5a57ac	_ZNSt6__ndk115basic_streambufIcNS_11char_traitsIcEEEC2ERKS3_	basic_streambuf<char, std::__ndk1::char_traits<char>>::basic_streambuf	no-ghidra-function
0x5a5800	_ZNSt6__ndk115basic_streambufIcNS_11char_traitsIcEEEaSERKS3_	_ZNSt6__ndk115basic_streambufIcNS_11char_traitsIcEEEaSERKS3_	no-ghidra-function
0x5a5848	_ZNSt6__ndk115basic_streambufIcNS_11char_traitsIcEEE4swapERS3_	std::__ndk1::basic_streambuf<char, std::__ndk1::char_traits<char>>::swap	no-ghidra-function
0x5a594c	_ZNSt6__ndk115basic_streambufIcNS_11char_traitsIcEEE5gbumpEi	std::__ndk1::basic_streambuf<char, std::__ndk1::char_traits<char>>::gbump	no-ghidra-function
0x5a595c	_ZNSt6__ndk115basic_streambufIcNS_11char_traitsIcEEE4setgEPcS4_S4_	std::__ndk1::basic_streambuf<char, std::__ndk1::char_traits<char>>::setg	no-ghidra-function
0x5a5980	_ZNSt6__ndk115basic_streambufIcNS_11char_traitsIcEEE5pbumpEi	std::__ndk1::basic_streambuf<char, std::__ndk1::char_traits<char>>::pbump	no-ghidra-function
0x5a59a0	_ZNSt6__ndk115basic_streambufIcNS_11char_traitsIcEEE4setpEPcS4_	std::__ndk1::basic_streambuf<char, std::__ndk1::char_traits<char>>::setp	no-ghidra-function
0x5a59ac	_ZNSt6__ndk115basic_streambufIwNS_11char_traitsIwEEED2Ev	basic_streambuf<wchar_t, std::__ndk1::char_traits<wchar_t>>::~basic_streambuf	no-ghidra-function
0x5a59c0	_ZNSt6__ndk115basic_streambufIwNS_11char_traitsIwEEED0Ev	basic_streambuf<wchar_t, std::__ndk1::char_traits<wchar_t>>::~basic_streambuf	no-ghidra-function
0x5a59f4	_ZNKSt6__ndk115basic_streambufIwNS_11char_traitsIwEEE6getlocEv	const std::__ndk1::basic_streambuf<wchar_t, std::__ndk1::char_traits<wchar_t>>::getloc	no-ghidra-function
0x5a5a00	_ZNSt6__ndk115basic_streambufIwNS_11char_traitsIwEEE9pubsetbufEPwl	std::__ndk1::basic_streambuf<wchar_t, std::__ndk1::char_traits<wchar_t>>::pubsetbuf	no-ghidra-function
0x5a5a0c	_ZNSt6__ndk115basic_streambufIwNS_11char_traitsIwEEE10pubseekoffExNS_8ios_base7seekdirEj	std::__ndk1::basic_streambuf<wchar_t, std::__ndk1::char_traits<wchar_t>>::pubseekoff	no-ghidra-function
0x5a5a18	_ZNSt6__ndk115basic_streambufIwNS_11char_traitsIwEEE10pubseekposENS_4fposI9mbstate_tEEj	std::__ndk1::basic_streambuf<wchar_t, std::__ndk1::char_traits<wchar_t>>::pubseekpos	no-ghidra-function
0x5a5a24	_ZNSt6__ndk115basic_streambufIwNS_11char_traitsIwEEE7pubsyncEv	std::__ndk1::basic_streambuf<wchar_t, std::__ndk1::char_traits<wchar_t>>::pubsync	no-ghidra-function
0x5a5a30	_ZNSt6__ndk115basic_streambufIwNS_11char_traitsIwEEE8in_availEv	std::__ndk1::basic_streambuf<wchar_t, std::__ndk1::char_traits<wchar_t>>::in_avail	no-ghidra-function
0x5a5a54	_ZNSt6__ndk115basic_streambufIwNS_11char_traitsIwEEE6snextcEv	std::__ndk1::basic_streambuf<wchar_t, std::__ndk1::char_traits<wchar_t>>::snextc	no-ghidra-function
0x5a5ad4	_ZNSt6__ndk115basic_streambufIwNS_11char_traitsIwEEE6sbumpcEv	std::__ndk1::basic_streambuf<wchar_t, std::__ndk1::char_traits<wchar_t>>::sbumpc	no-ghidra-function
0x5a5afc	_ZNSt6__ndk115basic_streambufIwNS_11char_traitsIwEEE5sgetcEv	std::__ndk1::basic_streambuf<wchar_t, std::__ndk1::char_traits<wchar_t>>::sgetc	no-ghidra-function
0x5a5b1c	_ZNSt6__ndk115basic_streambufIwNS_11char_traitsIwEEE5sgetnEPwl	std::__ndk1::basic_streambuf<wchar_t, std::__ndk1::char_traits<wchar_t>>::sgetn	no-ghidra-function
0x5a5b28	_ZNSt6__ndk115basic_streambufIwNS_11char_traitsIwEEE9sputbackcEw	std::__ndk1::basic_streambuf<wchar_t, std::__ndk1::char_traits<wchar_t>>::sputbackc	no-ghidra-function
0x5a5b58	_ZNSt6__ndk115basic_streambufIwNS_11char_traitsIwEEE7sungetcEv	std::__ndk1::basic_streambuf<wchar_t, std::__ndk1::char_traits<wchar_t>>::sungetc	no-ghidra-function
0x5a5bb0	_ZNSt6__ndk115basic_streambufIwNS_11char_traitsIwEEE5sputnEPKwl	std::__ndk1::basic_streambuf<wchar_t, std::__ndk1::char_traits<wchar_t>>::sputn	no-ghidra-function
0x5a5bbc	_ZNSt6__ndk115basic_streambufIwNS_11char_traitsIwEEEC2Ev	basic_streambuf<wchar_t, std::__ndk1::char_traits<wchar_t>>::basic_streambuf	no-ghidra-function
0x5a5bf8	_ZNSt6__ndk115basic_streambufIwNS_11char_traitsIwEEEC2ERKS3_	basic_streambuf<wchar_t, std::__ndk1::char_traits<wchar_t>>::basic_streambuf	no-ghidra-function
0x5a5c4c	_ZNSt6__ndk115basic_streambufIwNS_11char_traitsIwEEEaSERKS3_	_ZNSt6__ndk115basic_streambufIwNS_11char_traitsIwEEEaSERKS3_	no-ghidra-function
0x5a5d98	_ZNSt6__ndk115basic_streambufIwNS_11char_traitsIwEEE5gbumpEi	std::__ndk1::basic_streambuf<wchar_t, std::__ndk1::char_traits<wchar_t>>::gbump	no-ghidra-function
0x5a5da8	_ZNSt6__ndk115basic_streambufIwNS_11char_traitsIwEEE4setgEPwS4_S4_	std::__ndk1::basic_streambuf<wchar_t, std::__ndk1::char_traits<wchar_t>>::setg	no-ghidra-function
0x5a5dcc	_ZNSt6__ndk115basic_streambufIwNS_11char_traitsIwEEE5pbumpEi	std::__ndk1::basic_streambuf<wchar_t, std::__ndk1::char_traits<wchar_t>>::pbump	no-ghidra-function
0x5a5dec	_ZNSt6__ndk115basic_streambufIwNS_11char_traitsIwEEE4setpEPwS4_	std::__ndk1::basic_streambuf<wchar_t, std::__ndk1::char_traits<wchar_t>>::setp	no-ghidra-function
0x5a5df8	_ZNSt6__ndk115basic_streambufIwNS_11char_traitsIwEEE5imbueERKNS_6localeE	std::__ndk1::basic_streambuf<wchar_t, std::__ndk1::char_traits<wchar_t>>::imbue	no-ghidra-function
0x5a5dfc	_ZNSt6__ndk115basic_streambufIwNS_11char_traitsIwEEE6setbufEPwl	std::__ndk1::basic_streambuf<wchar_t, std::__ndk1::char_traits<wchar_t>>::setbuf	no-ghidra-function
0x5a5e00	_ZNSt6__ndk115basic_streambufIwNS_11char_traitsIwEEE7seekoffExNS_8ios_base7seekdirEj	std::__ndk1::basic_streambuf<wchar_t, std::__ndk1::char_traits<wchar_t>>::seekoff	no-ghidra-function
0x5a5e0c	_ZNSt6__ndk115basic_streambufIwNS_11char_traitsIwEEE7seekposENS_4fposI9mbstate_tEEj	std::__ndk1::basic_streambuf<wchar_t, std::__ndk1::char_traits<wchar_t>>::seekpos	no-ghidra-function
0x5a5e18	_ZNSt6__ndk115basic_streambufIwNS_11char_traitsIwEEE4syncEv	std::__ndk1::basic_streambuf<wchar_t, std::__ndk1::char_traits<wchar_t>>::sync	no-ghidra-function
0x5a5e20	_ZNSt6__ndk115basic_streambufIwNS_11char_traitsIwEEE9showmanycEv	std::__ndk1::basic_streambuf<wchar_t, std::__ndk1::char_traits<wchar_t>>::showmanyc	no-ghidra-function
0x5a5e28	_ZNSt6__ndk115basic_streambufIwNS_11char_traitsIwEEE6xsgetnEPwl	std::__ndk1::basic_streambuf<wchar_t, std::__ndk1::char_traits<wchar_t>>::xsgetn	no-ghidra-function
0x5a5ef8	_ZNSt6__ndk115basic_streambufIwNS_11char_traitsIwEEE9underflowEv	std::__ndk1::basic_streambuf<wchar_t, std::__ndk1::char_traits<wchar_t>>::underflow	no-ghidra-function
0x5a5f00	_ZNSt6__ndk115basic_streambufIwNS_11char_traitsIwEEE5uflowEv	std::__ndk1::basic_streambuf<wchar_t, std::__ndk1::char_traits<wchar_t>>::uflow	no-ghidra-function
0x5a5f40	_ZNSt6__ndk115basic_streambufIwNS_11char_traitsIwEEE9pbackfailEj	std::__ndk1::basic_streambuf<wchar_t, std::__ndk1::char_traits<wchar_t>>::pbackfail	no-ghidra-function
0x5a5f48	_ZNSt6__ndk115basic_streambufIwNS_11char_traitsIwEEE6xsputnEPKwl	std::__ndk1::basic_streambuf<wchar_t, std::__ndk1::char_traits<wchar_t>>::xsputn	no-ghidra-function
0x5a6018	_ZNSt6__ndk115basic_streambufIwNS_11char_traitsIwEEE8overflowEj	std::__ndk1::basic_streambuf<wchar_t, std::__ndk1::char_traits<wchar_t>>::overflow	no-ghidra-function
0x5a6020	_ZNSt6__ndk113basic_istreamIcNS_11char_traitsIcEEEC2EPNS_15basic_streambufIcS2_EE	basic_istream<char, std::__ndk1::char_traits<char>>::basic_istream	no-ghidra-function
0x5a60a8	_ZNSt6__ndk113basic_istreamIcNS_11char_traitsIcEEEC1EPNS_15basic_streambufIcS2_EE	basic_istream<char, std::__ndk1::char_traits<char>>::basic_istream	no-ghidra-function
0x5a6128	_ZNSt6__ndk113basic_istreamIcNS_11char_traitsIcEEED2Ev	basic_istream<char, std::__ndk1::char_traits<char>>::~basic_istream	no-ghidra-function
0x5a659c	_ZNSt6__ndk113basic_istreamIcNS_11char_traitsIcEEErsEPFRS3_S4_E	std::__ndk1::basic_istream<char, std::__ndk1::char_traits<char>>::short restrict	no-ghidra-function
0x5a65a0	_ZNSt6__ndk113basic_istreamIcNS_11char_traitsIcEEErsEPFRNS_9basic_iosIcS2_EES6_E	std::__ndk1::basic_istream<char, std::__ndk1::char_traits<char>>::short restrict	no-ghidra-function
0x5a65d0	_ZNSt6__ndk113basic_istreamIcNS_11char_traitsIcEEErsEPFRNS_8ios_baseES5_E	std::__ndk1::basic_istream<char, std::__ndk1::char_traits<char>>::short restrict	no-ghidra-function
0x5a6600	_ZNSt6__ndk113basic_istreamIcNS_11char_traitsIcEEErsEPNS_15basic_streambufIcS2_EE	std::__ndk1::basic_istream<char, std::__ndk1::char_traits<char>>::short restrict	no-ghidra-function
0x5a67f8	_ZNSt6__ndk18ios_base34__set_failbit_and_consider_rethrowEv	std::__ndk1::ios_base::__set_failbit_and_consider_rethrow	no-ghidra-function
0x5a681c	_ZNSt6__ndk18ios_base33__set_badbit_and_consider_rethrowEv	std::__ndk1::ios_base::__set_badbit_and_consider_rethrow	no-ghidra-function
0x5a6dd4	_ZNSt6__ndk113basic_istreamIcNS_11char_traitsIcEEErsERj	std::__ndk1::basic_istream<char, std::__ndk1::char_traits<char>>::short restrict	no-ghidra-function
0x5a705c	_ZNSt6__ndk113basic_istreamIcNS_11char_traitsIcEEErsERm	std::__ndk1::basic_istream<char, std::__ndk1::char_traits<char>>::short restrict	no-ghidra-function
0x5a76b0	_ZNSt6__ndk113basic_istreamIcNS_11char_traitsIcEEErsERe	std::__ndk1::basic_istream<char, std::__ndk1::char_traits<char>>::short restrict	no-ghidra-function
0x5a77f4	_ZNSt6__ndk113basic_istreamIcNS_11char_traitsIcEEErsERPv	std::__ndk1::basic_istream<char, std::__ndk1::char_traits<char>>::short restrict	no-ghidra-function
0x5a7940	_ZNSt6__ndk113basic_istreamIcNS_11char_traitsIcEEE3getEv	std::__ndk1::basic_istream<char, std::__ndk1::char_traits<char>>::get	no-ghidra-function
0x5a7a44	_ZNSt6__ndk113basic_istreamIcNS_11char_traitsIcEEE3getERc	std::__ndk1::basic_istream<char, std::__ndk1::char_traits<char>>::get	no-ghidra-function
0x5a7a78	_ZNSt6__ndk113basic_istreamIcNS_11char_traitsIcEEE3getEPcl	std::__ndk1::basic_istream<char, std::__ndk1::char_traits<char>>::get	no-ghidra-function
0x5a7b40	_ZNSt6__ndk113basic_istreamIcNS_11char_traitsIcEEE3getEPclc	std::__ndk1::basic_istream<char, std::__ndk1::char_traits<char>>::get	no-ghidra-function
0x5a7d40	_ZNSt6__ndk113basic_istreamIcNS_11char_traitsIcEEE3getERNS_15basic_streambufIcS2_EE	std::__ndk1::basic_istream<char, std::__ndk1::char_traits<char>>::get	no-ghidra-function
0x5a7df8	_ZNSt6__ndk113basic_istreamIcNS_11char_traitsIcEEE3getERNS_15basic_streambufIcS2_EEc	std::__ndk1::basic_istream<char, std::__ndk1::char_traits<char>>::get	no-ghidra-function
0x5a7fb0	_ZNSt6__ndk113basic_istreamIcNS_11char_traitsIcEEE7getlineEPcl	std::__ndk1::basic_istream<char, std::__ndk1::char_traits<char>>::getline	no-ghidra-function
0x5a87b8	_ZNSt6__ndk113basic_istreamIcNS_11char_traitsIcEEE5ungetEv	std::__ndk1::basic_istream<char, std::__ndk1::char_traits<char>>::unget	no-ghidra-function
0x5a88f4	_ZNSt6__ndk113basic_istreamIcNS_11char_traitsIcEEE4syncEv	std::__ndk1::basic_istream<char, std::__ndk1::char_traits<char>>::sync	no-ghidra-function
0x5a89d8	_ZNSt6__ndk113basic_istreamIcNS_11char_traitsIcEEE5seekgENS_4fposI9mbstate_tEE	std::__ndk1::basic_istream<char, std::__ndk1::char_traits<char>>::seekg	no-ghidra-function
0x5a8aec	_ZNSt6__ndk113basic_istreamIwNS_11char_traitsIwEEEC2EPNS_15basic_streambufIwS2_EE	basic_istream<wchar_t, std::__ndk1::char_traits<wchar_t>>::basic_istream	no-ghidra-function
0x5a8b74	_ZNSt6__ndk113basic_istreamIwNS_11char_traitsIwEEEC1EPNS_15basic_streambufIwS2_EE	basic_istream<wchar_t, std::__ndk1::char_traits<wchar_t>>::basic_istream	no-ghidra-function
0x5a8bf4	_ZNSt6__ndk113basic_istreamIwNS_11char_traitsIwEEED2Ev	basic_istream<wchar_t, std::__ndk1::char_traits<wchar_t>>::~basic_istream	no-ghidra-function
0x5a8bf8	_ZNSt6__ndk113basic_istreamIwNS_11char_traitsIwEEED1Ev	basic_istream<wchar_t, std::__ndk1::char_traits<wchar_t>>::~basic_istream	no-ghidra-function
0x5a8c00	_ZTv0_n24_NSt6__ndk113basic_istreamIwNS_11char_traitsIwEEED1Ev	Tv0_n24_NSt6__ndk113basic_istreamIwNS_11char_traitsIwEEED1Ev	no-ghidra-function
0x5a8c14	_ZNSt6__ndk113basic_istreamIwNS_11char_traitsIwEEED0Ev	basic_istream<wchar_t, std::__ndk1::char_traits<wchar_t>>::~basic_istream	no-ghidra-function
0x5a90ec	_ZNSt6__ndk113basic_ostreamIwNS_11char_traitsIwEEE5flushEv	std::__ndk1::basic_ostream<wchar_t, std::__ndk1::char_traits<wchar_t>>::flush	no-ghidra-function
0x5a922c	_ZNSt6__ndk113basic_istreamIwNS_11char_traitsIwEEErsEPFRS3_S4_E	std::__ndk1::basic_istream<wchar_t, std::__ndk1::char_traits<wchar_t>>::short restrict	no-ghidra-function
0x5a9230	_ZNSt6__ndk113basic_istreamIwNS_11char_traitsIwEEErsEPFRNS_9basic_iosIwS2_EES6_E	std::__ndk1::basic_istream<wchar_t, std::__ndk1::char_traits<wchar_t>>::short restrict	no-ghidra-function
0x5a9260	_ZNSt6__ndk113basic_istreamIwNS_11char_traitsIwEEErsEPFRNS_8ios_baseES5_E	std::__ndk1::basic_istream<wchar_t, std::__ndk1::char_traits<wchar_t>>::short restrict	no-ghidra-function
0x5a9290	_ZNSt6__ndk113basic_istreamIwNS_11char_traitsIwEEErsEPNS_15basic_streambufIwS2_EE	std::__ndk1::basic_istream<wchar_t, std::__ndk1::char_traits<wchar_t>>::short restrict	no-ghidra-function
0x5a9490	_ZNSt6__ndk113basic_istreamIwNS_11char_traitsIwEEErsERb	std::__ndk1::basic_istream<wchar_t, std::__ndk1::char_traits<wchar_t>>::short restrict	no-ghidra-function
0x5a95d4	_ZNSt6__ndk113basic_istreamIwNS_11char_traitsIwEEErsERs	std::__ndk1::basic_istream<wchar_t, std::__ndk1::char_traits<wchar_t>>::short restrict	no-ghidra-function
0x5a9758	_ZNSt6__ndk113basic_istreamIwNS_11char_traitsIwEEErsERt	std::__ndk1::basic_istream<wchar_t, std::__ndk1::char_traits<wchar_t>>::short restrict	no-ghidra-function
0x5a989c	_ZNSt6__ndk113basic_istreamIwNS_11char_traitsIwEEErsERi	std::__ndk1::basic_istream<wchar_t, std::__ndk1::char_traits<wchar_t>>::short restrict	no-ghidra-function
0x5a9a24	_ZNSt6__ndk113basic_istreamIwNS_11char_traitsIwEEErsERj	std::__ndk1::basic_istream<wchar_t, std::__ndk1::char_traits<wchar_t>>::short restrict	no-ghidra-function
0x5a9b68	_ZNSt6__ndk113basic_istreamIwNS_11char_traitsIwEEErsERl	std::__ndk1::basic_istream<wchar_t, std::__ndk1::char_traits<wchar_t>>::short restrict	no-ghidra-function
0x5a9cac	_ZNSt6__ndk113basic_istreamIwNS_11char_traitsIwEEErsERm	std::__ndk1::basic_istream<wchar_t, std::__ndk1::char_traits<wchar_t>>::short restrict	no-ghidra-function
0x5a9df0	_ZNSt6__ndk113basic_istreamIwNS_11char_traitsIwEEErsERx	std::__ndk1::basic_istream<wchar_t, std::__ndk1::char_traits<wchar_t>>::short restrict	no-ghidra-function
0x5a9f34	_ZNSt6__ndk113basic_istreamIwNS_11char_traitsIwEEErsERy	std::__ndk1::basic_istream<wchar_t, std::__ndk1::char_traits<wchar_t>>::short restrict	no-ghidra-function
0x5aa078	_ZNSt6__ndk113basic_istreamIwNS_11char_traitsIwEEErsERf	std::__ndk1::basic_istream<wchar_t, std::__ndk1::char_traits<wchar_t>>::short restrict	no-ghidra-function
0x5aa1bc	_ZNSt6__ndk113basic_istreamIwNS_11char_traitsIwEEErsERd	std::__ndk1::basic_istream<wchar_t, std::__ndk1::char_traits<wchar_t>>::short restrict	no-ghidra-function
0x5aa300	_ZNSt6__ndk113basic_istreamIwNS_11char_traitsIwEEErsERe	std::__ndk1::basic_istream<wchar_t, std::__ndk1::char_traits<wchar_t>>::short restrict	no-ghidra-function
0x5aa444	_ZNSt6__ndk113basic_istreamIwNS_11char_traitsIwEEErsERPv	std::__ndk1::basic_istream<wchar_t, std::__ndk1::char_traits<wchar_t>>::short restrict	no-ghidra-function
0x5aa590	_ZNSt6__ndk113basic_istreamIwNS_11char_traitsIwEEE3getEv	std::__ndk1::basic_istream<wchar_t, std::__ndk1::char_traits<wchar_t>>::get	no-ghidra-function
0x5aa69c	_ZNSt6__ndk113basic_istreamIwNS_11char_traitsIwEEE3getERw	std::__ndk1::basic_istream<wchar_t, std::__ndk1::char_traits<wchar_t>>::get	no-ghidra-function
0x5aa6d0	_ZNSt6__ndk113basic_istreamIwNS_11char_traitsIwEEE3getEPwl	std::__ndk1::basic_istream<wchar_t, std::__ndk1::char_traits<wchar_t>>::get	no-ghidra-function
0x5aa798	_ZNSt6__ndk113basic_istreamIwNS_11char_traitsIwEEE3getEPwlw	std::__ndk1::basic_istream<wchar_t, std::__ndk1::char_traits<wchar_t>>::get	no-ghidra-function
0x5aa99c	_ZNSt6__ndk113basic_istreamIwNS_11char_traitsIwEEE3getERNS_15basic_streambufIwS2_EE	std::__ndk1::basic_istream<wchar_t, std::__ndk1::char_traits<wchar_t>>::get	no-ghidra-function
0x5aaa54	_ZNSt6__ndk113basic_istreamIwNS_11char_traitsIwEEE3getERNS_15basic_streambufIwS2_EEw	std::__ndk1::basic_istream<wchar_t, std::__ndk1::char_traits<wchar_t>>::get	no-ghidra-function
0x5aac10	_ZNSt6__ndk113basic_istreamIwNS_11char_traitsIwEEE7getlineEPwl	std::__ndk1::basic_istream<wchar_t, std::__ndk1::char_traits<wchar_t>>::getline	no-ghidra-function
0x5aacd8	_ZNSt6__ndk113basic_istreamIwNS_11char_traitsIwEEE7getlineEPwlw	std::__ndk1::basic_istream<wchar_t, std::__ndk1::char_traits<wchar_t>>::getline	no-ghidra-function
0x5aaef4	_ZNSt6__ndk113basic_istreamIwNS_11char_traitsIwEEE6ignoreElj	std::__ndk1::basic_istream<wchar_t, std::__ndk1::char_traits<wchar_t>>::ignore	no-ghidra-function
0x5ab0ac	_ZNSt6__ndk113basic_istreamIwNS_11char_traitsIwEEE4peekEv	std::__ndk1::basic_istream<wchar_t, std::__ndk1::char_traits<wchar_t>>::peek	no-ghidra-function
0x5ab1a4	_ZNSt6__ndk113basic_istreamIwNS_11char_traitsIwEEE4readEPwl	std::__ndk1::basic_istream<wchar_t, std::__ndk1::char_traits<wchar_t>>::read	no-ghidra-function
0x5ab2b4	_ZNSt6__ndk113basic_istreamIwNS_11char_traitsIwEEE8readsomeEPwl	std::__ndk1::basic_istream<wchar_t, std::__ndk1::char_traits<wchar_t>>::readsome	no-ghidra-function
0x5ab3f8	_ZNSt6__ndk113basic_istreamIwNS_11char_traitsIwEEE7putbackEw	std::__ndk1::basic_istream<wchar_t, std::__ndk1::char_traits<wchar_t>>::putback	no-ghidra-function
0x5ab54c	_ZNSt6__ndk113basic_istreamIwNS_11char_traitsIwEEE5ungetEv	std::__ndk1::basic_istream<wchar_t, std::__ndk1::char_traits<wchar_t>>::unget	no-ghidra-function
0x5ab694	_ZNSt6__ndk113basic_istreamIwNS_11char_traitsIwEEE4syncEv	std::__ndk1::basic_istream<wchar_t, std::__ndk1::char_traits<wchar_t>>::sync	no-ghidra-function
0x5ab778	_ZNSt6__ndk113basic_istreamIwNS_11char_traitsIwEEE5tellgEv	std::__ndk1::basic_istream<wchar_t, std::__ndk1::char_traits<wchar_t>>::tellg	no-ghidra-function
0x5ab844	_ZNSt6__ndk113basic_istreamIwNS_11char_traitsIwEEE5seekgENS_4fposI9mbstate_tEE	std::__ndk1::basic_istream<wchar_t, std::__ndk1::char_traits<wchar_t>>::seekg	no-ghidra-function
0x5ab958	_ZNSt6__ndk113basic_istreamIwNS_11char_traitsIwEEE5seekgExNS_8ios_base7seekdirE	std::__ndk1::basic_istream<wchar_t, std::__ndk1::char_traits<wchar_t>>::seekg	no-ghidra-function
0x5aba6c	_ZNSt6__ndk113basic_ostreamIcNS_11char_traitsIcEEEC2EPNS_15basic_streambufIcS2_EE	basic_ostream<char, std::__ndk1::char_traits<char>>::basic_ostream	no-ghidra-function
0x5abaf0	_ZNSt6__ndk113basic_ostreamIcNS_11char_traitsIcEEEC1EPNS_15basic_streambufIcS2_EE	basic_ostream<char, std::__ndk1::char_traits<char>>::basic_ostream	no-ghidra-function
0x5abb74	_ZNSt6__ndk113basic_ostreamIcNS_11char_traitsIcEEED2Ev	basic_ostream<char, std::__ndk1::char_traits<char>>::~basic_ostream	no-ghidra-function
0x5abb78	_ZNSt6__ndk113basic_ostreamIcNS_11char_traitsIcEEED1Ev	basic_ostream<char, std::__ndk1::char_traits<char>>::~basic_ostream	no-ghidra-function
0x5abb80	_ZTv0_n24_NSt6__ndk113basic_ostreamIcNS_11char_traitsIcEEED1Ev	Tv0_n24_NSt6__ndk113basic_ostreamIcNS_11char_traitsIcEEED1Ev	no-ghidra-function
0x5abb94	_ZNSt6__ndk113basic_ostreamIcNS_11char_traitsIcEEED0Ev	basic_ostream<char, std::__ndk1::char_traits<char>>::~basic_ostream	no-ghidra-function
0x5abbbc	_ZTv0_n24_NSt6__ndk113basic_ostreamIcNS_11char_traitsIcEEED0Ev	Tv0_n24_NSt6__ndk113basic_ostreamIcNS_11char_traitsIcEEED0Ev	no-ghidra-function
0x5abdd0	_ZNSt6__ndk113basic_ostreamIcNS_11char_traitsIcEEE4swapERS3_	std::__ndk1::basic_ostream<char, std::__ndk1::char_traits<char>>::swap	no-ghidra-function
0x5abe2c	_ZNSt6__ndk113basic_ostreamIcNS_11char_traitsIcEEE6sentryC1ERS3_	sentry::sentry	no-ghidra-function
0x5abe7c	_ZNSt6__ndk113basic_ostreamIcNS_11char_traitsIcEEE6sentryD1Ev	sentry::~sentry	no-ghidra-function
0x5abf24	_ZNSt6__ndk113basic_ostreamIcNS_11char_traitsIcEEElsEPFRS3_S4_E	std::__ndk1::basic_ostream<char, std::__ndk1::char_traits<char>>::long::short	no-ghidra-function
0x5abf28	_ZNSt6__ndk113basic_ostreamIcNS_11char_traitsIcEEElsEPFRNS_9basic_iosIcS2_EES6_E	std::__ndk1::basic_ostream<char, std::__ndk1::char_traits<char>>::long::short	no-ghidra-function
0x5abf58	_ZNSt6__ndk113basic_ostreamIcNS_11char_traitsIcEEElsEPFRNS_8ios_baseES5_E	std::__ndk1::basic_ostream<char, std::__ndk1::char_traits<char>>::long::short	no-ghidra-function
0x5abf88	_ZNSt6__ndk113basic_ostreamIcNS_11char_traitsIcEEElsEb	std::__ndk1::basic_ostream<char, std::__ndk1::char_traits<char>>::long::short	no-ghidra-function
0x5ac168	_ZNSt6__ndk113basic_ostreamIcNS_11char_traitsIcEEElsEs	std::__ndk1::basic_ostream<char, std::__ndk1::char_traits<char>>::long::short	no-ghidra-function
0x5ac368	_ZNSt6__ndk113basic_ostreamIcNS_11char_traitsIcEEElsEt	std::__ndk1::basic_ostream<char, std::__ndk1::char_traits<char>>::long::short	no-ghidra-function
0x5ac548	_ZNSt6__ndk113basic_ostreamIcNS_11char_traitsIcEEElsEj	std::__ndk1::basic_ostream<char, std::__ndk1::char_traits<char>>::long::short	no-ghidra-function
0x5ac728	_ZNSt6__ndk113basic_ostreamIcNS_11char_traitsIcEEElsEl	std::__ndk1::basic_ostream<char, std::__ndk1::char_traits<char>>::long::short	no-ghidra-function
0x5ac908	_ZNSt6__ndk113basic_ostreamIcNS_11char_traitsIcEEElsEm	std::__ndk1::basic_ostream<char, std::__ndk1::char_traits<char>>::long::short	no-ghidra-function
0x5accc8	_ZNSt6__ndk113basic_ostreamIcNS_11char_traitsIcEEElsEy	std::__ndk1::basic_ostream<char, std::__ndk1::char_traits<char>>::long::short	no-ghidra-function
0x5acea8	_ZNSt6__ndk113basic_ostreamIcNS_11char_traitsIcEEElsEd	std::__ndk1::basic_ostream<char, std::__ndk1::char_traits<char>>::long::short	no-ghidra-function
0x5ad088	_ZNSt6__ndk113basic_ostreamIcNS_11char_traitsIcEEElsEe	std::__ndk1::basic_ostream<char, std::__ndk1::char_traits<char>>::long::short	no-ghidra-function
0x5ad260	_ZNSt6__ndk113basic_ostreamIcNS_11char_traitsIcEEElsEPKv	std::__ndk1::basic_ostream<char, std::__ndk1::char_traits<char>>::long::short	no-ghidra-function
0x5ad7b4	_ZNSt6__ndk113basic_ostreamIcNS_11char_traitsIcEEE5tellpEv	std::__ndk1::basic_ostream<char, std::__ndk1::char_traits<char>>::tellp	no-ghidra-function
0x5ad808	_ZNSt6__ndk113basic_ostreamIcNS_11char_traitsIcEEE5seekpENS_4fposI9mbstate_tEE	std::__ndk1::basic_ostream<char, std::__ndk1::char_traits<char>>::seekp	no-ghidra-function
0x5adad4	_ZNSt6__ndk113basic_ostreamIwNS_11char_traitsIwEEEC1EPNS_15basic_streambufIwS2_EE	basic_ostream<wchar_t, std::__ndk1::char_traits<wchar_t>>::basic_ostream	no-ghidra-function
0x5adb58	_ZNSt6__ndk113basic_ostreamIwNS_11char_traitsIwEEED2Ev	basic_ostream<wchar_t, std::__ndk1::char_traits<wchar_t>>::~basic_ostream	no-ghidra-function
0x5adb5c	_ZNSt6__ndk113basic_ostreamIwNS_11char_traitsIwEEED1Ev	basic_ostream<wchar_t, std::__ndk1::char_traits<wchar_t>>::~basic_ostream	no-ghidra-function
0x5adb64	_ZTv0_n24_NSt6__ndk113basic_ostreamIwNS_11char_traitsIwEEED1Ev	Tv0_n24_NSt6__ndk113basic_ostreamIwNS_11char_traitsIwEEED1Ev	no-ghidra-function
0x5adb78	_ZNSt6__ndk113basic_ostreamIwNS_11char_traitsIwEEED0Ev	basic_ostream<wchar_t, std::__ndk1::char_traits<wchar_t>>::~basic_ostream	no-ghidra-function
0x5ade10	_ZNSt6__ndk113basic_ostreamIwNS_11char_traitsIwEEE6sentryC2ERS3_	sentry::sentry	no-ghidra-function
0x5adf08	_ZNSt6__ndk113basic_ostreamIwNS_11char_traitsIwEEElsEPFRS3_S4_E	std::__ndk1::basic_ostream<wchar_t, std::__ndk1::char_traits<wchar_t>>::long::short	no-ghidra-function
0x5adf0c	_ZNSt6__ndk113basic_ostreamIwNS_11char_traitsIwEEElsEPFRNS_9basic_iosIwS2_EES6_E	std::__ndk1::basic_ostream<wchar_t, std::__ndk1::char_traits<wchar_t>>::long::short	no-ghidra-function
0x5adf3c	_ZNSt6__ndk113basic_ostreamIwNS_11char_traitsIwEEElsEPFRNS_8ios_baseES5_E	std::__ndk1::basic_ostream<wchar_t, std::__ndk1::char_traits<wchar_t>>::long::short	no-ghidra-function
0x5ae52c	_ZNSt6__ndk113basic_ostreamIwNS_11char_traitsIwEEElsEi	std::__ndk1::basic_ostream<wchar_t, std::__ndk1::char_traits<wchar_t>>::long::short	no-ghidra-function
0x5ae72c	_ZNSt6__ndk113basic_ostreamIwNS_11char_traitsIwEEElsEj	std::__ndk1::basic_ostream<wchar_t, std::__ndk1::char_traits<wchar_t>>::long::short	no-ghidra-function
0x5aeccc	_ZNSt6__ndk113basic_ostreamIwNS_11char_traitsIwEEElsEx	std::__ndk1::basic_ostream<wchar_t, std::__ndk1::char_traits<wchar_t>>::long::short	no-ghidra-function
0x5aeeac	_ZNSt6__ndk113basic_ostreamIwNS_11char_traitsIwEEElsEy	std::__ndk1::basic_ostream<wchar_t, std::__ndk1::char_traits<wchar_t>>::long::short	no-ghidra-function
0x5af08c	_ZNSt6__ndk113basic_ostreamIwNS_11char_traitsIwEEElsEf	std::__ndk1::basic_ostream<wchar_t, std::__ndk1::char_traits<wchar_t>>::long::short	no-ghidra-function
0x5af26c	_ZNSt6__ndk113basic_ostreamIwNS_11char_traitsIwEEElsEd	std::__ndk1::basic_ostream<wchar_t, std::__ndk1::char_traits<wchar_t>>::long::short	no-ghidra-function
0x5af44c	_ZNSt6__ndk113basic_ostreamIwNS_11char_traitsIwEEElsEe	std::__ndk1::basic_ostream<wchar_t, std::__ndk1::char_traits<wchar_t>>::long::short	no-ghidra-function
0x5af624	_ZNSt6__ndk113basic_ostreamIwNS_11char_traitsIwEEElsEPKv	std::__ndk1::basic_ostream<wchar_t, std::__ndk1::char_traits<wchar_t>>::long::short	no-ghidra-function
0x5af804	_ZNSt6__ndk113basic_ostreamIwNS_11char_traitsIwEEElsEPNS_15basic_streambufIwS2_EE	std::__ndk1::basic_ostream<wchar_t, std::__ndk1::char_traits<wchar_t>>::long::short	no-ghidra-function
0x5afa54	_ZNSt6__ndk113basic_ostreamIwNS_11char_traitsIwEEE3putEw	std::__ndk1::basic_ostream<wchar_t, std::__ndk1::char_traits<wchar_t>>::put	no-ghidra-function
0x5afbb0	_ZNSt6__ndk113basic_ostreamIwNS_11char_traitsIwEEE5writeEPKwl	std::__ndk1::basic_ostream<wchar_t, std::__ndk1::char_traits<wchar_t>>::write	no-ghidra-function
0x5afce8	_ZNSt6__ndk113basic_ostreamIwNS_11char_traitsIwEEE5tellpEv	std::__ndk1::basic_ostream<wchar_t, std::__ndk1::char_traits<wchar_t>>::tellp	no-ghidra-function
0x5afd3c	_ZNSt6__ndk113basic_ostreamIwNS_11char_traitsIwEEE5seekpENS_4fposI9mbstate_tEE	std::__ndk1::basic_ostream<wchar_t, std::__ndk1::char_traits<wchar_t>>::seekp	no-ghidra-function
0x5afe44	_ZNSt6__ndk113basic_ostreamIwNS_11char_traitsIwEEE5seekpExNS_8ios_base7seekdirE	std::__ndk1::basic_ostream<wchar_t, std::__ndk1::char_traits<wchar_t>>::seekp	no-ghidra-function
0x5aff84	_ZNSt6__ndk114basic_iostreamIcNS_11char_traitsIcEEEC2EPNS_15basic_streambufIcS2_EE	basic_iostream<char, std::__ndk1::char_traits<char>>::basic_iostream	no-ghidra-function
0x5b0050	_ZNSt6__ndk114basic_iostreamIcNS_11char_traitsIcEEEC1EPNS_15basic_streambufIcS2_EE	basic_iostream<char, std::__ndk1::char_traits<char>>::basic_iostream	no-ghidra-function
0x5b00fc	_ZNSt6__ndk114basic_iostreamIcNS_11char_traitsIcEEED2Ev	basic_iostream<char, std::__ndk1::char_traits<char>>::~basic_iostream	no-ghidra-function
0x5b0100	_ZNSt6__ndk114basic_iostreamIcNS_11char_traitsIcEEED1Ev	basic_iostream<char, std::__ndk1::char_traits<char>>::~basic_iostream	no-ghidra-function
0x5b0108	_ZThn16_NSt6__ndk114basic_iostreamIcNS_11char_traitsIcEEED1Ev	Thn16_NSt6__ndk114basic_iostreamIcNS_11char_traitsIcEEED1Ev	no-ghidra-function
0x5b0110	_ZTv0_n24_NSt6__ndk114basic_iostreamIcNS_11char_traitsIcEEED1Ev	Tv0_n24_NSt6__ndk114basic_iostreamIcNS_11char_traitsIcEEED1Ev	no-ghidra-function
0x5b0124	_ZNSt6__ndk114basic_iostreamIcNS_11char_traitsIcEEED0Ev	basic_iostream<char, std::__ndk1::char_traits<char>>::~basic_iostream	no-ghidra-function
0x5b014c	_ZThn16_NSt6__ndk114basic_iostreamIcNS_11char_traitsIcEEED0Ev	Thn16_NSt6__ndk114basic_iostreamIcNS_11char_traitsIcEEED0Ev	no-ghidra-function
0x5b0174	_ZTv0_n24_NSt6__ndk114basic_iostreamIcNS_11char_traitsIcEEED0Ev	Tv0_n24_NSt6__ndk114basic_iostreamIcNS_11char_traitsIcEEED0Ev	no-ghidra-function
0x5b0414	_ZNSt6__ndk114basic_iostreamIcNS_11char_traitsIcEEE4swapERS3_	std::__ndk1::basic_iostream<char, std::__ndk1::char_traits<char>>::swap	no-ghidra-function
0x5b050c	_ZNSt6__ndk117iostream_categoryEv	std::__ndk1::iostream_category	no-ghidra-function
0x5b0590	_ZNSt6__ndk18ios_base7failureC2ERKNS_12basic_stringIcNS_11char_traitsIcEENS_9allocatorIcEEEERKNS_10error_codeE	failure::failure	no-ghidra-function
0x5b05c8	_ZNSt6__ndk18ios_base7failureC2EPKcRKNS_10error_codeE	failure::failure	no-ghidra-function
0x5b0600	_ZNSt6__ndk18ios_base7failureD2Ev	failure::~failure	no-ghidra-function
0x5b0604	_ZNSt6__ndk18ios_base7failureD0Ev	failure::~failure	no-ghidra-function
0x5b0628	_ZNSt6__ndk18ios_base6xallocEv	std::__ndk1::ios_base::xalloc	no-ghidra-function
0x5b0644	_ZNSt6__ndk18ios_base5iwordEi	std::__ndk1::ios_base::iword	no-ghidra-function
0x5b074c	_ZNSt6__ndk18ios_base5pwordEi	std::__ndk1::ios_base::pword	no-ghidra-function
0x5b0828	_ZNSt6__ndk18ios_base17register_callbackEPFvNS0_5eventERS0_iEi	std::__ndk1::ios_base::register_callback	no-ghidra-function
0x5b08fc	_ZNSt6__ndk18ios_baseD0Ev	ios_base::~ios_base	no-ghidra-function
0x5b0920	_ZNSt6__ndk18ios_base15sync_with_stdioEb	std::__ndk1::ios_base::sync_with_stdio	no-ghidra-function
0x5b095c	_ZNSt6__ndk18ios_base4InitC2Ev	Init::Init	no-ghidra-function
0x5b0ffc	_ZNSt6__ndk18ios_base4InitD2Ev	Init::~Init	no-ghidra-function
0x5b1eb0	_ZNSt6__ndk17collateIcED2Ev	collate<char>::~collate	no-ghidra-function
0x5b1eb4	_ZNSt6__ndk17codecvtIcc9mbstate_tED2Ev	codecvt<char, char, mbstate_t>::~codecvt	no-ghidra-function
0x5b1eb8	_ZNSt6__ndk17collateIcED0Ev	collate<char>::~collate	no-ghidra-function
0x5b1edc	_ZNKSt6__ndk17collateIcE10do_compareEPKcS3_S3_S3_	const std::__ndk1::collate<char>::do_compare	no-ghidra-function
0x5b1f38	_ZNKSt6__ndk17collateIcE12do_transformEPKcS3_	const std::__ndk1::collate<char>::do_transform	no-ghidra-function
0x5b2030	_ZNKSt6__ndk17collateIcE7do_hashEPKcS3_	const std::__ndk1::collate<char>::do_hash	no-ghidra-function
0x5b20a0	_ZNSt6__ndk17collateIwED2Ev	collate<wchar_t>::~collate	no-ghidra-function
0x5b20a4	_ZNSt6__ndk17collateIwED0Ev	collate<wchar_t>::~collate	no-ghidra-function
0x5b20c8	_ZNKSt6__ndk17collateIwE10do_compareEPKwS3_S3_S3_	const std::__ndk1::collate<wchar_t>::do_compare	no-ghidra-function
0x5b2124	_ZNKSt6__ndk17collateIwE12do_transformEPKwS3_	const std::__ndk1::collate<wchar_t>::do_transform	no-ghidra-function
0x5b2134	_ZNKSt6__ndk17collateIwE7do_hashEPKwS3_	const std::__ndk1::collate<wchar_t>::do_hash	no-ghidra-function
0x5b222c	_ZNKSt6__ndk17num_getIcNS_19istreambuf_iteratorIcNS_11char_traitsIcEEEEE6do_getES4_S4_RNS_8ios_baseERjRb	const std::__ndk1::num_get<char, std::__ndk1::istreambuf_iterator<char, std::__ndk1::char_traits<char>>>::do_get	no-ghidra-function
0x5b28d0	_ZNKSt6__ndk17num_getIcNS_19istreambuf_iteratorIcNS_11char_traitsIcEEEEE6do_getES4_S4_RNS_8ios_baseERjRl	const std::__ndk1::num_get<char, std::__ndk1::istreambuf_iterator<char, std::__ndk1::char_traits<char>>>::do_get	no-ghidra-function
0x5b2d74	_ZNKSt6__ndk17num_getIcNS_19istreambuf_iteratorIcNS_11char_traitsIcEEEEE6do_getES4_S4_RNS_8ios_baseERjRx	const std::__ndk1::num_get<char, std::__ndk1::istreambuf_iterator<char, std::__ndk1::char_traits<char>>>::do_get	no-ghidra-function
0x5b3218	_ZNKSt6__ndk17num_getIcNS_19istreambuf_iteratorIcNS_11char_traitsIcEEEEE6do_getES4_S4_RNS_8ios_baseERjRt	const std::__ndk1::num_get<char, std::__ndk1::istreambuf_iterator<char, std::__ndk1::char_traits<char>>>::do_get	no-ghidra-function
0x5b321c	_ZNKSt6__ndk17num_getIcNS_19istreambuf_iteratorIcNS_11char_traitsIcEEEEE17__do_get_unsignedItEES4_S4_S4_RNS_8ios_baseERjRT_	const std::__ndk1::num_get<char, std::__ndk1::istreambuf_iterator<char, std::__ndk1::char_traits<char>>>::__do_get_unsigned<unsigned short>	no-ghidra-function
0x5b36bc	_ZNKSt6__ndk17num_getIcNS_19istreambuf_iteratorIcNS_11char_traitsIcEEEEE6do_getES4_S4_RNS_8ios_baseERjS8_	const std::__ndk1::num_get<char, std::__ndk1::istreambuf_iterator<char, std::__ndk1::char_traits<char>>>::do_get	no-ghidra-function
0x5b36c0	_ZNKSt6__ndk17num_getIcNS_19istreambuf_iteratorIcNS_11char_traitsIcEEEEE17__do_get_unsignedIjEES4_S4_S4_RNS_8ios_baseERjRT_	const std::__ndk1::num_get<char, std::__ndk1::istreambuf_iterator<char, std::__ndk1::char_traits<char>>>::__do_get_unsigned<unsigned int>	no-ghidra-function
0x5b3b60	_ZNKSt6__ndk17num_getIcNS_19istreambuf_iteratorIcNS_11char_traitsIcEEEEE6do_getES4_S4_RNS_8ios_baseERjRm	const std::__ndk1::num_get<char, std::__ndk1::istreambuf_iterator<char, std::__ndk1::char_traits<char>>>::do_get	no-ghidra-function
0x5b3b64	_ZNKSt6__ndk17num_getIcNS_19istreambuf_iteratorIcNS_11char_traitsIcEEEEE17__do_get_unsignedImEES4_S4_S4_RNS_8ios_baseERjRT_	const std::__ndk1::num_get<char, std::__ndk1::istreambuf_iterator<char, std::__ndk1::char_traits<char>>>::__do_get_unsigned<unsigned long>	no-ghidra-function
0x5b4004	_ZNKSt6__ndk17num_getIcNS_19istreambuf_iteratorIcNS_11char_traitsIcEEEEE6do_getES4_S4_RNS_8ios_baseERjRy	const std::__ndk1::num_get<char, std::__ndk1::istreambuf_iterator<char, std::__ndk1::char_traits<char>>>::do_get	no-ghidra-function
0x5b44a8	_ZNKSt6__ndk17num_getIcNS_19istreambuf_iteratorIcNS_11char_traitsIcEEEEE6do_getES4_S4_RNS_8ios_baseERjRf	const std::__ndk1::num_get<char, std::__ndk1::istreambuf_iterator<char, std::__ndk1::char_traits<char>>>::do_get	no-ghidra-function
0x5b44ac	_ZNKSt6__ndk17num_getIcNS_19istreambuf_iteratorIcNS_11char_traitsIcEEEEE23__do_get_floating_pointIfEES4_S4_S4_RNS_8ios_baseERjRT_	const std::__ndk1::num_get<char, std::__ndk1::istreambuf_iterator<char, std::__ndk1::char_traits<char>>>::__do_get_floating_point<float>	no-ghidra-function
0x5b4930	_ZNKSt6__ndk17num_getIcNS_19istreambuf_iteratorIcNS_11char_traitsIcEEEEE6do_getES4_S4_RNS_8ios_baseERjRd	const std::__ndk1::num_get<char, std::__ndk1::istreambuf_iterator<char, std::__ndk1::char_traits<char>>>::do_get	no-ghidra-function
0x5b4934	_ZNKSt6__ndk17num_getIcNS_19istreambuf_iteratorIcNS_11char_traitsIcEEEEE23__do_get_floating_pointIdEES4_S4_S4_RNS_8ios_baseERjRT_	const std::__ndk1::num_get<char, std::__ndk1::istreambuf_iterator<char, std::__ndk1::char_traits<char>>>::__do_get_floating_point<double>	no-ghidra-function
0x5b4db8	_ZNKSt6__ndk17num_getIcNS_19istreambuf_iteratorIcNS_11char_traitsIcEEEEE6do_getES4_S4_RNS_8ios_baseERjRe	const std::__ndk1::num_get<char, std::__ndk1::istreambuf_iterator<char, std::__ndk1::char_traits<char>>>::do_get	no-ghidra-function
0x5b4dbc	_ZNKSt6__ndk17num_getIcNS_19istreambuf_iteratorIcNS_11char_traitsIcEEEEE23__do_get_floating_pointIeEES4_S4_S4_RNS_8ios_baseERjRT_	const std::__ndk1::num_get<char, std::__ndk1::istreambuf_iterator<char, std::__ndk1::char_traits<char>>>::__do_get_floating_point<long double>	no-ghidra-function
0x5b5240	_ZNKSt6__ndk17num_getIcNS_19istreambuf_iteratorIcNS_11char_traitsIcEEEEE6do_getES4_S4_RNS_8ios_baseERjRPv	const std::__ndk1::num_get<char, std::__ndk1::istreambuf_iterator<char, std::__ndk1::char_traits<char>>>::do_get	no-ghidra-function
0x5b5650	_ZNSt6__ndk19__num_getIcE17__stage2_int_loopEciPcRS2_RjcRKNS_12basic_stringIcNS_11char_traitsIcEENS_9allocatorIcEEEEPjRSD_S2_	std::__ndk1::__num_get<char>::__stage2_int_loop	no-ghidra-function
0x5b59e8	_ZNSt6__ndk117__libcpp_sscanf_lEPKcP10__locale_tS1_z	std::__ndk1::__libcpp_sscanf_l	no-ghidra-function
0x5b5ac0	_ZNSt6__ndk16__clocEv	std::__ndk1::__cloc	no-ghidra-function
0x5b62b0	_ZNKSt6__ndk17num_getIwNS_19istreambuf_iteratorIwNS_11char_traitsIwEEEEE6do_getES4_S4_RNS_8ios_baseERjRl	const std::__ndk1::num_get<wchar_t, std::__ndk1::istreambuf_iterator<wchar_t, std::__ndk1::char_traits<wchar_t>>>::do_get	no-ghidra-function
0x5b6798	_ZNKSt6__ndk17num_getIwNS_19istreambuf_iteratorIwNS_11char_traitsIwEEEEE6do_getES4_S4_RNS_8ios_baseERjRx	const std::__ndk1::num_get<wchar_t, std::__ndk1::istreambuf_iterator<wchar_t, std::__ndk1::char_traits<wchar_t>>>::do_get	no-ghidra-function
0x5b6c80	_ZNKSt6__ndk17num_getIwNS_19istreambuf_iteratorIwNS_11char_traitsIwEEEEE6do_getES4_S4_RNS_8ios_baseERjRt	const std::__ndk1::num_get<wchar_t, std::__ndk1::istreambuf_iterator<wchar_t, std::__ndk1::char_traits<wchar_t>>>::do_get	no-ghidra-function
0x5b6c84	_ZNKSt6__ndk17num_getIwNS_19istreambuf_iteratorIwNS_11char_traitsIwEEEEE17__do_get_unsignedItEES4_S4_S4_RNS_8ios_baseERjRT_	const std::__ndk1::num_get<wchar_t, std::__ndk1::istreambuf_iterator<wchar_t, std::__ndk1::char_traits<wchar_t>>>::__do_get_unsigned<unsigned short>	no-ghidra-function
0x5b7168	_ZNKSt6__ndk17num_getIwNS_19istreambuf_iteratorIwNS_11char_traitsIwEEEEE6do_getES4_S4_RNS_8ios_baseERjS8_	const std::__ndk1::num_get<wchar_t, std::__ndk1::istreambuf_iterator<wchar_t, std::__ndk1::char_traits<wchar_t>>>::do_get	no-ghidra-function
0x5b7650	_ZNKSt6__ndk17num_getIwNS_19istreambuf_iteratorIwNS_11char_traitsIwEEEEE6do_getES4_S4_RNS_8ios_baseERjRm	const std::__ndk1::num_get<wchar_t, std::__ndk1::istreambuf_iterator<wchar_t, std::__ndk1::char_traits<wchar_t>>>::do_get	no-ghidra-function
0x5b7b38	_ZNKSt6__ndk17num_getIwNS_19istreambuf_iteratorIwNS_11char_traitsIwEEEEE6do_getES4_S4_RNS_8ios_baseERjRy	const std::__ndk1::num_get<wchar_t, std::__ndk1::istreambuf_iterator<wchar_t, std::__ndk1::char_traits<wchar_t>>>::do_get	no-ghidra-function
0x5b7b3c	_ZNKSt6__ndk17num_getIwNS_19istreambuf_iteratorIwNS_11char_traitsIwEEEEE17__do_get_unsignedIyEES4_S4_S4_RNS_8ios_baseERjRT_	const std::__ndk1::num_get<wchar_t, std::__ndk1::istreambuf_iterator<wchar_t, std::__ndk1::char_traits<wchar_t>>>::__do_get_unsigned<unsigned long long>	no-ghidra-function
0x5b8020	_ZNKSt6__ndk17num_getIwNS_19istreambuf_iteratorIwNS_11char_traitsIwEEEEE6do_getES4_S4_RNS_8ios_baseERjRf	const std::__ndk1::num_get<wchar_t, std::__ndk1::istreambuf_iterator<wchar_t, std::__ndk1::char_traits<wchar_t>>>::do_get	no-ghidra-function
0x5b84e8	_ZNKSt6__ndk17num_getIwNS_19istreambuf_iteratorIwNS_11char_traitsIwEEEEE6do_getES4_S4_RNS_8ios_baseERjRd	const std::__ndk1::num_get<wchar_t, std::__ndk1::istreambuf_iterator<wchar_t, std::__ndk1::char_traits<wchar_t>>>::do_get	no-ghidra-function
0x5b89b0	_ZNKSt6__ndk17num_getIwNS_19istreambuf_iteratorIwNS_11char_traitsIwEEEEE6do_getES4_S4_RNS_8ios_baseERjRe	const std::__ndk1::num_get<wchar_t, std::__ndk1::istreambuf_iterator<wchar_t, std::__ndk1::char_traits<wchar_t>>>::do_get	no-ghidra-function
0x5b89b4	_ZNKSt6__ndk17num_getIwNS_19istreambuf_iteratorIwNS_11char_traitsIwEEEEE23__do_get_floating_pointIeEES4_S4_S4_RNS_8ios_baseERjRT_	const std::__ndk1::num_get<wchar_t, std::__ndk1::istreambuf_iterator<wchar_t, std::__ndk1::char_traits<wchar_t>>>::__do_get_floating_point<long double>	no-ghidra-function
0x5b8e78	_ZNKSt6__ndk17num_getIwNS_19istreambuf_iteratorIwNS_11char_traitsIwEEEEE6do_getES4_S4_RNS_8ios_baseERjRPv	const std::__ndk1::num_get<wchar_t, std::__ndk1::istreambuf_iterator<wchar_t, std::__ndk1::char_traits<wchar_t>>>::do_get	no-ghidra-function
0x5b92cc	_ZNSt6__ndk19__num_getIwE17__stage2_int_loopEwiPcRS2_RjwRKNS_12basic_stringIcNS_11char_traitsIcEENS_9allocatorIcEEEEPjRSD_Pw	std::__ndk1::__num_get<wchar_t>::__stage2_int_loop	no-ghidra-function
0x5b9664	_ZNSt6__ndk19__num_getIcE19__stage2_float_prepERNS_8ios_baseEPcRcS5_	std::__ndk1::__num_get<char>::__stage2_float_prep	no-ghidra-function
0x5b9764	_ZNSt6__ndk19__num_getIcE19__stage2_float_loopEcRbRcPcRS4_ccRKNS_12basic_stringIcNS_11char_traitsIcEENS_9allocatorIcEEEEPjRSE_RjS4_	std::__ndk1::__num_get<char>::__stage2_float_loop	no-ghidra-function
0x5b9bf0	_ZNSt6__ndk19__num_getIcE17__stage2_int_prepERNS_8ios_baseEPcRc	std::__ndk1::__num_get<char>::__stage2_int_prep	no-ghidra-function
0x5ba25c	_ZNSt6__ndk19__num_getIwE17__stage2_int_prepERNS_8ios_baseEPwRw	std::__ndk1::__num_get<wchar_t>::__stage2_int_prep	no-ghidra-function
0x5ba89c	_ZNSt6__ndk119__libcpp_snprintf_lEPcmP10__locale_tPKcz	std::__ndk1::__libcpp_snprintf_l	no-ghidra-function
0x5ba984	_ZNSt6__ndk114__num_put_base18__identify_paddingEPcS1_RKNS_8ios_baseE	std::__ndk1::__num_put_base::__identify_padding	no-ghidra-function
0x5ba9f0	_ZNSt6__ndk19__num_putIcE21__widen_and_group_intEPcS2_S2_S2_RS2_S3_RKNS_6localeE	std::__ndk1::__num_put<char>::__widen_and_group_int	no-ghidra-function
0x5bad50	_ZNKSt6__ndk17num_putIcNS_19ostreambuf_iteratorIcNS_11char_traitsIcEEEEE6do_putES4_RNS_8ios_baseEcx	const std::__ndk1::num_put<char, std::__ndk1::ostreambuf_iterator<char, std::__ndk1::char_traits<char>>>::do_put	no-ghidra-function
0x5bafd8	_ZNKSt6__ndk17num_putIcNS_19ostreambuf_iteratorIcNS_11char_traitsIcEEEEE6do_putES4_RNS_8ios_baseEcm	const std::__ndk1::num_put<char, std::__ndk1::ostreambuf_iterator<char, std::__ndk1::char_traits<char>>>::do_put	no-ghidra-function
0x5bb264	_ZNKSt6__ndk17num_putIcNS_19ostreambuf_iteratorIcNS_11char_traitsIcEEEEE6do_putES4_RNS_8ios_baseEcy	const std::__ndk1::num_put<char, std::__ndk1::ostreambuf_iterator<char, std::__ndk1::char_traits<char>>>::do_put	no-ghidra-function
0x5bb4ec	_ZNKSt6__ndk17num_putIcNS_19ostreambuf_iteratorIcNS_11char_traitsIcEEEEE6do_putES4_RNS_8ios_baseEcd	const std::__ndk1::num_put<char, std::__ndk1::ostreambuf_iterator<char, std::__ndk1::char_traits<char>>>::do_put	no-ghidra-function
0x5bb90c	_ZNSt6__ndk114__num_put_base14__format_floatEPcPKcj	std::__ndk1::__num_put_base::__format_float	no-ghidra-function
0x5bb9cc	_ZNSt6__ndk119__libcpp_asprintf_lEPPcP10__locale_tPKcz	std::__ndk1::__libcpp_asprintf_l	no-ghidra-function
0x5bbac0	_ZNSt6__ndk19__num_putIcE23__widen_and_group_floatEPcS2_S2_S2_RS2_S3_RKNS_6localeE	std::__ndk1::__num_put<char>::__widen_and_group_float	no-ghidra-function
0x5bbfc8	_ZNKSt6__ndk17num_putIcNS_19ostreambuf_iteratorIcNS_11char_traitsIcEEEEE6do_putES4_RNS_8ios_baseEce	const std::__ndk1::num_put<char, std::__ndk1::ostreambuf_iterator<char, std::__ndk1::char_traits<char>>>::do_put	no-ghidra-function
0x5bc3f4	_ZNKSt6__ndk17num_putIcNS_19ostreambuf_iteratorIcNS_11char_traitsIcEEEEE6do_putES4_RNS_8ios_baseEcPKv	const std::__ndk1::num_put<char, std::__ndk1::ostreambuf_iterator<char, std::__ndk1::char_traits<char>>>::do_put	no-ghidra-function
0x5bcf8c	_ZNKSt6__ndk17num_putIwNS_19ostreambuf_iteratorIwNS_11char_traitsIwEEEEE6do_putES4_RNS_8ios_baseEwx	const std::__ndk1::num_put<wchar_t, std::__ndk1::ostreambuf_iterator<wchar_t, std::__ndk1::char_traits<wchar_t>>>::do_put	no-ghidra-function
0x5bd4a8	_ZNKSt6__ndk17num_putIwNS_19ostreambuf_iteratorIwNS_11char_traitsIwEEEEE6do_putES4_RNS_8ios_baseEwy	const std::__ndk1::num_put<wchar_t, std::__ndk1::ostreambuf_iterator<wchar_t, std::__ndk1::char_traits<wchar_t>>>::do_put	no-ghidra-function
0x5bd734	_ZNKSt6__ndk17num_putIwNS_19ostreambuf_iteratorIwNS_11char_traitsIwEEEEE6do_putES4_RNS_8ios_baseEwd	const std::__ndk1::num_put<wchar_t, std::__ndk1::ostreambuf_iterator<wchar_t, std::__ndk1::char_traits<wchar_t>>>::do_put	no-ghidra-function
0x5bdb5c	_ZNSt6__ndk19__num_putIwE23__widen_and_group_floatEPcS2_S2_PwRS3_S4_RKNS_6localeE	std::__ndk1::__num_put<wchar_t>::__widen_and_group_float	no-ghidra-function
0x5be088	_ZNKSt6__ndk17num_putIwNS_19ostreambuf_iteratorIwNS_11char_traitsIwEEEEE6do_putES4_RNS_8ios_baseEwe	const std::__ndk1::num_put<wchar_t, std::__ndk1::ostreambuf_iterator<wchar_t, std::__ndk1::char_traits<wchar_t>>>::do_put	no-ghidra-function
0x5be4c0	_ZNKSt6__ndk17num_putIwNS_19ostreambuf_iteratorIwNS_11char_traitsIwEEEEE6do_putES4_RNS_8ios_baseEwPKv	const std::__ndk1::num_put<wchar_t, std::__ndk1::ostreambuf_iterator<wchar_t, std::__ndk1::char_traits<wchar_t>>>::do_put	no-ghidra-function
0x5be74c	_ZNKSt6__ndk18time_getIcNS_19istreambuf_iteratorIcNS_11char_traitsIcEEEEE3getES4_S4_RNS_8ios_baseERjP2tmPKcSC_	const std::__ndk1::time_get<char, std::__ndk1::istreambuf_iterator<char, std::__ndk1::char_traits<char>>>::get	no-ghidra-function
0x5bebf0	_ZNKSt6__ndk18time_getIcNS_19istreambuf_iteratorIcNS_11char_traitsIcEEEEE13do_date_orderEv	const std::__ndk1::time_get<char, std::__ndk1::istreambuf_iterator<char, std::__ndk1::char_traits<char>>>::do_date_order	no-ghidra-function
0x5bebf8	_ZNKSt6__ndk18time_getIcNS_19istreambuf_iteratorIcNS_11char_traitsIcEEEEE11do_get_timeES4_S4_RNS_8ios_baseERjP2tm	const std::__ndk1::time_get<char, std::__ndk1::istreambuf_iterator<char, std::__ndk1::char_traits<char>>>::do_get_time	no-ghidra-function
0x5bec5c	_ZNKSt6__ndk18time_getIcNS_19istreambuf_iteratorIcNS_11char_traitsIcEEEEE11do_get_dateES4_S4_RNS_8ios_baseERjP2tm	const std::__ndk1::time_get<char, std::__ndk1::istreambuf_iterator<char, std::__ndk1::char_traits<char>>>::do_get_date	no-ghidra-function
0x5becdc	_ZNKSt6__ndk18time_getIcNS_19istreambuf_iteratorIcNS_11char_traitsIcEEEEE14do_get_weekdayES4_S4_RNS_8ios_baseERjP2tm	const std::__ndk1::time_get<char, std::__ndk1::istreambuf_iterator<char, std::__ndk1::char_traits<char>>>::do_get_weekday	no-ghidra-function
0x5befd4	_ZNKSt6__ndk18time_getIcNS_19istreambuf_iteratorIcNS_11char_traitsIcEEEEE15__get_monthnameERiRS4_S4_RjRKNS_5ctypeIcEE	const std::__ndk1::time_get<char, std::__ndk1::istreambuf_iterator<char, std::__ndk1::char_traits<char>>>::__get_monthname	no-ghidra-function
0x5bf084	_ZNKSt6__ndk18time_getIcNS_19istreambuf_iteratorIcNS_11char_traitsIcEEEEE11do_get_yearES4_S4_RNS_8ios_baseERjP2tm	const std::__ndk1::time_get<char, std::__ndk1::istreambuf_iterator<char, std::__ndk1::char_traits<char>>>::do_get_year	no-ghidra-function
0x5bf7b8	_ZNKSt6__ndk18time_getIcNS_19istreambuf_iteratorIcNS_11char_traitsIcEEEEE9__get_dayERiRS4_S4_RjRKNS_5ctypeIcEE	const std::__ndk1::time_get<char, std::__ndk1::istreambuf_iterator<char, std::__ndk1::char_traits<char>>>::__get_day	no-ghidra-function
0x5bf814	_ZNKSt6__ndk18time_getIcNS_19istreambuf_iteratorIcNS_11char_traitsIcEEEEE10__get_hourERiRS4_S4_RjRKNS_5ctypeIcEE	const std::__ndk1::time_get<char, std::__ndk1::istreambuf_iterator<char, std::__ndk1::char_traits<char>>>::__get_hour	no-ghidra-function
0x5bf86c	_ZNKSt6__ndk18time_getIcNS_19istreambuf_iteratorIcNS_11char_traitsIcEEEEE13__get_12_hourERiRS4_S4_RjRKNS_5ctypeIcEE	const std::__ndk1::time_get<char, std::__ndk1::istreambuf_iterator<char, std::__ndk1::char_traits<char>>>::__get_12_hour	no-ghidra-function
0x5bf8c8	_ZNKSt6__ndk18time_getIcNS_19istreambuf_iteratorIcNS_11char_traitsIcEEEEE18__get_day_year_numERiRS4_S4_RjRKNS_5ctypeIcEE	const std::__ndk1::time_get<char, std::__ndk1::istreambuf_iterator<char, std::__ndk1::char_traits<char>>>::__get_day_year_num	no-ghidra-function
0x5bf920	_ZNKSt6__ndk18time_getIcNS_19istreambuf_iteratorIcNS_11char_traitsIcEEEEE11__get_monthERiRS4_S4_RjRKNS_5ctypeIcEE	const std::__ndk1::time_get<char, std::__ndk1::istreambuf_iterator<char, std::__ndk1::char_traits<char>>>::__get_month	no-ghidra-function
0x5bf97c	_ZNKSt6__ndk18time_getIcNS_19istreambuf_iteratorIcNS_11char_traitsIcEEEEE12__get_minuteERiRS4_S4_RjRKNS_5ctypeIcEE	const std::__ndk1::time_get<char, std::__ndk1::istreambuf_iterator<char, std::__ndk1::char_traits<char>>>::__get_minute	no-ghidra-function
0x5bf9d4	_ZNKSt6__ndk18time_getIcNS_19istreambuf_iteratorIcNS_11char_traitsIcEEEEE17__get_white_spaceERS4_S4_RjRKNS_5ctypeIcEE	const std::__ndk1::time_get<char, std::__ndk1::istreambuf_iterator<char, std::__ndk1::char_traits<char>>>::__get_white_space	no-ghidra-function
0x5bfb88	_ZNKSt6__ndk18time_getIcNS_19istreambuf_iteratorIcNS_11char_traitsIcEEEEE11__get_am_pmERiRS4_S4_RjRKNS_5ctypeIcEE	const std::__ndk1::time_get<char, std::__ndk1::istreambuf_iterator<char, std::__ndk1::char_traits<char>>>::__get_am_pm	no-ghidra-function
0x5bfc70	_ZNKSt6__ndk18time_getIcNS_19istreambuf_iteratorIcNS_11char_traitsIcEEEEE12__get_secondERiRS4_S4_RjRKNS_5ctypeIcEE	const std::__ndk1::time_get<char, std::__ndk1::istreambuf_iterator<char, std::__ndk1::char_traits<char>>>::__get_second	no-ghidra-function
0x5bfcc8	_ZNKSt6__ndk18time_getIcNS_19istreambuf_iteratorIcNS_11char_traitsIcEEEEE13__get_weekdayERiRS4_S4_RjRKNS_5ctypeIcEE	const std::__ndk1::time_get<char, std::__ndk1::istreambuf_iterator<char, std::__ndk1::char_traits<char>>>::__get_weekday	no-ghidra-function
0x5bfd20	_ZNKSt6__ndk18time_getIcNS_19istreambuf_iteratorIcNS_11char_traitsIcEEEEE11__get_year4ERiRS4_S4_RjRKNS_5ctypeIcEE	const std::__ndk1::time_get<char, std::__ndk1::istreambuf_iterator<char, std::__ndk1::char_traits<char>>>::__get_year4	no-ghidra-function
0x5bfd68	_ZNKSt6__ndk18time_getIcNS_19istreambuf_iteratorIcNS_11char_traitsIcEEEEE13__get_percentERS4_S4_RjRKNS_5ctypeIcEE	const std::__ndk1::time_get<char, std::__ndk1::istreambuf_iterator<char, std::__ndk1::char_traits<char>>>::__get_percent	no-ghidra-function
0x5c02f4	_ZNKSt6__ndk18time_getIwNS_19istreambuf_iteratorIwNS_11char_traitsIwEEEEE3getES4_S4_RNS_8ios_baseERjP2tmPKwSC_	const std::__ndk1::time_get<wchar_t, std::__ndk1::istreambuf_iterator<wchar_t, std::__ndk1::char_traits<wchar_t>>>::get	no-ghidra-function
0x5c07d8	_ZNKSt6__ndk18time_getIwNS_19istreambuf_iteratorIwNS_11char_traitsIwEEEEE13do_date_orderEv	const std::__ndk1::time_get<wchar_t, std::__ndk1::istreambuf_iterator<wchar_t, std::__ndk1::char_traits<wchar_t>>>::do_date_order	no-ghidra-function
0x5c07e0	_ZNKSt6__ndk18time_getIwNS_19istreambuf_iteratorIwNS_11char_traitsIwEEEEE11do_get_timeES4_S4_RNS_8ios_baseERjP2tm	const std::__ndk1::time_get<wchar_t, std::__ndk1::istreambuf_iterator<wchar_t, std::__ndk1::char_traits<wchar_t>>>::do_get_time	no-ghidra-function
0x5c0840	_ZNKSt6__ndk18time_getIwNS_19istreambuf_iteratorIwNS_11char_traitsIwEEEEE11do_get_dateES4_S4_RNS_8ios_baseERjP2tm	const std::__ndk1::time_get<wchar_t, std::__ndk1::istreambuf_iterator<wchar_t, std::__ndk1::char_traits<wchar_t>>>::do_get_date	no-ghidra-function
0x5c08c4	_ZNKSt6__ndk18time_getIwNS_19istreambuf_iteratorIwNS_11char_traitsIwEEEEE14do_get_weekdayES4_S4_RNS_8ios_baseERjP2tm	const std::__ndk1::time_get<wchar_t, std::__ndk1::istreambuf_iterator<wchar_t, std::__ndk1::char_traits<wchar_t>>>::do_get_weekday	no-ghidra-function
0x5c09e8	_ZNKSt6__ndk18time_getIwNS_19istreambuf_iteratorIwNS_11char_traitsIwEEEEE17__get_weekdaynameERiRS4_S4_RjRKNS_5ctypeIwEE	const std::__ndk1::time_get<wchar_t, std::__ndk1::istreambuf_iterator<wchar_t, std::__ndk1::char_traits<wchar_t>>>::__get_weekdayname	no-ghidra-function
0x5c0a9c	_ZNKSt6__ndk18time_getIwNS_19istreambuf_iteratorIwNS_11char_traitsIwEEEEE16do_get_monthnameES4_S4_RNS_8ios_baseERjP2tm	const std::__ndk1::time_get<wchar_t, std::__ndk1::istreambuf_iterator<wchar_t, std::__ndk1::char_traits<wchar_t>>>::do_get_monthname	no-ghidra-function
0x5c0bbc	_ZNKSt6__ndk18time_getIwNS_19istreambuf_iteratorIwNS_11char_traitsIwEEEEE15__get_monthnameERiRS4_S4_RjRKNS_5ctypeIwEE	const std::__ndk1::time_get<wchar_t, std::__ndk1::istreambuf_iterator<wchar_t, std::__ndk1::char_traits<wchar_t>>>::__get_monthname	no-ghidra-function
0x5c0c6c	_ZNKSt6__ndk18time_getIwNS_19istreambuf_iteratorIwNS_11char_traitsIwEEEEE11do_get_yearES4_S4_RNS_8ios_baseERjP2tm	const std::__ndk1::time_get<wchar_t, std::__ndk1::istreambuf_iterator<wchar_t, std::__ndk1::char_traits<wchar_t>>>::do_get_year	no-ghidra-function
0x5c0d54	_ZNKSt6__ndk18time_getIwNS_19istreambuf_iteratorIwNS_11char_traitsIwEEEEE10__get_yearERiRS4_S4_RjRKNS_5ctypeIwEE	const std::__ndk1::time_get<wchar_t, std::__ndk1::istreambuf_iterator<wchar_t, std::__ndk1::char_traits<wchar_t>>>::__get_year	no-ghidra-function
0x5c0db8	_ZNKSt6__ndk18time_getIwNS_19istreambuf_iteratorIwNS_11char_traitsIwEEEEE6do_getES4_S4_RNS_8ios_baseERjP2tmcc	const std::__ndk1::time_get<wchar_t, std::__ndk1::istreambuf_iterator<wchar_t, std::__ndk1::char_traits<wchar_t>>>::do_get	no-ghidra-function
0x5c138c	_ZNKSt6__ndk18time_getIwNS_19istreambuf_iteratorIwNS_11char_traitsIwEEEEE9__get_dayERiRS4_S4_RjRKNS_5ctypeIwEE	const std::__ndk1::time_get<wchar_t, std::__ndk1::istreambuf_iterator<wchar_t, std::__ndk1::char_traits<wchar_t>>>::__get_day	no-ghidra-function
0x5c13e8	_ZNKSt6__ndk18time_getIwNS_19istreambuf_iteratorIwNS_11char_traitsIwEEEEE10__get_hourERiRS4_S4_RjRKNS_5ctypeIwEE	const std::__ndk1::time_get<wchar_t, std::__ndk1::istreambuf_iterator<wchar_t, std::__ndk1::char_traits<wchar_t>>>::__get_hour	no-ghidra-function
0x5c1440	_ZNKSt6__ndk18time_getIwNS_19istreambuf_iteratorIwNS_11char_traitsIwEEEEE13__get_12_hourERiRS4_S4_RjRKNS_5ctypeIwEE	const std::__ndk1::time_get<wchar_t, std::__ndk1::istreambuf_iterator<wchar_t, std::__ndk1::char_traits<wchar_t>>>::__get_12_hour	no-ghidra-function
0x5c149c	_ZNKSt6__ndk18time_getIwNS_19istreambuf_iteratorIwNS_11char_traitsIwEEEEE18__get_day_year_numERiRS4_S4_RjRKNS_5ctypeIwEE	const std::__ndk1::time_get<wchar_t, std::__ndk1::istreambuf_iterator<wchar_t, std::__ndk1::char_traits<wchar_t>>>::__get_day_year_num	no-ghidra-function
0x5c14f4	_ZNKSt6__ndk18time_getIwNS_19istreambuf_iteratorIwNS_11char_traitsIwEEEEE11__get_monthERiRS4_S4_RjRKNS_5ctypeIwEE	const std::__ndk1::time_get<wchar_t, std::__ndk1::istreambuf_iterator<wchar_t, std::__ndk1::char_traits<wchar_t>>>::__get_month	no-ghidra-function
0x5c1550	_ZNKSt6__ndk18time_getIwNS_19istreambuf_iteratorIwNS_11char_traitsIwEEEEE12__get_minuteERiRS4_S4_RjRKNS_5ctypeIwEE	const std::__ndk1::time_get<wchar_t, std::__ndk1::istreambuf_iterator<wchar_t, std::__ndk1::char_traits<wchar_t>>>::__get_minute	no-ghidra-function
0x5c15a8	_ZNKSt6__ndk18time_getIwNS_19istreambuf_iteratorIwNS_11char_traitsIwEEEEE17__get_white_spaceERS4_S4_RjRKNS_5ctypeIwEE	const std::__ndk1::time_get<wchar_t, std::__ndk1::istreambuf_iterator<wchar_t, std::__ndk1::char_traits<wchar_t>>>::__get_white_space	no-ghidra-function
0x5c1788	_ZNKSt6__ndk18time_getIwNS_19istreambuf_iteratorIwNS_11char_traitsIwEEEEE11__get_am_pmERiRS4_S4_RjRKNS_5ctypeIwEE	const std::__ndk1::time_get<wchar_t, std::__ndk1::istreambuf_iterator<wchar_t, std::__ndk1::char_traits<wchar_t>>>::__get_am_pm	no-ghidra-function
0x5c1870	_ZNKSt6__ndk18time_getIwNS_19istreambuf_iteratorIwNS_11char_traitsIwEEEEE12__get_secondERiRS4_S4_RjRKNS_5ctypeIwEE	const std::__ndk1::time_get<wchar_t, std::__ndk1::istreambuf_iterator<wchar_t, std::__ndk1::char_traits<wchar_t>>>::__get_second	no-ghidra-function
0x5c18c8	_ZNKSt6__ndk18time_getIwNS_19istreambuf_iteratorIwNS_11char_traitsIwEEEEE13__get_weekdayERiRS4_S4_RjRKNS_5ctypeIwEE	const std::__ndk1::time_get<wchar_t, std::__ndk1::istreambuf_iterator<wchar_t, std::__ndk1::char_traits<wchar_t>>>::__get_weekday	no-ghidra-function
0x5c1920	_ZNKSt6__ndk18time_getIwNS_19istreambuf_iteratorIwNS_11char_traitsIwEEEEE11__get_year4ERiRS4_S4_RjRKNS_5ctypeIwEE	const std::__ndk1::time_get<wchar_t, std::__ndk1::istreambuf_iterator<wchar_t, std::__ndk1::char_traits<wchar_t>>>::__get_year4	no-ghidra-function
0x5c22f8	_ZNSt6__ndk118__time_get_storageIcEC2ERKNS_12basic_stringIcNS_11char_traitsIcEENS_9allocatorIcEEEE	__time_get_storage<char>::__time_get_storage	no-ghidra-function
0x5c2af0	_ZNKSt6__ndk118__time_get_storageIcE15__do_date_orderEv	const std::__ndk1::__time_get_storage<char>::__do_date_order	no-ghidra-function
0x5c2f74	_ZNSt6__ndk118__time_get_storageIwEC2EPKc	__time_get_storage<wchar_t>::__time_get_storage	no-ghidra-function
0x5c32e0	_ZNSt6__ndk118__time_get_storageIwEC2ERKNS_12basic_stringIcNS_11char_traitsIcEENS_9allocatorIcEEEE	__time_get_storage<wchar_t>::__time_get_storage	no-ghidra-function
0x5c3a90	_ZNKSt6__ndk118__time_get_storageIwE15__do_date_orderEv	const std::__ndk1::__time_get_storage<wchar_t>::__do_date_order	no-ghidra-function
0x5c4260	_ZNSt6__ndk110__time_putD2Ev	__time_put::~__time_put	no-ghidra-function
0x5c4504	_ZNSt6__ndk110__time_putC2EPKc	__time_put::__time_put	no-ghidra-function
0x5c4740	_ZNSt6__ndk110__time_putC2ERKNS_12basic_stringIcNS_11char_traitsIcEENS_9allocatorIcEEEE	__time_put::__time_put	no-ghidra-function
0x5c48b4	_ZNKSt6__ndk18time_putIwNS_19ostreambuf_iteratorIwNS_11char_traitsIwEEEEE3putES4_RNS_8ios_baseEwPK2tmPKwSC_	const std::__ndk1::time_put<wchar_t, std::__ndk1::ostreambuf_iterator<wchar_t, std::__ndk1::char_traits<wchar_t>>>::put	no-ghidra-function
0x5c4bec	_ZNKSt6__ndk18time_putIwNS_19ostreambuf_iteratorIwNS_11char_traitsIwEEEEE6do_putES4_RNS_8ios_baseEwPK2tmcc	const std::__ndk1::time_put<wchar_t, std::__ndk1::ostreambuf_iterator<wchar_t, std::__ndk1::char_traits<wchar_t>>>::do_put	no-ghidra-function
0x5c4cc8	_ZNKSt6__ndk110__time_put8__do_putEPwRS1_PK2tmcc	const std::__ndk1::__time_put::__do_put	no-ghidra-function
0x5c5304	_ZNKSt6__ndk110moneypunctIcLb0EE16do_decimal_pointEv	_ZNKSt6__ndk110moneypunctIcLb0EE16do_decimal_pointEv	no-ghidra-function
0x5c530c	_ZNKSt6__ndk110moneypunctIcLb0EE16do_thousands_sepEv	_ZNKSt6__ndk110moneypunctIcLb0EE16do_thousands_sepEv	no-ghidra-function
0x5c5314	_ZNKSt6__ndk110moneypunctIcLb0EE11do_groupingEv	_ZNKSt6__ndk110moneypunctIcLb0EE11do_groupingEv	no-ghidra-function
0x5c5320	_ZNKSt6__ndk110moneypunctIcLb0EE14do_curr_symbolEv	_ZNKSt6__ndk110moneypunctIcLb0EE14do_curr_symbolEv	no-ghidra-function
0x5c532c	_ZNKSt6__ndk110moneypunctIcLb0EE16do_positive_signEv	_ZNKSt6__ndk110moneypunctIcLb0EE16do_positive_signEv	no-ghidra-function
0x5c5338	_ZNKSt6__ndk110moneypunctIcLb0EE16do_negative_signEv	_ZNKSt6__ndk110moneypunctIcLb0EE16do_negative_signEv	no-ghidra-function
0x5c5350	_ZNKSt6__ndk110moneypunctIcLb0EE14do_frac_digitsEv	_ZNKSt6__ndk110moneypunctIcLb0EE14do_frac_digitsEv	no-ghidra-function
0x5c5358	_ZNKSt6__ndk110moneypunctIcLb0EE13do_pos_formatEv	_ZNKSt6__ndk110moneypunctIcLb0EE13do_pos_formatEv	no-ghidra-function
0x5c5364	_ZNKSt6__ndk110moneypunctIcLb0EE13do_neg_formatEv	_ZNKSt6__ndk110moneypunctIcLb0EE13do_neg_formatEv	no-ghidra-function
0x5c5444	_ZNKSt6__ndk110moneypunctIcLb1EE16do_decimal_pointEv	const std::__ndk1::moneypunct<char, bool>	no-ghidra-function
0x5c544c	_ZNKSt6__ndk110moneypunctIcLb1EE16do_thousands_sepEv	const std::__ndk1::moneypunct<char, bool>	no-ghidra-function
0x5c5454	_ZNKSt6__ndk110moneypunctIcLb1EE11do_groupingEv	const std::__ndk1::moneypunct<char, bool>	no-ghidra-function
0x5c5460	_ZNKSt6__ndk110moneypunctIcLb1EE14do_curr_symbolEv	const std::__ndk1::moneypunct<char, bool>	no-ghidra-function
0x5c546c	_ZNKSt6__ndk110moneypunctIcLb1EE16do_positive_signEv	const std::__ndk1::moneypunct<char, bool>	no-ghidra-function
0x5c5478	_ZNKSt6__ndk110moneypunctIcLb1EE16do_negative_signEv	const std::__ndk1::moneypunct<char, bool>	no-ghidra-function
0x5c5490	_ZNKSt6__ndk110moneypunctIcLb1EE14do_frac_digitsEv	const std::__ndk1::moneypunct<char, bool>	no-ghidra-function
0x5c5498	_ZNKSt6__ndk110moneypunctIcLb1EE13do_pos_formatEv	const std::__ndk1::moneypunct<char, bool>	no-ghidra-function
0x5c54a4	_ZNKSt6__ndk110moneypunctIcLb1EE13do_neg_formatEv	const std::__ndk1::moneypunct<char, bool>	no-ghidra-function
0x5c5584	_ZNKSt6__ndk110moneypunctIwLb0EE16do_decimal_pointEv	_ZNKSt6__ndk110moneypunctIwLb0EE16do_decimal_pointEv	no-ghidra-function
0x5c558c	_ZNKSt6__ndk110moneypunctIwLb0EE16do_thousands_sepEv	_ZNKSt6__ndk110moneypunctIwLb0EE16do_thousands_sepEv	no-ghidra-function
0x5c5594	_ZNKSt6__ndk110moneypunctIwLb0EE11do_groupingEv	_ZNKSt6__ndk110moneypunctIwLb0EE11do_groupingEv	no-ghidra-function
0x5c55a0	_ZNKSt6__ndk110moneypunctIwLb0EE14do_curr_symbolEv	_ZNKSt6__ndk110moneypunctIwLb0EE14do_curr_symbolEv	no-ghidra-function
0x5c55ac	_ZNKSt6__ndk110moneypunctIwLb0EE16do_positive_signEv	_ZNKSt6__ndk110moneypunctIwLb0EE16do_positive_signEv	no-ghidra-function
0x5c55b8	_ZNKSt6__ndk110moneypunctIwLb0EE16do_negative_signEv	_ZNKSt6__ndk110moneypunctIwLb0EE16do_negative_signEv	no-ghidra-function
0x5c55fc	_ZNKSt6__ndk110moneypunctIwLb0EE14do_frac_digitsEv	_ZNKSt6__ndk110moneypunctIwLb0EE14do_frac_digitsEv	no-ghidra-function
0x5c5604	_ZNKSt6__ndk110moneypunctIwLb0EE13do_pos_formatEv	_ZNKSt6__ndk110moneypunctIwLb0EE13do_pos_formatEv	no-ghidra-function
0x5c5610	_ZNKSt6__ndk110moneypunctIwLb0EE13do_neg_formatEv	_ZNKSt6__ndk110moneypunctIwLb0EE13do_neg_formatEv	no-ghidra-function
0x5c56f0	_ZNKSt6__ndk110moneypunctIwLb1EE16do_decimal_pointEv	const std::__ndk1::moneypunct<wchar_t, bool>	no-ghidra-function
0x5c56f8	_ZNKSt6__ndk110moneypunctIwLb1EE16do_thousands_sepEv	const std::__ndk1::moneypunct<wchar_t, bool>	no-ghidra-function
0x5c5700	_ZNKSt6__ndk110moneypunctIwLb1EE11do_groupingEv	const std::__ndk1::moneypunct<wchar_t, bool>	no-ghidra-function
0x5c570c	_ZNKSt6__ndk110moneypunctIwLb1EE14do_curr_symbolEv	const std::__ndk1::moneypunct<wchar_t, bool>	no-ghidra-function
0x5c5718	_ZNKSt6__ndk110moneypunctIwLb1EE16do_positive_signEv	const std::__ndk1::moneypunct<wchar_t, bool>	no-ghidra-function
0x5c5724	_ZNKSt6__ndk110moneypunctIwLb1EE16do_negative_signEv	const std::__ndk1::moneypunct<wchar_t, bool>	no-ghidra-function
0x5c5768	_ZNKSt6__ndk110moneypunctIwLb1EE14do_frac_digitsEv	const std::__ndk1::moneypunct<wchar_t, bool>	no-ghidra-function
0x5c5770	_ZNKSt6__ndk110moneypunctIwLb1EE13do_pos_formatEv	const std::__ndk1::moneypunct<wchar_t, bool>	no-ghidra-function
0x5c577c	_ZNKSt6__ndk110moneypunctIwLb1EE13do_neg_formatEv	const std::__ndk1::moneypunct<wchar_t, bool>	no-ghidra-function
0x5c5854	_ZNSt6__ndk117moneypunct_bynameIcLb0EE4initEPKc	_ZNSt6__ndk117moneypunct_bynameIcLb0EE4initEPKc	no-ghidra-function
0x5c5d38	_ZNKSt6__ndk117moneypunct_bynameIcLb0EE16do_decimal_pointEv	_ZNKSt6__ndk117moneypunct_bynameIcLb0EE16do_decimal_pointEv	no-ghidra-function
0x5c5d40	_ZNKSt6__ndk117moneypunct_bynameIcLb0EE16do_thousands_sepEv	_ZNKSt6__ndk117moneypunct_bynameIcLb0EE16do_thousands_sepEv	no-ghidra-function
0x5c5d48	_ZNKSt6__ndk117moneypunct_bynameIcLb0EE11do_groupingEv	_ZNKSt6__ndk117moneypunct_bynameIcLb0EE11do_groupingEv	no-ghidra-function
0x5c5d54	_ZNKSt6__ndk117moneypunct_bynameIcLb0EE14do_curr_symbolEv	_ZNKSt6__ndk117moneypunct_bynameIcLb0EE14do_curr_symbolEv	no-ghidra-function
0x5c5d60	_ZNKSt6__ndk117moneypunct_bynameIcLb0EE16do_positive_signEv	_ZNKSt6__ndk117moneypunct_bynameIcLb0EE16do_positive_signEv	no-ghidra-function
0x5c5d6c	_ZNKSt6__ndk117moneypunct_bynameIcLb0EE16do_negative_signEv	_ZNKSt6__ndk117moneypunct_bynameIcLb0EE16do_negative_signEv	no-ghidra-function
0x5c5d78	_ZNKSt6__ndk117moneypunct_bynameIcLb0EE14do_frac_digitsEv	_ZNKSt6__ndk117moneypunct_bynameIcLb0EE14do_frac_digitsEv	no-ghidra-function
0x5c5d80	_ZNKSt6__ndk117moneypunct_bynameIcLb0EE13do_pos_formatEv	_ZNKSt6__ndk117moneypunct_bynameIcLb0EE13do_pos_formatEv	no-ghidra-function
0x5c5d88	_ZNKSt6__ndk117moneypunct_bynameIcLb0EE13do_neg_formatEv	_ZNKSt6__ndk117moneypunct_bynameIcLb0EE13do_neg_formatEv	no-ghidra-function
0x5c5e5c	_ZNSt6__ndk117moneypunct_bynameIcLb1EE4initEPKc	std::__ndk1::moneypunct_byname<char, bool>	no-ghidra-function
0x5c6340	_ZNKSt6__ndk117moneypunct_bynameIcLb1EE16do_decimal_pointEv	const std::__ndk1::moneypunct_byname<char, bool>	no-ghidra-function
0x5c6348	_ZNKSt6__ndk117moneypunct_bynameIcLb1EE16do_thousands_sepEv	const std::__ndk1::moneypunct_byname<char, bool>	no-ghidra-function
0x5c6350	_ZNKSt6__ndk117moneypunct_bynameIcLb1EE11do_groupingEv	const std::__ndk1::moneypunct_byname<char, bool>	no-ghidra-function
0x5c635c	_ZNKSt6__ndk117moneypunct_bynameIcLb1EE14do_curr_symbolEv	const std::__ndk1::moneypunct_byname<char, bool>	no-ghidra-function
0x5c6368	_ZNKSt6__ndk117moneypunct_bynameIcLb1EE16do_positive_signEv	const std::__ndk1::moneypunct_byname<char, bool>	no-ghidra-function
0x5c6374	_ZNKSt6__ndk117moneypunct_bynameIcLb1EE16do_negative_signEv	const std::__ndk1::moneypunct_byname<char, bool>	no-ghidra-function
0x5c6380	_ZNKSt6__ndk117moneypunct_bynameIcLb1EE14do_frac_digitsEv	const std::__ndk1::moneypunct_byname<char, bool>	no-ghidra-function
0x5c6388	_ZNKSt6__ndk117moneypunct_bynameIcLb1EE13do_pos_formatEv	const std::__ndk1::moneypunct_byname<char, bool>	no-ghidra-function
0x5c6390	_ZNKSt6__ndk117moneypunct_bynameIcLb1EE13do_neg_formatEv	const std::__ndk1::moneypunct_byname<char, bool>	no-ghidra-function
0x5c6e58	_ZNKSt6__ndk117moneypunct_bynameIwLb0EE16do_decimal_pointEv	_ZNKSt6__ndk117moneypunct_bynameIwLb0EE16do_decimal_pointEv	no-ghidra-function
0x5c6e60	_ZNKSt6__ndk117moneypunct_bynameIwLb0EE16do_thousands_sepEv	_ZNKSt6__ndk117moneypunct_bynameIwLb0EE16do_thousands_sepEv	no-ghidra-function
0x5c6e68	_ZNKSt6__ndk117moneypunct_bynameIwLb0EE11do_groupingEv	_ZNKSt6__ndk117moneypunct_bynameIwLb0EE11do_groupingEv	no-ghidra-function
0x5c6e74	_ZNKSt6__ndk117moneypunct_bynameIwLb0EE14do_curr_symbolEv	_ZNKSt6__ndk117moneypunct_bynameIwLb0EE14do_curr_symbolEv	no-ghidra-function
0x5c6e80	_ZNKSt6__ndk117moneypunct_bynameIwLb0EE16do_positive_signEv	_ZNKSt6__ndk117moneypunct_bynameIwLb0EE16do_positive_signEv	no-ghidra-function
0x5c6e8c	_ZNKSt6__ndk117moneypunct_bynameIwLb0EE16do_negative_signEv	_ZNKSt6__ndk117moneypunct_bynameIwLb0EE16do_negative_signEv	no-ghidra-function
0x5c6e98	_ZNKSt6__ndk117moneypunct_bynameIwLb0EE14do_frac_digitsEv	_ZNKSt6__ndk117moneypunct_bynameIwLb0EE14do_frac_digitsEv	no-ghidra-function
0x5c6ea0	_ZNKSt6__ndk117moneypunct_bynameIwLb0EE13do_pos_formatEv	_ZNKSt6__ndk117moneypunct_bynameIwLb0EE13do_pos_formatEv	no-ghidra-function
0x5c7970	_ZNKSt6__ndk117moneypunct_bynameIwLb1EE16do_decimal_pointEv	const std::__ndk1::moneypunct_byname<wchar_t, bool>	no-ghidra-function
0x5c7978	_ZNKSt6__ndk117moneypunct_bynameIwLb1EE16do_thousands_sepEv	const std::__ndk1::moneypunct_byname<wchar_t, bool>	no-ghidra-function
0x5c7980	_ZNKSt6__ndk117moneypunct_bynameIwLb1EE11do_groupingEv	const std::__ndk1::moneypunct_byname<wchar_t, bool>	no-ghidra-function
0x5c798c	_ZNKSt6__ndk117moneypunct_bynameIwLb1EE14do_curr_symbolEv	const std::__ndk1::moneypunct_byname<wchar_t, bool>	no-ghidra-function
0x5c7998	_ZNKSt6__ndk117moneypunct_bynameIwLb1EE16do_positive_signEv	const std::__ndk1::moneypunct_byname<wchar_t, bool>	no-ghidra-function
0x5c79a4	_ZNKSt6__ndk117moneypunct_bynameIwLb1EE16do_negative_signEv	const std::__ndk1::moneypunct_byname<wchar_t, bool>	no-ghidra-function
0x5c79b0	_ZNKSt6__ndk117moneypunct_bynameIwLb1EE14do_frac_digitsEv	const std::__ndk1::moneypunct_byname<wchar_t, bool>	no-ghidra-function
0x5c79b8	_ZNKSt6__ndk117moneypunct_bynameIwLb1EE13do_pos_formatEv	const std::__ndk1::moneypunct_byname<wchar_t, bool>	no-ghidra-function
0x5c79c0	_ZNKSt6__ndk117moneypunct_bynameIwLb1EE13do_neg_formatEv	const std::__ndk1::moneypunct_byname<wchar_t, bool>	no-ghidra-function
0x5c7a2c	_ZNKSt6__ndk19money_getIcNS_19istreambuf_iteratorIcNS_11char_traitsIcEEEEE6do_getES4_S4_bRNS_8ios_baseERjRe	const std::__ndk1::money_get<char, std::__ndk1::istreambuf_iterator<char, std::__ndk1::char_traits<char>>>::do_get	no-ghidra-function
0x5c7ddc	_ZNSt6__ndk112__do_nothingEPv	std::__ndk1::__do_nothing	no-ghidra-function
0x5c7de0	_ZNSt6__ndk19money_getIcNS_19istreambuf_iteratorIcNS_11char_traitsIcEEEEE8__do_getERS4_S4_bRKNS_6localeEjRjRbRKNS_5ctypeIcEERNS_10unique_ptrIcPFvPvEEERPcSM_	std::__ndk1::money_get<char, std::__ndk1::istreambuf_iterator<char, std::__ndk1::char_traits<char>>>::__do_get	no-ghidra-function
0x5c90c4	_ZNSt6__ndk121__throw_runtime_errorEPKc	std::__ndk1::__throw_runtime_error	no-ghidra-function
0x5c9114	_ZNKSt6__ndk19money_getIcNS_19istreambuf_iteratorIcNS_11char_traitsIcEEEEE6do_getES4_S4_bRNS_8ios_baseERjRNS_12basic_stringIcS3_NS_9allocatorIcEEEE	const std::__ndk1::money_get<char, std::__ndk1::istreambuf_iterator<char, std::__ndk1::char_traits<char>>>::do_get	no-ghidra-function
0x5cb3ec	_ZNKSt6__ndk19money_putIcNS_19ostreambuf_iteratorIcNS_11char_traitsIcEEEEE6do_putES4_bRNS_8ios_baseEce	const std::__ndk1::money_put<char, std::__ndk1::ostreambuf_iterator<char, std::__ndk1::char_traits<char>>>::do_put	no-ghidra-function
0x5cd40c	_ZNKSt6__ndk18messagesIcE7do_openERKNS_12basic_stringIcNS_11char_traitsIcEENS_9allocatorIcEEEERKNS_6localeE	const std::__ndk1::messages<char>::do_open	no-ghidra-function
0x5cd414	_ZNKSt6__ndk18messagesIcE6do_getEliiRKNS_12basic_stringIcNS_11char_traitsIcEENS_9allocatorIcEEEE	const std::__ndk1::messages<char>::do_get	no-ghidra-function
0x5cd488	_ZNKSt6__ndk18messagesIwE7do_openERKNS_12basic_stringIcNS_11char_traitsIcEENS_9allocatorIcEEEERKNS_6localeE	const std::__ndk1::messages<wchar_t>::do_open	no-ghidra-function
0x5cd490	_ZNKSt6__ndk18messagesIwE6do_getEliiRKNS_12basic_stringIwNS_11char_traitsIwEENS_9allocatorIwEEEE	const std::__ndk1::messages<wchar_t>::do_get	no-ghidra-function
0x5cd580	_ZNSt6__ndk114codecvt_bynameIcc9mbstate_tED2Ev	codecvt_byname<char, char, mbstate_t>::~codecvt_byname	no-ghidra-function
0x5cd584	_ZNSt6__ndk114codecvt_bynameIcc9mbstate_tED0Ev	codecvt_byname<char, char, mbstate_t>::~codecvt_byname	no-ghidra-function
0x5cd794	_ZNSt6__ndk114codecvt_bynameIwc9mbstate_tED2Ev	codecvt_byname<wchar_t, char, mbstate_t>::~codecvt_byname	no-ghidra-function
0x5cd798	_ZNSt6__ndk114codecvt_bynameIwc9mbstate_tED0Ev	codecvt_byname<wchar_t, char, mbstate_t>::~codecvt_byname	no-ghidra-function
0x5cd7ec	_ZNSt6__ndk114codecvt_bynameIDsc9mbstate_tED2Ev	codecvt_byname<char16_t, char, mbstate_t>::~codecvt_byname	no-ghidra-function
0x5cd7f0	_ZNSt6__ndk114codecvt_bynameIDsc9mbstate_tED0Ev	codecvt_byname<char16_t, char, mbstate_t>::~codecvt_byname	no-ghidra-function
0x5cd844	_ZNSt6__ndk114codecvt_bynameIDic9mbstate_tED2Ev	codecvt_byname<char32_t, char, mbstate_t>::~codecvt_byname	no-ghidra-function
0x5cfdb0	_ZNSt6__ndk16locale7classicEv	std::__ndk1::locale::classic	no-ghidra-function
0x5d50d0	_ZNSt6__ndk16locale8__globalEv	std::__ndk1::locale::__global	no-ghidra-function
0x5d51c0	_ZNSt6__ndk16localeC2Ev	locale::locale	no-ghidra-function
0x5d51ec	_ZNSt6__ndk16localeC2ERKS0_	locale::locale	no-ghidra-function
0x5d51fc	_ZNSt6__ndk16localeD2Ev	locale::~locale	no-ghidra-function
0x5d5204	_ZNSt6__ndk16localeaSERKS0_	_ZNSt6__ndk16localeaSERKS0_	no-ghidra-function
0x5d5244	_ZNSt6__ndk16localeC2EPKc	locale::locale	no-ghidra-function
0x5d53cc	_ZNSt6__ndk16localeC2ERKNS_12basic_stringIcNS_11char_traitsIcEENS_9allocatorIcEEEE	locale::locale	no-ghidra-function
0x5d5428	_ZNSt6__ndk16localeC2ERKS0_PKci	locale::locale	no-ghidra-function
0x5d55c8	_ZNSt6__ndk16localeC2ERKS0_RKNS_12basic_stringIcNS_11char_traitsIcEENS_9allocatorIcEEEEi	locale::locale	no-ghidra-function
0x5d5630	_ZNSt6__ndk16localeC2ERKS0_S2_i	locale::locale	no-ghidra-function
0x5d5698	_ZNKSt6__ndk16locale4nameEv	const std::__ndk1::locale::name	no-ghidra-function
0x5d56a8	_ZNSt6__ndk16locale14__install_ctorERKS0_PNS0_5facetEl	std::__ndk1::locale::__install_ctor	no-ghidra-function
0x5d571c	_ZNSt6__ndk16locale6globalERKS0_	std::__ndk1::locale::global	no-ghidra-function
0x5d588c	_ZNKSt6__ndk16locale9has_facetERNS0_2idE	const std::__ndk1::locale::has_facet	no-ghidra-function
0x5d5950	_ZNSt6__ndk16locale2id5__getEv	std::__ndk1::locale::id::__get	no-ghidra-function
0x5d59e0	_ZNKSt6__ndk16locale9use_facetERNS0_2idE	const std::__ndk1::locale::use_facet	no-ghidra-function
0x5d5ac0	_ZNKSt6__ndk16localeeqERKS0_	_ZNKSt6__ndk16localeeqERKS0_	no-ghidra-function
0x5d5bdc	_ZNSt6__ndk16locale5facetD0Ev	facet::~facet	no-ghidra-function
0x5d5c00	_ZNSt6__ndk16locale5facet16__on_zero_sharedEv	std::__ndk1::locale::facet::__on_zero_shared	no-ghidra-function
0x5d5c14	_ZNSt6__ndk16locale2id6__initEv	std::__ndk1::locale::id::__init	no-ghidra-function
0x5d5c34	_ZNSt6__ndk114collate_bynameIcEC2EPKcm	collate_byname<char>::collate_byname	no-ghidra-function
0x5d5e00	_ZNSt6__ndk114collate_bynameIcEC2ERKNS_12basic_stringIcNS_11char_traitsIcEENS_9allocatorIcEEEEm	collate_byname<char>::collate_byname	no-ghidra-function
0x5d5ed4	_ZNSt6__ndk114collate_bynameIcED2Ev	collate_byname<char>::~collate_byname	no-ghidra-function
0x5d5f20	_ZNSt6__ndk114collate_bynameIcED0Ev	collate_byname<char>::~collate_byname	no-ghidra-function
0x5d5f74	_ZNKSt6__ndk114collate_bynameIcE10do_compareEPKcS3_S3_S3_	const std::__ndk1::collate_byname<char>::do_compare	no-ghidra-function
0x5d61e8	_ZNKSt6__ndk114collate_bynameIcE12do_transformEPKcS3_	const std::__ndk1::collate_byname<char>::do_transform	no-ghidra-function
0x5d6404	_ZNSt6__ndk114collate_bynameIwEC2EPKcm	collate_byname<wchar_t>::collate_byname	no-ghidra-function
0x5d6580	_ZNSt6__ndk114collate_bynameIwEC2ERKNS_12basic_stringIcNS_11char_traitsIcEENS_9allocatorIcEEEEm	collate_byname<wchar_t>::collate_byname	no-ghidra-function
0x5d6654	_ZNSt6__ndk114collate_bynameIwED2Ev	collate_byname<wchar_t>::~collate_byname	no-ghidra-function
0x5d66a0	_ZNSt6__ndk114collate_bynameIwED0Ev	collate_byname<wchar_t>::~collate_byname	no-ghidra-function
0x5d66f4	_ZNKSt6__ndk114collate_bynameIwE10do_compareEPKwS3_S3_S3_	const std::__ndk1::collate_byname<wchar_t>::do_compare	no-ghidra-function
0x5d67f8	_ZNKSt6__ndk114collate_bynameIwE12do_transformEPKwS3_	const std::__ndk1::collate_byname<wchar_t>::do_transform	no-ghidra-function
0x5d6924	_ZNSt6__ndk15ctypeIwED0Ev	ctype<wchar_t>::~ctype	no-ghidra-function
0x5d6948	_ZNKSt6__ndk15ctypeIwE5do_isEmw	const std::__ndk1::ctype<wchar_t>::do_is	no-ghidra-function
0x5d6970	_ZNSt6__ndk15ctypeIcE13classic_tableEv	std::__ndk1::ctype<char>::classic_table	no-ghidra-function
0x5d697c	_ZNKSt6__ndk15ctypeIwE5do_isEPKwS3_Pm	const std::__ndk1::ctype<wchar_t>::do_is	no-ghidra-function
0x5d69d4	_ZNKSt6__ndk15ctypeIwE10do_scan_isEmPKwS3_	const std::__ndk1::ctype<wchar_t>::do_scan_is	no-ghidra-function
0x5d6a14	_ZNKSt6__ndk15ctypeIwE11do_scan_notEmPKwS3_	const std::__ndk1::ctype<wchar_t>::do_scan_not	no-ghidra-function
0x5d6a54	_ZNKSt6__ndk15ctypeIwE10do_toupperEw	const std::__ndk1::ctype<wchar_t>::do_toupper	no-ghidra-function
0x5d6afc	_ZNKSt6__ndk15ctypeIwE10do_toupperEPwPKw	const std::__ndk1::ctype<wchar_t>::do_toupper	no-ghidra-function
0x5d6be0	_ZNKSt6__ndk15ctypeIwE10do_tolowerEw	const std::__ndk1::ctype<wchar_t>::do_tolower	no-ghidra-function
0x5d6c88	_ZNKSt6__ndk15ctypeIwE10do_tolowerEPwPKw	const std::__ndk1::ctype<wchar_t>::do_tolower	no-ghidra-function
0x5d6d68	_ZNKSt6__ndk15ctypeIwE8do_widenEc	const std::__ndk1::ctype<wchar_t>::do_widen	no-ghidra-function
0x5d6d70	_ZNKSt6__ndk15ctypeIwE8do_widenEPKcS3_Pw	const std::__ndk1::ctype<wchar_t>::do_widen	no-ghidra-function
0x5d6d94	_ZNKSt6__ndk15ctypeIwE9do_narrowEwc	const std::__ndk1::ctype<wchar_t>::do_narrow	no-ghidra-function
0x5d6da0	_ZNKSt6__ndk15ctypeIwE9do_narrowEPKwS3_cPc	const std::__ndk1::ctype<wchar_t>::do_narrow	no-ghidra-function
0x5d6e78	_ZNSt6__ndk15ctypeIcEC2EPKmbm	ctype<char>::ctype	no-ghidra-function
0x5d6eb0	_ZNSt6__ndk15ctypeIcED2Ev	ctype<char>::~ctype	no-ghidra-function
0x5d6ef4	_ZNSt6__ndk15ctypeIcED0Ev	ctype<char>::~ctype	no-ghidra-function
0x5d6f40	_ZNKSt6__ndk15ctypeIcE10do_toupperEc	const std::__ndk1::ctype<char>::do_toupper	no-ghidra-function
0x5d6fe4	_ZNKSt6__ndk15ctypeIcE10do_toupperEPcPKc	const std::__ndk1::ctype<char>::do_toupper	no-ghidra-function
0x5d70c0	_ZNKSt6__ndk15ctypeIcE10do_tolowerEc	const std::__ndk1::ctype<char>::do_tolower	no-ghidra-function
0x5d7164	_ZNKSt6__ndk15ctypeIcE10do_tolowerEPcPKc	const std::__ndk1::ctype<char>::do_tolower	no-ghidra-function
0x5d7240	_ZNKSt6__ndk15ctypeIcE8do_widenEc	const std::__ndk1::ctype<char>::do_widen	no-ghidra-function
0x5d7248	_ZNKSt6__ndk15ctypeIcE8do_widenEPKcS3_Pc	const std::__ndk1::ctype<char>::do_widen	no-ghidra-function
0x5d72d4	_ZNKSt6__ndk15ctypeIcE9do_narrowEcc	const std::__ndk1::ctype<char>::do_narrow	no-ghidra-function
0x5d72e4	_ZNKSt6__ndk15ctypeIcE9do_narrowEPKcS3_cPc	const std::__ndk1::ctype<char>::do_narrow	no-ghidra-function
0x5d76a4	_ZNKSt6__ndk112ctype_bynameIcE10do_toupperEc	const std::__ndk1::ctype_byname<char>::do_toupper	no-ghidra-function
0x5d76c0	_ZNKSt6__ndk112ctype_bynameIcE10do_toupperEPcPKc	const std::__ndk1::ctype_byname<char>::do_toupper	no-ghidra-function
0x5d7704	_ZNKSt6__ndk112ctype_bynameIcE10do_tolowerEc	const std::__ndk1::ctype_byname<char>::do_tolower	no-ghidra-function
0x5d7720	_ZNKSt6__ndk112ctype_bynameIcE10do_tolowerEPcPKc	const std::__ndk1::ctype_byname<char>::do_tolower	no-ghidra-function
0x5d7764	_ZNSt6__ndk112ctype_bynameIwEC2EPKcm	ctype_byname<wchar_t>::ctype_byname	no-ghidra-function
0x5d78e0	_ZNSt6__ndk112ctype_bynameIwEC2ERKNS_12basic_stringIcNS_11char_traitsIcEENS_9allocatorIcEEEEm	ctype_byname<wchar_t>::ctype_byname	no-ghidra-function
0x5d79b4	_ZNSt6__ndk112ctype_bynameIwED0Ev	ctype_byname<wchar_t>::~ctype_byname	no-ghidra-function
0x5d7a08	_ZNKSt6__ndk112ctype_bynameIwE5do_isEmw	const std::__ndk1::ctype_byname<wchar_t>::do_is	no-ghidra-function
0x5d7b70	_ZNKSt6__ndk112ctype_bynameIwE5do_isEPKwS3_Pm	const std::__ndk1::ctype_byname<wchar_t>::do_is	no-ghidra-function
0x5d7cd4	_ZNKSt6__ndk112ctype_bynameIwE10do_scan_isEmPKwS3_	const std::__ndk1::ctype_byname<wchar_t>::do_scan_is	no-ghidra-function
0x5d7dc0	_ZNKSt6__ndk112ctype_bynameIwE11do_scan_notEmPKwS3_	const std::__ndk1::ctype_byname<wchar_t>::do_scan_not	no-ghidra-function
0x5d7eac	_ZNKSt6__ndk112ctype_bynameIwE10do_toupperEw	const std::__ndk1::ctype_byname<wchar_t>::do_toupper	no-ghidra-function
0x5d7eb8	_ZNKSt6__ndk112ctype_bynameIwE10do_toupperEPwPKw	const std::__ndk1::ctype_byname<wchar_t>::do_toupper	no-ghidra-function
0x5d7efc	_ZNKSt6__ndk112ctype_bynameIwE10do_tolowerEw	const std::__ndk1::ctype_byname<wchar_t>::do_tolower	no-ghidra-function
0x5d7f08	_ZNKSt6__ndk112ctype_bynameIwE10do_tolowerEPwPKw	const std::__ndk1::ctype_byname<wchar_t>::do_tolower	no-ghidra-function
0x5d7f4c	_ZNKSt6__ndk112ctype_bynameIwE8do_widenEc	const std::__ndk1::ctype_byname<wchar_t>::do_widen	no-ghidra-function
0x5d7fb0	_ZNKSt6__ndk112ctype_bynameIwE8do_widenEPKcS3_Pw	const std::__ndk1::ctype_byname<wchar_t>::do_widen	no-ghidra-function
0x5d8050	_ZNKSt6__ndk112ctype_bynameIwE9do_narrowEwc	const std::__ndk1::ctype_byname<wchar_t>::do_narrow	no-ghidra-function
0x5d80c4	_ZNKSt6__ndk112ctype_bynameIwE9do_narrowEPKwS3_cPc	const std::__ndk1::ctype_byname<wchar_t>::do_narrow	no-ghidra-function
0x5d8178	_ZNSt6__ndk17codecvtIcc9mbstate_tED0Ev	codecvt<char, char, mbstate_t>::~codecvt	no-ghidra-function
0x5d819c	_ZNKSt6__ndk17codecvtIcc9mbstate_tE6do_outERS1_PKcS5_RS5_PcS7_RS7_	const std::__ndk1::codecvt<char, char, mbstate_t>::do_out	no-ghidra-function
0x5d81ac	_ZNKSt6__ndk17codecvtIcc9mbstate_tE5do_inERS1_PKcS5_RS5_PcS7_RS7_	const std::__ndk1::codecvt<char, char, mbstate_t>::do_in	no-ghidra-function
0x5d81bc	_ZNKSt6__ndk17codecvtIcc9mbstate_tE10do_unshiftERS1_PcS4_RS4_	const std::__ndk1::codecvt<char, char, mbstate_t>::do_unshift	no-ghidra-function
0x5d81c8	_ZNKSt6__ndk17codecvtIcc9mbstate_tE11do_encodingEv	const std::__ndk1::codecvt<char, char, mbstate_t>::do_encoding	no-ghidra-function
0x5d81d0	_ZNKSt6__ndk17codecvtIcc9mbstate_tE16do_always_noconvEv	const std::__ndk1::codecvt<char, char, mbstate_t>::do_always_noconv	no-ghidra-function
0x5d81d8	_ZNKSt6__ndk17codecvtIcc9mbstate_tE9do_lengthERS1_PKcS5_m	const std::__ndk1::codecvt<char, char, mbstate_t>::do_length	no-ghidra-function
0x5d81e8	_ZNKSt6__ndk17codecvtIcc9mbstate_tE13do_max_lengthEv	const std::__ndk1::codecvt<char, char, mbstate_t>::do_max_length	no-ghidra-function
0x5d82a8	_ZNSt6__ndk17codecvtIwc9mbstate_tED0Ev	codecvt<wchar_t, char, mbstate_t>::~codecvt	no-ghidra-function
0x5d894c	_ZNKSt6__ndk17codecvtIwc9mbstate_tE10do_unshiftERS1_PcS4_RS4_	const std::__ndk1::codecvt<wchar_t, char, mbstate_t>::do_unshift	no-ghidra-function
0x5d8b48	_ZNKSt6__ndk17codecvtIwc9mbstate_tE16do_always_noconvEv	const std::__ndk1::codecvt<wchar_t, char, mbstate_t>::do_always_noconv	no-ghidra-function
0x5d8c44	_ZNKSt6__ndk17codecvtIwc9mbstate_tE13do_max_lengthEv	const std::__ndk1::codecvt<wchar_t, char, mbstate_t>::do_max_length	no-ghidra-function
0x5d8cb4	_ZNSt6__ndk17codecvtIDsc9mbstate_tED0Ev	codecvt<char16_t, char, mbstate_t>::~codecvt	no-ghidra-function
0x5d8cd8	_ZNKSt6__ndk17codecvtIDsc9mbstate_tE6do_outERS1_PKDsS5_RS5_PcS7_RS7_	const std::__ndk1::codecvt<char16_t, char, mbstate_t>::do_out	no-ghidra-function
0x5d9384	_ZNKSt6__ndk17codecvtIDsc9mbstate_tE10do_unshiftERS1_PcS4_RS4_	const std::__ndk1::codecvt<char16_t, char, mbstate_t>::do_unshift	no-ghidra-function
0x5d9390	_ZNKSt6__ndk17codecvtIDsc9mbstate_tE11do_encodingEv	const std::__ndk1::codecvt<char16_t, char, mbstate_t>::do_encoding	no-ghidra-function
0x5d9398	_ZNKSt6__ndk17codecvtIDsc9mbstate_tE16do_always_noconvEv	const std::__ndk1::codecvt<char16_t, char, mbstate_t>::do_always_noconv	no-ghidra-function
0x5d95bc	_ZNKSt6__ndk17codecvtIDsc9mbstate_tE13do_max_lengthEv	const std::__ndk1::codecvt<char16_t, char, mbstate_t>::do_max_length	no-ghidra-function
0x5d98a0	_ZNKSt6__ndk17codecvtIDic9mbstate_tE5do_inERS1_PKcS5_RS5_PDiS7_RS7_	const std::__ndk1::codecvt<char32_t, char, mbstate_t>::do_in	no-ghidra-function
0x5d9bd4	_ZNKSt6__ndk17codecvtIDic9mbstate_tE10do_unshiftERS1_PcS4_RS4_	const std::__ndk1::codecvt<char32_t, char, mbstate_t>::do_unshift	no-ghidra-function
0x5d9be0	_ZNKSt6__ndk17codecvtIDic9mbstate_tE11do_encodingEv	const std::__ndk1::codecvt<char32_t, char, mbstate_t>::do_encoding	no-ghidra-function
0x5d9be8	_ZNKSt6__ndk17codecvtIDic9mbstate_tE16do_always_noconvEv	const std::__ndk1::codecvt<char32_t, char, mbstate_t>::do_always_noconv	no-ghidra-function
0x5d9bf0	_ZNKSt6__ndk17codecvtIDic9mbstate_tE9do_lengthERS1_PKcS5_m	const std::__ndk1::codecvt<char32_t, char, mbstate_t>::do_length	no-ghidra-function
0x5d9e18	_ZNKSt6__ndk17codecvtIDic9mbstate_tE13do_max_lengthEv	const std::__ndk1::codecvt<char32_t, char, mbstate_t>::do_max_length	no-ghidra-function
0x5d9e20	_ZNKSt6__ndk114__codecvt_utf8IwE6do_outER9mbstate_tPKwS5_RS5_PcS7_RS7_	const std::__ndk1::__codecvt_utf8<wchar_t>::do_out	no-ghidra-function
0x5d9eb4	_ZNKSt6__ndk114__codecvt_utf8IwE5do_inER9mbstate_tPKcS5_RS5_PwS7_RS7_	const std::__ndk1::__codecvt_utf8<wchar_t>::do_in	no-ghidra-function
0x5d9f48	_ZNKSt6__ndk114__codecvt_utf8IwE10do_unshiftER9mbstate_tPcS4_RS4_	const std::__ndk1::__codecvt_utf8<wchar_t>::do_unshift	no-ghidra-function
0x5d9f54	_ZNKSt6__ndk114__codecvt_utf8IwE11do_encodingEv	const std::__ndk1::__codecvt_utf8<wchar_t>::do_encoding	no-ghidra-function
0x5d9f5c	_ZNKSt6__ndk114__codecvt_utf8IwE16do_always_noconvEv	const std::__ndk1::__codecvt_utf8<wchar_t>::do_always_noconv	no-ghidra-function
0x5d9f64	_ZNKSt6__ndk114__codecvt_utf8IwE9do_lengthER9mbstate_tPKcS5_m	const std::__ndk1::__codecvt_utf8<wchar_t>::do_length	no-ghidra-function
0x5d9f80	_ZNKSt6__ndk114__codecvt_utf8IwE13do_max_lengthEv	const std::__ndk1::__codecvt_utf8<wchar_t>::do_max_length	no-ghidra-function
0x5da1fc	_ZNKSt6__ndk114__codecvt_utf8IDsE10do_unshiftER9mbstate_tPcS4_RS4_	const std::__ndk1::__codecvt_utf8<char16_t>::do_unshift	no-ghidra-function
0x5da208	_ZNKSt6__ndk114__codecvt_utf8IDsE11do_encodingEv	const std::__ndk1::__codecvt_utf8<char16_t>::do_encoding	no-ghidra-function
0x5da210	_ZNKSt6__ndk114__codecvt_utf8IDsE16do_always_noconvEv	const std::__ndk1::__codecvt_utf8<char16_t>::do_always_noconv	no-ghidra-function
0x5da388	_ZNKSt6__ndk114__codecvt_utf8IDsE13do_max_lengthEv	const std::__ndk1::__codecvt_utf8<char16_t>::do_max_length	no-ghidra-function
0x5da434	_ZNKSt6__ndk114__codecvt_utf8IDiE5do_inER9mbstate_tPKcS5_RS5_PDiS7_RS7_	const std::__ndk1::__codecvt_utf8<char32_t>::do_in	no-ghidra-function
0x5da4c8	_ZNKSt6__ndk114__codecvt_utf8IDiE10do_unshiftER9mbstate_tPcS4_RS4_	const std::__ndk1::__codecvt_utf8<char32_t>::do_unshift	no-ghidra-function
0x5da4d4	_ZNKSt6__ndk114__codecvt_utf8IDiE11do_encodingEv	const std::__ndk1::__codecvt_utf8<char32_t>::do_encoding	no-ghidra-function
0x5da4dc	_ZNKSt6__ndk114__codecvt_utf8IDiE16do_always_noconvEv	const std::__ndk1::__codecvt_utf8<char32_t>::do_always_noconv	no-ghidra-function
0x5da500	_ZNKSt6__ndk114__codecvt_utf8IDiE13do_max_lengthEv	const std::__ndk1::__codecvt_utf8<char32_t>::do_max_length	no-ghidra-function
0x5da518	_ZNKSt6__ndk115__codecvt_utf16IwLb0EE6do_outER9mbstate_tPKwS5_RS5_PcS7_RS7_	_ZNKSt6__ndk115__codecvt_utf16IwLb0EE6do_outER9mbstate_tPKwS5_RS5_PcS7_RS7_	no-ghidra-function
0x5da5f4	_ZNKSt6__ndk115__codecvt_utf16IwLb0EE5do_inER9mbstate_tPKcS5_RS5_PwS7_RS7_	_ZNKSt6__ndk115__codecvt_utf16IwLb0EE5do_inER9mbstate_tPKcS5_RS5_PwS7_RS7_	no-ghidra-function
0x5da6f0	_ZNKSt6__ndk115__codecvt_utf16IwLb0EE10do_unshiftER9mbstate_tPcS4_RS4_	_ZNKSt6__ndk115__codecvt_utf16IwLb0EE10do_unshiftER9mbstate_tPcS4_RS4_	no-ghidra-function
0x5da6fc	_ZNKSt6__ndk115__codecvt_utf16IwLb0EE11do_encodingEv	_ZNKSt6__ndk115__codecvt_utf16IwLb0EE11do_encodingEv	no-ghidra-function
0x5da704	_ZNKSt6__ndk115__codecvt_utf16IwLb0EE16do_always_noconvEv	_ZNKSt6__ndk115__codecvt_utf16IwLb0EE16do_always_noconvEv	no-ghidra-function
0x5da804	_ZNKSt6__ndk115__codecvt_utf16IwLb0EE13do_max_lengthEv	_ZNKSt6__ndk115__codecvt_utf16IwLb0EE13do_max_lengthEv	no-ghidra-function
0x5da81c	_ZNKSt6__ndk115__codecvt_utf16IwLb1EE6do_outER9mbstate_tPKwS5_RS5_PcS7_RS7_	const std::__ndk1::__codecvt_utf16<wchar_t, bool>	no-ghidra-function
0x5da9f4	_ZNKSt6__ndk115__codecvt_utf16IwLb1EE10do_unshiftER9mbstate_tPcS4_RS4_	const std::__ndk1::__codecvt_utf16<wchar_t, bool>	no-ghidra-function
0x5daa00	_ZNKSt6__ndk115__codecvt_utf16IwLb1EE11do_encodingEv	const std::__ndk1::__codecvt_utf16<wchar_t, bool>	no-ghidra-function
0x5daa08	_ZNKSt6__ndk115__codecvt_utf16IwLb1EE16do_always_noconvEv	const std::__ndk1::__codecvt_utf16<wchar_t, bool>	no-ghidra-function
0x5daa10	_ZNKSt6__ndk115__codecvt_utf16IwLb1EE9do_lengthER9mbstate_tPKcS5_m	const std::__ndk1::__codecvt_utf16<wchar_t, bool>	no-ghidra-function
0x5dab08	_ZNKSt6__ndk115__codecvt_utf16IwLb1EE13do_max_lengthEv	const std::__ndk1::__codecvt_utf16<wchar_t, bool>	no-ghidra-function
0x5dac50	_ZNKSt6__ndk115__codecvt_utf16IDsLb0EE11do_encodingEv	_ZNKSt6__ndk115__codecvt_utf16IDsLb0EE11do_encodingEv	no-ghidra-function
0x5dac58	_ZNKSt6__ndk115__codecvt_utf16IDsLb0EE16do_always_noconvEv	_ZNKSt6__ndk115__codecvt_utf16IDsLb0EE16do_always_noconvEv	no-ghidra-function
0x5dacf4	_ZNKSt6__ndk115__codecvt_utf16IDsLb0EE13do_max_lengthEv	_ZNKSt6__ndk115__codecvt_utf16IDsLb0EE13do_max_lengthEv	no-ghidra-function
0x5dada0	_ZNKSt6__ndk115__codecvt_utf16IDsLb1EE5do_inER9mbstate_tPKcS5_RS5_PDsS7_RS7_	const std::__ndk1::__codecvt_utf16<char16_t, bool>	no-ghidra-function
0x5dae30	_ZNKSt6__ndk115__codecvt_utf16IDsLb1EE10do_unshiftER9mbstate_tPcS4_RS4_	const std::__ndk1::__codecvt_utf16<char16_t, bool>	no-ghidra-function
0x5dae3c	_ZNKSt6__ndk115__codecvt_utf16IDsLb1EE11do_encodingEv	const std::__ndk1::__codecvt_utf16<char16_t, bool>	no-ghidra-function
0x5dae44	_ZNKSt6__ndk115__codecvt_utf16IDsLb1EE16do_always_noconvEv	const std::__ndk1::__codecvt_utf16<char16_t, bool>	no-ghidra-function
0x5dae4c	_ZNKSt6__ndk115__codecvt_utf16IDsLb1EE9do_lengthER9mbstate_tPKcS5_m	const std::__ndk1::__codecvt_utf16<char16_t, bool>	no-ghidra-function
0x5daef8	_ZNKSt6__ndk115__codecvt_utf16IDsLb1EE13do_max_lengthEv	const std::__ndk1::__codecvt_utf16<char16_t, bool>	no-ghidra-function
0x5daf10	_ZNKSt6__ndk115__codecvt_utf16IDiLb0EE6do_outER9mbstate_tPKDiS5_RS5_PcS7_RS7_	_ZNKSt6__ndk115__codecvt_utf16IDiLb0EE6do_outER9mbstate_tPKDiS5_RS5_PcS7_RS7_	no-ghidra-function
0x5dafec	_ZNKSt6__ndk115__codecvt_utf16IDiLb0EE5do_inER9mbstate_tPKcS5_RS5_PDiS7_RS7_	_ZNKSt6__ndk115__codecvt_utf16IDiLb0EE5do_inER9mbstate_tPKcS5_RS5_PDiS7_RS7_	no-ghidra-function
0x5db0e8	_ZNKSt6__ndk115__codecvt_utf16IDiLb0EE10do_unshiftER9mbstate_tPcS4_RS4_	_ZNKSt6__ndk115__codecvt_utf16IDiLb0EE10do_unshiftER9mbstate_tPcS4_RS4_	no-ghidra-function
0x5db0f4	_ZNKSt6__ndk115__codecvt_utf16IDiLb0EE11do_encodingEv	_ZNKSt6__ndk115__codecvt_utf16IDiLb0EE11do_encodingEv	no-ghidra-function
0x5db0fc	_ZNKSt6__ndk115__codecvt_utf16IDiLb0EE16do_always_noconvEv	_ZNKSt6__ndk115__codecvt_utf16IDiLb0EE16do_always_noconvEv	no-ghidra-function
0x5db104	_ZNKSt6__ndk115__codecvt_utf16IDiLb0EE9do_lengthER9mbstate_tPKcS5_m	_ZNKSt6__ndk115__codecvt_utf16IDiLb0EE9do_lengthER9mbstate_tPKcS5_m	no-ghidra-function
0x5db1fc	_ZNKSt6__ndk115__codecvt_utf16IDiLb0EE13do_max_lengthEv	_ZNKSt6__ndk115__codecvt_utf16IDiLb0EE13do_max_lengthEv	no-ghidra-function
0x5db214	_ZNKSt6__ndk115__codecvt_utf16IDiLb1EE6do_outER9mbstate_tPKDiS5_RS5_PcS7_RS7_	const std::__ndk1::__codecvt_utf16<char32_t, bool>	no-ghidra-function
0x5db2f0	_ZNKSt6__ndk115__codecvt_utf16IDiLb1EE5do_inER9mbstate_tPKcS5_RS5_PDiS7_RS7_	const std::__ndk1::__codecvt_utf16<char32_t, bool>	no-ghidra-function
0x5db3ec	_ZNKSt6__ndk115__codecvt_utf16IDiLb1EE10do_unshiftER9mbstate_tPcS4_RS4_	const std::__ndk1::__codecvt_utf16<char32_t, bool>	no-ghidra-function
0x5db3f8	_ZNKSt6__ndk115__codecvt_utf16IDiLb1EE11do_encodingEv	const std::__ndk1::__codecvt_utf16<char32_t, bool>	no-ghidra-function
0x5db400	_ZNKSt6__ndk115__codecvt_utf16IDiLb1EE16do_always_noconvEv	const std::__ndk1::__codecvt_utf16<char32_t, bool>	no-ghidra-function
0x5db408	_ZNKSt6__ndk115__codecvt_utf16IDiLb1EE9do_lengthER9mbstate_tPKcS5_m	const std::__ndk1::__codecvt_utf16<char32_t, bool>	no-ghidra-function
0x5db500	_ZNKSt6__ndk115__codecvt_utf16IDiLb1EE13do_max_lengthEv	const std::__ndk1::__codecvt_utf16<char32_t, bool>	no-ghidra-function
0x5dbbc0	_ZNKSt6__ndk120__codecvt_utf8_utf16IwE10do_unshiftER9mbstate_tPcS4_RS4_	const std::__ndk1::__codecvt_utf8_utf16<wchar_t>::do_unshift	no-ghidra-function
0x5dbbcc	_ZNKSt6__ndk120__codecvt_utf8_utf16IwE11do_encodingEv	const std::__ndk1::__codecvt_utf8_utf16<wchar_t>::do_encoding	no-ghidra-function
0x5dbbd4	_ZNKSt6__ndk120__codecvt_utf8_utf16IwE16do_always_noconvEv	const std::__ndk1::__codecvt_utf8_utf16<wchar_t>::do_always_noconv	no-ghidra-function
0x5dbbdc	_ZNKSt6__ndk120__codecvt_utf8_utf16IwE9do_lengthER9mbstate_tPKcS5_m	const std::__ndk1::__codecvt_utf8_utf16<wchar_t>::do_length	no-ghidra-function
0x5dbbf8	_ZNKSt6__ndk120__codecvt_utf8_utf16IwE13do_max_lengthEv	const std::__ndk1::__codecvt_utf8_utf16<wchar_t>::do_max_length	no-ghidra-function
0x5dbd38	_ZNKSt6__ndk120__codecvt_utf8_utf16IDsE10do_unshiftER9mbstate_tPcS4_RS4_	const std::__ndk1::__codecvt_utf8_utf16<char16_t>::do_unshift	no-ghidra-function
0x5dbd44	_ZNKSt6__ndk120__codecvt_utf8_utf16IDsE11do_encodingEv	const std::__ndk1::__codecvt_utf8_utf16<char16_t>::do_encoding	no-ghidra-function
0x5dbd4c	_ZNKSt6__ndk120__codecvt_utf8_utf16IDsE16do_always_noconvEv	const std::__ndk1::__codecvt_utf8_utf16<char16_t>::do_always_noconv	no-ghidra-function
0x5dbd54	_ZNKSt6__ndk120__codecvt_utf8_utf16IDsE9do_lengthER9mbstate_tPKcS5_m	const std::__ndk1::__codecvt_utf8_utf16<char16_t>::do_length	no-ghidra-function
0x5dbd70	_ZNKSt6__ndk120__codecvt_utf8_utf16IDsE13do_max_lengthEv	const std::__ndk1::__codecvt_utf8_utf16<char16_t>::do_max_length	no-ghidra-function
0x5dbe1c	_ZNKSt6__ndk120__codecvt_utf8_utf16IDiE5do_inER9mbstate_tPKcS5_RS5_PDiS7_RS7_	const std::__ndk1::__codecvt_utf8_utf16<char32_t>::do_in	no-ghidra-function
0x5dbeb0	_ZNKSt6__ndk120__codecvt_utf8_utf16IDiE10do_unshiftER9mbstate_tPcS4_RS4_	const std::__ndk1::__codecvt_utf8_utf16<char32_t>::do_unshift	no-ghidra-function
0x5dbebc	_ZNKSt6__ndk120__codecvt_utf8_utf16IDiE11do_encodingEv	const std::__ndk1::__codecvt_utf8_utf16<char32_t>::do_encoding	no-ghidra-function
0x5dbec4	_ZNKSt6__ndk120__codecvt_utf8_utf16IDiE16do_always_noconvEv	const std::__ndk1::__codecvt_utf8_utf16<char32_t>::do_always_noconv	no-ghidra-function
0x5dbecc	_ZNKSt6__ndk120__codecvt_utf8_utf16IDiE9do_lengthER9mbstate_tPKcS5_m	const std::__ndk1::__codecvt_utf8_utf16<char32_t>::do_length	no-ghidra-function
0x5dbee8	_ZNKSt6__ndk120__codecvt_utf8_utf16IDiE13do_max_lengthEv	const std::__ndk1::__codecvt_utf8_utf16<char32_t>::do_max_length	no-ghidra-function
0x5dbf00	_ZNSt6__ndk116__narrow_to_utf8ILm16EED0Ev	_ZNSt6__ndk116__narrow_to_utf8ILm16EED0Ev	no-ghidra-function
0x5dbf24	_ZNSt6__ndk116__narrow_to_utf8ILm32EED0Ev	std::__ndk1::__narrow_to_utf8<unsigned long>	no-ghidra-function
0x5dbf6c	_ZNSt6__ndk117__widen_from_utf8ILm32EED0Ev	std::__ndk1::__widen_from_utf8<unsigned long>	no-ghidra-function
0x5dbf90	_ZNSt6__ndk18numpunctIcEC2Em	numpunct<char>::numpunct	no-ghidra-function
0x5dbfb8	_ZNSt6__ndk18numpunctIwEC2Em	numpunct<wchar_t>::numpunct	no-ghidra-function
0x5dbfe4	_ZNSt6__ndk18numpunctIcED2Ev	numpunct<char>::~numpunct	no-ghidra-function
0x5dc024	_ZNSt6__ndk18numpunctIcED0Ev	numpunct<char>::~numpunct	no-ghidra-function
0x5dc06c	_ZNSt6__ndk18numpunctIwED2Ev	numpunct<wchar_t>::~numpunct	no-ghidra-function
0x5dc0ac	_ZNSt6__ndk18numpunctIwED0Ev	numpunct<wchar_t>::~numpunct	no-ghidra-function
0x5dc0f4	_ZNKSt6__ndk18numpunctIcE16do_decimal_pointEv	const std::__ndk1::numpunct<char>::do_decimal_point	no-ghidra-function
0x5dc0fc	_ZNKSt6__ndk18numpunctIwE16do_decimal_pointEv	const std::__ndk1::numpunct<wchar_t>::do_decimal_point	no-ghidra-function
0x5dc104	_ZNKSt6__ndk18numpunctIcE16do_thousands_sepEv	const std::__ndk1::numpunct<char>::do_thousands_sep	no-ghidra-function
0x5dc10c	_ZNKSt6__ndk18numpunctIwE16do_thousands_sepEv	const std::__ndk1::numpunct<wchar_t>::do_thousands_sep	no-ghidra-function
0x5dc114	_ZNKSt6__ndk18numpunctIcE11do_groupingEv	const std::__ndk1::numpunct<char>::do_grouping	no-ghidra-function
0x5dc120	_ZNKSt6__ndk18numpunctIwE11do_groupingEv	const std::__ndk1::numpunct<wchar_t>::do_grouping	no-ghidra-function
0x5dc12c	_ZNKSt6__ndk18numpunctIcE11do_truenameEv	const std::__ndk1::numpunct<char>::do_truename	no-ghidra-function
0x5dc150	_ZNKSt6__ndk18numpunctIwE11do_truenameEv	const std::__ndk1::numpunct<wchar_t>::do_truename	no-ghidra-function
0x5dc16c	_ZNKSt6__ndk18numpunctIcE12do_falsenameEv	const std::__ndk1::numpunct<char>::do_falsename	no-ghidra-function
0x5dc194	_ZNKSt6__ndk18numpunctIwE12do_falsenameEv	const std::__ndk1::numpunct<wchar_t>::do_falsename	no-ghidra-function
0x5dc1b0	_ZNSt6__ndk115numpunct_bynameIcEC2EPKcm	numpunct_byname<char>::numpunct_byname	no-ghidra-function
0x5dc228	_ZNSt6__ndk115numpunct_bynameIcE6__initEPKc	std::__ndk1::numpunct_byname<char>::__init	no-ghidra-function
0x5dc420	_ZNSt6__ndk115numpunct_bynameIcEC2ERKNS_12basic_stringIcNS_11char_traitsIcEENS_9allocatorIcEEEEm	numpunct_byname<char>::numpunct_byname	no-ghidra-function
0x5dc4a8	_ZNSt6__ndk115numpunct_bynameIcED0Ev	numpunct_byname<char>::~numpunct_byname	no-ghidra-function
0x5dc5e4	_ZNSt6__ndk115numpunct_bynameIwEC2EPKcm	numpunct_byname<wchar_t>::numpunct_byname	no-ghidra-function
0x5dc660	_ZNSt6__ndk115numpunct_bynameIwE6__initEPKc	std::__ndk1::numpunct_byname<wchar_t>::__init	no-ghidra-function
0x5dc858	_ZNSt6__ndk115numpunct_bynameIwEC2ERKNS_12basic_stringIcNS_11char_traitsIcEENS_9allocatorIcEEEEm	numpunct_byname<wchar_t>::numpunct_byname	no-ghidra-function
0x5dc8e4	_ZNSt6__ndk115numpunct_bynameIwED0Ev	numpunct_byname<wchar_t>::~numpunct_byname	no-ghidra-function
0x5dca0c	_ZNSt6__ndk114__num_get_base10__get_baseERNS_8ios_baseE	std::__ndk1::__num_get_base::__get_base	no-ghidra-function
0x5dca4c	_ZNKSt6__ndk120__time_get_c_storageIcE7__weeksEv	const std::__ndk1::__time_get_c_storage<char>::__weeks	no-ghidra-function
0x5dce1c	_ZNKSt6__ndk120__time_get_c_storageIcE8__monthsEv	const std::__ndk1::__time_get_c_storage<char>::__months	no-ghidra-function
0x5dd474	_ZNKSt6__ndk120__time_get_c_storageIwE7__am_pmEv	const std::__ndk1::__time_get_c_storage<wchar_t>::__am_pm	no-ghidra-function
0x5dd56c	_ZNKSt6__ndk120__time_get_c_storageIcE3__xEv	const std::__ndk1::__time_get_c_storage<char>::__x	no-ghidra-function
0x5dd5f8	_ZNKSt6__ndk120__time_get_c_storageIwE3__xEv	const std::__ndk1::__time_get_c_storage<wchar_t>::__x	no-ghidra-function
0x5dd69c	_ZNKSt6__ndk120__time_get_c_storageIcE3__XEv	const std::__ndk1::__time_get_c_storage<char>::__X	no-ghidra-function
0x5dd728	_ZNKSt6__ndk120__time_get_c_storageIwE3__XEv	const std::__ndk1::__time_get_c_storage<wchar_t>::__X	no-ghidra-function
0x5dd7cc	_ZNKSt6__ndk120__time_get_c_storageIcE3__cEv	const std::__ndk1::__time_get_c_storage<char>::__c	no-ghidra-function
0x5dd860	_ZNKSt6__ndk120__time_get_c_storageIwE3__cEv	const std::__ndk1::__time_get_c_storage<wchar_t>::__c	no-ghidra-function
0x5dd904	_ZNKSt6__ndk120__time_get_c_storageIcE3__rEv	const std::__ndk1::__time_get_c_storage<char>::__r	no-ghidra-function
0x5dd994	_ZNKSt6__ndk120__time_get_c_storageIwE3__rEv	const std::__ndk1::__time_get_c_storage<wchar_t>::__r	no-ghidra-function
0x5dda38	_ZNSt6__ndk110__time_getC2EPKc	__time_get::__time_get	no-ghidra-function
0x5ddb94	_ZNSt6__ndk110__time_getC2ERKNS_12basic_stringIcNS_11char_traitsIcEENS_9allocatorIcEEEE	__time_get::__time_get	no-ghidra-function
0x5ddc40	_ZNSt6__ndk110__time_getD2Ev	__time_get::~__time_get	no-ghidra-function
0x5ddc5c	_ZNSt6__ndk118__time_get_storageIcE9__analyzeEcRKNS_5ctypeIcEE	std::__ndk1::__time_get_storage<char>::__analyze	no-ghidra-function
0x5de5b0	_ZNSt6__ndk118__time_get_storageIwE9__analyzeEcRKNS_5ctypeIwEE	std::__ndk1::__time_get_storage<wchar_t>::__analyze	no-ghidra-function
0x5deffc	_ZNSt6__ndk118__time_get_storageIcE4initERKNS_5ctypeIcEE	std::__ndk1::__time_get_storage<char>::init	no-ghidra-function
0x5df498	_ZNSt6__ndk118__time_get_storageIwE4initERKNS_5ctypeIwEE	std::__ndk1::__time_get_storage<wchar_t>::init	no-ghidra-function
0x5e0194	_ZNSt6__ndk112ctype_bynameIcED2Ev	ctype_byname<char>::~ctype_byname	no-ghidra-function
0x5e0204	_ZNSt6__ndk112ctype_bynameIwED2Ev	ctype_byname<wchar_t>::~ctype_byname	no-ghidra-function
0x5e0d34	_ZNSt6__ndk17codecvtIwc9mbstate_tED2Ev	codecvt<wchar_t, char, mbstate_t>::~codecvt	no-ghidra-function
0x5e0df4	_ZNSt6__ndk114__codecvt_utf8IwED0Ev	__codecvt_utf8<wchar_t>::~__codecvt_utf8	no-ghidra-function
0x5e0e18	_ZNSt6__ndk114__codecvt_utf8IDsED0Ev	__codecvt_utf8<char16_t>::~__codecvt_utf8	no-ghidra-function
0x5e0e3c	_ZNSt6__ndk114__codecvt_utf8IDiED0Ev	__codecvt_utf8<char32_t>::~__codecvt_utf8	no-ghidra-function
0x5e0e60	_ZNSt6__ndk115__codecvt_utf16IwLb0EED0Ev	_ZNSt6__ndk115__codecvt_utf16IwLb0EED0Ev	no-ghidra-function
0x5e0e84	_ZNSt6__ndk115__codecvt_utf16IwLb1EED0Ev	std::__ndk1::__codecvt_utf16<wchar_t, bool>	no-ghidra-function
0x5e0ea8	_ZNSt6__ndk115__codecvt_utf16IDsLb0EED0Ev	_ZNSt6__ndk115__codecvt_utf16IDsLb0EED0Ev	no-ghidra-function
0x5e0ecc	_ZNSt6__ndk115__codecvt_utf16IDsLb1EED0Ev	std::__ndk1::__codecvt_utf16<char16_t, bool>	no-ghidra-function
0x5e0ef0	_ZNSt6__ndk115__codecvt_utf16IDiLb0EED0Ev	_ZNSt6__ndk115__codecvt_utf16IDiLb0EED0Ev	no-ghidra-function
0x5e0f14	_ZNSt6__ndk115__codecvt_utf16IDiLb1EED0Ev	std::__ndk1::__codecvt_utf16<char32_t, bool>	no-ghidra-function
0x5e0f38	_ZNSt6__ndk120__codecvt_utf8_utf16IwED0Ev	__codecvt_utf8_utf16<wchar_t>::~__codecvt_utf8_utf16	no-ghidra-function
0x5e0f5c	_ZNSt6__ndk120__codecvt_utf8_utf16IDiED0Ev	__codecvt_utf8_utf16<char32_t>::~__codecvt_utf8_utf16	no-ghidra-function
0x5e0f80	_ZNSt6__ndk120__codecvt_utf8_utf16IDsED0Ev	__codecvt_utf8_utf16<char16_t>::~__codecvt_utf8_utf16	no-ghidra-function
0x5e12a4	_ZNSt6__ndk112basic_stringIwNS_11char_traitsIwEENS_9allocatorIwEEE6__initIPKwEENS_9enable_ifIXsr21__is_forward_iteratorIT_EE5valueEvE4typeESA_SA_	std::__ndk1::basic_string<wchar_t, std::__ndk1::char_traits<wchar_t>, std::__ndk1::allocator<wchar_t>>::__init<wchar_t const*>	no-ghidra-function
0x5e14f8	_ZNSt6__ndk125__num_get_signed_integralIlEET_PKcS3_Rji	std::__ndk1::__num_get_signed_integral<long>	no-ghidra-function
0x5e1638	_ZNSt6__ndk125__num_get_signed_integralIxEET_PKcS3_Rji	std::__ndk1::__num_get_signed_integral<long long>	no-ghidra-function
0x5e1778	_ZNSt6__ndk127__num_get_unsigned_integralItEET_PKcS3_Rji	std::__ndk1::__num_get_unsigned_integral<unsigned short>	no-ghidra-function
0x5e18dc	_ZNSt6__ndk127__num_get_unsigned_integralIjEET_PKcS3_Rji	std::__ndk1::__num_get_unsigned_integral<unsigned int>	no-ghidra-function
0x5e1a40	_ZNSt6__ndk127__num_get_unsigned_integralImEET_PKcS3_Rji	std::__ndk1::__num_get_unsigned_integral<unsigned long>	no-ghidra-function
0x5e1b9c	_ZNSt6__ndk127__num_get_unsigned_integralIyEET_PKcS3_Rji	std::__ndk1::__num_get_unsigned_integral<unsigned long long>	no-ghidra-function
0x5e2068	_ZNSt6__ndk112basic_stringIcNS_11char_traitsIcEENS_9allocatorIcEEE23__append_forward_unsafeIPcEERS5_T_S9_	std::__ndk1::basic_string<char, std::__ndk1::char_traits<char>, std::__ndk1::allocator<char>>::__append_forward_unsafe<char*>	no-ghidra-function
0x5e2328	_ZNSt6__ndk112basic_stringIwNS_11char_traitsIwEENS_9allocatorIwEEE23__append_forward_unsafeIPwEERS5_T_S9_	std::__ndk1::basic_string<wchar_t, std::__ndk1::char_traits<wchar_t>, std::__ndk1::allocator<wchar_t>>::__append_forward_unsafe<wchar_t*>	no-ghidra-function
0x5e2560	_ZNSt6__ndk112basic_stringIwNS_11char_traitsIwEENS_9allocatorIwEEE6__initIPwEENS_9enable_ifIXsr21__is_forward_iteratorIT_EE5valueEvE4typeES9_S9_	std::__ndk1::basic_string<wchar_t, std::__ndk1::char_traits<wchar_t>, std::__ndk1::allocator<wchar_t>>::__init<wchar_t*>	no-ghidra-function
0x5e26e8	_ZNSt6__ndk112bad_weak_ptrD2Ev	bad_weak_ptr::~bad_weak_ptr	no-ghidra-function
0x5e26ec	_ZNSt6__ndk112bad_weak_ptrD0Ev	bad_weak_ptr::~bad_weak_ptr	no-ghidra-function
0x5e2710	_ZNKSt6__ndk112bad_weak_ptr4whatEv	const std::__ndk1::bad_weak_ptr::what	no-ghidra-function
0x5e271c	_ZNSt6__ndk119__shared_weak_countD2Ev	__shared_weak_count::~__shared_weak_count	no-ghidra-function
0x5e2720	_ZNSt6__ndk114__shared_countD0Ev	__shared_count::~__shared_count	no-ghidra-function
0x5e2724	_ZNSt6__ndk119__shared_weak_countD0Ev	__shared_weak_count::~__shared_weak_count	no-ghidra-function
0x5e2728	_ZNSt6__ndk114__shared_count12__add_sharedEv	std::__ndk1::__shared_count::__add_shared	no-ghidra-function
0x5e2740	_ZNSt6__ndk114__shared_count16__release_sharedEv	std::__ndk1::__shared_count::__release_shared	no-ghidra-function
0x5e2780	_ZNSt6__ndk119__shared_weak_count12__add_sharedEv	std::__ndk1::__shared_weak_count::__add_shared	no-ghidra-function
0x5e2798	_ZNSt6__ndk119__shared_weak_count10__add_weakEv	std::__ndk1::__shared_weak_count::__add_weak	no-ghidra-function
0x5e27b0	_ZNSt6__ndk119__shared_weak_count16__release_sharedEv	std::__ndk1::__shared_weak_count::__release_shared	no-ghidra-function
0x5e282c	_ZNSt6__ndk119__shared_weak_count14__release_weakEv	std::__ndk1::__shared_weak_count::__release_weak	no-ghidra-function
0x5e285c	_ZNSt6__ndk119__shared_weak_count4lockEv	std::__ndk1::__shared_weak_count::lock	no-ghidra-function
0x5e28a0	_ZNKSt6__ndk119__shared_weak_count13__get_deleterERKSt9type_info	const std::__ndk1::__shared_weak_count::__get_deleter	no-ghidra-function
0x5e28a8	_ZNSt6__ndk18__sp_mut4lockEv	std::__ndk1::__sp_mut::lock	no-ghidra-function
0x5e28fc	_ZNSt6__ndk18__sp_mut6unlockEv	std::__ndk1::__sp_mut::unlock	no-ghidra-function
0x5e2918	_ZNSt6__ndk112__get_sp_mutEPKv	std::__ndk1::__get_sp_mut	no-ghidra-function
0x5e2970	_ZNSt6__ndk117declare_reachableEPv	std::__ndk1::declare_reachable	no-ghidra-function
0x5e2974	_ZNSt6__ndk119declare_no_pointersEPcm	std::__ndk1::declare_no_pointers	no-ghidra-function
0x5e2978	_ZNSt6__ndk121undeclare_no_pointersEPcm	std::__ndk1::undeclare_no_pointers	no-ghidra-function
0x5e297c	_ZNSt6__ndk118get_pointer_safetyEv	std::__ndk1::get_pointer_safety	no-ghidra-function
0x5e2984	_ZNSt6__ndk121__undeclare_reachableEPv	std::__ndk1::__undeclare_reachable	no-ghidra-function
0x5e2988	_ZNSt6__ndk15alignEmmRPvRm	std::__ndk1::align	no-ghidra-function
0x5e29d4	_ZNSt6__ndk15mutexD2Ev	mutex::~mutex	no-ghidra-function
0x5e29ec	_ZNSt6__ndk15mutex4lockEv	std::__ndk1::mutex::lock	no-ghidra-function
0x5e2a10	_ZNSt6__ndk15mutex8try_lockEv	std::__ndk1::mutex::try_lock	no-ghidra-function
0x5e2a30	_ZNSt6__ndk15mutex6unlockEv	std::__ndk1::mutex::unlock	no-ghidra-function
0x5e2a48	_ZNSt6__ndk115recursive_mutexC2Ev	recursive_mutex::recursive_mutex	no-ghidra-function
0x5e2b0c	_ZNSt6__ndk115recursive_mutexD2Ev	recursive_mutex::~recursive_mutex	no-ghidra-function
0x5e2b24	_ZNSt6__ndk115recursive_mutex4lockEv	std::__ndk1::recursive_mutex::lock	no-ghidra-function
0x5e2b48	_ZNSt6__ndk115recursive_mutex6unlockEv	std::__ndk1::recursive_mutex::unlock	no-ghidra-function
0x5e2b60	_ZNSt6__ndk115recursive_mutex8try_lockEv	std::__ndk1::recursive_mutex::try_lock	no-ghidra-function
0x5e2b80	_ZNSt6__ndk111timed_mutexC2Ev	timed_mutex::timed_mutex	no-ghidra-function
0x5e2b9c	_ZNSt6__ndk111timed_mutexD2Ev	timed_mutex::~timed_mutex	no-ghidra-function
0x5e2c08	_ZNSt6__ndk111timed_mutex4lockEv	std::__ndk1::timed_mutex::lock	no-ghidra-function
0x5e2cbc	_ZNSt6__ndk111timed_mutex8try_lockEv	std::__ndk1::timed_mutex::try_lock	no-ghidra-function
0x5e2d14	_ZNSt6__ndk111timed_mutex6unlockEv	std::__ndk1::timed_mutex::unlock	no-ghidra-function
0x5e2d60	_ZNSt6__ndk121recursive_timed_mutexC2Ev	recursive_timed_mutex::recursive_timed_mutex	no-ghidra-function
0x5e2d78	_ZNSt6__ndk121recursive_timed_mutexD2Ev	recursive_timed_mutex::~recursive_timed_mutex	no-ghidra-function
0x5e2de4	_ZNSt6__ndk121recursive_timed_mutex4lockEv	std::__ndk1::recursive_timed_mutex::lock	no-ghidra-function
0x5e2ef8	_ZNSt6__ndk121recursive_timed_mutex8try_lockEv	std::__ndk1::recursive_timed_mutex::try_lock	no-ghidra-function
0x5e2f94	_ZNSt6__ndk121recursive_timed_mutex6unlockEv	std::__ndk1::recursive_timed_mutex::unlock	no-ghidra-function
0x5e3004	_ZNSt6__ndk111__call_onceERVmPvPFvS2_E	std::__ndk1::__call_once	no-ghidra-function
0x5e3128	_ZSt17__throw_bad_allocv	std::__throw_bad_alloc	no-ghidra-function
0x5e315c	_Znwm	__int128	no-ghidra-function
0x5e31c0	_ZnwmRKSt9nothrow_t	__int128	no-ghidra-function
0x5e31ec	_Znam	__int128	no-ghidra-function
0x5e31f0	_ZnamRKSt9nothrow_t	__int128	no-ghidra-function
0x5e321c	_ZdlPv	double	no-ghidra-function
0x5e3220	_ZdlPvRKSt9nothrow_t	double	no-ghidra-function
0x5e3224	_ZdlPvm	double	no-ghidra-function
0x5e3228	_ZdaPv	double	no-ghidra-function
0x5e322c	_ZdaPvRKSt9nothrow_t	double	no-ghidra-function
0x5e3230	_ZdaPvm	double	no-ghidra-function
0x5e32e0	_ZnwmSt11align_val_tRKSt9nothrow_t	__int128	no-ghidra-function
0x5e330c	_ZnamSt11align_val_t	__int128	no-ghidra-function
0x5e333c	_ZdlPvSt11align_val_t	double	no-ghidra-function
0x5e3340	_ZdlPvSt11align_val_tRKSt9nothrow_t	double	no-ghidra-function
0x5e3344	_ZdlPvmSt11align_val_t	double	no-ghidra-function
0x5e334c	_ZdaPvSt11align_val_t	double	no-ghidra-function
0x5e3350	_ZdaPvSt11align_val_tRKSt9nothrow_t	double	no-ghidra-function
0x5e3354	_ZdaPvmSt11align_val_t	double	no-ghidra-function
0x5e335c	_ZNSt11logic_errorC2ERKNSt6__ndk112basic_stringIcNS0_11char_traitsIcEENS0_9allocatorIcEEEE	std::logic_error::logic_error	no-ghidra-function
0x5e33e8	_ZNSt11logic_errorC2EPKc	std::logic_error::logic_error	no-ghidra-function
0x5e3468	_ZNSt11logic_errorC2ERKS_	std::logic_error::logic_error	no-ghidra-function
0x5e3498	_ZNSt11logic_erroraSERKS_	_ZNSt11logic_erroraSERKS_	no-ghidra-function
0x5e34f8	_ZNSt13runtime_errorC2ERKNSt6__ndk112basic_stringIcNS0_11char_traitsIcEENS0_9allocatorIcEEEE	std::runtime_error::runtime_error	no-ghidra-function
0x5e3584	_ZNSt13runtime_errorC2EPKc	std::runtime_error::runtime_error	no-ghidra-function
0x5e3604	_ZNSt13runtime_errorC2ERKS_	std::runtime_error::runtime_error	no-ghidra-function
0x5e36b8	_ZNSt6__ndk112basic_stringIcNS_11char_traitsIcEENS_9allocatorIcEEEC1ERKS5_	basic_string<char, std::__ndk1::char_traits<char>, std::__ndk1::allocator<char>>::basic_string	no-ghidra-function
0x5e3774	_ZNSt6__ndk112basic_stringIcNS_11char_traitsIcEENS_9allocatorIcEEE6__initEPKcm	std::__ndk1::basic_string<char, std::__ndk1::char_traits<char>, std::__ndk1::allocator<char>>::__init	no-ghidra-function
0x5e380c	_ZNSt6__ndk112basic_stringIcNS_11char_traitsIcEENS_9allocatorIcEEEC2ERKS5_RKS4_	basic_string<char, std::__ndk1::char_traits<char>, std::__ndk1::allocator<char>>::basic_string	no-ghidra-function
0x5e458c	_ZNKSt6__ndk112basic_stringIcNS_11char_traitsIcEENS_9allocatorIcEEE2atEm	const std::__ndk1::basic_string<char, std::__ndk1::char_traits<char>, std::__ndk1::allocator<char>>::at	no-ghidra-function
0x5e4690	_ZNSt6__ndk112basic_stringIcNS_11char_traitsIcEENS_9allocatorIcEEE6appendEPKc	std::__ndk1::basic_string<char, std::__ndk1::char_traits<char>, std::__ndk1::allocator<char>>::append	no-ghidra-function
0x5e48bc	_ZNSt6__ndk112basic_stringIcNS_11char_traitsIcEENS_9allocatorIcEEE6assignERKS5_mm	std::__ndk1::basic_string<char, std::__ndk1::char_traits<char>, std::__ndk1::allocator<char>>::assign	no-ghidra-function
0x5e4900	_ZNSt6__ndk112basic_stringIcNS_11char_traitsIcEENS_9allocatorIcEEE6assignEmc	std::__ndk1::basic_string<char, std::__ndk1::char_traits<char>, std::__ndk1::allocator<char>>::assign	no-ghidra-function
0x5e4a64	_ZNSt6__ndk112basic_stringIcNS_11char_traitsIcEENS_9allocatorIcEEE6insertEmRKS5_mm	std::__ndk1::basic_string<char, std::__ndk1::char_traits<char>, std::__ndk1::allocator<char>>::insert	no-ghidra-function
0x5e4aa8	_ZNSt6__ndk112basic_stringIcNS_11char_traitsIcEENS_9allocatorIcEEE6insertEmPKc	std::__ndk1::basic_string<char, std::__ndk1::char_traits<char>, std::__ndk1::allocator<char>>::insert	no-ghidra-function
0x5e4aec	_ZNSt6__ndk112basic_stringIcNS_11char_traitsIcEENS_9allocatorIcEEE6insertEmmc	std::__ndk1::basic_string<char, std::__ndk1::char_traits<char>, std::__ndk1::allocator<char>>::insert	no-ghidra-function
0x5e4cac	_ZNSt6__ndk112basic_stringIcNS_11char_traitsIcEENS_9allocatorIcEEE6insertENS_11__wrap_iterIPKcEEc	std::__ndk1::basic_string<char, std::__ndk1::char_traits<char>, std::__ndk1::allocator<char>>::insert	no-ghidra-function
0x5e4e94	_ZNSt6__ndk112basic_stringIcNS_11char_traitsIcEENS_9allocatorIcEEE6insertIPKcEENS_9enable_ifIXaasr21__is_forward_iteratorIT_EE5valuesr38__libcpp_string_gets_noexcept_iteratorISA_EE5valueENS_11__wrap_iterIPcEEE4typeENSB_IS8_EESA_SA_	std::__ndk1::basic_string<char, std::__ndk1::char_traits<char>, std::__ndk1::allocator<char>>::insert<char const*>	no-ghidra-function
0x5e53e0	_ZNSt6__ndk112basic_stringIcNS_11char_traitsIcEENS_9allocatorIcEEE7replaceEmmPKcm	std::__ndk1::basic_string<char, std::__ndk1::char_traits<char>, std::__ndk1::allocator<char>>::replace	no-ghidra-function
0x5e5680	_ZNSt6__ndk112basic_stringIcNS_11char_traitsIcEENS_9allocatorIcEEE7replaceEmmRKS5_mm	std::__ndk1::basic_string<char, std::__ndk1::char_traits<char>, std::__ndk1::allocator<char>>::replace	no-ghidra-function
0x5e56c4	_ZNSt6__ndk112basic_stringIcNS_11char_traitsIcEENS_9allocatorIcEEE7replaceEmmPKc	std::__ndk1::basic_string<char, std::__ndk1::char_traits<char>, std::__ndk1::allocator<char>>::replace	no-ghidra-function
0x5e5710	_ZNSt6__ndk112basic_stringIcNS_11char_traitsIcEENS_9allocatorIcEEE7replaceEmmmc	std::__ndk1::basic_string<char, std::__ndk1::char_traits<char>, std::__ndk1::allocator<char>>::replace	no-ghidra-function
0x5e5e54	_ZNKSt6__ndk112basic_stringIcNS_11char_traitsIcEENS_9allocatorIcEEE4findEPKcmm	const std::__ndk1::basic_string<char, std::__ndk1::char_traits<char>, std::__ndk1::allocator<char>>::find	no-ghidra-function
0x5e60f8	_ZNKSt6__ndk112basic_stringIcNS_11char_traitsIcEENS_9allocatorIcEEE5rfindEPKcmm	const std::__ndk1::basic_string<char, std::__ndk1::char_traits<char>, std::__ndk1::allocator<char>>::rfind	no-ghidra-function
0x5e630c	_ZNKSt6__ndk112basic_stringIcNS_11char_traitsIcEENS_9allocatorIcEEE5rfindEcm	const std::__ndk1::basic_string<char, std::__ndk1::char_traits<char>, std::__ndk1::allocator<char>>::rfind	no-ghidra-function
0x5e63e4	_ZNKSt6__ndk112basic_stringIcNS_11char_traitsIcEENS_9allocatorIcEEE13find_first_ofEPKcmm	const std::__ndk1::basic_string<char, std::__ndk1::char_traits<char>, std::__ndk1::allocator<char>>::find_first_of	no-ghidra-function
0x5e65f0	_ZNKSt6__ndk112basic_stringIcNS_11char_traitsIcEENS_9allocatorIcEEE12find_last_ofEPKcmm	const std::__ndk1::basic_string<char, std::__ndk1::char_traits<char>, std::__ndk1::allocator<char>>::find_last_of	no-ghidra-function
0x5e67e4	_ZNKSt6__ndk112basic_stringIcNS_11char_traitsIcEENS_9allocatorIcEEE17find_first_not_ofEPKcmm	const std::__ndk1::basic_string<char, std::__ndk1::char_traits<char>, std::__ndk1::allocator<char>>::find_first_not_of	no-ghidra-function
0x5e6c54	_ZNKSt6__ndk112basic_stringIcNS_11char_traitsIcEENS_9allocatorIcEEE7compareEmmRKS5_mm	const std::__ndk1::basic_string<char, std::__ndk1::char_traits<char>, std::__ndk1::allocator<char>>::compare	no-ghidra-function
0x5e6d6c	_ZNKSt6__ndk112basic_stringIcNS_11char_traitsIcEENS_9allocatorIcEEE7compareEPKc	const std::__ndk1::basic_string<char, std::__ndk1::char_traits<char>, std::__ndk1::allocator<char>>::compare	no-ghidra-function
0x5e6e04	_ZNKSt6__ndk112basic_stringIcNS_11char_traitsIcEENS_9allocatorIcEEE7compareEmmPKc	const std::__ndk1::basic_string<char, std::__ndk1::char_traits<char>, std::__ndk1::allocator<char>>::compare	no-ghidra-function
0x5e6f94	_ZNSt6__ndk112basic_stringIcNS_11char_traitsIcEENS_9allocatorIcEEE6__initEPKcmm	std::__ndk1::basic_string<char, std::__ndk1::char_traits<char>, std::__ndk1::allocator<char>>::__init	no-ghidra-function
0x5e70c0	_ZNSt6__ndk112basic_stringIwNS_11char_traitsIwEENS_9allocatorIwEEEC2ERKS5_	basic_string<wchar_t, std::__ndk1::char_traits<wchar_t>, std::__ndk1::allocator<wchar_t>>::basic_string	no-ghidra-function
0x5e70fc	_ZNSt6__ndk112basic_stringIwNS_11char_traitsIwEENS_9allocatorIwEEE6__initEPKwm	std::__ndk1::basic_string<wchar_t, std::__ndk1::char_traits<wchar_t>, std::__ndk1::allocator<wchar_t>>::__init	no-ghidra-function
0x5e71f8	_ZNSt6__ndk112basic_stringIwNS_11char_traitsIwEENS_9allocatorIwEEEC2ERKS5_RKS4_	basic_string<wchar_t, std::__ndk1::char_traits<wchar_t>, std::__ndk1::allocator<wchar_t>>::basic_string	no-ghidra-function
0x5e7464	_ZNSt6__ndk112basic_stringIwNS_11char_traitsIwEENS_9allocatorIwEEED2Ev	basic_string<wchar_t, std::__ndk1::char_traits<wchar_t>, std::__ndk1::allocator<wchar_t>>::~basic_string	no-ghidra-function
0x5e74a0	_ZNSt6__ndk112basic_stringIwNS_11char_traitsIwEENS_9allocatorIwEEEaSERKS5_	_ZNSt6__ndk112basic_stringIwNS_11char_traitsIwEENS_9allocatorIwEEEaSERKS5_	no-ghidra-function
0x5e74f0	_ZNSt6__ndk112basic_stringIwNS_11char_traitsIwEENS_9allocatorIwEEE6assignEPKwm	std::__ndk1::basic_string<wchar_t, std::__ndk1::char_traits<wchar_t>, std::__ndk1::allocator<wchar_t>>::assign	no-ghidra-function
0x5e76d0	_ZNSt6__ndk112basic_stringIwNS_11char_traitsIwEENS_9allocatorIwEEE6assignEPKw	std::__ndk1::basic_string<wchar_t, std::__ndk1::char_traits<wchar_t>, std::__ndk1::allocator<wchar_t>>::assign	no-ghidra-function
0x5e7704	_ZNSt6__ndk112basic_stringIwNS_11char_traitsIwEENS_9allocatorIwEEEaSEw	_ZNSt6__ndk112basic_stringIwNS_11char_traitsIwEENS_9allocatorIwEEEaSEw	no-ghidra-function
0x5e7954	_ZNSt6__ndk112basic_stringIwNS_11char_traitsIwEENS_9allocatorIwEEE6resizeEmw	std::__ndk1::basic_string<wchar_t, std::__ndk1::char_traits<wchar_t>, std::__ndk1::allocator<wchar_t>>::resize	no-ghidra-function
0x5e79b4	_ZNSt6__ndk112basic_stringIwNS_11char_traitsIwEENS_9allocatorIwEEE6appendEmw	std::__ndk1::basic_string<wchar_t, std::__ndk1::char_traits<wchar_t>, std::__ndk1::allocator<wchar_t>>::append	no-ghidra-function
0x5e7b14	_ZNSt6__ndk112basic_stringIwNS_11char_traitsIwEENS_9allocatorIwEEE7reserveEm	std::__ndk1::basic_string<wchar_t, std::__ndk1::char_traits<wchar_t>, std::__ndk1::allocator<wchar_t>>::reserve	no-ghidra-function
0x5e7e1c	_ZNKSt6__ndk112basic_stringIwNS_11char_traitsIwEENS_9allocatorIwEEE2atEm	const std::__ndk1::basic_string<wchar_t, std::__ndk1::char_traits<wchar_t>, std::__ndk1::allocator<wchar_t>>::at	no-ghidra-function
0x5e7e68	_ZNSt6__ndk112basic_stringIwNS_11char_traitsIwEENS_9allocatorIwEEE2atEm	std::__ndk1::basic_string<wchar_t, std::__ndk1::char_traits<wchar_t>, std::__ndk1::allocator<wchar_t>>::at	no-ghidra-function
0x5e7f28	_ZNSt6__ndk112basic_stringIwNS_11char_traitsIwEENS_9allocatorIwEEE6appendEPKw	std::__ndk1::basic_string<wchar_t, std::__ndk1::char_traits<wchar_t>, std::__ndk1::allocator<wchar_t>>::append	no-ghidra-function
0x5e8004	_ZNSt6__ndk112basic_stringIwNS_11char_traitsIwEENS_9allocatorIwEEE9push_backEw	std::__ndk1::basic_string<wchar_t, std::__ndk1::char_traits<wchar_t>, std::__ndk1::allocator<wchar_t>>::push_back	no-ghidra-function
0x5e80b0	_ZNSt6__ndk112basic_stringIwNS_11char_traitsIwEENS_9allocatorIwEEE6appendEPKwm	std::__ndk1::basic_string<wchar_t, std::__ndk1::char_traits<wchar_t>, std::__ndk1::allocator<wchar_t>>::append	no-ghidra-function
0x5e8178	_ZNSt6__ndk112basic_stringIwNS_11char_traitsIwEENS_9allocatorIwEEE6appendERKS5_mm	std::__ndk1::basic_string<wchar_t, std::__ndk1::char_traits<wchar_t>, std::__ndk1::allocator<wchar_t>>::append	no-ghidra-function
0x5e81dc	_ZNSt6__ndk112basic_stringIwNS_11char_traitsIwEENS_9allocatorIwEEE21__grow_by_and_replaceEmmmmmmPKw	std::__ndk1::basic_string<wchar_t, std::__ndk1::char_traits<wchar_t>, std::__ndk1::allocator<wchar_t>>::__grow_by_and_replace	no-ghidra-function
0x5e8384	_ZNSt6__ndk112basic_stringIwNS_11char_traitsIwEENS_9allocatorIwEEE9__grow_byEmmmmmm	std::__ndk1::basic_string<wchar_t, std::__ndk1::char_traits<wchar_t>, std::__ndk1::allocator<wchar_t>>::__grow_by	no-ghidra-function
0x5e8674	_ZNSt6__ndk112basic_stringIwNS_11char_traitsIwEENS_9allocatorIwEEE6assignERKS5_mm	std::__ndk1::basic_string<wchar_t, std::__ndk1::char_traits<wchar_t>, std::__ndk1::allocator<wchar_t>>::assign	no-ghidra-function
0x5e86bc	_ZNSt6__ndk112basic_stringIwNS_11char_traitsIwEENS_9allocatorIwEEE6assignEmw	std::__ndk1::basic_string<wchar_t, std::__ndk1::char_traits<wchar_t>, std::__ndk1::allocator<wchar_t>>::assign	no-ghidra-function
0x5e87b4	_ZNSt6__ndk112basic_stringIwNS_11char_traitsIwEENS_9allocatorIwEEE6insertEmPKwm	std::__ndk1::basic_string<wchar_t, std::__ndk1::char_traits<wchar_t>, std::__ndk1::allocator<wchar_t>>::insert	no-ghidra-function
0x5e88dc	_ZNSt6__ndk112basic_stringIwNS_11char_traitsIwEENS_9allocatorIwEEE6insertEmRKS5_mm	std::__ndk1::basic_string<wchar_t, std::__ndk1::char_traits<wchar_t>, std::__ndk1::allocator<wchar_t>>::insert	no-ghidra-function
0x5e8924	_ZNSt6__ndk112basic_stringIwNS_11char_traitsIwEENS_9allocatorIwEEE6insertEmPKw	std::__ndk1::basic_string<wchar_t, std::__ndk1::char_traits<wchar_t>, std::__ndk1::allocator<wchar_t>>::insert	no-ghidra-function
0x5e8968	_ZNSt6__ndk112basic_stringIwNS_11char_traitsIwEENS_9allocatorIwEEE6insertEmmw	std::__ndk1::basic_string<wchar_t, std::__ndk1::char_traits<wchar_t>, std::__ndk1::allocator<wchar_t>>::insert	no-ghidra-function
0x5e8a84	_ZNSt6__ndk112basic_stringIwNS_11char_traitsIwEENS_9allocatorIwEEE6insertENS_11__wrap_iterIPKwEEw	std::__ndk1::basic_string<wchar_t, std::__ndk1::char_traits<wchar_t>, std::__ndk1::allocator<wchar_t>>::insert	no-ghidra-function
0x5e8be0	_ZNSt6__ndk112basic_stringIwNS_11char_traitsIwEENS_9allocatorIwEEE6insertIPKwEENS_9enable_ifIXaasr21__is_forward_iteratorIT_EE5valuesr38__libcpp_string_gets_noexcept_iteratorISA_EE5valueENS_11__wrap_iterIPwEEE4typeENSB_IS8_EESA_SA_	std::__ndk1::basic_string<wchar_t, std::__ndk1::char_traits<wchar_t>, std::__ndk1::allocator<wchar_t>>::insert<wchar_t const*>	no-ghidra-function
0x5e8e70	_ZNSt6__ndk112basic_stringIwNS_11char_traitsIwEENS_9allocatorIwEEE5eraseEmm	std::__ndk1::basic_string<wchar_t, std::__ndk1::char_traits<wchar_t>, std::__ndk1::allocator<wchar_t>>::erase	no-ghidra-function
0x5e90a4	_ZNSt6__ndk112basic_stringIwNS_11char_traitsIwEENS_9allocatorIwEEE7replaceEmmPKwm	std::__ndk1::basic_string<wchar_t, std::__ndk1::char_traits<wchar_t>, std::__ndk1::allocator<wchar_t>>::replace	no-ghidra-function
0x5e9288	_ZNSt6__ndk112basic_stringIwNS_11char_traitsIwEENS_9allocatorIwEEE7replaceEmmRKS5_mm	std::__ndk1::basic_string<wchar_t, std::__ndk1::char_traits<wchar_t>, std::__ndk1::allocator<wchar_t>>::replace	no-ghidra-function
0x5e92d0	_ZNSt6__ndk112basic_stringIwNS_11char_traitsIwEENS_9allocatorIwEEE7replaceEmmPKw	std::__ndk1::basic_string<wchar_t, std::__ndk1::char_traits<wchar_t>, std::__ndk1::allocator<wchar_t>>::replace	no-ghidra-function
0x5e931c	_ZNSt6__ndk112basic_stringIwNS_11char_traitsIwEENS_9allocatorIwEEE7replaceEmmmw	std::__ndk1::basic_string<wchar_t, std::__ndk1::char_traits<wchar_t>, std::__ndk1::allocator<wchar_t>>::replace	no-ghidra-function
0x5e9648	_ZNKSt6__ndk112basic_stringIwNS_11char_traitsIwEENS_9allocatorIwEEE4copyEPwmm	const std::__ndk1::basic_string<wchar_t, std::__ndk1::char_traits<wchar_t>, std::__ndk1::allocator<wchar_t>>::copy	no-ghidra-function
0x5e98a0	_ZNKSt6__ndk112basic_stringIwNS_11char_traitsIwEENS_9allocatorIwEEE4findEPKwmm	const std::__ndk1::basic_string<wchar_t, std::__ndk1::char_traits<wchar_t>, std::__ndk1::allocator<wchar_t>>::find	no-ghidra-function
0x5e9a54	_ZNKSt6__ndk112basic_stringIwNS_11char_traitsIwEENS_9allocatorIwEEE4findEwm	const std::__ndk1::basic_string<wchar_t, std::__ndk1::char_traits<wchar_t>, std::__ndk1::allocator<wchar_t>>::find	no-ghidra-function
0x5e9be4	_ZNKSt6__ndk112basic_stringIwNS_11char_traitsIwEENS_9allocatorIwEEE5rfindEPKwmm	const std::__ndk1::basic_string<wchar_t, std::__ndk1::char_traits<wchar_t>, std::__ndk1::allocator<wchar_t>>::rfind	no-ghidra-function
0x5e9e20	_ZNKSt6__ndk112basic_stringIwNS_11char_traitsIwEENS_9allocatorIwEEE5rfindEwm	const std::__ndk1::basic_string<wchar_t, std::__ndk1::char_traits<wchar_t>, std::__ndk1::allocator<wchar_t>>::rfind	no-ghidra-function
0x5e9f0c	_ZNKSt6__ndk112basic_stringIwNS_11char_traitsIwEENS_9allocatorIwEEE13find_first_ofEPKwmm	const std::__ndk1::basic_string<wchar_t, std::__ndk1::char_traits<wchar_t>, std::__ndk1::allocator<wchar_t>>::find_first_of	no-ghidra-function
0x5ea130	_ZNKSt6__ndk112basic_stringIwNS_11char_traitsIwEENS_9allocatorIwEEE12find_last_ofEPKwmm	const std::__ndk1::basic_string<wchar_t, std::__ndk1::char_traits<wchar_t>, std::__ndk1::allocator<wchar_t>>::find_last_of	no-ghidra-function
0x5ea340	_ZNKSt6__ndk112basic_stringIwNS_11char_traitsIwEENS_9allocatorIwEEE17find_first_not_ofEPKwmm	const std::__ndk1::basic_string<wchar_t, std::__ndk1::char_traits<wchar_t>, std::__ndk1::allocator<wchar_t>>::find_first_not_of	no-ghidra-function
0x5ea578	_ZNKSt6__ndk112basic_stringIwNS_11char_traitsIwEENS_9allocatorIwEEE16find_last_not_ofEPKwmm	const std::__ndk1::basic_string<wchar_t, std::__ndk1::char_traits<wchar_t>, std::__ndk1::allocator<wchar_t>>::find_last_not_of	no-ghidra-function
0x5ea7fc	_ZNKSt6__ndk112basic_stringIwNS_11char_traitsIwEENS_9allocatorIwEEE7compareEmmPKwm	const std::__ndk1::basic_string<wchar_t, std::__ndk1::char_traits<wchar_t>, std::__ndk1::allocator<wchar_t>>::compare	no-ghidra-function
0x5eaa3c	_ZNKSt6__ndk112basic_stringIwNS_11char_traitsIwEENS_9allocatorIwEEE7compareEmmPKw	const std::__ndk1::basic_string<wchar_t, std::__ndk1::char_traits<wchar_t>, std::__ndk1::allocator<wchar_t>>::compare	no-ghidra-function
0x5eabd0	_ZNSt6__ndk112basic_stringIwNS_11char_traitsIwEENS_9allocatorIwEEE6__initEPKwmm	std::__ndk1::basic_string<wchar_t, std::__ndk1::char_traits<wchar_t>, std::__ndk1::allocator<wchar_t>>::__init	no-ghidra-function
0x5ead40	_ZNSt6__ndk14stoiERKNS_12basic_stringIcNS_11char_traitsIcEENS_9allocatorIcEEEEPmi	std::__ndk1::stoi	no-ghidra-function
0x5eaf8c	_ZNSt6__ndk14stoiERKNS_12basic_stringIwNS_11char_traitsIwEENS_9allocatorIwEEEEPmi	std::__ndk1::stoi	no-ghidra-function
0x5eb1e0	_ZNSt6__ndk14stolERKNS_12basic_stringIcNS_11char_traitsIcEENS_9allocatorIcEEEEPmi	std::__ndk1::stol	no-ghidra-function
0x5eb3c8	_ZNSt6__ndk14stolERKNS_12basic_stringIwNS_11char_traitsIwEENS_9allocatorIwEEEEPmi	std::__ndk1::stol	no-ghidra-function
0x5eb7a4	_ZNSt6__ndk15stoulERKNS_12basic_stringIwNS_11char_traitsIwEENS_9allocatorIwEEEEPmi	std::__ndk1::stoul	no-ghidra-function
0x5ebb84	_ZNSt6__ndk15stollERKNS_12basic_stringIwNS_11char_traitsIwEENS_9allocatorIwEEEEPmi	std::__ndk1::stoll	no-ghidra-function
0x5ebd78	_ZNSt6__ndk16stoullERKNS_12basic_stringIcNS_11char_traitsIcEENS_9allocatorIcEEEEPmi	std::__ndk1::stoull	no-ghidra-function
0x5ebf68	_ZNSt6__ndk16stoullERKNS_12basic_stringIwNS_11char_traitsIwEENS_9allocatorIwEEEEPmi	std::__ndk1::stoull	no-ghidra-function
0x5ec160	_ZNSt6__ndk14stofERKNS_12basic_stringIcNS_11char_traitsIcEENS_9allocatorIcEEEEPm	std::__ndk1::stof	no-ghidra-function
0x5ec348	_ZNSt6__ndk14stofERKNS_12basic_stringIwNS_11char_traitsIwEENS_9allocatorIwEEEEPm	std::__ndk1::stof	no-ghidra-function
0x5ed068	_ZNSt6__ndk19to_stringEl	std::__ndk1::to_string	no-ghidra-function
0x5ed778	_ZNSt6__ndk19to_stringEf	std::__ndk1::to_string	no-ghidra-function
0x5ed940	_ZNSt6__ndk19to_stringEd	std::__ndk1::to_string	no-ghidra-function
0x5edcc0	_ZNSt6__ndk110to_wstringEi	std::__ndk1::to_wstring	no-ghidra-function
0x5ede8c	_ZNSt6__ndk110to_wstringEj	std::__ndk1::to_wstring	no-ghidra-function
0x5ee3f0	_ZNSt6__ndk110to_wstringEx	std::__ndk1::to_wstring	no-ghidra-function
0x5ee5bc	_ZNSt6__ndk110to_wstringEy	std::__ndk1::to_wstring	no-ghidra-function
0x5ee788	_ZNSt6__ndk110to_wstringEf	std::__ndk1::to_wstring	no-ghidra-function
0x5ee978	_ZNSt6__ndk110to_wstringEd	std::__ndk1::to_wstring	no-ghidra-function
0x5eed48	_ZNSt6__ndk114error_categoryC2Ev	error_category::error_category	no-ghidra-function
0x5eed5c	_ZNSt6__ndk114error_categoryD0Ev	error_category::~error_category	no-ghidra-function
0x5eed60	_ZNKSt6__ndk114error_category23default_error_conditionEi	const std::__ndk1::error_category::default_error_condition	no-ghidra-function
0x5eed70	_ZNKSt6__ndk114error_category10equivalentEiRKNS_15error_conditionE	const std::__ndk1::error_category::equivalent	no-ghidra-function
0x5eef8c	_ZNSt6__ndk116generic_categoryEv	std::__ndk1::generic_category	no-ghidra-function
0x5ef138	_ZNSt6__ndk115system_categoryEv	std::__ndk1::system_category	no-ghidra-function
0x5ef190	_ZNKSt6__ndk115error_condition7messageEv	const std::__ndk1::error_condition::message	no-ghidra-function
0x5ef1a8	_ZNKSt6__ndk110error_code7messageEv	const std::__ndk1::error_code::message	no-ghidra-function
0x5ef1c0	_ZNSt6__ndk112system_error6__initERKNS_10error_codeENS_12basic_stringIcNS_11char_traitsIcEENS_9allocatorIcEEEE	std::__ndk1::system_error::__init	no-ghidra-function
0x5ef2d0	_ZNSt6__ndk112system_errorC2ENS_10error_codeERKNS_12basic_stringIcNS_11char_traitsIcEENS_9allocatorIcEEEE	system_error::system_error	no-ghidra-function
0x5ef5cc	_ZNSt6__ndk112system_errorC2ENS_10error_codeE	system_error::system_error	no-ghidra-function
0x5ef6bc	_ZNSt6__ndk112system_errorC2EiRKNS_14error_categoryERKNS_12basic_stringIcNS_11char_traitsIcEENS_9allocatorIcEEEE	system_error::system_error	no-ghidra-function
0x5ef858	_ZNSt6__ndk112system_errorC2EiRKNS_14error_categoryEPKc	system_error::system_error	no-ghidra-function
0x5ef9e0	_ZNSt6__ndk112system_errorC2EiRKNS_14error_categoryE	system_error::system_error	no-ghidra-function
0x5efae4	_ZNSt6__ndk112system_errorD2Ev	system_error::~system_error	no-ghidra-function
0x5efae8	_ZNSt6__ndk112system_errorD0Ev	system_error::~system_error	no-ghidra-function
0x5efb0c	_ZNSt6__ndk120__throw_system_errorEiPKc	std::__ndk1::__throw_system_error	no-ghidra-function
0x5efbb0	_ZNSt6__ndk114error_categoryD2Ev	error_category::~error_category	no-ghidra-function
0x5efbc0	_ZNSt6__ndk118condition_variableD2Ev	condition_variable::~condition_variable	no-ghidra-function
0x5efbd8	_ZNSt6__ndk118condition_variable10notify_oneEv	std::__ndk1::condition_variable::notify_one	no-ghidra-function
0x5efbf0	_ZNSt6__ndk118condition_variable10notify_allEv	std::__ndk1::condition_variable::notify_all	no-ghidra-function
0x5efc08	_ZNSt6__ndk118condition_variable4waitERNS_11unique_lockINS_5mutexEEE	std::__ndk1::condition_variable::wait	no-ghidra-function
0x5efc50	_ZNSt6__ndk118condition_variable15__do_timed_waitERNS_11unique_lockINS_5mutexEEENS_6chrono10time_pointINS5_12system_clockENS5_8durationIxNS_5ratioILl1ELl1000000000EEEEEEE	std::__ndk1::condition_variable::__do_timed_wait	no-ghidra-function
0x5efd14	_ZNSt6__ndk125notify_all_at_thread_exitERNS_18condition_variableENS_11unique_lockINS_5mutexEEE	std::__ndk1::notify_all_at_thread_exit	no-ghidra-function
0x5efd9c	_ZNSt6__ndk16threadD2Ev	thread::~thread	no-ghidra-function
0x5efdb4	_ZNSt6__ndk16thread4joinEv	std::__ndk1::thread::join	no-ghidra-function
0x5efdf8	_ZNSt6__ndk16thread6detachEv	std::__ndk1::thread::detach	no-ghidra-function
0x5efe38	_ZNSt6__ndk16thread20hardware_concurrencyEv	std::__ndk1::thread::hardware_concurrency	no-ghidra-function
0x5efe5c	_ZNSt6__ndk111this_thread9sleep_forERKNS_6chrono8durationIxNS_5ratioILl1ELl1000000000EEEEE	std::__ndk1::this_thread::sleep_for	no-ghidra-function
0x5efef8	_ZNSt6__ndk119__thread_local_dataEv	std::__ndk1::__thread_local_data	no-ghidra-function
0x5f0144	_ZNSt6__ndk115__thread_structC2Ev	__thread_struct::__thread_struct	no-ghidra-function
0x5f0178	_ZNSt6__ndk115__thread_structD2Ev	__thread_struct::~__thread_struct	no-ghidra-function
0x5f01b0	_ZNSt6__ndk115__thread_struct25notify_all_at_thread_exitEPNS_18condition_variableEPNS_5mutexE	std::__ndk1::__thread_struct::notify_all_at_thread_exit	no-ghidra-function
0x5f0228	_ZNSt6__ndk115__thread_struct27__make_ready_at_thread_exitEPNS_17__assoc_sub_stateE	std::__ndk1::__thread_struct::__make_ready_at_thread_exit	no-ghidra-function
0x5f0650	_ZNSt6__ndk115future_categoryEv	std::__ndk1::future_category	no-ghidra-function
0x5f06d4	_ZNSt6__ndk112future_errorC2ENS_10error_codeE	future_error::future_error	no-ghidra-function
0x5f0778	_ZNSt6__ndk112future_errorD2Ev	future_error::~future_error	no-ghidra-function
0x5f077c	_ZNSt6__ndk112future_errorD0Ev	future_error::~future_error	no-ghidra-function
0x5f07a0	_ZNSt6__ndk117__assoc_sub_state16__on_zero_sharedEv	std::__ndk1::__assoc_sub_state::__on_zero_shared	no-ghidra-function
0x5f07b4	_ZNSt6__ndk117__assoc_sub_state9set_valueEv	std::__ndk1::__assoc_sub_state::set_value	no-ghidra-function
0x5f0960	_ZNSt6__ndk117__assoc_sub_state24set_value_at_thread_exitEv	std::__ndk1::__assoc_sub_state::set_value_at_thread_exit	no-ghidra-function
0x5f0e94	_ZNSt6__ndk117__assoc_sub_state12__make_readyEv	std::__ndk1::__assoc_sub_state::__make_ready	no-ghidra-function
0x5f0ed4	_ZNSt6__ndk117__assoc_sub_state4copyEv	std::__ndk1::__assoc_sub_state::copy	no-ghidra-function
0x5f0ff0	_ZNSt6__ndk117__assoc_sub_state10__sub_waitERNS_11unique_lockINS_5mutexEEE	std::__ndk1::__assoc_sub_state::__sub_wait	no-ghidra-function
0x5f1084	_ZNSt6__ndk117__assoc_sub_state4waitEv	std::__ndk1::__assoc_sub_state::wait	no-ghidra-function
0x5f1160	_ZNSt6__ndk117__assoc_sub_state9__executeEv	std::__ndk1::__assoc_sub_state::__execute	no-ghidra-function
0x5f1218	_ZNSt6__ndk16futureIvEC2EPNS_17__assoc_sub_stateE	future<void>::future	no-ghidra-function
0x5f13b0	_ZNSt6__ndk16futureIvED2Ev	future<void>::~future	no-ghidra-function
0x5f13c0	_ZNSt6__ndk16futureIvE3getEv	std::__ndk1::future<void>::get	no-ghidra-function
0x5f1414	_ZNSt6__ndk17promiseIvEC2Ev	promise<void>::promise	no-ghidra-function
0x5f1468	_ZNSt6__ndk17promiseIvED2Ev	promise<void>::~promise	no-ghidra-function
0x5f1620	_ZSt18make_exception_ptrINSt6__ndk112future_errorEESt13exception_ptrT_	std::make_exception_ptr<std::__ndk1::future_error>	no-ghidra-function
0x5f16a0	_ZNSt6__ndk17promiseIvE10get_futureEv	std::__ndk1::promise<void>::get_future	no-ghidra-function
0x5f1770	_ZNSt6__ndk17promiseIvE9set_valueEv	std::__ndk1::promise<void>::set_value	no-ghidra-function
0x5f183c	_ZNSt6__ndk17promiseIvE13set_exceptionESt13exception_ptr	std::__ndk1::promise<void>::set_exception	no-ghidra-function
0x5f1960	_ZNSt6__ndk17promiseIvE24set_value_at_thread_exitEv	std::__ndk1::promise<void>::set_value_at_thread_exit	no-ghidra-function
0x5f1a2c	_ZNSt6__ndk17promiseIvE28set_exception_at_thread_exitESt13exception_ptr	std::__ndk1::promise<void>::set_exception_at_thread_exit	no-ghidra-function
0x5f1b50	_ZNSt6__ndk113shared_futureIvED2Ev	shared_future<void>::~shared_future	no-ghidra-function
0x5f1b60	_ZNSt6__ndk113shared_futureIvEaSERKS1_	_ZNSt6__ndk113shared_futureIvEaSERKS1_	no-ghidra-function
0x5f1ba8	_ZNSt6__ndk117__assoc_sub_stateD2Ev	__assoc_sub_state::~__assoc_sub_state	no-ghidra-function
0x5f1bf4	_ZNSt6__ndk117__assoc_sub_stateD0Ev	__assoc_sub_state::~__assoc_sub_state	no-ghidra-function
0x5f1c6c	__cxa_allocate_exception	__cxa_allocate_exception	no-ghidra-function
0x5f1cb8	__cxa_free_exception	__cxa_free_exception	no-ghidra-function
0x5f1cd4	__cxa_allocate_dependent_exception	__cxa_allocate_dependent_exception	no-ghidra-function
0x5f1d08	__cxa_free_dependent_exception	__cxa_free_dependent_exception	no-ghidra-function
0x5f1d0c	__cxa_throw	__cxa_throw	no-ghidra-function
0x5f1e08	__cxa_get_exception_ptr	__cxa_get_exception_ptr	no-ghidra-function
0x5f1e10	__cxa_begin_catch	__cxa_begin_catch	no-ghidra-function
0x5f1ea8	__cxa_end_catch	__cxa_end_catch	no-ghidra-function
0x5f1f88	__cxa_decrement_exception_refcount	__cxa_decrement_exception_refcount	no-ghidra-function
0x5f1fd8	__cxa_current_exception_type	__cxa_current_exception_type	no-ghidra-function
0x5f2034	__cxa_rethrow	__cxa_rethrow	no-ghidra-function
0x5f2118	__cxa_increment_exception_refcount	__cxa_increment_exception_refcount	no-ghidra-function
0x5f2134	__cxa_current_primary_exception	__cxa_current_primary_exception	no-ghidra-function
0x5f21b8	__cxa_rethrow_primary_exception	__cxa_rethrow_primary_exception	no-ghidra-function
0x5f2350	__cxa_uncaught_exception	__cxa_uncaught_exception	no-ghidra-function
0x5f2378	__cxa_uncaught_exceptions	__cxa_uncaught_exceptions	no-ghidra-function
0x5f2398	__cxa_get_globals	__cxa_get_globals	no-ghidra-function
0x5f2428	__cxa_get_globals_fast	__cxa_get_globals_fast	no-ghidra-function
0x5f24cc	__cxa_guard_acquire	__cxa_guard_acquire	no-ghidra-function
0x5f2588	__cxa_guard_release	__cxa_guard_release	no-ghidra-function
0x5f2600	__cxa_guard_abort	__cxa_guard_abort	no-ghidra-function
0x5f2674	_ZSt14get_unexpectedv	std::get_unexpected	no-ghidra-function
0x5f2684	_ZSt9terminatev	std::terminate	no-ghidra-function
0x5f26ec	_ZSt10unexpectedv	std::unexpected	no-ghidra-function
0x5f2704	_ZSt13get_terminatev	std::get_terminate	no-ghidra-function
0x5f2754	_ZSt15set_new_handlerPFvvE	std::set_new_handler	no-ghidra-function
0x5f2770	_ZSt15get_new_handlerv	std::get_new_handler	no-ghidra-function
0x5f2780	__gxx_personality_v0	__gxx_personality_v0	no-ghidra-function
0x5f2f6c	__cxa_call_unexpected	__cxa_call_unexpected	no-ghidra-function
0x5f3460	__cxa_pure_virtual	__cxa_pure_virtual	no-ghidra-function
0x5f3474	__cxa_deleted_virtual	__cxa_deleted_virtual	no-ghidra-function
0x5f4308	__dynamic_cast	__dynamic_cast	no-ghidra-function
0x5f4f54	_ZNSt9exceptionD2Ev	std::exception::~exception	no-ghidra-function
0x5f4f58	_ZNSt9exceptionD0Ev	std::exception::~exception	no-ghidra-function
0x5f4f5c	_ZNKSt9exception4whatEv	const std::exception::what	no-ghidra-function
0x5f4f68	_ZNSt13bad_exceptionD0Ev	std::bad_exception::~bad_exception	no-ghidra-function
0x5f4f6c	_ZNKSt13bad_exception4whatEv	const std::bad_exception::what	no-ghidra-function
0x5f4f78	_ZNSt9bad_allocC2Ev	std::bad_alloc::bad_alloc	no-ghidra-function
0x5f4f8c	_ZNSt9bad_allocD0Ev	std::bad_alloc::~bad_alloc	no-ghidra-function
0x5f4f90	_ZNKSt9bad_alloc4whatEv	const std::bad_alloc::what	no-ghidra-function
0x5f4f9c	_ZNSt20bad_array_new_lengthC2Ev	std::bad_array_new_length::bad_array_new_length	no-ghidra-function
0x5f4fb0	_ZNSt20bad_array_new_lengthD0Ev	std::bad_array_new_length::~bad_array_new_length	no-ghidra-function
0x5f4fb4	_ZNKSt20bad_array_new_length4whatEv	const std::bad_array_new_length::what	no-ghidra-function
0x5f4fc0	_ZNSt16bad_array_lengthC2Ev	std::bad_array_length::bad_array_length	no-ghidra-function
0x5f4fd4	_ZNSt16bad_array_lengthD0Ev	std::bad_array_length::~bad_array_length	no-ghidra-function
0x5f4fd8	_ZNKSt16bad_array_length4whatEv	const std::bad_array_length::what	no-ghidra-function
0x5f4fe4	_ZNSt16invalid_argumentD2Ev	std::invalid_argument::~invalid_argument	no-ghidra-function
0x5f5038	_ZNSt11logic_errorD0Ev	std::logic_error::~logic_error	no-ghidra-function
0x5f5094	_ZNKSt11logic_error4whatEv	const std::logic_error::what	no-ghidra-function
0x5f509c	_ZNSt15underflow_errorD2Ev	std::underflow_error::~underflow_error	no-ghidra-function
0x5f50f0	_ZNSt13runtime_errorD0Ev	std::runtime_error::~runtime_error	no-ghidra-function
0x5f514c	_ZNKSt13runtime_error4whatEv	const std::runtime_error::what	no-ghidra-function
0x5f5154	_ZNSt12domain_errorD0Ev	std::domain_error::~domain_error	no-ghidra-function
0x5f51b0	_ZNSt16invalid_argumentD0Ev	std::invalid_argument::~invalid_argument	no-ghidra-function
0x5f520c	_ZNSt12length_errorD0Ev	std::length_error::~length_error	no-ghidra-function
0x5f5268	_ZNSt12out_of_rangeD0Ev	std::out_of_range::~out_of_range	no-ghidra-function
0x5f52c4	_ZNSt11range_errorD0Ev	std::range_error::~range_error	no-ghidra-function
0x5f5320	_ZNSt14overflow_errorD0Ev	std::overflow_error::~overflow_error	no-ghidra-function
0x5f537c	_ZNSt15underflow_errorD0Ev	std::underflow_error::~underflow_error	no-ghidra-function
0x5f53d8	_ZNSt9type_infoD2Ev	std::type_info::~type_info	no-ghidra-function
0x5f53dc	_ZNSt9type_infoD0Ev	std::type_info::~type_info	no-ghidra-function
0x5f53e0	_ZNSt8bad_castC2Ev	std::bad_cast::bad_cast	no-ghidra-function
0x5f53f4	_ZNSt8bad_castD2Ev	std::bad_cast::~bad_cast	no-ghidra-function
0x5f53f8	_ZNSt8bad_castD0Ev	std::bad_cast::~bad_cast	no-ghidra-function
0x5f541c	_ZNKSt8bad_cast4whatEv	const std::bad_cast::what	no-ghidra-function
0x5f5428	_ZNSt10bad_typeidC2Ev	std::bad_typeid::bad_typeid	no-ghidra-function
0x5f543c	_ZNSt10bad_typeidD2Ev	std::bad_typeid::~bad_typeid	no-ghidra-function
0x5f5440	_ZNSt10bad_typeidD0Ev	std::bad_typeid::~bad_typeid	no-ghidra-function
0x5f5464	_ZNKSt10bad_typeid4whatEv	const std::bad_typeid::what	no-ghidra-function
0x5f5560	_ZSt14set_unexpectedPFvvE	std::set_unexpected	no-ghidra-function
0x5f5588	_ZSt13set_terminatePFvvE	std::set_terminate	no-ghidra-function
0x5f56f8	__cxa_demangle	__cxa_demangle	no-ghidra-function
0x609ee8	__gttf2	__gttf2	no-ghidra-function
0x60a024	__lttf2	__lttf2	no-ghidra-function
0x60a160	__multf3	__multf3	no-ghidra-function
0x60a840	__subtf3	__subtf3	no-ghidra-function
0x60b354	__fixtfsi	__fixtfsi	no-ghidra-function
0x60b448	__floatsitf	__floatsitf	no-ghidra-function
0x60b4ac	__extenddftf2	__extenddftf2	no-ghidra-function
0x60b5a4	__trunctfdf2	__trunctfdf2	no-ghidra-function
0x60bb08	_Unwind_GetGR	_Unwind_GetGR	no-ghidra-function
0x60bc6c	_Unwind_GetCFA	_Unwind_GetCFA	no-ghidra-function
0x60bc74	_Unwind_SetGR	_Unwind_SetGR	no-ghidra-function
0x60bccc	_Unwind_GetIP	_Unwind_GetIP	no-ghidra-function
0x60bcd4	_Unwind_GetIPInfo	_Unwind_GetIPInfo	no-ghidra-function
0x60bce8	_Unwind_SetIP	_Unwind_SetIP	no-ghidra-function
0x60bcf0	_Unwind_GetLanguageSpecificData	_Unwind_GetLanguageSpecificData	no-ghidra-function
0x60bcf8	_Unwind_GetRegionStart	_Unwind_GetRegionStart	no-ghidra-function
0x60bd00	_Unwind_FindEnclosingFunction	_Unwind_FindEnclosingFunction	no-ghidra-function
0x60bd28	_Unwind_GetDataRelBase	_Unwind_GetDataRelBase	no-ghidra-function
0x60bd30	_Unwind_GetTextRelBase	_Unwind_GetTextRelBase	no-ghidra-function
0x60d160	__frame_state_for	__frame_state_for	no-ghidra-function
0x60d258	_Unwind_RaiseException	_Unwind_RaiseException	no-ghidra-function
0x60d3d0	_Unwind_ForcedUnwind	_Unwind_ForcedUnwind	no-ghidra-function
0x60d4c4	_Unwind_Resume	_Unwind_Resume	no-ghidra-function
0x60d5c0	_Unwind_Resume_or_Rethrow	_Unwind_Resume_or_Rethrow	no-ghidra-function
0x60d6b8	_Unwind_DeleteException	_Unwind_DeleteException	no-ghidra-function
0x60d6dc	_Unwind_Backtrace	_Unwind_Backtrace	no-ghidra-function
0x60eb6c	__register_frame_info_bases	__register_frame_info_bases	no-ghidra-function
0x60ec08	__register_frame_info	__register_frame_info	no-ghidra-function
0x60ec14	__register_frame	__register_frame	no-ghidra-function
0x60ec54	__register_frame_info_table_bases	__register_frame_info_table_bases	no-ghidra-function
0x60ece8	__register_frame_info_table	__register_frame_info_table	no-ghidra-function
0x60ecf4	__register_frame_table	__register_frame_table	no-ghidra-function
0x60ed20	__deregister_frame_info_bases	__deregister_frame_info_bases	no-ghidra-function
0x60ee20	__deregister_frame_info	__deregister_frame_info	no-ghidra-function
0x60ee24	__deregister_frame	__deregister_frame	no-ghidra-function
0x60ee48	_Unwind_Find_FDE	_Unwind_Find_FDE	no-ghidra-function
