# class	vtable	offset_to_top	slot	address	mangled	demangled
Walaber::BezierCurve	0	0	0	0x3e0758	_ZN7Walaber5CurveD2Ev	Walaber::Curve::~Curve()
Walaber::BezierCurve	0	0	1	0x3e00d4	_ZN7Walaber11BezierCurveD0Ev	Walaber::BezierCurve::~BezierCurve()
Walaber::BezierCurve	0	0	2	0x3dfcd0	_ZN7Walaber11BezierCurve15loadFromXmlNodeEP8_xmlNode	Walaber::BezierCurve::loadFromXmlNode(_xmlNode*)
Walaber::BezierCurve	0	0	3	0x3e0110	_ZN7Walaber5Curve12getWriteSizeEj	Walaber::Curve::getWriteSize(unsigned int)
Walaber::BezierCurve	0	0	4	0x3e0188	_ZN7Walaber11BezierCurve21getMinMaxNonTimeValueEv	Walaber::BezierCurve::getMinMaxNonTimeValue()
Walaber::BezierCurve	0	0	5	0x3e02ac	_ZN7Walaber5Curve17getMinMaxKeyValueEv	Walaber::Curve::getMinMaxKeyValue()
Walaber::BezierCurve	0	0	6	0x3e0300	_ZN7Walaber5Curve20getMinMaxKeyPositionEv	Walaber::Curve::getMinMaxKeyPosition()
Walaber::BezierCurve	0	0	7	0x3e0354	_ZN7Walaber5Curve13writeToBufferEPc	Walaber::Curve::writeToBuffer(char*)
Walaber::BezierCurve	0	0	8	0x3e03d4	_ZN7Walaber11BezierCurve13writeToBufferEPcjRKNS_17CompressionRecordES4_	Walaber::BezierCurve::writeToBuffer(char*, unsigned int, Walaber::CompressionRecord const&, Walaber::CompressionRecord const&)
Walaber::BezierCurve	0	0	9	0x3e0754	_ZN7Walaber5Curve15computeTangentsEv	Walaber::Curve::computeTangents()
Walaber::BezierCurve	0	0	10	0x3dfbdc	_ZNK7Walaber11BezierCurve14_evaluateCurveEff	Walaber::BezierCurve::_evaluateCurve(float, float) const
Walaber::Bone	0	0	0	0x3ea868	_ZN7Walaber4NodeD2Ev	Walaber::Node::~Node()
Walaber::Bone	0	0	1	0x33d9a8	_ZN7Walaber4BoneD0Ev	Walaber::Bone::~Bone()
Walaber::Bone	0	0	2	0x3ea870	_ZN7Walaber4Node16setLocalPositionERKNS_7Vector2E	Walaber::Node::setLocalPosition(Walaber::Vector2 const&)
Walaber::Bone	0	0	3	0x3ea8bc	_ZN7Walaber4Node13setLocalScaleERKNS_7Vector2E	Walaber::Node::setLocalScale(Walaber::Vector2 const&)
Walaber::Bone	0	0	4	0x3ea940	_ZN7Walaber4Node13setLocalAngleERKf	Walaber::Node::setLocalAngle(float const&)
Walaber::Bone	0	0	5	0x3ea9c4	_ZN7Walaber4Node19applyPositionOffsetERKNS_7Vector2E	Walaber::Node::applyPositionOffset(Walaber::Vector2 const&)
Walaber::Bone	0	0	6	0x3ea9dc	_ZN7Walaber4Node16applyScaleOffsetERKNS_7Vector2E	Walaber::Node::applyScaleOffset(Walaber::Vector2 const&)
Walaber::Bone	0	0	7	0x3eaa2c	_ZN7Walaber4Node16applyAngleOffsetERKf	Walaber::Node::applyAngleOffset(float const&)
Walaber::Callback	0	0	0	0x2c2858	_ZN7Walaber8CallbackD2Ev	Walaber::Callback::~Callback()
Walaber::Callback	0	0	1	0x32e5b4	_ZN7Walaber8CallbackD0Ev	Walaber::Callback::~Callback()
Walaber::Callback	0	0	2	0x32e5b8	_ZN7Walaber8Callback6invokeEPv	Walaber::Callback::invoke(void*)
Walaber::Curve	0	0	0	0x3e0758	_ZN7Walaber5CurveD2Ev	Walaber::Curve::~Curve()
Walaber::Curve	0	0	1	0x3e0798	_ZN7Walaber5CurveD0Ev	Walaber::Curve::~Curve()
Walaber::Curve	0	0	2	0x5f3460	__cxa_pure_virtual	__cxa_pure_virtual
Walaber::Curve	0	0	3	0x3e0110	_ZN7Walaber5Curve12getWriteSizeEj	Walaber::Curve::getWriteSize(unsigned int)
Walaber::Curve	0	0	4	0x3e079c	_ZN7Walaber5Curve21getMinMaxNonTimeValueEv	Walaber::Curve::getMinMaxNonTimeValue()
Walaber::Curve	0	0	5	0x3e02ac	_ZN7Walaber5Curve17getMinMaxKeyValueEv	Walaber::Curve::getMinMaxKeyValue()
Walaber::Curve	0	0	6	0x3e0300	_ZN7Walaber5Curve20getMinMaxKeyPositionEv	Walaber::Curve::getMinMaxKeyPosition()
Walaber::Curve	0	0	7	0x3e0354	_ZN7Walaber5Curve13writeToBufferEPc	Walaber::Curve::writeToBuffer(char*)
Walaber::Curve	0	0	8	0x3e0814	_ZN7Walaber5Curve13writeToBufferEPcjRKNS_17CompressionRecordES4_	Walaber::Curve::writeToBuffer(char*, unsigned int, Walaber::CompressionRecord const&, Walaber::CompressionRecord const&)
Walaber::Curve	0	0	9	0x3e0754	_ZN7Walaber5Curve15computeTangentsEv	Walaber::Curve::computeTangents()
Walaber::Curve	0	0	10	0x5f3460	__cxa_pure_virtual	__cxa_pure_virtual
Walaber::DrawableNode	0	0	0	0x3ea5d0	_ZN7Walaber12DrawableNodeD2Ev	Walaber::DrawableNode::~DrawableNode()
Walaber::DrawableNode	0	0	1	0x3ea5d4	_ZN7Walaber12DrawableNodeD0Ev	Walaber::DrawableNode::~DrawableNode()
Walaber::DrawableNode	0	0	2	0x3ea870	_ZN7Walaber4Node16setLocalPositionERKNS_7Vector2E	Walaber::Node::setLocalPosition(Walaber::Vector2 const&)
Walaber::DrawableNode	0	0	3	0x3ea8bc	_ZN7Walaber4Node13setLocalScaleERKNS_7Vector2E	Walaber::Node::setLocalScale(Walaber::Vector2 const&)
Walaber::DrawableNode	0	0	4	0x3ea940	_ZN7Walaber4Node13setLocalAngleERKf	Walaber::Node::setLocalAngle(float const&)
Walaber::DrawableNode	0	0	5	0x3ea9c4	_ZN7Walaber4Node19applyPositionOffsetERKNS_7Vector2E	Walaber::Node::applyPositionOffset(Walaber::Vector2 const&)
Walaber::DrawableNode	0	0	6	0x3ea9dc	_ZN7Walaber4Node16applyScaleOffsetERKNS_7Vector2E	Walaber::Node::applyScaleOffset(Walaber::Vector2 const&)
Walaber::DrawableNode	0	0	7	0x3eaa2c	_ZN7Walaber4Node16applyAngleOffsetERKf	Walaber::Node::applyAngleOffset(float const&)
Walaber::DrawableNode	0	0	8	0x35cd2c	_ZN7Walaber12DrawableNode8setLayerEi	Walaber::DrawableNode::setLayer(int)
Walaber::DrawableNode	0	0	9	0x5f3460	__cxa_pure_virtual	__cxa_pure_virtual
Walaber::FileManager::FH_StandardFileSystem	0	0	0	0x3d4410	_ZN7Walaber11FileManager21FH_StandardFileSystemD2Ev	Walaber::FileManager::FH_StandardFileSystem::~FH_StandardFileSystem()
Walaber::FileManager::FH_StandardFileSystem	0	0	1	0x3d4430	_ZN7Walaber11FileManager21FH_StandardFileSystemD0Ev	Walaber::FileManager::FH_StandardFileSystem::~FH_StandardFileSystem()
Walaber::FileManager::FH_StandardFileSystem	0	0	2	0x3d2e44	_ZN7Walaber11FileManager21FH_StandardFileSystem10fileExistsERKNSt6__ndk112basic_stringIcNS2_11char_traitsIcEENS2_9allocatorIcEEEENS_9SharedPtrINS_8CallbackEEERKNS_12PropertyListE	Walaber::FileManager::FH_StandardFileSystem::fileExists(std::__ndk1::basic_string<char, std::__ndk1::char_traits<char>, std::__ndk1::allocator<char>> const&, Walaber::SharedPtr<Walaber::Callback>, Walaber::PropertyList const&)
Walaber::FileManager::FH_StandardFileSystem	0	0	3	0x3d30d8	_ZN7Walaber11FileManager21FH_StandardFileSystem8readFileERKNSt6__ndk112basic_stringIcNS2_11char_traitsIcEENS2_9allocatorIcEEEENS_9SharedPtrINS_8CallbackEEERKNS_12PropertyListE	Walaber::FileManager::FH_StandardFileSystem::readFile(std::__ndk1::basic_string<char, std::__ndk1::char_traits<char>, std::__ndk1::allocator<char>> const&, Walaber::SharedPtr<Walaber::Callback>, Walaber::PropertyList const&)
Walaber::FileManager::FH_StandardFileSystem	0	0	4	0x3d4468	_ZN7Walaber11FileManager21FH_StandardFileSystem7getNameEv	Walaber::FileManager::FH_StandardFileSystem::getName()
Walaber::FileManager::FH_ZipFileSystem	0	0	0	0x3d39fc	_ZN7Walaber11FileManager16FH_ZipFileSystemD2Ev	Walaber::FileManager::FH_ZipFileSystem::~FH_ZipFileSystem()
Walaber::FileManager::FH_ZipFileSystem	0	0	1	0x3d3a64	_ZN7Walaber11FileManager16FH_ZipFileSystemD0Ev	Walaber::FileManager::FH_ZipFileSystem::~FH_ZipFileSystem()
Walaber::FileManager::FH_ZipFileSystem	0	0	2	0x3d3a88	_ZN7Walaber11FileManager16FH_ZipFileSystem10fileExistsERKNSt6__ndk112basic_stringIcNS2_11char_traitsIcEENS2_9allocatorIcEEEENS_9SharedPtrINS_8CallbackEEERKNS_12PropertyListE	Walaber::FileManager::FH_ZipFileSystem::fileExists(std::__ndk1::basic_string<char, std::__ndk1::char_traits<char>, std::__ndk1::allocator<char>> const&, Walaber::SharedPtr<Walaber::Callback>, Walaber::PropertyList const&)
Walaber::FileManager::FH_ZipFileSystem	0	0	3	0x3d3f30	_ZN7Walaber11FileManager16FH_ZipFileSystem8readFileERKNSt6__ndk112basic_stringIcNS2_11char_traitsIcEENS2_9allocatorIcEEEENS_9SharedPtrINS_8CallbackEEERKNS_12PropertyListE	Walaber::FileManager::FH_ZipFileSystem::readFile(std::__ndk1::basic_string<char, std::__ndk1::char_traits<char>, std::__ndk1::allocator<char>> const&, Walaber::SharedPtr<Walaber::Callback>, Walaber::PropertyList const&)
Walaber::FileManager::FH_ZipFileSystem	0	0	4	0x3d44a0	_ZN7Walaber11FileManager16FH_ZipFileSystem7getNameEv	Walaber::FileManager::FH_ZipFileSystem::getName()
Walaber::HermiteCurve	0	0	0	0x3e0758	_ZN7Walaber5CurveD2Ev	Walaber::Curve::~Curve()
Walaber::HermiteCurve	0	0	1	0x3e61a4	_ZN7Walaber12HermiteCurveD0Ev	Walaber::HermiteCurve::~HermiteCurve()
Walaber::HermiteCurve	0	0	2	0x3e5a9c	_ZN7Walaber12HermiteCurve15loadFromXmlNodeEP8_xmlNode	Walaber::HermiteCurve::loadFromXmlNode(_xmlNode*)
Walaber::HermiteCurve	0	0	3	0x3e0110	_ZN7Walaber5Curve12getWriteSizeEj	Walaber::Curve::getWriteSize(unsigned int)
Walaber::HermiteCurve	0	0	4	0x3e079c	_ZN7Walaber5Curve21getMinMaxNonTimeValueEv	Walaber::Curve::getMinMaxNonTimeValue()
Walaber::HermiteCurve	0	0	5	0x3e02ac	_ZN7Walaber5Curve17getMinMaxKeyValueEv	Walaber::Curve::getMinMaxKeyValue()
Walaber::HermiteCurve	0	0	6	0x3e0300	_ZN7Walaber5Curve20getMinMaxKeyPositionEv	Walaber::Curve::getMinMaxKeyPosition()
Walaber::HermiteCurve	0	0	7	0x3e0354	_ZN7Walaber5Curve13writeToBufferEPc	Walaber::Curve::writeToBuffer(char*)
Walaber::HermiteCurve	0	0	8	0x3e0814	_ZN7Walaber5Curve13writeToBufferEPcjRKNS_17CompressionRecordES4_	Walaber::Curve::writeToBuffer(char*, unsigned int, Walaber::CompressionRecord const&, Walaber::CompressionRecord const&)
Walaber::HermiteCurve	0	0	9	0x3e0754	_ZN7Walaber5Curve15computeTangentsEv	Walaber::Curve::computeTangents()
Walaber::HermiteCurve	0	0	10	0x3e599c	_ZNK7Walaber12HermiteCurve14_evaluateCurveEff	Walaber::HermiteCurve::_evaluateCurve(float, float) const
Walaber::LinearCurve	0	0	0	0x3e0758	_ZN7Walaber5CurveD2Ev	Walaber::Curve::~Curve()
Walaber::LinearCurve	0	0	1	0x3e6698	_ZN7Walaber11LinearCurveD0Ev	Walaber::LinearCurve::~LinearCurve()
Walaber::LinearCurve	0	0	2	0x3e61e0	_ZN7Walaber11LinearCurve15loadFromXmlNodeEP8_xmlNode	Walaber::LinearCurve::loadFromXmlNode(_xmlNode*)
Walaber::LinearCurve	0	0	3	0x3e0110	_ZN7Walaber5Curve12getWriteSizeEj	Walaber::Curve::getWriteSize(unsigned int)
Walaber::LinearCurve	0	0	4	0x3e079c	_ZN7Walaber5Curve21getMinMaxNonTimeValueEv	Walaber::Curve::getMinMaxNonTimeValue()
Walaber::LinearCurve	0	0	5	0x3e02ac	_ZN7Walaber5Curve17getMinMaxKeyValueEv	Walaber::Curve::getMinMaxKeyValue()
Walaber::LinearCurve	0	0	6	0x3e0300	_ZN7Walaber5Curve20getMinMaxKeyPositionEv	Walaber::Curve::getMinMaxKeyPosition()
Walaber::LinearCurve	0	0	7	0x3e0354	_ZN7Walaber5Curve13writeToBufferEPc	Walaber::Curve::writeToBuffer(char*)
Walaber::LinearCurve	0	0	8	0x3e0814	_ZN7Walaber5Curve13writeToBufferEPcjRKNS_17CompressionRecordES4_	Walaber::Curve::writeToBuffer(char*, unsigned int, Walaber::CompressionRecord const&, Walaber::CompressionRecord const&)
Walaber::LinearCurve	0	0	9	0x3e657c	_ZN7Walaber11LinearCurve15computeTangentsEv	Walaber::LinearCurve::computeTangents()
Walaber::LinearCurve	0	0	10	0x3e6610	_ZNK7Walaber11LinearCurve14_evaluateCurveEff	Walaber::LinearCurve::_evaluateCurve(float, float) const
Walaber::MemberCallback<Walaber::BitmapFont>	0	0	0	0x2c2858	_ZN7Walaber8CallbackD2Ev	Walaber::Callback::~Callback()
Walaber::MemberCallback<Walaber::BitmapFont>	0	0	1	0x368da8	_ZN7Walaber14MemberCallbackINS_10BitmapFontEED0Ev	Walaber::MemberCallback<Walaber::BitmapFont>::~MemberCallback()
Walaber::MemberCallback<Walaber::BitmapFont>	0	0	2	0x368dac	_ZN7Walaber14MemberCallbackINS_10BitmapFontEE6invokeEPv	Walaber::MemberCallback<Walaber::BitmapFont>::invoke(void*)
Walaber::MemberCallback<Walaber::CurveManager>	0	0	0	0x2c2858	_ZN7Walaber8CallbackD2Ev	Walaber::Callback::~Callback()
Walaber::MemberCallback<Walaber::CurveManager>	0	0	1	0x3e4d10	_ZN7Walaber14MemberCallbackINS_12CurveManagerEED0Ev	Walaber::MemberCallback<Walaber::CurveManager>::~MemberCallback()
Walaber::MemberCallback<Walaber::CurveManager>	0	0	2	0x3e4d14	_ZN7Walaber14MemberCallbackINS_12CurveManagerEE6invokeEPv	Walaber::MemberCallback<Walaber::CurveManager>::invoke(void*)
Walaber::MemberCallback<Walaber::FontManager>	0	0	0	0x2c2858	_ZN7Walaber8CallbackD2Ev	Walaber::Callback::~Callback()
Walaber::MemberCallback<Walaber::FontManager>	0	0	1	0x36a6cc	_ZN7Walaber14MemberCallbackINS_11FontManagerEED0Ev	Walaber::MemberCallback<Walaber::FontManager>::~MemberCallback()
Walaber::MemberCallback<Walaber::FontManager>	0	0	2	0x36a6d0	_ZN7Walaber14MemberCallbackINS_11FontManagerEE6invokeEPv	Walaber::MemberCallback<Walaber::FontManager>::invoke(void*)
Walaber::MemberCallback<Walaber::NodeAnimationTrack>	0	0	0	0x2c2858	_ZN7Walaber8CallbackD2Ev	Walaber::Callback::~Callback()
Walaber::MemberCallback<Walaber::NodeAnimationTrack>	0	0	1	0x339c34	_ZN7Walaber14MemberCallbackINS_18NodeAnimationTrackEED0Ev	Walaber::MemberCallback<Walaber::NodeAnimationTrack>::~MemberCallback()
Walaber::MemberCallback<Walaber::NodeAnimationTrack>	0	0	2	0x339c38	_ZN7Walaber14MemberCallbackINS_18NodeAnimationTrackEE6invokeEPv	Walaber::MemberCallback<Walaber::NodeAnimationTrack>::invoke(void*)
Walaber::MemberCallback<Walaber::NumericAnimationTrack>	0	0	0	0x2c2858	_ZN7Walaber8CallbackD2Ev	Walaber::Callback::~Callback()
Walaber::MemberCallback<Walaber::NumericAnimationTrack>	0	0	1	0x33a034	_ZN7Walaber14MemberCallbackINS_21NumericAnimationTrackEED0Ev	Walaber::MemberCallback<Walaber::NumericAnimationTrack>::~MemberCallback()
Walaber::MemberCallback<Walaber::NumericAnimationTrack>	0	0	2	0x33a038	_ZN7Walaber14MemberCallbackINS_21NumericAnimationTrackEE6invokeEPv	Walaber::MemberCallback<Walaber::NumericAnimationTrack>::invoke(void*)
Walaber::MemberCallback<Walaber::ParticleEmitter>	0	0	0	0x2c2858	_ZN7Walaber8CallbackD2Ev	Walaber::Callback::~Callback()
Walaber::MemberCallback<Walaber::ParticleEmitter>	0	0	1	0x3939cc	_ZN7Walaber14MemberCallbackINS_15ParticleEmitterEED0Ev	Walaber::MemberCallback<Walaber::ParticleEmitter>::~MemberCallback()
Walaber::MemberCallback<Walaber::ParticleEmitter>	0	0	2	0x3939d0	_ZN7Walaber14MemberCallbackINS_15ParticleEmitterEE6invokeEPv	Walaber::MemberCallback<Walaber::ParticleEmitter>::invoke(void*)
Walaber::MemberCallback<Walaber::Skeleton>	0	0	0	0x2c2858	_ZN7Walaber8CallbackD2Ev	Walaber::Callback::~Callback()
Walaber::MemberCallback<Walaber::Skeleton>	0	0	1	0x33f478	_ZN7Walaber14MemberCallbackINS_8SkeletonEED0Ev	Walaber::MemberCallback<Walaber::Skeleton>::~MemberCallback()
Walaber::MemberCallback<Walaber::Skeleton>	0	0	2	0x33f47c	_ZN7Walaber14MemberCallbackINS_8SkeletonEE6invokeEPv	Walaber::MemberCallback<Walaber::Skeleton>::invoke(void*)
Walaber::MemberCallback<Walaber::SkeletonActor>	0	0	0	0x2c2858	_ZN7Walaber8CallbackD2Ev	Walaber::Callback::~Callback()
Walaber::MemberCallback<Walaber::SkeletonActor>	0	0	1	0x348830	_ZN7Walaber14MemberCallbackINS_13SkeletonActorEED0Ev	Walaber::MemberCallback<Walaber::SkeletonActor>::~MemberCallback()
Walaber::MemberCallback<Walaber::SkeletonActor>	0	0	2	0x348834	_ZN7Walaber14MemberCallbackINS_13SkeletonActorEE6invokeEPv	Walaber::MemberCallback<Walaber::SkeletonActor>::invoke(void*)
Walaber::MemberCallback<Walaber::SoundManager>	0	0	0	0x2c2858	_ZN7Walaber8CallbackD2Ev	Walaber::Callback::~Callback()
Walaber::MemberCallback<Walaber::SoundManager>	0	0	1	0x356888	_ZN7Walaber14MemberCallbackINS_12SoundManagerEED0Ev	Walaber::MemberCallback<Walaber::SoundManager>::~MemberCallback()
Walaber::MemberCallback<Walaber::SoundManager>	0	0	2	0x35688c	_ZN7Walaber14MemberCallbackINS_12SoundManagerEE6invokeEPv	Walaber::MemberCallback<Walaber::SoundManager>::invoke(void*)
Walaber::MemberCallback<Walaber::Sprite>	0	0	0	0x2c2858	_ZN7Walaber8CallbackD2Ev	Walaber::Callback::~Callback()
Walaber::MemberCallback<Walaber::Sprite>	0	0	1	0x35dc34	_ZN7Walaber14MemberCallbackINS_6SpriteEED0Ev	Walaber::MemberCallback<Walaber::Sprite>::~MemberCallback()
Walaber::MemberCallback<Walaber::Sprite>	0	0	2	0x35dc38	_ZN7Walaber14MemberCallbackINS_6SpriteEE6invokeEPv	Walaber::MemberCallback<Walaber::Sprite>::invoke(void*)
Walaber::MemberCallback<Walaber::SpriteAnimation>	0	0	0	0x2c2858	_ZN7Walaber8CallbackD2Ev	Walaber::Callback::~Callback()
Walaber::MemberCallback<Walaber::SpriteAnimation>	0	0	1	0x35d538	_ZN7Walaber14MemberCallbackINS_15SpriteAnimationEED0Ev	Walaber::MemberCallback<Walaber::SpriteAnimation>::~MemberCallback()
Walaber::MemberCallback<Walaber::SpriteAnimation>	0	0	2	0x35d53c	_ZN7Walaber14MemberCallbackINS_15SpriteAnimationEE6invokeEPv	Walaber::MemberCallback<Walaber::SpriteAnimation>::invoke(void*)
Walaber::MemberCallback<Walaber::Texture2D>	0	0	0	0x2c2858	_ZN7Walaber8CallbackD2Ev	Walaber::Callback::~Callback()
Walaber::MemberCallback<Walaber::Texture2D>	0	0	1	0x3999cc	_ZN7Walaber14MemberCallbackINS_9Texture2DEED0Ev	Walaber::MemberCallback<Walaber::Texture2D>::~MemberCallback()
Walaber::MemberCallback<Walaber::Texture2D>	0	0	2	0x3999d0	_ZN7Walaber14MemberCallbackINS_9Texture2DEE6invokeEPv	Walaber::MemberCallback<Walaber::Texture2D>::invoke(void*)
Walaber::MemberCallback<Walaber::TextureManager>	0	0	0	0x2c2858	_ZN7Walaber8CallbackD2Ev	Walaber::Callback::~Callback()
Walaber::MemberCallback<Walaber::TextureManager>	0	0	1	0x39fcd4	_ZN7Walaber14MemberCallbackINS_14TextureManagerEED0Ev	Walaber::MemberCallback<Walaber::TextureManager>::~MemberCallback()
Walaber::MemberCallback<Walaber::TextureManager>	0	0	2	0x39fcd8	_ZN7Walaber14MemberCallbackINS_14TextureManagerEE6invokeEPv	Walaber::MemberCallback<Walaber::TextureManager>::invoke(void*)
Walaber::MemberCallback<Walaber::XMLDocument>	0	0	0	0x2c2858	_ZN7Walaber8CallbackD2Ev	Walaber::Callback::~Callback()
Walaber::MemberCallback<Walaber::XMLDocument>	0	0	1	0x3d71dc	_ZN7Walaber14MemberCallbackINS_11XMLDocumentEED0Ev	Walaber::MemberCallback<Walaber::XMLDocument>::~MemberCallback()
Walaber::MemberCallback<Walaber::XMLDocument>	0	0	2	0x3d71e0	_ZN7Walaber14MemberCallbackINS_11XMLDocumentEE6invokeEPv	Walaber::MemberCallback<Walaber::XMLDocument>::invoke(void*)
Walaber::MemberCallback<WaterConcept::Bomb>	0	0	0	0x2c2858	_ZN7Walaber8CallbackD2Ev	Walaber::Callback::~Callback()
Walaber::MemberCallback<WaterConcept::Bomb>	0	0	1	0x478458	_ZN7Walaber14MemberCallbackIN12WaterConcept4BombEED0Ev	Walaber::MemberCallback<WaterConcept::Bomb>::~MemberCallback()
Walaber::MemberCallback<WaterConcept::Bomb>	0	0	2	0x47845c	_ZN7Walaber14MemberCallbackIN12WaterConcept4BombEE6invokeEPv	Walaber::MemberCallback<WaterConcept::Bomb>::invoke(void*)
Walaber::MemberCallback<WaterConcept::CustomTransitionLoader>	0	0	0	0x2c2858	_ZN7Walaber8CallbackD2Ev	Walaber::Callback::~Callback()
Walaber::MemberCallback<WaterConcept::CustomTransitionLoader>	0	0	1	0x5a3708	_ZN7Walaber14MemberCallbackIN12WaterConcept22CustomTransitionLoaderEED0Ev	Walaber::MemberCallback<WaterConcept::CustomTransitionLoader>::~MemberCallback()
Walaber::MemberCallback<WaterConcept::CustomTransitionLoader>	0	0	2	0x5a370c	_ZN7Walaber14MemberCallbackIN12WaterConcept22CustomTransitionLoaderEE6invokeEPv	Walaber::MemberCallback<WaterConcept::CustomTransitionLoader>::invoke(void*)
Walaber::MemberCallback<WaterConcept::FluidConverter>	0	0	0	0x2c2858	_ZN7Walaber8CallbackD2Ev	Walaber::Callback::~Callback()
Walaber::MemberCallback<WaterConcept::FluidConverter>	0	0	1	0x47eb38	_ZN7Walaber14MemberCallbackIN12WaterConcept14FluidConverterEED0Ev	Walaber::MemberCallback<WaterConcept::FluidConverter>::~MemberCallback()
Walaber::MemberCallback<WaterConcept::FluidConverter>	0	0	2	0x47eb3c	_ZN7Walaber14MemberCallbackIN12WaterConcept14FluidConverterEE6invokeEPv	Walaber::MemberCallback<WaterConcept::FluidConverter>::invoke(void*)
Walaber::MemberCallback<WaterConcept::GameState>	0	0	0	0x2c2858	_ZN7Walaber8CallbackD2Ev	Walaber::Callback::~Callback()
Walaber::MemberCallback<WaterConcept::GameState>	0	0	1	0x42ebb4	_ZN7Walaber14MemberCallbackIN12WaterConcept9GameStateEED0Ev	Walaber::MemberCallback<WaterConcept::GameState>::~MemberCallback()
Walaber::MemberCallback<WaterConcept::GameState>	0	0	2	0x42ebb8	_ZN7Walaber14MemberCallbackIN12WaterConcept9GameStateEE6invokeEPv	Walaber::MemberCallback<WaterConcept::GameState>::invoke(void*)
Walaber::MemberCallback<WaterConcept::IAPNotification>	0	0	0	0x2c2858	_ZN7Walaber8CallbackD2Ev	Walaber::Callback::~Callback()
Walaber::MemberCallback<WaterConcept::IAPNotification>	0	0	1	0x49c874	_ZN7Walaber14MemberCallbackIN12WaterConcept15IAPNotificationEED0Ev	Walaber::MemberCallback<WaterConcept::IAPNotification>::~MemberCallback()
Walaber::MemberCallback<WaterConcept::IAPNotification>	0	0	2	0x49c878	_ZN7Walaber14MemberCallbackIN12WaterConcept15IAPNotificationEE6invokeEPv	Walaber::MemberCallback<WaterConcept::IAPNotification>::invoke(void*)
Walaber::MemberCallback<WaterConcept::InteractiveObject>	0	0	0	0x2c2858	_ZN7Walaber8CallbackD2Ev	Walaber::Callback::~Callback()
Walaber::MemberCallback<WaterConcept::InteractiveObject>	0	0	1	0x47848c	_ZN7Walaber14MemberCallbackIN12WaterConcept17InteractiveObjectEED0Ev	Walaber::MemberCallback<WaterConcept::InteractiveObject>::~MemberCallback()
Walaber::MemberCallback<WaterConcept::InteractiveObject>	0	0	2	0x478490	_ZN7Walaber14MemberCallbackIN12WaterConcept17InteractiveObjectEE6invokeEPv	Walaber::MemberCallback<WaterConcept::InteractiveObject>::invoke(void*)
Walaber::MemberCallback<WaterConcept::Notification>	0	0	0	0x2c2858	_ZN7Walaber8CallbackD2Ev	Walaber::Callback::~Callback()
Walaber::MemberCallback<WaterConcept::Notification>	0	0	1	0x49d8c0	_ZN7Walaber14MemberCallbackIN12WaterConcept12NotificationEED0Ev	Walaber::MemberCallback<WaterConcept::Notification>::~MemberCallback()
Walaber::MemberCallback<WaterConcept::Notification>	0	0	2	0x49d8c4	_ZN7Walaber14MemberCallbackIN12WaterConcept12NotificationEE6invokeEPv	Walaber::MemberCallback<WaterConcept::Notification>::invoke(void*)
Walaber::MemberCallback<WaterConcept::NotificationSingleton>	0	0	0	0x2c2858	_ZN7Walaber8CallbackD2Ev	Walaber::Callback::~Callback()
Walaber::MemberCallback<WaterConcept::NotificationSingleton>	0	0	1	0x506c4c	_ZN7Walaber14MemberCallbackIN12WaterConcept21NotificationSingletonEED0Ev	Walaber::MemberCallback<WaterConcept::NotificationSingleton>::~MemberCallback()
Walaber::MemberCallback<WaterConcept::NotificationSingleton>	0	0	2	0x506c50	_ZN7Walaber14MemberCallbackIN12WaterConcept21NotificationSingletonEE6invokeEPv	Walaber::MemberCallback<WaterConcept::NotificationSingleton>::invoke(void*)
Walaber::MemberCallback<WaterConcept::ParallaxPuppetShow>	0	0	0	0x2c2858	_ZN7Walaber8CallbackD2Ev	Walaber::Callback::~Callback()
Walaber::MemberCallback<WaterConcept::ParallaxPuppetShow>	0	0	1	0x434700	_ZN7Walaber14MemberCallbackIN12WaterConcept18ParallaxPuppetShowEED0Ev	Walaber::MemberCallback<WaterConcept::ParallaxPuppetShow>::~MemberCallback()
Walaber::MemberCallback<WaterConcept::ParallaxPuppetShow>	0	0	2	0x434704	_ZN7Walaber14MemberCallbackIN12WaterConcept18ParallaxPuppetShowEE6invokeEPv	Walaber::MemberCallback<WaterConcept::ParallaxPuppetShow>::invoke(void*)
Walaber::MemberCallback<WaterConcept::ScreenLoader>	0	0	0	0x2c2858	_ZN7Walaber8CallbackD2Ev	Walaber::Callback::~Callback()
Walaber::MemberCallback<WaterConcept::ScreenLoader>	0	0	1	0x2c285c	_ZN7Walaber14MemberCallbackIN12WaterConcept12ScreenLoaderEED0Ev	Walaber::MemberCallback<WaterConcept::ScreenLoader>::~MemberCallback()
Walaber::MemberCallback<WaterConcept::ScreenLoader>	0	0	2	0x2c2860	_ZN7Walaber14MemberCallbackIN12WaterConcept12ScreenLoaderEE6invokeEPv	Walaber::MemberCallback<WaterConcept::ScreenLoader>::invoke(void*)
Walaber::MemberCallback<WaterConcept::Screen_Achievements>	0	0	0	0x2c2858	_ZN7Walaber8CallbackD2Ev	Walaber::Callback::~Callback()
Walaber::MemberCallback<WaterConcept::Screen_Achievements>	0	0	1	0x4a4330	_ZN7Walaber14MemberCallbackIN12WaterConcept19Screen_AchievementsEED0Ev	Walaber::MemberCallback<WaterConcept::Screen_Achievements>::~MemberCallback()
Walaber::MemberCallback<WaterConcept::Screen_Achievements>	0	0	2	0x4a4334	_ZN7Walaber14MemberCallbackIN12WaterConcept19Screen_AchievementsEE6invokeEPv	Walaber::MemberCallback<WaterConcept::Screen_Achievements>::invoke(void*)
Walaber::MemberCallback<WaterConcept::Screen_AchievementsTest>	0	0	0	0x2c2858	_ZN7Walaber8CallbackD2Ev	Walaber::Callback::~Callback()
Walaber::MemberCallback<WaterConcept::Screen_AchievementsTest>	0	0	1	0x4a4d04	_ZN7Walaber14MemberCallbackIN12WaterConcept23Screen_AchievementsTestEED0Ev	Walaber::MemberCallback<WaterConcept::Screen_AchievementsTest>::~MemberCallback()
Walaber::MemberCallback<WaterConcept::Screen_AchievementsTest>	0	0	2	0x4a4d08	_ZN7Walaber14MemberCallbackIN12WaterConcept23Screen_AchievementsTestEE6invokeEPv	Walaber::MemberCallback<WaterConcept::Screen_AchievementsTest>::invoke(void*)
Walaber::MemberCallback<WaterConcept::Screen_AgeGate>	0	0	0	0x2c2858	_ZN7Walaber8CallbackD2Ev	Walaber::Callback::~Callback()
Walaber::MemberCallback<WaterConcept::Screen_AgeGate>	0	0	1	0x4a6bb0	_ZN7Walaber14MemberCallbackIN12WaterConcept14Screen_AgeGateEED0Ev	Walaber::MemberCallback<WaterConcept::Screen_AgeGate>::~MemberCallback()
Walaber::MemberCallback<WaterConcept::Screen_AgeGate>	0	0	2	0x4a6bb4	_ZN7Walaber14MemberCallbackIN12WaterConcept14Screen_AgeGateEE6invokeEPv	Walaber::MemberCallback<WaterConcept::Screen_AgeGate>::invoke(void*)
Walaber::MemberCallback<WaterConcept::Screen_AnimationTest>	0	0	0	0x2c2858	_ZN7Walaber8CallbackD2Ev	Walaber::Callback::~Callback()
Walaber::MemberCallback<WaterConcept::Screen_AnimationTest>	0	0	1	0x4a84a8	_ZN7Walaber14MemberCallbackIN12WaterConcept20Screen_AnimationTestEED0Ev	Walaber::MemberCallback<WaterConcept::Screen_AnimationTest>::~MemberCallback()
Walaber::MemberCallback<WaterConcept::Screen_AnimationTest>	0	0	2	0x4a84ac	_ZN7Walaber14MemberCallbackIN12WaterConcept20Screen_AnimationTestEE6invokeEPv	Walaber::MemberCallback<WaterConcept::Screen_AnimationTest>::invoke(void*)
Walaber::MemberCallback<WaterConcept::Screen_Challenges>	0	0	0	0x2c2858	_ZN7Walaber8CallbackD2Ev	Walaber::Callback::~Callback()
Walaber::MemberCallback<WaterConcept::Screen_Challenges>	0	0	1	0x4ae020	_ZN7Walaber14MemberCallbackIN12WaterConcept17Screen_ChallengesEED0Ev	Walaber::MemberCallback<WaterConcept::Screen_Challenges>::~MemberCallback()
Walaber::MemberCallback<WaterConcept::Screen_Challenges>	0	0	2	0x4ae024	_ZN7Walaber14MemberCallbackIN12WaterConcept17Screen_ChallengesEE6invokeEPv	Walaber::MemberCallback<WaterConcept::Screen_Challenges>::invoke(void*)
Walaber::MemberCallback<WaterConcept::Screen_Collectibles>	0	0	0	0x2c2858	_ZN7Walaber8CallbackD2Ev	Walaber::Callback::~Callback()
Walaber::MemberCallback<WaterConcept::Screen_Collectibles>	0	0	1	0x4b40d0	_ZN7Walaber14MemberCallbackIN12WaterConcept19Screen_CollectiblesEED0Ev	Walaber::MemberCallback<WaterConcept::Screen_Collectibles>::~MemberCallback()
Walaber::MemberCallback<WaterConcept::Screen_Collectibles>	0	0	2	0x4b40d4	_ZN7Walaber14MemberCallbackIN12WaterConcept19Screen_CollectiblesEE6invokeEPv	Walaber::MemberCallback<WaterConcept::Screen_Collectibles>::invoke(void*)
Walaber::MemberCallback<WaterConcept::Screen_Credits>	0	0	0	0x2c2858	_ZN7Walaber8CallbackD2Ev	Walaber::Callback::~Callback()
Walaber::MemberCallback<WaterConcept::Screen_Credits>	0	0	1	0x4b876c	_ZN7Walaber14MemberCallbackIN12WaterConcept14Screen_CreditsEED0Ev	Walaber::MemberCallback<WaterConcept::Screen_Credits>::~MemberCallback()
Walaber::MemberCallback<WaterConcept::Screen_Credits>	0	0	2	0x4b8770	_ZN7Walaber14MemberCallbackIN12WaterConcept14Screen_CreditsEE6invokeEPv	Walaber::MemberCallback<WaterConcept::Screen_Credits>::invoke(void*)
Walaber::MemberCallback<WaterConcept::Screen_Dialogue>	0	0	0	0x2c2858	_ZN7Walaber8CallbackD2Ev	Walaber::Callback::~Callback()
Walaber::MemberCallback<WaterConcept::Screen_Dialogue>	0	0	1	0x4bc818	_ZN7Walaber14MemberCallbackIN12WaterConcept15Screen_DialogueEED0Ev	Walaber::MemberCallback<WaterConcept::Screen_Dialogue>::~MemberCallback()
Walaber::MemberCallback<WaterConcept::Screen_Dialogue>	0	0	2	0x4bc81c	_ZN7Walaber14MemberCallbackIN12WaterConcept15Screen_DialogueEE6invokeEPv	Walaber::MemberCallback<WaterConcept::Screen_Dialogue>::invoke(void*)
Walaber::MemberCallback<WaterConcept::Screen_Editor>	0	0	0	0x2c2858	_ZN7Walaber8CallbackD2Ev	Walaber::Callback::~Callback()
Walaber::MemberCallback<WaterConcept::Screen_Editor>	0	0	1	0x4cbdb4	_ZN7Walaber14MemberCallbackIN12WaterConcept13Screen_EditorEED0Ev	Walaber::MemberCallback<WaterConcept::Screen_Editor>::~MemberCallback()
Walaber::MemberCallback<WaterConcept::Screen_Editor>	0	0	2	0x4cbdb8	_ZN7Walaber14MemberCallbackIN12WaterConcept13Screen_EditorEE6invokeEPv	Walaber::MemberCallback<WaterConcept::Screen_Editor>::invoke(void*)
Walaber::MemberCallback<WaterConcept::Screen_EditorObjectEditor>	0	0	0	0x2c2858	_ZN7Walaber8CallbackD2Ev	Walaber::Callback::~Callback()
Walaber::MemberCallback<WaterConcept::Screen_EditorObjectEditor>	0	0	1	0x4d08d0	_ZN7Walaber14MemberCallbackIN12WaterConcept25Screen_EditorObjectEditorEED0Ev	Walaber::MemberCallback<WaterConcept::Screen_EditorObjectEditor>::~MemberCallback()
Walaber::MemberCallback<WaterConcept::Screen_EditorObjectEditor>	0	0	2	0x4d08d4	_ZN7Walaber14MemberCallbackIN12WaterConcept25Screen_EditorObjectEditorEE6invokeEPv	Walaber::MemberCallback<WaterConcept::Screen_EditorObjectEditor>::invoke(void*)
Walaber::MemberCallback<WaterConcept::Screen_FoodPyramid>	0	0	0	0x2c2858	_ZN7Walaber8CallbackD2Ev	Walaber::Callback::~Callback()
Walaber::MemberCallback<WaterConcept::Screen_FoodPyramid>	0	0	1	0x4d8694	_ZN7Walaber14MemberCallbackIN12WaterConcept18Screen_FoodPyramidEED0Ev	Walaber::MemberCallback<WaterConcept::Screen_FoodPyramid>::~MemberCallback()
Walaber::MemberCallback<WaterConcept::Screen_FoodPyramid>	0	0	2	0x4d8698	_ZN7Walaber14MemberCallbackIN12WaterConcept18Screen_FoodPyramidEE6invokeEPv	Walaber::MemberCallback<WaterConcept::Screen_FoodPyramid>::invoke(void*)
Walaber::MemberCallback<WaterConcept::Screen_FullScreenAlert>	0	0	0	0x2c2858	_ZN7Walaber8CallbackD2Ev	Walaber::Callback::~Callback()
Walaber::MemberCallback<WaterConcept::Screen_FullScreenAlert>	0	0	1	0x4da290	_ZN7Walaber14MemberCallbackIN12WaterConcept22Screen_FullScreenAlertEED0Ev	Walaber::MemberCallback<WaterConcept::Screen_FullScreenAlert>::~MemberCallback()
Walaber::MemberCallback<WaterConcept::Screen_FullScreenAlert>	0	0	2	0x4da294	_ZN7Walaber14MemberCallbackIN12WaterConcept22Screen_FullScreenAlertEE6invokeEPv	Walaber::MemberCallback<WaterConcept::Screen_FullScreenAlert>::invoke(void*)
Walaber::MemberCallback<WaterConcept::Screen_GameTransition>	0	0	0	0x2c2858	_ZN7Walaber8CallbackD2Ev	Walaber::Callback::~Callback()
Walaber::MemberCallback<WaterConcept::Screen_GameTransition>	0	0	1	0x4daca8	_ZN7Walaber14MemberCallbackIN12WaterConcept21Screen_GameTransitionEED0Ev	Walaber::MemberCallback<WaterConcept::Screen_GameTransition>::~MemberCallback()
Walaber::MemberCallback<WaterConcept::Screen_GameTransition>	0	0	2	0x4dacac	_ZN7Walaber14MemberCallbackIN12WaterConcept21Screen_GameTransitionEE6invokeEPv	Walaber::MemberCallback<WaterConcept::Screen_GameTransition>::invoke(void*)
Walaber::MemberCallback<WaterConcept::Screen_Hub>	0	0	0	0x2c2858	_ZN7Walaber8CallbackD2Ev	Walaber::Callback::~Callback()
Walaber::MemberCallback<WaterConcept::Screen_Hub>	0	0	1	0x4e4220	_ZN7Walaber14MemberCallbackIN12WaterConcept10Screen_HubEED0Ev	Walaber::MemberCallback<WaterConcept::Screen_Hub>::~MemberCallback()
Walaber::MemberCallback<WaterConcept::Screen_Hub>	0	0	2	0x4e4224	_ZN7Walaber14MemberCallbackIN12WaterConcept10Screen_HubEE6invokeEPv	Walaber::MemberCallback<WaterConcept::Screen_Hub>::invoke(void*)
Walaber::MemberCallback<WaterConcept::Screen_InAppPurchase>	0	0	0	0x2c2858	_ZN7Walaber8CallbackD2Ev	Walaber::Callback::~Callback()
Walaber::MemberCallback<WaterConcept::Screen_InAppPurchase>	0	0	1	0x4ec8fc	_ZN7Walaber14MemberCallbackIN12WaterConcept20Screen_InAppPurchaseEED0Ev	Walaber::MemberCallback<WaterConcept::Screen_InAppPurchase>::~MemberCallback()
Walaber::MemberCallback<WaterConcept::Screen_InAppPurchase>	0	0	2	0x4ec900	_ZN7Walaber14MemberCallbackIN12WaterConcept20Screen_InAppPurchaseEE6invokeEPv	Walaber::MemberCallback<WaterConcept::Screen_InAppPurchase>::invoke(void*)
Walaber::MemberCallback<WaterConcept::Screen_Languages>	0	0	0	0x2c2858	_ZN7Walaber8CallbackD2Ev	Walaber::Callback::~Callback()
Walaber::MemberCallback<WaterConcept::Screen_Languages>	0	0	1	0x4ee3b0	_ZN7Walaber14MemberCallbackIN12WaterConcept16Screen_LanguagesEED0Ev	Walaber::MemberCallback<WaterConcept::Screen_Languages>::~MemberCallback()
Walaber::MemberCallback<WaterConcept::Screen_Languages>	0	0	2	0x4ee3b4	_ZN7Walaber14MemberCallbackIN12WaterConcept16Screen_LanguagesEE6invokeEPv	Walaber::MemberCallback<WaterConcept::Screen_Languages>::invoke(void*)
Walaber::MemberCallback<WaterConcept::Screen_LevelSelect>	0	0	0	0x2c2858	_ZN7Walaber8CallbackD2Ev	Walaber::Callback::~Callback()
Walaber::MemberCallback<WaterConcept::Screen_LevelSelect>	0	0	1	0x4fe7a0	_ZN7Walaber14MemberCallbackIN12WaterConcept18Screen_LevelSelectEED0Ev	Walaber::MemberCallback<WaterConcept::Screen_LevelSelect>::~MemberCallback()
Walaber::MemberCallback<WaterConcept::Screen_LevelSelect>	0	0	2	0x4fe7a4	_ZN7Walaber14MemberCallbackIN12WaterConcept18Screen_LevelSelectEE6invokeEPv	Walaber::MemberCallback<WaterConcept::Screen_LevelSelect>::invoke(void*)
Walaber::MemberCallback<WaterConcept::Screen_Loading>	0	0	0	0x2c2858	_ZN7Walaber8CallbackD2Ev	Walaber::Callback::~Callback()
Walaber::MemberCallback<WaterConcept::Screen_Loading>	0	0	1	0x506c18	_ZN7Walaber14MemberCallbackIN12WaterConcept14Screen_LoadingEED0Ev	Walaber::MemberCallback<WaterConcept::Screen_Loading>::~MemberCallback()
Walaber::MemberCallback<WaterConcept::Screen_Loading>	0	0	2	0x506c1c	_ZN7Walaber14MemberCallbackIN12WaterConcept14Screen_LoadingEE6invokeEPv	Walaber::MemberCallback<WaterConcept::Screen_Loading>::invoke(void*)
Walaber::MemberCallback<WaterConcept::Screen_MainMenu>	0	0	0	0x2c2858	_ZN7Walaber8CallbackD2Ev	Walaber::Callback::~Callback()
Walaber::MemberCallback<WaterConcept::Screen_MainMenu>	0	0	1	0x516cb0	_ZN7Walaber14MemberCallbackIN12WaterConcept15Screen_MainMenuEED0Ev	Walaber::MemberCallback<WaterConcept::Screen_MainMenu>::~MemberCallback()
Walaber::MemberCallback<WaterConcept::Screen_MainMenu>	0	0	2	0x516cb4	_ZN7Walaber14MemberCallbackIN12WaterConcept15Screen_MainMenuEE6invokeEPv	Walaber::MemberCallback<WaterConcept::Screen_MainMenu>::invoke(void*)
Walaber::MemberCallback<WaterConcept::Screen_MainMenu_v2>	0	0	0	0x2c2858	_ZN7Walaber8CallbackD2Ev	Walaber::Callback::~Callback()
Walaber::MemberCallback<WaterConcept::Screen_MainMenu_v2>	0	0	1	0x52fd74	_ZN7Walaber14MemberCallbackIN12WaterConcept18Screen_MainMenu_v2EED0Ev	Walaber::MemberCallback<WaterConcept::Screen_MainMenu_v2>::~MemberCallback()
Walaber::MemberCallback<WaterConcept::Screen_MainMenu_v2>	0	0	2	0x52fd78	_ZN7Walaber14MemberCallbackIN12WaterConcept18Screen_MainMenu_v2EE6invokeEPv	Walaber::MemberCallback<WaterConcept::Screen_MainMenu_v2>::invoke(void*)
Walaber::MemberCallback<WaterConcept::Screen_MenuOverlay>	0	0	0	0x2c2858	_ZN7Walaber8CallbackD2Ev	Walaber::Callback::~Callback()
Walaber::MemberCallback<WaterConcept::Screen_MenuOverlay>	0	0	1	0x532dfc	_ZN7Walaber14MemberCallbackIN12WaterConcept18Screen_MenuOverlayEED0Ev	Walaber::MemberCallback<WaterConcept::Screen_MenuOverlay>::~MemberCallback()
Walaber::MemberCallback<WaterConcept::Screen_MenuOverlay>	0	0	2	0x532e00	_ZN7Walaber14MemberCallbackIN12WaterConcept18Screen_MenuOverlayEE6invokeEPv	Walaber::MemberCallback<WaterConcept::Screen_MenuOverlay>::invoke(void*)
Walaber::MemberCallback<WaterConcept::Screen_MusicCollection>	0	0	0	0x2c2858	_ZN7Walaber8CallbackD2Ev	Walaber::Callback::~Callback()
Walaber::MemberCallback<WaterConcept::Screen_MusicCollection>	0	0	1	0x538870	_ZN7Walaber14MemberCallbackIN12WaterConcept22Screen_MusicCollectionEED0Ev	Walaber::MemberCallback<WaterConcept::Screen_MusicCollection>::~MemberCallback()
Walaber::MemberCallback<WaterConcept::Screen_MusicCollection>	0	0	2	0x538874	_ZN7Walaber14MemberCallbackIN12WaterConcept22Screen_MusicCollectionEE6invokeEPv	Walaber::MemberCallback<WaterConcept::Screen_MusicCollection>::invoke(void*)
Walaber::MemberCallback<WaterConcept::Screen_MysteryShow>	0	0	0	0x2c2858	_ZN7Walaber8CallbackD2Ev	Walaber::Callback::~Callback()
Walaber::MemberCallback<WaterConcept::Screen_MysteryShow>	0	0	1	0x53b3a0	_ZN7Walaber14MemberCallbackIN12WaterConcept18Screen_MysteryShowEED0Ev	Walaber::MemberCallback<WaterConcept::Screen_MysteryShow>::~MemberCallback()
Walaber::MemberCallback<WaterConcept::Screen_MysteryShow>	0	0	2	0x53b3a4	_ZN7Walaber14MemberCallbackIN12WaterConcept18Screen_MysteryShowEE6invokeEPv	Walaber::MemberCallback<WaterConcept::Screen_MysteryShow>::invoke(void*)
Walaber::MemberCallback<WaterConcept::Screen_NoteChallenges>	0	0	0	0x2c2858	_ZN7Walaber8CallbackD2Ev	Walaber::Callback::~Callback()
Walaber::MemberCallback<WaterConcept::Screen_NoteChallenges>	0	0	1	0x540e6c	_ZN7Walaber14MemberCallbackIN12WaterConcept21Screen_NoteChallengesEED0Ev	Walaber::MemberCallback<WaterConcept::Screen_NoteChallenges>::~MemberCallback()
Walaber::MemberCallback<WaterConcept::Screen_NoteChallenges>	0	0	2	0x540e70	_ZN7Walaber14MemberCallbackIN12WaterConcept21Screen_NoteChallengesEE6invokeEPv	Walaber::MemberCallback<WaterConcept::Screen_NoteChallenges>::invoke(void*)
Walaber::MemberCallback<WaterConcept::Screen_PerformanceTest>	0	0	0	0x2c2858	_ZN7Walaber8CallbackD2Ev	Walaber::Callback::~Callback()
Walaber::MemberCallback<WaterConcept::Screen_PerformanceTest>	0	0	1	0x542bb0	_ZN7Walaber14MemberCallbackIN12WaterConcept22Screen_PerformanceTestEED0Ev	Walaber::MemberCallback<WaterConcept::Screen_PerformanceTest>::~MemberCallback()
Walaber::MemberCallback<WaterConcept::Screen_PerformanceTest>	0	0	2	0x542bb4	_ZN7Walaber14MemberCallbackIN12WaterConcept22Screen_PerformanceTestEE6invokeEPv	Walaber::MemberCallback<WaterConcept::Screen_PerformanceTest>::invoke(void*)
Walaber::MemberCallback<WaterConcept::Screen_PerryDemo>	0	0	0	0x2c2858	_ZN7Walaber8CallbackD2Ev	Walaber::Callback::~Callback()
Walaber::MemberCallback<WaterConcept::Screen_PerryDemo>	0	0	1	0x54478c	_ZN7Walaber14MemberCallbackIN12WaterConcept16Screen_PerryDemoEED0Ev	Walaber::MemberCallback<WaterConcept::Screen_PerryDemo>::~MemberCallback()
Walaber::MemberCallback<WaterConcept::Screen_PerryDemo>	0	0	2	0x544790	_ZN7Walaber14MemberCallbackIN12WaterConcept16Screen_PerryDemoEE6invokeEPv	Walaber::MemberCallback<WaterConcept::Screen_PerryDemo>::invoke(void*)
Walaber::MemberCallback<WaterConcept::Screen_Popup>	0	0	0	0x2c2858	_ZN7Walaber8CallbackD2Ev	Walaber::Callback::~Callback()
Walaber::MemberCallback<WaterConcept::Screen_Popup>	0	0	1	0x55aee4	_ZN7Walaber14MemberCallbackIN12WaterConcept12Screen_PopupEED0Ev	Walaber::MemberCallback<WaterConcept::Screen_Popup>::~MemberCallback()
Walaber::MemberCallback<WaterConcept::Screen_Popup>	0	0	2	0x55aee8	_ZN7Walaber14MemberCallbackIN12WaterConcept12Screen_PopupEE6invokeEPv	Walaber::MemberCallback<WaterConcept::Screen_Popup>::invoke(void*)
Walaber::MemberCallback<WaterConcept::Screen_Processing>	0	0	0	0x2c2858	_ZN7Walaber8CallbackD2Ev	Walaber::Callback::~Callback()
Walaber::MemberCallback<WaterConcept::Screen_Processing>	0	0	1	0x55bf54	_ZN7Walaber14MemberCallbackIN12WaterConcept17Screen_ProcessingEED0Ev	Walaber::MemberCallback<WaterConcept::Screen_Processing>::~MemberCallback()
Walaber::MemberCallback<WaterConcept::Screen_Processing>	0	0	2	0x55bf58	_ZN7Walaber14MemberCallbackIN12WaterConcept17Screen_ProcessingEE6invokeEPv	Walaber::MemberCallback<WaterConcept::Screen_Processing>::invoke(void*)
Walaber::MemberCallback<WaterConcept::Screen_PuppetShow>	0	0	0	0x2c2858	_ZN7Walaber8CallbackD2Ev	Walaber::Callback::~Callback()
Walaber::MemberCallback<WaterConcept::Screen_PuppetShow>	0	0	1	0x55d4e8	_ZN7Walaber14MemberCallbackIN12WaterConcept17Screen_PuppetShowEED0Ev	Walaber::MemberCallback<WaterConcept::Screen_PuppetShow>::~MemberCallback()
Walaber::MemberCallback<WaterConcept::Screen_PuppetShow>	0	0	2	0x55d4ec	_ZN7Walaber14MemberCallbackIN12WaterConcept17Screen_PuppetShowEE6invokeEPv	Walaber::MemberCallback<WaterConcept::Screen_PuppetShow>::invoke(void*)
Walaber::MemberCallback<WaterConcept::Screen_Settings>	0	0	0	0x2c2858	_ZN7Walaber8CallbackD2Ev	Walaber::Callback::~Callback()
Walaber::MemberCallback<WaterConcept::Screen_Settings>	0	0	1	0x561030	_ZN7Walaber14MemberCallbackIN12WaterConcept15Screen_SettingsEED0Ev	Walaber::MemberCallback<WaterConcept::Screen_Settings>::~MemberCallback()
Walaber::MemberCallback<WaterConcept::Screen_Settings>	0	0	2	0x561034	_ZN7Walaber14MemberCallbackIN12WaterConcept15Screen_SettingsEE6invokeEPv	Walaber::MemberCallback<WaterConcept::Screen_Settings>::invoke(void*)
Walaber::MemberCallback<WaterConcept::Screen_SettingsProfile>	0	0	0	0x2c2858	_ZN7Walaber8CallbackD2Ev	Walaber::Callback::~Callback()
Walaber::MemberCallback<WaterConcept::Screen_SettingsProfile>	0	0	1	0x5630d8	_ZN7Walaber14MemberCallbackIN12WaterConcept22Screen_SettingsProfileEED0Ev	Walaber::MemberCallback<WaterConcept::Screen_SettingsProfile>::~MemberCallback()
Walaber::MemberCallback<WaterConcept::Screen_SettingsProfile>	0	0	2	0x5630dc	_ZN7Walaber14MemberCallbackIN12WaterConcept22Screen_SettingsProfileEE6invokeEPv	Walaber::MemberCallback<WaterConcept::Screen_SettingsProfile>::invoke(void*)
Walaber::MemberCallback<WaterConcept::Screen_SettingsReset>	0	0	0	0x2c2858	_ZN7Walaber8CallbackD2Ev	Walaber::Callback::~Callback()
Walaber::MemberCallback<WaterConcept::Screen_SettingsReset>	0	0	1	0x5654bc	_ZN7Walaber14MemberCallbackIN12WaterConcept20Screen_SettingsResetEED0Ev	Walaber::MemberCallback<WaterConcept::Screen_SettingsReset>::~MemberCallback()
Walaber::MemberCallback<WaterConcept::Screen_SettingsReset>	0	0	2	0x5654c0	_ZN7Walaber14MemberCallbackIN12WaterConcept20Screen_SettingsResetEE6invokeEPv	Walaber::MemberCallback<WaterConcept::Screen_SettingsReset>::invoke(void*)
Walaber::MemberCallback<WaterConcept::Screen_Sunset>	0	0	0	0x2c2858	_ZN7Walaber8CallbackD2Ev	Walaber::Callback::~Callback()
Walaber::MemberCallback<WaterConcept::Screen_Sunset>	0	0	1	0x566c6c	_ZN7Walaber14MemberCallbackIN12WaterConcept13Screen_SunsetEED0Ev	Walaber::MemberCallback<WaterConcept::Screen_Sunset>::~MemberCallback()
Walaber::MemberCallback<WaterConcept::Screen_Sunset>	0	0	2	0x566c70	_ZN7Walaber14MemberCallbackIN12WaterConcept13Screen_SunsetEE6invokeEPv	Walaber::MemberCallback<WaterConcept::Screen_Sunset>::invoke(void*)
Walaber::MemberCallback<WaterConcept::Screen_Upsell>	0	0	0	0x2c2858	_ZN7Walaber8CallbackD2Ev	Walaber::Callback::~Callback()
Walaber::MemberCallback<WaterConcept::Screen_Upsell>	0	0	1	0x568568	_ZN7Walaber14MemberCallbackIN12WaterConcept13Screen_UpsellEED0Ev	Walaber::MemberCallback<WaterConcept::Screen_Upsell>::~MemberCallback()
Walaber::MemberCallback<WaterConcept::Screen_Upsell>	0	0	2	0x56856c	_ZN7Walaber14MemberCallbackIN12WaterConcept13Screen_UpsellEE6invokeEPv	Walaber::MemberCallback<WaterConcept::Screen_Upsell>::invoke(void*)
Walaber::MemberCallback<WaterConcept::Screen_UpsellWater2>	0	0	0	0x2c2858	_ZN7Walaber8CallbackD2Ev	Walaber::Callback::~Callback()
Walaber::MemberCallback<WaterConcept::Screen_UpsellWater2>	0	0	1	0x56a2a8	_ZN7Walaber14MemberCallbackIN12WaterConcept19Screen_UpsellWater2EED0Ev	Walaber::MemberCallback<WaterConcept::Screen_UpsellWater2>::~MemberCallback()
Walaber::MemberCallback<WaterConcept::Screen_UpsellWater2>	0	0	2	0x56a2ac	_ZN7Walaber14MemberCallbackIN12WaterConcept19Screen_UpsellWater2EE6invokeEPv	Walaber::MemberCallback<WaterConcept::Screen_UpsellWater2>::invoke(void*)
Walaber::MemberCallback<WaterConcept::Screen_WaterTest>	0	0	0	0x2c2858	_ZN7Walaber8CallbackD2Ev	Walaber::Callback::~Callback()
Walaber::MemberCallback<WaterConcept::Screen_WaterTest>	0	0	1	0x58a618	_ZN7Walaber14MemberCallbackIN12WaterConcept16Screen_WaterTestEED0Ev	Walaber::MemberCallback<WaterConcept::Screen_WaterTest>::~MemberCallback()
Walaber::MemberCallback<WaterConcept::Screen_WaterTest>	0	0	2	0x58a61c	_ZN7Walaber14MemberCallbackIN12WaterConcept16Screen_WaterTestEE6invokeEPv	Walaber::MemberCallback<WaterConcept::Screen_WaterTest>::invoke(void*)
Walaber::MemberCallback<WaterConcept::Screen_WorldSelect>	0	0	0	0x2c2858	_ZN7Walaber8CallbackD2Ev	Walaber::Callback::~Callback()
Walaber::MemberCallback<WaterConcept::Screen_WorldSelect>	0	0	1	0x5a2a88	_ZN7Walaber14MemberCallbackIN12WaterConcept18Screen_WorldSelectEED0Ev	Walaber::MemberCallback<WaterConcept::Screen_WorldSelect>::~MemberCallback()
Walaber::MemberCallback<WaterConcept::Screen_WorldSelect>	0	0	2	0x5a2a8c	_ZN7Walaber14MemberCallbackIN12WaterConcept18Screen_WorldSelectEE6invokeEPv	Walaber::MemberCallback<WaterConcept::Screen_WorldSelect>::invoke(void*)
Walaber::MemberCallback<WaterConcept::StarSeed>	0	0	0	0x2c2858	_ZN7Walaber8CallbackD2Ev	Walaber::Callback::~Callback()
Walaber::MemberCallback<WaterConcept::StarSeed>	0	0	1	0x4948dc	_ZN7Walaber14MemberCallbackIN12WaterConcept8StarSeedEED0Ev	Walaber::MemberCallback<WaterConcept::StarSeed>::~MemberCallback()
Walaber::MemberCallback<WaterConcept::StarSeed>	0	0	2	0x4948e0	_ZN7Walaber14MemberCallbackIN12WaterConcept8StarSeedEE6invokeEPv	Walaber::MemberCallback<WaterConcept::StarSeed>::invoke(void*)
Walaber::MemberCallback<WaterConcept::Switch>	0	0	0	0x2c2858	_ZN7Walaber8CallbackD2Ev	Walaber::Callback::~Callback()
Walaber::MemberCallback<WaterConcept::Switch>	0	0	1	0x495e50	_ZN7Walaber14MemberCallbackIN12WaterConcept6SwitchEED0Ev	Walaber::MemberCallback<WaterConcept::Switch>::~MemberCallback()
Walaber::MemberCallback<WaterConcept::Switch>	0	0	2	0x495e54	_ZN7Walaber14MemberCallbackIN12WaterConcept6SwitchEE6invokeEPv	Walaber::MemberCallback<WaterConcept::Switch>::invoke(void*)
Walaber::MemberCallback<WaterConcept::World>	0	0	0	0x2c2858	_ZN7Walaber8CallbackD2Ev	Walaber::Callback::~Callback()
Walaber::MemberCallback<WaterConcept::World>	0	0	1	0x46c730	_ZN7Walaber14MemberCallbackIN12WaterConcept5WorldEED0Ev	Walaber::MemberCallback<WaterConcept::World>::~MemberCallback()
Walaber::MemberCallback<WaterConcept::World>	0	0	2	0x46c734	_ZN7Walaber14MemberCallbackIN12WaterConcept5WorldEE6invokeEPv	Walaber::MemberCallback<WaterConcept::World>::invoke(void*)
Walaber::MemberCallback<ndk::DatabaseCallbackClass>	0	0	0	0x2c2858	_ZN7Walaber8CallbackD2Ev	Walaber::Callback::~Callback()
Walaber::MemberCallback<ndk::DatabaseCallbackClass>	0	0	1	0x2c3018	_ZN7Walaber14MemberCallbackIN3ndk21DatabaseCallbackClassEED0Ev	Walaber::MemberCallback<ndk::DatabaseCallbackClass>::~MemberCallback()
Walaber::MemberCallback<ndk::DatabaseCallbackClass>	0	0	2	0x2c301c	_ZN7Walaber14MemberCallbackIN3ndk21DatabaseCallbackClassEE6invokeEPv	Walaber::MemberCallback<ndk::DatabaseCallbackClass>::invoke(void*)
Walaber::Message	0	0	0	0x2b52d0	_ZN7Walaber7MessageD2Ev	Walaber::Message::~Message()
Walaber::Message	0	0	1	0x2c22dc	_ZN7Walaber7MessageD0Ev	Walaber::Message::~Message()
Walaber::MessageReceiver	0	0	0	0x3e8580	_ZN7Walaber15MessageReceiverD1Ev	Walaber::MessageReceiver::~MessageReceiver()
Walaber::MessageReceiver	0	0	1	0x3e86c0	_ZN7Walaber15MessageReceiverD0Ev	Walaber::MessageReceiver::~MessageReceiver()
Walaber::MessageReceiver	0	0	2	0x3e87e8	_ZN7Walaber15MessageReceiver9messageRxERKNS_7MessageE	Walaber::MessageReceiver::messageRx(Walaber::Message const&)
Walaber::Message_AchievementUnlocked	0	0	0	0x2b52d0	_ZN7Walaber7MessageD2Ev	Walaber::Message::~Message()
Walaber::Message_AchievementUnlocked	0	0	1	0x330d64	_ZN7Walaber27Message_AchievementUnlockedD0Ev	Walaber::Message_AchievementUnlocked::~Message_AchievementUnlocked()
Walaber::Node	0	0	0	0x3ea868	_ZN7Walaber4NodeD2Ev	Walaber::Node::~Node()
Walaber::Node	0	0	1	0x3ea86c	_ZN7Walaber4NodeD0Ev	Walaber::Node::~Node()
Walaber::Node	0	0	2	0x3ea870	_ZN7Walaber4Node16setLocalPositionERKNS_7Vector2E	Walaber::Node::setLocalPosition(Walaber::Vector2 const&)
Walaber::Node	0	0	3	0x3ea8bc	_ZN7Walaber4Node13setLocalScaleERKNS_7Vector2E	Walaber::Node::setLocalScale(Walaber::Vector2 const&)
Walaber::Node	0	0	4	0x3ea940	_ZN7Walaber4Node13setLocalAngleERKf	Walaber::Node::setLocalAngle(float const&)
Walaber::Node	0	0	5	0x3ea9c4	_ZN7Walaber4Node19applyPositionOffsetERKNS_7Vector2E	Walaber::Node::applyPositionOffset(Walaber::Vector2 const&)
Walaber::Node	0	0	6	0x3ea9dc	_ZN7Walaber4Node16applyScaleOffsetERKNS_7Vector2E	Walaber::Node::applyScaleOffset(Walaber::Vector2 const&)
Walaber::Node	0	0	7	0x3eaa2c	_ZN7Walaber4Node16applyAngleOffsetERKf	Walaber::Node::applyAngleOffset(float const&)
Walaber::PCSNode	0	0	0	0x3eb04c	_ZN7Walaber7PCSNodeD2Ev	Walaber::PCSNode::~PCSNode()
Walaber::PCSNode	0	0	1	0x3eb050	_ZN7Walaber7PCSNodeD0Ev	Walaber::PCSNode::~PCSNode()
Walaber::ParticleEmitter	0	0	0	0x3907f0	_ZN7Walaber15ParticleEmitterD1Ev	Walaber::ParticleEmitter::~ParticleEmitter()
Walaber::ParticleEmitter	0	0	1	0x3908e4	_ZN7Walaber15ParticleEmitterD0Ev	Walaber::ParticleEmitter::~ParticleEmitter()
Walaber::ParticleEmitter	0	0	2	0x3ea870	_ZN7Walaber4Node16setLocalPositionERKNS_7Vector2E	Walaber::Node::setLocalPosition(Walaber::Vector2 const&)
Walaber::ParticleEmitter	0	0	3	0x3ea8bc	_ZN7Walaber4Node13setLocalScaleERKNS_7Vector2E	Walaber::Node::setLocalScale(Walaber::Vector2 const&)
Walaber::ParticleEmitter	0	0	4	0x3ea940	_ZN7Walaber4Node13setLocalAngleERKf	Walaber::Node::setLocalAngle(float const&)
Walaber::ParticleEmitter	0	0	5	0x3ea9c4	_ZN7Walaber4Node19applyPositionOffsetERKNS_7Vector2E	Walaber::Node::applyPositionOffset(Walaber::Vector2 const&)
Walaber::ParticleEmitter	0	0	6	0x3ea9dc	_ZN7Walaber4Node16applyScaleOffsetERKNS_7Vector2E	Walaber::Node::applyScaleOffset(Walaber::Vector2 const&)
Walaber::ParticleEmitter	0	0	7	0x3eaa2c	_ZN7Walaber4Node16applyAngleOffsetERKf	Walaber::Node::applyAngleOffset(float const&)
Walaber::ProgrammaticTexture2D	0	0	0	0x3959b8	_ZN7Walaber21ProgrammaticTexture2DD2Ev	Walaber::ProgrammaticTexture2D::~ProgrammaticTexture2D()
Walaber::ProgrammaticTexture2D	0	0	1	0x395a2c	_ZN7Walaber21ProgrammaticTexture2DD0Ev	Walaber::ProgrammaticTexture2D::~ProgrammaticTexture2D()
Walaber::ProgrammaticTexture2D	0	0	2	0x395084	_ZN7Walaber21ProgrammaticTexture2D7setDataENS_9SharedPtrINSt6__ndk16vectorINS_5ColorENS2_9allocatorIS4_EEEEEE	Walaber::ProgrammaticTexture2D::setData(Walaber::SharedPtr<std::__ndk1::vector<Walaber::Color, std::__ndk1::allocator<Walaber::Color>>>)
Walaber::ProgrammaticTexture2D	0	0	3	0x395250	_ZN7Walaber21ProgrammaticTexture2D7setDataENS_9SharedPtrINSt6__ndk16vectorINS_5ColorENS2_9allocatorIS4_EEEEEEiiiiiii	Walaber::ProgrammaticTexture2D::setData(Walaber::SharedPtr<std::__ndk1::vector<Walaber::Color, std::__ndk1::allocator<Walaber::Color>>>, int, int, int, int, int, int, int)
Walaber::ProgrammaticTexture2D	0	0	4	0x395a50	_ZN7Walaber7Texture11writeToFileENSt6__ndk112basic_stringIcNS1_11char_traitsIcEENS1_9allocatorIcEEEE	Walaber::Texture::writeToFile(std::__ndk1::basic_string<char, std::__ndk1::char_traits<char>, std::__ndk1::allocator<char>>)
Walaber::ProgrammaticTexture2D	0	0	5	0x3952dc	_ZN7Walaber21ProgrammaticTexture2D6reloadENS_9SharedPtrINS_8CallbackEEENS_11FileManager14PlatformPolicyE	Walaber::ProgrammaticTexture2D::reload(Walaber::SharedPtr<Walaber::Callback>, Walaber::FileManager::PlatformPolicy)
Walaber::ProgrammaticTexture2D	0	0	6	0x395a54	_ZN7Walaber21ProgrammaticTexture2D10invalidateEv	Walaber::ProgrammaticTexture2D::invalidate()
Walaber::ProgrammaticTexture2D	0	0	7	0x395a60	_ZN7Walaber21ProgrammaticTexture2D10clearGlMemEv	Walaber::ProgrammaticTexture2D::clearGlMem()
Walaber::ProgrammaticTexture2D	0	0	8	0x395a7c	_ZN7Walaber7Texture8_getDataENS_9SharedPtrINS_8CallbackEEE	Walaber::Texture::_getData(Walaber::SharedPtr<Walaber::Callback>)
Walaber::ProgrammaticTexture2D	0	0	9	0x395268	_ZN7Walaber21ProgrammaticTexture2D14_applySettingsEv	Walaber::ProgrammaticTexture2D::_applySettings()
Walaber::RenderTexture2D	0	0	0	0x396c60	_ZN7Walaber15RenderTexture2DD2Ev	Walaber::RenderTexture2D::~RenderTexture2D()
Walaber::RenderTexture2D	0	0	1	0x396d00	_ZN7Walaber15RenderTexture2DD0Ev	Walaber::RenderTexture2D::~RenderTexture2D()
Walaber::RenderTexture2D	0	0	2	0x395cec	_ZN7Walaber7Texture7setDataENS_9SharedPtrINSt6__ndk16vectorINS_5ColorENS2_9allocatorIS4_EEEEEE	Walaber::Texture::setData(Walaber::SharedPtr<std::__ndk1::vector<Walaber::Color, std::__ndk1::allocator<Walaber::Color>>>)
Walaber::RenderTexture2D	0	0	3	0x395cf0	_ZN7Walaber7Texture7setDataENS_9SharedPtrINSt6__ndk16vectorINS_5ColorENS2_9allocatorIS4_EEEEEEiiiiiii	Walaber::Texture::setData(Walaber::SharedPtr<std::__ndk1::vector<Walaber::Color, std::__ndk1::allocator<Walaber::Color>>>, int, int, int, int, int, int, int)
Walaber::RenderTexture2D	0	0	4	0x395a50	_ZN7Walaber7Texture11writeToFileENSt6__ndk112basic_stringIcNS1_11char_traitsIcEENS1_9allocatorIcEEEE	Walaber::Texture::writeToFile(std::__ndk1::basic_string<char, std::__ndk1::char_traits<char>, std::__ndk1::allocator<char>>)
Walaber::RenderTexture2D	0	0	5	0x395cf4	_ZN7Walaber7Texture6reloadENS_9SharedPtrINS_8CallbackEEENS_11FileManager14PlatformPolicyE	Walaber::Texture::reload(Walaber::SharedPtr<Walaber::Callback>, Walaber::FileManager::PlatformPolicy)
Walaber::RenderTexture2D	0	0	6	0x396d24	_ZN7Walaber15RenderTexture2D10invalidateEv	Walaber::RenderTexture2D::invalidate()
Walaber::RenderTexture2D	0	0	7	0x396d34	_ZN7Walaber15RenderTexture2D10clearGlMemEv	Walaber::RenderTexture2D::clearGlMem()
Walaber::RenderTexture2D	0	0	8	0x395a7c	_ZN7Walaber7Texture8_getDataENS_9SharedPtrINS_8CallbackEEE	Walaber::Texture::_getData(Walaber::SharedPtr<Walaber::Callback>)
Walaber::RenderTexture2D	0	0	9	0x396454	_ZN7Walaber15RenderTexture2D14_applySettingsEv	Walaber::RenderTexture2D::_applySettings()
Walaber::Skeleton	0	0	0	0x33aecc	_ZN7Walaber8SkeletonD2Ev	Walaber::Skeleton::~Skeleton()
Walaber::Skeleton	0	0	1	0x33b0c0	_ZN7Walaber8SkeletonD0Ev	Walaber::Skeleton::~Skeleton()
Walaber::Skeleton	0	0	2	0x3ea870	_ZN7Walaber4Node16setLocalPositionERKNS_7Vector2E	Walaber::Node::setLocalPosition(Walaber::Vector2 const&)
Walaber::Skeleton	0	0	3	0x3ea8bc	_ZN7Walaber4Node13setLocalScaleERKNS_7Vector2E	Walaber::Node::setLocalScale(Walaber::Vector2 const&)
Walaber::Skeleton	0	0	4	0x3ea940	_ZN7Walaber4Node13setLocalAngleERKf	Walaber::Node::setLocalAngle(float const&)
Walaber::Skeleton	0	0	5	0x3ea9c4	_ZN7Walaber4Node19applyPositionOffsetERKNS_7Vector2E	Walaber::Node::applyPositionOffset(Walaber::Vector2 const&)
Walaber::Skeleton	0	0	6	0x3ea9dc	_ZN7Walaber4Node16applyScaleOffsetERKNS_7Vector2E	Walaber::Node::applyScaleOffset(Walaber::Vector2 const&)
Walaber::Skeleton	0	0	7	0x3eaa2c	_ZN7Walaber4Node16applyAngleOffsetERKf	Walaber::Node::applyAngleOffset(float const&)
Walaber::Skeleton	0	0	8	0x33c44c	_ZN7Walaber8Skeleton8setLayerEi	Walaber::Skeleton::setLayer(int)
Walaber::Skeleton	0	0	9	0x33c594	_ZN7Walaber8Skeleton4drawEPNS_11SpriteBatchE	Walaber::Skeleton::draw(Walaber::SpriteBatch*)
Walaber::SkeletonActor::AnimationActionData	0	0	0	0x348130	_ZN7Walaber13SkeletonActor19AnimationActionDataD2Ev	Walaber::SkeletonActor::AnimationActionData::~AnimationActionData()
Walaber::SkeletonActor::AnimationActionData	0	0	1	0x348154	_ZN7Walaber13SkeletonActor19AnimationActionDataD0Ev	Walaber::SkeletonActor::AnimationActionData::~AnimationActionData()
Walaber::SkeletonActor::EmitterActionData	0	0	0	0x348088	_ZN7Walaber13SkeletonActor15EventActionDataD2Ev	Walaber::SkeletonActor::EventActionData::~EventActionData()
Walaber::SkeletonActor::EmitterActionData	0	0	1	0x348194	_ZN7Walaber13SkeletonActor17EmitterActionDataD0Ev	Walaber::SkeletonActor::EmitterActionData::~EmitterActionData()
Walaber::SkeletonActor::PropActionData	0	0	0	0x34808c	_ZN7Walaber13SkeletonActor14PropActionDataD2Ev	Walaber::SkeletonActor::PropActionData::~PropActionData()
Walaber::SkeletonActor::PropActionData	0	0	1	0x3480e0	_ZN7Walaber13SkeletonActor14PropActionDataD0Ev	Walaber::SkeletonActor::PropActionData::~PropActionData()
Walaber::SkeletonActor::SoundActionData	0	0	0	0x348024	_ZN7Walaber13SkeletonActor15SoundActionDataD2Ev	Walaber::SkeletonActor::SoundActionData::~SoundActionData()
Walaber::SkeletonActor::SoundActionData	0	0	1	0x348048	_ZN7Walaber13SkeletonActor15SoundActionDataD0Ev	Walaber::SkeletonActor::SoundActionData::~SoundActionData()
Walaber::SoundEffectInstance	0	0	0	0x34c97c	_ZN7Walaber19SoundEffectInstanceD2Ev	Walaber::SoundEffectInstance::~SoundEffectInstance()
Walaber::SoundEffectInstance	0	0	1	0x34ca64	_ZN7Walaber19SoundEffectInstanceD0Ev	Walaber::SoundEffectInstance::~SoundEffectInstance()
Walaber::Sprite	0	0	0	0x35cc84	_ZN7Walaber6SpriteD2Ev	Walaber::Sprite::~Sprite()
Walaber::Sprite	0	0	1	0x35ccd4	_ZN7Walaber6SpriteD0Ev	Walaber::Sprite::~Sprite()
Walaber::Sprite	0	0	2	0x3ea870	_ZN7Walaber4Node16setLocalPositionERKNS_7Vector2E	Walaber::Node::setLocalPosition(Walaber::Vector2 const&)
Walaber::Sprite	0	0	3	0x3ea8bc	_ZN7Walaber4Node13setLocalScaleERKNS_7Vector2E	Walaber::Node::setLocalScale(Walaber::Vector2 const&)
Walaber::Sprite	0	0	4	0x3ea940	_ZN7Walaber4Node13setLocalAngleERKf	Walaber::Node::setLocalAngle(float const&)
Walaber::Sprite	0	0	5	0x3ea9c4	_ZN7Walaber4Node19applyPositionOffsetERKNS_7Vector2E	Walaber::Node::applyPositionOffset(Walaber::Vector2 const&)
Walaber::Sprite	0	0	6	0x3ea9dc	_ZN7Walaber4Node16applyScaleOffsetERKNS_7Vector2E	Walaber::Node::applyScaleOffset(Walaber::Vector2 const&)
Walaber::Sprite	0	0	7	0x3eaa2c	_ZN7Walaber4Node16applyAngleOffsetERKf	Walaber::Node::applyAngleOffset(float const&)
Walaber::Sprite	0	0	8	0x35cd2c	_ZN7Walaber12DrawableNode8setLayerEi	Walaber::DrawableNode::setLayer(int)
Walaber::Sprite	0	0	9	0x35c7c4	_ZN7Walaber6Sprite4drawEPNS_11SpriteBatchE	Walaber::Sprite::draw(Walaber::SpriteBatch*)
Walaber::Subtexture	0	0	0	0x397138	_ZN7Walaber10SubtextureD2Ev	Walaber::Subtexture::~Subtexture()
Walaber::Subtexture	0	0	1	0x397180	_ZN7Walaber10SubtextureD0Ev	Walaber::Subtexture::~Subtexture()
Walaber::Subtexture	0	0	2	0x3971a4	_ZN7Walaber10Subtexture7setDataENS_9SharedPtrINSt6__ndk16vectorINS_5ColorENS2_9allocatorIS4_EEEEEE	Walaber::Subtexture::setData(Walaber::SharedPtr<std::__ndk1::vector<Walaber::Color, std::__ndk1::allocator<Walaber::Color>>>)
Walaber::Subtexture	0	0	3	0x395cf0	_ZN7Walaber7Texture7setDataENS_9SharedPtrINSt6__ndk16vectorINS_5ColorENS2_9allocatorIS4_EEEEEEiiiiiii	Walaber::Texture::setData(Walaber::SharedPtr<std::__ndk1::vector<Walaber::Color, std::__ndk1::allocator<Walaber::Color>>>, int, int, int, int, int, int, int)
Walaber::Subtexture	0	0	4	0x3971a8	_ZN7Walaber10Subtexture11writeToFileENSt6__ndk112basic_stringIcNS1_11char_traitsIcEENS1_9allocatorIcEEEE	Walaber::Subtexture::writeToFile(std::__ndk1::basic_string<char, std::__ndk1::char_traits<char>, std::__ndk1::allocator<char>>)
Walaber::Subtexture	0	0	5	0x395cf4	_ZN7Walaber7Texture6reloadENS_9SharedPtrINS_8CallbackEEENS_11FileManager14PlatformPolicyE	Walaber::Texture::reload(Walaber::SharedPtr<Walaber::Callback>, Walaber::FileManager::PlatformPolicy)
Walaber::Subtexture	0	0	6	0x395cf8	_ZN7Walaber7Texture10invalidateEv	Walaber::Texture::invalidate()
Walaber::Subtexture	0	0	7	0x395d04	_ZN7Walaber7Texture10clearGlMemEv	Walaber::Texture::clearGlMem()
Walaber::Subtexture	0	0	8	0x395a7c	_ZN7Walaber7Texture8_getDataENS_9SharedPtrINS_8CallbackEEE	Walaber::Texture::_getData(Walaber::SharedPtr<Walaber::Callback>)
Walaber::Subtexture	0	0	9	0x395d08	_ZN7Walaber7Texture14_applySettingsEv	Walaber::Texture::_applySettings()
Walaber::Texture	0	0	0	0x395c70	_ZN7Walaber7TextureD2Ev	Walaber::Texture::~Texture()
Walaber::Texture	0	0	1	0x395cc8	_ZN7Walaber7TextureD0Ev	Walaber::Texture::~Texture()
Walaber::Texture	0	0	2	0x395cec	_ZN7Walaber7Texture7setDataENS_9SharedPtrINSt6__ndk16vectorINS_5ColorENS2_9allocatorIS4_EEEEEE	Walaber::Texture::setData(Walaber::SharedPtr<std::__ndk1::vector<Walaber::Color, std::__ndk1::allocator<Walaber::Color>>>)
Walaber::Texture	0	0	3	0x395cf0	_ZN7Walaber7Texture7setDataENS_9SharedPtrINSt6__ndk16vectorINS_5ColorENS2_9allocatorIS4_EEEEEEiiiiiii	Walaber::Texture::setData(Walaber::SharedPtr<std::__ndk1::vector<Walaber::Color, std::__ndk1::allocator<Walaber::Color>>>, int, int, int, int, int, int, int)
Walaber::Texture	0	0	4	0x395a50	_ZN7Walaber7Texture11writeToFileENSt6__ndk112basic_stringIcNS1_11char_traitsIcEENS1_9allocatorIcEEEE	Walaber::Texture::writeToFile(std::__ndk1::basic_string<char, std::__ndk1::char_traits<char>, std::__ndk1::allocator<char>>)
Walaber::Texture	0	0	5	0x395cf4	_ZN7Walaber7Texture6reloadENS_9SharedPtrINS_8CallbackEEENS_11FileManager14PlatformPolicyE	Walaber::Texture::reload(Walaber::SharedPtr<Walaber::Callback>, Walaber::FileManager::PlatformPolicy)
Walaber::Texture	0	0	6	0x395cf8	_ZN7Walaber7Texture10invalidateEv	Walaber::Texture::invalidate()
Walaber::Texture	0	0	7	0x395d04	_ZN7Walaber7Texture10clearGlMemEv	Walaber::Texture::clearGlMem()
Walaber::Texture	0	0	8	0x395a7c	_ZN7Walaber7Texture8_getDataENS_9SharedPtrINS_8CallbackEEE	Walaber::Texture::_getData(Walaber::SharedPtr<Walaber::Callback>)
Walaber::Texture	0	0	9	0x395d08	_ZN7Walaber7Texture14_applySettingsEv	Walaber::Texture::_applySettings()
Walaber::Texture2D	0	0	0	0x39973c	_ZN7Walaber9Texture2DD2Ev	Walaber::Texture2D::~Texture2D()
Walaber::Texture2D	0	0	1	0x399898	_ZN7Walaber9Texture2DD0Ev	Walaber::Texture2D::~Texture2D()
Walaber::Texture2D	0	0	2	0x398d24	_ZN7Walaber9Texture2D7setDataENS_9SharedPtrINSt6__ndk16vectorINS_5ColorENS2_9allocatorIS4_EEEEEE	Walaber::Texture2D::setData(Walaber::SharedPtr<std::__ndk1::vector<Walaber::Color, std::__ndk1::allocator<Walaber::Color>>>)
Walaber::Texture2D	0	0	3	0x398e50	_ZN7Walaber9Texture2D7setDataENS_9SharedPtrINSt6__ndk16vectorINS_5ColorENS2_9allocatorIS4_EEEEEEiiiiiii	Walaber::Texture2D::setData(Walaber::SharedPtr<std::__ndk1::vector<Walaber::Color, std::__ndk1::allocator<Walaber::Color>>>, int, int, int, int, int, int, int)
Walaber::Texture2D	0	0	4	0x395a50	_ZN7Walaber7Texture11writeToFileENSt6__ndk112basic_stringIcNS1_11char_traitsIcEENS1_9allocatorIcEEEE	Walaber::Texture::writeToFile(std::__ndk1::basic_string<char, std::__ndk1::char_traits<char>, std::__ndk1::allocator<char>>)
Walaber::Texture2D	0	0	5	0x399374	_ZN7Walaber9Texture2D6reloadENS_9SharedPtrINS_8CallbackEEENS_11FileManager14PlatformPolicyE	Walaber::Texture2D::reload(Walaber::SharedPtr<Walaber::Callback>, Walaber::FileManager::PlatformPolicy)
Walaber::Texture2D	0	0	6	0x395cf8	_ZN7Walaber7Texture10invalidateEv	Walaber::Texture::invalidate()
Walaber::Texture2D	0	0	7	0x3998bc	_ZN7Walaber9Texture2D10clearGlMemEv	Walaber::Texture2D::clearGlMem()
Walaber::Texture2D	0	0	8	0x397d34	_ZN7Walaber9Texture2D8_getDataENS_9SharedPtrINS_8CallbackEEE	Walaber::Texture2D::_getData(Walaber::SharedPtr<Walaber::Callback>)
Walaber::Texture2D	0	0	9	0x399030	_ZN7Walaber9Texture2D14_applySettingsEv	Walaber::Texture2D::_applySettings()
Walaber::Transition	0	0	0	0x3f4138	_ZN7Walaber10Transition5setupEf	Walaber::Transition::setup(float)
Walaber::Transition	0	0	1	0x3f413c	_ZN7Walaber10Transition5setupEfRKNS_12PropertyListE	Walaber::Transition::setup(float, Walaber::PropertyList const&)
Walaber::Transition	0	0	2	0x3f450c	_ZN7Walaber10Transition6updateEf	Walaber::Transition::update(float)
Walaber::Transition	0	0	3	0x3f4514	_ZN7Walaber10Transition4drawEv	Walaber::Transition::draw()
Walaber::Transition_Block	0	0	0	0x3f4648	_ZN7Walaber16Transition_Block5setupEf	Walaber::Transition_Block::setup(float)
Walaber::Transition_Block	0	0	1	0x3f4700	_ZN7Walaber16Transition_Block5setupEfRKNS_12PropertyListE	Walaber::Transition_Block::setup(float, Walaber::PropertyList const&)
Walaber::Transition_Block	0	0	2	0x3f48a4	_ZN7Walaber16Transition_Block6updateEf	Walaber::Transition_Block::update(float)
Walaber::Transition_Block	0	0	3	0x3f4aac	_ZN7Walaber16Transition_Block4drawEv	Walaber::Transition_Block::draw()
Walaber::Transition_Fade	0	0	0	0x3f4c80	_ZN7Walaber15Transition_Fade5setupEf	Walaber::Transition_Fade::setup(float)
Walaber::Transition_Fade	0	0	1	0x3f4cdc	_ZN7Walaber15Transition_Fade5setupEfRKNS_12PropertyListE	Walaber::Transition_Fade::setup(float, Walaber::PropertyList const&)
Walaber::Transition_Fade	0	0	2	0x3f4da8	_ZN7Walaber15Transition_Fade6updateEf	Walaber::Transition_Fade::update(float)
Walaber::Transition_Fade	0	0	3	0x3f511c	_ZN7Walaber15Transition_Fade4drawEv	Walaber::Transition_Fade::draw()
Walaber::Transition_Iris	0	0	0	0x3f52d8	_ZN7Walaber15Transition_Iris5setupEf	Walaber::Transition_Iris::setup(float)
Walaber::Transition_Iris	0	0	1	0x3f5458	_ZN7Walaber15Transition_Iris5setupEfRKNS_12PropertyListE	Walaber::Transition_Iris::setup(float, Walaber::PropertyList const&)
Walaber::Transition_Iris	0	0	2	0x3f564c	_ZN7Walaber15Transition_Iris6updateEf	Walaber::Transition_Iris::update(float)
Walaber::Transition_Iris	0	0	3	0x3f58e4	_ZN7Walaber15Transition_Iris4drawEv	Walaber::Transition_Iris::draw()
Walaber::Transition_Slide	0	0	0	0x3f60d8	_ZN7Walaber16Transition_Slide5setupEf	Walaber::Transition_Slide::setup(float)
Walaber::Transition_Slide	0	0	1	0x3f61f4	_ZN7Walaber16Transition_Slide5setupEfRKNS_12PropertyListE	Walaber::Transition_Slide::setup(float, Walaber::PropertyList const&)
Walaber::Transition_Slide	0	0	2	0x3f6470	_ZN7Walaber16Transition_Slide6updateEf	Walaber::Transition_Slide::update(float)
Walaber::Transition_Slide	0	0	3	0x3f6760	_ZN7Walaber16Transition_Slide4drawEv	Walaber::Transition_Slide::draw()
Walaber::Transition_Widget_Slide	0	0	0	0x3f6a80	_ZN7Walaber23Transition_Widget_Slide5setupEf	Walaber::Transition_Widget_Slide::setup(float)
Walaber::Transition_Widget_Slide	0	0	1	0x3f6ae0	_ZN7Walaber23Transition_Widget_Slide5setupEfRKNS_12PropertyListE	Walaber::Transition_Widget_Slide::setup(float, Walaber::PropertyList const&)
Walaber::Transition_Widget_Slide	0	0	2	0x3f6ee0	_ZN7Walaber23Transition_Widget_Slide6updateEf	Walaber::Transition_Widget_Slide::update(float)
Walaber::Transition_Widget_Slide	0	0	3	0x3f7874	_ZN7Walaber23Transition_Widget_Slide4drawEv	Walaber::Transition_Widget_Slide::draw()
Walaber::Transition_Wipe	0	0	0	0x3f7ab4	_ZN7Walaber15Transition_Wipe5setupEf	Walaber::Transition_Wipe::setup(float)
Walaber::Transition_Wipe	0	0	1	0x3f7b2c	_ZN7Walaber15Transition_Wipe5setupEfRKNS_12PropertyListE	Walaber::Transition_Wipe::setup(float, Walaber::PropertyList const&)
Walaber::Transition_Wipe	0	0	2	0x3f7f54	_ZN7Walaber15Transition_Wipe6updateEf	Walaber::Transition_Wipe::update(float)
Walaber::Transition_Wipe	0	0	3	0x3f8068	_ZN7Walaber15Transition_Wipe4drawEv	Walaber::Transition_Wipe::draw()
Walaber::TweenedLinearCurve	0	0	0	0x3e6d74	_ZN7Walaber18TweenedLinearCurveD2Ev	Walaber::TweenedLinearCurve::~TweenedLinearCurve()
Walaber::TweenedLinearCurve	0	0	1	0x3e6de8	_ZN7Walaber18TweenedLinearCurveD0Ev	Walaber::TweenedLinearCurve::~TweenedLinearCurve()
Walaber::TweenedLinearCurve	0	0	2	0x3e66d4	_ZN7Walaber18TweenedLinearCurve15loadFromXmlNodeEP8_xmlNode	Walaber::TweenedLinearCurve::loadFromXmlNode(_xmlNode*)
Walaber::TweenedLinearCurve	0	0	3	0x3e6e0c	_ZN7Walaber18TweenedLinearCurve12getWriteSizeEj	Walaber::TweenedLinearCurve::getWriteSize(unsigned int)
Walaber::TweenedLinearCurve	0	0	4	0x3e079c	_ZN7Walaber5Curve21getMinMaxNonTimeValueEv	Walaber::Curve::getMinMaxNonTimeValue()
Walaber::TweenedLinearCurve	0	0	5	0x3e02ac	_ZN7Walaber5Curve17getMinMaxKeyValueEv	Walaber::Curve::getMinMaxKeyValue()
Walaber::TweenedLinearCurve	0	0	6	0x3e0300	_ZN7Walaber5Curve20getMinMaxKeyPositionEv	Walaber::Curve::getMinMaxKeyPosition()
Walaber::TweenedLinearCurve	0	0	7	0x3e6e4c	_ZN7Walaber18TweenedLinearCurve13writeToBufferEPc	Walaber::TweenedLinearCurve::writeToBuffer(char*)
Walaber::TweenedLinearCurve	0	0	8	0x3e6f50	_ZN7Walaber18TweenedLinearCurve13writeToBufferEPcjRKNS_17CompressionRecordES4_	Walaber::TweenedLinearCurve::writeToBuffer(char*, unsigned int, Walaber::CompressionRecord const&, Walaber::CompressionRecord const&)
Walaber::TweenedLinearCurve	0	0	9	0x3e657c	_ZN7Walaber11LinearCurve15computeTangentsEv	Walaber::LinearCurve::computeTangents()
Walaber::TweenedLinearCurve	0	0	10	0x3e6ce8	_ZNK7Walaber18TweenedLinearCurve14_evaluateCurveEff	Walaber::TweenedLinearCurve::_evaluateCurve(float, float) const
Walaber::Widget	0	0	0	0x36d4a4	_ZN7Walaber6WidgetD2Ev	Walaber::Widget::~Widget()
Walaber::Widget	0	0	1	0x36d4e4	_ZN7Walaber6WidgetD0Ev	Walaber::Widget::~Widget()
Walaber::Widget	0	0	2	0x36aad8	_ZN7Walaber6Widget16setLocalPositionERKNS_7Vector2E	Walaber::Widget::setLocalPosition(Walaber::Vector2 const&)
Walaber::Widget	0	0	3	0x36ac14	_ZN7Walaber6Widget13setLocalScaleERKNS_7Vector2E	Walaber::Widget::setLocalScale(Walaber::Vector2 const&)
Walaber::Widget	0	0	4	0x3ea940	_ZN7Walaber4Node13setLocalAngleERKf	Walaber::Node::setLocalAngle(float const&)
Walaber::Widget	0	0	5	0x36abf0	_ZN7Walaber6Widget19applyPositionOffsetERKNS_7Vector2E	Walaber::Widget::applyPositionOffset(Walaber::Vector2 const&)
Walaber::Widget	0	0	6	0x3ea9dc	_ZN7Walaber4Node16applyScaleOffsetERKNS_7Vector2E	Walaber::Node::applyScaleOffset(Walaber::Vector2 const&)
Walaber::Widget	0	0	7	0x3eaa2c	_ZN7Walaber4Node16applyAngleOffsetERKf	Walaber::Node::applyAngleOffset(float const&)
Walaber::Widget	0	0	8	0x36aa9c	_ZN7Walaber6Widget8setLayerEi	Walaber::Widget::setLayer(int)
Walaber::Widget	0	0	9	0x36ac4c	_ZN7Walaber6Widget4drawEPNS_11SpriteBatchE	Walaber::Widget::draw(Walaber::SpriteBatch*)
Walaber::Widget	0	0	10	0x36ac38	_ZN7Walaber6Widget11setBaseSizeENS_7Vector2E	Walaber::Widget::setBaseSize(Walaber::Vector2)
Walaber::Widget	0	0	11	0x36d508	_ZN7Walaber6Widget11setRotationEf	Walaber::Widget::setRotation(float)
Walaber::Widget	0	0	12	0x36d568	_ZN7Walaber6Widget10setEnabledEb	Walaber::Widget::setEnabled(bool)
Walaber::Widget	0	0	13	0x36d574	_ZN7Walaber6Widget5resetEv	Walaber::Widget::reset()
Walaber::Widget	0	0	14	0x36d578	_ZN7Walaber6Widget7setFontERKNSt6__ndk112basic_stringIcNS1_11char_traitsIcEENS1_9allocatorIcEEEE	Walaber::Widget::setFont(std::__ndk1::basic_string<char, std::__ndk1::char_traits<char>, std::__ndk1::allocator<char>> const&)
Walaber::Widget	0	0	15	0x36d5a8	_ZN7Walaber6Widget10reloadFontEv	Walaber::Widget::reloadFont()
Walaber::Widget	0	0	16	0x36d644	_ZN7Walaber6Widget6updateEfRNS0_15WidgetActionRetE	Walaber::Widget::update(float, Walaber::Widget::WidgetActionRet&)
Walaber::Widget	0	0	17	0x36d64c	_ZN7Walaber6Widget19acceptNewFingerDownEiPNS_10FingerInfoE	Walaber::Widget::acceptNewFingerDown(int, Walaber::FingerInfo*)
Walaber::Widget	0	0	18	0x36d654	_ZN7Walaber6Widget22acceptNewFingerEnteredEiPNS_10FingerInfoE	Walaber::Widget::acceptNewFingerEntered(int, Walaber::FingerInfo*)
Walaber::Widget	0	0	19	0x36d65c	_ZN7Walaber6Widget18releaseFingerMovedEiPNS_10FingerInfoE	Walaber::Widget::releaseFingerMoved(int, Walaber::FingerInfo*)
Walaber::Widget	0	0	20	0x36d664	_ZN7Walaber6Widget19releaseFingerStayedEiPNS_10FingerInfoE	Walaber::Widget::releaseFingerStayed(int, Walaber::FingerInfo*)
Walaber::Widget	0	0	21	0x36d66c	_ZN7Walaber6Widget15releaseFingerUpEiPNS_10FingerInfoE	Walaber::Widget::releaseFingerUp(int, Walaber::FingerInfo*)
Walaber::Widget	0	0	22	0x36d670	_ZN7Walaber6Widget17releaseFingerLeftEiPNS_10FingerInfoE	Walaber::Widget::releaseFingerLeft(int, Walaber::FingerInfo*)
Walaber::Widget	0	0	23	0x36d678	_ZN7Walaber6Widget16notifyFingerLostEiPNS_10FingerInfoE	Walaber::Widget::notifyFingerLost(int, Walaber::FingerInfo*)
Walaber::WidgetManagerEventHandler	0	0	0	0x49d450	_ZN7Walaber25WidgetManagerEventHandler11handleEventEiRKNS_6Widget15WidgetActionRetEPS1_	Walaber::WidgetManagerEventHandler::handleEvent(int, Walaber::Widget::WidgetActionRet const&, Walaber::Widget*)
Walaber::WidgetManagerEventHandler	0	0	1	0x49c870	_ZN7Walaber25WidgetManagerEventHandler11handleFocusEPNS_6WidgetENS_10FocusEventE	Walaber::WidgetManagerEventHandler::handleFocus(Walaber::Widget*, Walaber::FocusEvent)
Walaber::Widget_Canvas	0	0	0	0x37a834	_ZN7Walaber13Widget_CanvasD2Ev	Walaber::Widget_Canvas::~Widget_Canvas()
Walaber::Widget_Canvas	0	0	1	0x37a838	_ZN7Walaber13Widget_CanvasD0Ev	Walaber::Widget_Canvas::~Widget_Canvas()
Walaber::Widget_Canvas	0	0	2	0x36aad8	_ZN7Walaber6Widget16setLocalPositionERKNS_7Vector2E	Walaber::Widget::setLocalPosition(Walaber::Vector2 const&)
Walaber::Widget_Canvas	0	0	3	0x36ac14	_ZN7Walaber6Widget13setLocalScaleERKNS_7Vector2E	Walaber::Widget::setLocalScale(Walaber::Vector2 const&)
Walaber::Widget_Canvas	0	0	4	0x3ea940	_ZN7Walaber4Node13setLocalAngleERKf	Walaber::Node::setLocalAngle(float const&)
Walaber::Widget_Canvas	0	0	5	0x36abf0	_ZN7Walaber6Widget19applyPositionOffsetERKNS_7Vector2E	Walaber::Widget::applyPositionOffset(Walaber::Vector2 const&)
Walaber::Widget_Canvas	0	0	6	0x3ea9dc	_ZN7Walaber4Node16applyScaleOffsetERKNS_7Vector2E	Walaber::Node::applyScaleOffset(Walaber::Vector2 const&)
Walaber::Widget_Canvas	0	0	7	0x3eaa2c	_ZN7Walaber4Node16applyAngleOffsetERKf	Walaber::Node::applyAngleOffset(float const&)
Walaber::Widget_Canvas	0	0	8	0x36aa9c	_ZN7Walaber6Widget8setLayerEi	Walaber::Widget::setLayer(int)
Walaber::Widget_Canvas	0	0	9	0x36ac4c	_ZN7Walaber6Widget4drawEPNS_11SpriteBatchE	Walaber::Widget::draw(Walaber::SpriteBatch*)
Walaber::Widget_Canvas	0	0	10	0x36ac38	_ZN7Walaber6Widget11setBaseSizeENS_7Vector2E	Walaber::Widget::setBaseSize(Walaber::Vector2)
Walaber::Widget_Canvas	0	0	11	0x36d508	_ZN7Walaber6Widget11setRotationEf	Walaber::Widget::setRotation(float)
Walaber::Widget_Canvas	0	0	12	0x36d568	_ZN7Walaber6Widget10setEnabledEb	Walaber::Widget::setEnabled(bool)
Walaber::Widget_Canvas	0	0	13	0x37abcc	_ZN7Walaber13Widget_Canvas5resetEv	Walaber::Widget_Canvas::reset()
Walaber::Widget_Canvas	0	0	14	0x36d578	_ZN7Walaber6Widget7setFontERKNSt6__ndk112basic_stringIcNS1_11char_traitsIcEENS1_9allocatorIcEEEE	Walaber::Widget::setFont(std::__ndk1::basic_string<char, std::__ndk1::char_traits<char>, std::__ndk1::allocator<char>> const&)
Walaber::Widget_Canvas	0	0	15	0x36d5a8	_ZN7Walaber6Widget10reloadFontEv	Walaber::Widget::reloadFont()
Walaber::Widget_Canvas	0	0	16	0x37a85c	_ZN7Walaber13Widget_Canvas6updateEfRNS_6Widget15WidgetActionRetE	Walaber::Widget_Canvas::update(float, Walaber::Widget::WidgetActionRet&)
Walaber::Widget_Canvas	0	0	17	0x37a9b8	_ZN7Walaber13Widget_Canvas19acceptNewFingerDownEiPNS_10FingerInfoE	Walaber::Widget_Canvas::acceptNewFingerDown(int, Walaber::FingerInfo*)
Walaber::Widget_Canvas	0	0	18	0x37aa38	_ZN7Walaber13Widget_Canvas22acceptNewFingerEnteredEiPNS_10FingerInfoE	Walaber::Widget_Canvas::acceptNewFingerEntered(int, Walaber::FingerInfo*)
Walaber::Widget_Canvas	0	0	19	0x37aaa4	_ZN7Walaber13Widget_Canvas18releaseFingerMovedEiPNS_10FingerInfoE	Walaber::Widget_Canvas::releaseFingerMoved(int, Walaber::FingerInfo*)
Walaber::Widget_Canvas	0	0	20	0x37aa7c	_ZN7Walaber13Widget_Canvas19releaseFingerStayedEiPNS_10FingerInfoE	Walaber::Widget_Canvas::releaseFingerStayed(int, Walaber::FingerInfo*)
Walaber::Widget_Canvas	0	0	21	0x37aacc	_ZN7Walaber13Widget_Canvas15releaseFingerUpEiPNS_10FingerInfoE	Walaber::Widget_Canvas::releaseFingerUp(int, Walaber::FingerInfo*)
Walaber::Widget_Canvas	0	0	22	0x37abc4	_ZN7Walaber13Widget_Canvas17releaseFingerLeftEiPNS_10FingerInfoE	Walaber::Widget_Canvas::releaseFingerLeft(int, Walaber::FingerInfo*)
Walaber::Widget_Canvas	0	0	23	0x37abc8	_ZN7Walaber13Widget_Canvas16notifyFingerLostEiPNS_10FingerInfoE	Walaber::Widget_Canvas::notifyFingerLost(int, Walaber::FingerInfo*)
Walaber::Widget_ClassicControls	0	0	0	0x37ac60	_ZN7Walaber22Widget_ClassicControlsD1Ev	Walaber::Widget_ClassicControls::~Widget_ClassicControls()
Walaber::Widget_ClassicControls	0	0	1	0x37ac64	_ZN7Walaber22Widget_ClassicControlsD0Ev	Walaber::Widget_ClassicControls::~Widget_ClassicControls()
Walaber::Widget_ClassicControls	0	0	2	0x36aad8	_ZN7Walaber6Widget16setLocalPositionERKNS_7Vector2E	Walaber::Widget::setLocalPosition(Walaber::Vector2 const&)
Walaber::Widget_ClassicControls	0	0	3	0x36ac14	_ZN7Walaber6Widget13setLocalScaleERKNS_7Vector2E	Walaber::Widget::setLocalScale(Walaber::Vector2 const&)
Walaber::Widget_ClassicControls	0	0	4	0x3ea940	_ZN7Walaber4Node13setLocalAngleERKf	Walaber::Node::setLocalAngle(float const&)
Walaber::Widget_ClassicControls	0	0	5	0x36abf0	_ZN7Walaber6Widget19applyPositionOffsetERKNS_7Vector2E	Walaber::Widget::applyPositionOffset(Walaber::Vector2 const&)
Walaber::Widget_ClassicControls	0	0	6	0x3ea9dc	_ZN7Walaber4Node16applyScaleOffsetERKNS_7Vector2E	Walaber::Node::applyScaleOffset(Walaber::Vector2 const&)
Walaber::Widget_ClassicControls	0	0	7	0x3eaa2c	_ZN7Walaber4Node16applyAngleOffsetERKf	Walaber::Node::applyAngleOffset(float const&)
Walaber::Widget_ClassicControls	0	0	8	0x36aa9c	_ZN7Walaber6Widget8setLayerEi	Walaber::Widget::setLayer(int)
Walaber::Widget_ClassicControls	0	0	9	0x36ac4c	_ZN7Walaber6Widget4drawEPNS_11SpriteBatchE	Walaber::Widget::draw(Walaber::SpriteBatch*)
Walaber::Widget_ClassicControls	0	0	10	0x36ac38	_ZN7Walaber6Widget11setBaseSizeENS_7Vector2E	Walaber::Widget::setBaseSize(Walaber::Vector2)
Walaber::Widget_ClassicControls	0	0	11	0x36d508	_ZN7Walaber6Widget11setRotationEf	Walaber::Widget::setRotation(float)
Walaber::Widget_ClassicControls	0	0	12	0x36d568	_ZN7Walaber6Widget10setEnabledEb	Walaber::Widget::setEnabled(bool)
Walaber::Widget_ClassicControls	0	0	13	0x37af84	_ZN7Walaber22Widget_ClassicControls5resetEv	Walaber::Widget_ClassicControls::reset()
Walaber::Widget_ClassicControls	0	0	14	0x36d578	_ZN7Walaber6Widget7setFontERKNSt6__ndk112basic_stringIcNS1_11char_traitsIcEENS1_9allocatorIcEEEE	Walaber::Widget::setFont(std::__ndk1::basic_string<char, std::__ndk1::char_traits<char>, std::__ndk1::allocator<char>> const&)
Walaber::Widget_ClassicControls	0	0	15	0x36d5a8	_ZN7Walaber6Widget10reloadFontEv	Walaber::Widget::reloadFont()
Walaber::Widget_ClassicControls	0	0	16	0x37ac88	_ZN7Walaber22Widget_ClassicControls6updateEfRNS_6Widget15WidgetActionRetE	Walaber::Widget_ClassicControls::update(float, Walaber::Widget::WidgetActionRet&)
Walaber::Widget_ClassicControls	0	0	17	0x37ae10	_ZN7Walaber22Widget_ClassicControls19acceptNewFingerDownEiPNS_10FingerInfoE	Walaber::Widget_ClassicControls::acceptNewFingerDown(int, Walaber::FingerInfo*)
Walaber::Widget_ClassicControls	0	0	18	0x37ae70	_ZN7Walaber22Widget_ClassicControls22acceptNewFingerEnteredEiPNS_10FingerInfoE	Walaber::Widget_ClassicControls::acceptNewFingerEntered(int, Walaber::FingerInfo*)
Walaber::Widget_ClassicControls	0	0	19	0x37aea8	_ZN7Walaber22Widget_ClassicControls18releaseFingerMovedEiPNS_10FingerInfoE	Walaber::Widget_ClassicControls::releaseFingerMoved(int, Walaber::FingerInfo*)
Walaber::Widget_ClassicControls	0	0	20	0x37aea0	_ZN7Walaber22Widget_ClassicControls19releaseFingerStayedEiPNS_10FingerInfoE	Walaber::Widget_ClassicControls::releaseFingerStayed(int, Walaber::FingerInfo*)
Walaber::Widget_ClassicControls	0	0	21	0x37aeb0	_ZN7Walaber22Widget_ClassicControls15releaseFingerUpEiPNS_10FingerInfoE	Walaber::Widget_ClassicControls::releaseFingerUp(int, Walaber::FingerInfo*)
Walaber::Widget_ClassicControls	0	0	22	0x37af18	_ZN7Walaber22Widget_ClassicControls17releaseFingerLeftEiPNS_10FingerInfoE	Walaber::Widget_ClassicControls::releaseFingerLeft(int, Walaber::FingerInfo*)
Walaber::Widget_ClassicControls	0	0	23	0x37af50	_ZN7Walaber22Widget_ClassicControls16notifyFingerLostEiPNS_10FingerInfoE	Walaber::Widget_ClassicControls::notifyFingerLost(int, Walaber::FingerInfo*)
Walaber::Widget_ColorPicker	0	0	0	0x37b5d0	_ZN7Walaber18Widget_ColorPickerD1Ev	Walaber::Widget_ColorPicker::~Widget_ColorPicker()
Walaber::Widget_ColorPicker	0	0	1	0x37b62c	_ZN7Walaber18Widget_ColorPickerD0Ev	Walaber::Widget_ColorPicker::~Widget_ColorPicker()
Walaber::Widget_ColorPicker	0	0	2	0x36aad8	_ZN7Walaber6Widget16setLocalPositionERKNS_7Vector2E	Walaber::Widget::setLocalPosition(Walaber::Vector2 const&)
Walaber::Widget_ColorPicker	0	0	3	0x36ac14	_ZN7Walaber6Widget13setLocalScaleERKNS_7Vector2E	Walaber::Widget::setLocalScale(Walaber::Vector2 const&)
Walaber::Widget_ColorPicker	0	0	4	0x3ea940	_ZN7Walaber4Node13setLocalAngleERKf	Walaber::Node::setLocalAngle(float const&)
Walaber::Widget_ColorPicker	0	0	5	0x36abf0	_ZN7Walaber6Widget19applyPositionOffsetERKNS_7Vector2E	Walaber::Widget::applyPositionOffset(Walaber::Vector2 const&)
Walaber::Widget_ColorPicker	0	0	6	0x3ea9dc	_ZN7Walaber4Node16applyScaleOffsetERKNS_7Vector2E	Walaber::Node::applyScaleOffset(Walaber::Vector2 const&)
Walaber::Widget_ColorPicker	0	0	7	0x3eaa2c	_ZN7Walaber4Node16applyAngleOffsetERKf	Walaber::Node::applyAngleOffset(float const&)
Walaber::Widget_ColorPicker	0	0	8	0x36aa9c	_ZN7Walaber6Widget8setLayerEi	Walaber::Widget::setLayer(int)
Walaber::Widget_ColorPicker	0	0	9	0x37b894	_ZN7Walaber18Widget_ColorPicker4drawEPNS_11SpriteBatchE	Walaber::Widget_ColorPicker::draw(Walaber::SpriteBatch*)
Walaber::Widget_ColorPicker	0	0	10	0x36ac38	_ZN7Walaber6Widget11setBaseSizeENS_7Vector2E	Walaber::Widget::setBaseSize(Walaber::Vector2)
Walaber::Widget_ColorPicker	0	0	11	0x36d508	_ZN7Walaber6Widget11setRotationEf	Walaber::Widget::setRotation(float)
Walaber::Widget_ColorPicker	0	0	12	0x36d568	_ZN7Walaber6Widget10setEnabledEb	Walaber::Widget::setEnabled(bool)
Walaber::Widget_ColorPicker	0	0	13	0x36d574	_ZN7Walaber6Widget5resetEv	Walaber::Widget::reset()
Walaber::Widget_ColorPicker	0	0	14	0x36d578	_ZN7Walaber6Widget7setFontERKNSt6__ndk112basic_stringIcNS1_11char_traitsIcEENS1_9allocatorIcEEEE	Walaber::Widget::setFont(std::__ndk1::basic_string<char, std::__ndk1::char_traits<char>, std::__ndk1::allocator<char>> const&)
Walaber::Widget_ColorPicker	0	0	15	0x36d5a8	_ZN7Walaber6Widget10reloadFontEv	Walaber::Widget::reloadFont()
Walaber::Widget_ColorPicker	0	0	16	0x37b850	_ZN7Walaber18Widget_ColorPicker6updateEfRNS_6Widget15WidgetActionRetE	Walaber::Widget_ColorPicker::update(float, Walaber::Widget::WidgetActionRet&)
Walaber::Widget_ColorPicker	0	0	17	0x37be58	_ZN7Walaber18Widget_ColorPicker19acceptNewFingerDownEiPNS_10FingerInfoE	Walaber::Widget_ColorPicker::acceptNewFingerDown(int, Walaber::FingerInfo*)
Walaber::Widget_ColorPicker	0	0	18	0x37bfc4	_ZN7Walaber18Widget_ColorPicker22acceptNewFingerEnteredEiPNS_10FingerInfoE	Walaber::Widget_ColorPicker::acceptNewFingerEntered(int, Walaber::FingerInfo*)
Walaber::Widget_ColorPicker	0	0	19	0x37bfd4	_ZN7Walaber18Widget_ColorPicker18releaseFingerMovedEiPNS_10FingerInfoE	Walaber::Widget_ColorPicker::releaseFingerMoved(int, Walaber::FingerInfo*)
Walaber::Widget_ColorPicker	0	0	20	0x37bfcc	_ZN7Walaber18Widget_ColorPicker19releaseFingerStayedEiPNS_10FingerInfoE	Walaber::Widget_ColorPicker::releaseFingerStayed(int, Walaber::FingerInfo*)
Walaber::Widget_ColorPicker	0	0	21	0x37bff0	_ZN7Walaber18Widget_ColorPicker15releaseFingerUpEiPNS_10FingerInfoE	Walaber::Widget_ColorPicker::releaseFingerUp(int, Walaber::FingerInfo*)
Walaber::Widget_ColorPicker	0	0	22	0x37c004	_ZN7Walaber18Widget_ColorPicker17releaseFingerLeftEiPNS_10FingerInfoE	Walaber::Widget_ColorPicker::releaseFingerLeft(int, Walaber::FingerInfo*)
Walaber::Widget_ColorPicker	0	0	23	0x37c00c	_ZN7Walaber18Widget_ColorPicker16notifyFingerLostEiPNS_10FingerInfoE	Walaber::Widget_ColorPicker::notifyFingerLost(int, Walaber::FingerInfo*)
Walaber::Widget_FingerCatcher	0	0	0	0x37c0ac	_ZN7Walaber20Widget_FingerCatcherD2Ev	Walaber::Widget_FingerCatcher::~Widget_FingerCatcher()
Walaber::Widget_FingerCatcher	0	0	1	0x37c0fc	_ZN7Walaber20Widget_FingerCatcherD0Ev	Walaber::Widget_FingerCatcher::~Widget_FingerCatcher()
Walaber::Widget_FingerCatcher	0	0	2	0x36aad8	_ZN7Walaber6Widget16setLocalPositionERKNS_7Vector2E	Walaber::Widget::setLocalPosition(Walaber::Vector2 const&)
Walaber::Widget_FingerCatcher	0	0	3	0x36ac14	_ZN7Walaber6Widget13setLocalScaleERKNS_7Vector2E	Walaber::Widget::setLocalScale(Walaber::Vector2 const&)
Walaber::Widget_FingerCatcher	0	0	4	0x3ea940	_ZN7Walaber4Node13setLocalAngleERKf	Walaber::Node::setLocalAngle(float const&)
Walaber::Widget_FingerCatcher	0	0	5	0x36abf0	_ZN7Walaber6Widget19applyPositionOffsetERKNS_7Vector2E	Walaber::Widget::applyPositionOffset(Walaber::Vector2 const&)
Walaber::Widget_FingerCatcher	0	0	6	0x3ea9dc	_ZN7Walaber4Node16applyScaleOffsetERKNS_7Vector2E	Walaber::Node::applyScaleOffset(Walaber::Vector2 const&)
Walaber::Widget_FingerCatcher	0	0	7	0x3eaa2c	_ZN7Walaber4Node16applyAngleOffsetERKf	Walaber::Node::applyAngleOffset(float const&)
Walaber::Widget_FingerCatcher	0	0	8	0x36aa9c	_ZN7Walaber6Widget8setLayerEi	Walaber::Widget::setLayer(int)
Walaber::Widget_FingerCatcher	0	0	9	0x36ac4c	_ZN7Walaber6Widget4drawEPNS_11SpriteBatchE	Walaber::Widget::draw(Walaber::SpriteBatch*)
Walaber::Widget_FingerCatcher	0	0	10	0x36ac38	_ZN7Walaber6Widget11setBaseSizeENS_7Vector2E	Walaber::Widget::setBaseSize(Walaber::Vector2)
Walaber::Widget_FingerCatcher	0	0	11	0x36d508	_ZN7Walaber6Widget11setRotationEf	Walaber::Widget::setRotation(float)
Walaber::Widget_FingerCatcher	0	0	12	0x36d568	_ZN7Walaber6Widget10setEnabledEb	Walaber::Widget::setEnabled(bool)
Walaber::Widget_FingerCatcher	0	0	13	0x37c5a4	_ZN7Walaber20Widget_FingerCatcher5resetEv	Walaber::Widget_FingerCatcher::reset()
Walaber::Widget_FingerCatcher	0	0	14	0x36d578	_ZN7Walaber6Widget7setFontERKNSt6__ndk112basic_stringIcNS1_11char_traitsIcEENS1_9allocatorIcEEEE	Walaber::Widget::setFont(std::__ndk1::basic_string<char, std::__ndk1::char_traits<char>, std::__ndk1::allocator<char>> const&)
Walaber::Widget_FingerCatcher	0	0	15	0x36d5a8	_ZN7Walaber6Widget10reloadFontEv	Walaber::Widget::reloadFont()
Walaber::Widget_FingerCatcher	0	0	16	0x37c128	_ZN7Walaber20Widget_FingerCatcher6updateEfRNS_6Widget15WidgetActionRetE	Walaber::Widget_FingerCatcher::update(float, Walaber::Widget::WidgetActionRet&)
Walaber::Widget_FingerCatcher	0	0	17	0x37c140	_ZN7Walaber20Widget_FingerCatcher19acceptNewFingerDownEiPNS_10FingerInfoE	Walaber::Widget_FingerCatcher::acceptNewFingerDown(int, Walaber::FingerInfo*)
Walaber::Widget_FingerCatcher	0	0	18	0x37c20c	_ZN7Walaber20Widget_FingerCatcher22acceptNewFingerEnteredEiPNS_10FingerInfoE	Walaber::Widget_FingerCatcher::acceptNewFingerEntered(int, Walaber::FingerInfo*)
Walaber::Widget_FingerCatcher	0	0	19	0x37c304	_ZN7Walaber20Widget_FingerCatcher18releaseFingerMovedEiPNS_10FingerInfoE	Walaber::Widget_FingerCatcher::releaseFingerMoved(int, Walaber::FingerInfo*)
Walaber::Widget_FingerCatcher	0	0	20	0x37c234	_ZN7Walaber20Widget_FingerCatcher19releaseFingerStayedEiPNS_10FingerInfoE	Walaber::Widget_FingerCatcher::releaseFingerStayed(int, Walaber::FingerInfo*)
Walaber::Widget_FingerCatcher	0	0	21	0x37c3d4	_ZN7Walaber20Widget_FingerCatcher15releaseFingerUpEiPNS_10FingerInfoE	Walaber::Widget_FingerCatcher::releaseFingerUp(int, Walaber::FingerInfo*)
Walaber::Widget_FingerCatcher	0	0	22	0x37c4d8	_ZN7Walaber20Widget_FingerCatcher17releaseFingerLeftEiPNS_10FingerInfoE	Walaber::Widget_FingerCatcher::releaseFingerLeft(int, Walaber::FingerInfo*)
Walaber::Widget_FingerCatcher	0	0	23	0x37c4f0	_ZN7Walaber20Widget_FingerCatcher16notifyFingerLostEiPNS_10FingerInfoE	Walaber::Widget_FingerCatcher::notifyFingerLost(int, Walaber::FingerInfo*)
Walaber::Widget_Group	0	0	0	0x37c89c	_ZN7Walaber12Widget_GroupD1Ev	Walaber::Widget_Group::~Widget_Group()
Walaber::Widget_Group	0	0	1	0x37c8d8	_ZN7Walaber12Widget_GroupD0Ev	Walaber::Widget_Group::~Widget_Group()
Walaber::Widget_Group	0	0	2	0x36aad8	_ZN7Walaber6Widget16setLocalPositionERKNS_7Vector2E	Walaber::Widget::setLocalPosition(Walaber::Vector2 const&)
Walaber::Widget_Group	0	0	3	0x37cd40	_ZN7Walaber12Widget_Group13setLocalScaleERKNS_7Vector2E	Walaber::Widget_Group::setLocalScale(Walaber::Vector2 const&)
Walaber::Widget_Group	0	0	4	0x3ea940	_ZN7Walaber4Node13setLocalAngleERKf	Walaber::Node::setLocalAngle(float const&)
Walaber::Widget_Group	0	0	5	0x37cc98	_ZN7Walaber12Widget_Group19applyPositionOffsetERKNS_7Vector2E	Walaber::Widget_Group::applyPositionOffset(Walaber::Vector2 const&)
Walaber::Widget_Group	0	0	6	0x37ce3c	_ZN7Walaber12Widget_Group16applyScaleOffsetERKNS_7Vector2E	Walaber::Widget_Group::applyScaleOffset(Walaber::Vector2 const&)
Walaber::Widget_Group	0	0	7	0x3eaa2c	_ZN7Walaber4Node16applyAngleOffsetERKf	Walaber::Node::applyAngleOffset(float const&)
Walaber::Widget_Group	0	0	8	0x36aa9c	_ZN7Walaber6Widget8setLayerEi	Walaber::Widget::setLayer(int)
Walaber::Widget_Group	0	0	9	0x37c924	_ZN7Walaber12Widget_Group4drawEPNS_11SpriteBatchE	Walaber::Widget_Group::draw(Walaber::SpriteBatch*)
Walaber::Widget_Group	0	0	10	0x36ac38	_ZN7Walaber6Widget11setBaseSizeENS_7Vector2E	Walaber::Widget::setBaseSize(Walaber::Vector2)
Walaber::Widget_Group	0	0	11	0x36d508	_ZN7Walaber6Widget11setRotationEf	Walaber::Widget::setRotation(float)
Walaber::Widget_Group	0	0	12	0x36d568	_ZN7Walaber6Widget10setEnabledEb	Walaber::Widget::setEnabled(bool)
Walaber::Widget_Group	0	0	13	0x36d574	_ZN7Walaber6Widget5resetEv	Walaber::Widget::reset()
Walaber::Widget_Group	0	0	14	0x36d578	_ZN7Walaber6Widget7setFontERKNSt6__ndk112basic_stringIcNS1_11char_traitsIcEENS1_9allocatorIcEEEE	Walaber::Widget::setFont(std::__ndk1::basic_string<char, std::__ndk1::char_traits<char>, std::__ndk1::allocator<char>> const&)
Walaber::Widget_Group	0	0	15	0x36d5a8	_ZN7Walaber6Widget10reloadFontEv	Walaber::Widget::reloadFont()
Walaber::Widget_Group	0	0	16	0x37c91c	_ZN7Walaber12Widget_Group6updateEfRNS_6Widget15WidgetActionRetE	Walaber::Widget_Group::update(float, Walaber::Widget::WidgetActionRet&)
Walaber::Widget_Group	0	0	17	0x36d64c	_ZN7Walaber6Widget19acceptNewFingerDownEiPNS_10FingerInfoE	Walaber::Widget::acceptNewFingerDown(int, Walaber::FingerInfo*)
Walaber::Widget_Group	0	0	18	0x36d654	_ZN7Walaber6Widget22acceptNewFingerEnteredEiPNS_10FingerInfoE	Walaber::Widget::acceptNewFingerEntered(int, Walaber::FingerInfo*)
Walaber::Widget_Group	0	0	19	0x36d65c	_ZN7Walaber6Widget18releaseFingerMovedEiPNS_10FingerInfoE	Walaber::Widget::releaseFingerMoved(int, Walaber::FingerInfo*)
Walaber::Widget_Group	0	0	20	0x36d664	_ZN7Walaber6Widget19releaseFingerStayedEiPNS_10FingerInfoE	Walaber::Widget::releaseFingerStayed(int, Walaber::FingerInfo*)
Walaber::Widget_Group	0	0	21	0x36d66c	_ZN7Walaber6Widget15releaseFingerUpEiPNS_10FingerInfoE	Walaber::Widget::releaseFingerUp(int, Walaber::FingerInfo*)
Walaber::Widget_Group	0	0	22	0x36d670	_ZN7Walaber6Widget17releaseFingerLeftEiPNS_10FingerInfoE	Walaber::Widget::releaseFingerLeft(int, Walaber::FingerInfo*)
Walaber::Widget_Group	0	0	23	0x36d678	_ZN7Walaber6Widget16notifyFingerLostEiPNS_10FingerInfoE	Walaber::Widget::notifyFingerLost(int, Walaber::FingerInfo*)
Walaber::Widget_IconList	0	0	0	0x37d5fc	_ZN7Walaber15Widget_IconListD2Ev	Walaber::Widget_IconList::~Widget_IconList()
Walaber::Widget_IconList	0	0	1	0x37d64c	_ZN7Walaber15Widget_IconListD0Ev	Walaber::Widget_IconList::~Widget_IconList()
Walaber::Widget_IconList	0	0	2	0x36aad8	_ZN7Walaber6Widget16setLocalPositionERKNS_7Vector2E	Walaber::Widget::setLocalPosition(Walaber::Vector2 const&)
Walaber::Widget_IconList	0	0	3	0x36ac14	_ZN7Walaber6Widget13setLocalScaleERKNS_7Vector2E	Walaber::Widget::setLocalScale(Walaber::Vector2 const&)
Walaber::Widget_IconList	0	0	4	0x3ea940	_ZN7Walaber4Node13setLocalAngleERKf	Walaber::Node::setLocalAngle(float const&)
Walaber::Widget_IconList	0	0	5	0x36abf0	_ZN7Walaber6Widget19applyPositionOffsetERKNS_7Vector2E	Walaber::Widget::applyPositionOffset(Walaber::Vector2 const&)
Walaber::Widget_IconList	0	0	6	0x3ea9dc	_ZN7Walaber4Node16applyScaleOffsetERKNS_7Vector2E	Walaber::Node::applyScaleOffset(Walaber::Vector2 const&)
Walaber::Widget_IconList	0	0	7	0x3eaa2c	_ZN7Walaber4Node16applyAngleOffsetERKf	Walaber::Node::applyAngleOffset(float const&)
Walaber::Widget_IconList	0	0	8	0x36aa9c	_ZN7Walaber6Widget8setLayerEi	Walaber::Widget::setLayer(int)
Walaber::Widget_IconList	0	0	9	0x37df88	_ZN7Walaber15Widget_IconList4drawEPNS_11SpriteBatchE	Walaber::Widget_IconList::draw(Walaber::SpriteBatch*)
Walaber::Widget_IconList	0	0	10	0x36ac38	_ZN7Walaber6Widget11setBaseSizeENS_7Vector2E	Walaber::Widget::setBaseSize(Walaber::Vector2)
Walaber::Widget_IconList	0	0	11	0x36d508	_ZN7Walaber6Widget11setRotationEf	Walaber::Widget::setRotation(float)
Walaber::Widget_IconList	0	0	12	0x36d568	_ZN7Walaber6Widget10setEnabledEb	Walaber::Widget::setEnabled(bool)
Walaber::Widget_IconList	0	0	13	0x37ed3c	_ZN7Walaber15Widget_IconList5resetEv	Walaber::Widget_IconList::reset()
Walaber::Widget_IconList	0	0	14	0x36d578	_ZN7Walaber6Widget7setFontERKNSt6__ndk112basic_stringIcNS1_11char_traitsIcEENS1_9allocatorIcEEEE	Walaber::Widget::setFont(std::__ndk1::basic_string<char, std::__ndk1::char_traits<char>, std::__ndk1::allocator<char>> const&)
Walaber::Widget_IconList	0	0	15	0x36d5a8	_ZN7Walaber6Widget10reloadFontEv	Walaber::Widget::reloadFont()
Walaber::Widget_IconList	0	0	16	0x37dcc8	_ZN7Walaber15Widget_IconList6updateEfRNS_6Widget15WidgetActionRetE	Walaber::Widget_IconList::update(float, Walaber::Widget::WidgetActionRet&)
Walaber::Widget_IconList	0	0	17	0x37e988	_ZN7Walaber15Widget_IconList19acceptNewFingerDownEiPNS_10FingerInfoE	Walaber::Widget_IconList::acceptNewFingerDown(int, Walaber::FingerInfo*)
Walaber::Widget_IconList	0	0	18	0x37ec6c	_ZN7Walaber15Widget_IconList22acceptNewFingerEnteredEiPNS_10FingerInfoE	Walaber::Widget_IconList::acceptNewFingerEntered(int, Walaber::FingerInfo*)
Walaber::Widget_IconList	0	0	19	0x37ec8c	_ZN7Walaber15Widget_IconList18releaseFingerMovedEiPNS_10FingerInfoE	Walaber::Widget_IconList::releaseFingerMoved(int, Walaber::FingerInfo*)
Walaber::Widget_IconList	0	0	20	0x37ec74	_ZN7Walaber15Widget_IconList19releaseFingerStayedEiPNS_10FingerInfoE	Walaber::Widget_IconList::releaseFingerStayed(int, Walaber::FingerInfo*)
Walaber::Widget_IconList	0	0	21	0x37ecac	_ZN7Walaber15Widget_IconList15releaseFingerUpEiPNS_10FingerInfoE	Walaber::Widget_IconList::releaseFingerUp(int, Walaber::FingerInfo*)
Walaber::Widget_IconList	0	0	22	0x37ecc8	_ZN7Walaber15Widget_IconList17releaseFingerLeftEiPNS_10FingerInfoE	Walaber::Widget_IconList::releaseFingerLeft(int, Walaber::FingerInfo*)
Walaber::Widget_IconList	0	0	23	0x37ecd8	_ZN7Walaber15Widget_IconList16notifyFingerLostEiPNS_10FingerInfoE	Walaber::Widget_IconList::notifyFingerLost(int, Walaber::FingerInfo*)
Walaber::Widget_Label	0	0	0	0x37fc8c	_ZN7Walaber12Widget_LabelD2Ev	Walaber::Widget_Label::~Widget_Label()
Walaber::Widget_Label	0	0	1	0x37fcd4	_ZN7Walaber12Widget_LabelD0Ev	Walaber::Widget_Label::~Widget_Label()
Walaber::Widget_Label	0	0	2	0x36aad8	_ZN7Walaber6Widget16setLocalPositionERKNS_7Vector2E	Walaber::Widget::setLocalPosition(Walaber::Vector2 const&)
Walaber::Widget_Label	0	0	3	0x36ac14	_ZN7Walaber6Widget13setLocalScaleERKNS_7Vector2E	Walaber::Widget::setLocalScale(Walaber::Vector2 const&)
Walaber::Widget_Label	0	0	4	0x3ea940	_ZN7Walaber4Node13setLocalAngleERKf	Walaber::Node::setLocalAngle(float const&)
Walaber::Widget_Label	0	0	5	0x36abf0	_ZN7Walaber6Widget19applyPositionOffsetERKNS_7Vector2E	Walaber::Widget::applyPositionOffset(Walaber::Vector2 const&)
Walaber::Widget_Label	0	0	6	0x3ea9dc	_ZN7Walaber4Node16applyScaleOffsetERKNS_7Vector2E	Walaber::Node::applyScaleOffset(Walaber::Vector2 const&)
Walaber::Widget_Label	0	0	7	0x3eaa2c	_ZN7Walaber4Node16applyAngleOffsetERKf	Walaber::Node::applyAngleOffset(float const&)
Walaber::Widget_Label	0	0	8	0x36aa9c	_ZN7Walaber6Widget8setLayerEi	Walaber::Widget::setLayer(int)
Walaber::Widget_Label	0	0	9	0x380194	_ZN7Walaber12Widget_Label4drawEPNS_11SpriteBatchE	Walaber::Widget_Label::draw(Walaber::SpriteBatch*)
Walaber::Widget_Label	0	0	10	0x3806bc	_ZN7Walaber12Widget_Label11setBaseSizeENS_7Vector2E	Walaber::Widget_Label::setBaseSize(Walaber::Vector2)
Walaber::Widget_Label	0	0	11	0x36d508	_ZN7Walaber6Widget11setRotationEf	Walaber::Widget::setRotation(float)
Walaber::Widget_Label	0	0	12	0x36d568	_ZN7Walaber6Widget10setEnabledEb	Walaber::Widget::setEnabled(bool)
Walaber::Widget_Label	0	0	13	0x36d574	_ZN7Walaber6Widget5resetEv	Walaber::Widget::reset()
Walaber::Widget_Label	0	0	14	0x36d578	_ZN7Walaber6Widget7setFontERKNSt6__ndk112basic_stringIcNS1_11char_traitsIcEENS1_9allocatorIcEEEE	Walaber::Widget::setFont(std::__ndk1::basic_string<char, std::__ndk1::char_traits<char>, std::__ndk1::allocator<char>> const&)
Walaber::Widget_Label	0	0	15	0x37fcf8	_ZN7Walaber12Widget_Label10reloadFontEv	Walaber::Widget_Label::reloadFont()
Walaber::Widget_Label	0	0	16	0x380158	_ZN7Walaber12Widget_Label6updateEfRNS_6Widget15WidgetActionRetE	Walaber::Widget_Label::update(float, Walaber::Widget::WidgetActionRet&)
Walaber::Widget_Label	0	0	17	0x36d64c	_ZN7Walaber6Widget19acceptNewFingerDownEiPNS_10FingerInfoE	Walaber::Widget::acceptNewFingerDown(int, Walaber::FingerInfo*)
Walaber::Widget_Label	0	0	18	0x36d654	_ZN7Walaber6Widget22acceptNewFingerEnteredEiPNS_10FingerInfoE	Walaber::Widget::acceptNewFingerEntered(int, Walaber::FingerInfo*)
Walaber::Widget_Label	0	0	19	0x36d65c	_ZN7Walaber6Widget18releaseFingerMovedEiPNS_10FingerInfoE	Walaber::Widget::releaseFingerMoved(int, Walaber::FingerInfo*)
Walaber::Widget_Label	0	0	20	0x36d664	_ZN7Walaber6Widget19releaseFingerStayedEiPNS_10FingerInfoE	Walaber::Widget::releaseFingerStayed(int, Walaber::FingerInfo*)
Walaber::Widget_Label	0	0	21	0x36d66c	_ZN7Walaber6Widget15releaseFingerUpEiPNS_10FingerInfoE	Walaber::Widget::releaseFingerUp(int, Walaber::FingerInfo*)
Walaber::Widget_Label	0	0	22	0x36d670	_ZN7Walaber6Widget17releaseFingerLeftEiPNS_10FingerInfoE	Walaber::Widget::releaseFingerLeft(int, Walaber::FingerInfo*)
Walaber::Widget_Label	0	0	23	0x36d678	_ZN7Walaber6Widget16notifyFingerLostEiPNS_10FingerInfoE	Walaber::Widget::notifyFingerLost(int, Walaber::FingerInfo*)
Walaber::Widget_Manipulator	0	0	0	0x380850	_ZN7Walaber18Widget_ManipulatorD2Ev	Walaber::Widget_Manipulator::~Widget_Manipulator()
Walaber::Widget_Manipulator	0	0	1	0x380888	_ZN7Walaber18Widget_ManipulatorD0Ev	Walaber::Widget_Manipulator::~Widget_Manipulator()
Walaber::Widget_Manipulator	0	0	2	0x36aad8	_ZN7Walaber6Widget16setLocalPositionERKNS_7Vector2E	Walaber::Widget::setLocalPosition(Walaber::Vector2 const&)
Walaber::Widget_Manipulator	0	0	3	0x36ac14	_ZN7Walaber6Widget13setLocalScaleERKNS_7Vector2E	Walaber::Widget::setLocalScale(Walaber::Vector2 const&)
Walaber::Widget_Manipulator	0	0	4	0x3ea940	_ZN7Walaber4Node13setLocalAngleERKf	Walaber::Node::setLocalAngle(float const&)
Walaber::Widget_Manipulator	0	0	5	0x36abf0	_ZN7Walaber6Widget19applyPositionOffsetERKNS_7Vector2E	Walaber::Widget::applyPositionOffset(Walaber::Vector2 const&)
Walaber::Widget_Manipulator	0	0	6	0x3ea9dc	_ZN7Walaber4Node16applyScaleOffsetERKNS_7Vector2E	Walaber::Node::applyScaleOffset(Walaber::Vector2 const&)
Walaber::Widget_Manipulator	0	0	7	0x3eaa2c	_ZN7Walaber4Node16applyAngleOffsetERKf	Walaber::Node::applyAngleOffset(float const&)
Walaber::Widget_Manipulator	0	0	8	0x36aa9c	_ZN7Walaber6Widget8setLayerEi	Walaber::Widget::setLayer(int)
Walaber::Widget_Manipulator	0	0	9	0x3808ec	_ZN7Walaber18Widget_Manipulator4drawEPNS_11SpriteBatchE	Walaber::Widget_Manipulator::draw(Walaber::SpriteBatch*)
Walaber::Widget_Manipulator	0	0	10	0x36ac38	_ZN7Walaber6Widget11setBaseSizeENS_7Vector2E	Walaber::Widget::setBaseSize(Walaber::Vector2)
Walaber::Widget_Manipulator	0	0	11	0x36d508	_ZN7Walaber6Widget11setRotationEf	Walaber::Widget::setRotation(float)
Walaber::Widget_Manipulator	0	0	12	0x36d568	_ZN7Walaber6Widget10setEnabledEb	Walaber::Widget::setEnabled(bool)
Walaber::Widget_Manipulator	0	0	13	0x36d574	_ZN7Walaber6Widget5resetEv	Walaber::Widget::reset()
Walaber::Widget_Manipulator	0	0	14	0x36d578	_ZN7Walaber6Widget7setFontERKNSt6__ndk112basic_stringIcNS1_11char_traitsIcEENS1_9allocatorIcEEEE	Walaber::Widget::setFont(std::__ndk1::basic_string<char, std::__ndk1::char_traits<char>, std::__ndk1::allocator<char>> const&)
Walaber::Widget_Manipulator	0	0	15	0x36d5a8	_ZN7Walaber6Widget10reloadFontEv	Walaber::Widget::reloadFont()
Walaber::Widget_Manipulator	0	0	16	0x3808c8	_ZN7Walaber18Widget_Manipulator6updateEfRNS_6Widget15WidgetActionRetE	Walaber::Widget_Manipulator::update(float, Walaber::Widget::WidgetActionRet&)
Walaber::Widget_Manipulator	0	0	17	0x380a40	_ZN7Walaber18Widget_Manipulator19acceptNewFingerDownEiPNS_10FingerInfoE	Walaber::Widget_Manipulator::acceptNewFingerDown(int, Walaber::FingerInfo*)
Walaber::Widget_Manipulator	0	0	18	0x380ad4	_ZN7Walaber18Widget_Manipulator22acceptNewFingerEnteredEiPNS_10FingerInfoE	Walaber::Widget_Manipulator::acceptNewFingerEntered(int, Walaber::FingerInfo*)
Walaber::Widget_Manipulator	0	0	19	0x380ae4	_ZN7Walaber18Widget_Manipulator18releaseFingerMovedEiPNS_10FingerInfoE	Walaber::Widget_Manipulator::releaseFingerMoved(int, Walaber::FingerInfo*)
Walaber::Widget_Manipulator	0	0	20	0x380adc	_ZN7Walaber18Widget_Manipulator19releaseFingerStayedEiPNS_10FingerInfoE	Walaber::Widget_Manipulator::releaseFingerStayed(int, Walaber::FingerInfo*)
Walaber::Widget_Manipulator	0	0	21	0x380b10	_ZN7Walaber18Widget_Manipulator15releaseFingerUpEiPNS_10FingerInfoE	Walaber::Widget_Manipulator::releaseFingerUp(int, Walaber::FingerInfo*)
Walaber::Widget_Manipulator	0	0	22	0x380b28	_ZN7Walaber18Widget_Manipulator17releaseFingerLeftEiPNS_10FingerInfoE	Walaber::Widget_Manipulator::releaseFingerLeft(int, Walaber::FingerInfo*)
Walaber::Widget_Manipulator	0	0	23	0x380b54	_ZN7Walaber18Widget_Manipulator16notifyFingerLostEiPNS_10FingerInfoE	Walaber::Widget_Manipulator::notifyFingerLost(int, Walaber::FingerInfo*)
Walaber::Widget_MovingTextBox	0	0	0	0x380e84	_ZN7Walaber20Widget_MovingTextBoxD1Ev	Walaber::Widget_MovingTextBox::~Widget_MovingTextBox()
Walaber::Widget_MovingTextBox	0	0	1	0x380f5c	_ZN7Walaber20Widget_MovingTextBoxD0Ev	Walaber::Widget_MovingTextBox::~Widget_MovingTextBox()
Walaber::Widget_MovingTextBox	0	0	2	0x36aad8	_ZN7Walaber6Widget16setLocalPositionERKNS_7Vector2E	Walaber::Widget::setLocalPosition(Walaber::Vector2 const&)
Walaber::Widget_MovingTextBox	0	0	3	0x36ac14	_ZN7Walaber6Widget13setLocalScaleERKNS_7Vector2E	Walaber::Widget::setLocalScale(Walaber::Vector2 const&)
Walaber::Widget_MovingTextBox	0	0	4	0x3ea940	_ZN7Walaber4Node13setLocalAngleERKf	Walaber::Node::setLocalAngle(float const&)
Walaber::Widget_MovingTextBox	0	0	5	0x36abf0	_ZN7Walaber6Widget19applyPositionOffsetERKNS_7Vector2E	Walaber::Widget::applyPositionOffset(Walaber::Vector2 const&)
Walaber::Widget_MovingTextBox	0	0	6	0x3ea9dc	_ZN7Walaber4Node16applyScaleOffsetERKNS_7Vector2E	Walaber::Node::applyScaleOffset(Walaber::Vector2 const&)
Walaber::Widget_MovingTextBox	0	0	7	0x3eaa2c	_ZN7Walaber4Node16applyAngleOffsetERKf	Walaber::Node::applyAngleOffset(float const&)
Walaber::Widget_MovingTextBox	0	0	8	0x36aa9c	_ZN7Walaber6Widget8setLayerEi	Walaber::Widget::setLayer(int)
Walaber::Widget_MovingTextBox	0	0	9	0x381508	_ZN7Walaber20Widget_MovingTextBox4drawEPNS_11SpriteBatchE	Walaber::Widget_MovingTextBox::draw(Walaber::SpriteBatch*)
Walaber::Widget_MovingTextBox	0	0	10	0x381860	_ZN7Walaber20Widget_MovingTextBox11setBaseSizeENS_7Vector2E	Walaber::Widget_MovingTextBox::setBaseSize(Walaber::Vector2)
Walaber::Widget_MovingTextBox	0	0	11	0x36d508	_ZN7Walaber6Widget11setRotationEf	Walaber::Widget::setRotation(float)
Walaber::Widget_MovingTextBox	0	0	12	0x36d568	_ZN7Walaber6Widget10setEnabledEb	Walaber::Widget::setEnabled(bool)
Walaber::Widget_MovingTextBox	0	0	13	0x3818bc	_ZN7Walaber20Widget_MovingTextBox5resetEv	Walaber::Widget_MovingTextBox::reset()
Walaber::Widget_MovingTextBox	0	0	14	0x36d578	_ZN7Walaber6Widget7setFontERKNSt6__ndk112basic_stringIcNS1_11char_traitsIcEENS1_9allocatorIcEEEE	Walaber::Widget::setFont(std::__ndk1::basic_string<char, std::__ndk1::char_traits<char>, std::__ndk1::allocator<char>> const&)
Walaber::Widget_MovingTextBox	0	0	15	0x36d5a8	_ZN7Walaber6Widget10reloadFontEv	Walaber::Widget::reloadFont()
Walaber::Widget_MovingTextBox	0	0	16	0x381344	_ZN7Walaber20Widget_MovingTextBox6updateEfRNS_6Widget15WidgetActionRetE	Walaber::Widget_MovingTextBox::update(float, Walaber::Widget::WidgetActionRet&)
Walaber::Widget_MovingTextBox	0	0	17	0x38173c	_ZN7Walaber20Widget_MovingTextBox19acceptNewFingerDownEiPNS_10FingerInfoE	Walaber::Widget_MovingTextBox::acceptNewFingerDown(int, Walaber::FingerInfo*)
Walaber::Widget_MovingTextBox	0	0	18	0x36d654	_ZN7Walaber6Widget22acceptNewFingerEnteredEiPNS_10FingerInfoE	Walaber::Widget::acceptNewFingerEntered(int, Walaber::FingerInfo*)
Walaber::Widget_MovingTextBox	0	0	19	0x3818c8	_ZN7Walaber20Widget_MovingTextBox18releaseFingerMovedEiPNS_10FingerInfoE	Walaber::Widget_MovingTextBox::releaseFingerMoved(int, Walaber::FingerInfo*)
Walaber::Widget_MovingTextBox	0	0	20	0x3818d8	_ZN7Walaber20Widget_MovingTextBox19releaseFingerStayedEiPNS_10FingerInfoE	Walaber::Widget_MovingTextBox::releaseFingerStayed(int, Walaber::FingerInfo*)
Walaber::Widget_MovingTextBox	0	0	21	0x381794	_ZN7Walaber20Widget_MovingTextBox15releaseFingerUpEiPNS_10FingerInfoE	Walaber::Widget_MovingTextBox::releaseFingerUp(int, Walaber::FingerInfo*)
Walaber::Widget_MovingTextBox	0	0	22	0x3817ec	_ZN7Walaber20Widget_MovingTextBox17releaseFingerLeftEiPNS_10FingerInfoE	Walaber::Widget_MovingTextBox::releaseFingerLeft(int, Walaber::FingerInfo*)
Walaber::Widget_MovingTextBox	0	0	23	0x381848	_ZN7Walaber20Widget_MovingTextBox16notifyFingerLostEiPNS_10FingerInfoE	Walaber::Widget_MovingTextBox::notifyFingerLost(int, Walaber::FingerInfo*)
Walaber::Widget_NumberSpinner	0	0	0	0x381be0	_ZN7Walaber20Widget_NumberSpinnerD2Ev	Walaber::Widget_NumberSpinner::~Widget_NumberSpinner()
Walaber::Widget_NumberSpinner	0	0	1	0x381c68	_ZN7Walaber20Widget_NumberSpinnerD0Ev	Walaber::Widget_NumberSpinner::~Widget_NumberSpinner()
Walaber::Widget_NumberSpinner	0	0	2	0x36aad8	_ZN7Walaber6Widget16setLocalPositionERKNS_7Vector2E	Walaber::Widget::setLocalPosition(Walaber::Vector2 const&)
Walaber::Widget_NumberSpinner	0	0	3	0x36ac14	_ZN7Walaber6Widget13setLocalScaleERKNS_7Vector2E	Walaber::Widget::setLocalScale(Walaber::Vector2 const&)
Walaber::Widget_NumberSpinner	0	0	4	0x3ea940	_ZN7Walaber4Node13setLocalAngleERKf	Walaber::Node::setLocalAngle(float const&)
Walaber::Widget_NumberSpinner	0	0	5	0x36abf0	_ZN7Walaber6Widget19applyPositionOffsetERKNS_7Vector2E	Walaber::Widget::applyPositionOffset(Walaber::Vector2 const&)
Walaber::Widget_NumberSpinner	0	0	6	0x3ea9dc	_ZN7Walaber4Node16applyScaleOffsetERKNS_7Vector2E	Walaber::Node::applyScaleOffset(Walaber::Vector2 const&)
Walaber::Widget_NumberSpinner	0	0	7	0x3eaa2c	_ZN7Walaber4Node16applyAngleOffsetERKf	Walaber::Node::applyAngleOffset(float const&)
Walaber::Widget_NumberSpinner	0	0	8	0x36aa9c	_ZN7Walaber6Widget8setLayerEi	Walaber::Widget::setLayer(int)
Walaber::Widget_NumberSpinner	0	0	9	0x382048	_ZN7Walaber20Widget_NumberSpinner4drawEPNS_11SpriteBatchE	Walaber::Widget_NumberSpinner::draw(Walaber::SpriteBatch*)
Walaber::Widget_NumberSpinner	0	0	10	0x36ac38	_ZN7Walaber6Widget11setBaseSizeENS_7Vector2E	Walaber::Widget::setBaseSize(Walaber::Vector2)
Walaber::Widget_NumberSpinner	0	0	11	0x36d508	_ZN7Walaber6Widget11setRotationEf	Walaber::Widget::setRotation(float)
Walaber::Widget_NumberSpinner	0	0	12	0x36d568	_ZN7Walaber6Widget10setEnabledEb	Walaber::Widget::setEnabled(bool)
Walaber::Widget_NumberSpinner	0	0	13	0x3827ec	_ZN7Walaber20Widget_NumberSpinner5resetEv	Walaber::Widget_NumberSpinner::reset()
Walaber::Widget_NumberSpinner	0	0	14	0x36d578	_ZN7Walaber6Widget7setFontERKNSt6__ndk112basic_stringIcNS1_11char_traitsIcEENS1_9allocatorIcEEEE	Walaber::Widget::setFont(std::__ndk1::basic_string<char, std::__ndk1::char_traits<char>, std::__ndk1::allocator<char>> const&)
Walaber::Widget_NumberSpinner	0	0	15	0x36d5a8	_ZN7Walaber6Widget10reloadFontEv	Walaber::Widget::reloadFont()
Walaber::Widget_NumberSpinner	0	0	16	0x381df0	_ZN7Walaber20Widget_NumberSpinner6updateEfRNS_6Widget15WidgetActionRetE	Walaber::Widget_NumberSpinner::update(float, Walaber::Widget::WidgetActionRet&)
Walaber::Widget_NumberSpinner	0	0	17	0x382678	_ZN7Walaber20Widget_NumberSpinner19acceptNewFingerDownEiPNS_10FingerInfoE	Walaber::Widget_NumberSpinner::acceptNewFingerDown(int, Walaber::FingerInfo*)
Walaber::Widget_NumberSpinner	0	0	18	0x382698	_ZN7Walaber20Widget_NumberSpinner22acceptNewFingerEnteredEiPNS_10FingerInfoE	Walaber::Widget_NumberSpinner::acceptNewFingerEntered(int, Walaber::FingerInfo*)
Walaber::Widget_NumberSpinner	0	0	19	0x382764	_ZN7Walaber20Widget_NumberSpinner18releaseFingerMovedEiPNS_10FingerInfoE	Walaber::Widget_NumberSpinner::releaseFingerMoved(int, Walaber::FingerInfo*)
Walaber::Widget_NumberSpinner	0	0	20	0x3826b4	_ZN7Walaber20Widget_NumberSpinner19releaseFingerStayedEiPNS_10FingerInfoE	Walaber::Widget_NumberSpinner::releaseFingerStayed(int, Walaber::FingerInfo*)
Walaber::Widget_NumberSpinner	0	0	21	0x382788	_ZN7Walaber20Widget_NumberSpinner15releaseFingerUpEiPNS_10FingerInfoE	Walaber::Widget_NumberSpinner::releaseFingerUp(int, Walaber::FingerInfo*)
Walaber::Widget_NumberSpinner	0	0	22	0x3827a0	_ZN7Walaber20Widget_NumberSpinner17releaseFingerLeftEiPNS_10FingerInfoE	Walaber::Widget_NumberSpinner::releaseFingerLeft(int, Walaber::FingerInfo*)
Walaber::Widget_NumberSpinner	0	0	23	0x3827d4	_ZN7Walaber20Widget_NumberSpinner16notifyFingerLostEiPNS_10FingerInfoE	Walaber::Widget_NumberSpinner::notifyFingerLost(int, Walaber::FingerInfo*)
Walaber::Widget_ProgressBar	0	0	0	0x382f14	_ZN7Walaber18Widget_ProgressBarD2Ev	Walaber::Widget_ProgressBar::~Widget_ProgressBar()
Walaber::Widget_ProgressBar	0	0	1	0x382f54	_ZN7Walaber18Widget_ProgressBarD0Ev	Walaber::Widget_ProgressBar::~Widget_ProgressBar()
Walaber::Widget_ProgressBar	0	0	2	0x36aad8	_ZN7Walaber6Widget16setLocalPositionERKNS_7Vector2E	Walaber::Widget::setLocalPosition(Walaber::Vector2 const&)
Walaber::Widget_ProgressBar	0	0	3	0x36ac14	_ZN7Walaber6Widget13setLocalScaleERKNS_7Vector2E	Walaber::Widget::setLocalScale(Walaber::Vector2 const&)
Walaber::Widget_ProgressBar	0	0	4	0x3ea940	_ZN7Walaber4Node13setLocalAngleERKf	Walaber::Node::setLocalAngle(float const&)
Walaber::Widget_ProgressBar	0	0	5	0x36abf0	_ZN7Walaber6Widget19applyPositionOffsetERKNS_7Vector2E	Walaber::Widget::applyPositionOffset(Walaber::Vector2 const&)
Walaber::Widget_ProgressBar	0	0	6	0x3ea9dc	_ZN7Walaber4Node16applyScaleOffsetERKNS_7Vector2E	Walaber::Node::applyScaleOffset(Walaber::Vector2 const&)
Walaber::Widget_ProgressBar	0	0	7	0x3eaa2c	_ZN7Walaber4Node16applyAngleOffsetERKf	Walaber::Node::applyAngleOffset(float const&)
Walaber::Widget_ProgressBar	0	0	8	0x36aa9c	_ZN7Walaber6Widget8setLayerEi	Walaber::Widget::setLayer(int)
Walaber::Widget_ProgressBar	0	0	9	0x382fa4	_ZN7Walaber18Widget_ProgressBar4drawEPNS_11SpriteBatchE	Walaber::Widget_ProgressBar::draw(Walaber::SpriteBatch*)
Walaber::Widget_ProgressBar	0	0	10	0x36ac38	_ZN7Walaber6Widget11setBaseSizeENS_7Vector2E	Walaber::Widget::setBaseSize(Walaber::Vector2)
Walaber::Widget_ProgressBar	0	0	11	0x36d508	_ZN7Walaber6Widget11setRotationEf	Walaber::Widget::setRotation(float)
Walaber::Widget_ProgressBar	0	0	12	0x36d568	_ZN7Walaber6Widget10setEnabledEb	Walaber::Widget::setEnabled(bool)
Walaber::Widget_ProgressBar	0	0	13	0x36d574	_ZN7Walaber6Widget5resetEv	Walaber::Widget::reset()
Walaber::Widget_ProgressBar	0	0	14	0x36d578	_ZN7Walaber6Widget7setFontERKNSt6__ndk112basic_stringIcNS1_11char_traitsIcEENS1_9allocatorIcEEEE	Walaber::Widget::setFont(std::__ndk1::basic_string<char, std::__ndk1::char_traits<char>, std::__ndk1::allocator<char>> const&)
Walaber::Widget_ProgressBar	0	0	15	0x36d5a8	_ZN7Walaber6Widget10reloadFontEv	Walaber::Widget::reloadFont()
Walaber::Widget_ProgressBar	0	0	16	0x382f78	_ZN7Walaber18Widget_ProgressBar6updateEfRNS_6Widget15WidgetActionRetE	Walaber::Widget_ProgressBar::update(float, Walaber::Widget::WidgetActionRet&)
Walaber::Widget_ProgressBar	0	0	17	0x36d64c	_ZN7Walaber6Widget19acceptNewFingerDownEiPNS_10FingerInfoE	Walaber::Widget::acceptNewFingerDown(int, Walaber::FingerInfo*)
Walaber::Widget_ProgressBar	0	0	18	0x36d654	_ZN7Walaber6Widget22acceptNewFingerEnteredEiPNS_10FingerInfoE	Walaber::Widget::acceptNewFingerEntered(int, Walaber::FingerInfo*)
Walaber::Widget_ProgressBar	0	0	19	0x36d65c	_ZN7Walaber6Widget18releaseFingerMovedEiPNS_10FingerInfoE	Walaber::Widget::releaseFingerMoved(int, Walaber::FingerInfo*)
Walaber::Widget_ProgressBar	0	0	20	0x36d664	_ZN7Walaber6Widget19releaseFingerStayedEiPNS_10FingerInfoE	Walaber::Widget::releaseFingerStayed(int, Walaber::FingerInfo*)
Walaber::Widget_ProgressBar	0	0	21	0x36d66c	_ZN7Walaber6Widget15releaseFingerUpEiPNS_10FingerInfoE	Walaber::Widget::releaseFingerUp(int, Walaber::FingerInfo*)
Walaber::Widget_ProgressBar	0	0	22	0x36d670	_ZN7Walaber6Widget17releaseFingerLeftEiPNS_10FingerInfoE	Walaber::Widget::releaseFingerLeft(int, Walaber::FingerInfo*)
Walaber::Widget_ProgressBar	0	0	23	0x36d678	_ZN7Walaber6Widget16notifyFingerLostEiPNS_10FingerInfoE	Walaber::Widget::notifyFingerLost(int, Walaber::FingerInfo*)
Walaber::Widget_PushButton	0	0	0	0x383c00	_ZN7Walaber17Widget_PushButtonD1Ev	Walaber::Widget_PushButton::~Widget_PushButton()
Walaber::Widget_PushButton	0	0	1	0x383c60	_ZN7Walaber17Widget_PushButtonD0Ev	Walaber::Widget_PushButton::~Widget_PushButton()
Walaber::Widget_PushButton	0	0	2	0x384474	_ZN7Walaber17Widget_PushButton16setLocalPositionERKNS_7Vector2E	Walaber::Widget_PushButton::setLocalPosition(Walaber::Vector2 const&)
Walaber::Widget_PushButton	0	0	3	0x384528	_ZN7Walaber17Widget_PushButton13setLocalScaleERKNS_7Vector2E	Walaber::Widget_PushButton::setLocalScale(Walaber::Vector2 const&)
Walaber::Widget_PushButton	0	0	4	0x3ea940	_ZN7Walaber4Node13setLocalAngleERKf	Walaber::Node::setLocalAngle(float const&)
Walaber::Widget_PushButton	0	0	5	0x3844e8	_ZN7Walaber17Widget_PushButton19applyPositionOffsetERKNS_7Vector2E	Walaber::Widget_PushButton::applyPositionOffset(Walaber::Vector2 const&)
Walaber::Widget_PushButton	0	0	6	0x3ea9dc	_ZN7Walaber4Node16applyScaleOffsetERKNS_7Vector2E	Walaber::Node::applyScaleOffset(Walaber::Vector2 const&)
Walaber::Widget_PushButton	0	0	7	0x3eaa2c	_ZN7Walaber4Node16applyAngleOffsetERKf	Walaber::Node::applyAngleOffset(float const&)
Walaber::Widget_PushButton	0	0	8	0x36aa9c	_ZN7Walaber6Widget8setLayerEi	Walaber::Widget::setLayer(int)
Walaber::Widget_PushButton	0	0	9	0x383dd0	_ZN7Walaber17Widget_PushButton4drawEPNS_11SpriteBatchE	Walaber::Widget_PushButton::draw(Walaber::SpriteBatch*)
Walaber::Widget_PushButton	0	0	10	0x36ac38	_ZN7Walaber6Widget11setBaseSizeENS_7Vector2E	Walaber::Widget::setBaseSize(Walaber::Vector2)
Walaber::Widget_PushButton	0	0	11	0x36d508	_ZN7Walaber6Widget11setRotationEf	Walaber::Widget::setRotation(float)
Walaber::Widget_PushButton	0	0	12	0x36d568	_ZN7Walaber6Widget10setEnabledEb	Walaber::Widget::setEnabled(bool)
Walaber::Widget_PushButton	0	0	13	0x3846b0	_ZN7Walaber17Widget_PushButton5resetEv	Walaber::Widget_PushButton::reset()
Walaber::Widget_PushButton	0	0	14	0x36d578	_ZN7Walaber6Widget7setFontERKNSt6__ndk112basic_stringIcNS1_11char_traitsIcEENS1_9allocatorIcEEEE	Walaber::Widget::setFont(std::__ndk1::basic_string<char, std::__ndk1::char_traits<char>, std::__ndk1::allocator<char>> const&)
Walaber::Widget_PushButton	0	0	15	0x3846c8	_ZN7Walaber17Widget_PushButton10reloadFontEv	Walaber::Widget_PushButton::reloadFont()
Walaber::Widget_PushButton	0	0	16	0x383d24	_ZN7Walaber17Widget_PushButton6updateEfRNS_6Widget15WidgetActionRetE	Walaber::Widget_PushButton::update(float, Walaber::Widget::WidgetActionRet&)
Walaber::Widget_PushButton	0	0	17	0x38454c	_ZN7Walaber17Widget_PushButton19acceptNewFingerDownEiPNS_10FingerInfoE	Walaber::Widget_PushButton::acceptNewFingerDown(int, Walaber::FingerInfo*)
Walaber::Widget_PushButton	0	0	18	0x3845a8	_ZN7Walaber17Widget_PushButton22acceptNewFingerEnteredEiPNS_10FingerInfoE	Walaber::Widget_PushButton::acceptNewFingerEntered(int, Walaber::FingerInfo*)
Walaber::Widget_PushButton	0	0	19	0x384600	_ZN7Walaber17Widget_PushButton18releaseFingerMovedEiPNS_10FingerInfoE	Walaber::Widget_PushButton::releaseFingerMoved(int, Walaber::FingerInfo*)
Walaber::Widget_PushButton	0	0	20	0x3845f8	_ZN7Walaber17Widget_PushButton19releaseFingerStayedEiPNS_10FingerInfoE	Walaber::Widget_PushButton::releaseFingerStayed(int, Walaber::FingerInfo*)
Walaber::Widget_PushButton	0	0	21	0x384608	_ZN7Walaber17Widget_PushButton15releaseFingerUpEiPNS_10FingerInfoE	Walaber::Widget_PushButton::releaseFingerUp(int, Walaber::FingerInfo*)
Walaber::Widget_PushButton	0	0	22	0x384654	_ZN7Walaber17Widget_PushButton17releaseFingerLeftEiPNS_10FingerInfoE	Walaber::Widget_PushButton::releaseFingerLeft(int, Walaber::FingerInfo*)
Walaber::Widget_PushButton	0	0	23	0x384694	_ZN7Walaber17Widget_PushButton16notifyFingerLostEiPNS_10FingerInfoE	Walaber::Widget_PushButton::notifyFingerLost(int, Walaber::FingerInfo*)
Walaber::Widget_ScoreCounter	0	0	0	0x384efc	_ZN7Walaber19Widget_ScoreCounterD1Ev	Walaber::Widget_ScoreCounter::~Widget_ScoreCounter()
Walaber::Widget_ScoreCounter	0	0	1	0x385000	_ZN7Walaber19Widget_ScoreCounterD0Ev	Walaber::Widget_ScoreCounter::~Widget_ScoreCounter()
Walaber::Widget_ScoreCounter	0	0	2	0x36aad8	_ZN7Walaber6Widget16setLocalPositionERKNS_7Vector2E	Walaber::Widget::setLocalPosition(Walaber::Vector2 const&)
Walaber::Widget_ScoreCounter	0	0	3	0x36ac14	_ZN7Walaber6Widget13setLocalScaleERKNS_7Vector2E	Walaber::Widget::setLocalScale(Walaber::Vector2 const&)
Walaber::Widget_ScoreCounter	0	0	4	0x3ea940	_ZN7Walaber4Node13setLocalAngleERKf	Walaber::Node::setLocalAngle(float const&)
Walaber::Widget_ScoreCounter	0	0	5	0x36abf0	_ZN7Walaber6Widget19applyPositionOffsetERKNS_7Vector2E	Walaber::Widget::applyPositionOffset(Walaber::Vector2 const&)
Walaber::Widget_ScoreCounter	0	0	6	0x3ea9dc	_ZN7Walaber4Node16applyScaleOffsetERKNS_7Vector2E	Walaber::Node::applyScaleOffset(Walaber::Vector2 const&)
Walaber::Widget_ScoreCounter	0	0	7	0x3eaa2c	_ZN7Walaber4Node16applyAngleOffsetERKf	Walaber::Node::applyAngleOffset(float const&)
Walaber::Widget_ScoreCounter	0	0	8	0x36aa9c	_ZN7Walaber6Widget8setLayerEi	Walaber::Widget::setLayer(int)
Walaber::Widget_ScoreCounter	0	0	9	0x3856ac	_ZN7Walaber19Widget_ScoreCounter4drawEPNS_11SpriteBatchE	Walaber::Widget_ScoreCounter::draw(Walaber::SpriteBatch*)
Walaber::Widget_ScoreCounter	0	0	10	0x385bc0	_ZN7Walaber19Widget_ScoreCounter11setBaseSizeENS_7Vector2E	Walaber::Widget_ScoreCounter::setBaseSize(Walaber::Vector2)
Walaber::Widget_ScoreCounter	0	0	11	0x36d508	_ZN7Walaber6Widget11setRotationEf	Walaber::Widget::setRotation(float)
Walaber::Widget_ScoreCounter	0	0	12	0x36d568	_ZN7Walaber6Widget10setEnabledEb	Walaber::Widget::setEnabled(bool)
Walaber::Widget_ScoreCounter	0	0	13	0x385c1c	_ZN7Walaber19Widget_ScoreCounter5resetEv	Walaber::Widget_ScoreCounter::reset()
Walaber::Widget_ScoreCounter	0	0	14	0x36d578	_ZN7Walaber6Widget7setFontERKNSt6__ndk112basic_stringIcNS1_11char_traitsIcEENS1_9allocatorIcEEEE	Walaber::Widget::setFont(std::__ndk1::basic_string<char, std::__ndk1::char_traits<char>, std::__ndk1::allocator<char>> const&)
Walaber::Widget_ScoreCounter	0	0	15	0x36d5a8	_ZN7Walaber6Widget10reloadFontEv	Walaber::Widget::reloadFont()
Walaber::Widget_ScoreCounter	0	0	16	0x38545c	_ZN7Walaber19Widget_ScoreCounter6updateEfRNS_6Widget15WidgetActionRetE	Walaber::Widget_ScoreCounter::update(float, Walaber::Widget::WidgetActionRet&)
Walaber::Widget_ScoreCounter	0	0	17	0x385a9c	_ZN7Walaber19Widget_ScoreCounter19acceptNewFingerDownEiPNS_10FingerInfoE	Walaber::Widget_ScoreCounter::acceptNewFingerDown(int, Walaber::FingerInfo*)
Walaber::Widget_ScoreCounter	0	0	18	0x36d654	_ZN7Walaber6Widget22acceptNewFingerEnteredEiPNS_10FingerInfoE	Walaber::Widget::acceptNewFingerEntered(int, Walaber::FingerInfo*)
Walaber::Widget_ScoreCounter	0	0	19	0x385c28	_ZN7Walaber19Widget_ScoreCounter18releaseFingerMovedEiPNS_10FingerInfoE	Walaber::Widget_ScoreCounter::releaseFingerMoved(int, Walaber::FingerInfo*)
Walaber::Widget_ScoreCounter	0	0	20	0x385c38	_ZN7Walaber19Widget_ScoreCounter19releaseFingerStayedEiPNS_10FingerInfoE	Walaber::Widget_ScoreCounter::releaseFingerStayed(int, Walaber::FingerInfo*)
Walaber::Widget_ScoreCounter	0	0	21	0x385af4	_ZN7Walaber19Widget_ScoreCounter15releaseFingerUpEiPNS_10FingerInfoE	Walaber::Widget_ScoreCounter::releaseFingerUp(int, Walaber::FingerInfo*)
Walaber::Widget_ScoreCounter	0	0	22	0x385b4c	_ZN7Walaber19Widget_ScoreCounter17releaseFingerLeftEiPNS_10FingerInfoE	Walaber::Widget_ScoreCounter::releaseFingerLeft(int, Walaber::FingerInfo*)
Walaber::Widget_ScoreCounter	0	0	23	0x385ba8	_ZN7Walaber19Widget_ScoreCounter16notifyFingerLostEiPNS_10FingerInfoE	Walaber::Widget_ScoreCounter::notifyFingerLost(int, Walaber::FingerInfo*)
Walaber::Widget_ScrollableCamera	0	0	0	0x386120	_ZN7Walaber23Widget_ScrollableCameraD1Ev	Walaber::Widget_ScrollableCamera::~Widget_ScrollableCamera()
Walaber::Widget_ScrollableCamera	0	0	1	0x3861c8	_ZN7Walaber23Widget_ScrollableCameraD0Ev	Walaber::Widget_ScrollableCamera::~Widget_ScrollableCamera()
Walaber::Widget_ScrollableCamera	0	0	2	0x36aad8	_ZN7Walaber6Widget16setLocalPositionERKNS_7Vector2E	Walaber::Widget::setLocalPosition(Walaber::Vector2 const&)
Walaber::Widget_ScrollableCamera	0	0	3	0x36ac14	_ZN7Walaber6Widget13setLocalScaleERKNS_7Vector2E	Walaber::Widget::setLocalScale(Walaber::Vector2 const&)
Walaber::Widget_ScrollableCamera	0	0	4	0x3ea940	_ZN7Walaber4Node13setLocalAngleERKf	Walaber::Node::setLocalAngle(float const&)
Walaber::Widget_ScrollableCamera	0	0	5	0x36abf0	_ZN7Walaber6Widget19applyPositionOffsetERKNS_7Vector2E	Walaber::Widget::applyPositionOffset(Walaber::Vector2 const&)
Walaber::Widget_ScrollableCamera	0	0	6	0x3ea9dc	_ZN7Walaber4Node16applyScaleOffsetERKNS_7Vector2E	Walaber::Node::applyScaleOffset(Walaber::Vector2 const&)
Walaber::Widget_ScrollableCamera	0	0	7	0x3eaa2c	_ZN7Walaber4Node16applyAngleOffsetERKf	Walaber::Node::applyAngleOffset(float const&)
Walaber::Widget_ScrollableCamera	0	0	8	0x36aa9c	_ZN7Walaber6Widget8setLayerEi	Walaber::Widget::setLayer(int)
Walaber::Widget_ScrollableCamera	0	0	9	0x3868bc	_ZN7Walaber23Widget_ScrollableCamera4drawEPNS_11SpriteBatchE	Walaber::Widget_ScrollableCamera::draw(Walaber::SpriteBatch*)
Walaber::Widget_ScrollableCamera	0	0	10	0x36ac38	_ZN7Walaber6Widget11setBaseSizeENS_7Vector2E	Walaber::Widget::setBaseSize(Walaber::Vector2)
Walaber::Widget_ScrollableCamera	0	0	11	0x36d508	_ZN7Walaber6Widget11setRotationEf	Walaber::Widget::setRotation(float)
Walaber::Widget_ScrollableCamera	0	0	12	0x36d568	_ZN7Walaber6Widget10setEnabledEb	Walaber::Widget::setEnabled(bool)
Walaber::Widget_ScrollableCamera	0	0	13	0x36d574	_ZN7Walaber6Widget5resetEv	Walaber::Widget::reset()
Walaber::Widget_ScrollableCamera	0	0	14	0x36d578	_ZN7Walaber6Widget7setFontERKNSt6__ndk112basic_stringIcNS1_11char_traitsIcEENS1_9allocatorIcEEEE	Walaber::Widget::setFont(std::__ndk1::basic_string<char, std::__ndk1::char_traits<char>, std::__ndk1::allocator<char>> const&)
Walaber::Widget_ScrollableCamera	0	0	15	0x36d5a8	_ZN7Walaber6Widget10reloadFontEv	Walaber::Widget::reloadFont()
Walaber::Widget_ScrollableCamera	0	0	16	0x38639c	_ZN7Walaber23Widget_ScrollableCamera6updateEfRNS_6Widget15WidgetActionRetE	Walaber::Widget_ScrollableCamera::update(float, Walaber::Widget::WidgetActionRet&)
Walaber::Widget_ScrollableCamera	0	0	17	0x386d40	_ZN7Walaber23Widget_ScrollableCamera19acceptNewFingerDownEiPNS_10FingerInfoE	Walaber::Widget_ScrollableCamera::acceptNewFingerDown(int, Walaber::FingerInfo*)
Walaber::Widget_ScrollableCamera	0	0	18	0x386e2c	_ZN7Walaber23Widget_ScrollableCamera22acceptNewFingerEnteredEiPNS_10FingerInfoE	Walaber::Widget_ScrollableCamera::acceptNewFingerEntered(int, Walaber::FingerInfo*)
Walaber::Widget_ScrollableCamera	0	0	19	0x386efc	_ZN7Walaber23Widget_ScrollableCamera18releaseFingerMovedEiPNS_10FingerInfoE	Walaber::Widget_ScrollableCamera::releaseFingerMoved(int, Walaber::FingerInfo*)
Walaber::Widget_ScrollableCamera	0	0	20	0x386eb8	_ZN7Walaber23Widget_ScrollableCamera19releaseFingerStayedEiPNS_10FingerInfoE	Walaber::Widget_ScrollableCamera::releaseFingerStayed(int, Walaber::FingerInfo*)
Walaber::Widget_ScrollableCamera	0	0	21	0x386f68	_ZN7Walaber23Widget_ScrollableCamera15releaseFingerUpEiPNS_10FingerInfoE	Walaber::Widget_ScrollableCamera::releaseFingerUp(int, Walaber::FingerInfo*)
Walaber::Widget_ScrollableCamera	0	0	22	0x38701c	_ZN7Walaber23Widget_ScrollableCamera17releaseFingerLeftEiPNS_10FingerInfoE	Walaber::Widget_ScrollableCamera::releaseFingerLeft(int, Walaber::FingerInfo*)
Walaber::Widget_ScrollableCamera	0	0	23	0x3870d4	_ZN7Walaber23Widget_ScrollableCamera16notifyFingerLostEiPNS_10FingerInfoE	Walaber::Widget_ScrollableCamera::notifyFingerLost(int, Walaber::FingerInfo*)
Walaber::Widget_ScrollableGroup	0	0	0	0x3874c4	_ZN7Walaber22Widget_ScrollableGroupD1Ev	Walaber::Widget_ScrollableGroup::~Widget_ScrollableGroup()
Walaber::Widget_ScrollableGroup	0	0	1	0x387508	_ZN7Walaber22Widget_ScrollableGroupD0Ev	Walaber::Widget_ScrollableGroup::~Widget_ScrollableGroup()
Walaber::Widget_ScrollableGroup	0	0	2	0x36aad8	_ZN7Walaber6Widget16setLocalPositionERKNS_7Vector2E	Walaber::Widget::setLocalPosition(Walaber::Vector2 const&)
Walaber::Widget_ScrollableGroup	0	0	3	0x36ac14	_ZN7Walaber6Widget13setLocalScaleERKNS_7Vector2E	Walaber::Widget::setLocalScale(Walaber::Vector2 const&)
Walaber::Widget_ScrollableGroup	0	0	4	0x3ea940	_ZN7Walaber4Node13setLocalAngleERKf	Walaber::Node::setLocalAngle(float const&)
Walaber::Widget_ScrollableGroup	0	0	5	0x36abf0	_ZN7Walaber6Widget19applyPositionOffsetERKNS_7Vector2E	Walaber::Widget::applyPositionOffset(Walaber::Vector2 const&)
Walaber::Widget_ScrollableGroup	0	0	6	0x3ea9dc	_ZN7Walaber4Node16applyScaleOffsetERKNS_7Vector2E	Walaber::Node::applyScaleOffset(Walaber::Vector2 const&)
Walaber::Widget_ScrollableGroup	0	0	7	0x3eaa2c	_ZN7Walaber4Node16applyAngleOffsetERKf	Walaber::Node::applyAngleOffset(float const&)
Walaber::Widget_ScrollableGroup	0	0	8	0x36aa9c	_ZN7Walaber6Widget8setLayerEi	Walaber::Widget::setLayer(int)
Walaber::Widget_ScrollableGroup	0	0	9	0x387c8c	_ZN7Walaber22Widget_ScrollableGroup4drawEPNS_11SpriteBatchE	Walaber::Widget_ScrollableGroup::draw(Walaber::SpriteBatch*)
Walaber::Widget_ScrollableGroup	0	0	10	0x36ac38	_ZN7Walaber6Widget11setBaseSizeENS_7Vector2E	Walaber::Widget::setBaseSize(Walaber::Vector2)
Walaber::Widget_ScrollableGroup	0	0	11	0x36d508	_ZN7Walaber6Widget11setRotationEf	Walaber::Widget::setRotation(float)
Walaber::Widget_ScrollableGroup	0	0	12	0x36d568	_ZN7Walaber6Widget10setEnabledEb	Walaber::Widget::setEnabled(bool)
Walaber::Widget_ScrollableGroup	0	0	13	0x36d574	_ZN7Walaber6Widget5resetEv	Walaber::Widget::reset()
Walaber::Widget_ScrollableGroup	0	0	14	0x36d578	_ZN7Walaber6Widget7setFontERKNSt6__ndk112basic_stringIcNS1_11char_traitsIcEENS1_9allocatorIcEEEE	Walaber::Widget::setFont(std::__ndk1::basic_string<char, std::__ndk1::char_traits<char>, std::__ndk1::allocator<char>> const&)
Walaber::Widget_ScrollableGroup	0	0	15	0x36d5a8	_ZN7Walaber6Widget10reloadFontEv	Walaber::Widget::reloadFont()
Walaber::Widget_ScrollableGroup	0	0	16	0x387abc	_ZN7Walaber22Widget_ScrollableGroup6updateEfRNS_6Widget15WidgetActionRetE	Walaber::Widget_ScrollableGroup::update(float, Walaber::Widget::WidgetActionRet&)
Walaber::Widget_ScrollableGroup	0	0	17	0x387c90	_ZN7Walaber22Widget_ScrollableGroup19acceptNewFingerDownEiPNS_10FingerInfoE	Walaber::Widget_ScrollableGroup::acceptNewFingerDown(int, Walaber::FingerInfo*)
Walaber::Widget_ScrollableGroup	0	0	18	0x387e00	_ZN7Walaber22Widget_ScrollableGroup22acceptNewFingerEnteredEiPNS_10FingerInfoE	Walaber::Widget_ScrollableGroup::acceptNewFingerEntered(int, Walaber::FingerInfo*)
Walaber::Widget_ScrollableGroup	0	0	19	0x387e68	_ZN7Walaber22Widget_ScrollableGroup18releaseFingerMovedEiPNS_10FingerInfoE	Walaber::Widget_ScrollableGroup::releaseFingerMoved(int, Walaber::FingerInfo*)
Walaber::Widget_ScrollableGroup	0	0	20	0x387e48	_ZN7Walaber22Widget_ScrollableGroup19releaseFingerStayedEiPNS_10FingerInfoE	Walaber::Widget_ScrollableGroup::releaseFingerStayed(int, Walaber::FingerInfo*)
Walaber::Widget_ScrollableGroup	0	0	21	0x387e88	_ZN7Walaber22Widget_ScrollableGroup15releaseFingerUpEiPNS_10FingerInfoE	Walaber::Widget_ScrollableGroup::releaseFingerUp(int, Walaber::FingerInfo*)
Walaber::Widget_ScrollableGroup	0	0	22	0x387e9c	_ZN7Walaber22Widget_ScrollableGroup17releaseFingerLeftEiPNS_10FingerInfoE	Walaber::Widget_ScrollableGroup::releaseFingerLeft(int, Walaber::FingerInfo*)
Walaber::Widget_ScrollableGroup	0	0	23	0x387eb8	_ZN7Walaber22Widget_ScrollableGroup16notifyFingerLostEiPNS_10FingerInfoE	Walaber::Widget_ScrollableGroup::notifyFingerLost(int, Walaber::FingerInfo*)
Walaber::Widget_ScrollableSet	0	0	0	0x38808c	_ZN7Walaber20Widget_ScrollableSetD2Ev	Walaber::Widget_ScrollableSet::~Widget_ScrollableSet()
Walaber::Widget_ScrollableSet	0	0	1	0x3880dc	_ZN7Walaber20Widget_ScrollableSetD0Ev	Walaber::Widget_ScrollableSet::~Widget_ScrollableSet()
Walaber::Widget_ScrollableSet	0	0	2	0x36aad8	_ZN7Walaber6Widget16setLocalPositionERKNS_7Vector2E	Walaber::Widget::setLocalPosition(Walaber::Vector2 const&)
Walaber::Widget_ScrollableSet	0	0	3	0x36ac14	_ZN7Walaber6Widget13setLocalScaleERKNS_7Vector2E	Walaber::Widget::setLocalScale(Walaber::Vector2 const&)
Walaber::Widget_ScrollableSet	0	0	4	0x3ea940	_ZN7Walaber4Node13setLocalAngleERKf	Walaber::Node::setLocalAngle(float const&)
Walaber::Widget_ScrollableSet	0	0	5	0x36abf0	_ZN7Walaber6Widget19applyPositionOffsetERKNS_7Vector2E	Walaber::Widget::applyPositionOffset(Walaber::Vector2 const&)
Walaber::Widget_ScrollableSet	0	0	6	0x3ea9dc	_ZN7Walaber4Node16applyScaleOffsetERKNS_7Vector2E	Walaber::Node::applyScaleOffset(Walaber::Vector2 const&)
Walaber::Widget_ScrollableSet	0	0	7	0x3eaa2c	_ZN7Walaber4Node16applyAngleOffsetERKf	Walaber::Node::applyAngleOffset(float const&)
Walaber::Widget_ScrollableSet	0	0	8	0x36aa9c	_ZN7Walaber6Widget8setLayerEi	Walaber::Widget::setLayer(int)
Walaber::Widget_ScrollableSet	0	0	9	0x38854c	_ZN7Walaber20Widget_ScrollableSet4drawEPNS_11SpriteBatchE	Walaber::Widget_ScrollableSet::draw(Walaber::SpriteBatch*)
Walaber::Widget_ScrollableSet	0	0	10	0x36ac38	_ZN7Walaber6Widget11setBaseSizeENS_7Vector2E	Walaber::Widget::setBaseSize(Walaber::Vector2)
Walaber::Widget_ScrollableSet	0	0	11	0x36d508	_ZN7Walaber6Widget11setRotationEf	Walaber::Widget::setRotation(float)
Walaber::Widget_ScrollableSet	0	0	12	0x36d568	_ZN7Walaber6Widget10setEnabledEb	Walaber::Widget::setEnabled(bool)
Walaber::Widget_ScrollableSet	0	0	13	0x36d574	_ZN7Walaber6Widget5resetEv	Walaber::Widget::reset()
Walaber::Widget_ScrollableSet	0	0	14	0x36d578	_ZN7Walaber6Widget7setFontERKNSt6__ndk112basic_stringIcNS1_11char_traitsIcEENS1_9allocatorIcEEEE	Walaber::Widget::setFont(std::__ndk1::basic_string<char, std::__ndk1::char_traits<char>, std::__ndk1::allocator<char>> const&)
Walaber::Widget_ScrollableSet	0	0	15	0x36d5a8	_ZN7Walaber6Widget10reloadFontEv	Walaber::Widget::reloadFont()
Walaber::Widget_ScrollableSet	0	0	16	0x388100	_ZN7Walaber20Widget_ScrollableSet6updateEfRNS_6Widget15WidgetActionRetE	Walaber::Widget_ScrollableSet::update(float, Walaber::Widget::WidgetActionRet&)
Walaber::Widget_ScrollableSet	0	0	17	0x388878	_ZN7Walaber20Widget_ScrollableSet19acceptNewFingerDownEiPNS_10FingerInfoE	Walaber::Widget_ScrollableSet::acceptNewFingerDown(int, Walaber::FingerInfo*)
Walaber::Widget_ScrollableSet	0	0	18	0x38896c	_ZN7Walaber20Widget_ScrollableSet22acceptNewFingerEnteredEiPNS_10FingerInfoE	Walaber::Widget_ScrollableSet::acceptNewFingerEntered(int, Walaber::FingerInfo*)
Walaber::Widget_ScrollableSet	0	0	19	0x3889dc	_ZN7Walaber20Widget_ScrollableSet18releaseFingerMovedEiPNS_10FingerInfoE	Walaber::Widget_ScrollableSet::releaseFingerMoved(int, Walaber::FingerInfo*)
Walaber::Widget_ScrollableSet	0	0	20	0x3889bc	_ZN7Walaber20Widget_ScrollableSet19releaseFingerStayedEiPNS_10FingerInfoE	Walaber::Widget_ScrollableSet::releaseFingerStayed(int, Walaber::FingerInfo*)
Walaber::Widget_ScrollableSet	0	0	21	0x3889fc	_ZN7Walaber20Widget_ScrollableSet15releaseFingerUpEiPNS_10FingerInfoE	Walaber::Widget_ScrollableSet::releaseFingerUp(int, Walaber::FingerInfo*)
Walaber::Widget_ScrollableSet	0	0	22	0x388a10	_ZN7Walaber20Widget_ScrollableSet17releaseFingerLeftEiPNS_10FingerInfoE	Walaber::Widget_ScrollableSet::releaseFingerLeft(int, Walaber::FingerInfo*)
Walaber::Widget_ScrollableSet	0	0	23	0x388a2c	_ZN7Walaber20Widget_ScrollableSet16notifyFingerLostEiPNS_10FingerInfoE	Walaber::Widget_ScrollableSet::notifyFingerLost(int, Walaber::FingerInfo*)
Walaber::Widget_SlideWheel	0	0	0	0x3899bc	_ZN7Walaber17Widget_SlideWheelD1Ev	Walaber::Widget_SlideWheel::~Widget_SlideWheel()
Walaber::Widget_SlideWheel	0	0	1	0x389a54	_ZN7Walaber17Widget_SlideWheelD0Ev	Walaber::Widget_SlideWheel::~Widget_SlideWheel()
Walaber::Widget_SlideWheel	0	0	2	0x36aad8	_ZN7Walaber6Widget16setLocalPositionERKNS_7Vector2E	Walaber::Widget::setLocalPosition(Walaber::Vector2 const&)
Walaber::Widget_SlideWheel	0	0	3	0x36ac14	_ZN7Walaber6Widget13setLocalScaleERKNS_7Vector2E	Walaber::Widget::setLocalScale(Walaber::Vector2 const&)
Walaber::Widget_SlideWheel	0	0	4	0x3ea940	_ZN7Walaber4Node13setLocalAngleERKf	Walaber::Node::setLocalAngle(float const&)
Walaber::Widget_SlideWheel	0	0	5	0x36abf0	_ZN7Walaber6Widget19applyPositionOffsetERKNS_7Vector2E	Walaber::Widget::applyPositionOffset(Walaber::Vector2 const&)
Walaber::Widget_SlideWheel	0	0	6	0x3ea9dc	_ZN7Walaber4Node16applyScaleOffsetERKNS_7Vector2E	Walaber::Node::applyScaleOffset(Walaber::Vector2 const&)
Walaber::Widget_SlideWheel	0	0	7	0x3eaa2c	_ZN7Walaber4Node16applyAngleOffsetERKf	Walaber::Node::applyAngleOffset(float const&)
Walaber::Widget_SlideWheel	0	0	8	0x36aa9c	_ZN7Walaber6Widget8setLayerEi	Walaber::Widget::setLayer(int)
Walaber::Widget_SlideWheel	0	0	9	0x389b10	_ZN7Walaber17Widget_SlideWheel4drawEPNS_11SpriteBatchE	Walaber::Widget_SlideWheel::draw(Walaber::SpriteBatch*)
Walaber::Widget_SlideWheel	0	0	10	0x36ac38	_ZN7Walaber6Widget11setBaseSizeENS_7Vector2E	Walaber::Widget::setBaseSize(Walaber::Vector2)
Walaber::Widget_SlideWheel	0	0	11	0x36d508	_ZN7Walaber6Widget11setRotationEf	Walaber::Widget::setRotation(float)
Walaber::Widget_SlideWheel	0	0	12	0x36d568	_ZN7Walaber6Widget10setEnabledEb	Walaber::Widget::setEnabled(bool)
Walaber::Widget_SlideWheel	0	0	13	0x389fd0	_ZN7Walaber17Widget_SlideWheel5resetEv	Walaber::Widget_SlideWheel::reset()
Walaber::Widget_SlideWheel	0	0	14	0x36d578	_ZN7Walaber6Widget7setFontERKNSt6__ndk112basic_stringIcNS1_11char_traitsIcEENS1_9allocatorIcEEEE	Walaber::Widget::setFont(std::__ndk1::basic_string<char, std::__ndk1::char_traits<char>, std::__ndk1::allocator<char>> const&)
Walaber::Widget_SlideWheel	0	0	15	0x36d5a8	_ZN7Walaber6Widget10reloadFontEv	Walaber::Widget::reloadFont()
Walaber::Widget_SlideWheel	0	0	16	0x389aa8	_ZN7Walaber17Widget_SlideWheel6updateEfRNS_6Widget15WidgetActionRetE	Walaber::Widget_SlideWheel::update(float, Walaber::Widget::WidgetActionRet&)
Walaber::Widget_SlideWheel	0	0	17	0x389e5c	_ZN7Walaber17Widget_SlideWheel19acceptNewFingerDownEiPNS_10FingerInfoE	Walaber::Widget_SlideWheel::acceptNewFingerDown(int, Walaber::FingerInfo*)
Walaber::Widget_SlideWheel	0	0	18	0x389e7c	_ZN7Walaber17Widget_SlideWheel22acceptNewFingerEnteredEiPNS_10FingerInfoE	Walaber::Widget_SlideWheel::acceptNewFingerEntered(int, Walaber::FingerInfo*)
Walaber::Widget_SlideWheel	0	0	19	0x389f48	_ZN7Walaber17Widget_SlideWheel18releaseFingerMovedEiPNS_10FingerInfoE	Walaber::Widget_SlideWheel::releaseFingerMoved(int, Walaber::FingerInfo*)
Walaber::Widget_SlideWheel	0	0	20	0x389e98	_ZN7Walaber17Widget_SlideWheel19releaseFingerStayedEiPNS_10FingerInfoE	Walaber::Widget_SlideWheel::releaseFingerStayed(int, Walaber::FingerInfo*)
Walaber::Widget_SlideWheel	0	0	21	0x389f6c	_ZN7Walaber17Widget_SlideWheel15releaseFingerUpEiPNS_10FingerInfoE	Walaber::Widget_SlideWheel::releaseFingerUp(int, Walaber::FingerInfo*)
Walaber::Widget_SlideWheel	0	0	22	0x389f84	_ZN7Walaber17Widget_SlideWheel17releaseFingerLeftEiPNS_10FingerInfoE	Walaber::Widget_SlideWheel::releaseFingerLeft(int, Walaber::FingerInfo*)
Walaber::Widget_SlideWheel	0	0	23	0x389fb8	_ZN7Walaber17Widget_SlideWheel16notifyFingerLostEiPNS_10FingerInfoE	Walaber::Widget_SlideWheel::notifyFingerLost(int, Walaber::FingerInfo*)
Walaber::Widget_Slider	0	0	0	0x388cc0	_ZN7Walaber13Widget_SliderD1Ev	Walaber::Widget_Slider::~Widget_Slider()
Walaber::Widget_Slider	0	0	1	0x388d10	_ZN7Walaber13Widget_SliderD0Ev	Walaber::Widget_Slider::~Widget_Slider()
Walaber::Widget_Slider	0	0	2	0x36aad8	_ZN7Walaber6Widget16setLocalPositionERKNS_7Vector2E	Walaber::Widget::setLocalPosition(Walaber::Vector2 const&)
Walaber::Widget_Slider	0	0	3	0x36ac14	_ZN7Walaber6Widget13setLocalScaleERKNS_7Vector2E	Walaber::Widget::setLocalScale(Walaber::Vector2 const&)
Walaber::Widget_Slider	0	0	4	0x3ea940	_ZN7Walaber4Node13setLocalAngleERKf	Walaber::Node::setLocalAngle(float const&)
Walaber::Widget_Slider	0	0	5	0x36abf0	_ZN7Walaber6Widget19applyPositionOffsetERKNS_7Vector2E	Walaber::Widget::applyPositionOffset(Walaber::Vector2 const&)
Walaber::Widget_Slider	0	0	6	0x3ea9dc	_ZN7Walaber4Node16applyScaleOffsetERKNS_7Vector2E	Walaber::Node::applyScaleOffset(Walaber::Vector2 const&)
Walaber::Widget_Slider	0	0	7	0x3eaa2c	_ZN7Walaber4Node16applyAngleOffsetERKf	Walaber::Node::applyAngleOffset(float const&)
Walaber::Widget_Slider	0	0	8	0x36aa9c	_ZN7Walaber6Widget8setLayerEi	Walaber::Widget::setLayer(int)
Walaber::Widget_Slider	0	0	9	0x388ef0	_ZN7Walaber13Widget_Slider4drawEPNS_11SpriteBatchE	Walaber::Widget_Slider::draw(Walaber::SpriteBatch*)
Walaber::Widget_Slider	0	0	10	0x388dc0	_ZN7Walaber13Widget_Slider11setBaseSizeENS_7Vector2E	Walaber::Widget_Slider::setBaseSize(Walaber::Vector2)
Walaber::Widget_Slider	0	0	11	0x36d508	_ZN7Walaber6Widget11setRotationEf	Walaber::Widget::setRotation(float)
Walaber::Widget_Slider	0	0	12	0x36d568	_ZN7Walaber6Widget10setEnabledEb	Walaber::Widget::setEnabled(bool)
Walaber::Widget_Slider	0	0	13	0x389868	_ZN7Walaber13Widget_Slider5resetEv	Walaber::Widget_Slider::reset()
Walaber::Widget_Slider	0	0	14	0x36d578	_ZN7Walaber6Widget7setFontERKNSt6__ndk112basic_stringIcNS1_11char_traitsIcEENS1_9allocatorIcEEEE	Walaber::Widget::setFont(std::__ndk1::basic_string<char, std::__ndk1::char_traits<char>, std::__ndk1::allocator<char>> const&)
Walaber::Widget_Slider	0	0	15	0x36d5a8	_ZN7Walaber6Widget10reloadFontEv	Walaber::Widget::reloadFont()
Walaber::Widget_Slider	0	0	16	0x388e38	_ZN7Walaber13Widget_Slider6updateEfRNS_6Widget15WidgetActionRetE	Walaber::Widget_Slider::update(float, Walaber::Widget::WidgetActionRet&)
Walaber::Widget_Slider	0	0	17	0x389510	_ZN7Walaber13Widget_Slider19acceptNewFingerDownEiPNS_10FingerInfoE	Walaber::Widget_Slider::acceptNewFingerDown(int, Walaber::FingerInfo*)
Walaber::Widget_Slider	0	0	18	0x3897d8	_ZN7Walaber13Widget_Slider22acceptNewFingerEnteredEiPNS_10FingerInfoE	Walaber::Widget_Slider::acceptNewFingerEntered(int, Walaber::FingerInfo*)
Walaber::Widget_Slider	0	0	19	0x389800	_ZN7Walaber13Widget_Slider18releaseFingerMovedEiPNS_10FingerInfoE	Walaber::Widget_Slider::releaseFingerMoved(int, Walaber::FingerInfo*)
Walaber::Widget_Slider	0	0	20	0x3897e0	_ZN7Walaber13Widget_Slider19releaseFingerStayedEiPNS_10FingerInfoE	Walaber::Widget_Slider::releaseFingerStayed(int, Walaber::FingerInfo*)
Walaber::Widget_Slider	0	0	21	0x389820	_ZN7Walaber13Widget_Slider15releaseFingerUpEiPNS_10FingerInfoE	Walaber::Widget_Slider::releaseFingerUp(int, Walaber::FingerInfo*)
Walaber::Widget_Slider	0	0	22	0x389830	_ZN7Walaber13Widget_Slider17releaseFingerLeftEiPNS_10FingerInfoE	Walaber::Widget_Slider::releaseFingerLeft(int, Walaber::FingerInfo*)
Walaber::Widget_Slider	0	0	23	0x389858	_ZN7Walaber13Widget_Slider16notifyFingerLostEiPNS_10FingerInfoE	Walaber::Widget_Slider::notifyFingerLost(int, Walaber::FingerInfo*)
Walaber::Widget_Spinner	0	0	0	0x38a1ac	_ZN7Walaber14Widget_SpinnerD2Ev	Walaber::Widget_Spinner::~Widget_Spinner()
Walaber::Widget_Spinner	0	0	1	0x38a1e4	_ZN7Walaber14Widget_SpinnerD0Ev	Walaber::Widget_Spinner::~Widget_Spinner()
Walaber::Widget_Spinner	0	0	2	0x36aad8	_ZN7Walaber6Widget16setLocalPositionERKNS_7Vector2E	Walaber::Widget::setLocalPosition(Walaber::Vector2 const&)
Walaber::Widget_Spinner	0	0	3	0x36ac14	_ZN7Walaber6Widget13setLocalScaleERKNS_7Vector2E	Walaber::Widget::setLocalScale(Walaber::Vector2 const&)
Walaber::Widget_Spinner	0	0	4	0x3ea940	_ZN7Walaber4Node13setLocalAngleERKf	Walaber::Node::setLocalAngle(float const&)
Walaber::Widget_Spinner	0	0	5	0x36abf0	_ZN7Walaber6Widget19applyPositionOffsetERKNS_7Vector2E	Walaber::Widget::applyPositionOffset(Walaber::Vector2 const&)
Walaber::Widget_Spinner	0	0	6	0x3ea9dc	_ZN7Walaber4Node16applyScaleOffsetERKNS_7Vector2E	Walaber::Node::applyScaleOffset(Walaber::Vector2 const&)
Walaber::Widget_Spinner	0	0	7	0x3eaa2c	_ZN7Walaber4Node16applyAngleOffsetERKf	Walaber::Node::applyAngleOffset(float const&)
Walaber::Widget_Spinner	0	0	8	0x36aa9c	_ZN7Walaber6Widget8setLayerEi	Walaber::Widget::setLayer(int)
Walaber::Widget_Spinner	0	0	9	0x38a2c4	_ZN7Walaber14Widget_Spinner4drawEPNS_11SpriteBatchE	Walaber::Widget_Spinner::draw(Walaber::SpriteBatch*)
Walaber::Widget_Spinner	0	0	10	0x36ac38	_ZN7Walaber6Widget11setBaseSizeENS_7Vector2E	Walaber::Widget::setBaseSize(Walaber::Vector2)
Walaber::Widget_Spinner	0	0	11	0x36d508	_ZN7Walaber6Widget11setRotationEf	Walaber::Widget::setRotation(float)
Walaber::Widget_Spinner	0	0	12	0x36d568	_ZN7Walaber6Widget10setEnabledEb	Walaber::Widget::setEnabled(bool)
Walaber::Widget_Spinner	0	0	13	0x38a814	_ZN7Walaber14Widget_Spinner5resetEv	Walaber::Widget_Spinner::reset()
Walaber::Widget_Spinner	0	0	14	0x36d578	_ZN7Walaber6Widget7setFontERKNSt6__ndk112basic_stringIcNS1_11char_traitsIcEENS1_9allocatorIcEEEE	Walaber::Widget::setFont(std::__ndk1::basic_string<char, std::__ndk1::char_traits<char>, std::__ndk1::allocator<char>> const&)
Walaber::Widget_Spinner	0	0	15	0x36d5a8	_ZN7Walaber6Widget10reloadFontEv	Walaber::Widget::reloadFont()
Walaber::Widget_Spinner	0	0	16	0x38a270	_ZN7Walaber14Widget_Spinner6updateEfRNS_6Widget15WidgetActionRetE	Walaber::Widget_Spinner::update(float, Walaber::Widget::WidgetActionRet&)
Walaber::Widget_Spinner	0	0	17	0x38a464	_ZN7Walaber14Widget_Spinner19acceptNewFingerDownEiPNS_10FingerInfoE	Walaber::Widget_Spinner::acceptNewFingerDown(int, Walaber::FingerInfo*)
Walaber::Widget_Spinner	0	0	18	0x38a52c	_ZN7Walaber14Widget_Spinner22acceptNewFingerEnteredEiPNS_10FingerInfoE	Walaber::Widget_Spinner::acceptNewFingerEntered(int, Walaber::FingerInfo*)
Walaber::Widget_Spinner	0	0	19	0x38a78c	_ZN7Walaber14Widget_Spinner18releaseFingerMovedEiPNS_10FingerInfoE	Walaber::Widget_Spinner::releaseFingerMoved(int, Walaber::FingerInfo*)
Walaber::Widget_Spinner	0	0	20	0x38a5f4	_ZN7Walaber14Widget_Spinner19releaseFingerStayedEiPNS_10FingerInfoE	Walaber::Widget_Spinner::releaseFingerStayed(int, Walaber::FingerInfo*)
Walaber::Widget_Spinner	0	0	21	0x38a7b0	_ZN7Walaber14Widget_Spinner15releaseFingerUpEiPNS_10FingerInfoE	Walaber::Widget_Spinner::releaseFingerUp(int, Walaber::FingerInfo*)
Walaber::Widget_Spinner	0	0	22	0x38a7c8	_ZN7Walaber14Widget_Spinner17releaseFingerLeftEiPNS_10FingerInfoE	Walaber::Widget_Spinner::releaseFingerLeft(int, Walaber::FingerInfo*)
Walaber::Widget_Spinner	0	0	23	0x38a7fc	_ZN7Walaber14Widget_Spinner16notifyFingerLostEiPNS_10FingerInfoE	Walaber::Widget_Spinner::notifyFingerLost(int, Walaber::FingerInfo*)
Walaber::Widget_TimedButton	0	0	0	0x38aa4c	_ZN7Walaber18Widget_TimedButtonD1Ev	Walaber::Widget_TimedButton::~Widget_TimedButton()
Walaber::Widget_TimedButton	0	0	1	0x38aa8c	_ZN7Walaber18Widget_TimedButtonD0Ev	Walaber::Widget_TimedButton::~Widget_TimedButton()
Walaber::Widget_TimedButton	0	0	2	0x36aad8	_ZN7Walaber6Widget16setLocalPositionERKNS_7Vector2E	Walaber::Widget::setLocalPosition(Walaber::Vector2 const&)
Walaber::Widget_TimedButton	0	0	3	0x36ac14	_ZN7Walaber6Widget13setLocalScaleERKNS_7Vector2E	Walaber::Widget::setLocalScale(Walaber::Vector2 const&)
Walaber::Widget_TimedButton	0	0	4	0x3ea940	_ZN7Walaber4Node13setLocalAngleERKf	Walaber::Node::setLocalAngle(float const&)
Walaber::Widget_TimedButton	0	0	5	0x36abf0	_ZN7Walaber6Widget19applyPositionOffsetERKNS_7Vector2E	Walaber::Widget::applyPositionOffset(Walaber::Vector2 const&)
Walaber::Widget_TimedButton	0	0	6	0x3ea9dc	_ZN7Walaber4Node16applyScaleOffsetERKNS_7Vector2E	Walaber::Node::applyScaleOffset(Walaber::Vector2 const&)
Walaber::Widget_TimedButton	0	0	7	0x3eaa2c	_ZN7Walaber4Node16applyAngleOffsetERKf	Walaber::Node::applyAngleOffset(float const&)
Walaber::Widget_TimedButton	0	0	8	0x36aa9c	_ZN7Walaber6Widget8setLayerEi	Walaber::Widget::setLayer(int)
Walaber::Widget_TimedButton	0	0	9	0x38ac04	_ZN7Walaber18Widget_TimedButton4drawEPNS_11SpriteBatchE	Walaber::Widget_TimedButton::draw(Walaber::SpriteBatch*)
Walaber::Widget_TimedButton	0	0	10	0x36ac38	_ZN7Walaber6Widget11setBaseSizeENS_7Vector2E	Walaber::Widget::setBaseSize(Walaber::Vector2)
Walaber::Widget_TimedButton	0	0	11	0x36d508	_ZN7Walaber6Widget11setRotationEf	Walaber::Widget::setRotation(float)
Walaber::Widget_TimedButton	0	0	12	0x38af7c	_ZN7Walaber18Widget_TimedButton10setEnabledEb	Walaber::Widget_TimedButton::setEnabled(bool)
Walaber::Widget_TimedButton	0	0	13	0x38af90	_ZN7Walaber18Widget_TimedButton5resetEv	Walaber::Widget_TimedButton::reset()
Walaber::Widget_TimedButton	0	0	14	0x36d578	_ZN7Walaber6Widget7setFontERKNSt6__ndk112basic_stringIcNS1_11char_traitsIcEENS1_9allocatorIcEEEE	Walaber::Widget::setFont(std::__ndk1::basic_string<char, std::__ndk1::char_traits<char>, std::__ndk1::allocator<char>> const&)
Walaber::Widget_TimedButton	0	0	15	0x36d5a8	_ZN7Walaber6Widget10reloadFontEv	Walaber::Widget::reloadFont()
Walaber::Widget_TimedButton	0	0	16	0x38ab84	_ZN7Walaber18Widget_TimedButton6updateEfRNS_6Widget15WidgetActionRetE	Walaber::Widget_TimedButton::update(float, Walaber::Widget::WidgetActionRet&)
Walaber::Widget_TimedButton	0	0	17	0x38af40	_ZN7Walaber18Widget_TimedButton19acceptNewFingerDownEiPNS_10FingerInfoE	Walaber::Widget_TimedButton::acceptNewFingerDown(int, Walaber::FingerInfo*)
Walaber::Widget_TimedButton	0	0	18	0x36d654	_ZN7Walaber6Widget22acceptNewFingerEnteredEiPNS_10FingerInfoE	Walaber::Widget::acceptNewFingerEntered(int, Walaber::FingerInfo*)
Walaber::Widget_TimedButton	0	0	19	0x36d65c	_ZN7Walaber6Widget18releaseFingerMovedEiPNS_10FingerInfoE	Walaber::Widget::releaseFingerMoved(int, Walaber::FingerInfo*)
Walaber::Widget_TimedButton	0	0	20	0x36d664	_ZN7Walaber6Widget19releaseFingerStayedEiPNS_10FingerInfoE	Walaber::Widget::releaseFingerStayed(int, Walaber::FingerInfo*)
Walaber::Widget_TimedButton	0	0	21	0x36d66c	_ZN7Walaber6Widget15releaseFingerUpEiPNS_10FingerInfoE	Walaber::Widget::releaseFingerUp(int, Walaber::FingerInfo*)
Walaber::Widget_TimedButton	0	0	22	0x36d670	_ZN7Walaber6Widget17releaseFingerLeftEiPNS_10FingerInfoE	Walaber::Widget::releaseFingerLeft(int, Walaber::FingerInfo*)
Walaber::Widget_TimedButton	0	0	23	0x36d678	_ZN7Walaber6Widget16notifyFingerLostEiPNS_10FingerInfoE	Walaber::Widget::notifyFingerLost(int, Walaber::FingerInfo*)
Walaber::Widget_Toggle	0	0	0	0x38c268	_ZN7Walaber13Widget_ToggleD1Ev	Walaber::Widget_Toggle::~Widget_Toggle()
Walaber::Widget_Toggle	0	0	1	0x38c2d0	_ZN7Walaber13Widget_ToggleD0Ev	Walaber::Widget_Toggle::~Widget_Toggle()
Walaber::Widget_Toggle	0	0	2	0x36aad8	_ZN7Walaber6Widget16setLocalPositionERKNS_7Vector2E	Walaber::Widget::setLocalPosition(Walaber::Vector2 const&)
Walaber::Widget_Toggle	0	0	3	0x36ac14	_ZN7Walaber6Widget13setLocalScaleERKNS_7Vector2E	Walaber::Widget::setLocalScale(Walaber::Vector2 const&)
Walaber::Widget_Toggle	0	0	4	0x3ea940	_ZN7Walaber4Node13setLocalAngleERKf	Walaber::Node::setLocalAngle(float const&)
Walaber::Widget_Toggle	0	0	5	0x36abf0	_ZN7Walaber6Widget19applyPositionOffsetERKNS_7Vector2E	Walaber::Widget::applyPositionOffset(Walaber::Vector2 const&)
Walaber::Widget_Toggle	0	0	6	0x3ea9dc	_ZN7Walaber4Node16applyScaleOffsetERKNS_7Vector2E	Walaber::Node::applyScaleOffset(Walaber::Vector2 const&)
Walaber::Widget_Toggle	0	0	7	0x3eaa2c	_ZN7Walaber4Node16applyAngleOffsetERKf	Walaber::Node::applyAngleOffset(float const&)
Walaber::Widget_Toggle	0	0	8	0x36aa9c	_ZN7Walaber6Widget8setLayerEi	Walaber::Widget::setLayer(int)
Walaber::Widget_Toggle	0	0	9	0x38c408	_ZN7Walaber13Widget_Toggle4drawEPNS_11SpriteBatchE	Walaber::Widget_Toggle::draw(Walaber::SpriteBatch*)
Walaber::Widget_Toggle	0	0	10	0x36ac38	_ZN7Walaber6Widget11setBaseSizeENS_7Vector2E	Walaber::Widget::setBaseSize(Walaber::Vector2)
Walaber::Widget_Toggle	0	0	11	0x36d508	_ZN7Walaber6Widget11setRotationEf	Walaber::Widget::setRotation(float)
Walaber::Widget_Toggle	0	0	12	0x36d568	_ZN7Walaber6Widget10setEnabledEb	Walaber::Widget::setEnabled(bool)
Walaber::Widget_Toggle	0	0	13	0x36d574	_ZN7Walaber6Widget5resetEv	Walaber::Widget::reset()
Walaber::Widget_Toggle	0	0	14	0x36d578	_ZN7Walaber6Widget7setFontERKNSt6__ndk112basic_stringIcNS1_11char_traitsIcEENS1_9allocatorIcEEEE	Walaber::Widget::setFont(std::__ndk1::basic_string<char, std::__ndk1::char_traits<char>, std::__ndk1::allocator<char>> const&)
Walaber::Widget_Toggle	0	0	15	0x36d5a8	_ZN7Walaber6Widget10reloadFontEv	Walaber::Widget::reloadFont()
Walaber::Widget_Toggle	0	0	16	0x38c3e4	_ZN7Walaber13Widget_Toggle6updateEfRNS_6Widget15WidgetActionRetE	Walaber::Widget_Toggle::update(float, Walaber::Widget::WidgetActionRet&)
Walaber::Widget_Toggle	0	0	17	0x38cc48	_ZN7Walaber13Widget_Toggle19acceptNewFingerDownEiPNS_10FingerInfoE	Walaber::Widget_Toggle::acceptNewFingerDown(int, Walaber::FingerInfo*)
Walaber::Widget_Toggle	0	0	18	0x38cc6c	_ZN7Walaber13Widget_Toggle22acceptNewFingerEnteredEiPNS_10FingerInfoE	Walaber::Widget_Toggle::acceptNewFingerEntered(int, Walaber::FingerInfo*)
Walaber::Widget_Toggle	0	0	19	0x38cc7c	_ZN7Walaber13Widget_Toggle18releaseFingerMovedEiPNS_10FingerInfoE	Walaber::Widget_Toggle::releaseFingerMoved(int, Walaber::FingerInfo*)
Walaber::Widget_Toggle	0	0	20	0x38cc74	_ZN7Walaber13Widget_Toggle19releaseFingerStayedEiPNS_10FingerInfoE	Walaber::Widget_Toggle::releaseFingerStayed(int, Walaber::FingerInfo*)
Walaber::Widget_Toggle	0	0	21	0x38cc84	_ZN7Walaber13Widget_Toggle15releaseFingerUpEiPNS_10FingerInfoE	Walaber::Widget_Toggle::releaseFingerUp(int, Walaber::FingerInfo*)
Walaber::Widget_Toggle	0	0	22	0x38cc88	_ZN7Walaber13Widget_Toggle17releaseFingerLeftEiPNS_10FingerInfoE	Walaber::Widget_Toggle::releaseFingerLeft(int, Walaber::FingerInfo*)
Walaber::Widget_Toggle	0	0	23	0x38cc90	_ZN7Walaber13Widget_Toggle16notifyFingerLostEiPNS_10FingerInfoE	Walaber::Widget_Toggle::notifyFingerLost(int, Walaber::FingerInfo*)
WaterConcept::AlgaeHider	0	0	0	0x4771bc	_ZN12WaterConcept10AlgaeHiderD1Ev	WaterConcept::AlgaeHider::~AlgaeHider()
WaterConcept::AlgaeHider	0	0	1	0x4771fc	_ZN12WaterConcept10AlgaeHiderD0Ev	WaterConcept::AlgaeHider::~AlgaeHider()
WaterConcept::AlgaeHider	0	0	2	0x4775d0	_ZN12WaterConcept17InteractiveObject16setLocalPositionERKN7Walaber7Vector2E	WaterConcept::InteractiveObject::setLocalPosition(Walaber::Vector2 const&)
WaterConcept::AlgaeHider	0	0	3	0x4775f8	_ZN12WaterConcept17InteractiveObject13setLocalScaleERKN7Walaber7Vector2E	WaterConcept::InteractiveObject::setLocalScale(Walaber::Vector2 const&)
WaterConcept::AlgaeHider	0	0	4	0x477620	_ZN12WaterConcept17InteractiveObject13setLocalAngleERKf	WaterConcept::InteractiveObject::setLocalAngle(float const&)
WaterConcept::AlgaeHider	0	0	5	0x3ea9c4	_ZN7Walaber4Node19applyPositionOffsetERKNS_7Vector2E	Walaber::Node::applyPositionOffset(Walaber::Vector2 const&)
WaterConcept::AlgaeHider	0	0	6	0x3ea9dc	_ZN7Walaber4Node16applyScaleOffsetERKNS_7Vector2E	Walaber::Node::applyScaleOffset(Walaber::Vector2 const&)
WaterConcept::AlgaeHider	0	0	7	0x3eaa2c	_ZN7Walaber4Node16applyAngleOffsetERKf	Walaber::Node::applyAngleOffset(float const&)
WaterConcept::AlgaeHider	0	0	8	0x35cd2c	_ZN7Walaber12DrawableNode8setLayerEi	Walaber::DrawableNode::setLayer(int)
WaterConcept::AlgaeHider	0	0	9	0x477648	_ZN12WaterConcept17InteractiveObject4drawEPN7Walaber11SpriteBatchE	WaterConcept::InteractiveObject::draw(Walaber::SpriteBatch*)
WaterConcept::AlgaeHider	0	0	10	0x477220	_ZN12WaterConcept10AlgaeHider13setPropertiesERKN7Walaber12PropertyListE	WaterConcept::AlgaeHider::setProperties(Walaber::PropertyList const&)
WaterConcept::AlgaeHider	0	0	11	0x477660	_ZN12WaterConcept17InteractiveObject18isLowTouchPriorityEv	WaterConcept::InteractiveObject::isLowTouchPriority()
WaterConcept::AlgaeHider	0	0	12	0x477330	_ZN12WaterConcept10AlgaeHider6updateEf	WaterConcept::AlgaeHider::update(float)
WaterConcept::AlgaeHider	0	0	13	0x487084	_ZN12WaterConcept17InteractiveObject14drawBackgroundEPN7Walaber11SpriteBatchEbf	WaterConcept::InteractiveObject::drawBackground(Walaber::SpriteBatch*, bool, float)
WaterConcept::AlgaeHider	0	0	14	0x487b28	_ZN12WaterConcept17InteractiveObject4drawEPN7Walaber11SpriteBatchEbf	WaterConcept::InteractiveObject::draw(Walaber::SpriteBatch*, bool, float)
WaterConcept::AlgaeHider	0	0	15	0x487b24	_ZN12WaterConcept17InteractiveObject14drawForegroundEPN7Walaber11SpriteBatchEbf	WaterConcept::InteractiveObject::drawForeground(Walaber::SpriteBatch*, bool, float)
WaterConcept::AlgaeHider	0	0	16	0x4773f0	_ZN12WaterConcept10AlgaeHider19particleHasCollidedEPNS_6FluidsERKNS_19ParticleDescriptionEiRb	WaterConcept::AlgaeHider::particleHasCollided(WaterConcept::Fluids*, WaterConcept::ParticleDescription const&, int, bool&)
WaterConcept::AlgaeHider	0	0	17	0x488c24	_ZN12WaterConcept17InteractiveObject15handleTouchDownERKN7Walaber7Vector2E	WaterConcept::InteractiveObject::handleTouchDown(Walaber::Vector2 const&)
WaterConcept::AlgaeHider	0	0	18	0x488cc8	_ZN12WaterConcept17InteractiveObject16handleTouchMovedERKN7Walaber7Vector2ES4_	WaterConcept::InteractiveObject::handleTouchMoved(Walaber::Vector2 const&, Walaber::Vector2 const&)
WaterConcept::AlgaeHider	0	0	19	0x488d9c	_ZN12WaterConcept17InteractiveObject13handleTouchUpERKN7Walaber7Vector2E	WaterConcept::InteractiveObject::handleTouchUp(Walaber::Vector2 const&)
WaterConcept::AlgaeHider	0	0	20	0x477668	_ZN12WaterConcept17InteractiveObject15handleLostTouchEv	WaterConcept::InteractiveObject::handleLostTouch()
WaterConcept::AlgaeHider	0	0	21	0x477670	_ZN12WaterConcept17InteractiveObject18getTouchRadiusSlopEv	WaterConcept::InteractiveObject::getTouchRadiusSlop()
WaterConcept::AlgaeHider	0	0	22	0x477680	_ZN12WaterConcept17InteractiveObject12_initFromXMLEP7_xmlDocP8_xmlNode	WaterConcept::InteractiveObject::_initFromXML(_xmlDoc*, _xmlNode*)
WaterConcept::AlgaeHider	0	0	23	0x47755c	_ZN12WaterConcept10AlgaeHider13_initFinishedEv	WaterConcept::AlgaeHider::_initFinished()
WaterConcept::AlgaeHider	0	0	24	0x477684	_ZN12WaterConcept17InteractiveObject16_spriteHasLoadedEPN7Walaber6SpriteE	WaterConcept::InteractiveObject::_spriteHasLoaded(Walaber::Sprite*)
WaterConcept::AlgaeHider	0	0	25	0x489170	_ZN12WaterConcept17InteractiveObject18_updateGlobalShapeEb	WaterConcept::InteractiveObject::_updateGlobalShape(bool)
WaterConcept::Bomb	0	0	0	0x47779c	_ZN12WaterConcept4BombD1Ev	WaterConcept::Bomb::~Bomb()
WaterConcept::Bomb	0	0	1	0x4777d4	_ZN12WaterConcept4BombD0Ev	WaterConcept::Bomb::~Bomb()
WaterConcept::Bomb	0	0	2	0x4775d0	_ZN12WaterConcept17InteractiveObject16setLocalPositionERKN7Walaber7Vector2E	WaterConcept::InteractiveObject::setLocalPosition(Walaber::Vector2 const&)
WaterConcept::Bomb	0	0	3	0x4775f8	_ZN12WaterConcept17InteractiveObject13setLocalScaleERKN7Walaber7Vector2E	WaterConcept::InteractiveObject::setLocalScale(Walaber::Vector2 const&)
WaterConcept::Bomb	0	0	4	0x477620	_ZN12WaterConcept17InteractiveObject13setLocalAngleERKf	WaterConcept::InteractiveObject::setLocalAngle(float const&)
WaterConcept::Bomb	0	0	5	0x3ea9c4	_ZN7Walaber4Node19applyPositionOffsetERKNS_7Vector2E	Walaber::Node::applyPositionOffset(Walaber::Vector2 const&)
WaterConcept::Bomb	0	0	6	0x3ea9dc	_ZN7Walaber4Node16applyScaleOffsetERKNS_7Vector2E	Walaber::Node::applyScaleOffset(Walaber::Vector2 const&)
WaterConcept::Bomb	0	0	7	0x3eaa2c	_ZN7Walaber4Node16applyAngleOffsetERKf	Walaber::Node::applyAngleOffset(float const&)
WaterConcept::Bomb	0	0	8	0x35cd2c	_ZN7Walaber12DrawableNode8setLayerEi	Walaber::DrawableNode::setLayer(int)
WaterConcept::Bomb	0	0	9	0x477648	_ZN12WaterConcept17InteractiveObject4drawEPN7Walaber11SpriteBatchE	WaterConcept::InteractiveObject::draw(Walaber::SpriteBatch*)
WaterConcept::Bomb	0	0	10	0x477d38	_ZN12WaterConcept4Bomb13setPropertiesERKN7Walaber12PropertyListE	WaterConcept::Bomb::setProperties(Walaber::PropertyList const&)
WaterConcept::Bomb	0	0	11	0x477660	_ZN12WaterConcept17InteractiveObject18isLowTouchPriorityEv	WaterConcept::InteractiveObject::isLowTouchPriority()
WaterConcept::Bomb	0	0	12	0x477e64	_ZN12WaterConcept4Bomb6updateEf	WaterConcept::Bomb::update(float)
WaterConcept::Bomb	0	0	13	0x487084	_ZN12WaterConcept17InteractiveObject14drawBackgroundEPN7Walaber11SpriteBatchEbf	WaterConcept::InteractiveObject::drawBackground(Walaber::SpriteBatch*, bool, float)
WaterConcept::Bomb	0	0	14	0x487b28	_ZN12WaterConcept17InteractiveObject4drawEPN7Walaber11SpriteBatchEbf	WaterConcept::InteractiveObject::draw(Walaber::SpriteBatch*, bool, float)
WaterConcept::Bomb	0	0	15	0x487b24	_ZN12WaterConcept17InteractiveObject14drawForegroundEPN7Walaber11SpriteBatchEbf	WaterConcept::InteractiveObject::drawForeground(Walaber::SpriteBatch*, bool, float)
WaterConcept::Bomb	0	0	16	0x4783c4	_ZN12WaterConcept4Bomb19particleHasCollidedEPNS_6FluidsERKNS_19ParticleDescriptionEiRb	WaterConcept::Bomb::particleHasCollided(WaterConcept::Fluids*, WaterConcept::ParticleDescription const&, int, bool&)
WaterConcept::Bomb	0	0	17	0x488c24	_ZN12WaterConcept17InteractiveObject15handleTouchDownERKN7Walaber7Vector2E	WaterConcept::InteractiveObject::handleTouchDown(Walaber::Vector2 const&)
WaterConcept::Bomb	0	0	18	0x488cc8	_ZN12WaterConcept17InteractiveObject16handleTouchMovedERKN7Walaber7Vector2ES4_	WaterConcept::InteractiveObject::handleTouchMoved(Walaber::Vector2 const&, Walaber::Vector2 const&)
WaterConcept::Bomb	0	0	19	0x488d9c	_ZN12WaterConcept17InteractiveObject13handleTouchUpERKN7Walaber7Vector2E	WaterConcept::InteractiveObject::handleTouchUp(Walaber::Vector2 const&)
WaterConcept::Bomb	0	0	20	0x477668	_ZN12WaterConcept17InteractiveObject15handleLostTouchEv	WaterConcept::InteractiveObject::handleLostTouch()
WaterConcept::Bomb	0	0	21	0x477670	_ZN12WaterConcept17InteractiveObject18getTouchRadiusSlopEv	WaterConcept::InteractiveObject::getTouchRadiusSlop()
WaterConcept::Bomb	0	0	22	0x477680	_ZN12WaterConcept17InteractiveObject12_initFromXMLEP7_xmlDocP8_xmlNode	WaterConcept::InteractiveObject::_initFromXML(_xmlDoc*, _xmlNode*)
WaterConcept::Bomb	0	0	23	0x477814	_ZN12WaterConcept4Bomb13_initFinishedEv	WaterConcept::Bomb::_initFinished()
WaterConcept::Bomb	0	0	24	0x477684	_ZN12WaterConcept17InteractiveObject16_spriteHasLoadedEPN7Walaber6SpriteE	WaterConcept::InteractiveObject::_spriteHasLoaded(Walaber::Sprite*)
WaterConcept::Bomb	0	0	25	0x489170	_ZN12WaterConcept17InteractiveObject18_updateGlobalShapeEb	WaterConcept::InteractiveObject::_updateGlobalShape(bool)
WaterConcept::Collectible	0	0	0	0x478608	_ZN12WaterConcept11CollectibleD1Ev	WaterConcept::Collectible::~Collectible()
WaterConcept::Collectible	0	0	1	0x478640	_ZN12WaterConcept11CollectibleD0Ev	WaterConcept::Collectible::~Collectible()
WaterConcept::Collectible	0	0	2	0x4775d0	_ZN12WaterConcept17InteractiveObject16setLocalPositionERKN7Walaber7Vector2E	WaterConcept::InteractiveObject::setLocalPosition(Walaber::Vector2 const&)
WaterConcept::Collectible	0	0	3	0x4775f8	_ZN12WaterConcept17InteractiveObject13setLocalScaleERKN7Walaber7Vector2E	WaterConcept::InteractiveObject::setLocalScale(Walaber::Vector2 const&)
WaterConcept::Collectible	0	0	4	0x477620	_ZN12WaterConcept17InteractiveObject13setLocalAngleERKf	WaterConcept::InteractiveObject::setLocalAngle(float const&)
WaterConcept::Collectible	0	0	5	0x3ea9c4	_ZN7Walaber4Node19applyPositionOffsetERKNS_7Vector2E	Walaber::Node::applyPositionOffset(Walaber::Vector2 const&)
WaterConcept::Collectible	0	0	6	0x3ea9dc	_ZN7Walaber4Node16applyScaleOffsetERKNS_7Vector2E	Walaber::Node::applyScaleOffset(Walaber::Vector2 const&)
WaterConcept::Collectible	0	0	7	0x3eaa2c	_ZN7Walaber4Node16applyAngleOffsetERKf	Walaber::Node::applyAngleOffset(float const&)
WaterConcept::Collectible	0	0	8	0x35cd2c	_ZN7Walaber12DrawableNode8setLayerEi	Walaber::DrawableNode::setLayer(int)
WaterConcept::Collectible	0	0	9	0x477648	_ZN12WaterConcept17InteractiveObject4drawEPN7Walaber11SpriteBatchE	WaterConcept::InteractiveObject::draw(Walaber::SpriteBatch*)
WaterConcept::Collectible	0	0	10	0x4786b4	_ZN12WaterConcept11Collectible13setPropertiesERKN7Walaber12PropertyListE	WaterConcept::Collectible::setProperties(Walaber::PropertyList const&)
WaterConcept::Collectible	0	0	11	0x477660	_ZN12WaterConcept17InteractiveObject18isLowTouchPriorityEv	WaterConcept::InteractiveObject::isLowTouchPriority()
WaterConcept::Collectible	0	0	12	0x478ef4	_ZN12WaterConcept11Collectible6updateEf	WaterConcept::Collectible::update(float)
WaterConcept::Collectible	0	0	13	0x487084	_ZN12WaterConcept17InteractiveObject14drawBackgroundEPN7Walaber11SpriteBatchEbf	WaterConcept::InteractiveObject::drawBackground(Walaber::SpriteBatch*, bool, float)
WaterConcept::Collectible	0	0	14	0x487b28	_ZN12WaterConcept17InteractiveObject4drawEPN7Walaber11SpriteBatchEbf	WaterConcept::InteractiveObject::draw(Walaber::SpriteBatch*, bool, float)
WaterConcept::Collectible	0	0	15	0x487b24	_ZN12WaterConcept17InteractiveObject14drawForegroundEPN7Walaber11SpriteBatchEbf	WaterConcept::InteractiveObject::drawForeground(Walaber::SpriteBatch*, bool, float)
WaterConcept::Collectible	0	0	16	0x479220	_ZN12WaterConcept11Collectible19particleHasCollidedEPNS_6FluidsERKNS_19ParticleDescriptionEiRb	WaterConcept::Collectible::particleHasCollided(WaterConcept::Fluids*, WaterConcept::ParticleDescription const&, int, bool&)
WaterConcept::Collectible	0	0	17	0x4791ac	_ZN12WaterConcept11Collectible15handleTouchDownERKN7Walaber7Vector2E	WaterConcept::Collectible::handleTouchDown(Walaber::Vector2 const&)
WaterConcept::Collectible	0	0	18	0x4791d4	_ZN12WaterConcept11Collectible16handleTouchMovedERKN7Walaber7Vector2ES4_	WaterConcept::Collectible::handleTouchMoved(Walaber::Vector2 const&, Walaber::Vector2 const&)
WaterConcept::Collectible	0	0	19	0x4791d8	_ZN12WaterConcept11Collectible13handleTouchUpERKN7Walaber7Vector2E	WaterConcept::Collectible::handleTouchUp(Walaber::Vector2 const&)
WaterConcept::Collectible	0	0	20	0x479228	_ZN12WaterConcept11Collectible15handleLostTouchEv	WaterConcept::Collectible::handleLostTouch()
WaterConcept::Collectible	0	0	21	0x477670	_ZN12WaterConcept17InteractiveObject18getTouchRadiusSlopEv	WaterConcept::InteractiveObject::getTouchRadiusSlop()
WaterConcept::Collectible	0	0	22	0x477680	_ZN12WaterConcept17InteractiveObject12_initFromXMLEP7_xmlDocP8_xmlNode	WaterConcept::InteractiveObject::_initFromXML(_xmlDoc*, _xmlNode*)
WaterConcept::Collectible	0	0	23	0x479204	_ZN12WaterConcept11Collectible13_initFinishedEv	WaterConcept::Collectible::_initFinished()
WaterConcept::Collectible	0	0	24	0x477684	_ZN12WaterConcept17InteractiveObject16_spriteHasLoadedEPN7Walaber6SpriteE	WaterConcept::InteractiveObject::_spriteHasLoaded(Walaber::Sprite*)
WaterConcept::Collectible	0	0	25	0x489170	_ZN12WaterConcept17InteractiveObject18_updateGlobalShapeEb	WaterConcept::InteractiveObject::_updateGlobalShape(bool)
WaterConcept::DirtyWall	0	0	0	0x4792e0	_ZN12WaterConcept9DirtyWallD2Ev	WaterConcept::DirtyWall::~DirtyWall()
WaterConcept::DirtyWall	0	0	1	0x479328	_ZN12WaterConcept9DirtyWallD0Ev	WaterConcept::DirtyWall::~DirtyWall()
WaterConcept::DirtyWall	0	0	2	0x4775d0	_ZN12WaterConcept17InteractiveObject16setLocalPositionERKN7Walaber7Vector2E	WaterConcept::InteractiveObject::setLocalPosition(Walaber::Vector2 const&)
WaterConcept::DirtyWall	0	0	3	0x4775f8	_ZN12WaterConcept17InteractiveObject13setLocalScaleERKN7Walaber7Vector2E	WaterConcept::InteractiveObject::setLocalScale(Walaber::Vector2 const&)
WaterConcept::DirtyWall	0	0	4	0x477620	_ZN12WaterConcept17InteractiveObject13setLocalAngleERKf	WaterConcept::InteractiveObject::setLocalAngle(float const&)
WaterConcept::DirtyWall	0	0	5	0x3ea9c4	_ZN7Walaber4Node19applyPositionOffsetERKNS_7Vector2E	Walaber::Node::applyPositionOffset(Walaber::Vector2 const&)
WaterConcept::DirtyWall	0	0	6	0x3ea9dc	_ZN7Walaber4Node16applyScaleOffsetERKNS_7Vector2E	Walaber::Node::applyScaleOffset(Walaber::Vector2 const&)
WaterConcept::DirtyWall	0	0	7	0x3eaa2c	_ZN7Walaber4Node16applyAngleOffsetERKf	Walaber::Node::applyAngleOffset(float const&)
WaterConcept::DirtyWall	0	0	8	0x35cd2c	_ZN7Walaber12DrawableNode8setLayerEi	Walaber::DrawableNode::setLayer(int)
WaterConcept::DirtyWall	0	0	9	0x477648	_ZN12WaterConcept17InteractiveObject4drawEPN7Walaber11SpriteBatchE	WaterConcept::InteractiveObject::draw(Walaber::SpriteBatch*)
WaterConcept::DirtyWall	0	0	10	0x47934c	_ZN12WaterConcept9DirtyWall13setPropertiesERKN7Walaber12PropertyListE	WaterConcept::DirtyWall::setProperties(Walaber::PropertyList const&)
WaterConcept::DirtyWall	0	0	11	0x477660	_ZN12WaterConcept17InteractiveObject18isLowTouchPriorityEv	WaterConcept::InteractiveObject::isLowTouchPriority()
WaterConcept::DirtyWall	0	0	12	0x479428	_ZN12WaterConcept9DirtyWall6updateEf	WaterConcept::DirtyWall::update(float)
WaterConcept::DirtyWall	0	0	13	0x487084	_ZN12WaterConcept17InteractiveObject14drawBackgroundEPN7Walaber11SpriteBatchEbf	WaterConcept::InteractiveObject::drawBackground(Walaber::SpriteBatch*, bool, float)
WaterConcept::DirtyWall	0	0	14	0x487b28	_ZN12WaterConcept17InteractiveObject4drawEPN7Walaber11SpriteBatchEbf	WaterConcept::InteractiveObject::draw(Walaber::SpriteBatch*, bool, float)
WaterConcept::DirtyWall	0	0	15	0x487b24	_ZN12WaterConcept17InteractiveObject14drawForegroundEPN7Walaber11SpriteBatchEbf	WaterConcept::InteractiveObject::drawForeground(Walaber::SpriteBatch*, bool, float)
WaterConcept::DirtyWall	0	0	16	0x479664	_ZN12WaterConcept9DirtyWall19particleHasCollidedEPNS_6FluidsERKNS_19ParticleDescriptionEiRb	WaterConcept::DirtyWall::particleHasCollided(WaterConcept::Fluids*, WaterConcept::ParticleDescription const&, int, bool&)
WaterConcept::DirtyWall	0	0	17	0x488c24	_ZN12WaterConcept17InteractiveObject15handleTouchDownERKN7Walaber7Vector2E	WaterConcept::InteractiveObject::handleTouchDown(Walaber::Vector2 const&)
WaterConcept::DirtyWall	0	0	18	0x488cc8	_ZN12WaterConcept17InteractiveObject16handleTouchMovedERKN7Walaber7Vector2ES4_	WaterConcept::InteractiveObject::handleTouchMoved(Walaber::Vector2 const&, Walaber::Vector2 const&)
WaterConcept::DirtyWall	0	0	19	0x488d9c	_ZN12WaterConcept17InteractiveObject13handleTouchUpERKN7Walaber7Vector2E	WaterConcept::InteractiveObject::handleTouchUp(Walaber::Vector2 const&)
WaterConcept::DirtyWall	0	0	20	0x477668	_ZN12WaterConcept17InteractiveObject15handleLostTouchEv	WaterConcept::InteractiveObject::handleLostTouch()
WaterConcept::DirtyWall	0	0	21	0x477670	_ZN12WaterConcept17InteractiveObject18getTouchRadiusSlopEv	WaterConcept::InteractiveObject::getTouchRadiusSlop()
WaterConcept::DirtyWall	0	0	22	0x477680	_ZN12WaterConcept17InteractiveObject12_initFromXMLEP7_xmlDocP8_xmlNode	WaterConcept::InteractiveObject::_initFromXML(_xmlDoc*, _xmlNode*)
WaterConcept::DirtyWall	0	0	23	0x47976c	_ZN12WaterConcept9DirtyWall13_initFinishedEv	WaterConcept::DirtyWall::_initFinished()
WaterConcept::DirtyWall	0	0	24	0x477684	_ZN12WaterConcept17InteractiveObject16_spriteHasLoadedEPN7Walaber6SpriteE	WaterConcept::InteractiveObject::_spriteHasLoaded(Walaber::Sprite*)
WaterConcept::DirtyWall	0	0	25	0x489170	_ZN12WaterConcept17InteractiveObject18_updateGlobalShapeEb	WaterConcept::InteractiveObject::_updateGlobalShape(bool)
WaterConcept::Fan	0	0	0	0x479804	_ZN12WaterConcept3FanD2Ev	WaterConcept::Fan::~Fan()
WaterConcept::Fan	0	0	1	0x479894	_ZN12WaterConcept3FanD0Ev	WaterConcept::Fan::~Fan()
WaterConcept::Fan	0	0	2	0x4775d0	_ZN12WaterConcept17InteractiveObject16setLocalPositionERKN7Walaber7Vector2E	WaterConcept::InteractiveObject::setLocalPosition(Walaber::Vector2 const&)
WaterConcept::Fan	0	0	3	0x4775f8	_ZN12WaterConcept17InteractiveObject13setLocalScaleERKN7Walaber7Vector2E	WaterConcept::InteractiveObject::setLocalScale(Walaber::Vector2 const&)
WaterConcept::Fan	0	0	4	0x477620	_ZN12WaterConcept17InteractiveObject13setLocalAngleERKf	WaterConcept::InteractiveObject::setLocalAngle(float const&)
WaterConcept::Fan	0	0	5	0x3ea9c4	_ZN7Walaber4Node19applyPositionOffsetERKNS_7Vector2E	Walaber::Node::applyPositionOffset(Walaber::Vector2 const&)
WaterConcept::Fan	0	0	6	0x3ea9dc	_ZN7Walaber4Node16applyScaleOffsetERKNS_7Vector2E	Walaber::Node::applyScaleOffset(Walaber::Vector2 const&)
WaterConcept::Fan	0	0	7	0x3eaa2c	_ZN7Walaber4Node16applyAngleOffsetERKf	Walaber::Node::applyAngleOffset(float const&)
WaterConcept::Fan	0	0	8	0x35cd2c	_ZN7Walaber12DrawableNode8setLayerEi	Walaber::DrawableNode::setLayer(int)
WaterConcept::Fan	0	0	9	0x477648	_ZN12WaterConcept17InteractiveObject4drawEPN7Walaber11SpriteBatchE	WaterConcept::InteractiveObject::draw(Walaber::SpriteBatch*)
WaterConcept::Fan	0	0	10	0x4798b8	_ZN12WaterConcept3Fan13setPropertiesERKN7Walaber12PropertyListE	WaterConcept::Fan::setProperties(Walaber::PropertyList const&)
WaterConcept::Fan	0	0	11	0x477660	_ZN12WaterConcept17InteractiveObject18isLowTouchPriorityEv	WaterConcept::InteractiveObject::isLowTouchPriority()
WaterConcept::Fan	0	0	12	0x479cf4	_ZN12WaterConcept3Fan6updateEf	WaterConcept::Fan::update(float)
WaterConcept::Fan	0	0	13	0x487084	_ZN12WaterConcept17InteractiveObject14drawBackgroundEPN7Walaber11SpriteBatchEbf	WaterConcept::InteractiveObject::drawBackground(Walaber::SpriteBatch*, bool, float)
WaterConcept::Fan	0	0	14	0x487b28	_ZN12WaterConcept17InteractiveObject4drawEPN7Walaber11SpriteBatchEbf	WaterConcept::InteractiveObject::draw(Walaber::SpriteBatch*, bool, float)
WaterConcept::Fan	0	0	15	0x487b24	_ZN12WaterConcept17InteractiveObject14drawForegroundEPN7Walaber11SpriteBatchEbf	WaterConcept::InteractiveObject::drawForeground(Walaber::SpriteBatch*, bool, float)
WaterConcept::Fan	0	0	16	0x47a234	_ZN12WaterConcept3Fan19particleHasCollidedEPNS_6FluidsERKNS_19ParticleDescriptionEiRb	WaterConcept::Fan::particleHasCollided(WaterConcept::Fluids*, WaterConcept::ParticleDescription const&, int, bool&)
WaterConcept::Fan	0	0	17	0x488c24	_ZN12WaterConcept17InteractiveObject15handleTouchDownERKN7Walaber7Vector2E	WaterConcept::InteractiveObject::handleTouchDown(Walaber::Vector2 const&)
WaterConcept::Fan	0	0	18	0x488cc8	_ZN12WaterConcept17InteractiveObject16handleTouchMovedERKN7Walaber7Vector2ES4_	WaterConcept::InteractiveObject::handleTouchMoved(Walaber::Vector2 const&, Walaber::Vector2 const&)
WaterConcept::Fan	0	0	19	0x488d9c	_ZN12WaterConcept17InteractiveObject13handleTouchUpERKN7Walaber7Vector2E	WaterConcept::InteractiveObject::handleTouchUp(Walaber::Vector2 const&)
WaterConcept::Fan	0	0	20	0x477668	_ZN12WaterConcept17InteractiveObject15handleLostTouchEv	WaterConcept::InteractiveObject::handleLostTouch()
WaterConcept::Fan	0	0	21	0x477670	_ZN12WaterConcept17InteractiveObject18getTouchRadiusSlopEv	WaterConcept::InteractiveObject::getTouchRadiusSlop()
WaterConcept::Fan	0	0	22	0x477680	_ZN12WaterConcept17InteractiveObject12_initFromXMLEP7_xmlDocP8_xmlNode	WaterConcept::InteractiveObject::_initFromXML(_xmlDoc*, _xmlNode*)
WaterConcept::Fan	0	0	23	0x47a4c8	_ZN12WaterConcept3Fan13_initFinishedEv	WaterConcept::Fan::_initFinished()
WaterConcept::Fan	0	0	24	0x477684	_ZN12WaterConcept17InteractiveObject16_spriteHasLoadedEPN7Walaber6SpriteE	WaterConcept::InteractiveObject::_spriteHasLoaded(Walaber::Sprite*)
WaterConcept::Fan	0	0	25	0x489170	_ZN12WaterConcept17InteractiveObject18_updateGlobalShapeEb	WaterConcept::InteractiveObject::_updateGlobalShape(bool)
WaterConcept::Floater	0	0	0	0x47aac8	_ZN12WaterConcept7FloaterD2Ev	WaterConcept::Floater::~Floater()
WaterConcept::Floater	0	0	1	0x47ab74	_ZN12WaterConcept7FloaterD0Ev	WaterConcept::Floater::~Floater()
WaterConcept::Floater	0	0	2	0x4775d0	_ZN12WaterConcept17InteractiveObject16setLocalPositionERKN7Walaber7Vector2E	WaterConcept::InteractiveObject::setLocalPosition(Walaber::Vector2 const&)
WaterConcept::Floater	0	0	3	0x4775f8	_ZN12WaterConcept17InteractiveObject13setLocalScaleERKN7Walaber7Vector2E	WaterConcept::InteractiveObject::setLocalScale(Walaber::Vector2 const&)
WaterConcept::Floater	0	0	4	0x477620	_ZN12WaterConcept17InteractiveObject13setLocalAngleERKf	WaterConcept::InteractiveObject::setLocalAngle(float const&)
WaterConcept::Floater	0	0	5	0x3ea9c4	_ZN7Walaber4Node19applyPositionOffsetERKNS_7Vector2E	Walaber::Node::applyPositionOffset(Walaber::Vector2 const&)
WaterConcept::Floater	0	0	6	0x3ea9dc	_ZN7Walaber4Node16applyScaleOffsetERKNS_7Vector2E	Walaber::Node::applyScaleOffset(Walaber::Vector2 const&)
WaterConcept::Floater	0	0	7	0x3eaa2c	_ZN7Walaber4Node16applyAngleOffsetERKf	Walaber::Node::applyAngleOffset(float const&)
WaterConcept::Floater	0	0	8	0x35cd2c	_ZN7Walaber12DrawableNode8setLayerEi	Walaber::DrawableNode::setLayer(int)
WaterConcept::Floater	0	0	9	0x477648	_ZN12WaterConcept17InteractiveObject4drawEPN7Walaber11SpriteBatchE	WaterConcept::InteractiveObject::draw(Walaber::SpriteBatch*)
WaterConcept::Floater	0	0	10	0x47b16c	_ZN12WaterConcept7Floater13setPropertiesERKN7Walaber12PropertyListE	WaterConcept::Floater::setProperties(Walaber::PropertyList const&)
WaterConcept::Floater	0	0	11	0x477660	_ZN12WaterConcept17InteractiveObject18isLowTouchPriorityEv	WaterConcept::InteractiveObject::isLowTouchPriority()
WaterConcept::Floater	0	0	12	0x47bb08	_ZN12WaterConcept7Floater6updateEf	WaterConcept::Floater::update(float)
WaterConcept::Floater	0	0	13	0x47bd88	_ZN12WaterConcept7Floater14drawBackgroundEPN7Walaber11SpriteBatchEbf	WaterConcept::Floater::drawBackground(Walaber::SpriteBatch*, bool, float)
WaterConcept::Floater	0	0	14	0x47bd6c	_ZN12WaterConcept7Floater4drawEPN7Walaber11SpriteBatchEbf	WaterConcept::Floater::draw(Walaber::SpriteBatch*, bool, float)
WaterConcept::Floater	0	0	15	0x487b24	_ZN12WaterConcept17InteractiveObject14drawForegroundEPN7Walaber11SpriteBatchEbf	WaterConcept::InteractiveObject::drawForeground(Walaber::SpriteBatch*, bool, float)
WaterConcept::Floater	0	0	16	0x47c524	_ZN12WaterConcept7Floater19particleHasCollidedEPNS_6FluidsERKNS_19ParticleDescriptionEiRb	WaterConcept::Floater::particleHasCollided(WaterConcept::Fluids*, WaterConcept::ParticleDescription const&, int, bool&)
WaterConcept::Floater	0	0	17	0x488c24	_ZN12WaterConcept17InteractiveObject15handleTouchDownERKN7Walaber7Vector2E	WaterConcept::InteractiveObject::handleTouchDown(Walaber::Vector2 const&)
WaterConcept::Floater	0	0	18	0x488cc8	_ZN12WaterConcept17InteractiveObject16handleTouchMovedERKN7Walaber7Vector2ES4_	WaterConcept::InteractiveObject::handleTouchMoved(Walaber::Vector2 const&, Walaber::Vector2 const&)
WaterConcept::Floater	0	0	19	0x488d9c	_ZN12WaterConcept17InteractiveObject13handleTouchUpERKN7Walaber7Vector2E	WaterConcept::InteractiveObject::handleTouchUp(Walaber::Vector2 const&)
WaterConcept::Floater	0	0	20	0x477668	_ZN12WaterConcept17InteractiveObject15handleLostTouchEv	WaterConcept::InteractiveObject::handleLostTouch()
WaterConcept::Floater	0	0	21	0x477670	_ZN12WaterConcept17InteractiveObject18getTouchRadiusSlopEv	WaterConcept::InteractiveObject::getTouchRadiusSlop()
WaterConcept::Floater	0	0	22	0x47aefc	_ZN12WaterConcept7Floater12_initFromXMLEP7_xmlDocP8_xmlNode	WaterConcept::Floater::_initFromXML(_xmlDoc*, _xmlNode*)
WaterConcept::Floater	0	0	23	0x47ab98	_ZN12WaterConcept7Floater13_initFinishedEv	WaterConcept::Floater::_initFinished()
WaterConcept::Floater	0	0	24	0x477684	_ZN12WaterConcept17InteractiveObject16_spriteHasLoadedEPN7Walaber6SpriteE	WaterConcept::InteractiveObject::_spriteHasLoaded(Walaber::Sprite*)
WaterConcept::Floater	0	0	25	0x47c074	_ZN12WaterConcept7Floater18_updateGlobalShapeEb	WaterConcept::Floater::_updateGlobalShape(bool)
WaterConcept::Floater	0	0	26	0x47c89c	_ZN12WaterConcept7Floater34shouldCollideWithInteractiveObjectEPNS_17InteractiveObjectE	WaterConcept::Floater::shouldCollideWithInteractiveObject(WaterConcept::InteractiveObject*)
WaterConcept::Floater	0	0	27	0x47bda4	_ZN12WaterConcept7Floater5_drawEPN7Walaber11SpriteBatchEbf	WaterConcept::Floater::_draw(Walaber::SpriteBatch*, bool, float)
WaterConcept::FluidConverter	0	0	0	0x47d1f0	_ZN12WaterConcept14FluidConverterD1Ev	WaterConcept::FluidConverter::~FluidConverter()
WaterConcept::FluidConverter	0	0	1	0x47d254	_ZN12WaterConcept14FluidConverterD0Ev	WaterConcept::FluidConverter::~FluidConverter()
WaterConcept::FluidConverter	0	0	2	0x4775d0	_ZN12WaterConcept17InteractiveObject16setLocalPositionERKN7Walaber7Vector2E	WaterConcept::InteractiveObject::setLocalPosition(Walaber::Vector2 const&)
WaterConcept::FluidConverter	0	0	3	0x4775f8	_ZN12WaterConcept17InteractiveObject13setLocalScaleERKN7Walaber7Vector2E	WaterConcept::InteractiveObject::setLocalScale(Walaber::Vector2 const&)
WaterConcept::FluidConverter	0	0	4	0x477620	_ZN12WaterConcept17InteractiveObject13setLocalAngleERKf	WaterConcept::InteractiveObject::setLocalAngle(float const&)
WaterConcept::FluidConverter	0	0	5	0x3ea9c4	_ZN7Walaber4Node19applyPositionOffsetERKNS_7Vector2E	Walaber::Node::applyPositionOffset(Walaber::Vector2 const&)
WaterConcept::FluidConverter	0	0	6	0x3ea9dc	_ZN7Walaber4Node16applyScaleOffsetERKNS_7Vector2E	Walaber::Node::applyScaleOffset(Walaber::Vector2 const&)
WaterConcept::FluidConverter	0	0	7	0x3eaa2c	_ZN7Walaber4Node16applyAngleOffsetERKf	Walaber::Node::applyAngleOffset(float const&)
WaterConcept::FluidConverter	0	0	8	0x35cd2c	_ZN7Walaber12DrawableNode8setLayerEi	Walaber::DrawableNode::setLayer(int)
WaterConcept::FluidConverter	0	0	9	0x477648	_ZN12WaterConcept17InteractiveObject4drawEPN7Walaber11SpriteBatchE	WaterConcept::InteractiveObject::draw(Walaber::SpriteBatch*)
WaterConcept::FluidConverter	0	0	10	0x47d278	_ZN12WaterConcept14FluidConverter13setPropertiesERKN7Walaber12PropertyListE	WaterConcept::FluidConverter::setProperties(Walaber::PropertyList const&)
WaterConcept::FluidConverter	0	0	11	0x477660	_ZN12WaterConcept17InteractiveObject18isLowTouchPriorityEv	WaterConcept::InteractiveObject::isLowTouchPriority()
WaterConcept::FluidConverter	0	0	12	0x47dd34	_ZN12WaterConcept14FluidConverter6updateEf	WaterConcept::FluidConverter::update(float)
WaterConcept::FluidConverter	0	0	13	0x487084	_ZN12WaterConcept17InteractiveObject14drawBackgroundEPN7Walaber11SpriteBatchEbf	WaterConcept::InteractiveObject::drawBackground(Walaber::SpriteBatch*, bool, float)
WaterConcept::FluidConverter	0	0	14	0x47e5ec	_ZN12WaterConcept14FluidConverter4drawEPN7Walaber11SpriteBatchEbf	WaterConcept::FluidConverter::draw(Walaber::SpriteBatch*, bool, float)
WaterConcept::FluidConverter	0	0	15	0x487b24	_ZN12WaterConcept17InteractiveObject14drawForegroundEPN7Walaber11SpriteBatchEbf	WaterConcept::InteractiveObject::drawForeground(Walaber::SpriteBatch*, bool, float)
WaterConcept::FluidConverter	0	0	16	0x47e958	_ZN12WaterConcept17InteractiveObject19particleHasCollidedEPNS_6FluidsERKNS_19ParticleDescriptionEiRb	WaterConcept::InteractiveObject::particleHasCollided(WaterConcept::Fluids*, WaterConcept::ParticleDescription const&, int, bool&)
WaterConcept::FluidConverter	0	0	17	0x47e25c	_ZN12WaterConcept14FluidConverter15handleTouchDownERKN7Walaber7Vector2E	WaterConcept::FluidConverter::handleTouchDown(Walaber::Vector2 const&)
WaterConcept::FluidConverter	0	0	18	0x488cc8	_ZN12WaterConcept17InteractiveObject16handleTouchMovedERKN7Walaber7Vector2ES4_	WaterConcept::InteractiveObject::handleTouchMoved(Walaber::Vector2 const&, Walaber::Vector2 const&)
WaterConcept::FluidConverter	0	0	19	0x488d9c	_ZN12WaterConcept17InteractiveObject13handleTouchUpERKN7Walaber7Vector2E	WaterConcept::InteractiveObject::handleTouchUp(Walaber::Vector2 const&)
WaterConcept::FluidConverter	0	0	20	0x477668	_ZN12WaterConcept17InteractiveObject15handleLostTouchEv	WaterConcept::InteractiveObject::handleLostTouch()
WaterConcept::FluidConverter	0	0	21	0x477670	_ZN12WaterConcept17InteractiveObject18getTouchRadiusSlopEv	WaterConcept::InteractiveObject::getTouchRadiusSlop()
WaterConcept::FluidConverter	0	0	22	0x477680	_ZN12WaterConcept17InteractiveObject12_initFromXMLEP7_xmlDocP8_xmlNode	WaterConcept::InteractiveObject::_initFromXML(_xmlDoc*, _xmlNode*)
WaterConcept::FluidConverter	0	0	23	0x47e2ec	_ZN12WaterConcept14FluidConverter13_initFinishedEv	WaterConcept::FluidConverter::_initFinished()
WaterConcept::FluidConverter	0	0	24	0x477684	_ZN12WaterConcept17InteractiveObject16_spriteHasLoadedEPN7Walaber6SpriteE	WaterConcept::InteractiveObject::_spriteHasLoaded(Walaber::Sprite*)
WaterConcept::FluidConverter	0	0	25	0x489170	_ZN12WaterConcept17InteractiveObject18_updateGlobalShapeEb	WaterConcept::InteractiveObject::_updateGlobalShape(bool)
WaterConcept::HDAssetsNotification	0	0	0	0x499f78	_ZN12WaterConcept20HDAssetsNotification11handleEventEiRKN7Walaber6Widget15WidgetActionRetEPS2_	WaterConcept::HDAssetsNotification::handleEvent(int, Walaber::Widget::WidgetActionRet const&, Walaber::Widget*)
WaterConcept::HDAssetsNotification	0	0	1	0x49a5b4	_ZN12WaterConcept20HDAssetsNotification11handleFocusEPN7Walaber6WidgetENS1_10FocusEventE	WaterConcept::HDAssetsNotification::handleFocus(Walaber::Widget*, Walaber::FocusEvent)
WaterConcept::HDAssetsNotification	0	0	2	0x499810	_ZN12WaterConcept20HDAssetsNotificationD1Ev	WaterConcept::HDAssetsNotification::~HDAssetsNotification()
WaterConcept::HDAssetsNotification	0	0	3	0x49985c	_ZN12WaterConcept20HDAssetsNotificationD0Ev	WaterConcept::HDAssetsNotification::~HDAssetsNotification()
WaterConcept::HDAssetsNotification	0	0	4	0x4998b8	_ZN12WaterConcept20HDAssetsNotification6updateEf	WaterConcept::HDAssetsNotification::update(float)
WaterConcept::HDAssetsNotification	0	0	5	0x49d048	_ZN12WaterConcept12Notification4drawERN7Walaber11SpriteBatchE	WaterConcept::Notification::draw(Walaber::SpriteBatch&)
WaterConcept::HDAssetsNotification	0	0	6	0x499dbc	_ZN12WaterConcept20HDAssetsNotification8goNotifyERKNSt6__ndk112basic_stringIcNS1_11char_traitsIcEENS1_9allocatorIcEEEEf	WaterConcept::HDAssetsNotification::goNotify(std::__ndk1::basic_string<char, std::__ndk1::char_traits<char>, std::__ndk1::allocator<char>> const&, float)
WaterConcept::HDAssetsNotification	0	0	7	0x49d22c	_ZN12WaterConcept12Notification8goNotifyERKNSt6__ndk112basic_stringIcNS1_11char_traitsIcEENS1_9allocatorIcEEEEfN7Walaber7Vector2E	WaterConcept::Notification::goNotify(std::__ndk1::basic_string<char, std::__ndk1::char_traits<char>, std::__ndk1::allocator<char>> const&, float, Walaber::Vector2)
WaterConcept::HDAssetsNotification	0	0	8	0x49cfe8	_ZN12WaterConcept12Notification13goToNextStateEv	WaterConcept::Notification::goToNextState()
WaterConcept::HDAssetsNotification	0	0	9	0x49a62c	_ZN12WaterConcept12Notification11reloadFontsEv	WaterConcept::Notification::reloadFonts()
WaterConcept::HDAssetsNotification	0	0	10	0x49a634	_ZN12WaterConcept12Notification13reloadWidgetsEv	WaterConcept::Notification::reloadWidgets()
WaterConcept::HDAssetsNotification	0	0	11	0x49a690	_ZN12WaterConcept12Notification9touchDownEiN7Walaber7Vector2E	WaterConcept::Notification::touchDown(int, Walaber::Vector2)
WaterConcept::HDAssetsNotification	0	0	12	0x49a6e4	_ZN12WaterConcept12Notification10touchMovedEiN7Walaber7Vector2ES2_	WaterConcept::Notification::touchMoved(int, Walaber::Vector2, Walaber::Vector2)
WaterConcept::HDAssetsNotification	0	0	13	0x49a744	_ZN12WaterConcept12Notification7touchUpEiN7Walaber7Vector2E	WaterConcept::Notification::touchUp(int, Walaber::Vector2)
WaterConcept::HDAssetsNotification	0	0	14	0x499f20	_ZN12WaterConcept20HDAssetsNotification13widgetsLoadedEv	WaterConcept::HDAssetsNotification::widgetsLoaded()
WaterConcept::HDAssetsNotification	0	0	15	0x49a04c	_ZN12WaterConcept20HDAssetsNotification9messageRxERKN7Walaber7MessageE	WaterConcept::HDAssetsNotification::messageRx(Walaber::Message const&)
WaterConcept::IAPNotification	0	0	0	0x49c24c	_ZN12WaterConcept15IAPNotification11handleEventEiRKN7Walaber6Widget15WidgetActionRetEPS2_	WaterConcept::IAPNotification::handleEvent(int, Walaber::Widget::WidgetActionRet const&, Walaber::Widget*)
WaterConcept::IAPNotification	0	0	1	0x49c870	_ZN7Walaber25WidgetManagerEventHandler11handleFocusEPNS_6WidgetENS_10FocusEventE	Walaber::WidgetManagerEventHandler::handleFocus(Walaber::Widget*, Walaber::FocusEvent)
WaterConcept::IAPNotification	0	0	2	0x49a9dc	_ZN12WaterConcept15IAPNotificationD1Ev	WaterConcept::IAPNotification::~IAPNotification()
WaterConcept::IAPNotification	0	0	3	0x49aa9c	_ZN12WaterConcept15IAPNotificationD0Ev	WaterConcept::IAPNotification::~IAPNotification()
WaterConcept::IAPNotification	0	0	4	0x49aff8	_ZN12WaterConcept15IAPNotification6updateEf	WaterConcept::IAPNotification::update(float)
WaterConcept::IAPNotification	0	0	5	0x49afb0	_ZN12WaterConcept15IAPNotification4drawERN7Walaber11SpriteBatchE	WaterConcept::IAPNotification::draw(Walaber::SpriteBatch&)
WaterConcept::IAPNotification	0	0	6	0x49b3dc	_ZN12WaterConcept15IAPNotification8goNotifyERKNSt6__ndk112basic_stringIcNS1_11char_traitsIcEENS1_9allocatorIcEEEEf	WaterConcept::IAPNotification::goNotify(std::__ndk1::basic_string<char, std::__ndk1::char_traits<char>, std::__ndk1::allocator<char>> const&, float)
WaterConcept::IAPNotification	0	0	7	0x49d22c	_ZN12WaterConcept12Notification8goNotifyERKNSt6__ndk112basic_stringIcNS1_11char_traitsIcEENS1_9allocatorIcEEEEfN7Walaber7Vector2E	WaterConcept::Notification::goNotify(std::__ndk1::basic_string<char, std::__ndk1::char_traits<char>, std::__ndk1::allocator<char>> const&, float, Walaber::Vector2)
WaterConcept::IAPNotification	0	0	8	0x49cfe8	_ZN12WaterConcept12Notification13goToNextStateEv	WaterConcept::Notification::goToNextState()
WaterConcept::IAPNotification	0	0	9	0x49a62c	_ZN12WaterConcept12Notification11reloadFontsEv	WaterConcept::Notification::reloadFonts()
WaterConcept::IAPNotification	0	0	10	0x49a634	_ZN12WaterConcept12Notification13reloadWidgetsEv	WaterConcept::Notification::reloadWidgets()
WaterConcept::IAPNotification	0	0	11	0x49a690	_ZN12WaterConcept12Notification9touchDownEiN7Walaber7Vector2E	WaterConcept::Notification::touchDown(int, Walaber::Vector2)
WaterConcept::IAPNotification	0	0	12	0x49a6e4	_ZN12WaterConcept12Notification10touchMovedEiN7Walaber7Vector2ES2_	WaterConcept::Notification::touchMoved(int, Walaber::Vector2, Walaber::Vector2)
WaterConcept::IAPNotification	0	0	13	0x49a744	_ZN12WaterConcept12Notification7touchUpEiN7Walaber7Vector2E	WaterConcept::Notification::touchUp(int, Walaber::Vector2)
WaterConcept::IAPNotification	0	0	14	0x49c224	_ZN12WaterConcept15IAPNotification13widgetsLoadedEv	WaterConcept::IAPNotification::widgetsLoaded()
WaterConcept::IAPNotification	0	0	15	0x49c860	_ZN12WaterConcept15IAPNotification9messageRxERKN7Walaber7MessageE	WaterConcept::IAPNotification::messageRx(Walaber::Message const&)
WaterConcept::IcyHot	0	0	0	0x47eca8	_ZN12WaterConcept6IcyHotD1Ev	WaterConcept::IcyHot::~IcyHot()
WaterConcept::IcyHot	0	0	1	0x47ed14	_ZN12WaterConcept6IcyHotD0Ev	WaterConcept::IcyHot::~IcyHot()
WaterConcept::IcyHot	0	0	2	0x4775d0	_ZN12WaterConcept17InteractiveObject16setLocalPositionERKN7Walaber7Vector2E	WaterConcept::InteractiveObject::setLocalPosition(Walaber::Vector2 const&)
WaterConcept::IcyHot	0	0	3	0x4775f8	_ZN12WaterConcept17InteractiveObject13setLocalScaleERKN7Walaber7Vector2E	WaterConcept::InteractiveObject::setLocalScale(Walaber::Vector2 const&)
WaterConcept::IcyHot	0	0	4	0x477620	_ZN12WaterConcept17InteractiveObject13setLocalAngleERKf	WaterConcept::InteractiveObject::setLocalAngle(float const&)
WaterConcept::IcyHot	0	0	5	0x3ea9c4	_ZN7Walaber4Node19applyPositionOffsetERKNS_7Vector2E	Walaber::Node::applyPositionOffset(Walaber::Vector2 const&)
WaterConcept::IcyHot	0	0	6	0x3ea9dc	_ZN7Walaber4Node16applyScaleOffsetERKNS_7Vector2E	Walaber::Node::applyScaleOffset(Walaber::Vector2 const&)
WaterConcept::IcyHot	0	0	7	0x3eaa2c	_ZN7Walaber4Node16applyAngleOffsetERKf	Walaber::Node::applyAngleOffset(float const&)
WaterConcept::IcyHot	0	0	8	0x35cd2c	_ZN7Walaber12DrawableNode8setLayerEi	Walaber::DrawableNode::setLayer(int)
WaterConcept::IcyHot	0	0	9	0x477648	_ZN12WaterConcept17InteractiveObject4drawEPN7Walaber11SpriteBatchE	WaterConcept::InteractiveObject::draw(Walaber::SpriteBatch*)
WaterConcept::IcyHot	0	0	10	0x47ed38	_ZN12WaterConcept6IcyHot13setPropertiesERKN7Walaber12PropertyListE	WaterConcept::IcyHot::setProperties(Walaber::PropertyList const&)
WaterConcept::IcyHot	0	0	11	0x477660	_ZN12WaterConcept17InteractiveObject18isLowTouchPriorityEv	WaterConcept::InteractiveObject::isLowTouchPriority()
WaterConcept::IcyHot	0	0	12	0x47f4c8	_ZN12WaterConcept6IcyHot6updateEf	WaterConcept::IcyHot::update(float)
WaterConcept::IcyHot	0	0	13	0x487084	_ZN12WaterConcept17InteractiveObject14drawBackgroundEPN7Walaber11SpriteBatchEbf	WaterConcept::InteractiveObject::drawBackground(Walaber::SpriteBatch*, bool, float)
WaterConcept::IcyHot	0	0	14	0x47fb1c	_ZN12WaterConcept6IcyHot4drawEPN7Walaber11SpriteBatchEbf	WaterConcept::IcyHot::draw(Walaber::SpriteBatch*, bool, float)
WaterConcept::IcyHot	0	0	15	0x487b24	_ZN12WaterConcept17InteractiveObject14drawForegroundEPN7Walaber11SpriteBatchEbf	WaterConcept::InteractiveObject::drawForeground(Walaber::SpriteBatch*, bool, float)
WaterConcept::IcyHot	0	0	16	0x47fbb0	_ZN12WaterConcept6IcyHot19particleHasCollidedEPNS_6FluidsERKNS_19ParticleDescriptionEiRb	WaterConcept::IcyHot::particleHasCollided(WaterConcept::Fluids*, WaterConcept::ParticleDescription const&, int, bool&)
WaterConcept::IcyHot	0	0	17	0x488c24	_ZN12WaterConcept17InteractiveObject15handleTouchDownERKN7Walaber7Vector2E	WaterConcept::InteractiveObject::handleTouchDown(Walaber::Vector2 const&)
WaterConcept::IcyHot	0	0	18	0x488cc8	_ZN12WaterConcept17InteractiveObject16handleTouchMovedERKN7Walaber7Vector2ES4_	WaterConcept::InteractiveObject::handleTouchMoved(Walaber::Vector2 const&, Walaber::Vector2 const&)
WaterConcept::IcyHot	0	0	19	0x488d9c	_ZN12WaterConcept17InteractiveObject13handleTouchUpERKN7Walaber7Vector2E	WaterConcept::InteractiveObject::handleTouchUp(Walaber::Vector2 const&)
WaterConcept::IcyHot	0	0	20	0x477668	_ZN12WaterConcept17InteractiveObject15handleLostTouchEv	WaterConcept::InteractiveObject::handleLostTouch()
WaterConcept::IcyHot	0	0	21	0x477670	_ZN12WaterConcept17InteractiveObject18getTouchRadiusSlopEv	WaterConcept::InteractiveObject::getTouchRadiusSlop()
WaterConcept::IcyHot	0	0	22	0x477680	_ZN12WaterConcept17InteractiveObject12_initFromXMLEP7_xmlDocP8_xmlNode	WaterConcept::InteractiveObject::_initFromXML(_xmlDoc*, _xmlNode*)
WaterConcept::IcyHot	0	0	23	0x47fc9c	_ZN12WaterConcept6IcyHot13_initFinishedEv	WaterConcept::IcyHot::_initFinished()
WaterConcept::IcyHot	0	0	24	0x477684	_ZN12WaterConcept17InteractiveObject16_spriteHasLoadedEPN7Walaber6SpriteE	WaterConcept::InteractiveObject::_spriteHasLoaded(Walaber::Sprite*)
WaterConcept::IcyHot	0	0	25	0x489170	_ZN12WaterConcept17InteractiveObject18_updateGlobalShapeEb	WaterConcept::InteractiveObject::_updateGlobalShape(bool)
WaterConcept::InteractiveObject	0	0	0	0x4810d4	_ZN12WaterConcept17InteractiveObjectD1Ev	WaterConcept::InteractiveObject::~InteractiveObject()
WaterConcept::InteractiveObject	0	0	1	0x4812a8	_ZN12WaterConcept17InteractiveObjectD0Ev	WaterConcept::InteractiveObject::~InteractiveObject()
WaterConcept::InteractiveObject	0	0	2	0x4775d0	_ZN12WaterConcept17InteractiveObject16setLocalPositionERKN7Walaber7Vector2E	WaterConcept::InteractiveObject::setLocalPosition(Walaber::Vector2 const&)
WaterConcept::InteractiveObject	0	0	3	0x4775f8	_ZN12WaterConcept17InteractiveObject13setLocalScaleERKN7Walaber7Vector2E	WaterConcept::InteractiveObject::setLocalScale(Walaber::Vector2 const&)
WaterConcept::InteractiveObject	0	0	4	0x477620	_ZN12WaterConcept17InteractiveObject13setLocalAngleERKf	WaterConcept::InteractiveObject::setLocalAngle(float const&)
WaterConcept::InteractiveObject	0	0	5	0x3ea9c4	_ZN7Walaber4Node19applyPositionOffsetERKNS_7Vector2E	Walaber::Node::applyPositionOffset(Walaber::Vector2 const&)
WaterConcept::InteractiveObject	0	0	6	0x3ea9dc	_ZN7Walaber4Node16applyScaleOffsetERKNS_7Vector2E	Walaber::Node::applyScaleOffset(Walaber::Vector2 const&)
WaterConcept::InteractiveObject	0	0	7	0x3eaa2c	_ZN7Walaber4Node16applyAngleOffsetERKf	Walaber::Node::applyAngleOffset(float const&)
WaterConcept::InteractiveObject	0	0	8	0x35cd2c	_ZN7Walaber12DrawableNode8setLayerEi	Walaber::DrawableNode::setLayer(int)
WaterConcept::InteractiveObject	0	0	9	0x477648	_ZN12WaterConcept17InteractiveObject4drawEPN7Walaber11SpriteBatchE	WaterConcept::InteractiveObject::draw(Walaber::SpriteBatch*)
WaterConcept::InteractiveObject	0	0	10	0x482aa8	_ZN12WaterConcept17InteractiveObject13setPropertiesERKN7Walaber12PropertyListE	WaterConcept::InteractiveObject::setProperties(Walaber::PropertyList const&)
WaterConcept::InteractiveObject	0	0	11	0x477660	_ZN12WaterConcept17InteractiveObject18isLowTouchPriorityEv	WaterConcept::InteractiveObject::isLowTouchPriority()
WaterConcept::InteractiveObject	0	0	12	0x486288	_ZN12WaterConcept17InteractiveObject6updateEf	WaterConcept::InteractiveObject::update(float)
WaterConcept::InteractiveObject	0	0	13	0x487084	_ZN12WaterConcept17InteractiveObject14drawBackgroundEPN7Walaber11SpriteBatchEbf	WaterConcept::InteractiveObject::drawBackground(Walaber::SpriteBatch*, bool, float)
WaterConcept::InteractiveObject	0	0	14	0x487b28	_ZN12WaterConcept17InteractiveObject4drawEPN7Walaber11SpriteBatchEbf	WaterConcept::InteractiveObject::draw(Walaber::SpriteBatch*, bool, float)
WaterConcept::InteractiveObject	0	0	15	0x487b24	_ZN12WaterConcept17InteractiveObject14drawForegroundEPN7Walaber11SpriteBatchEbf	WaterConcept::InteractiveObject::drawForeground(Walaber::SpriteBatch*, bool, float)
WaterConcept::InteractiveObject	0	0	16	0x47e958	_ZN12WaterConcept17InteractiveObject19particleHasCollidedEPNS_6FluidsERKNS_19ParticleDescriptionEiRb	WaterConcept::InteractiveObject::particleHasCollided(WaterConcept::Fluids*, WaterConcept::ParticleDescription const&, int, bool&)
WaterConcept::InteractiveObject	0	0	17	0x488c24	_ZN12WaterConcept17InteractiveObject15handleTouchDownERKN7Walaber7Vector2E	WaterConcept::InteractiveObject::handleTouchDown(Walaber::Vector2 const&)
WaterConcept::InteractiveObject	0	0	18	0x488cc8	_ZN12WaterConcept17InteractiveObject16handleTouchMovedERKN7Walaber7Vector2ES4_	WaterConcept::InteractiveObject::handleTouchMoved(Walaber::Vector2 const&, Walaber::Vector2 const&)
WaterConcept::InteractiveObject	0	0	19	0x488d9c	_ZN12WaterConcept17InteractiveObject13handleTouchUpERKN7Walaber7Vector2E	WaterConcept::InteractiveObject::handleTouchUp(Walaber::Vector2 const&)
WaterConcept::InteractiveObject	0	0	20	0x477668	_ZN12WaterConcept17InteractiveObject15handleLostTouchEv	WaterConcept::InteractiveObject::handleLostTouch()
WaterConcept::InteractiveObject	0	0	21	0x477670	_ZN12WaterConcept17InteractiveObject18getTouchRadiusSlopEv	WaterConcept::InteractiveObject::getTouchRadiusSlop()
WaterConcept::InteractiveObject	0	0	22	0x477680	_ZN12WaterConcept17InteractiveObject12_initFromXMLEP7_xmlDocP8_xmlNode	WaterConcept::InteractiveObject::_initFromXML(_xmlDoc*, _xmlNode*)
WaterConcept::InteractiveObject	0	0	23	0x489d28	_ZN12WaterConcept17InteractiveObject13_initFinishedEv	WaterConcept::InteractiveObject::_initFinished()
WaterConcept::InteractiveObject	0	0	24	0x477684	_ZN12WaterConcept17InteractiveObject16_spriteHasLoadedEPN7Walaber6SpriteE	WaterConcept::InteractiveObject::_spriteHasLoaded(Walaber::Sprite*)
WaterConcept::InteractiveObject	0	0	25	0x489170	_ZN12WaterConcept17InteractiveObject18_updateGlobalShapeEb	WaterConcept::InteractiveObject::_updateGlobalShape(bool)
WaterConcept::MysteryCave	0	0	0	0x48b6fc	_ZN12WaterConcept11MysteryCaveD2Ev	WaterConcept::MysteryCave::~MysteryCave()
WaterConcept::MysteryCave	0	0	1	0x48b7b0	_ZN12WaterConcept11MysteryCaveD0Ev	WaterConcept::MysteryCave::~MysteryCave()
WaterConcept::MysteryCave	0	0	2	0x4775d0	_ZN12WaterConcept17InteractiveObject16setLocalPositionERKN7Walaber7Vector2E	WaterConcept::InteractiveObject::setLocalPosition(Walaber::Vector2 const&)
WaterConcept::MysteryCave	0	0	3	0x4775f8	_ZN12WaterConcept17InteractiveObject13setLocalScaleERKN7Walaber7Vector2E	WaterConcept::InteractiveObject::setLocalScale(Walaber::Vector2 const&)
WaterConcept::MysteryCave	0	0	4	0x477620	_ZN12WaterConcept17InteractiveObject13setLocalAngleERKf	WaterConcept::InteractiveObject::setLocalAngle(float const&)
WaterConcept::MysteryCave	0	0	5	0x3ea9c4	_ZN7Walaber4Node19applyPositionOffsetERKNS_7Vector2E	Walaber::Node::applyPositionOffset(Walaber::Vector2 const&)
WaterConcept::MysteryCave	0	0	6	0x3ea9dc	_ZN7Walaber4Node16applyScaleOffsetERKNS_7Vector2E	Walaber::Node::applyScaleOffset(Walaber::Vector2 const&)
WaterConcept::MysteryCave	0	0	7	0x3eaa2c	_ZN7Walaber4Node16applyAngleOffsetERKf	Walaber::Node::applyAngleOffset(float const&)
WaterConcept::MysteryCave	0	0	8	0x35cd2c	_ZN7Walaber12DrawableNode8setLayerEi	Walaber::DrawableNode::setLayer(int)
WaterConcept::MysteryCave	0	0	9	0x477648	_ZN12WaterConcept17InteractiveObject4drawEPN7Walaber11SpriteBatchE	WaterConcept::InteractiveObject::draw(Walaber::SpriteBatch*)
WaterConcept::MysteryCave	0	0	10	0x48ac38	_ZN12WaterConcept11MysteryCave13setPropertiesERKN7Walaber12PropertyListE	WaterConcept::MysteryCave::setProperties(Walaber::PropertyList const&)
WaterConcept::MysteryCave	0	0	11	0x477660	_ZN12WaterConcept17InteractiveObject18isLowTouchPriorityEv	WaterConcept::InteractiveObject::isLowTouchPriority()
WaterConcept::MysteryCave	0	0	12	0x48af7c	_ZN12WaterConcept11MysteryCave6updateEf	WaterConcept::MysteryCave::update(float)
WaterConcept::MysteryCave	0	0	13	0x48b648	_ZN12WaterConcept11MysteryCave14drawBackgroundEPN7Walaber11SpriteBatchEbf	WaterConcept::MysteryCave::drawBackground(Walaber::SpriteBatch*, bool, float)
WaterConcept::MysteryCave	0	0	14	0x48b3dc	_ZN12WaterConcept11MysteryCave4drawEPN7Walaber11SpriteBatchEbf	WaterConcept::MysteryCave::draw(Walaber::SpriteBatch*, bool, float)
WaterConcept::MysteryCave	0	0	15	0x487b24	_ZN12WaterConcept17InteractiveObject14drawForegroundEPN7Walaber11SpriteBatchEbf	WaterConcept::InteractiveObject::drawForeground(Walaber::SpriteBatch*, bool, float)
WaterConcept::MysteryCave	0	0	16	0x48aee8	_ZN12WaterConcept11MysteryCave19particleHasCollidedEPNS_6FluidsERKNS_19ParticleDescriptionEiRb	WaterConcept::MysteryCave::particleHasCollided(WaterConcept::Fluids*, WaterConcept::ParticleDescription const&, int, bool&)
WaterConcept::MysteryCave	0	0	17	0x488c24	_ZN12WaterConcept17InteractiveObject15handleTouchDownERKN7Walaber7Vector2E	WaterConcept::InteractiveObject::handleTouchDown(Walaber::Vector2 const&)
WaterConcept::MysteryCave	0	0	18	0x488cc8	_ZN12WaterConcept17InteractiveObject16handleTouchMovedERKN7Walaber7Vector2ES4_	WaterConcept::InteractiveObject::handleTouchMoved(Walaber::Vector2 const&, Walaber::Vector2 const&)
WaterConcept::MysteryCave	0	0	19	0x488d9c	_ZN12WaterConcept17InteractiveObject13handleTouchUpERKN7Walaber7Vector2E	WaterConcept::InteractiveObject::handleTouchUp(Walaber::Vector2 const&)
WaterConcept::MysteryCave	0	0	20	0x477668	_ZN12WaterConcept17InteractiveObject15handleLostTouchEv	WaterConcept::InteractiveObject::handleLostTouch()
WaterConcept::MysteryCave	0	0	21	0x477670	_ZN12WaterConcept17InteractiveObject18getTouchRadiusSlopEv	WaterConcept::InteractiveObject::getTouchRadiusSlop()
WaterConcept::MysteryCave	0	0	22	0x477680	_ZN12WaterConcept17InteractiveObject12_initFromXMLEP7_xmlDocP8_xmlNode	WaterConcept::InteractiveObject::_initFromXML(_xmlDoc*, _xmlNode*)
WaterConcept::MysteryCave	0	0	23	0x48ad6c	_ZN12WaterConcept11MysteryCave13_initFinishedEv	WaterConcept::MysteryCave::_initFinished()
WaterConcept::MysteryCave	0	0	24	0x477684	_ZN12WaterConcept17InteractiveObject16_spriteHasLoadedEPN7Walaber6SpriteE	WaterConcept::InteractiveObject::_spriteHasLoaded(Walaber::Sprite*)
WaterConcept::MysteryCave	0	0	25	0x489170	_ZN12WaterConcept17InteractiveObject18_updateGlobalShapeEb	WaterConcept::InteractiveObject::_updateGlobalShape(bool)
WaterConcept::Notification	0	0	0	0x49d450	_ZN7Walaber25WidgetManagerEventHandler11handleEventEiRKNS_6Widget15WidgetActionRetEPS1_	Walaber::WidgetManagerEventHandler::handleEvent(int, Walaber::Widget::WidgetActionRet const&, Walaber::Widget*)
WaterConcept::Notification	0	0	1	0x49c870	_ZN7Walaber25WidgetManagerEventHandler11handleFocusEPNS_6WidgetENS_10FocusEventE	Walaber::WidgetManagerEventHandler::handleFocus(Walaber::Widget*, Walaber::FocusEvent)
WaterConcept::Notification	0	0	2	0x49cbfc	_ZN12WaterConcept12NotificationD1Ev	WaterConcept::Notification::~Notification()
WaterConcept::Notification	0	0	3	0x49cca4	_ZN12WaterConcept12NotificationD0Ev	WaterConcept::Notification::~Notification()
WaterConcept::Notification	0	0	4	0x49ccc8	_ZN12WaterConcept12Notification6updateEf	WaterConcept::Notification::update(float)
WaterConcept::Notification	0	0	5	0x49d048	_ZN12WaterConcept12Notification4drawERN7Walaber11SpriteBatchE	WaterConcept::Notification::draw(Walaber::SpriteBatch&)
WaterConcept::Notification	0	0	6	0x49d050	_ZN12WaterConcept12Notification8goNotifyERKNSt6__ndk112basic_stringIcNS1_11char_traitsIcEENS1_9allocatorIcEEEEf	WaterConcept::Notification::goNotify(std::__ndk1::basic_string<char, std::__ndk1::char_traits<char>, std::__ndk1::allocator<char>> const&, float)
WaterConcept::Notification	0	0	7	0x49d22c	_ZN12WaterConcept12Notification8goNotifyERKNSt6__ndk112basic_stringIcNS1_11char_traitsIcEENS1_9allocatorIcEEEEfN7Walaber7Vector2E	WaterConcept::Notification::goNotify(std::__ndk1::basic_string<char, std::__ndk1::char_traits<char>, std::__ndk1::allocator<char>> const&, float, Walaber::Vector2)
WaterConcept::Notification	0	0	8	0x49cfe8	_ZN12WaterConcept12Notification13goToNextStateEv	WaterConcept::Notification::goToNextState()
WaterConcept::Notification	0	0	9	0x49a62c	_ZN12WaterConcept12Notification11reloadFontsEv	WaterConcept::Notification::reloadFonts()
WaterConcept::Notification	0	0	10	0x49a634	_ZN12WaterConcept12Notification13reloadWidgetsEv	WaterConcept::Notification::reloadWidgets()
WaterConcept::Notification	0	0	11	0x49a690	_ZN12WaterConcept12Notification9touchDownEiN7Walaber7Vector2E	WaterConcept::Notification::touchDown(int, Walaber::Vector2)
WaterConcept::Notification	0	0	12	0x49a6e4	_ZN12WaterConcept12Notification10touchMovedEiN7Walaber7Vector2ES2_	WaterConcept::Notification::touchMoved(int, Walaber::Vector2, Walaber::Vector2)
WaterConcept::Notification	0	0	13	0x49a744	_ZN12WaterConcept12Notification7touchUpEiN7Walaber7Vector2E	WaterConcept::Notification::touchUp(int, Walaber::Vector2)
WaterConcept::Notification	0	0	14	0x49d454	_ZN12WaterConcept12Notification13widgetsLoadedEv	WaterConcept::Notification::widgetsLoaded()
WaterConcept::NotificationSingleton	0	0	0	0x49d450	_ZN7Walaber25WidgetManagerEventHandler11handleEventEiRKNS_6Widget15WidgetActionRetEPS1_	Walaber::WidgetManagerEventHandler::handleEvent(int, Walaber::Widget::WidgetActionRet const&, Walaber::Widget*)
WaterConcept::NotificationSingleton	0	0	1	0x49c870	_ZN7Walaber25WidgetManagerEventHandler11handleFocusEPNS_6WidgetENS_10FocusEventE	Walaber::WidgetManagerEventHandler::handleFocus(Walaber::Widget*, Walaber::FocusEvent)
WaterConcept::NotificationSingleton	0	0	2	0x49dbd8	_ZN12WaterConcept21NotificationSingletonD1Ev	WaterConcept::NotificationSingleton::~NotificationSingleton()
WaterConcept::NotificationSingleton	0	0	3	0x49dcf4	_ZN12WaterConcept21NotificationSingletonD0Ev	WaterConcept::NotificationSingleton::~NotificationSingleton()
WaterConcept::NotificationSingleton	0	0	4	0x49fc8c	_ZN12WaterConcept21NotificationSingleton9messageRxERKN7Walaber7MessageE	WaterConcept::NotificationSingleton::messageRx(Walaber::Message const&)
WaterConcept::PurchaseHandler	0	0	0	0x43d580	_ZN12WaterConcept15PurchaseHandlerD2Ev	WaterConcept::PurchaseHandler::~PurchaseHandler()
WaterConcept::PurchaseHandler	0	0	1	0x43d5c0	_ZN12WaterConcept15PurchaseHandlerD0Ev	WaterConcept::PurchaseHandler::~PurchaseHandler()
WaterConcept::PurchaseHandler	0	0	2	0x43d660	_ZN12WaterConcept15PurchaseHandler9messageRxERKN7Walaber7MessageE	WaterConcept::PurchaseHandler::messageRx(Walaber::Message const&)
WaterConcept::Screen_Achievements	0	0	0	0x4a1880	_ZN12WaterConcept19Screen_AchievementsD2Ev	WaterConcept::Screen_Achievements::~Screen_Achievements()
WaterConcept::Screen_Achievements	0	0	1	0x4a18f8	_ZN12WaterConcept19Screen_AchievementsD0Ev	WaterConcept::Screen_Achievements::~Screen_Achievements()
WaterConcept::Screen_Achievements	0	0	2	0x4a1948	_ZN12WaterConcept19Screen_Achievements5enterEv	WaterConcept::Screen_Achievements::enter()
WaterConcept::Screen_Achievements	0	0	3	0x4a1dac	_ZN12WaterConcept19Screen_Achievements4exitEv	WaterConcept::Screen_Achievements::exit()
WaterConcept::Screen_Achievements	0	0	4	0x4a40b4	_ZN7Walaber10GameScreen23recreateGraphicsContextEv	Walaber::GameScreen::recreateGraphicsContext()
WaterConcept::Screen_Achievements	0	0	5	0x4a40b8	_ZN12WaterConcept8WCScreen12beingStackedEv	WaterConcept::WCScreen::beingStacked()
WaterConcept::Screen_Achievements	0	0	6	0x4a40c0	_ZN12WaterConcept19Screen_Achievements11regainedTopEv	WaterConcept::Screen_Achievements::regainedTop()
WaterConcept::Screen_Achievements	0	0	7	0x4a1db0	_ZN12WaterConcept19Screen_Achievements6updateEfb	WaterConcept::Screen_Achievements::update(float, bool)
WaterConcept::Screen_Achievements	0	0	8	0x4a1dc8	_ZN12WaterConcept19Screen_Achievements4drawEi	WaterConcept::Screen_Achievements::draw(int)
WaterConcept::Screen_Achievements	0	0	9	0x4a1944	_ZN12WaterConcept19Screen_Achievements16loadPropertyListERKN7Walaber12PropertyListE	WaterConcept::Screen_Achievements::loadPropertyList(Walaber::PropertyList const&)
WaterConcept::Screen_Achievements	0	0	10	0x4a40c8	_ZN12WaterConcept8WCScreen9touchDownEiN7Walaber7Vector2E	WaterConcept::WCScreen::touchDown(int, Walaber::Vector2)
WaterConcept::Screen_Achievements	0	0	11	0x4a411c	_ZN12WaterConcept8WCScreen10touchMovedEiN7Walaber7Vector2ES2_	WaterConcept::WCScreen::touchMoved(int, Walaber::Vector2, Walaber::Vector2)
WaterConcept::Screen_Achievements	0	0	12	0x4a417c	_ZN12WaterConcept8WCScreen7touchUpEiN7Walaber7Vector2E	WaterConcept::WCScreen::touchUp(int, Walaber::Vector2)
WaterConcept::Screen_Achievements	0	0	13	0x4a41d0	_ZN7Walaber10GameScreen9touchLostEi	Walaber::GameScreen::touchLost(int)
WaterConcept::Screen_Achievements	0	0	14	0x4a3fd0	_ZN12WaterConcept19Screen_Achievements14backKeyPressedEv	WaterConcept::Screen_Achievements::backKeyPressed()
WaterConcept::Screen_Achievements	0	0	15	0x4a41d4	_ZN7Walaber10GameScreen20accelerometerChangedEfff	Walaber::GameScreen::accelerometerChanged(float, float, float)
WaterConcept::Screen_Achievements	0	0	16	0x4a41d8	_ZN7Walaber10GameScreen13consumesInputEv	Walaber::GameScreen::consumesInput()
WaterConcept::Screen_Achievements	0	0	17	0x4a41e0	_ZN7Walaber10GameScreen27notifyTransitionPhaseChangeEj	Walaber::GameScreen::notifyTransitionPhaseChange(unsigned int)
WaterConcept::Screen_Achievements	0	0	18	0x4a41e4	_ZN12WaterConcept8WCScreen11handleFocusEPN7Walaber6WidgetENS1_10FocusEventE	WaterConcept::WCScreen::handleFocus(Walaber::Widget*, Walaber::FocusEvent)
WaterConcept::Screen_Achievements	0	0	19	0x4a1e68	_ZN12WaterConcept19Screen_Achievements11handleEventEiRKN7Walaber6Widget15WidgetActionRetEPS2_	WaterConcept::Screen_Achievements::handleEvent(int, Walaber::Widget::WidgetActionRet const&, Walaber::Widget*)
WaterConcept::Screen_Achievements	0	0	20	0x4a3e84	_ZN12WaterConcept19Screen_Achievements9messageRxERKN7Walaber7MessageE	WaterConcept::Screen_Achievements::messageRx(Walaber::Message const&)
WaterConcept::Screen_AchievementsTest	0	0	0	0x4a4434	_ZN12WaterConcept23Screen_AchievementsTestD1Ev	WaterConcept::Screen_AchievementsTest::~Screen_AchievementsTest()
WaterConcept::Screen_AchievementsTest	0	0	1	0x4a4438	_ZN12WaterConcept23Screen_AchievementsTestD0Ev	WaterConcept::Screen_AchievementsTest::~Screen_AchievementsTest()
WaterConcept::Screen_AchievementsTest	0	0	2	0x4a4460	_ZN12WaterConcept23Screen_AchievementsTest5enterEv	WaterConcept::Screen_AchievementsTest::enter()
WaterConcept::Screen_AchievementsTest	0	0	3	0x4a4608	_ZN12WaterConcept23Screen_AchievementsTest4exitEv	WaterConcept::Screen_AchievementsTest::exit()
WaterConcept::Screen_AchievementsTest	0	0	4	0x4a40b4	_ZN7Walaber10GameScreen23recreateGraphicsContextEv	Walaber::GameScreen::recreateGraphicsContext()
WaterConcept::Screen_AchievementsTest	0	0	5	0x4a40b8	_ZN12WaterConcept8WCScreen12beingStackedEv	WaterConcept::WCScreen::beingStacked()
WaterConcept::Screen_AchievementsTest	0	0	6	0x4a42d4	_ZN7Walaber10GameScreen11regainedTopEv	Walaber::GameScreen::regainedTop()
WaterConcept::Screen_AchievementsTest	0	0	7	0x4a4638	_ZN12WaterConcept23Screen_AchievementsTest6updateEfb	WaterConcept::Screen_AchievementsTest::update(float, bool)
WaterConcept::Screen_AchievementsTest	0	0	8	0x4a4640	_ZN12WaterConcept23Screen_AchievementsTest4drawEi	WaterConcept::Screen_AchievementsTest::draw(int)
WaterConcept::Screen_AchievementsTest	0	0	9	0x4a445c	_ZN12WaterConcept23Screen_AchievementsTest16loadPropertyListERKN7Walaber12PropertyListE	WaterConcept::Screen_AchievementsTest::loadPropertyList(Walaber::PropertyList const&)
WaterConcept::Screen_AchievementsTest	0	0	10	0x4a40c8	_ZN12WaterConcept8WCScreen9touchDownEiN7Walaber7Vector2E	WaterConcept::WCScreen::touchDown(int, Walaber::Vector2)
WaterConcept::Screen_AchievementsTest	0	0	11	0x4a411c	_ZN12WaterConcept8WCScreen10touchMovedEiN7Walaber7Vector2ES2_	WaterConcept::WCScreen::touchMoved(int, Walaber::Vector2, Walaber::Vector2)
WaterConcept::Screen_AchievementsTest	0	0	12	0x4a417c	_ZN12WaterConcept8WCScreen7touchUpEiN7Walaber7Vector2E	WaterConcept::WCScreen::touchUp(int, Walaber::Vector2)
WaterConcept::Screen_AchievementsTest	0	0	13	0x4a41d0	_ZN7Walaber10GameScreen9touchLostEi	Walaber::GameScreen::touchLost(int)
WaterConcept::Screen_AchievementsTest	0	0	14	0x4a4cd4	_ZN12WaterConcept23Screen_AchievementsTest14backKeyPressedEv	WaterConcept::Screen_AchievementsTest::backKeyPressed()
WaterConcept::Screen_AchievementsTest	0	0	15	0x4a41d4	_ZN7Walaber10GameScreen20accelerometerChangedEfff	Walaber::GameScreen::accelerometerChanged(float, float, float)
WaterConcept::Screen_AchievementsTest	0	0	16	0x4a41d8	_ZN7Walaber10GameScreen13consumesInputEv	Walaber::GameScreen::consumesInput()
WaterConcept::Screen_AchievementsTest	0	0	17	0x4a41e0	_ZN7Walaber10GameScreen27notifyTransitionPhaseChangeEj	Walaber::GameScreen::notifyTransitionPhaseChange(unsigned int)
WaterConcept::Screen_AchievementsTest	0	0	18	0x4a41e4	_ZN12WaterConcept8WCScreen11handleFocusEPN7Walaber6WidgetENS1_10FocusEventE	WaterConcept::WCScreen::handleFocus(Walaber::Widget*, Walaber::FocusEvent)
WaterConcept::Screen_AchievementsTest	0	0	19	0x4a46e4	_ZN12WaterConcept23Screen_AchievementsTest11handleEventEiRKN7Walaber6Widget15WidgetActionRetEPS2_	WaterConcept::Screen_AchievementsTest::handleEvent(int, Walaber::Widget::WidgetActionRet const&, Walaber::Widget*)
WaterConcept::Screen_AgeGate	0	0	0	0x4a4e0c	_ZN12WaterConcept14Screen_AgeGateD2Ev	WaterConcept::Screen_AgeGate::~Screen_AgeGate()
WaterConcept::Screen_AgeGate	0	0	1	0x4a4e70	_ZN12WaterConcept14Screen_AgeGateD0Ev	WaterConcept::Screen_AgeGate::~Screen_AgeGate()
WaterConcept::Screen_AgeGate	0	0	2	0x4a4ebc	_ZN12WaterConcept14Screen_AgeGate5enterEv	WaterConcept::Screen_AgeGate::enter()
WaterConcept::Screen_AgeGate	0	0	3	0x4a54c4	_ZN12WaterConcept14Screen_AgeGate4exitEv	WaterConcept::Screen_AgeGate::exit()
WaterConcept::Screen_AgeGate	0	0	4	0x4a40b4	_ZN7Walaber10GameScreen23recreateGraphicsContextEv	Walaber::GameScreen::recreateGraphicsContext()
WaterConcept::Screen_AgeGate	0	0	5	0x4a40b8	_ZN12WaterConcept8WCScreen12beingStackedEv	WaterConcept::WCScreen::beingStacked()
WaterConcept::Screen_AgeGate	0	0	6	0x4a5730	_ZN12WaterConcept14Screen_AgeGate11regainedTopEv	WaterConcept::Screen_AgeGate::regainedTop()
WaterConcept::Screen_AgeGate	0	0	7	0x4a5734	_ZN12WaterConcept14Screen_AgeGate6updateEfb	WaterConcept::Screen_AgeGate::update(float, bool)
WaterConcept::Screen_AgeGate	0	0	8	0x4a5ba4	_ZN12WaterConcept14Screen_AgeGate4drawEi	WaterConcept::Screen_AgeGate::draw(int)
WaterConcept::Screen_AgeGate	0	0	9	0x4a54c8	_ZN12WaterConcept14Screen_AgeGate16loadPropertyListERKN7Walaber12PropertyListE	WaterConcept::Screen_AgeGate::loadPropertyList(Walaber::PropertyList const&)
WaterConcept::Screen_AgeGate	0	0	10	0x4a40c8	_ZN12WaterConcept8WCScreen9touchDownEiN7Walaber7Vector2E	WaterConcept::WCScreen::touchDown(int, Walaber::Vector2)
WaterConcept::Screen_AgeGate	0	0	11	0x4a411c	_ZN12WaterConcept8WCScreen10touchMovedEiN7Walaber7Vector2ES2_	WaterConcept::WCScreen::touchMoved(int, Walaber::Vector2, Walaber::Vector2)
WaterConcept::Screen_AgeGate	0	0	12	0x4a417c	_ZN12WaterConcept8WCScreen7touchUpEiN7Walaber7Vector2E	WaterConcept::WCScreen::touchUp(int, Walaber::Vector2)
WaterConcept::Screen_AgeGate	0	0	13	0x4a41d0	_ZN7Walaber10GameScreen9touchLostEi	Walaber::GameScreen::touchLost(int)
WaterConcept::Screen_AgeGate	0	0	14	0x4a6ad0	_ZN12WaterConcept14Screen_AgeGate14backKeyPressedEv	WaterConcept::Screen_AgeGate::backKeyPressed()
WaterConcept::Screen_AgeGate	0	0	15	0x4a41d4	_ZN7Walaber10GameScreen20accelerometerChangedEfff	Walaber::GameScreen::accelerometerChanged(float, float, float)
WaterConcept::Screen_AgeGate	0	0	16	0x4a41d8	_ZN7Walaber10GameScreen13consumesInputEv	Walaber::GameScreen::consumesInput()
WaterConcept::Screen_AgeGate	0	0	17	0x4a41e0	_ZN7Walaber10GameScreen27notifyTransitionPhaseChangeEj	Walaber::GameScreen::notifyTransitionPhaseChange(unsigned int)
WaterConcept::Screen_AgeGate	0	0	18	0x4a41e4	_ZN12WaterConcept8WCScreen11handleFocusEPN7Walaber6WidgetENS1_10FocusEventE	WaterConcept::WCScreen::handleFocus(Walaber::Widget*, Walaber::FocusEvent)
WaterConcept::Screen_AgeGate	0	0	19	0x4a5cb0	_ZN12WaterConcept14Screen_AgeGate11handleEventEiRKN7Walaber6Widget15WidgetActionRetEPS2_	WaterConcept::Screen_AgeGate::handleEvent(int, Walaber::Widget::WidgetActionRet const&, Walaber::Widget*)
WaterConcept::Screen_AgeGate	0	0	20	0x4a63ac	_ZN12WaterConcept14Screen_AgeGate9messageRxERKN7Walaber7MessageE	WaterConcept::Screen_AgeGate::messageRx(Walaber::Message const&)
WaterConcept::Screen_AnimationTest	0	0	0	0x4a6cc4	_ZN12WaterConcept20Screen_AnimationTestD1Ev	WaterConcept::Screen_AnimationTest::~Screen_AnimationTest()
WaterConcept::Screen_AnimationTest	0	0	1	0x4a6d2c	_ZN12WaterConcept20Screen_AnimationTestD0Ev	WaterConcept::Screen_AnimationTest::~Screen_AnimationTest()
WaterConcept::Screen_AnimationTest	0	0	2	0x4a6f34	_ZN12WaterConcept20Screen_AnimationTest5enterEv	WaterConcept::Screen_AnimationTest::enter()
WaterConcept::Screen_AnimationTest	0	0	3	0x4a7354	_ZN12WaterConcept20Screen_AnimationTest4exitEv	WaterConcept::Screen_AnimationTest::exit()
WaterConcept::Screen_AnimationTest	0	0	4	0x4a40b4	_ZN7Walaber10GameScreen23recreateGraphicsContextEv	Walaber::GameScreen::recreateGraphicsContext()
WaterConcept::Screen_AnimationTest	0	0	5	0x4a40b8	_ZN12WaterConcept8WCScreen12beingStackedEv	WaterConcept::WCScreen::beingStacked()
WaterConcept::Screen_AnimationTest	0	0	6	0x4a42d4	_ZN7Walaber10GameScreen11regainedTopEv	Walaber::GameScreen::regainedTop()
WaterConcept::Screen_AnimationTest	0	0	7	0x4a738c	_ZN12WaterConcept20Screen_AnimationTest6updateEfb	WaterConcept::Screen_AnimationTest::update(float, bool)
WaterConcept::Screen_AnimationTest	0	0	8	0x4a73c4	_ZN12WaterConcept20Screen_AnimationTest4drawEi	WaterConcept::Screen_AnimationTest::draw(int)
WaterConcept::Screen_AnimationTest	0	0	9	0x4a6d50	_ZN12WaterConcept20Screen_AnimationTest16loadPropertyListERKN7Walaber12PropertyListE	WaterConcept::Screen_AnimationTest::loadPropertyList(Walaber::PropertyList const&)
WaterConcept::Screen_AnimationTest	0	0	10	0x4a40c8	_ZN12WaterConcept8WCScreen9touchDownEiN7Walaber7Vector2E	WaterConcept::WCScreen::touchDown(int, Walaber::Vector2)
WaterConcept::Screen_AnimationTest	0	0	11	0x4a411c	_ZN12WaterConcept8WCScreen10touchMovedEiN7Walaber7Vector2ES2_	WaterConcept::WCScreen::touchMoved(int, Walaber::Vector2, Walaber::Vector2)
WaterConcept::Screen_AnimationTest	0	0	12	0x4a417c	_ZN12WaterConcept8WCScreen7touchUpEiN7Walaber7Vector2E	WaterConcept::WCScreen::touchUp(int, Walaber::Vector2)
WaterConcept::Screen_AnimationTest	0	0	13	0x4a41d0	_ZN7Walaber10GameScreen9touchLostEi	Walaber::GameScreen::touchLost(int)
WaterConcept::Screen_AnimationTest	0	0	14	0x4a8478	_ZN12WaterConcept20Screen_AnimationTest14backKeyPressedEv	WaterConcept::Screen_AnimationTest::backKeyPressed()
WaterConcept::Screen_AnimationTest	0	0	15	0x4a41d4	_ZN7Walaber10GameScreen20accelerometerChangedEfff	Walaber::GameScreen::accelerometerChanged(float, float, float)
WaterConcept::Screen_AnimationTest	0	0	16	0x4a41d8	_ZN7Walaber10GameScreen13consumesInputEv	Walaber::GameScreen::consumesInput()
WaterConcept::Screen_AnimationTest	0	0	17	0x4a41e0	_ZN7Walaber10GameScreen27notifyTransitionPhaseChangeEj	Walaber::GameScreen::notifyTransitionPhaseChange(unsigned int)
WaterConcept::Screen_AnimationTest	0	0	18	0x4a41e4	_ZN12WaterConcept8WCScreen11handleFocusEPN7Walaber6WidgetENS1_10FocusEventE	WaterConcept::WCScreen::handleFocus(Walaber::Widget*, Walaber::FocusEvent)
WaterConcept::Screen_AnimationTest	0	0	19	0x4a74b8	_ZN12WaterConcept20Screen_AnimationTest11handleEventEiRKN7Walaber6Widget15WidgetActionRetEPS2_	WaterConcept::Screen_AnimationTest::handleEvent(int, Walaber::Widget::WidgetActionRet const&, Walaber::Widget*)
WaterConcept::Screen_Challenges	0	0	0	0x4a85ec	_ZN12WaterConcept17Screen_ChallengesD1Ev	WaterConcept::Screen_Challenges::~Screen_Challenges()
WaterConcept::Screen_Challenges	0	0	1	0x4a8668	_ZN12WaterConcept17Screen_ChallengesD0Ev	WaterConcept::Screen_Challenges::~Screen_Challenges()
WaterConcept::Screen_Challenges	0	0	2	0x4a86b8	_ZN12WaterConcept17Screen_Challenges5enterEv	WaterConcept::Screen_Challenges::enter()
WaterConcept::Screen_Challenges	0	0	3	0x4a8edc	_ZN12WaterConcept17Screen_Challenges4exitEv	WaterConcept::Screen_Challenges::exit()
WaterConcept::Screen_Challenges	0	0	4	0x4a40b4	_ZN7Walaber10GameScreen23recreateGraphicsContextEv	Walaber::GameScreen::recreateGraphicsContext()
WaterConcept::Screen_Challenges	0	0	5	0x4a40b8	_ZN12WaterConcept8WCScreen12beingStackedEv	WaterConcept::WCScreen::beingStacked()
WaterConcept::Screen_Challenges	0	0	6	0x4ada38	_ZN12WaterConcept17Screen_Challenges11regainedTopEv	WaterConcept::Screen_Challenges::regainedTop()
WaterConcept::Screen_Challenges	0	0	7	0x4acb80	_ZN12WaterConcept17Screen_Challenges6updateEfb	WaterConcept::Screen_Challenges::update(float, bool)
WaterConcept::Screen_Challenges	0	0	8	0x4acb98	_ZN12WaterConcept17Screen_Challenges4drawEi	WaterConcept::Screen_Challenges::draw(int)
WaterConcept::Screen_Challenges	0	0	9	0x4a86b4	_ZN12WaterConcept17Screen_Challenges16loadPropertyListERKN7Walaber12PropertyListE	WaterConcept::Screen_Challenges::loadPropertyList(Walaber::PropertyList const&)
WaterConcept::Screen_Challenges	0	0	10	0x4a40c8	_ZN12WaterConcept8WCScreen9touchDownEiN7Walaber7Vector2E	WaterConcept::WCScreen::touchDown(int, Walaber::Vector2)
WaterConcept::Screen_Challenges	0	0	11	0x4a411c	_ZN12WaterConcept8WCScreen10touchMovedEiN7Walaber7Vector2ES2_	WaterConcept::WCScreen::touchMoved(int, Walaber::Vector2, Walaber::Vector2)
WaterConcept::Screen_Challenges	0	0	12	0x4a417c	_ZN12WaterConcept8WCScreen7touchUpEiN7Walaber7Vector2E	WaterConcept::WCScreen::touchUp(int, Walaber::Vector2)
WaterConcept::Screen_Challenges	0	0	13	0x4a41d0	_ZN7Walaber10GameScreen9touchLostEi	Walaber::GameScreen::touchLost(int)
WaterConcept::Screen_Challenges	0	0	14	0x4ad67c	_ZN12WaterConcept17Screen_Challenges14backKeyPressedEv	WaterConcept::Screen_Challenges::backKeyPressed()
WaterConcept::Screen_Challenges	0	0	15	0x4a41d4	_ZN7Walaber10GameScreen20accelerometerChangedEfff	Walaber::GameScreen::accelerometerChanged(float, float, float)
WaterConcept::Screen_Challenges	0	0	16	0x4a41d8	_ZN7Walaber10GameScreen13consumesInputEv	Walaber::GameScreen::consumesInput()
WaterConcept::Screen_Challenges	0	0	17	0x4a41e0	_ZN7Walaber10GameScreen27notifyTransitionPhaseChangeEj	Walaber::GameScreen::notifyTransitionPhaseChange(unsigned int)
WaterConcept::Screen_Challenges	0	0	18	0x4a41e4	_ZN12WaterConcept8WCScreen11handleFocusEPN7Walaber6WidgetENS1_10FocusEventE	WaterConcept::WCScreen::handleFocus(Walaber::Widget*, Walaber::FocusEvent)
WaterConcept::Screen_Challenges	0	0	19	0x4acc38	_ZN12WaterConcept17Screen_Challenges11handleEventEiRKN7Walaber6Widget15WidgetActionRetEPS2_	WaterConcept::Screen_Challenges::handleEvent(int, Walaber::Widget::WidgetActionRet const&, Walaber::Widget*)
WaterConcept::Screen_Challenges	0	0	20	0x4ad784	_ZN12WaterConcept17Screen_Challenges9messageRxERKN7Walaber7MessageE	WaterConcept::Screen_Challenges::messageRx(Walaber::Message const&)
WaterConcept::Screen_Collectibles	0	0	0	0x4ae278	_ZN12WaterConcept19Screen_CollectiblesD2Ev	WaterConcept::Screen_Collectibles::~Screen_Collectibles()
WaterConcept::Screen_Collectibles	0	0	1	0x4ae340	_ZN12WaterConcept19Screen_CollectiblesD0Ev	WaterConcept::Screen_Collectibles::~Screen_Collectibles()
WaterConcept::Screen_Collectibles	0	0	2	0x4ae390	_ZN12WaterConcept19Screen_Collectibles5enterEv	WaterConcept::Screen_Collectibles::enter()
WaterConcept::Screen_Collectibles	0	0	3	0x4aebbc	_ZN12WaterConcept19Screen_Collectibles4exitEv	WaterConcept::Screen_Collectibles::exit()
WaterConcept::Screen_Collectibles	0	0	4	0x4a40b4	_ZN7Walaber10GameScreen23recreateGraphicsContextEv	Walaber::GameScreen::recreateGraphicsContext()
WaterConcept::Screen_Collectibles	0	0	5	0x4a40b8	_ZN12WaterConcept8WCScreen12beingStackedEv	WaterConcept::WCScreen::beingStacked()
WaterConcept::Screen_Collectibles	0	0	6	0x4b3f8c	_ZN12WaterConcept19Screen_Collectibles11regainedTopEv	WaterConcept::Screen_Collectibles::regainedTop()
WaterConcept::Screen_Collectibles	0	0	7	0x4b2c14	_ZN12WaterConcept19Screen_Collectibles6updateEfb	WaterConcept::Screen_Collectibles::update(float, bool)
WaterConcept::Screen_Collectibles	0	0	8	0x4b2e78	_ZN12WaterConcept19Screen_Collectibles4drawEi	WaterConcept::Screen_Collectibles::draw(int)
WaterConcept::Screen_Collectibles	0	0	9	0x4ae38c	_ZN12WaterConcept19Screen_Collectibles16loadPropertyListERKN7Walaber12PropertyListE	WaterConcept::Screen_Collectibles::loadPropertyList(Walaber::PropertyList const&)
WaterConcept::Screen_Collectibles	0	0	10	0x4a40c8	_ZN12WaterConcept8WCScreen9touchDownEiN7Walaber7Vector2E	WaterConcept::WCScreen::touchDown(int, Walaber::Vector2)
WaterConcept::Screen_Collectibles	0	0	11	0x4a411c	_ZN12WaterConcept8WCScreen10touchMovedEiN7Walaber7Vector2ES2_	WaterConcept::WCScreen::touchMoved(int, Walaber::Vector2, Walaber::Vector2)
WaterConcept::Screen_Collectibles	0	0	12	0x4a417c	_ZN12WaterConcept8WCScreen7touchUpEiN7Walaber7Vector2E	WaterConcept::WCScreen::touchUp(int, Walaber::Vector2)
WaterConcept::Screen_Collectibles	0	0	13	0x4a41d0	_ZN7Walaber10GameScreen9touchLostEi	Walaber::GameScreen::touchLost(int)
WaterConcept::Screen_Collectibles	0	0	14	0x4b3e74	_ZN12WaterConcept19Screen_Collectibles14backKeyPressedEv	WaterConcept::Screen_Collectibles::backKeyPressed()
WaterConcept::Screen_Collectibles	0	0	15	0x4a41d4	_ZN7Walaber10GameScreen20accelerometerChangedEfff	Walaber::GameScreen::accelerometerChanged(float, float, float)
WaterConcept::Screen_Collectibles	0	0	16	0x4a41d8	_ZN7Walaber10GameScreen13consumesInputEv	Walaber::GameScreen::consumesInput()
WaterConcept::Screen_Collectibles	0	0	17	0x4a41e0	_ZN7Walaber10GameScreen27notifyTransitionPhaseChangeEj	Walaber::GameScreen::notifyTransitionPhaseChange(unsigned int)
WaterConcept::Screen_Collectibles	0	0	18	0x4a41e4	_ZN12WaterConcept8WCScreen11handleFocusEPN7Walaber6WidgetENS1_10FocusEventE	WaterConcept::WCScreen::handleFocus(Walaber::Widget*, Walaber::FocusEvent)
WaterConcept::Screen_Collectibles	0	0	19	0x4b2fe4	_ZN12WaterConcept19Screen_Collectibles11handleEventEiRKN7Walaber6Widget15WidgetActionRetEPS2_	WaterConcept::Screen_Collectibles::handleEvent(int, Walaber::Widget::WidgetActionRet const&, Walaber::Widget*)
WaterConcept::Screen_Collectibles	0	0	20	0x4b3f7c	_ZN12WaterConcept19Screen_Collectibles9messageRxERKN7Walaber7MessageE	WaterConcept::Screen_Collectibles::messageRx(Walaber::Message const&)
WaterConcept::Screen_ComicStrip	0	0	0	0x4b5d5c	_ZN12WaterConcept17Screen_ComicStripD1Ev	WaterConcept::Screen_ComicStrip::~Screen_ComicStrip()
WaterConcept::Screen_ComicStrip	0	0	1	0x4b5d60	_ZN12WaterConcept17Screen_ComicStripD0Ev	WaterConcept::Screen_ComicStrip::~Screen_ComicStrip()
WaterConcept::Screen_ComicStrip	0	0	2	0x4b5d88	_ZN12WaterConcept17Screen_ComicStrip5enterEv	WaterConcept::Screen_ComicStrip::enter()
WaterConcept::Screen_ComicStrip	0	0	3	0x4b5e68	_ZN12WaterConcept17Screen_ComicStrip4exitEv	WaterConcept::Screen_ComicStrip::exit()
WaterConcept::Screen_ComicStrip	0	0	4	0x4a40b4	_ZN7Walaber10GameScreen23recreateGraphicsContextEv	Walaber::GameScreen::recreateGraphicsContext()
WaterConcept::Screen_ComicStrip	0	0	5	0x4a40b8	_ZN12WaterConcept8WCScreen12beingStackedEv	WaterConcept::WCScreen::beingStacked()
WaterConcept::Screen_ComicStrip	0	0	6	0x4a42d4	_ZN7Walaber10GameScreen11regainedTopEv	Walaber::GameScreen::regainedTop()
WaterConcept::Screen_ComicStrip	0	0	7	0x4b5e6c	_ZN12WaterConcept17Screen_ComicStrip6updateEfb	WaterConcept::Screen_ComicStrip::update(float, bool)
WaterConcept::Screen_ComicStrip	0	0	8	0x4b5f90	_ZN12WaterConcept17Screen_ComicStrip4drawEi	WaterConcept::Screen_ComicStrip::draw(int)
WaterConcept::Screen_ComicStrip	0	0	9	0x4b5d84	_ZN12WaterConcept17Screen_ComicStrip16loadPropertyListERKN7Walaber12PropertyListE	WaterConcept::Screen_ComicStrip::loadPropertyList(Walaber::PropertyList const&)
WaterConcept::Screen_ComicStrip	0	0	10	0x4a40c8	_ZN12WaterConcept8WCScreen9touchDownEiN7Walaber7Vector2E	WaterConcept::WCScreen::touchDown(int, Walaber::Vector2)
WaterConcept::Screen_ComicStrip	0	0	11	0x4a411c	_ZN12WaterConcept8WCScreen10touchMovedEiN7Walaber7Vector2ES2_	WaterConcept::WCScreen::touchMoved(int, Walaber::Vector2, Walaber::Vector2)
WaterConcept::Screen_ComicStrip	0	0	12	0x4a417c	_ZN12WaterConcept8WCScreen7touchUpEiN7Walaber7Vector2E	WaterConcept::WCScreen::touchUp(int, Walaber::Vector2)
WaterConcept::Screen_ComicStrip	0	0	13	0x4a41d0	_ZN7Walaber10GameScreen9touchLostEi	Walaber::GameScreen::touchLost(int)
WaterConcept::Screen_ComicStrip	0	0	14	0x4b626c	_ZN12WaterConcept17Screen_ComicStrip14backKeyPressedEv	WaterConcept::Screen_ComicStrip::backKeyPressed()
WaterConcept::Screen_ComicStrip	0	0	15	0x4a41d4	_ZN7Walaber10GameScreen20accelerometerChangedEfff	Walaber::GameScreen::accelerometerChanged(float, float, float)
WaterConcept::Screen_ComicStrip	0	0	16	0x4a41d8	_ZN7Walaber10GameScreen13consumesInputEv	Walaber::GameScreen::consumesInput()
WaterConcept::Screen_ComicStrip	0	0	17	0x4a41e0	_ZN7Walaber10GameScreen27notifyTransitionPhaseChangeEj	Walaber::GameScreen::notifyTransitionPhaseChange(unsigned int)
WaterConcept::Screen_ComicStrip	0	0	18	0x4a41e4	_ZN12WaterConcept8WCScreen11handleFocusEPN7Walaber6WidgetENS1_10FocusEventE	WaterConcept::WCScreen::handleFocus(Walaber::Widget*, Walaber::FocusEvent)
WaterConcept::Screen_ComicStrip	0	0	19	0x4b6050	_ZN12WaterConcept17Screen_ComicStrip11handleEventEiRKN7Walaber6Widget15WidgetActionRetEPS2_	WaterConcept::Screen_ComicStrip::handleEvent(int, Walaber::Widget::WidgetActionRet const&, Walaber::Widget*)
WaterConcept::Screen_Credits	0	0	0	0x4b6804	_ZN12WaterConcept14Screen_CreditsD2Ev	WaterConcept::Screen_Credits::~Screen_Credits()
WaterConcept::Screen_Credits	0	0	1	0x4b6870	_ZN12WaterConcept14Screen_CreditsD0Ev	WaterConcept::Screen_Credits::~Screen_Credits()
WaterConcept::Screen_Credits	0	0	2	0x4b68bc	_ZN12WaterConcept14Screen_Credits5enterEv	WaterConcept::Screen_Credits::enter()
WaterConcept::Screen_Credits	0	0	3	0x4b7228	_ZN12WaterConcept14Screen_Credits4exitEv	WaterConcept::Screen_Credits::exit()
WaterConcept::Screen_Credits	0	0	4	0x4a40b4	_ZN7Walaber10GameScreen23recreateGraphicsContextEv	Walaber::GameScreen::recreateGraphicsContext()
WaterConcept::Screen_Credits	0	0	5	0x4a40b8	_ZN12WaterConcept8WCScreen12beingStackedEv	WaterConcept::WCScreen::beingStacked()
WaterConcept::Screen_Credits	0	0	6	0x4a42d4	_ZN7Walaber10GameScreen11regainedTopEv	Walaber::GameScreen::regainedTop()
WaterConcept::Screen_Credits	0	0	7	0x4b722c	_ZN12WaterConcept14Screen_Credits6updateEfb	WaterConcept::Screen_Credits::update(float, bool)
WaterConcept::Screen_Credits	0	0	8	0x4b76f0	_ZN12WaterConcept14Screen_Credits4drawEi	WaterConcept::Screen_Credits::draw(int)
WaterConcept::Screen_Credits	0	0	9	0x4a42d8	_ZN7Walaber10GameScreen16loadPropertyListERKNS_12PropertyListE	Walaber::GameScreen::loadPropertyList(Walaber::PropertyList const&)
WaterConcept::Screen_Credits	0	0	10	0x4a40c8	_ZN12WaterConcept8WCScreen9touchDownEiN7Walaber7Vector2E	WaterConcept::WCScreen::touchDown(int, Walaber::Vector2)
WaterConcept::Screen_Credits	0	0	11	0x4a411c	_ZN12WaterConcept8WCScreen10touchMovedEiN7Walaber7Vector2ES2_	WaterConcept::WCScreen::touchMoved(int, Walaber::Vector2, Walaber::Vector2)
WaterConcept::Screen_Credits	0	0	12	0x4a417c	_ZN12WaterConcept8WCScreen7touchUpEiN7Walaber7Vector2E	WaterConcept::WCScreen::touchUp(int, Walaber::Vector2)
WaterConcept::Screen_Credits	0	0	13	0x4a41d0	_ZN7Walaber10GameScreen9touchLostEi	Walaber::GameScreen::touchLost(int)
WaterConcept::Screen_Credits	0	0	14	0x4b859c	_ZN12WaterConcept14Screen_Credits14backKeyPressedEv	WaterConcept::Screen_Credits::backKeyPressed()
WaterConcept::Screen_Credits	0	0	15	0x4a41d4	_ZN7Walaber10GameScreen20accelerometerChangedEfff	Walaber::GameScreen::accelerometerChanged(float, float, float)
WaterConcept::Screen_Credits	0	0	16	0x4a41d8	_ZN7Walaber10GameScreen13consumesInputEv	Walaber::GameScreen::consumesInput()
WaterConcept::Screen_Credits	0	0	17	0x4a41e0	_ZN7Walaber10GameScreen27notifyTransitionPhaseChangeEj	Walaber::GameScreen::notifyTransitionPhaseChange(unsigned int)
WaterConcept::Screen_Credits	0	0	18	0x4a41e4	_ZN12WaterConcept8WCScreen11handleFocusEPN7Walaber6WidgetENS1_10FocusEventE	WaterConcept::WCScreen::handleFocus(Walaber::Widget*, Walaber::FocusEvent)
WaterConcept::Screen_Credits	0	0	19	0x4b7998	_ZN12WaterConcept14Screen_Credits11handleEventEiRKN7Walaber6Widget15WidgetActionRetEPS2_	WaterConcept::Screen_Credits::handleEvent(int, Walaber::Widget::WidgetActionRet const&, Walaber::Widget*)
WaterConcept::Screen_Credits	0	0	20	0x4b7e10	_ZN12WaterConcept14Screen_Credits9messageRxERKN7Walaber7MessageE	WaterConcept::Screen_Credits::messageRx(Walaber::Message const&)
WaterConcept::Screen_Dialogue	0	0	0	0x4b88cc	_ZN12WaterConcept15Screen_DialogueD1Ev	WaterConcept::Screen_Dialogue::~Screen_Dialogue()
WaterConcept::Screen_Dialogue	0	0	1	0x4b895c	_ZN12WaterConcept15Screen_DialogueD0Ev	WaterConcept::Screen_Dialogue::~Screen_Dialogue()
WaterConcept::Screen_Dialogue	0	0	2	0x4b9d80	_ZN12WaterConcept15Screen_Dialogue5enterEv	WaterConcept::Screen_Dialogue::enter()
WaterConcept::Screen_Dialogue	0	0	3	0x4b9fe0	_ZN12WaterConcept15Screen_Dialogue4exitEv	WaterConcept::Screen_Dialogue::exit()
WaterConcept::Screen_Dialogue	0	0	4	0x4a40b4	_ZN7Walaber10GameScreen23recreateGraphicsContextEv	Walaber::GameScreen::recreateGraphicsContext()
WaterConcept::Screen_Dialogue	0	0	5	0x4a40b8	_ZN12WaterConcept8WCScreen12beingStackedEv	WaterConcept::WCScreen::beingStacked()
WaterConcept::Screen_Dialogue	0	0	6	0x4a42d4	_ZN7Walaber10GameScreen11regainedTopEv	Walaber::GameScreen::regainedTop()
WaterConcept::Screen_Dialogue	0	0	7	0x4b9fe4	_ZN12WaterConcept15Screen_Dialogue6updateEfb	WaterConcept::Screen_Dialogue::update(float, bool)
WaterConcept::Screen_Dialogue	0	0	8	0x4ba498	_ZN12WaterConcept15Screen_Dialogue4drawEi	WaterConcept::Screen_Dialogue::draw(int)
WaterConcept::Screen_Dialogue	0	0	9	0x4b8980	_ZN12WaterConcept15Screen_Dialogue16loadPropertyListERKN7Walaber12PropertyListE	WaterConcept::Screen_Dialogue::loadPropertyList(Walaber::PropertyList const&)
WaterConcept::Screen_Dialogue	0	0	10	0x4a40c8	_ZN12WaterConcept8WCScreen9touchDownEiN7Walaber7Vector2E	WaterConcept::WCScreen::touchDown(int, Walaber::Vector2)
WaterConcept::Screen_Dialogue	0	0	11	0x4a411c	_ZN12WaterConcept8WCScreen10touchMovedEiN7Walaber7Vector2ES2_	WaterConcept::WCScreen::touchMoved(int, Walaber::Vector2, Walaber::Vector2)
WaterConcept::Screen_Dialogue	0	0	12	0x4a417c	_ZN12WaterConcept8WCScreen7touchUpEiN7Walaber7Vector2E	WaterConcept::WCScreen::touchUp(int, Walaber::Vector2)
WaterConcept::Screen_Dialogue	0	0	13	0x4a41d0	_ZN7Walaber10GameScreen9touchLostEi	Walaber::GameScreen::touchLost(int)
WaterConcept::Screen_Dialogue	0	0	14	0x4bc7b0	_ZN12WaterConcept15Screen_Dialogue14backKeyPressedEv	WaterConcept::Screen_Dialogue::backKeyPressed()
WaterConcept::Screen_Dialogue	0	0	15	0x4a41d4	_ZN7Walaber10GameScreen20accelerometerChangedEfff	Walaber::GameScreen::accelerometerChanged(float, float, float)
WaterConcept::Screen_Dialogue	0	0	16	0x4a41d8	_ZN7Walaber10GameScreen13consumesInputEv	Walaber::GameScreen::consumesInput()
WaterConcept::Screen_Dialogue	0	0	17	0x4a41e0	_ZN7Walaber10GameScreen27notifyTransitionPhaseChangeEj	Walaber::GameScreen::notifyTransitionPhaseChange(unsigned int)
WaterConcept::Screen_Dialogue	0	0	18	0x4a41e4	_ZN12WaterConcept8WCScreen11handleFocusEPN7Walaber6WidgetENS1_10FocusEventE	WaterConcept::WCScreen::handleFocus(Walaber::Widget*, Walaber::FocusEvent)
WaterConcept::Screen_Dialogue	0	0	19	0x4ba52c	_ZN12WaterConcept15Screen_Dialogue11handleEventEiRKN7Walaber6Widget15WidgetActionRetEPS2_	WaterConcept::Screen_Dialogue::handleEvent(int, Walaber::Widget::WidgetActionRet const&, Walaber::Widget*)
WaterConcept::Screen_Editor	0	0	0	0x4bcb08	_ZN12WaterConcept13Screen_EditorD2Ev	WaterConcept::Screen_Editor::~Screen_Editor()
WaterConcept::Screen_Editor	0	0	1	0x4bcbfc	_ZN12WaterConcept13Screen_EditorD0Ev	WaterConcept::Screen_Editor::~Screen_Editor()
WaterConcept::Screen_Editor	0	0	2	0x4bdb50	_ZN12WaterConcept13Screen_Editor5enterEv	WaterConcept::Screen_Editor::enter()
WaterConcept::Screen_Editor	0	0	3	0x4bdf30	_ZN12WaterConcept13Screen_Editor4exitEv	WaterConcept::Screen_Editor::exit()
WaterConcept::Screen_Editor	0	0	4	0x4a40b4	_ZN7Walaber10GameScreen23recreateGraphicsContextEv	Walaber::GameScreen::recreateGraphicsContext()
WaterConcept::Screen_Editor	0	0	5	0x4c440c	_ZN12WaterConcept13Screen_Editor12beingStackedEv	WaterConcept::Screen_Editor::beingStacked()
WaterConcept::Screen_Editor	0	0	6	0x4c4434	_ZN12WaterConcept13Screen_Editor11regainedTopEv	WaterConcept::Screen_Editor::regainedTop()
WaterConcept::Screen_Editor	0	0	7	0x4bdf34	_ZN12WaterConcept13Screen_Editor6updateEfb	WaterConcept::Screen_Editor::update(float, bool)
WaterConcept::Screen_Editor	0	0	8	0x4bdf78	_ZN12WaterConcept13Screen_Editor4drawEi	WaterConcept::Screen_Editor::draw(int)
WaterConcept::Screen_Editor	0	0	9	0x4bcc20	_ZN12WaterConcept13Screen_Editor16loadPropertyListERKN7Walaber12PropertyListE	WaterConcept::Screen_Editor::loadPropertyList(Walaber::PropertyList const&)
WaterConcept::Screen_Editor	0	0	10	0x4c99e8	_ZN12WaterConcept13Screen_Editor9touchDownEiN7Walaber7Vector2E	WaterConcept::Screen_Editor::touchDown(int, Walaber::Vector2)
WaterConcept::Screen_Editor	0	0	11	0x4c9a3c	_ZN12WaterConcept13Screen_Editor10touchMovedEiN7Walaber7Vector2ES2_	WaterConcept::Screen_Editor::touchMoved(int, Walaber::Vector2, Walaber::Vector2)
WaterConcept::Screen_Editor	0	0	12	0x4c9a98	_ZN12WaterConcept13Screen_Editor7touchUpEiN7Walaber7Vector2E	WaterConcept::Screen_Editor::touchUp(int, Walaber::Vector2)
WaterConcept::Screen_Editor	0	0	13	0x4a41d0	_ZN7Walaber10GameScreen9touchLostEi	Walaber::GameScreen::touchLost(int)
WaterConcept::Screen_Editor	0	0	14	0x4cb3ac	_ZN12WaterConcept13Screen_Editor14backKeyPressedEv	WaterConcept::Screen_Editor::backKeyPressed()
WaterConcept::Screen_Editor	0	0	15	0x4bf18c	_ZN12WaterConcept13Screen_Editor20accelerometerChangedEfff	WaterConcept::Screen_Editor::accelerometerChanged(float, float, float)
WaterConcept::Screen_Editor	0	0	16	0x4a41d8	_ZN7Walaber10GameScreen13consumesInputEv	Walaber::GameScreen::consumesInput()
WaterConcept::Screen_Editor	0	0	17	0x4a41e0	_ZN7Walaber10GameScreen27notifyTransitionPhaseChangeEj	Walaber::GameScreen::notifyTransitionPhaseChange(unsigned int)
WaterConcept::Screen_Editor	0	0	18	0x4a41e4	_ZN12WaterConcept8WCScreen11handleFocusEPN7Walaber6WidgetENS1_10FocusEventE	WaterConcept::WCScreen::handleFocus(Walaber::Widget*, Walaber::FocusEvent)
WaterConcept::Screen_Editor	0	0	19	0x4c4440	_ZN12WaterConcept13Screen_Editor11handleEventEiRKN7Walaber6Widget15WidgetActionRetEPS2_	WaterConcept::Screen_Editor::handleEvent(int, Walaber::Widget::WidgetActionRet const&, Walaber::Widget*)
WaterConcept::Screen_EditorObjectEditor	0	0	0	0x4cdb28	_ZN12WaterConcept25Screen_EditorObjectEditorD2Ev	WaterConcept::Screen_EditorObjectEditor::~Screen_EditorObjectEditor()
WaterConcept::Screen_EditorObjectEditor	0	0	1	0x4cdbb8	_ZN12WaterConcept25Screen_EditorObjectEditorD0Ev	WaterConcept::Screen_EditorObjectEditor::~Screen_EditorObjectEditor()
WaterConcept::Screen_EditorObjectEditor	0	0	2	0x4ce3b0	_ZN12WaterConcept25Screen_EditorObjectEditor5enterEv	WaterConcept::Screen_EditorObjectEditor::enter()
WaterConcept::Screen_EditorObjectEditor	0	0	3	0x4ce4c4	_ZN12WaterConcept25Screen_EditorObjectEditor4exitEv	WaterConcept::Screen_EditorObjectEditor::exit()
WaterConcept::Screen_EditorObjectEditor	0	0	4	0x4a40b4	_ZN7Walaber10GameScreen23recreateGraphicsContextEv	Walaber::GameScreen::recreateGraphicsContext()
WaterConcept::Screen_EditorObjectEditor	0	0	5	0x4a40b8	_ZN12WaterConcept8WCScreen12beingStackedEv	WaterConcept::WCScreen::beingStacked()
WaterConcept::Screen_EditorObjectEditor	0	0	6	0x4a42d4	_ZN7Walaber10GameScreen11regainedTopEv	Walaber::GameScreen::regainedTop()
WaterConcept::Screen_EditorObjectEditor	0	0	7	0x4ce4f8	_ZN12WaterConcept25Screen_EditorObjectEditor6updateEfb	WaterConcept::Screen_EditorObjectEditor::update(float, bool)
WaterConcept::Screen_EditorObjectEditor	0	0	8	0x4ce500	_ZN12WaterConcept25Screen_EditorObjectEditor4drawEi	WaterConcept::Screen_EditorObjectEditor::draw(int)
WaterConcept::Screen_EditorObjectEditor	0	0	9	0x4cdc04	_ZN12WaterConcept25Screen_EditorObjectEditor16loadPropertyListERKN7Walaber12PropertyListE	WaterConcept::Screen_EditorObjectEditor::loadPropertyList(Walaber::PropertyList const&)
WaterConcept::Screen_EditorObjectEditor	0	0	10	0x4a40c8	_ZN12WaterConcept8WCScreen9touchDownEiN7Walaber7Vector2E	WaterConcept::WCScreen::touchDown(int, Walaber::Vector2)
WaterConcept::Screen_EditorObjectEditor	0	0	11	0x4a411c	_ZN12WaterConcept8WCScreen10touchMovedEiN7Walaber7Vector2ES2_	WaterConcept::WCScreen::touchMoved(int, Walaber::Vector2, Walaber::Vector2)
WaterConcept::Screen_EditorObjectEditor	0	0	12	0x4a417c	_ZN12WaterConcept8WCScreen7touchUpEiN7Walaber7Vector2E	WaterConcept::WCScreen::touchUp(int, Walaber::Vector2)
WaterConcept::Screen_EditorObjectEditor	0	0	13	0x4a41d0	_ZN7Walaber10GameScreen9touchLostEi	Walaber::GameScreen::touchLost(int)
WaterConcept::Screen_EditorObjectEditor	0	0	14	0x4d07c8	_ZN12WaterConcept25Screen_EditorObjectEditor14backKeyPressedEv	WaterConcept::Screen_EditorObjectEditor::backKeyPressed()
WaterConcept::Screen_EditorObjectEditor	0	0	15	0x4a41d4	_ZN7Walaber10GameScreen20accelerometerChangedEfff	Walaber::GameScreen::accelerometerChanged(float, float, float)
WaterConcept::Screen_EditorObjectEditor	0	0	16	0x4a41d8	_ZN7Walaber10GameScreen13consumesInputEv	Walaber::GameScreen::consumesInput()
WaterConcept::Screen_EditorObjectEditor	0	0	17	0x4a41e0	_ZN7Walaber10GameScreen27notifyTransitionPhaseChangeEj	Walaber::GameScreen::notifyTransitionPhaseChange(unsigned int)
WaterConcept::Screen_EditorObjectEditor	0	0	18	0x4a41e4	_ZN12WaterConcept8WCScreen11handleFocusEPN7Walaber6WidgetENS1_10FocusEventE	WaterConcept::WCScreen::handleFocus(Walaber::Widget*, Walaber::FocusEvent)
WaterConcept::Screen_EditorObjectEditor	0	0	19	0x4ce974	_ZN12WaterConcept25Screen_EditorObjectEditor11handleEventEiRKN7Walaber6Widget15WidgetActionRetEPS2_	WaterConcept::Screen_EditorObjectEditor::handleEvent(int, Walaber::Widget::WidgetActionRet const&, Walaber::Widget*)
WaterConcept::Screen_EditorObjectEditor	0	0	20	0x4d0760	_ZN12WaterConcept25Screen_EditorObjectEditor9messageRxERKN7Walaber7MessageE	WaterConcept::Screen_EditorObjectEditor::messageRx(Walaber::Message const&)
WaterConcept::Screen_EditorObjectSelect	0	0	0	0x4d1414	_ZN12WaterConcept25Screen_EditorObjectSelectD1Ev	WaterConcept::Screen_EditorObjectSelect::~Screen_EditorObjectSelect()
WaterConcept::Screen_EditorObjectSelect	0	0	1	0x4d1474	_ZN12WaterConcept25Screen_EditorObjectSelectD0Ev	WaterConcept::Screen_EditorObjectSelect::~Screen_EditorObjectSelect()
WaterConcept::Screen_EditorObjectSelect	0	0	2	0x4d14c4	_ZN12WaterConcept25Screen_EditorObjectSelect5enterEv	WaterConcept::Screen_EditorObjectSelect::enter()
WaterConcept::Screen_EditorObjectSelect	0	0	3	0x4d17d4	_ZN12WaterConcept25Screen_EditorObjectSelect4exitEv	WaterConcept::Screen_EditorObjectSelect::exit()
WaterConcept::Screen_EditorObjectSelect	0	0	4	0x4a40b4	_ZN7Walaber10GameScreen23recreateGraphicsContextEv	Walaber::GameScreen::recreateGraphicsContext()
WaterConcept::Screen_EditorObjectSelect	0	0	5	0x4a40b8	_ZN12WaterConcept8WCScreen12beingStackedEv	WaterConcept::WCScreen::beingStacked()
WaterConcept::Screen_EditorObjectSelect	0	0	6	0x4a42d4	_ZN7Walaber10GameScreen11regainedTopEv	Walaber::GameScreen::regainedTop()
WaterConcept::Screen_EditorObjectSelect	0	0	7	0x4d1884	_ZN12WaterConcept25Screen_EditorObjectSelect6updateEfb	WaterConcept::Screen_EditorObjectSelect::update(float, bool)
WaterConcept::Screen_EditorObjectSelect	0	0	8	0x4d18d0	_ZN12WaterConcept25Screen_EditorObjectSelect4drawEi	WaterConcept::Screen_EditorObjectSelect::draw(int)
WaterConcept::Screen_EditorObjectSelect	0	0	9	0x4d14c0	_ZN12WaterConcept25Screen_EditorObjectSelect16loadPropertyListERKN7Walaber12PropertyListE	WaterConcept::Screen_EditorObjectSelect::loadPropertyList(Walaber::PropertyList const&)
WaterConcept::Screen_EditorObjectSelect	0	0	10	0x4d40cc	_ZN12WaterConcept25Screen_EditorObjectSelect9touchDownEiN7Walaber7Vector2E	WaterConcept::Screen_EditorObjectSelect::touchDown(int, Walaber::Vector2)
WaterConcept::Screen_EditorObjectSelect	0	0	11	0x4d4130	_ZN12WaterConcept25Screen_EditorObjectSelect10touchMovedEiN7Walaber7Vector2ES2_	WaterConcept::Screen_EditorObjectSelect::touchMoved(int, Walaber::Vector2, Walaber::Vector2)
WaterConcept::Screen_EditorObjectSelect	0	0	12	0x4d418c	_ZN12WaterConcept25Screen_EditorObjectSelect7touchUpEiN7Walaber7Vector2E	WaterConcept::Screen_EditorObjectSelect::touchUp(int, Walaber::Vector2)
WaterConcept::Screen_EditorObjectSelect	0	0	13	0x4a41d0	_ZN7Walaber10GameScreen9touchLostEi	Walaber::GameScreen::touchLost(int)
WaterConcept::Screen_EditorObjectSelect	0	0	14	0x4d4234	_ZN12WaterConcept25Screen_EditorObjectSelect14backKeyPressedEv	WaterConcept::Screen_EditorObjectSelect::backKeyPressed()
WaterConcept::Screen_EditorObjectSelect	0	0	15	0x4a41d4	_ZN7Walaber10GameScreen20accelerometerChangedEfff	Walaber::GameScreen::accelerometerChanged(float, float, float)
WaterConcept::Screen_EditorObjectSelect	0	0	16	0x4a41d8	_ZN7Walaber10GameScreen13consumesInputEv	Walaber::GameScreen::consumesInput()
WaterConcept::Screen_EditorObjectSelect	0	0	17	0x4a41e0	_ZN7Walaber10GameScreen27notifyTransitionPhaseChangeEj	Walaber::GameScreen::notifyTransitionPhaseChange(unsigned int)
WaterConcept::Screen_EditorObjectSelect	0	0	18	0x4a41e4	_ZN12WaterConcept8WCScreen11handleFocusEPN7Walaber6WidgetENS1_10FocusEventE	WaterConcept::WCScreen::handleFocus(Walaber::Widget*, Walaber::FocusEvent)
WaterConcept::Screen_EditorObjectSelect	0	0	19	0x4d1c44	_ZN12WaterConcept25Screen_EditorObjectSelect11handleEventEiRKN7Walaber6Widget15WidgetActionRetEPS2_	WaterConcept::Screen_EditorObjectSelect::handleEvent(int, Walaber::Widget::WidgetActionRet const&, Walaber::Widget*)
WaterConcept::Screen_EditorObjectSelect	0	0	20	0x4d1e58	_ZN12WaterConcept25Screen_EditorObjectSelect9messageRxERKN7Walaber7MessageE	WaterConcept::Screen_EditorObjectSelect::messageRx(Walaber::Message const&)
WaterConcept::Screen_FoodPyramid	0	0	0	0x4d42fc	_ZN12WaterConcept18Screen_FoodPyramidD1Ev	WaterConcept::Screen_FoodPyramid::~Screen_FoodPyramid()
WaterConcept::Screen_FoodPyramid	0	0	1	0x4d4374	_ZN12WaterConcept18Screen_FoodPyramidD0Ev	WaterConcept::Screen_FoodPyramid::~Screen_FoodPyramid()
WaterConcept::Screen_FoodPyramid	0	0	2	0x4d44d4	_ZN12WaterConcept18Screen_FoodPyramid5enterEv	WaterConcept::Screen_FoodPyramid::enter()
WaterConcept::Screen_FoodPyramid	0	0	3	0x4d4e4c	_ZN12WaterConcept18Screen_FoodPyramid4exitEv	WaterConcept::Screen_FoodPyramid::exit()
WaterConcept::Screen_FoodPyramid	0	0	4	0x4a40b4	_ZN7Walaber10GameScreen23recreateGraphicsContextEv	Walaber::GameScreen::recreateGraphicsContext()
WaterConcept::Screen_FoodPyramid	0	0	5	0x4a40b8	_ZN12WaterConcept8WCScreen12beingStackedEv	WaterConcept::WCScreen::beingStacked()
WaterConcept::Screen_FoodPyramid	0	0	6	0x4d868c	_ZN12WaterConcept18Screen_FoodPyramid11regainedTopEv	WaterConcept::Screen_FoodPyramid::regainedTop()
WaterConcept::Screen_FoodPyramid	0	0	7	0x4d73d0	_ZN12WaterConcept18Screen_FoodPyramid6updateEfb	WaterConcept::Screen_FoodPyramid::update(float, bool)
WaterConcept::Screen_FoodPyramid	0	0	8	0x4d7594	_ZN12WaterConcept18Screen_FoodPyramid4drawEi	WaterConcept::Screen_FoodPyramid::draw(int)
WaterConcept::Screen_FoodPyramid	0	0	9	0x4d43c0	_ZN12WaterConcept18Screen_FoodPyramid16loadPropertyListERKN7Walaber12PropertyListE	WaterConcept::Screen_FoodPyramid::loadPropertyList(Walaber::PropertyList const&)
WaterConcept::Screen_FoodPyramid	0	0	10	0x4a40c8	_ZN12WaterConcept8WCScreen9touchDownEiN7Walaber7Vector2E	WaterConcept::WCScreen::touchDown(int, Walaber::Vector2)
WaterConcept::Screen_FoodPyramid	0	0	11	0x4a411c	_ZN12WaterConcept8WCScreen10touchMovedEiN7Walaber7Vector2ES2_	WaterConcept::WCScreen::touchMoved(int, Walaber::Vector2, Walaber::Vector2)
WaterConcept::Screen_FoodPyramid	0	0	12	0x4a417c	_ZN12WaterConcept8WCScreen7touchUpEiN7Walaber7Vector2E	WaterConcept::WCScreen::touchUp(int, Walaber::Vector2)
WaterConcept::Screen_FoodPyramid	0	0	13	0x4a41d0	_ZN7Walaber10GameScreen9touchLostEi	Walaber::GameScreen::touchLost(int)
WaterConcept::Screen_FoodPyramid	0	0	14	0x4d824c	_ZN12WaterConcept18Screen_FoodPyramid14backKeyPressedEv	WaterConcept::Screen_FoodPyramid::backKeyPressed()
WaterConcept::Screen_FoodPyramid	0	0	15	0x4a41d4	_ZN7Walaber10GameScreen20accelerometerChangedEfff	Walaber::GameScreen::accelerometerChanged(float, float, float)
WaterConcept::Screen_FoodPyramid	0	0	16	0x4a41d8	_ZN7Walaber10GameScreen13consumesInputEv	Walaber::GameScreen::consumesInput()
WaterConcept::Screen_FoodPyramid	0	0	17	0x4a41e0	_ZN7Walaber10GameScreen27notifyTransitionPhaseChangeEj	Walaber::GameScreen::notifyTransitionPhaseChange(unsigned int)
WaterConcept::Screen_FoodPyramid	0	0	18	0x4a41e4	_ZN12WaterConcept8WCScreen11handleFocusEPN7Walaber6WidgetENS1_10FocusEventE	WaterConcept::WCScreen::handleFocus(Walaber::Widget*, Walaber::FocusEvent)
WaterConcept::Screen_FoodPyramid	0	0	19	0x4d7634	_ZN12WaterConcept18Screen_FoodPyramid11handleEventEiRKN7Walaber6Widget15WidgetActionRetEPS2_	WaterConcept::Screen_FoodPyramid::handleEvent(int, Walaber::Widget::WidgetActionRet const&, Walaber::Widget*)
WaterConcept::Screen_FoodPyramid	0	0	20	0x4d8354	_ZN12WaterConcept18Screen_FoodPyramid9messageRxERKN7Walaber7MessageE	WaterConcept::Screen_FoodPyramid::messageRx(Walaber::Message const&)
WaterConcept::Screen_FullScreenAlert	0	0	0	0x4d8878	_ZN12WaterConcept22Screen_FullScreenAlertD2Ev	WaterConcept::Screen_FullScreenAlert::~Screen_FullScreenAlert()
WaterConcept::Screen_FullScreenAlert	0	0	1	0x4d8908	_ZN12WaterConcept22Screen_FullScreenAlertD0Ev	WaterConcept::Screen_FullScreenAlert::~Screen_FullScreenAlert()
WaterConcept::Screen_FullScreenAlert	0	0	2	0x4d892c	_ZN12WaterConcept22Screen_FullScreenAlert5enterEv	WaterConcept::Screen_FullScreenAlert::enter()
WaterConcept::Screen_FullScreenAlert	0	0	3	0x4d8b8c	_ZN12WaterConcept22Screen_FullScreenAlert4exitEv	WaterConcept::Screen_FullScreenAlert::exit()
WaterConcept::Screen_FullScreenAlert	0	0	4	0x4a40b4	_ZN7Walaber10GameScreen23recreateGraphicsContextEv	Walaber::GameScreen::recreateGraphicsContext()
WaterConcept::Screen_FullScreenAlert	0	0	5	0x4a40b8	_ZN12WaterConcept8WCScreen12beingStackedEv	WaterConcept::WCScreen::beingStacked()
WaterConcept::Screen_FullScreenAlert	0	0	6	0x4d91a0	_ZN12WaterConcept22Screen_FullScreenAlert11regainedTopEv	WaterConcept::Screen_FullScreenAlert::regainedTop()
WaterConcept::Screen_FullScreenAlert	0	0	7	0x4d91a4	_ZN12WaterConcept22Screen_FullScreenAlert6updateEfb	WaterConcept::Screen_FullScreenAlert::update(float, bool)
WaterConcept::Screen_FullScreenAlert	0	0	8	0x4d9538	_ZN12WaterConcept22Screen_FullScreenAlert4drawEi	WaterConcept::Screen_FullScreenAlert::draw(int)
WaterConcept::Screen_FullScreenAlert	0	0	9	0x4d8b90	_ZN12WaterConcept22Screen_FullScreenAlert16loadPropertyListERKN7Walaber12PropertyListE	WaterConcept::Screen_FullScreenAlert::loadPropertyList(Walaber::PropertyList const&)
WaterConcept::Screen_FullScreenAlert	0	0	10	0x4a40c8	_ZN12WaterConcept8WCScreen9touchDownEiN7Walaber7Vector2E	WaterConcept::WCScreen::touchDown(int, Walaber::Vector2)
WaterConcept::Screen_FullScreenAlert	0	0	11	0x4a411c	_ZN12WaterConcept8WCScreen10touchMovedEiN7Walaber7Vector2ES2_	WaterConcept::WCScreen::touchMoved(int, Walaber::Vector2, Walaber::Vector2)
WaterConcept::Screen_FullScreenAlert	0	0	12	0x4a417c	_ZN12WaterConcept8WCScreen7touchUpEiN7Walaber7Vector2E	WaterConcept::WCScreen::touchUp(int, Walaber::Vector2)
WaterConcept::Screen_FullScreenAlert	0	0	13	0x4a41d0	_ZN7Walaber10GameScreen9touchLostEi	Walaber::GameScreen::touchLost(int)
WaterConcept::Screen_FullScreenAlert	0	0	14	0x4da26c	_ZN12WaterConcept22Screen_FullScreenAlert14backKeyPressedEv	WaterConcept::Screen_FullScreenAlert::backKeyPressed()
WaterConcept::Screen_FullScreenAlert	0	0	15	0x4a41d4	_ZN7Walaber10GameScreen20accelerometerChangedEfff	Walaber::GameScreen::accelerometerChanged(float, float, float)
WaterConcept::Screen_FullScreenAlert	0	0	16	0x4a41d8	_ZN7Walaber10GameScreen13consumesInputEv	Walaber::GameScreen::consumesInput()
WaterConcept::Screen_FullScreenAlert	0	0	17	0x4a41e0	_ZN7Walaber10GameScreen27notifyTransitionPhaseChangeEj	Walaber::GameScreen::notifyTransitionPhaseChange(unsigned int)
WaterConcept::Screen_FullScreenAlert	0	0	18	0x4a41e4	_ZN12WaterConcept8WCScreen11handleFocusEPN7Walaber6WidgetENS1_10FocusEventE	WaterConcept::WCScreen::handleFocus(Walaber::Widget*, Walaber::FocusEvent)
WaterConcept::Screen_FullScreenAlert	0	0	19	0x4d95cc	_ZN12WaterConcept22Screen_FullScreenAlert11handleEventEiRKN7Walaber6Widget15WidgetActionRetEPS2_	WaterConcept::Screen_FullScreenAlert::handleEvent(int, Walaber::Widget::WidgetActionRet const&, Walaber::Widget*)
WaterConcept::Screen_GameTransition	0	0	0	0x4da32c	_ZN12WaterConcept21Screen_GameTransitionD2Ev	WaterConcept::Screen_GameTransition::~Screen_GameTransition()
WaterConcept::Screen_GameTransition	0	0	1	0x4da378	_ZN12WaterConcept21Screen_GameTransitionD0Ev	WaterConcept::Screen_GameTransition::~Screen_GameTransition()
WaterConcept::Screen_GameTransition	0	0	2	0x4da4f4	_ZN12WaterConcept21Screen_GameTransition5enterEv	WaterConcept::Screen_GameTransition::enter()
WaterConcept::Screen_GameTransition	0	0	3	0x4dac9c	_ZN12WaterConcept21Screen_GameTransition4exitEv	WaterConcept::Screen_GameTransition::exit()
WaterConcept::Screen_GameTransition	0	0	4	0x4a40b4	_ZN7Walaber10GameScreen23recreateGraphicsContextEv	Walaber::GameScreen::recreateGraphicsContext()
WaterConcept::Screen_GameTransition	0	0	5	0x4a40b8	_ZN12WaterConcept8WCScreen12beingStackedEv	WaterConcept::WCScreen::beingStacked()
WaterConcept::Screen_GameTransition	0	0	6	0x4daca4	_ZN12WaterConcept21Screen_GameTransition11regainedTopEv	WaterConcept::Screen_GameTransition::regainedTop()
WaterConcept::Screen_GameTransition	0	0	7	0x4da928	_ZN12WaterConcept21Screen_GameTransition6updateEfb	WaterConcept::Screen_GameTransition::update(float, bool)
WaterConcept::Screen_GameTransition	0	0	8	0x4dab68	_ZN12WaterConcept21Screen_GameTransition4drawEi	WaterConcept::Screen_GameTransition::draw(int)
WaterConcept::Screen_GameTransition	0	0	9	0x4da3d4	_ZN12WaterConcept21Screen_GameTransition16loadPropertyListERKN7Walaber12PropertyListE	WaterConcept::Screen_GameTransition::loadPropertyList(Walaber::PropertyList const&)
WaterConcept::Screen_GameTransition	0	0	10	0x4a40c8	_ZN12WaterConcept8WCScreen9touchDownEiN7Walaber7Vector2E	WaterConcept::WCScreen::touchDown(int, Walaber::Vector2)
WaterConcept::Screen_GameTransition	0	0	11	0x4a411c	_ZN12WaterConcept8WCScreen10touchMovedEiN7Walaber7Vector2ES2_	WaterConcept::WCScreen::touchMoved(int, Walaber::Vector2, Walaber::Vector2)
WaterConcept::Screen_GameTransition	0	0	12	0x4a417c	_ZN12WaterConcept8WCScreen7touchUpEiN7Walaber7Vector2E	WaterConcept::WCScreen::touchUp(int, Walaber::Vector2)
WaterConcept::Screen_GameTransition	0	0	13	0x4a41d0	_ZN7Walaber10GameScreen9touchLostEi	Walaber::GameScreen::touchLost(int)
WaterConcept::Screen_GameTransition	0	0	14	0x4daca0	_ZN12WaterConcept21Screen_GameTransition14backKeyPressedEv	WaterConcept::Screen_GameTransition::backKeyPressed()
WaterConcept::Screen_GameTransition	0	0	15	0x4a41d4	_ZN7Walaber10GameScreen20accelerometerChangedEfff	Walaber::GameScreen::accelerometerChanged(float, float, float)
WaterConcept::Screen_GameTransition	0	0	16	0x4a41d8	_ZN7Walaber10GameScreen13consumesInputEv	Walaber::GameScreen::consumesInput()
WaterConcept::Screen_GameTransition	0	0	17	0x4a41e0	_ZN7Walaber10GameScreen27notifyTransitionPhaseChangeEj	Walaber::GameScreen::notifyTransitionPhaseChange(unsigned int)
WaterConcept::Screen_GameTransition	0	0	18	0x4a41e4	_ZN12WaterConcept8WCScreen11handleFocusEPN7Walaber6WidgetENS1_10FocusEventE	WaterConcept::WCScreen::handleFocus(Walaber::Widget*, Walaber::FocusEvent)
WaterConcept::Screen_GameTransition	0	0	19	0x4dac10	_ZN12WaterConcept21Screen_GameTransition11handleEventEiRKN7Walaber6Widget15WidgetActionRetEPS2_	WaterConcept::Screen_GameTransition::handleEvent(int, Walaber::Widget::WidgetActionRet const&, Walaber::Widget*)
WaterConcept::Screen_GameTransition	0	0	20	0x4dac18	_ZN12WaterConcept21Screen_GameTransition9messageRxERKN7Walaber7MessageE	WaterConcept::Screen_GameTransition::messageRx(Walaber::Message const&)
WaterConcept::Screen_GraphicsContextRestore	0	0	0	0x4dad20	_ZN12WaterConcept29Screen_GraphicsContextRestoreD2Ev	WaterConcept::Screen_GraphicsContextRestore::~Screen_GraphicsContextRestore()
WaterConcept::Screen_GraphicsContextRestore	0	0	1	0x4dad24	_ZN12WaterConcept29Screen_GraphicsContextRestoreD0Ev	WaterConcept::Screen_GraphicsContextRestore::~Screen_GraphicsContextRestore()
WaterConcept::Screen_GraphicsContextRestore	0	0	2	0x4dad4c	_ZN12WaterConcept29Screen_GraphicsContextRestore5enterEv	WaterConcept::Screen_GraphicsContextRestore::enter()
WaterConcept::Screen_GraphicsContextRestore	0	0	3	0x4db714	_ZN12WaterConcept29Screen_GraphicsContextRestore4exitEv	WaterConcept::Screen_GraphicsContextRestore::exit()
WaterConcept::Screen_GraphicsContextRestore	0	0	4	0x4db728	_ZN12WaterConcept29Screen_GraphicsContextRestore23recreateGraphicsContextEv	WaterConcept::Screen_GraphicsContextRestore::recreateGraphicsContext()
WaterConcept::Screen_GraphicsContextRestore	0	0	5	0x4a40b8	_ZN12WaterConcept8WCScreen12beingStackedEv	WaterConcept::WCScreen::beingStacked()
WaterConcept::Screen_GraphicsContextRestore	0	0	6	0x4a42d4	_ZN7Walaber10GameScreen11regainedTopEv	Walaber::GameScreen::regainedTop()
WaterConcept::Screen_GraphicsContextRestore	0	0	7	0x4db734	_ZN12WaterConcept29Screen_GraphicsContextRestore6updateEfb	WaterConcept::Screen_GraphicsContextRestore::update(float, bool)
WaterConcept::Screen_GraphicsContextRestore	0	0	8	0x4db904	_ZN12WaterConcept29Screen_GraphicsContextRestore4drawEi	WaterConcept::Screen_GraphicsContextRestore::draw(int)
WaterConcept::Screen_GraphicsContextRestore	0	0	9	0x4dad48	_ZN12WaterConcept29Screen_GraphicsContextRestore16loadPropertyListERKN7Walaber12PropertyListE	WaterConcept::Screen_GraphicsContextRestore::loadPropertyList(Walaber::PropertyList const&)
WaterConcept::Screen_GraphicsContextRestore	0	0	10	0x4dba00	_ZN12WaterConcept29Screen_GraphicsContextRestore9touchDownEiN7Walaber7Vector2E	WaterConcept::Screen_GraphicsContextRestore::touchDown(int, Walaber::Vector2)
WaterConcept::Screen_GraphicsContextRestore	0	0	11	0x4dba54	_ZN12WaterConcept29Screen_GraphicsContextRestore10touchMovedEiN7Walaber7Vector2ES2_	WaterConcept::Screen_GraphicsContextRestore::touchMoved(int, Walaber::Vector2, Walaber::Vector2)
WaterConcept::Screen_GraphicsContextRestore	0	0	12	0x4dbab0	_ZN12WaterConcept29Screen_GraphicsContextRestore7touchUpEiN7Walaber7Vector2E	WaterConcept::Screen_GraphicsContextRestore::touchUp(int, Walaber::Vector2)
WaterConcept::Screen_GraphicsContextRestore	0	0	13	0x4a41d0	_ZN7Walaber10GameScreen9touchLostEi	Walaber::GameScreen::touchLost(int)
WaterConcept::Screen_GraphicsContextRestore	0	0	14	0x4a42dc	_ZN7Walaber10GameScreen14backKeyPressedEv	Walaber::GameScreen::backKeyPressed()
WaterConcept::Screen_GraphicsContextRestore	0	0	15	0x4a41d4	_ZN7Walaber10GameScreen20accelerometerChangedEfff	Walaber::GameScreen::accelerometerChanged(float, float, float)
WaterConcept::Screen_GraphicsContextRestore	0	0	16	0x4a41d8	_ZN7Walaber10GameScreen13consumesInputEv	Walaber::GameScreen::consumesInput()
WaterConcept::Screen_GraphicsContextRestore	0	0	17	0x4a41e0	_ZN7Walaber10GameScreen27notifyTransitionPhaseChangeEj	Walaber::GameScreen::notifyTransitionPhaseChange(unsigned int)
WaterConcept::Screen_GraphicsContextRestore	0	0	18	0x4a41e4	_ZN12WaterConcept8WCScreen11handleFocusEPN7Walaber6WidgetENS1_10FocusEventE	WaterConcept::WCScreen::handleFocus(Walaber::Widget*, Walaber::FocusEvent)
WaterConcept::Screen_GraphicsContextRestore	0	0	19	0x4db9f8	_ZN12WaterConcept29Screen_GraphicsContextRestore11handleEventEiRKN7Walaber6Widget15WidgetActionRetEPS2_	WaterConcept::Screen_GraphicsContextRestore::handleEvent(int, Walaber::Widget::WidgetActionRet const&, Walaber::Widget*)
WaterConcept::Screen_Hub	0	0	0	0x4dbd24	_ZN12WaterConcept10Screen_HubD2Ev	WaterConcept::Screen_Hub::~Screen_Hub()
WaterConcept::Screen_Hub	0	0	1	0x4dbdb8	_ZN12WaterConcept10Screen_HubD0Ev	WaterConcept::Screen_Hub::~Screen_Hub()
WaterConcept::Screen_Hub	0	0	2	0x4dbf60	_ZN12WaterConcept10Screen_Hub5enterEv	WaterConcept::Screen_Hub::enter()
WaterConcept::Screen_Hub	0	0	3	0x4dce0c	_ZN12WaterConcept10Screen_Hub4exitEv	WaterConcept::Screen_Hub::exit()
WaterConcept::Screen_Hub	0	0	4	0x4a40b4	_ZN7Walaber10GameScreen23recreateGraphicsContextEv	Walaber::GameScreen::recreateGraphicsContext()
WaterConcept::Screen_Hub	0	0	5	0x4a40b8	_ZN12WaterConcept8WCScreen12beingStackedEv	WaterConcept::WCScreen::beingStacked()
WaterConcept::Screen_Hub	0	0	6	0x4a42d4	_ZN7Walaber10GameScreen11regainedTopEv	Walaber::GameScreen::regainedTop()
WaterConcept::Screen_Hub	0	0	7	0x4dce10	_ZN12WaterConcept10Screen_Hub6updateEfb	WaterConcept::Screen_Hub::update(float, bool)
WaterConcept::Screen_Hub	0	0	8	0x4dd2ac	_ZN12WaterConcept10Screen_Hub4drawEi	WaterConcept::Screen_Hub::draw(int)
WaterConcept::Screen_Hub	0	0	9	0x4dbe04	_ZN12WaterConcept10Screen_Hub16loadPropertyListERKN7Walaber12PropertyListE	WaterConcept::Screen_Hub::loadPropertyList(Walaber::PropertyList const&)
WaterConcept::Screen_Hub	0	0	10	0x4a40c8	_ZN12WaterConcept8WCScreen9touchDownEiN7Walaber7Vector2E	WaterConcept::WCScreen::touchDown(int, Walaber::Vector2)
WaterConcept::Screen_Hub	0	0	11	0x4a411c	_ZN12WaterConcept8WCScreen10touchMovedEiN7Walaber7Vector2ES2_	WaterConcept::WCScreen::touchMoved(int, Walaber::Vector2, Walaber::Vector2)
WaterConcept::Screen_Hub	0	0	12	0x4a417c	_ZN12WaterConcept8WCScreen7touchUpEiN7Walaber7Vector2E	WaterConcept::WCScreen::touchUp(int, Walaber::Vector2)
WaterConcept::Screen_Hub	0	0	13	0x4a41d0	_ZN7Walaber10GameScreen9touchLostEi	Walaber::GameScreen::touchLost(int)
WaterConcept::Screen_Hub	0	0	14	0x4e3d0c	_ZN12WaterConcept10Screen_Hub14backKeyPressedEv	WaterConcept::Screen_Hub::backKeyPressed()
WaterConcept::Screen_Hub	0	0	15	0x4a41d4	_ZN7Walaber10GameScreen20accelerometerChangedEfff	Walaber::GameScreen::accelerometerChanged(float, float, float)
WaterConcept::Screen_Hub	0	0	16	0x4a41d8	_ZN7Walaber10GameScreen13consumesInputEv	Walaber::GameScreen::consumesInput()
WaterConcept::Screen_Hub	0	0	17	0x4a41e0	_ZN7Walaber10GameScreen27notifyTransitionPhaseChangeEj	Walaber::GameScreen::notifyTransitionPhaseChange(unsigned int)
WaterConcept::Screen_Hub	0	0	18	0x4a41e4	_ZN12WaterConcept8WCScreen11handleFocusEPN7Walaber6WidgetENS1_10FocusEventE	WaterConcept::WCScreen::handleFocus(Walaber::Widget*, Walaber::FocusEvent)
WaterConcept::Screen_Hub	0	0	19	0x4dd410	_ZN12WaterConcept10Screen_Hub11handleEventEiRKN7Walaber6Widget15WidgetActionRetEPS2_	WaterConcept::Screen_Hub::handleEvent(int, Walaber::Widget::WidgetActionRet const&, Walaber::Widget*)
WaterConcept::Screen_Hub	0	0	20	0x4df348	_ZN12WaterConcept10Screen_Hub9messageRxERKN7Walaber7MessageE	WaterConcept::Screen_Hub::messageRx(Walaber::Message const&)
WaterConcept::Screen_InAppPurchase	0	0	0	0x4e45e0	_ZN12WaterConcept20Screen_InAppPurchaseD1Ev	WaterConcept::Screen_InAppPurchase::~Screen_InAppPurchase()
WaterConcept::Screen_InAppPurchase	0	0	1	0x4e46fc	_ZN12WaterConcept20Screen_InAppPurchaseD0Ev	WaterConcept::Screen_InAppPurchase::~Screen_InAppPurchase()
WaterConcept::Screen_InAppPurchase	0	0	2	0x4e5b44	_ZN12WaterConcept20Screen_InAppPurchase5enterEv	WaterConcept::Screen_InAppPurchase::enter()
WaterConcept::Screen_InAppPurchase	0	0	3	0x4e5e24	_ZN12WaterConcept20Screen_InAppPurchase4exitEv	WaterConcept::Screen_InAppPurchase::exit()
WaterConcept::Screen_InAppPurchase	0	0	4	0x4a40b4	_ZN7Walaber10GameScreen23recreateGraphicsContextEv	Walaber::GameScreen::recreateGraphicsContext()
WaterConcept::Screen_InAppPurchase	0	0	5	0x4a40b8	_ZN12WaterConcept8WCScreen12beingStackedEv	WaterConcept::WCScreen::beingStacked()
WaterConcept::Screen_InAppPurchase	0	0	6	0x4a42d4	_ZN7Walaber10GameScreen11regainedTopEv	Walaber::GameScreen::regainedTop()
WaterConcept::Screen_InAppPurchase	0	0	7	0x4e5e28	_ZN12WaterConcept20Screen_InAppPurchase6updateEfb	WaterConcept::Screen_InAppPurchase::update(float, bool)
WaterConcept::Screen_InAppPurchase	0	0	8	0x4e7318	_ZN12WaterConcept20Screen_InAppPurchase4drawEi	WaterConcept::Screen_InAppPurchase::draw(int)
WaterConcept::Screen_InAppPurchase	0	0	9	0x4e4748	_ZN12WaterConcept20Screen_InAppPurchase16loadPropertyListERKN7Walaber12PropertyListE	WaterConcept::Screen_InAppPurchase::loadPropertyList(Walaber::PropertyList const&)
WaterConcept::Screen_InAppPurchase	0	0	10	0x4a40c8	_ZN12WaterConcept8WCScreen9touchDownEiN7Walaber7Vector2E	WaterConcept::WCScreen::touchDown(int, Walaber::Vector2)
WaterConcept::Screen_InAppPurchase	0	0	11	0x4a411c	_ZN12WaterConcept8WCScreen10touchMovedEiN7Walaber7Vector2ES2_	WaterConcept::WCScreen::touchMoved(int, Walaber::Vector2, Walaber::Vector2)
WaterConcept::Screen_InAppPurchase	0	0	12	0x4a417c	_ZN12WaterConcept8WCScreen7touchUpEiN7Walaber7Vector2E	WaterConcept::WCScreen::touchUp(int, Walaber::Vector2)
WaterConcept::Screen_InAppPurchase	0	0	13	0x4a41d0	_ZN7Walaber10GameScreen9touchLostEi	Walaber::GameScreen::touchLost(int)
WaterConcept::Screen_InAppPurchase	0	0	14	0x4ec83c	_ZN12WaterConcept20Screen_InAppPurchase14backKeyPressedEv	WaterConcept::Screen_InAppPurchase::backKeyPressed()
WaterConcept::Screen_InAppPurchase	0	0	15	0x4a41d4	_ZN7Walaber10GameScreen20accelerometerChangedEfff	Walaber::GameScreen::accelerometerChanged(float, float, float)
WaterConcept::Screen_InAppPurchase	0	0	16	0x4a41d8	_ZN7Walaber10GameScreen13consumesInputEv	Walaber::GameScreen::consumesInput()
WaterConcept::Screen_InAppPurchase	0	0	17	0x4a41e0	_ZN7Walaber10GameScreen27notifyTransitionPhaseChangeEj	Walaber::GameScreen::notifyTransitionPhaseChange(unsigned int)
WaterConcept::Screen_InAppPurchase	0	0	18	0x4a41e4	_ZN12WaterConcept8WCScreen11handleFocusEPN7Walaber6WidgetENS1_10FocusEventE	WaterConcept::WCScreen::handleFocus(Walaber::Widget*, Walaber::FocusEvent)
WaterConcept::Screen_InAppPurchase	0	0	19	0x4e73ac	_ZN12WaterConcept20Screen_InAppPurchase9messageRxERKN7Walaber7MessageE	WaterConcept::Screen_InAppPurchase::messageRx(Walaber::Message const&)
WaterConcept::Screen_InAppPurchase	0	0	20	0x4eaa08	_ZN12WaterConcept20Screen_InAppPurchase11handleEventEiRKN7Walaber6Widget15WidgetActionRetEPS2_	WaterConcept::Screen_InAppPurchase::handleEvent(int, Walaber::Widget::WidgetActionRet const&, Walaber::Widget*)
WaterConcept::Screen_Languages	0	0	0	0x4eceb4	_ZN12WaterConcept16Screen_LanguagesD2Ev	WaterConcept::Screen_Languages::~Screen_Languages()
WaterConcept::Screen_Languages	0	0	1	0x4ecf18	_ZN12WaterConcept16Screen_LanguagesD0Ev	WaterConcept::Screen_Languages::~Screen_Languages()
WaterConcept::Screen_Languages	0	0	2	0x4ecf64	_ZN12WaterConcept16Screen_Languages5enterEv	WaterConcept::Screen_Languages::enter()
WaterConcept::Screen_Languages	0	0	3	0x4ed3ac	_ZN12WaterConcept16Screen_Languages4exitEv	WaterConcept::Screen_Languages::exit()
WaterConcept::Screen_Languages	0	0	4	0x4a40b4	_ZN7Walaber10GameScreen23recreateGraphicsContextEv	Walaber::GameScreen::recreateGraphicsContext()
WaterConcept::Screen_Languages	0	0	5	0x4a40b8	_ZN12WaterConcept8WCScreen12beingStackedEv	WaterConcept::WCScreen::beingStacked()
WaterConcept::Screen_Languages	0	0	6	0x4ed450	_ZN12WaterConcept16Screen_Languages11regainedTopEv	WaterConcept::Screen_Languages::regainedTop()
WaterConcept::Screen_Languages	0	0	7	0x4ed454	_ZN12WaterConcept16Screen_Languages6updateEfb	WaterConcept::Screen_Languages::update(float, bool)
WaterConcept::Screen_Languages	0	0	8	0x4ed4e0	_ZN12WaterConcept16Screen_Languages4drawEi	WaterConcept::Screen_Languages::draw(int)
WaterConcept::Screen_Languages	0	0	9	0x4ed44c	_ZN12WaterConcept16Screen_Languages16loadPropertyListERKN7Walaber12PropertyListE	WaterConcept::Screen_Languages::loadPropertyList(Walaber::PropertyList const&)
WaterConcept::Screen_Languages	0	0	10	0x4a40c8	_ZN12WaterConcept8WCScreen9touchDownEiN7Walaber7Vector2E	WaterConcept::WCScreen::touchDown(int, Walaber::Vector2)
WaterConcept::Screen_Languages	0	0	11	0x4a411c	_ZN12WaterConcept8WCScreen10touchMovedEiN7Walaber7Vector2ES2_	WaterConcept::WCScreen::touchMoved(int, Walaber::Vector2, Walaber::Vector2)
WaterConcept::Screen_Languages	0	0	12	0x4a417c	_ZN12WaterConcept8WCScreen7touchUpEiN7Walaber7Vector2E	WaterConcept::WCScreen::touchUp(int, Walaber::Vector2)
WaterConcept::Screen_Languages	0	0	13	0x4a41d0	_ZN7Walaber10GameScreen9touchLostEi	Walaber::GameScreen::touchLost(int)
WaterConcept::Screen_Languages	0	0	14	0x4ee0cc	_ZN12WaterConcept16Screen_Languages14backKeyPressedEv	WaterConcept::Screen_Languages::backKeyPressed()
WaterConcept::Screen_Languages	0	0	15	0x4a41d4	_ZN7Walaber10GameScreen20accelerometerChangedEfff	Walaber::GameScreen::accelerometerChanged(float, float, float)
WaterConcept::Screen_Languages	0	0	16	0x4ee3a8	_ZN12WaterConcept16Screen_Languages13consumesInputEv	WaterConcept::Screen_Languages::consumesInput()
WaterConcept::Screen_Languages	0	0	17	0x4a41e0	_ZN7Walaber10GameScreen27notifyTransitionPhaseChangeEj	Walaber::GameScreen::notifyTransitionPhaseChange(unsigned int)
WaterConcept::Screen_Languages	0	0	18	0x4a41e4	_ZN12WaterConcept8WCScreen11handleFocusEPN7Walaber6WidgetENS1_10FocusEventE	WaterConcept::WCScreen::handleFocus(Walaber::Widget*, Walaber::FocusEvent)
WaterConcept::Screen_Languages	0	0	19	0x4ed698	_ZN12WaterConcept16Screen_Languages11handleEventEiRKN7Walaber6Widget15WidgetActionRetEPS2_	WaterConcept::Screen_Languages::handleEvent(int, Walaber::Widget::WidgetActionRet const&, Walaber::Widget*)
WaterConcept::Screen_Languages	0	0	20	0x4edb70	_ZN12WaterConcept16Screen_Languages9messageRxERKN7Walaber7MessageE	WaterConcept::Screen_Languages::messageRx(Walaber::Message const&)
WaterConcept::Screen_LevelSelect	0	0	0	0x4eec50	_ZN12WaterConcept18Screen_LevelSelectD2Ev	WaterConcept::Screen_LevelSelect::~Screen_LevelSelect()
WaterConcept::Screen_LevelSelect	0	0	1	0x4eee9c	_ZN12WaterConcept18Screen_LevelSelectD0Ev	WaterConcept::Screen_LevelSelect::~Screen_LevelSelect()
WaterConcept::Screen_LevelSelect	0	0	2	0x4ef55c	_ZN12WaterConcept18Screen_LevelSelect5enterEv	WaterConcept::Screen_LevelSelect::enter()
WaterConcept::Screen_LevelSelect	0	0	3	0x4f0e8c	_ZN12WaterConcept18Screen_LevelSelect4exitEv	WaterConcept::Screen_LevelSelect::exit()
WaterConcept::Screen_LevelSelect	0	0	4	0x4a40b4	_ZN7Walaber10GameScreen23recreateGraphicsContextEv	Walaber::GameScreen::recreateGraphicsContext()
WaterConcept::Screen_LevelSelect	0	0	5	0x4a40b8	_ZN12WaterConcept8WCScreen12beingStackedEv	WaterConcept::WCScreen::beingStacked()
WaterConcept::Screen_LevelSelect	0	0	6	0x4a42d4	_ZN7Walaber10GameScreen11regainedTopEv	Walaber::GameScreen::regainedTop()
WaterConcept::Screen_LevelSelect	0	0	7	0x4f82d0	_ZN12WaterConcept18Screen_LevelSelect6updateEfb	WaterConcept::Screen_LevelSelect::update(float, bool)
WaterConcept::Screen_LevelSelect	0	0	8	0x4f939c	_ZN12WaterConcept18Screen_LevelSelect4drawEi	WaterConcept::Screen_LevelSelect::draw(int)
WaterConcept::Screen_LevelSelect	0	0	9	0x4eeee8	_ZN12WaterConcept18Screen_LevelSelect16loadPropertyListERKN7Walaber12PropertyListE	WaterConcept::Screen_LevelSelect::loadPropertyList(Walaber::PropertyList const&)
WaterConcept::Screen_LevelSelect	0	0	10	0x4a40c8	_ZN12WaterConcept8WCScreen9touchDownEiN7Walaber7Vector2E	WaterConcept::WCScreen::touchDown(int, Walaber::Vector2)
WaterConcept::Screen_LevelSelect	0	0	11	0x4fe64c	_ZN12WaterConcept18Screen_LevelSelect10touchMovedEiN7Walaber7Vector2ES2_	WaterConcept::Screen_LevelSelect::touchMoved(int, Walaber::Vector2, Walaber::Vector2)
WaterConcept::Screen_LevelSelect	0	0	12	0x4a417c	_ZN12WaterConcept8WCScreen7touchUpEiN7Walaber7Vector2E	WaterConcept::WCScreen::touchUp(int, Walaber::Vector2)
WaterConcept::Screen_LevelSelect	0	0	13	0x4a41d0	_ZN7Walaber10GameScreen9touchLostEi	Walaber::GameScreen::touchLost(int)
WaterConcept::Screen_LevelSelect	0	0	14	0x4fe568	_ZN12WaterConcept18Screen_LevelSelect14backKeyPressedEv	WaterConcept::Screen_LevelSelect::backKeyPressed()
WaterConcept::Screen_LevelSelect	0	0	15	0x4a41d4	_ZN7Walaber10GameScreen20accelerometerChangedEfff	Walaber::GameScreen::accelerometerChanged(float, float, float)
WaterConcept::Screen_LevelSelect	0	0	16	0x4a41d8	_ZN7Walaber10GameScreen13consumesInputEv	Walaber::GameScreen::consumesInput()
WaterConcept::Screen_LevelSelect	0	0	17	0x4fe458	_ZN12WaterConcept18Screen_LevelSelect27notifyTransitionPhaseChangeEj	WaterConcept::Screen_LevelSelect::notifyTransitionPhaseChange(unsigned int)
WaterConcept::Screen_LevelSelect	0	0	18	0x4fe46c	_ZN12WaterConcept18Screen_LevelSelect11handleFocusEPN7Walaber6WidgetENS1_10FocusEventE	WaterConcept::Screen_LevelSelect::handleFocus(Walaber::Widget*, Walaber::FocusEvent)
WaterConcept::Screen_LevelSelect	0	0	19	0x4f96d8	_ZN12WaterConcept18Screen_LevelSelect9messageRxERKN7Walaber7MessageE	WaterConcept::Screen_LevelSelect::messageRx(Walaber::Message const&)
WaterConcept::Screen_LevelSelect	0	0	20	0x4fb168	_ZN12WaterConcept18Screen_LevelSelect11handleEventEiRKN7Walaber6Widget15WidgetActionRetEPS2_	WaterConcept::Screen_LevelSelect::handleEvent(int, Walaber::Widget::WidgetActionRet const&, Walaber::Widget*)
WaterConcept::Screen_Loading	0	0	0	0x4fed4c	_ZN12WaterConcept14Screen_LoadingD1Ev	WaterConcept::Screen_Loading::~Screen_Loading()
WaterConcept::Screen_Loading	0	0	1	0x4fee00	_ZN12WaterConcept14Screen_LoadingD0Ev	WaterConcept::Screen_Loading::~Screen_Loading()
WaterConcept::Screen_Loading	0	0	2	0x4fee58	_ZN12WaterConcept14Screen_Loading5enterEv	WaterConcept::Screen_Loading::enter()
WaterConcept::Screen_Loading	0	0	3	0x505d60	_ZN12WaterConcept14Screen_Loading4exitEv	WaterConcept::Screen_Loading::exit()
WaterConcept::Screen_Loading	0	0	4	0x4a40b4	_ZN7Walaber10GameScreen23recreateGraphicsContextEv	Walaber::GameScreen::recreateGraphicsContext()
WaterConcept::Screen_Loading	0	0	5	0x4a40b8	_ZN12WaterConcept8WCScreen12beingStackedEv	WaterConcept::WCScreen::beingStacked()
WaterConcept::Screen_Loading	0	0	6	0x5060b8	_ZN12WaterConcept14Screen_Loading11regainedTopEv	WaterConcept::Screen_Loading::regainedTop()
WaterConcept::Screen_Loading	0	0	7	0x505404	_ZN12WaterConcept14Screen_Loading6updateEfb	WaterConcept::Screen_Loading::update(float, bool)
WaterConcept::Screen_Loading	0	0	8	0x505920	_ZN12WaterConcept14Screen_Loading4drawEi	WaterConcept::Screen_Loading::draw(int)
WaterConcept::Screen_Loading	0	0	9	0x4fee4c	_ZN12WaterConcept14Screen_Loading16loadPropertyListERKN7Walaber12PropertyListE	WaterConcept::Screen_Loading::loadPropertyList(Walaber::PropertyList const&)
WaterConcept::Screen_Loading	0	0	10	0x4a40c8	_ZN12WaterConcept8WCScreen9touchDownEiN7Walaber7Vector2E	WaterConcept::WCScreen::touchDown(int, Walaber::Vector2)
WaterConcept::Screen_Loading	0	0	11	0x4a411c	_ZN12WaterConcept8WCScreen10touchMovedEiN7Walaber7Vector2ES2_	WaterConcept::WCScreen::touchMoved(int, Walaber::Vector2, Walaber::Vector2)
WaterConcept::Screen_Loading	0	0	12	0x4a417c	_ZN12WaterConcept8WCScreen7touchUpEiN7Walaber7Vector2E	WaterConcept::WCScreen::touchUp(int, Walaber::Vector2)
WaterConcept::Screen_Loading	0	0	13	0x4a41d0	_ZN7Walaber10GameScreen9touchLostEi	Walaber::GameScreen::touchLost(int)
WaterConcept::Screen_Loading	0	0	14	0x505d64	_ZN12WaterConcept14Screen_Loading14backKeyPressedEv	WaterConcept::Screen_Loading::backKeyPressed()
WaterConcept::Screen_Loading	0	0	15	0x4a41d4	_ZN7Walaber10GameScreen20accelerometerChangedEfff	Walaber::GameScreen::accelerometerChanged(float, float, float)
WaterConcept::Screen_Loading	0	0	16	0x4a41d8	_ZN7Walaber10GameScreen13consumesInputEv	Walaber::GameScreen::consumesInput()
WaterConcept::Screen_Loading	0	0	17	0x4a41e0	_ZN7Walaber10GameScreen27notifyTransitionPhaseChangeEj	Walaber::GameScreen::notifyTransitionPhaseChange(unsigned int)
WaterConcept::Screen_Loading	0	0	18	0x4a41e4	_ZN12WaterConcept8WCScreen11handleFocusEPN7Walaber6WidgetENS1_10FocusEventE	WaterConcept::WCScreen::handleFocus(Walaber::Widget*, Walaber::FocusEvent)
WaterConcept::Screen_Loading	0	0	19	0x5059c4	_ZN12WaterConcept14Screen_Loading11handleEventEiRKN7Walaber6Widget15WidgetActionRetEPS2_	WaterConcept::Screen_Loading::handleEvent(int, Walaber::Widget::WidgetActionRet const&, Walaber::Widget*)
WaterConcept::Screen_Loading	0	0	20	0x5059cc	_ZN12WaterConcept14Screen_Loading9messageRxERKN7Walaber7MessageE	WaterConcept::Screen_Loading::messageRx(Walaber::Message const&)
WaterConcept::Screen_MainMenu	0	0	0	0x50734c	_ZN12WaterConcept15Screen_MainMenuD2Ev	WaterConcept::Screen_MainMenu::~Screen_MainMenu()
WaterConcept::Screen_MainMenu	0	0	1	0x50743c	_ZN12WaterConcept15Screen_MainMenuD0Ev	WaterConcept::Screen_MainMenu::~Screen_MainMenu()
WaterConcept::Screen_MainMenu	0	0	2	0x507660	_ZN12WaterConcept15Screen_MainMenu5enterEv	WaterConcept::Screen_MainMenu::enter()
WaterConcept::Screen_MainMenu	0	0	3	0x50f764	_ZN12WaterConcept15Screen_MainMenu4exitEv	WaterConcept::Screen_MainMenu::exit()
WaterConcept::Screen_MainMenu	0	0	4	0x4a40b4	_ZN7Walaber10GameScreen23recreateGraphicsContextEv	Walaber::GameScreen::recreateGraphicsContext()
WaterConcept::Screen_MainMenu	0	0	5	0x4a40b8	_ZN12WaterConcept8WCScreen12beingStackedEv	WaterConcept::WCScreen::beingStacked()
WaterConcept::Screen_MainMenu	0	0	6	0x4a42d4	_ZN7Walaber10GameScreen11regainedTopEv	Walaber::GameScreen::regainedTop()
WaterConcept::Screen_MainMenu	0	0	7	0x50f768	_ZN12WaterConcept15Screen_MainMenu6updateEfb	WaterConcept::Screen_MainMenu::update(float, bool)
WaterConcept::Screen_MainMenu	0	0	8	0x510b24	_ZN12WaterConcept15Screen_MainMenu4drawEi	WaterConcept::Screen_MainMenu::draw(int)
WaterConcept::Screen_MainMenu	0	0	9	0x507488	_ZN12WaterConcept15Screen_MainMenu16loadPropertyListERKN7Walaber12PropertyListE	WaterConcept::Screen_MainMenu::loadPropertyList(Walaber::PropertyList const&)
WaterConcept::Screen_MainMenu	0	0	10	0x4a40c8	_ZN12WaterConcept8WCScreen9touchDownEiN7Walaber7Vector2E	WaterConcept::WCScreen::touchDown(int, Walaber::Vector2)
WaterConcept::Screen_MainMenu	0	0	11	0x4a411c	_ZN12WaterConcept8WCScreen10touchMovedEiN7Walaber7Vector2ES2_	WaterConcept::WCScreen::touchMoved(int, Walaber::Vector2, Walaber::Vector2)
WaterConcept::Screen_MainMenu	0	0	12	0x4a417c	_ZN12WaterConcept8WCScreen7touchUpEiN7Walaber7Vector2E	WaterConcept::WCScreen::touchUp(int, Walaber::Vector2)
WaterConcept::Screen_MainMenu	0	0	13	0x4a41d0	_ZN7Walaber10GameScreen9touchLostEi	Walaber::GameScreen::touchLost(int)
WaterConcept::Screen_MainMenu	0	0	14	0x5168f4	_ZN12WaterConcept15Screen_MainMenu14backKeyPressedEv	WaterConcept::Screen_MainMenu::backKeyPressed()
WaterConcept::Screen_MainMenu	0	0	15	0x516c48	_ZN12WaterConcept15Screen_MainMenu20accelerometerChangedEfff	WaterConcept::Screen_MainMenu::accelerometerChanged(float, float, float)
WaterConcept::Screen_MainMenu	0	0	16	0x4a41d8	_ZN7Walaber10GameScreen13consumesInputEv	Walaber::GameScreen::consumesInput()
WaterConcept::Screen_MainMenu	0	0	17	0x4a41e0	_ZN7Walaber10GameScreen27notifyTransitionPhaseChangeEj	Walaber::GameScreen::notifyTransitionPhaseChange(unsigned int)
WaterConcept::Screen_MainMenu	0	0	18	0x515450	_ZN12WaterConcept15Screen_MainMenu11handleFocusEPN7Walaber6WidgetENS1_10FocusEventE	WaterConcept::Screen_MainMenu::handleFocus(Walaber::Widget*, Walaber::FocusEvent)
WaterConcept::Screen_MainMenu	0	0	19	0x510e2c	_ZN12WaterConcept15Screen_MainMenu11handleEventEiRKN7Walaber6Widget15WidgetActionRetEPS2_	WaterConcept::Screen_MainMenu::handleEvent(int, Walaber::Widget::WidgetActionRet const&, Walaber::Widget*)
WaterConcept::Screen_MainMenu	0	0	20	0x5134c0	_ZN12WaterConcept15Screen_MainMenu9messageRxERKN7Walaber7MessageE	WaterConcept::Screen_MainMenu::messageRx(Walaber::Message const&)
WaterConcept::Screen_MainMenu_v2	0	0	0	0x517274	_ZN12WaterConcept18Screen_MainMenu_v2D2Ev	WaterConcept::Screen_MainMenu_v2::~Screen_MainMenu_v2()
WaterConcept::Screen_MainMenu_v2	0	0	1	0x517494	_ZN12WaterConcept18Screen_MainMenu_v2D0Ev	WaterConcept::Screen_MainMenu_v2::~Screen_MainMenu_v2()
WaterConcept::Screen_MainMenu_v2	0	0	2	0x5178a4	_ZN12WaterConcept18Screen_MainMenu_v25enterEv	WaterConcept::Screen_MainMenu_v2::enter()
WaterConcept::Screen_MainMenu_v2	0	0	3	0x519380	_ZN12WaterConcept18Screen_MainMenu_v24exitEv	WaterConcept::Screen_MainMenu_v2::exit()
WaterConcept::Screen_MainMenu_v2	0	0	4	0x5174e0	_ZN12WaterConcept18Screen_MainMenu_v223recreateGraphicsContextEv	WaterConcept::Screen_MainMenu_v2::recreateGraphicsContext()
WaterConcept::Screen_MainMenu_v2	0	0	5	0x52204c	_ZN12WaterConcept18Screen_MainMenu_v212beingStackedEv	WaterConcept::Screen_MainMenu_v2::beingStacked()
WaterConcept::Screen_MainMenu_v2	0	0	6	0x522074	_ZN12WaterConcept18Screen_MainMenu_v211regainedTopEv	WaterConcept::Screen_MainMenu_v2::regainedTop()
WaterConcept::Screen_MainMenu_v2	0	0	7	0x5193dc	_ZN12WaterConcept18Screen_MainMenu_v26updateEfb	WaterConcept::Screen_MainMenu_v2::update(float, bool)
WaterConcept::Screen_MainMenu_v2	0	0	8	0x51d078	_ZN12WaterConcept18Screen_MainMenu_v24drawEi	WaterConcept::Screen_MainMenu_v2::draw(int)
WaterConcept::Screen_MainMenu_v2	0	0	9	0x517730	_ZN12WaterConcept18Screen_MainMenu_v216loadPropertyListERKN7Walaber12PropertyListE	WaterConcept::Screen_MainMenu_v2::loadPropertyList(Walaber::PropertyList const&)
WaterConcept::Screen_MainMenu_v2	0	0	10	0x521bf8	_ZN12WaterConcept18Screen_MainMenu_v29touchDownEiN7Walaber7Vector2E	WaterConcept::Screen_MainMenu_v2::touchDown(int, Walaber::Vector2)
WaterConcept::Screen_MainMenu_v2	0	0	11	0x521cd4	_ZN12WaterConcept18Screen_MainMenu_v210touchMovedEiN7Walaber7Vector2ES2_	WaterConcept::Screen_MainMenu_v2::touchMoved(int, Walaber::Vector2, Walaber::Vector2)
WaterConcept::Screen_MainMenu_v2	0	0	12	0x521ea0	_ZN12WaterConcept18Screen_MainMenu_v27touchUpEiN7Walaber7Vector2E	WaterConcept::Screen_MainMenu_v2::touchUp(int, Walaber::Vector2)
WaterConcept::Screen_MainMenu_v2	0	0	13	0x4a41d0	_ZN7Walaber10GameScreen9touchLostEi	Walaber::GameScreen::touchLost(int)
WaterConcept::Screen_MainMenu_v2	0	0	14	0x521b24	_ZN12WaterConcept18Screen_MainMenu_v214backKeyPressedEv	WaterConcept::Screen_MainMenu_v2::backKeyPressed()
WaterConcept::Screen_MainMenu_v2	0	0	15	0x4a41d4	_ZN7Walaber10GameScreen20accelerometerChangedEfff	Walaber::GameScreen::accelerometerChanged(float, float, float)
WaterConcept::Screen_MainMenu_v2	0	0	16	0x4a41d8	_ZN7Walaber10GameScreen13consumesInputEv	Walaber::GameScreen::consumesInput()
WaterConcept::Screen_MainMenu_v2	0	0	17	0x521f94	_ZN12WaterConcept18Screen_MainMenu_v227notifyTransitionPhaseChangeEj	WaterConcept::Screen_MainMenu_v2::notifyTransitionPhaseChange(unsigned int)
WaterConcept::Screen_MainMenu_v2	0	0	18	0x522154	_ZN12WaterConcept18Screen_MainMenu_v211handleFocusEPN7Walaber6WidgetENS1_10FocusEventE	WaterConcept::Screen_MainMenu_v2::handleFocus(Walaber::Widget*, Walaber::FocusEvent)
WaterConcept::Screen_MainMenu_v2	0	0	19	0x51d788	_ZN12WaterConcept18Screen_MainMenu_v211handleEventEiRKN7Walaber6Widget15WidgetActionRetEPS2_	WaterConcept::Screen_MainMenu_v2::handleEvent(int, Walaber::Widget::WidgetActionRet const&, Walaber::Widget*)
WaterConcept::Screen_MainMenu_v2	0	0	20	0x522300	_ZN12WaterConcept18Screen_MainMenu_v29messageRxERKN7Walaber7MessageE	WaterConcept::Screen_MainMenu_v2::messageRx(Walaber::Message const&)
WaterConcept::Screen_MenuOverlay	0	0	0	0x530968	_ZN12WaterConcept18Screen_MenuOverlayD1Ev	WaterConcept::Screen_MenuOverlay::~Screen_MenuOverlay()
WaterConcept::Screen_MenuOverlay	0	0	1	0x53096c	_ZN12WaterConcept18Screen_MenuOverlayD0Ev	WaterConcept::Screen_MenuOverlay::~Screen_MenuOverlay()
WaterConcept::Screen_MenuOverlay	0	0	2	0x530ab0	_ZN12WaterConcept18Screen_MenuOverlay5enterEv	WaterConcept::Screen_MenuOverlay::enter()
WaterConcept::Screen_MenuOverlay	0	0	3	0x531038	_ZN12WaterConcept18Screen_MenuOverlay4exitEv	WaterConcept::Screen_MenuOverlay::exit()
WaterConcept::Screen_MenuOverlay	0	0	4	0x4a40b4	_ZN7Walaber10GameScreen23recreateGraphicsContextEv	Walaber::GameScreen::recreateGraphicsContext()
WaterConcept::Screen_MenuOverlay	0	0	5	0x532df0	_ZN12WaterConcept18Screen_MenuOverlay12beingStackedEv	WaterConcept::Screen_MenuOverlay::beingStacked()
WaterConcept::Screen_MenuOverlay	0	0	6	0x532df8	_ZN12WaterConcept18Screen_MenuOverlay11regainedTopEv	WaterConcept::Screen_MenuOverlay::regainedTop()
WaterConcept::Screen_MenuOverlay	0	0	7	0x531040	_ZN12WaterConcept18Screen_MenuOverlay6updateEfb	WaterConcept::Screen_MenuOverlay::update(float, bool)
WaterConcept::Screen_MenuOverlay	0	0	8	0x53112c	_ZN12WaterConcept18Screen_MenuOverlay4drawEi	WaterConcept::Screen_MenuOverlay::draw(int)
WaterConcept::Screen_MenuOverlay	0	0	9	0x530990	_ZN12WaterConcept18Screen_MenuOverlay16loadPropertyListERKN7Walaber12PropertyListE	WaterConcept::Screen_MenuOverlay::loadPropertyList(Walaber::PropertyList const&)
WaterConcept::Screen_MenuOverlay	0	0	10	0x4a40c8	_ZN12WaterConcept8WCScreen9touchDownEiN7Walaber7Vector2E	WaterConcept::WCScreen::touchDown(int, Walaber::Vector2)
WaterConcept::Screen_MenuOverlay	0	0	11	0x4a411c	_ZN12WaterConcept8WCScreen10touchMovedEiN7Walaber7Vector2ES2_	WaterConcept::WCScreen::touchMoved(int, Walaber::Vector2, Walaber::Vector2)
WaterConcept::Screen_MenuOverlay	0	0	12	0x4a417c	_ZN12WaterConcept8WCScreen7touchUpEiN7Walaber7Vector2E	WaterConcept::WCScreen::touchUp(int, Walaber::Vector2)
WaterConcept::Screen_MenuOverlay	0	0	13	0x4a41d0	_ZN7Walaber10GameScreen9touchLostEi	Walaber::GameScreen::touchLost(int)
WaterConcept::Screen_MenuOverlay	0	0	14	0x532adc	_ZN12WaterConcept18Screen_MenuOverlay14backKeyPressedEv	WaterConcept::Screen_MenuOverlay::backKeyPressed()
WaterConcept::Screen_MenuOverlay	0	0	15	0x4a41d4	_ZN7Walaber10GameScreen20accelerometerChangedEfff	Walaber::GameScreen::accelerometerChanged(float, float, float)
WaterConcept::Screen_MenuOverlay	0	0	16	0x4a41d8	_ZN7Walaber10GameScreen13consumesInputEv	Walaber::GameScreen::consumesInput()
WaterConcept::Screen_MenuOverlay	0	0	17	0x4a41e0	_ZN7Walaber10GameScreen27notifyTransitionPhaseChangeEj	Walaber::GameScreen::notifyTransitionPhaseChange(unsigned int)
WaterConcept::Screen_MenuOverlay	0	0	18	0x4a41e4	_ZN12WaterConcept8WCScreen11handleFocusEPN7Walaber6WidgetENS1_10FocusEventE	WaterConcept::WCScreen::handleFocus(Walaber::Widget*, Walaber::FocusEvent)
WaterConcept::Screen_MenuOverlay	0	0	19	0x5311c0	_ZN12WaterConcept18Screen_MenuOverlay11handleEventEiRKN7Walaber6Widget15WidgetActionRetEPS2_	WaterConcept::Screen_MenuOverlay::handleEvent(int, Walaber::Widget::WidgetActionRet const&, Walaber::Widget*)
WaterConcept::Screen_MusicCollection	0	0	0	0x532ed8	_ZN12WaterConcept22Screen_MusicCollectionD2Ev	WaterConcept::Screen_MusicCollection::~Screen_MusicCollection()
WaterConcept::Screen_MusicCollection	0	0	1	0x532f6c	_ZN12WaterConcept22Screen_MusicCollectionD0Ev	WaterConcept::Screen_MusicCollection::~Screen_MusicCollection()
WaterConcept::Screen_MusicCollection	0	0	2	0x5330cc	_ZN12WaterConcept22Screen_MusicCollection5enterEv	WaterConcept::Screen_MusicCollection::enter()
WaterConcept::Screen_MusicCollection	0	0	3	0x533a38	_ZN12WaterConcept22Screen_MusicCollection4exitEv	WaterConcept::Screen_MusicCollection::exit()
WaterConcept::Screen_MusicCollection	0	0	4	0x4a40b4	_ZN7Walaber10GameScreen23recreateGraphicsContextEv	Walaber::GameScreen::recreateGraphicsContext()
WaterConcept::Screen_MusicCollection	0	0	5	0x4a40b8	_ZN12WaterConcept8WCScreen12beingStackedEv	WaterConcept::WCScreen::beingStacked()
WaterConcept::Screen_MusicCollection	0	0	6	0x538868	_ZN12WaterConcept22Screen_MusicCollection11regainedTopEv	WaterConcept::Screen_MusicCollection::regainedTop()
WaterConcept::Screen_MusicCollection	0	0	7	0x537244	_ZN12WaterConcept22Screen_MusicCollection6updateEfb	WaterConcept::Screen_MusicCollection::update(float, bool)
WaterConcept::Screen_MusicCollection	0	0	8	0x537408	_ZN12WaterConcept22Screen_MusicCollection4drawEi	WaterConcept::Screen_MusicCollection::draw(int)
WaterConcept::Screen_MusicCollection	0	0	9	0x532fb8	_ZN12WaterConcept22Screen_MusicCollection16loadPropertyListERKN7Walaber12PropertyListE	WaterConcept::Screen_MusicCollection::loadPropertyList(Walaber::PropertyList const&)
WaterConcept::Screen_MusicCollection	0	0	10	0x4a40c8	_ZN12WaterConcept8WCScreen9touchDownEiN7Walaber7Vector2E	WaterConcept::WCScreen::touchDown(int, Walaber::Vector2)
WaterConcept::Screen_MusicCollection	0	0	11	0x4a411c	_ZN12WaterConcept8WCScreen10touchMovedEiN7Walaber7Vector2ES2_	WaterConcept::WCScreen::touchMoved(int, Walaber::Vector2, Walaber::Vector2)
WaterConcept::Screen_MusicCollection	0	0	12	0x4a417c	_ZN12WaterConcept8WCScreen7touchUpEiN7Walaber7Vector2E	WaterConcept::WCScreen::touchUp(int, Walaber::Vector2)
WaterConcept::Screen_MusicCollection	0	0	13	0x4a41d0	_ZN7Walaber10GameScreen9touchLostEi	Walaber::GameScreen::touchLost(int)
WaterConcept::Screen_MusicCollection	0	0	14	0x538630	_ZN12WaterConcept22Screen_MusicCollection14backKeyPressedEv	WaterConcept::Screen_MusicCollection::backKeyPressed()
WaterConcept::Screen_MusicCollection	0	0	15	0x4a41d4	_ZN7Walaber10GameScreen20accelerometerChangedEfff	Walaber::GameScreen::accelerometerChanged(float, float, float)
WaterConcept::Screen_MusicCollection	0	0	16	0x4a41d8	_ZN7Walaber10GameScreen13consumesInputEv	Walaber::GameScreen::consumesInput()
WaterConcept::Screen_MusicCollection	0	0	17	0x4a41e0	_ZN7Walaber10GameScreen27notifyTransitionPhaseChangeEj	Walaber::GameScreen::notifyTransitionPhaseChange(unsigned int)
WaterConcept::Screen_MusicCollection	0	0	18	0x4a41e4	_ZN12WaterConcept8WCScreen11handleFocusEPN7Walaber6WidgetENS1_10FocusEventE	WaterConcept::WCScreen::handleFocus(Walaber::Widget*, Walaber::FocusEvent)
WaterConcept::Screen_MusicCollection	0	0	19	0x5374a8	_ZN12WaterConcept22Screen_MusicCollection11handleEventEiRKN7Walaber6Widget15WidgetActionRetEPS2_	WaterConcept::Screen_MusicCollection::handleEvent(int, Walaber::Widget::WidgetActionRet const&, Walaber::Widget*)
WaterConcept::Screen_MusicCollection	0	0	20	0x538738	_ZN12WaterConcept22Screen_MusicCollection9messageRxERKN7Walaber7MessageE	WaterConcept::Screen_MusicCollection::messageRx(Walaber::Message const&)
WaterConcept::Screen_MysteryShow	0	0	0	0x539488	_ZN12WaterConcept18Screen_MysteryShowD2Ev	WaterConcept::Screen_MysteryShow::~Screen_MysteryShow()
WaterConcept::Screen_MysteryShow	0	0	1	0x539504	_ZN12WaterConcept18Screen_MysteryShowD0Ev	WaterConcept::Screen_MysteryShow::~Screen_MysteryShow()
WaterConcept::Screen_MysteryShow	0	0	2	0x53962c	_ZN12WaterConcept18Screen_MysteryShow5enterEv	WaterConcept::Screen_MysteryShow::enter()
WaterConcept::Screen_MysteryShow	0	0	3	0x53996c	_ZN12WaterConcept18Screen_MysteryShow4exitEv	WaterConcept::Screen_MysteryShow::exit()
WaterConcept::Screen_MysteryShow	0	0	4	0x4a40b4	_ZN7Walaber10GameScreen23recreateGraphicsContextEv	Walaber::GameScreen::recreateGraphicsContext()
WaterConcept::Screen_MysteryShow	0	0	5	0x4a40b8	_ZN12WaterConcept8WCScreen12beingStackedEv	WaterConcept::WCScreen::beingStacked()
WaterConcept::Screen_MysteryShow	0	0	6	0x4a42d4	_ZN7Walaber10GameScreen11regainedTopEv	Walaber::GameScreen::regainedTop()
WaterConcept::Screen_MysteryShow	0	0	7	0x5399a4	_ZN12WaterConcept18Screen_MysteryShow6updateEfb	WaterConcept::Screen_MysteryShow::update(float, bool)
WaterConcept::Screen_MysteryShow	0	0	8	0x53ae40	_ZN12WaterConcept18Screen_MysteryShow4drawEi	WaterConcept::Screen_MysteryShow::draw(int)
WaterConcept::Screen_MysteryShow	0	0	9	0x539528	_ZN12WaterConcept18Screen_MysteryShow16loadPropertyListERKN7Walaber12PropertyListE	WaterConcept::Screen_MysteryShow::loadPropertyList(Walaber::PropertyList const&)
WaterConcept::Screen_MysteryShow	0	0	10	0x4a40c8	_ZN12WaterConcept8WCScreen9touchDownEiN7Walaber7Vector2E	WaterConcept::WCScreen::touchDown(int, Walaber::Vector2)
WaterConcept::Screen_MysteryShow	0	0	11	0x4a411c	_ZN12WaterConcept8WCScreen10touchMovedEiN7Walaber7Vector2ES2_	WaterConcept::WCScreen::touchMoved(int, Walaber::Vector2, Walaber::Vector2)
WaterConcept::Screen_MysteryShow	0	0	12	0x4a417c	_ZN12WaterConcept8WCScreen7touchUpEiN7Walaber7Vector2E	WaterConcept::WCScreen::touchUp(int, Walaber::Vector2)
WaterConcept::Screen_MysteryShow	0	0	13	0x4a41d0	_ZN7Walaber10GameScreen9touchLostEi	Walaber::GameScreen::touchLost(int)
WaterConcept::Screen_MysteryShow	0	0	14	0x4a42dc	_ZN7Walaber10GameScreen14backKeyPressedEv	Walaber::GameScreen::backKeyPressed()
WaterConcept::Screen_MysteryShow	0	0	15	0x4a41d4	_ZN7Walaber10GameScreen20accelerometerChangedEfff	Walaber::GameScreen::accelerometerChanged(float, float, float)
WaterConcept::Screen_MysteryShow	0	0	16	0x4a41d8	_ZN7Walaber10GameScreen13consumesInputEv	Walaber::GameScreen::consumesInput()
WaterConcept::Screen_MysteryShow	0	0	17	0x4a41e0	_ZN7Walaber10GameScreen27notifyTransitionPhaseChangeEj	Walaber::GameScreen::notifyTransitionPhaseChange(unsigned int)
WaterConcept::Screen_MysteryShow	0	0	18	0x4a41e4	_ZN12WaterConcept8WCScreen11handleFocusEPN7Walaber6WidgetENS1_10FocusEventE	WaterConcept::WCScreen::handleFocus(Walaber::Widget*, Walaber::FocusEvent)
WaterConcept::Screen_MysteryShow	0	0	19	0x53b02c	_ZN12WaterConcept18Screen_MysteryShow11handleEventEiRKN7Walaber6Widget15WidgetActionRetEPS2_	WaterConcept::Screen_MysteryShow::handleEvent(int, Walaber::Widget::WidgetActionRet const&, Walaber::Widget*)
WaterConcept::Screen_NoteChallenges	0	0	0	0x53b4f4	_ZN12WaterConcept21Screen_NoteChallengesD1Ev	WaterConcept::Screen_NoteChallenges::~Screen_NoteChallenges()
WaterConcept::Screen_NoteChallenges	0	0	1	0x53b578	_ZN12WaterConcept21Screen_NoteChallengesD0Ev	WaterConcept::Screen_NoteChallenges::~Screen_NoteChallenges()
WaterConcept::Screen_NoteChallenges	0	0	2	0x53b5c8	_ZN12WaterConcept21Screen_NoteChallenges5enterEv	WaterConcept::Screen_NoteChallenges::enter()
WaterConcept::Screen_NoteChallenges	0	0	3	0x53bd68	_ZN12WaterConcept21Screen_NoteChallenges4exitEv	WaterConcept::Screen_NoteChallenges::exit()
WaterConcept::Screen_NoteChallenges	0	0	4	0x4a40b4	_ZN7Walaber10GameScreen23recreateGraphicsContextEv	Walaber::GameScreen::recreateGraphicsContext()
WaterConcept::Screen_NoteChallenges	0	0	5	0x4a40b8	_ZN12WaterConcept8WCScreen12beingStackedEv	WaterConcept::WCScreen::beingStacked()
WaterConcept::Screen_NoteChallenges	0	0	6	0x540e64	_ZN12WaterConcept21Screen_NoteChallenges11regainedTopEv	WaterConcept::Screen_NoteChallenges::regainedTop()
WaterConcept::Screen_NoteChallenges	0	0	7	0x53fd3c	_ZN12WaterConcept21Screen_NoteChallenges6updateEfb	WaterConcept::Screen_NoteChallenges::update(float, bool)
WaterConcept::Screen_NoteChallenges	0	0	8	0x53fd54	_ZN12WaterConcept21Screen_NoteChallenges4drawEi	WaterConcept::Screen_NoteChallenges::draw(int)
WaterConcept::Screen_NoteChallenges	0	0	9	0x53b5c4	_ZN12WaterConcept21Screen_NoteChallenges16loadPropertyListERKN7Walaber12PropertyListE	WaterConcept::Screen_NoteChallenges::loadPropertyList(Walaber::PropertyList const&)
WaterConcept::Screen_NoteChallenges	0	0	10	0x4a40c8	_ZN12WaterConcept8WCScreen9touchDownEiN7Walaber7Vector2E	WaterConcept::WCScreen::touchDown(int, Walaber::Vector2)
WaterConcept::Screen_NoteChallenges	0	0	11	0x4a411c	_ZN12WaterConcept8WCScreen10touchMovedEiN7Walaber7Vector2ES2_	WaterConcept::WCScreen::touchMoved(int, Walaber::Vector2, Walaber::Vector2)
WaterConcept::Screen_NoteChallenges	0	0	12	0x4a417c	_ZN12WaterConcept8WCScreen7touchUpEiN7Walaber7Vector2E	WaterConcept::WCScreen::touchUp(int, Walaber::Vector2)
WaterConcept::Screen_NoteChallenges	0	0	13	0x4a41d0	_ZN7Walaber10GameScreen9touchLostEi	Walaber::GameScreen::touchLost(int)
WaterConcept::Screen_NoteChallenges	0	0	14	0x540a80	_ZN12WaterConcept21Screen_NoteChallenges14backKeyPressedEv	WaterConcept::Screen_NoteChallenges::backKeyPressed()
WaterConcept::Screen_NoteChallenges	0	0	15	0x4a41d4	_ZN7Walaber10GameScreen20accelerometerChangedEfff	Walaber::GameScreen::accelerometerChanged(float, float, float)
WaterConcept::Screen_NoteChallenges	0	0	16	0x4a41d8	_ZN7Walaber10GameScreen13consumesInputEv	Walaber::GameScreen::consumesInput()
WaterConcept::Screen_NoteChallenges	0	0	17	0x4a41e0	_ZN7Walaber10GameScreen27notifyTransitionPhaseChangeEj	Walaber::GameScreen::notifyTransitionPhaseChange(unsigned int)
WaterConcept::Screen_NoteChallenges	0	0	18	0x4a41e4	_ZN12WaterConcept8WCScreen11handleFocusEPN7Walaber6WidgetENS1_10FocusEventE	WaterConcept::WCScreen::handleFocus(Walaber::Widget*, Walaber::FocusEvent)
WaterConcept::Screen_NoteChallenges	0	0	19	0x53fdf4	_ZN12WaterConcept21Screen_NoteChallenges11handleEventEiRKN7Walaber6Widget15WidgetActionRetEPS2_	WaterConcept::Screen_NoteChallenges::handleEvent(int, Walaber::Widget::WidgetActionRet const&, Walaber::Widget*)
WaterConcept::Screen_NoteChallenges	0	0	20	0x540b88	_ZN12WaterConcept21Screen_NoteChallenges9messageRxERKN7Walaber7MessageE	WaterConcept::Screen_NoteChallenges::messageRx(Walaber::Message const&)
WaterConcept::Screen_PerformanceTest	0	0	0	0x540ef8	_ZN12WaterConcept22Screen_PerformanceTestD2Ev	WaterConcept::Screen_PerformanceTest::~Screen_PerformanceTest()
WaterConcept::Screen_PerformanceTest	0	0	1	0x540efc	_ZN12WaterConcept22Screen_PerformanceTestD0Ev	WaterConcept::Screen_PerformanceTest::~Screen_PerformanceTest()
WaterConcept::Screen_PerformanceTest	0	0	2	0x540f24	_ZN12WaterConcept22Screen_PerformanceTest5enterEv	WaterConcept::Screen_PerformanceTest::enter()
WaterConcept::Screen_PerformanceTest	0	0	3	0x5413dc	_ZN12WaterConcept22Screen_PerformanceTest4exitEv	WaterConcept::Screen_PerformanceTest::exit()
WaterConcept::Screen_PerformanceTest	0	0	4	0x4a40b4	_ZN7Walaber10GameScreen23recreateGraphicsContextEv	Walaber::GameScreen::recreateGraphicsContext()
WaterConcept::Screen_PerformanceTest	0	0	5	0x542b20	_ZN12WaterConcept22Screen_PerformanceTest12beingStackedEv	WaterConcept::Screen_PerformanceTest::beingStacked()
WaterConcept::Screen_PerformanceTest	0	0	6	0x542b28	_ZN12WaterConcept22Screen_PerformanceTest11regainedTopEv	WaterConcept::Screen_PerformanceTest::regainedTop()
WaterConcept::Screen_PerformanceTest	0	0	7	0x5413e0	_ZN12WaterConcept22Screen_PerformanceTest6updateEfb	WaterConcept::Screen_PerformanceTest::update(float, bool)
WaterConcept::Screen_PerformanceTest	0	0	8	0x542a94	_ZN12WaterConcept22Screen_PerformanceTest4drawEi	WaterConcept::Screen_PerformanceTest::draw(int)
WaterConcept::Screen_PerformanceTest	0	0	9	0x540f20	_ZN12WaterConcept22Screen_PerformanceTest16loadPropertyListERKN7Walaber12PropertyListE	WaterConcept::Screen_PerformanceTest::loadPropertyList(Walaber::PropertyList const&)
WaterConcept::Screen_PerformanceTest	0	0	10	0x4a40c8	_ZN12WaterConcept8WCScreen9touchDownEiN7Walaber7Vector2E	WaterConcept::WCScreen::touchDown(int, Walaber::Vector2)
WaterConcept::Screen_PerformanceTest	0	0	11	0x4a411c	_ZN12WaterConcept8WCScreen10touchMovedEiN7Walaber7Vector2ES2_	WaterConcept::WCScreen::touchMoved(int, Walaber::Vector2, Walaber::Vector2)
WaterConcept::Screen_PerformanceTest	0	0	12	0x4a417c	_ZN12WaterConcept8WCScreen7touchUpEiN7Walaber7Vector2E	WaterConcept::WCScreen::touchUp(int, Walaber::Vector2)
WaterConcept::Screen_PerformanceTest	0	0	13	0x4a41d0	_ZN7Walaber10GameScreen9touchLostEi	Walaber::GameScreen::touchLost(int)
WaterConcept::Screen_PerformanceTest	0	0	14	0x542b2c	_ZN12WaterConcept22Screen_PerformanceTest14backKeyPressedEv	WaterConcept::Screen_PerformanceTest::backKeyPressed()
WaterConcept::Screen_PerformanceTest	0	0	15	0x4a41d4	_ZN7Walaber10GameScreen20accelerometerChangedEfff	Walaber::GameScreen::accelerometerChanged(float, float, float)
WaterConcept::Screen_PerformanceTest	0	0	16	0x4a41d8	_ZN7Walaber10GameScreen13consumesInputEv	Walaber::GameScreen::consumesInput()
WaterConcept::Screen_PerformanceTest	0	0	17	0x4a41e0	_ZN7Walaber10GameScreen27notifyTransitionPhaseChangeEj	Walaber::GameScreen::notifyTransitionPhaseChange(unsigned int)
WaterConcept::Screen_PerformanceTest	0	0	18	0x4a41e4	_ZN12WaterConcept8WCScreen11handleFocusEPN7Walaber6WidgetENS1_10FocusEventE	WaterConcept::WCScreen::handleFocus(Walaber::Widget*, Walaber::FocusEvent)
WaterConcept::Screen_PerryDemo	0	0	0	0x542c78	_ZN12WaterConcept16Screen_PerryDemoD2Ev	WaterConcept::Screen_PerryDemo::~Screen_PerryDemo()
WaterConcept::Screen_PerryDemo	0	0	1	0x542cf4	_ZN12WaterConcept16Screen_PerryDemoD0Ev	WaterConcept::Screen_PerryDemo::~Screen_PerryDemo()
WaterConcept::Screen_PerryDemo	0	0	2	0x542f8c	_ZN12WaterConcept16Screen_PerryDemo5enterEv	WaterConcept::Screen_PerryDemo::enter()
WaterConcept::Screen_PerryDemo	0	0	3	0x5433b0	_ZN12WaterConcept16Screen_PerryDemo4exitEv	WaterConcept::Screen_PerryDemo::exit()
WaterConcept::Screen_PerryDemo	0	0	4	0x4a40b4	_ZN7Walaber10GameScreen23recreateGraphicsContextEv	Walaber::GameScreen::recreateGraphicsContext()
WaterConcept::Screen_PerryDemo	0	0	5	0x4a40b8	_ZN12WaterConcept8WCScreen12beingStackedEv	WaterConcept::WCScreen::beingStacked()
WaterConcept::Screen_PerryDemo	0	0	6	0x4a42d4	_ZN7Walaber10GameScreen11regainedTopEv	Walaber::GameScreen::regainedTop()
WaterConcept::Screen_PerryDemo	0	0	7	0x5433b4	_ZN12WaterConcept16Screen_PerryDemo6updateEfb	WaterConcept::Screen_PerryDemo::update(float, bool)
WaterConcept::Screen_PerryDemo	0	0	8	0x543470	_ZN12WaterConcept16Screen_PerryDemo4drawEi	WaterConcept::Screen_PerryDemo::draw(int)
WaterConcept::Screen_PerryDemo	0	0	9	0x542d40	_ZN12WaterConcept16Screen_PerryDemo16loadPropertyListERKN7Walaber12PropertyListE	WaterConcept::Screen_PerryDemo::loadPropertyList(Walaber::PropertyList const&)
WaterConcept::Screen_PerryDemo	0	0	10	0x4a40c8	_ZN12WaterConcept8WCScreen9touchDownEiN7Walaber7Vector2E	WaterConcept::WCScreen::touchDown(int, Walaber::Vector2)
WaterConcept::Screen_PerryDemo	0	0	11	0x4a411c	_ZN12WaterConcept8WCScreen10touchMovedEiN7Walaber7Vector2ES2_	WaterConcept::WCScreen::touchMoved(int, Walaber::Vector2, Walaber::Vector2)
WaterConcept::Screen_PerryDemo	0	0	12	0x4a417c	_ZN12WaterConcept8WCScreen7touchUpEiN7Walaber7Vector2E	WaterConcept::WCScreen::touchUp(int, Walaber::Vector2)
WaterConcept::Screen_PerryDemo	0	0	13	0x4a41d0	_ZN7Walaber10GameScreen9touchLostEi	Walaber::GameScreen::touchLost(int)
WaterConcept::Screen_PerryDemo	0	0	14	0x544788	_ZN12WaterConcept16Screen_PerryDemo14backKeyPressedEv	WaterConcept::Screen_PerryDemo::backKeyPressed()
WaterConcept::Screen_PerryDemo	0	0	15	0x4a41d4	_ZN7Walaber10GameScreen20accelerometerChangedEfff	Walaber::GameScreen::accelerometerChanged(float, float, float)
WaterConcept::Screen_PerryDemo	0	0	16	0x4a41d8	_ZN7Walaber10GameScreen13consumesInputEv	Walaber::GameScreen::consumesInput()
WaterConcept::Screen_PerryDemo	0	0	17	0x4a41e0	_ZN7Walaber10GameScreen27notifyTransitionPhaseChangeEj	Walaber::GameScreen::notifyTransitionPhaseChange(unsigned int)
WaterConcept::Screen_PerryDemo	0	0	18	0x543dc0	_ZN12WaterConcept16Screen_PerryDemo11handleFocusEPN7Walaber6WidgetENS1_10FocusEventE	WaterConcept::Screen_PerryDemo::handleFocus(Walaber::Widget*, Walaber::FocusEvent)
WaterConcept::Screen_PerryDemo	0	0	19	0x543554	_ZN12WaterConcept16Screen_PerryDemo11handleEventEiRKN7Walaber6Widget15WidgetActionRetEPS2_	WaterConcept::Screen_PerryDemo::handleEvent(int, Walaber::Widget::WidgetActionRet const&, Walaber::Widget*)
WaterConcept::Screen_PerryDemo	0	0	20	0x54378c	_ZN12WaterConcept16Screen_PerryDemo9messageRxERKN7Walaber7MessageE	WaterConcept::Screen_PerryDemo::messageRx(Walaber::Message const&)
WaterConcept::Screen_Popup	0	0	0	0x544e70	_ZN12WaterConcept12Screen_PopupD1Ev	WaterConcept::Screen_Popup::~Screen_Popup()
WaterConcept::Screen_Popup	0	0	1	0x5450b4	_ZN12WaterConcept12Screen_PopupD0Ev	WaterConcept::Screen_Popup::~Screen_Popup()
WaterConcept::Screen_Popup	0	0	2	0x546b74	_ZN12WaterConcept12Screen_Popup5enterEv	WaterConcept::Screen_Popup::enter()
WaterConcept::Screen_Popup	0	0	3	0x549fd0	_ZN12WaterConcept12Screen_Popup4exitEv	WaterConcept::Screen_Popup::exit()
WaterConcept::Screen_Popup	0	0	4	0x54a0bc	_ZN12WaterConcept12Screen_Popup23recreateGraphicsContextEv	WaterConcept::Screen_Popup::recreateGraphicsContext()
WaterConcept::Screen_Popup	0	0	5	0x55193c	_ZN12WaterConcept12Screen_Popup12beingStackedEv	WaterConcept::Screen_Popup::beingStacked()
WaterConcept::Screen_Popup	0	0	6	0x551a28	_ZN12WaterConcept12Screen_Popup11regainedTopEv	WaterConcept::Screen_Popup::regainedTop()
WaterConcept::Screen_Popup	0	0	7	0x54a118	_ZN12WaterConcept12Screen_Popup6updateEfb	WaterConcept::Screen_Popup::update(float, bool)
WaterConcept::Screen_Popup	0	0	8	0x550f38	_ZN12WaterConcept12Screen_Popup4drawEi	WaterConcept::Screen_Popup::draw(int)
WaterConcept::Screen_Popup	0	0	9	0x545100	_ZN12WaterConcept12Screen_Popup16loadPropertyListERKN7Walaber12PropertyListE	WaterConcept::Screen_Popup::loadPropertyList(Walaber::PropertyList const&)
WaterConcept::Screen_Popup	0	0	10	0x4a40c8	_ZN12WaterConcept8WCScreen9touchDownEiN7Walaber7Vector2E	WaterConcept::WCScreen::touchDown(int, Walaber::Vector2)
WaterConcept::Screen_Popup	0	0	11	0x55ab28	_ZN12WaterConcept12Screen_Popup10touchMovedEiN7Walaber7Vector2ES2_	WaterConcept::Screen_Popup::touchMoved(int, Walaber::Vector2, Walaber::Vector2)
WaterConcept::Screen_Popup	0	0	12	0x55ade4	_ZN12WaterConcept12Screen_Popup7touchUpEiN7Walaber7Vector2E	WaterConcept::Screen_Popup::touchUp(int, Walaber::Vector2)
WaterConcept::Screen_Popup	0	0	13	0x4a41d0	_ZN7Walaber10GameScreen9touchLostEi	Walaber::GameScreen::touchLost(int)
WaterConcept::Screen_Popup	0	0	14	0x55a4f4	_ZN12WaterConcept12Screen_Popup14backKeyPressedEv	WaterConcept::Screen_Popup::backKeyPressed()
WaterConcept::Screen_Popup	0	0	15	0x554d00	_ZN12WaterConcept12Screen_Popup20accelerometerChangedEfff	WaterConcept::Screen_Popup::accelerometerChanged(float, float, float)
WaterConcept::Screen_Popup	0	0	16	0x4a41d8	_ZN7Walaber10GameScreen13consumesInputEv	Walaber::GameScreen::consumesInput()
WaterConcept::Screen_Popup	0	0	17	0x4a41e0	_ZN7Walaber10GameScreen27notifyTransitionPhaseChangeEj	Walaber::GameScreen::notifyTransitionPhaseChange(unsigned int)
WaterConcept::Screen_Popup	0	0	18	0x4a41e4	_ZN12WaterConcept8WCScreen11handleFocusEPN7Walaber6WidgetENS1_10FocusEventE	WaterConcept::WCScreen::handleFocus(Walaber::Widget*, Walaber::FocusEvent)
WaterConcept::Screen_Popup	0	0	19	0x551b50	_ZN12WaterConcept12Screen_Popup11handleEventEiRKN7Walaber6Widget15WidgetActionRetEPS2_	WaterConcept::Screen_Popup::handleEvent(int, Walaber::Widget::WidgetActionRet const&, Walaber::Widget*)
WaterConcept::Screen_Popup	0	0	20	0x552dbc	_ZN12WaterConcept12Screen_Popup9messageRxERKN7Walaber7MessageE	WaterConcept::Screen_Popup::messageRx(Walaber::Message const&)
WaterConcept::Screen_Processing	0	0	0	0x55afe4	_ZN12WaterConcept17Screen_ProcessingD1Ev	WaterConcept::Screen_Processing::~Screen_Processing()
WaterConcept::Screen_Processing	0	0	1	0x55b058	_ZN12WaterConcept17Screen_ProcessingD0Ev	WaterConcept::Screen_Processing::~Screen_Processing()
WaterConcept::Screen_Processing	0	0	2	0x55b0a8	_ZN12WaterConcept17Screen_Processing5enterEv	WaterConcept::Screen_Processing::enter()
WaterConcept::Screen_Processing	0	0	3	0x55b308	_ZN12WaterConcept17Screen_Processing4exitEv	WaterConcept::Screen_Processing::exit()
WaterConcept::Screen_Processing	0	0	4	0x4a40b4	_ZN7Walaber10GameScreen23recreateGraphicsContextEv	Walaber::GameScreen::recreateGraphicsContext()
WaterConcept::Screen_Processing	0	0	5	0x4a40b8	_ZN12WaterConcept8WCScreen12beingStackedEv	WaterConcept::WCScreen::beingStacked()
WaterConcept::Screen_Processing	0	0	6	0x4a42d4	_ZN7Walaber10GameScreen11regainedTopEv	Walaber::GameScreen::regainedTop()
WaterConcept::Screen_Processing	0	0	7	0x55b30c	_ZN12WaterConcept17Screen_Processing6updateEfb	WaterConcept::Screen_Processing::update(float, bool)
WaterConcept::Screen_Processing	0	0	8	0x55b8e4	_ZN12WaterConcept17Screen_Processing4drawEi	WaterConcept::Screen_Processing::draw(int)
WaterConcept::Screen_Processing	0	0	9	0x55b0a4	_ZN12WaterConcept17Screen_Processing16loadPropertyListERKN7Walaber12PropertyListE	WaterConcept::Screen_Processing::loadPropertyList(Walaber::PropertyList const&)
WaterConcept::Screen_Processing	0	0	10	0x4a40c8	_ZN12WaterConcept8WCScreen9touchDownEiN7Walaber7Vector2E	WaterConcept::WCScreen::touchDown(int, Walaber::Vector2)
WaterConcept::Screen_Processing	0	0	11	0x4a411c	_ZN12WaterConcept8WCScreen10touchMovedEiN7Walaber7Vector2ES2_	WaterConcept::WCScreen::touchMoved(int, Walaber::Vector2, Walaber::Vector2)
WaterConcept::Screen_Processing	0	0	12	0x4a417c	_ZN12WaterConcept8WCScreen7touchUpEiN7Walaber7Vector2E	WaterConcept::WCScreen::touchUp(int, Walaber::Vector2)
WaterConcept::Screen_Processing	0	0	13	0x4a41d0	_ZN7Walaber10GameScreen9touchLostEi	Walaber::GameScreen::touchLost(int)
WaterConcept::Screen_Processing	0	0	14	0x55bf2c	_ZN12WaterConcept17Screen_Processing14backKeyPressedEv	WaterConcept::Screen_Processing::backKeyPressed()
WaterConcept::Screen_Processing	0	0	15	0x4a41d4	_ZN7Walaber10GameScreen20accelerometerChangedEfff	Walaber::GameScreen::accelerometerChanged(float, float, float)
WaterConcept::Screen_Processing	0	0	16	0x4a41d8	_ZN7Walaber10GameScreen13consumesInputEv	Walaber::GameScreen::consumesInput()
WaterConcept::Screen_Processing	0	0	17	0x4a41e0	_ZN7Walaber10GameScreen27notifyTransitionPhaseChangeEj	Walaber::GameScreen::notifyTransitionPhaseChange(unsigned int)
WaterConcept::Screen_Processing	0	0	18	0x4a41e4	_ZN12WaterConcept8WCScreen11handleFocusEPN7Walaber6WidgetENS1_10FocusEventE	WaterConcept::WCScreen::handleFocus(Walaber::Widget*, Walaber::FocusEvent)
WaterConcept::Screen_Processing	0	0	19	0x55b978	_ZN12WaterConcept17Screen_Processing9messageRxERKN7Walaber7MessageE	WaterConcept::Screen_Processing::messageRx(Walaber::Message const&)
WaterConcept::Screen_Processing	0	0	20	0x55ba74	_ZN12WaterConcept17Screen_Processing11handleEventEiRKN7Walaber6Widget15WidgetActionRetEPS2_	WaterConcept::Screen_Processing::handleEvent(int, Walaber::Widget::WidgetActionRet const&, Walaber::Widget*)
WaterConcept::Screen_PuppetShow	0	0	0	0x55c044	_ZN12WaterConcept17Screen_PuppetShowD1Ev	WaterConcept::Screen_PuppetShow::~Screen_PuppetShow()
WaterConcept::Screen_PuppetShow	0	0	1	0x55c0a4	_ZN12WaterConcept17Screen_PuppetShowD0Ev	WaterConcept::Screen_PuppetShow::~Screen_PuppetShow()
WaterConcept::Screen_PuppetShow	0	0	2	0x55c920	_ZN12WaterConcept17Screen_PuppetShow5enterEv	WaterConcept::Screen_PuppetShow::enter()
WaterConcept::Screen_PuppetShow	0	0	3	0x55ca90	_ZN12WaterConcept17Screen_PuppetShow4exitEv	WaterConcept::Screen_PuppetShow::exit()
WaterConcept::Screen_PuppetShow	0	0	4	0x4a40b4	_ZN7Walaber10GameScreen23recreateGraphicsContextEv	Walaber::GameScreen::recreateGraphicsContext()
WaterConcept::Screen_PuppetShow	0	0	5	0x55cb08	_ZN12WaterConcept17Screen_PuppetShow12beingStackedEv	WaterConcept::Screen_PuppetShow::beingStacked()
WaterConcept::Screen_PuppetShow	0	0	6	0x55cb30	_ZN12WaterConcept17Screen_PuppetShow11regainedTopEv	WaterConcept::Screen_PuppetShow::regainedTop()
WaterConcept::Screen_PuppetShow	0	0	7	0x55cb44	_ZN12WaterConcept17Screen_PuppetShow6updateEfb	WaterConcept::Screen_PuppetShow::update(float, bool)
WaterConcept::Screen_PuppetShow	0	0	8	0x55cf20	_ZN12WaterConcept17Screen_PuppetShow4drawEi	WaterConcept::Screen_PuppetShow::draw(int)
WaterConcept::Screen_PuppetShow	0	0	9	0x55c0c8	_ZN12WaterConcept17Screen_PuppetShow16loadPropertyListERKN7Walaber12PropertyListE	WaterConcept::Screen_PuppetShow::loadPropertyList(Walaber::PropertyList const&)
WaterConcept::Screen_PuppetShow	0	0	10	0x4a40c8	_ZN12WaterConcept8WCScreen9touchDownEiN7Walaber7Vector2E	WaterConcept::WCScreen::touchDown(int, Walaber::Vector2)
WaterConcept::Screen_PuppetShow	0	0	11	0x4a411c	_ZN12WaterConcept8WCScreen10touchMovedEiN7Walaber7Vector2ES2_	WaterConcept::WCScreen::touchMoved(int, Walaber::Vector2, Walaber::Vector2)
WaterConcept::Screen_PuppetShow	0	0	12	0x4a417c	_ZN12WaterConcept8WCScreen7touchUpEiN7Walaber7Vector2E	WaterConcept::WCScreen::touchUp(int, Walaber::Vector2)
WaterConcept::Screen_PuppetShow	0	0	13	0x4a41d0	_ZN7Walaber10GameScreen9touchLostEi	Walaber::GameScreen::touchLost(int)
WaterConcept::Screen_PuppetShow	0	0	14	0x55d3f0	_ZN12WaterConcept17Screen_PuppetShow14backKeyPressedEv	WaterConcept::Screen_PuppetShow::backKeyPressed()
WaterConcept::Screen_PuppetShow	0	0	15	0x4a41d4	_ZN7Walaber10GameScreen20accelerometerChangedEfff	Walaber::GameScreen::accelerometerChanged(float, float, float)
WaterConcept::Screen_PuppetShow	0	0	16	0x4a41d8	_ZN7Walaber10GameScreen13consumesInputEv	Walaber::GameScreen::consumesInput()
WaterConcept::Screen_PuppetShow	0	0	17	0x4a41e0	_ZN7Walaber10GameScreen27notifyTransitionPhaseChangeEj	Walaber::GameScreen::notifyTransitionPhaseChange(unsigned int)
WaterConcept::Screen_PuppetShow	0	0	18	0x4a41e4	_ZN12WaterConcept8WCScreen11handleFocusEPN7Walaber6WidgetENS1_10FocusEventE	WaterConcept::WCScreen::handleFocus(Walaber::Widget*, Walaber::FocusEvent)
WaterConcept::Screen_PuppetShow	0	0	19	0x55cfb4	_ZN12WaterConcept17Screen_PuppetShow11handleEventEiRKN7Walaber6Widget15WidgetActionRetEPS2_	WaterConcept::Screen_PuppetShow::handleEvent(int, Walaber::Widget::WidgetActionRet const&, Walaber::Widget*)
WaterConcept::Screen_Settings	0	0	0	0x55d5c4	_ZN12WaterConcept15Screen_SettingsD2Ev	WaterConcept::Screen_Settings::~Screen_Settings()
WaterConcept::Screen_Settings	0	0	1	0x55d62c	_ZN12WaterConcept15Screen_SettingsD0Ev	WaterConcept::Screen_Settings::~Screen_Settings()
WaterConcept::Screen_Settings	0	0	2	0x55d678	_ZN12WaterConcept15Screen_Settings5enterEv	WaterConcept::Screen_Settings::enter()
WaterConcept::Screen_Settings	0	0	3	0x55dce4	_ZN12WaterConcept15Screen_Settings4exitEv	WaterConcept::Screen_Settings::exit()
WaterConcept::Screen_Settings	0	0	4	0x4a40b4	_ZN7Walaber10GameScreen23recreateGraphicsContextEv	Walaber::GameScreen::recreateGraphicsContext()
WaterConcept::Screen_Settings	0	0	5	0x4a40b8	_ZN12WaterConcept8WCScreen12beingStackedEv	WaterConcept::WCScreen::beingStacked()
WaterConcept::Screen_Settings	0	0	6	0x55e0e8	_ZN12WaterConcept15Screen_Settings11regainedTopEv	WaterConcept::Screen_Settings::regainedTop()
WaterConcept::Screen_Settings	0	0	7	0x55e0ec	_ZN12WaterConcept15Screen_Settings6updateEfb	WaterConcept::Screen_Settings::update(float, bool)
WaterConcept::Screen_Settings	0	0	8	0x55e5a0	_ZN12WaterConcept15Screen_Settings4drawEi	WaterConcept::Screen_Settings::draw(int)
WaterConcept::Screen_Settings	0	0	9	0x55dd98	_ZN12WaterConcept15Screen_Settings16loadPropertyListERKN7Walaber12PropertyListE	WaterConcept::Screen_Settings::loadPropertyList(Walaber::PropertyList const&)
WaterConcept::Screen_Settings	0	0	10	0x4a40c8	_ZN12WaterConcept8WCScreen9touchDownEiN7Walaber7Vector2E	WaterConcept::WCScreen::touchDown(int, Walaber::Vector2)
WaterConcept::Screen_Settings	0	0	11	0x4a411c	_ZN12WaterConcept8WCScreen10touchMovedEiN7Walaber7Vector2ES2_	WaterConcept::WCScreen::touchMoved(int, Walaber::Vector2, Walaber::Vector2)
WaterConcept::Screen_Settings	0	0	12	0x4a417c	_ZN12WaterConcept8WCScreen7touchUpEiN7Walaber7Vector2E	WaterConcept::WCScreen::touchUp(int, Walaber::Vector2)
WaterConcept::Screen_Settings	0	0	13	0x4a41d0	_ZN7Walaber10GameScreen9touchLostEi	Walaber::GameScreen::touchLost(int)
WaterConcept::Screen_Settings	0	0	14	0x560fb8	_ZN12WaterConcept15Screen_Settings14backKeyPressedEv	WaterConcept::Screen_Settings::backKeyPressed()
WaterConcept::Screen_Settings	0	0	15	0x4a41d4	_ZN7Walaber10GameScreen20accelerometerChangedEfff	Walaber::GameScreen::accelerometerChanged(float, float, float)
WaterConcept::Screen_Settings	0	0	16	0x561020	_ZN12WaterConcept15Screen_Settings13consumesInputEv	WaterConcept::Screen_Settings::consumesInput()
WaterConcept::Screen_Settings	0	0	17	0x4a41e0	_ZN7Walaber10GameScreen27notifyTransitionPhaseChangeEj	Walaber::GameScreen::notifyTransitionPhaseChange(unsigned int)
WaterConcept::Screen_Settings	0	0	18	0x4a41e4	_ZN12WaterConcept8WCScreen11handleFocusEPN7Walaber6WidgetENS1_10FocusEventE	WaterConcept::WCScreen::handleFocus(Walaber::Widget*, Walaber::FocusEvent)
WaterConcept::Screen_Settings	0	0	19	0x55e6ac	_ZN12WaterConcept15Screen_Settings11handleEventEiRKN7Walaber6Widget15WidgetActionRetEPS2_	WaterConcept::Screen_Settings::handleEvent(int, Walaber::Widget::WidgetActionRet const&, Walaber::Widget*)
WaterConcept::Screen_Settings	0	0	20	0x560304	_ZN12WaterConcept15Screen_Settings9messageRxERKN7Walaber7MessageE	WaterConcept::Screen_Settings::messageRx(Walaber::Message const&)
WaterConcept::Screen_SettingsProfile	0	0	0	0x561108	_ZN12WaterConcept22Screen_SettingsProfileD2Ev	WaterConcept::Screen_SettingsProfile::~Screen_SettingsProfile()
WaterConcept::Screen_SettingsProfile	0	0	1	0x561170	_ZN12WaterConcept22Screen_SettingsProfileD0Ev	WaterConcept::Screen_SettingsProfile::~Screen_SettingsProfile()
WaterConcept::Screen_SettingsProfile	0	0	2	0x5611bc	_ZN12WaterConcept22Screen_SettingsProfile5enterEv	WaterConcept::Screen_SettingsProfile::enter()
WaterConcept::Screen_SettingsProfile	0	0	3	0x561844	_ZN12WaterConcept22Screen_SettingsProfile4exitEv	WaterConcept::Screen_SettingsProfile::exit()
WaterConcept::Screen_SettingsProfile	0	0	4	0x4a40b4	_ZN7Walaber10GameScreen23recreateGraphicsContextEv	Walaber::GameScreen::recreateGraphicsContext()
WaterConcept::Screen_SettingsProfile	0	0	5	0x4a40b8	_ZN12WaterConcept8WCScreen12beingStackedEv	WaterConcept::WCScreen::beingStacked()
WaterConcept::Screen_SettingsProfile	0	0	6	0x561b10	_ZN12WaterConcept22Screen_SettingsProfile11regainedTopEv	WaterConcept::Screen_SettingsProfile::regainedTop()
WaterConcept::Screen_SettingsProfile	0	0	7	0x561b14	_ZN12WaterConcept22Screen_SettingsProfile6updateEfb	WaterConcept::Screen_SettingsProfile::update(float, bool)
WaterConcept::Screen_SettingsProfile	0	0	8	0x56204c	_ZN12WaterConcept22Screen_SettingsProfile4drawEi	WaterConcept::Screen_SettingsProfile::draw(int)
WaterConcept::Screen_SettingsProfile	0	0	9	0x5618f8	_ZN12WaterConcept22Screen_SettingsProfile16loadPropertyListERKN7Walaber12PropertyListE	WaterConcept::Screen_SettingsProfile::loadPropertyList(Walaber::PropertyList const&)
WaterConcept::Screen_SettingsProfile	0	0	10	0x4a40c8	_ZN12WaterConcept8WCScreen9touchDownEiN7Walaber7Vector2E	WaterConcept::WCScreen::touchDown(int, Walaber::Vector2)
WaterConcept::Screen_SettingsProfile	0	0	11	0x4a411c	_ZN12WaterConcept8WCScreen10touchMovedEiN7Walaber7Vector2ES2_	WaterConcept::WCScreen::touchMoved(int, Walaber::Vector2, Walaber::Vector2)
WaterConcept::Screen_SettingsProfile	0	0	12	0x4a417c	_ZN12WaterConcept8WCScreen7touchUpEiN7Walaber7Vector2E	WaterConcept::WCScreen::touchUp(int, Walaber::Vector2)
WaterConcept::Screen_SettingsProfile	0	0	13	0x4a41d0	_ZN7Walaber10GameScreen9touchLostEi	Walaber::GameScreen::touchLost(int)
WaterConcept::Screen_SettingsProfile	0	0	14	0x562f38	_ZN12WaterConcept22Screen_SettingsProfile14backKeyPressedEv	WaterConcept::Screen_SettingsProfile::backKeyPressed()
WaterConcept::Screen_SettingsProfile	0	0	15	0x4a41d4	_ZN7Walaber10GameScreen20accelerometerChangedEfff	Walaber::GameScreen::accelerometerChanged(float, float, float)
WaterConcept::Screen_SettingsProfile	0	0	16	0x5630d0	_ZN12WaterConcept22Screen_SettingsProfile13consumesInputEv	WaterConcept::Screen_SettingsProfile::consumesInput()
WaterConcept::Screen_SettingsProfile	0	0	17	0x4a41e0	_ZN7Walaber10GameScreen27notifyTransitionPhaseChangeEj	Walaber::GameScreen::notifyTransitionPhaseChange(unsigned int)
WaterConcept::Screen_SettingsProfile	0	0	18	0x4a41e4	_ZN12WaterConcept8WCScreen11handleFocusEPN7Walaber6WidgetENS1_10FocusEventE	WaterConcept::WCScreen::handleFocus(Walaber::Widget*, Walaber::FocusEvent)
WaterConcept::Screen_SettingsProfile	0	0	19	0x562158	_ZN12WaterConcept22Screen_SettingsProfile11handleEventEiRKN7Walaber6Widget15WidgetActionRetEPS2_	WaterConcept::Screen_SettingsProfile::handleEvent(int, Walaber::Widget::WidgetActionRet const&, Walaber::Widget*)
WaterConcept::Screen_SettingsProfile	0	0	20	0x562964	_ZN12WaterConcept22Screen_SettingsProfile9messageRxERKN7Walaber7MessageE	WaterConcept::Screen_SettingsProfile::messageRx(Walaber::Message const&)
WaterConcept::Screen_SettingsReset	0	0	0	0x5631dc	_ZN12WaterConcept20Screen_SettingsResetD1Ev	WaterConcept::Screen_SettingsReset::~Screen_SettingsReset()
WaterConcept::Screen_SettingsReset	0	0	1	0x563258	_ZN12WaterConcept20Screen_SettingsResetD0Ev	WaterConcept::Screen_SettingsReset::~Screen_SettingsReset()
WaterConcept::Screen_SettingsReset	0	0	2	0x5632a4	_ZN12WaterConcept20Screen_SettingsReset5enterEv	WaterConcept::Screen_SettingsReset::enter()
WaterConcept::Screen_SettingsReset	0	0	3	0x5639e0	_ZN12WaterConcept20Screen_SettingsReset4exitEv	WaterConcept::Screen_SettingsReset::exit()
WaterConcept::Screen_SettingsReset	0	0	4	0x4a40b4	_ZN7Walaber10GameScreen23recreateGraphicsContextEv	Walaber::GameScreen::recreateGraphicsContext()
WaterConcept::Screen_SettingsReset	0	0	5	0x4a40b8	_ZN12WaterConcept8WCScreen12beingStackedEv	WaterConcept::WCScreen::beingStacked()
WaterConcept::Screen_SettingsReset	0	0	6	0x563c54	_ZN12WaterConcept20Screen_SettingsReset11regainedTopEv	WaterConcept::Screen_SettingsReset::regainedTop()
WaterConcept::Screen_SettingsReset	0	0	7	0x563fac	_ZN12WaterConcept20Screen_SettingsReset6updateEfb	WaterConcept::Screen_SettingsReset::update(float, bool)
WaterConcept::Screen_SettingsReset	0	0	8	0x56442c	_ZN12WaterConcept20Screen_SettingsReset4drawEi	WaterConcept::Screen_SettingsReset::draw(int)
WaterConcept::Screen_SettingsReset	0	0	9	0x563a94	_ZN12WaterConcept20Screen_SettingsReset16loadPropertyListERKN7Walaber12PropertyListE	WaterConcept::Screen_SettingsReset::loadPropertyList(Walaber::PropertyList const&)
WaterConcept::Screen_SettingsReset	0	0	10	0x4a40c8	_ZN12WaterConcept8WCScreen9touchDownEiN7Walaber7Vector2E	WaterConcept::WCScreen::touchDown(int, Walaber::Vector2)
WaterConcept::Screen_SettingsReset	0	0	11	0x4a411c	_ZN12WaterConcept8WCScreen10touchMovedEiN7Walaber7Vector2ES2_	WaterConcept::WCScreen::touchMoved(int, Walaber::Vector2, Walaber::Vector2)
WaterConcept::Screen_SettingsReset	0	0	12	0x4a417c	_ZN12WaterConcept8WCScreen7touchUpEiN7Walaber7Vector2E	WaterConcept::WCScreen::touchUp(int, Walaber::Vector2)
WaterConcept::Screen_SettingsReset	0	0	13	0x4a41d0	_ZN7Walaber10GameScreen9touchLostEi	Walaber::GameScreen::touchLost(int)
WaterConcept::Screen_SettingsReset	0	0	14	0x56547c	_ZN12WaterConcept20Screen_SettingsReset14backKeyPressedEv	WaterConcept::Screen_SettingsReset::backKeyPressed()
WaterConcept::Screen_SettingsReset	0	0	15	0x4a41d4	_ZN7Walaber10GameScreen20accelerometerChangedEfff	Walaber::GameScreen::accelerometerChanged(float, float, float)
WaterConcept::Screen_SettingsReset	0	0	16	0x5654b4	_ZN12WaterConcept20Screen_SettingsReset13consumesInputEv	WaterConcept::Screen_SettingsReset::consumesInput()
WaterConcept::Screen_SettingsReset	0	0	17	0x4a41e0	_ZN7Walaber10GameScreen27notifyTransitionPhaseChangeEj	Walaber::GameScreen::notifyTransitionPhaseChange(unsigned int)
WaterConcept::Screen_SettingsReset	0	0	18	0x4a41e4	_ZN12WaterConcept8WCScreen11handleFocusEPN7Walaber6WidgetENS1_10FocusEventE	WaterConcept::WCScreen::handleFocus(Walaber::Widget*, Walaber::FocusEvent)
WaterConcept::Screen_SettingsReset	0	0	19	0x564538	_ZN12WaterConcept20Screen_SettingsReset11handleEventEiRKN7Walaber6Widget15WidgetActionRetEPS2_	WaterConcept::Screen_SettingsReset::handleEvent(int, Walaber::Widget::WidgetActionRet const&, Walaber::Widget*)
WaterConcept::Screen_SettingsReset	0	0	20	0x564970	_ZN12WaterConcept20Screen_SettingsReset9messageRxERKN7Walaber7MessageE	WaterConcept::Screen_SettingsReset::messageRx(Walaber::Message const&)
WaterConcept::Screen_Sunset	0	0	0	0x56557c	_ZN12WaterConcept13Screen_SunsetD1Ev	WaterConcept::Screen_Sunset::~Screen_Sunset()
WaterConcept::Screen_Sunset	0	0	1	0x5655d8	_ZN12WaterConcept13Screen_SunsetD0Ev	WaterConcept::Screen_Sunset::~Screen_Sunset()
WaterConcept::Screen_Sunset	0	0	2	0x565624	_ZN12WaterConcept13Screen_Sunset5enterEv	WaterConcept::Screen_Sunset::enter()
WaterConcept::Screen_Sunset	0	0	3	0x565b08	_ZN12WaterConcept13Screen_Sunset4exitEv	WaterConcept::Screen_Sunset::exit()
WaterConcept::Screen_Sunset	0	0	4	0x4a40b4	_ZN7Walaber10GameScreen23recreateGraphicsContextEv	Walaber::GameScreen::recreateGraphicsContext()
WaterConcept::Screen_Sunset	0	0	5	0x4a40b8	_ZN12WaterConcept8WCScreen12beingStackedEv	WaterConcept::WCScreen::beingStacked()
WaterConcept::Screen_Sunset	0	0	6	0x565b0c	_ZN12WaterConcept13Screen_Sunset11regainedTopEv	WaterConcept::Screen_Sunset::regainedTop()
WaterConcept::Screen_Sunset	0	0	7	0x565b10	_ZN12WaterConcept13Screen_Sunset6updateEfb	WaterConcept::Screen_Sunset::update(float, bool)
WaterConcept::Screen_Sunset	0	0	8	0x565b18	_ZN12WaterConcept13Screen_Sunset4drawEi	WaterConcept::Screen_Sunset::draw(int)
WaterConcept::Screen_Sunset	0	0	9	0x566c64	_ZN12WaterConcept13Screen_Sunset16loadPropertyListERKN7Walaber12PropertyListE	WaterConcept::Screen_Sunset::loadPropertyList(Walaber::PropertyList const&)
WaterConcept::Screen_Sunset	0	0	10	0x4a40c8	_ZN12WaterConcept8WCScreen9touchDownEiN7Walaber7Vector2E	WaterConcept::WCScreen::touchDown(int, Walaber::Vector2)
WaterConcept::Screen_Sunset	0	0	11	0x4a411c	_ZN12WaterConcept8WCScreen10touchMovedEiN7Walaber7Vector2ES2_	WaterConcept::WCScreen::touchMoved(int, Walaber::Vector2, Walaber::Vector2)
WaterConcept::Screen_Sunset	0	0	12	0x4a417c	_ZN12WaterConcept8WCScreen7touchUpEiN7Walaber7Vector2E	WaterConcept::WCScreen::touchUp(int, Walaber::Vector2)
WaterConcept::Screen_Sunset	0	0	13	0x4a41d0	_ZN7Walaber10GameScreen9touchLostEi	Walaber::GameScreen::touchLost(int)
WaterConcept::Screen_Sunset	0	0	14	0x566a70	_ZN12WaterConcept13Screen_Sunset14backKeyPressedEv	WaterConcept::Screen_Sunset::backKeyPressed()
WaterConcept::Screen_Sunset	0	0	15	0x4a41d4	_ZN7Walaber10GameScreen20accelerometerChangedEfff	Walaber::GameScreen::accelerometerChanged(float, float, float)
WaterConcept::Screen_Sunset	0	0	16	0x4a41d8	_ZN7Walaber10GameScreen13consumesInputEv	Walaber::GameScreen::consumesInput()
WaterConcept::Screen_Sunset	0	0	17	0x4a41e0	_ZN7Walaber10GameScreen27notifyTransitionPhaseChangeEj	Walaber::GameScreen::notifyTransitionPhaseChange(unsigned int)
WaterConcept::Screen_Sunset	0	0	18	0x4a41e4	_ZN12WaterConcept8WCScreen11handleFocusEPN7Walaber6WidgetENS1_10FocusEventE	WaterConcept::WCScreen::handleFocus(Walaber::Widget*, Walaber::FocusEvent)
WaterConcept::Screen_Sunset	0	0	19	0x565bac	_ZN12WaterConcept13Screen_Sunset11handleEventEiRKN7Walaber6Widget15WidgetActionRetEPS2_	WaterConcept::Screen_Sunset::handleEvent(int, Walaber::Widget::WidgetActionRet const&, Walaber::Widget*)
WaterConcept::Screen_Sunset	0	0	20	0x565f10	_ZN12WaterConcept13Screen_Sunset9messageRxERKN7Walaber7MessageE	WaterConcept::Screen_Sunset::messageRx(Walaber::Message const&)
WaterConcept::Screen_Upsell	0	0	0	0x566d2c	_ZN12WaterConcept13Screen_UpsellD2Ev	WaterConcept::Screen_Upsell::~Screen_Upsell()
WaterConcept::Screen_Upsell	0	0	1	0x566d88	_ZN12WaterConcept13Screen_UpsellD0Ev	WaterConcept::Screen_Upsell::~Screen_Upsell()
WaterConcept::Screen_Upsell	0	0	2	0x566dd4	_ZN12WaterConcept13Screen_Upsell5enterEv	WaterConcept::Screen_Upsell::enter()
WaterConcept::Screen_Upsell	0	0	3	0x567238	_ZN12WaterConcept13Screen_Upsell4exitEv	WaterConcept::Screen_Upsell::exit()
WaterConcept::Screen_Upsell	0	0	4	0x4a40b4	_ZN7Walaber10GameScreen23recreateGraphicsContextEv	Walaber::GameScreen::recreateGraphicsContext()
WaterConcept::Screen_Upsell	0	0	5	0x4a40b8	_ZN12WaterConcept8WCScreen12beingStackedEv	WaterConcept::WCScreen::beingStacked()
WaterConcept::Screen_Upsell	0	0	6	0x56724c	_ZN12WaterConcept13Screen_Upsell11regainedTopEv	WaterConcept::Screen_Upsell::regainedTop()
WaterConcept::Screen_Upsell	0	0	7	0x567250	_ZN12WaterConcept13Screen_Upsell6updateEfb	WaterConcept::Screen_Upsell::update(float, bool)
WaterConcept::Screen_Upsell	0	0	8	0x567258	_ZN12WaterConcept13Screen_Upsell4drawEi	WaterConcept::Screen_Upsell::draw(int)
WaterConcept::Screen_Upsell	0	0	9	0x568560	_ZN12WaterConcept13Screen_Upsell16loadPropertyListERKN7Walaber12PropertyListE	WaterConcept::Screen_Upsell::loadPropertyList(Walaber::PropertyList const&)
WaterConcept::Screen_Upsell	0	0	10	0x4a40c8	_ZN12WaterConcept8WCScreen9touchDownEiN7Walaber7Vector2E	WaterConcept::WCScreen::touchDown(int, Walaber::Vector2)
WaterConcept::Screen_Upsell	0	0	11	0x4a411c	_ZN12WaterConcept8WCScreen10touchMovedEiN7Walaber7Vector2ES2_	WaterConcept::WCScreen::touchMoved(int, Walaber::Vector2, Walaber::Vector2)
WaterConcept::Screen_Upsell	0	0	12	0x4a417c	_ZN12WaterConcept8WCScreen7touchUpEiN7Walaber7Vector2E	WaterConcept::WCScreen::touchUp(int, Walaber::Vector2)
WaterConcept::Screen_Upsell	0	0	13	0x4a41d0	_ZN7Walaber10GameScreen9touchLostEi	Walaber::GameScreen::touchLost(int)
WaterConcept::Screen_Upsell	0	0	14	0x568464	_ZN12WaterConcept13Screen_Upsell14backKeyPressedEv	WaterConcept::Screen_Upsell::backKeyPressed()
WaterConcept::Screen_Upsell	0	0	15	0x4a41d4	_ZN7Walaber10GameScreen20accelerometerChangedEfff	Walaber::GameScreen::accelerometerChanged(float, float, float)
WaterConcept::Screen_Upsell	0	0	16	0x4a41d8	_ZN7Walaber10GameScreen13consumesInputEv	Walaber::GameScreen::consumesInput()
WaterConcept::Screen_Upsell	0	0	17	0x4a41e0	_ZN7Walaber10GameScreen27notifyTransitionPhaseChangeEj	Walaber::GameScreen::notifyTransitionPhaseChange(unsigned int)
WaterConcept::Screen_Upsell	0	0	18	0x4a41e4	_ZN12WaterConcept8WCScreen11handleFocusEPN7Walaber6WidgetENS1_10FocusEventE	WaterConcept::WCScreen::handleFocus(Walaber::Widget*, Walaber::FocusEvent)
WaterConcept::Screen_Upsell	0	0	19	0x5672ec	_ZN12WaterConcept13Screen_Upsell11handleEventEiRKN7Walaber6Widget15WidgetActionRetEPS2_	WaterConcept::Screen_Upsell::handleEvent(int, Walaber::Widget::WidgetActionRet const&, Walaber::Widget*)
WaterConcept::Screen_Upsell	0	0	20	0x567650	_ZN12WaterConcept13Screen_Upsell9messageRxERKN7Walaber7MessageE	WaterConcept::Screen_Upsell::messageRx(Walaber::Message const&)
WaterConcept::Screen_UpsellWater2	0	0	0	0x568630	_ZN12WaterConcept19Screen_UpsellWater2D2Ev	WaterConcept::Screen_UpsellWater2::~Screen_UpsellWater2()
WaterConcept::Screen_UpsellWater2	0	0	1	0x5686ac	_ZN12WaterConcept19Screen_UpsellWater2D0Ev	WaterConcept::Screen_UpsellWater2::~Screen_UpsellWater2()
WaterConcept::Screen_UpsellWater2	0	0	2	0x5686fc	_ZN12WaterConcept19Screen_UpsellWater25enterEv	WaterConcept::Screen_UpsellWater2::enter()
WaterConcept::Screen_UpsellWater2	0	0	3	0x568b3c	_ZN12WaterConcept19Screen_UpsellWater24exitEv	WaterConcept::Screen_UpsellWater2::exit()
WaterConcept::Screen_UpsellWater2	0	0	4	0x4a40b4	_ZN7Walaber10GameScreen23recreateGraphicsContextEv	Walaber::GameScreen::recreateGraphicsContext()
WaterConcept::Screen_UpsellWater2	0	0	5	0x4a40b8	_ZN12WaterConcept8WCScreen12beingStackedEv	WaterConcept::WCScreen::beingStacked()
WaterConcept::Screen_UpsellWater2	0	0	6	0x4a42d4	_ZN7Walaber10GameScreen11regainedTopEv	Walaber::GameScreen::regainedTop()
WaterConcept::Screen_UpsellWater2	0	0	7	0x568b44	_ZN12WaterConcept19Screen_UpsellWater26updateEfb	WaterConcept::Screen_UpsellWater2::update(float, bool)
WaterConcept::Screen_UpsellWater2	0	0	8	0x568f8c	_ZN12WaterConcept19Screen_UpsellWater24drawEi	WaterConcept::Screen_UpsellWater2::draw(int)
WaterConcept::Screen_UpsellWater2	0	0	9	0x5686f8	_ZN12WaterConcept19Screen_UpsellWater216loadPropertyListERKN7Walaber12PropertyListE	WaterConcept::Screen_UpsellWater2::loadPropertyList(Walaber::PropertyList const&)
WaterConcept::Screen_UpsellWater2	0	0	10	0x4a40c8	_ZN12WaterConcept8WCScreen9touchDownEiN7Walaber7Vector2E	WaterConcept::WCScreen::touchDown(int, Walaber::Vector2)
WaterConcept::Screen_UpsellWater2	0	0	11	0x4a411c	_ZN12WaterConcept8WCScreen10touchMovedEiN7Walaber7Vector2ES2_	WaterConcept::WCScreen::touchMoved(int, Walaber::Vector2, Walaber::Vector2)
WaterConcept::Screen_UpsellWater2	0	0	12	0x4a417c	_ZN12WaterConcept8WCScreen7touchUpEiN7Walaber7Vector2E	WaterConcept::WCScreen::touchUp(int, Walaber::Vector2)
WaterConcept::Screen_UpsellWater2	0	0	13	0x4a41d0	_ZN7Walaber10GameScreen9touchLostEi	Walaber::GameScreen::touchLost(int)
WaterConcept::Screen_UpsellWater2	0	0	14	0x56a0d0	_ZN12WaterConcept19Screen_UpsellWater214backKeyPressedEv	WaterConcept::Screen_UpsellWater2::backKeyPressed()
WaterConcept::Screen_UpsellWater2	0	0	15	0x4a41d4	_ZN7Walaber10GameScreen20accelerometerChangedEfff	Walaber::GameScreen::accelerometerChanged(float, float, float)
WaterConcept::Screen_UpsellWater2	0	0	16	0x4a41d8	_ZN7Walaber10GameScreen13consumesInputEv	Walaber::GameScreen::consumesInput()
WaterConcept::Screen_UpsellWater2	0	0	17	0x4a41e0	_ZN7Walaber10GameScreen27notifyTransitionPhaseChangeEj	Walaber::GameScreen::notifyTransitionPhaseChange(unsigned int)
WaterConcept::Screen_UpsellWater2	0	0	18	0x569540	_ZN12WaterConcept19Screen_UpsellWater211handleFocusEPN7Walaber6WidgetENS1_10FocusEventE	WaterConcept::Screen_UpsellWater2::handleFocus(Walaber::Widget*, Walaber::FocusEvent)
WaterConcept::Screen_UpsellWater2	0	0	19	0x569070	_ZN12WaterConcept19Screen_UpsellWater211handleEventEiRKN7Walaber6Widget15WidgetActionRetEPS2_	WaterConcept::Screen_UpsellWater2::handleEvent(int, Walaber::Widget::WidgetActionRet const&, Walaber::Widget*)
WaterConcept::Screen_UpsellWater2	0	0	20	0x569540	_ZN12WaterConcept19Screen_UpsellWater211handleFocusEPN7Walaber6WidgetENS1_10FocusEventE	WaterConcept::Screen_UpsellWater2::handleFocus(Walaber::Widget*, Walaber::FocusEvent)
WaterConcept::Screen_WaterTest	0	0	0	0x56af74	_ZN12WaterConcept16Screen_WaterTestD1Ev	WaterConcept::Screen_WaterTest::~Screen_WaterTest()
WaterConcept::Screen_WaterTest	0	0	1	0x56b244	_ZN12WaterConcept16Screen_WaterTestD0Ev	WaterConcept::Screen_WaterTest::~Screen_WaterTest()
WaterConcept::Screen_WaterTest	0	0	2	0x56e6f4	_ZN12WaterConcept16Screen_WaterTest5enterEv	WaterConcept::Screen_WaterTest::enter()
WaterConcept::Screen_WaterTest	0	0	3	0x571594	_ZN12WaterConcept16Screen_WaterTest4exitEv	WaterConcept::Screen_WaterTest::exit()
WaterConcept::Screen_WaterTest	0	0	4	0x571738	_ZN12WaterConcept16Screen_WaterTest23recreateGraphicsContextEv	WaterConcept::Screen_WaterTest::recreateGraphicsContext()
WaterConcept::Screen_WaterTest	0	0	5	0x585c30	_ZN12WaterConcept16Screen_WaterTest12beingStackedEv	WaterConcept::Screen_WaterTest::beingStacked()
WaterConcept::Screen_WaterTest	0	0	6	0x585ef0	_ZN12WaterConcept16Screen_WaterTest11regainedTopEv	WaterConcept::Screen_WaterTest::regainedTop()
WaterConcept::Screen_WaterTest	0	0	7	0x571800	_ZN12WaterConcept16Screen_WaterTest6updateEfb	WaterConcept::Screen_WaterTest::update(float, bool)
WaterConcept::Screen_WaterTest	0	0	8	0x57ea44	_ZN12WaterConcept16Screen_WaterTest4drawEi	WaterConcept::Screen_WaterTest::draw(int)
WaterConcept::Screen_WaterTest	0	0	9	0x56b290	_ZN12WaterConcept16Screen_WaterTest16loadPropertyListERKN7Walaber12PropertyListE	WaterConcept::Screen_WaterTest::loadPropertyList(Walaber::PropertyList const&)
WaterConcept::Screen_WaterTest	0	0	10	0x588480	_ZN12WaterConcept16Screen_WaterTest9touchDownEiN7Walaber7Vector2E	WaterConcept::Screen_WaterTest::touchDown(int, Walaber::Vector2)
WaterConcept::Screen_WaterTest	0	0	11	0x5884d4	_ZN12WaterConcept16Screen_WaterTest10touchMovedEiN7Walaber7Vector2ES2_	WaterConcept::Screen_WaterTest::touchMoved(int, Walaber::Vector2, Walaber::Vector2)
WaterConcept::Screen_WaterTest	0	0	12	0x588530	_ZN12WaterConcept16Screen_WaterTest7touchUpEiN7Walaber7Vector2E	WaterConcept::Screen_WaterTest::touchUp(int, Walaber::Vector2)
WaterConcept::Screen_WaterTest	0	0	13	0x4a41d0	_ZN7Walaber10GameScreen9touchLostEi	Walaber::GameScreen::touchLost(int)
WaterConcept::Screen_WaterTest	0	0	14	0x589aa4	_ZN12WaterConcept16Screen_WaterTest14backKeyPressedEv	WaterConcept::Screen_WaterTest::backKeyPressed()
WaterConcept::Screen_WaterTest	0	0	15	0x57fcd8	_ZN12WaterConcept16Screen_WaterTest20accelerometerChangedEfff	WaterConcept::Screen_WaterTest::accelerometerChanged(float, float, float)
WaterConcept::Screen_WaterTest	0	0	16	0x4a41d8	_ZN7Walaber10GameScreen13consumesInputEv	Walaber::GameScreen::consumesInput()
WaterConcept::Screen_WaterTest	0	0	17	0x4a41e0	_ZN7Walaber10GameScreen27notifyTransitionPhaseChangeEj	Walaber::GameScreen::notifyTransitionPhaseChange(unsigned int)
WaterConcept::Screen_WaterTest	0	0	18	0x5885ac	_ZN12WaterConcept16Screen_WaterTest11handleFocusEPN7Walaber6WidgetENS1_10FocusEventE	WaterConcept::Screen_WaterTest::handleFocus(Walaber::Widget*, Walaber::FocusEvent)
WaterConcept::Screen_WaterTest	0	0	19	0x5861e4	_ZN12WaterConcept16Screen_WaterTest11handleEventEiRKN7Walaber6Widget15WidgetActionRetEPS2_	WaterConcept::Screen_WaterTest::handleEvent(int, Walaber::Widget::WidgetActionRet const&, Walaber::Widget*)
WaterConcept::Screen_WaterTest	0	0	20	0x588658	_ZN12WaterConcept16Screen_WaterTest9messageRxERKN7Walaber7MessageE	WaterConcept::Screen_WaterTest::messageRx(Walaber::Message const&)
WaterConcept::Screen_WorldSelect	0	0	0	0x58aff8	_ZN12WaterConcept18Screen_WorldSelectD1Ev	WaterConcept::Screen_WorldSelect::~Screen_WorldSelect()
WaterConcept::Screen_WorldSelect	0	0	1	0x58b128	_ZN12WaterConcept18Screen_WorldSelectD0Ev	WaterConcept::Screen_WorldSelect::~Screen_WorldSelect()
WaterConcept::Screen_WorldSelect	0	0	2	0x58b458	_ZN12WaterConcept18Screen_WorldSelect5enterEv	WaterConcept::Screen_WorldSelect::enter()
WaterConcept::Screen_WorldSelect	0	0	3	0x5902d0	_ZN12WaterConcept18Screen_WorldSelect4exitEv	WaterConcept::Screen_WorldSelect::exit()
WaterConcept::Screen_WorldSelect	0	0	4	0x4a40b4	_ZN7Walaber10GameScreen23recreateGraphicsContextEv	Walaber::GameScreen::recreateGraphicsContext()
WaterConcept::Screen_WorldSelect	0	0	5	0x592a48	_ZN12WaterConcept18Screen_WorldSelect12beingStackedEv	WaterConcept::Screen_WorldSelect::beingStacked()
WaterConcept::Screen_WorldSelect	0	0	6	0x592a50	_ZN12WaterConcept18Screen_WorldSelect11regainedTopEv	WaterConcept::Screen_WorldSelect::regainedTop()
WaterConcept::Screen_WorldSelect	0	0	7	0x5902d4	_ZN12WaterConcept18Screen_WorldSelect6updateEfb	WaterConcept::Screen_WorldSelect::update(float, bool)
WaterConcept::Screen_WorldSelect	0	0	8	0x592884	_ZN12WaterConcept18Screen_WorldSelect4drawEi	WaterConcept::Screen_WorldSelect::draw(int)
WaterConcept::Screen_WorldSelect	0	0	9	0x58b174	_ZN12WaterConcept18Screen_WorldSelect16loadPropertyListERKN7Walaber12PropertyListE	WaterConcept::Screen_WorldSelect::loadPropertyList(Walaber::PropertyList const&)
WaterConcept::Screen_WorldSelect	0	0	10	0x5a2794	_ZN12WaterConcept18Screen_WorldSelect9touchDownEiN7Walaber7Vector2E	WaterConcept::Screen_WorldSelect::touchDown(int, Walaber::Vector2)
WaterConcept::Screen_WorldSelect	0	0	11	0x5a27f0	_ZN12WaterConcept18Screen_WorldSelect10touchMovedEiN7Walaber7Vector2ES2_	WaterConcept::Screen_WorldSelect::touchMoved(int, Walaber::Vector2, Walaber::Vector2)
WaterConcept::Screen_WorldSelect	0	0	12	0x5a2858	_ZN12WaterConcept18Screen_WorldSelect7touchUpEiN7Walaber7Vector2E	WaterConcept::Screen_WorldSelect::touchUp(int, Walaber::Vector2)
WaterConcept::Screen_WorldSelect	0	0	13	0x4a41d0	_ZN7Walaber10GameScreen9touchLostEi	Walaber::GameScreen::touchLost(int)
WaterConcept::Screen_WorldSelect	0	0	14	0x5a2654	_ZN12WaterConcept18Screen_WorldSelect14backKeyPressedEv	WaterConcept::Screen_WorldSelect::backKeyPressed()
WaterConcept::Screen_WorldSelect	0	0	15	0x4a41d4	_ZN7Walaber10GameScreen20accelerometerChangedEfff	Walaber::GameScreen::accelerometerChanged(float, float, float)
WaterConcept::Screen_WorldSelect	0	0	16	0x4a41d8	_ZN7Walaber10GameScreen13consumesInputEv	Walaber::GameScreen::consumesInput()
WaterConcept::Screen_WorldSelect	0	0	17	0x4a41e0	_ZN7Walaber10GameScreen27notifyTransitionPhaseChangeEj	Walaber::GameScreen::notifyTransitionPhaseChange(unsigned int)
WaterConcept::Screen_WorldSelect	0	0	18	0x4a41e4	_ZN12WaterConcept8WCScreen11handleFocusEPN7Walaber6WidgetENS1_10FocusEventE	WaterConcept::WCScreen::handleFocus(Walaber::Widget*, Walaber::FocusEvent)
WaterConcept::Screen_WorldSelect	0	0	19	0x592a54	_ZN12WaterConcept18Screen_WorldSelect11handleEventEiRKN7Walaber6Widget15WidgetActionRetEPS2_	WaterConcept::Screen_WorldSelect::handleEvent(int, Walaber::Widget::WidgetActionRet const&, Walaber::Widget*)
WaterConcept::Screen_WorldSelect	0	0	20	0x5980c4	_ZN12WaterConcept18Screen_WorldSelect9messageRxERKN7Walaber7MessageE	WaterConcept::Screen_WorldSelect::messageRx(Walaber::Message const&)
WaterConcept::Spout	0	0	0	0x48b97c	_ZN12WaterConcept5SpoutD1Ev	WaterConcept::Spout::~Spout()
WaterConcept::Spout	0	0	1	0x48ba10	_ZN12WaterConcept5SpoutD0Ev	WaterConcept::Spout::~Spout()
WaterConcept::Spout	0	0	2	0x4775d0	_ZN12WaterConcept17InteractiveObject16setLocalPositionERKN7Walaber7Vector2E	WaterConcept::InteractiveObject::setLocalPosition(Walaber::Vector2 const&)
WaterConcept::Spout	0	0	3	0x4775f8	_ZN12WaterConcept17InteractiveObject13setLocalScaleERKN7Walaber7Vector2E	WaterConcept::InteractiveObject::setLocalScale(Walaber::Vector2 const&)
WaterConcept::Spout	0	0	4	0x477620	_ZN12WaterConcept17InteractiveObject13setLocalAngleERKf	WaterConcept::InteractiveObject::setLocalAngle(float const&)
WaterConcept::Spout	0	0	5	0x3ea9c4	_ZN7Walaber4Node19applyPositionOffsetERKNS_7Vector2E	Walaber::Node::applyPositionOffset(Walaber::Vector2 const&)
WaterConcept::Spout	0	0	6	0x3ea9dc	_ZN7Walaber4Node16applyScaleOffsetERKNS_7Vector2E	Walaber::Node::applyScaleOffset(Walaber::Vector2 const&)
WaterConcept::Spout	0	0	7	0x3eaa2c	_ZN7Walaber4Node16applyAngleOffsetERKf	Walaber::Node::applyAngleOffset(float const&)
WaterConcept::Spout	0	0	8	0x35cd2c	_ZN7Walaber12DrawableNode8setLayerEi	Walaber::DrawableNode::setLayer(int)
WaterConcept::Spout	0	0	9	0x477648	_ZN12WaterConcept17InteractiveObject4drawEPN7Walaber11SpriteBatchE	WaterConcept::InteractiveObject::draw(Walaber::SpriteBatch*)
WaterConcept::Spout	0	0	10	0x48ba34	_ZN12WaterConcept5Spout13setPropertiesERKN7Walaber12PropertyListE	WaterConcept::Spout::setProperties(Walaber::PropertyList const&)
WaterConcept::Spout	0	0	11	0x48e100	_ZN12WaterConcept5Spout18isLowTouchPriorityEv	WaterConcept::Spout::isLowTouchPriority()
WaterConcept::Spout	0	0	12	0x48c760	_ZN12WaterConcept5Spout6updateEf	WaterConcept::Spout::update(float)
WaterConcept::Spout	0	0	13	0x487084	_ZN12WaterConcept17InteractiveObject14drawBackgroundEPN7Walaber11SpriteBatchEbf	WaterConcept::InteractiveObject::drawBackground(Walaber::SpriteBatch*, bool, float)
WaterConcept::Spout	0	0	14	0x487b28	_ZN12WaterConcept17InteractiveObject4drawEPN7Walaber11SpriteBatchEbf	WaterConcept::InteractiveObject::draw(Walaber::SpriteBatch*, bool, float)
WaterConcept::Spout	0	0	15	0x487b24	_ZN12WaterConcept17InteractiveObject14drawForegroundEPN7Walaber11SpriteBatchEbf	WaterConcept::InteractiveObject::drawForeground(Walaber::SpriteBatch*, bool, float)
WaterConcept::Spout	0	0	16	0x48d430	_ZN12WaterConcept5Spout19particleHasCollidedEPNS_6FluidsERKNS_19ParticleDescriptionEiRb	WaterConcept::Spout::particleHasCollided(WaterConcept::Fluids*, WaterConcept::ParticleDescription const&, int, bool&)
WaterConcept::Spout	0	0	17	0x48da7c	_ZN12WaterConcept5Spout15handleTouchDownERKN7Walaber7Vector2E	WaterConcept::Spout::handleTouchDown(Walaber::Vector2 const&)
WaterConcept::Spout	0	0	18	0x48dac0	_ZN12WaterConcept5Spout16handleTouchMovedERKN7Walaber7Vector2ES4_	WaterConcept::Spout::handleTouchMoved(Walaber::Vector2 const&, Walaber::Vector2 const&)
WaterConcept::Spout	0	0	19	0x48dac4	_ZN12WaterConcept5Spout13handleTouchUpERKN7Walaber7Vector2E	WaterConcept::Spout::handleTouchUp(Walaber::Vector2 const&)
WaterConcept::Spout	0	0	20	0x48db04	_ZN12WaterConcept5Spout15handleLostTouchEv	WaterConcept::Spout::handleLostTouch()
WaterConcept::Spout	0	0	21	0x477670	_ZN12WaterConcept17InteractiveObject18getTouchRadiusSlopEv	WaterConcept::InteractiveObject::getTouchRadiusSlop()
WaterConcept::Spout	0	0	22	0x477680	_ZN12WaterConcept17InteractiveObject12_initFromXMLEP7_xmlDocP8_xmlNode	WaterConcept::InteractiveObject::_initFromXML(_xmlDoc*, _xmlNode*)
WaterConcept::Spout	0	0	23	0x48e108	_ZN12WaterConcept5Spout13_initFinishedEv	WaterConcept::Spout::_initFinished()
WaterConcept::Spout	0	0	24	0x477684	_ZN12WaterConcept17InteractiveObject16_spriteHasLoadedEPN7Walaber6SpriteE	WaterConcept::InteractiveObject::_spriteHasLoaded(Walaber::Sprite*)
WaterConcept::Spout	0	0	25	0x489170	_ZN12WaterConcept17InteractiveObject18_updateGlobalShapeEb	WaterConcept::InteractiveObject::_updateGlobalShape(bool)
WaterConcept::Spout	0	0	26	0x48db0c	_ZN12WaterConcept5Spout12addParticlesERKNS_19ParticleDescriptionEiNS_11YSwitchPortEif	WaterConcept::Spout::addParticles(WaterConcept::ParticleDescription const&, int, WaterConcept::YSwitchPort, int, float)
WaterConcept::StarSeed	0	0	0	0x48fe24	_ZN12WaterConcept8StarSeedD2Ev	WaterConcept::StarSeed::~StarSeed()
WaterConcept::StarSeed	0	0	1	0x48fec4	_ZN12WaterConcept8StarSeedD0Ev	WaterConcept::StarSeed::~StarSeed()
WaterConcept::StarSeed	0	0	2	0x4775d0	_ZN12WaterConcept17InteractiveObject16setLocalPositionERKN7Walaber7Vector2E	WaterConcept::InteractiveObject::setLocalPosition(Walaber::Vector2 const&)
WaterConcept::StarSeed	0	0	3	0x4775f8	_ZN12WaterConcept17InteractiveObject13setLocalScaleERKN7Walaber7Vector2E	WaterConcept::InteractiveObject::setLocalScale(Walaber::Vector2 const&)
WaterConcept::StarSeed	0	0	4	0x477620	_ZN12WaterConcept17InteractiveObject13setLocalAngleERKf	WaterConcept::InteractiveObject::setLocalAngle(float const&)
WaterConcept::StarSeed	0	0	5	0x3ea9c4	_ZN7Walaber4Node19applyPositionOffsetERKNS_7Vector2E	Walaber::Node::applyPositionOffset(Walaber::Vector2 const&)
WaterConcept::StarSeed	0	0	6	0x3ea9dc	_ZN7Walaber4Node16applyScaleOffsetERKNS_7Vector2E	Walaber::Node::applyScaleOffset(Walaber::Vector2 const&)
WaterConcept::StarSeed	0	0	7	0x3eaa2c	_ZN7Walaber4Node16applyAngleOffsetERKf	Walaber::Node::applyAngleOffset(float const&)
WaterConcept::StarSeed	0	0	8	0x35cd2c	_ZN7Walaber12DrawableNode8setLayerEi	Walaber::DrawableNode::setLayer(int)
WaterConcept::StarSeed	0	0	9	0x477648	_ZN12WaterConcept17InteractiveObject4drawEPN7Walaber11SpriteBatchE	WaterConcept::InteractiveObject::draw(Walaber::SpriteBatch*)
WaterConcept::StarSeed	0	0	10	0x490518	_ZN12WaterConcept8StarSeed13setPropertiesERKN7Walaber12PropertyListE	WaterConcept::StarSeed::setProperties(Walaber::PropertyList const&)
WaterConcept::StarSeed	0	0	11	0x477660	_ZN12WaterConcept17InteractiveObject18isLowTouchPriorityEv	WaterConcept::InteractiveObject::isLowTouchPriority()
WaterConcept::StarSeed	0	0	12	0x4912b4	_ZN12WaterConcept8StarSeed6updateEf	WaterConcept::StarSeed::update(float)
WaterConcept::StarSeed	0	0	13	0x487084	_ZN12WaterConcept17InteractiveObject14drawBackgroundEPN7Walaber11SpriteBatchEbf	WaterConcept::InteractiveObject::drawBackground(Walaber::SpriteBatch*, bool, float)
WaterConcept::StarSeed	0	0	14	0x4932dc	_ZN12WaterConcept8StarSeed4drawEPN7Walaber11SpriteBatchEbf	WaterConcept::StarSeed::draw(Walaber::SpriteBatch*, bool, float)
WaterConcept::StarSeed	0	0	15	0x4934b4	_ZN12WaterConcept8StarSeed14drawForegroundEPN7Walaber11SpriteBatchEbf	WaterConcept::StarSeed::drawForeground(Walaber::SpriteBatch*, bool, float)
WaterConcept::StarSeed	0	0	16	0x4940b0	_ZN12WaterConcept8StarSeed19particleHasCollidedEPNS_6FluidsERKNS_19ParticleDescriptionEiRb	WaterConcept::StarSeed::particleHasCollided(WaterConcept::Fluids*, WaterConcept::ParticleDescription const&, int, bool&)
WaterConcept::StarSeed	0	0	17	0x488c24	_ZN12WaterConcept17InteractiveObject15handleTouchDownERKN7Walaber7Vector2E	WaterConcept::InteractiveObject::handleTouchDown(Walaber::Vector2 const&)
WaterConcept::StarSeed	0	0	18	0x488cc8	_ZN12WaterConcept17InteractiveObject16handleTouchMovedERKN7Walaber7Vector2ES4_	WaterConcept::InteractiveObject::handleTouchMoved(Walaber::Vector2 const&, Walaber::Vector2 const&)
WaterConcept::StarSeed	0	0	19	0x488d9c	_ZN12WaterConcept17InteractiveObject13handleTouchUpERKN7Walaber7Vector2E	WaterConcept::InteractiveObject::handleTouchUp(Walaber::Vector2 const&)
WaterConcept::StarSeed	0	0	20	0x477668	_ZN12WaterConcept17InteractiveObject15handleLostTouchEv	WaterConcept::InteractiveObject::handleLostTouch()
WaterConcept::StarSeed	0	0	21	0x477670	_ZN12WaterConcept17InteractiveObject18getTouchRadiusSlopEv	WaterConcept::InteractiveObject::getTouchRadiusSlop()
WaterConcept::StarSeed	0	0	22	0x477680	_ZN12WaterConcept17InteractiveObject12_initFromXMLEP7_xmlDocP8_xmlNode	WaterConcept::InteractiveObject::_initFromXML(_xmlDoc*, _xmlNode*)
WaterConcept::StarSeed	0	0	23	0x48fee8	_ZN12WaterConcept8StarSeed13_initFinishedEv	WaterConcept::StarSeed::_initFinished()
WaterConcept::StarSeed	0	0	24	0x477684	_ZN12WaterConcept17InteractiveObject16_spriteHasLoadedEPN7Walaber6SpriteE	WaterConcept::InteractiveObject::_spriteHasLoaded(Walaber::Sprite*)
WaterConcept::StarSeed	0	0	25	0x489170	_ZN12WaterConcept17InteractiveObject18_updateGlobalShapeEb	WaterConcept::InteractiveObject::_updateGlobalShape(bool)
WaterConcept::Switch	0	0	0	0x4949d8	_ZN12WaterConcept6SwitchD2Ev	WaterConcept::Switch::~Switch()
WaterConcept::Switch	0	0	1	0x494a38	_ZN12WaterConcept6SwitchD0Ev	WaterConcept::Switch::~Switch()
WaterConcept::Switch	0	0	2	0x4775d0	_ZN12WaterConcept17InteractiveObject16setLocalPositionERKN7Walaber7Vector2E	WaterConcept::InteractiveObject::setLocalPosition(Walaber::Vector2 const&)
WaterConcept::Switch	0	0	3	0x4775f8	_ZN12WaterConcept17InteractiveObject13setLocalScaleERKN7Walaber7Vector2E	WaterConcept::InteractiveObject::setLocalScale(Walaber::Vector2 const&)
WaterConcept::Switch	0	0	4	0x477620	_ZN12WaterConcept17InteractiveObject13setLocalAngleERKf	WaterConcept::InteractiveObject::setLocalAngle(float const&)
WaterConcept::Switch	0	0	5	0x3ea9c4	_ZN7Walaber4Node19applyPositionOffsetERKNS_7Vector2E	Walaber::Node::applyPositionOffset(Walaber::Vector2 const&)
WaterConcept::Switch	0	0	6	0x3ea9dc	_ZN7Walaber4Node16applyScaleOffsetERKNS_7Vector2E	Walaber::Node::applyScaleOffset(Walaber::Vector2 const&)
WaterConcept::Switch	0	0	7	0x3eaa2c	_ZN7Walaber4Node16applyAngleOffsetERKf	Walaber::Node::applyAngleOffset(float const&)
WaterConcept::Switch	0	0	8	0x35cd2c	_ZN7Walaber12DrawableNode8setLayerEi	Walaber::DrawableNode::setLayer(int)
WaterConcept::Switch	0	0	9	0x477648	_ZN12WaterConcept17InteractiveObject4drawEPN7Walaber11SpriteBatchE	WaterConcept::InteractiveObject::draw(Walaber::SpriteBatch*)
WaterConcept::Switch	0	0	10	0x494a5c	_ZN12WaterConcept6Switch13setPropertiesERKN7Walaber12PropertyListE	WaterConcept::Switch::setProperties(Walaber::PropertyList const&)
WaterConcept::Switch	0	0	11	0x477660	_ZN12WaterConcept17InteractiveObject18isLowTouchPriorityEv	WaterConcept::InteractiveObject::isLowTouchPriority()
WaterConcept::Switch	0	0	12	0x495380	_ZN12WaterConcept6Switch6updateEf	WaterConcept::Switch::update(float)
WaterConcept::Switch	0	0	13	0x487084	_ZN12WaterConcept17InteractiveObject14drawBackgroundEPN7Walaber11SpriteBatchEbf	WaterConcept::InteractiveObject::drawBackground(Walaber::SpriteBatch*, bool, float)
WaterConcept::Switch	0	0	14	0x487b28	_ZN12WaterConcept17InteractiveObject4drawEPN7Walaber11SpriteBatchEbf	WaterConcept::InteractiveObject::draw(Walaber::SpriteBatch*, bool, float)
WaterConcept::Switch	0	0	15	0x487b24	_ZN12WaterConcept17InteractiveObject14drawForegroundEPN7Walaber11SpriteBatchEbf	WaterConcept::InteractiveObject::drawForeground(Walaber::SpriteBatch*, bool, float)
WaterConcept::Switch	0	0	16	0x4955a4	_ZN12WaterConcept6Switch19particleHasCollidedEPNS_6FluidsERKNS_19ParticleDescriptionEiRb	WaterConcept::Switch::particleHasCollided(WaterConcept::Fluids*, WaterConcept::ParticleDescription const&, int, bool&)
WaterConcept::Switch	0	0	17	0x488c24	_ZN12WaterConcept17InteractiveObject15handleTouchDownERKN7Walaber7Vector2E	WaterConcept::InteractiveObject::handleTouchDown(Walaber::Vector2 const&)
WaterConcept::Switch	0	0	18	0x488cc8	_ZN12WaterConcept17InteractiveObject16handleTouchMovedERKN7Walaber7Vector2ES4_	WaterConcept::InteractiveObject::handleTouchMoved(Walaber::Vector2 const&, Walaber::Vector2 const&)
WaterConcept::Switch	0	0	19	0x488d9c	_ZN12WaterConcept17InteractiveObject13handleTouchUpERKN7Walaber7Vector2E	WaterConcept::InteractiveObject::handleTouchUp(Walaber::Vector2 const&)
WaterConcept::Switch	0	0	20	0x477668	_ZN12WaterConcept17InteractiveObject15handleLostTouchEv	WaterConcept::InteractiveObject::handleLostTouch()
WaterConcept::Switch	0	0	21	0x477670	_ZN12WaterConcept17InteractiveObject18getTouchRadiusSlopEv	WaterConcept::InteractiveObject::getTouchRadiusSlop()
WaterConcept::Switch	0	0	22	0x477680	_ZN12WaterConcept17InteractiveObject12_initFromXMLEP7_xmlDocP8_xmlNode	WaterConcept::InteractiveObject::_initFromXML(_xmlDoc*, _xmlNode*)
WaterConcept::Switch	0	0	23	0x4958a8	_ZN12WaterConcept6Switch13_initFinishedEv	WaterConcept::Switch::_initFinished()
WaterConcept::Switch	0	0	24	0x477684	_ZN12WaterConcept17InteractiveObject16_spriteHasLoadedEPN7Walaber6SpriteE	WaterConcept::InteractiveObject::_spriteHasLoaded(Walaber::Sprite*)
WaterConcept::Switch	0	0	25	0x489170	_ZN12WaterConcept17InteractiveObject18_updateGlobalShapeEb	WaterConcept::InteractiveObject::_updateGlobalShape(bool)
WaterConcept::WCScreen	0	0	0	0x4a4264	_ZN12WaterConcept8WCScreenD2Ev	WaterConcept::WCScreen::~WCScreen()
WaterConcept::WCScreen	0	0	1	0x4a42d0	_ZN12WaterConcept8WCScreenD0Ev	WaterConcept::WCScreen::~WCScreen()
WaterConcept::WCScreen	0	0	2	0x5f3460	__cxa_pure_virtual	__cxa_pure_virtual
WaterConcept::WCScreen	0	0	3	0x5f3460	__cxa_pure_virtual	__cxa_pure_virtual
WaterConcept::WCScreen	0	0	4	0x4a40b4	_ZN7Walaber10GameScreen23recreateGraphicsContextEv	Walaber::GameScreen::recreateGraphicsContext()
WaterConcept::WCScreen	0	0	5	0x4a40b8	_ZN12WaterConcept8WCScreen12beingStackedEv	WaterConcept::WCScreen::beingStacked()
WaterConcept::WCScreen	0	0	6	0x4a42d4	_ZN7Walaber10GameScreen11regainedTopEv	Walaber::GameScreen::regainedTop()
WaterConcept::WCScreen	0	0	7	0x5f3460	__cxa_pure_virtual	__cxa_pure_virtual
WaterConcept::WCScreen	0	0	8	0x5f3460	__cxa_pure_virtual	__cxa_pure_virtual
WaterConcept::WCScreen	0	0	9	0x4a42d8	_ZN7Walaber10GameScreen16loadPropertyListERKNS_12PropertyListE	Walaber::GameScreen::loadPropertyList(Walaber::PropertyList const&)
WaterConcept::WCScreen	0	0	10	0x4a40c8	_ZN12WaterConcept8WCScreen9touchDownEiN7Walaber7Vector2E	WaterConcept::WCScreen::touchDown(int, Walaber::Vector2)
WaterConcept::WCScreen	0	0	11	0x4a411c	_ZN12WaterConcept8WCScreen10touchMovedEiN7Walaber7Vector2ES2_	WaterConcept::WCScreen::touchMoved(int, Walaber::Vector2, Walaber::Vector2)
WaterConcept::WCScreen	0	0	12	0x4a417c	_ZN12WaterConcept8WCScreen7touchUpEiN7Walaber7Vector2E	WaterConcept::WCScreen::touchUp(int, Walaber::Vector2)
WaterConcept::WCScreen	0	0	13	0x4a41d0	_ZN7Walaber10GameScreen9touchLostEi	Walaber::GameScreen::touchLost(int)
WaterConcept::WCScreen	0	0	14	0x4a42dc	_ZN7Walaber10GameScreen14backKeyPressedEv	Walaber::GameScreen::backKeyPressed()
WaterConcept::WCScreen	0	0	15	0x4a41d4	_ZN7Walaber10GameScreen20accelerometerChangedEfff	Walaber::GameScreen::accelerometerChanged(float, float, float)
WaterConcept::WCScreen	0	0	16	0x4a41d8	_ZN7Walaber10GameScreen13consumesInputEv	Walaber::GameScreen::consumesInput()
WaterConcept::WCScreen	0	0	17	0x4a41e0	_ZN7Walaber10GameScreen27notifyTransitionPhaseChangeEj	Walaber::GameScreen::notifyTransitionPhaseChange(unsigned int)
WaterConcept::WCScreen	0	0	18	0x4a41e4	_ZN12WaterConcept8WCScreen11handleFocusEPN7Walaber6WidgetENS1_10FocusEventE	WaterConcept::WCScreen::handleFocus(Walaber::Widget*, Walaber::FocusEvent)
WaterConcept::WaterBalloon	0	0	0	0x495fa4	_ZN12WaterConcept12WaterBalloonD1Ev	WaterConcept::WaterBalloon::~WaterBalloon()
WaterConcept::WaterBalloon	0	0	1	0x496008	_ZN12WaterConcept12WaterBalloonD0Ev	WaterConcept::WaterBalloon::~WaterBalloon()
WaterConcept::WaterBalloon	0	0	2	0x4775d0	_ZN12WaterConcept17InteractiveObject16setLocalPositionERKN7Walaber7Vector2E	WaterConcept::InteractiveObject::setLocalPosition(Walaber::Vector2 const&)
WaterConcept::WaterBalloon	0	0	3	0x4775f8	_ZN12WaterConcept17InteractiveObject13setLocalScaleERKN7Walaber7Vector2E	WaterConcept::InteractiveObject::setLocalScale(Walaber::Vector2 const&)
WaterConcept::WaterBalloon	0	0	4	0x477620	_ZN12WaterConcept17InteractiveObject13setLocalAngleERKf	WaterConcept::InteractiveObject::setLocalAngle(float const&)
WaterConcept::WaterBalloon	0	0	5	0x3ea9c4	_ZN7Walaber4Node19applyPositionOffsetERKNS_7Vector2E	Walaber::Node::applyPositionOffset(Walaber::Vector2 const&)
WaterConcept::WaterBalloon	0	0	6	0x3ea9dc	_ZN7Walaber4Node16applyScaleOffsetERKNS_7Vector2E	Walaber::Node::applyScaleOffset(Walaber::Vector2 const&)
WaterConcept::WaterBalloon	0	0	7	0x3eaa2c	_ZN7Walaber4Node16applyAngleOffsetERKf	Walaber::Node::applyAngleOffset(float const&)
WaterConcept::WaterBalloon	0	0	8	0x35cd2c	_ZN7Walaber12DrawableNode8setLayerEi	Walaber::DrawableNode::setLayer(int)
WaterConcept::WaterBalloon	0	0	9	0x477648	_ZN12WaterConcept17InteractiveObject4drawEPN7Walaber11SpriteBatchE	WaterConcept::InteractiveObject::draw(Walaber::SpriteBatch*)
WaterConcept::WaterBalloon	0	0	10	0x49628c	_ZN12WaterConcept12WaterBalloon13setPropertiesERKN7Walaber12PropertyListE	WaterConcept::WaterBalloon::setProperties(Walaber::PropertyList const&)
WaterConcept::WaterBalloon	0	0	11	0x477660	_ZN12WaterConcept17InteractiveObject18isLowTouchPriorityEv	WaterConcept::InteractiveObject::isLowTouchPriority()
WaterConcept::WaterBalloon	0	0	12	0x49705c	_ZN12WaterConcept12WaterBalloon6updateEf	WaterConcept::WaterBalloon::update(float)
WaterConcept::WaterBalloon	0	0	13	0x497558	_ZN12WaterConcept12WaterBalloon14drawBackgroundEPN7Walaber11SpriteBatchEbf	WaterConcept::WaterBalloon::drawBackground(Walaber::SpriteBatch*, bool, float)
WaterConcept::WaterBalloon	0	0	14	0x497538	_ZN12WaterConcept12WaterBalloon4drawEPN7Walaber11SpriteBatchEbf	WaterConcept::WaterBalloon::draw(Walaber::SpriteBatch*, bool, float)
WaterConcept::WaterBalloon	0	0	15	0x487b24	_ZN12WaterConcept17InteractiveObject14drawForegroundEPN7Walaber11SpriteBatchEbf	WaterConcept::InteractiveObject::drawForeground(Walaber::SpriteBatch*, bool, float)
WaterConcept::WaterBalloon	0	0	16	0x497d34	_ZN12WaterConcept12WaterBalloon19particleHasCollidedEPNS_6FluidsERKNS_19ParticleDescriptionEiRb	WaterConcept::WaterBalloon::particleHasCollided(WaterConcept::Fluids*, WaterConcept::ParticleDescription const&, int, bool&)
WaterConcept::WaterBalloon	0	0	17	0x497ae4	_ZN12WaterConcept12WaterBalloon15handleTouchDownERKN7Walaber7Vector2E	WaterConcept::WaterBalloon::handleTouchDown(Walaber::Vector2 const&)
WaterConcept::WaterBalloon	0	0	18	0x497af4	_ZN12WaterConcept12WaterBalloon16handleTouchMovedERKN7Walaber7Vector2ES4_	WaterConcept::WaterBalloon::handleTouchMoved(Walaber::Vector2 const&, Walaber::Vector2 const&)
WaterConcept::WaterBalloon	0	0	19	0x497af8	_ZN12WaterConcept12WaterBalloon13handleTouchUpERKN7Walaber7Vector2E	WaterConcept::WaterBalloon::handleTouchUp(Walaber::Vector2 const&)
WaterConcept::WaterBalloon	0	0	20	0x4982e0	_ZN12WaterConcept12WaterBalloon15handleLostTouchEv	WaterConcept::WaterBalloon::handleLostTouch()
WaterConcept::WaterBalloon	0	0	21	0x4982e8	_ZN12WaterConcept12WaterBalloon18getTouchRadiusSlopEv	WaterConcept::WaterBalloon::getTouchRadiusSlop()
WaterConcept::WaterBalloon	0	0	22	0x47aefc	_ZN12WaterConcept7Floater12_initFromXMLEP7_xmlDocP8_xmlNode	WaterConcept::Floater::_initFromXML(_xmlDoc*, _xmlNode*)
WaterConcept::WaterBalloon	0	0	23	0x49602c	_ZN12WaterConcept12WaterBalloon13_initFinishedEv	WaterConcept::WaterBalloon::_initFinished()
WaterConcept::WaterBalloon	0	0	24	0x477684	_ZN12WaterConcept17InteractiveObject16_spriteHasLoadedEPN7Walaber6SpriteE	WaterConcept::InteractiveObject::_spriteHasLoaded(Walaber::Sprite*)
WaterConcept::WaterBalloon	0	0	25	0x47c074	_ZN12WaterConcept7Floater18_updateGlobalShapeEb	WaterConcept::Floater::_updateGlobalShape(bool)
WaterConcept::WaterBalloon	0	0	26	0x47c89c	_ZN12WaterConcept7Floater34shouldCollideWithInteractiveObjectEPNS_17InteractiveObjectE	WaterConcept::Floater::shouldCollideWithInteractiveObject(WaterConcept::InteractiveObject*)
WaterConcept::WaterBalloon	0	0	27	0x47bda4	_ZN12WaterConcept7Floater5_drawEPN7Walaber11SpriteBatchEbf	WaterConcept::Floater::_draw(Walaber::SpriteBatch*, bool, float)
WaterConcept::YSwitch	0	0	0	0x49873c	_ZN12WaterConcept7YSwitchD1Ev	WaterConcept::YSwitch::~YSwitch()
WaterConcept::YSwitch	0	0	1	0x498774	_ZN12WaterConcept7YSwitchD0Ev	WaterConcept::YSwitch::~YSwitch()
WaterConcept::YSwitch	0	0	2	0x4775d0	_ZN12WaterConcept17InteractiveObject16setLocalPositionERKN7Walaber7Vector2E	WaterConcept::InteractiveObject::setLocalPosition(Walaber::Vector2 const&)
WaterConcept::YSwitch	0	0	3	0x4775f8	_ZN12WaterConcept17InteractiveObject13setLocalScaleERKN7Walaber7Vector2E	WaterConcept::InteractiveObject::setLocalScale(Walaber::Vector2 const&)
WaterConcept::YSwitch	0	0	4	0x477620	_ZN12WaterConcept17InteractiveObject13setLocalAngleERKf	WaterConcept::InteractiveObject::setLocalAngle(float const&)
WaterConcept::YSwitch	0	0	5	0x3ea9c4	_ZN7Walaber4Node19applyPositionOffsetERKNS_7Vector2E	Walaber::Node::applyPositionOffset(Walaber::Vector2 const&)
WaterConcept::YSwitch	0	0	6	0x3ea9dc	_ZN7Walaber4Node16applyScaleOffsetERKNS_7Vector2E	Walaber::Node::applyScaleOffset(Walaber::Vector2 const&)
WaterConcept::YSwitch	0	0	7	0x3eaa2c	_ZN7Walaber4Node16applyAngleOffsetERKf	Walaber::Node::applyAngleOffset(float const&)
WaterConcept::YSwitch	0	0	8	0x35cd2c	_ZN7Walaber12DrawableNode8setLayerEi	Walaber::DrawableNode::setLayer(int)
WaterConcept::YSwitch	0	0	9	0x477648	_ZN12WaterConcept17InteractiveObject4drawEPN7Walaber11SpriteBatchE	WaterConcept::InteractiveObject::draw(Walaber::SpriteBatch*)
WaterConcept::YSwitch	0	0	10	0x4987b4	_ZN12WaterConcept7YSwitch13setPropertiesERKN7Walaber12PropertyListE	WaterConcept::YSwitch::setProperties(Walaber::PropertyList const&)
WaterConcept::YSwitch	0	0	11	0x48e100	_ZN12WaterConcept5Spout18isLowTouchPriorityEv	WaterConcept::Spout::isLowTouchPriority()
WaterConcept::YSwitch	0	0	12	0x498c44	_ZN12WaterConcept7YSwitch6updateEf	WaterConcept::YSwitch::update(float)
WaterConcept::YSwitch	0	0	13	0x487084	_ZN12WaterConcept17InteractiveObject14drawBackgroundEPN7Walaber11SpriteBatchEbf	WaterConcept::InteractiveObject::drawBackground(Walaber::SpriteBatch*, bool, float)
WaterConcept::YSwitch	0	0	14	0x487b28	_ZN12WaterConcept17InteractiveObject4drawEPN7Walaber11SpriteBatchEbf	WaterConcept::InteractiveObject::draw(Walaber::SpriteBatch*, bool, float)
WaterConcept::YSwitch	0	0	15	0x487b24	_ZN12WaterConcept17InteractiveObject14drawForegroundEPN7Walaber11SpriteBatchEbf	WaterConcept::InteractiveObject::drawForeground(Walaber::SpriteBatch*, bool, float)
WaterConcept::YSwitch	0	0	16	0x48d430	_ZN12WaterConcept5Spout19particleHasCollidedEPNS_6FluidsERKNS_19ParticleDescriptionEiRb	WaterConcept::Spout::particleHasCollided(WaterConcept::Fluids*, WaterConcept::ParticleDescription const&, int, bool&)
WaterConcept::YSwitch	0	0	17	0x499030	_ZN12WaterConcept7YSwitch15handleTouchDownERKN7Walaber7Vector2E	WaterConcept::YSwitch::handleTouchDown(Walaber::Vector2 const&)
WaterConcept::YSwitch	0	0	18	0x48dac0	_ZN12WaterConcept5Spout16handleTouchMovedERKN7Walaber7Vector2ES4_	WaterConcept::Spout::handleTouchMoved(Walaber::Vector2 const&, Walaber::Vector2 const&)
WaterConcept::YSwitch	0	0	19	0x48dac4	_ZN12WaterConcept5Spout13handleTouchUpERKN7Walaber7Vector2E	WaterConcept::Spout::handleTouchUp(Walaber::Vector2 const&)
WaterConcept::YSwitch	0	0	20	0x48db04	_ZN12WaterConcept5Spout15handleLostTouchEv	WaterConcept::Spout::handleLostTouch()
WaterConcept::YSwitch	0	0	21	0x477670	_ZN12WaterConcept17InteractiveObject18getTouchRadiusSlopEv	WaterConcept::InteractiveObject::getTouchRadiusSlop()
WaterConcept::YSwitch	0	0	22	0x477680	_ZN12WaterConcept17InteractiveObject12_initFromXMLEP7_xmlDocP8_xmlNode	WaterConcept::InteractiveObject::_initFromXML(_xmlDoc*, _xmlNode*)
WaterConcept::YSwitch	0	0	23	0x4993ec	_ZN12WaterConcept7YSwitch13_initFinishedEv	WaterConcept::YSwitch::_initFinished()
WaterConcept::YSwitch	0	0	24	0x477684	_ZN12WaterConcept17InteractiveObject16_spriteHasLoadedEPN7Walaber6SpriteE	WaterConcept::InteractiveObject::_spriteHasLoaded(Walaber::Sprite*)
WaterConcept::YSwitch	0	0	25	0x489170	_ZN12WaterConcept17InteractiveObject18_updateGlobalShapeEb	WaterConcept::InteractiveObject::_updateGlobalShape(bool)
WaterConcept::YSwitch	0	0	26	0x4990f0	_ZN12WaterConcept7YSwitch12addParticlesERKNS_19ParticleDescriptionEiNS_11YSwitchPortEif	WaterConcept::YSwitch::addParticles(WaterConcept::ParticleDescription const&, int, WaterConcept::YSwitchPort, int, float)
ndk::ApplicationContext	0	0	0	0x2b2854	_ZN3ndk18ApplicationContextD1Ev	ndk::ApplicationContext::~ApplicationContext()
ndk::ApplicationContext	0	0	1	0x2b29dc	_ZN3ndk18ApplicationContextD0Ev	ndk::ApplicationContext::~ApplicationContext()
ndk::ApplicationContext	0	0	2	0x2b5d88	_ZN3ndk18ApplicationContext9messageRxERKN7Walaber7MessageE	ndk::ApplicationContext::messageRx(Walaber::Message const&)
ndk::Mutex	0	0	0	0x2c6350	_ZN3ndk5MutexD2Ev	ndk::Mutex::~Mutex()
ndk::Mutex	0	0	1	0x2c6378	_ZN3ndk5MutexD0Ev	ndk::Mutex::~Mutex()
std::__ndk1::__assoc_sub_state	0	0	0	0x5f1ba8	_ZNSt6__ndk117__assoc_sub_stateD2Ev	std::__ndk1::__assoc_sub_state::~__assoc_sub_state()
std::__ndk1::__assoc_sub_state	0	0	1	0x5f1bf4	_ZNSt6__ndk117__assoc_sub_stateD0Ev	std::__ndk1::__assoc_sub_state::~__assoc_sub_state()
std::__ndk1::__assoc_sub_state	0	0	2	0x5f07a0	_ZNSt6__ndk117__assoc_sub_state16__on_zero_sharedEv	std::__ndk1::__assoc_sub_state::__on_zero_shared()
std::__ndk1::__assoc_sub_state	0	0	3	0x5f1160	_ZNSt6__ndk117__assoc_sub_state9__executeEv	std::__ndk1::__assoc_sub_state::__execute()
std::__ndk1::__codecvt_utf16<char16_t, false>	0	0	0	0x5b1eb4	_ZNSt6__ndk117__widen_from_utf8ILm32EED2Ev	std::__ndk1::__widen_from_utf8<32ul>::~__widen_from_utf8()
std::__ndk1::__codecvt_utf16<char16_t, false>	0	0	1	0x5e0ea8	_ZNSt6__ndk115__codecvt_utf16IDsLb0EED0Ev	std::__ndk1::__codecvt_utf16<char16_t, false>::~__codecvt_utf16()
std::__ndk1::__codecvt_utf16<char16_t, false>	0	0	2	0x5d5c00	_ZNSt6__ndk16locale5facet16__on_zero_sharedEv	std::__ndk1::locale::facet::__on_zero_shared()
std::__ndk1::__codecvt_utf16<char16_t, false>	0	0	3	0x5dab20	_ZNKSt6__ndk115__codecvt_utf16IDsLb0EE6do_outER9mbstate_tPKDsS5_RS5_PcS7_RS7_	std::__ndk1::__codecvt_utf16<char16_t, false>::do_out(mbstate_t&, char16_t const*, char16_t const*, char16_t const*&, char*, char*, char*&) const
std::__ndk1::__codecvt_utf16<char16_t, false>	0	0	4	0x5dabb4	_ZNKSt6__ndk115__codecvt_utf16IDsLb0EE5do_inER9mbstate_tPKcS5_RS5_PDsS7_RS7_	std::__ndk1::__codecvt_utf16<char16_t, false>::do_in(mbstate_t&, char const*, char const*, char const*&, char16_t*, char16_t*, char16_t*&) const
std::__ndk1::__codecvt_utf16<char16_t, false>	0	0	5	0x5dac44	_ZNKSt6__ndk115__codecvt_utf16IDsLb0EE10do_unshiftER9mbstate_tPcS4_RS4_	std::__ndk1::__codecvt_utf16<char16_t, false>::do_unshift(mbstate_t&, char*, char*, char*&) const
std::__ndk1::__codecvt_utf16<char16_t, false>	0	0	6	0x5dac50	_ZNKSt6__ndk115__codecvt_utf16IDsLb0EE11do_encodingEv	std::__ndk1::__codecvt_utf16<char16_t, false>::do_encoding() const
std::__ndk1::__codecvt_utf16<char16_t, false>	0	0	7	0x5dac58	_ZNKSt6__ndk115__codecvt_utf16IDsLb0EE16do_always_noconvEv	std::__ndk1::__codecvt_utf16<char16_t, false>::do_always_noconv() const
std::__ndk1::__codecvt_utf16<char16_t, false>	0	0	8	0x5dac60	_ZNKSt6__ndk115__codecvt_utf16IDsLb0EE9do_lengthER9mbstate_tPKcS5_m	std::__ndk1::__codecvt_utf16<char16_t, false>::do_length(mbstate_t&, char const*, char const*, unsigned long) const
std::__ndk1::__codecvt_utf16<char16_t, false>	0	0	9	0x5dacf4	_ZNKSt6__ndk115__codecvt_utf16IDsLb0EE13do_max_lengthEv	std::__ndk1::__codecvt_utf16<char16_t, false>::do_max_length() const
std::__ndk1::__codecvt_utf16<char16_t, true>	0	0	0	0x5b1eb4	_ZNSt6__ndk117__widen_from_utf8ILm32EED2Ev	std::__ndk1::__widen_from_utf8<32ul>::~__widen_from_utf8()
std::__ndk1::__codecvt_utf16<char16_t, true>	0	0	1	0x5e0ecc	_ZNSt6__ndk115__codecvt_utf16IDsLb1EED0Ev	std::__ndk1::__codecvt_utf16<char16_t, true>::~__codecvt_utf16()
std::__ndk1::__codecvt_utf16<char16_t, true>	0	0	2	0x5d5c00	_ZNSt6__ndk16locale5facet16__on_zero_sharedEv	std::__ndk1::locale::facet::__on_zero_shared()
std::__ndk1::__codecvt_utf16<char16_t, true>	0	0	3	0x5dad0c	_ZNKSt6__ndk115__codecvt_utf16IDsLb1EE6do_outER9mbstate_tPKDsS5_RS5_PcS7_RS7_	std::__ndk1::__codecvt_utf16<char16_t, true>::do_out(mbstate_t&, char16_t const*, char16_t const*, char16_t const*&, char*, char*, char*&) const
std::__ndk1::__codecvt_utf16<char16_t, true>	0	0	4	0x5dada0	_ZNKSt6__ndk115__codecvt_utf16IDsLb1EE5do_inER9mbstate_tPKcS5_RS5_PDsS7_RS7_	std::__ndk1::__codecvt_utf16<char16_t, true>::do_in(mbstate_t&, char const*, char const*, char const*&, char16_t*, char16_t*, char16_t*&) const
std::__ndk1::__codecvt_utf16<char16_t, true>	0	0	5	0x5dae30	_ZNKSt6__ndk115__codecvt_utf16IDsLb1EE10do_unshiftER9mbstate_tPcS4_RS4_	std::__ndk1::__codecvt_utf16<char16_t, true>::do_unshift(mbstate_t&, char*, char*, char*&) const
std::__ndk1::__codecvt_utf16<char16_t, true>	0	0	6	0x5dae3c	_ZNKSt6__ndk115__codecvt_utf16IDsLb1EE11do_encodingEv	std::__ndk1::__codecvt_utf16<char16_t, true>::do_encoding() const
std::__ndk1::__codecvt_utf16<char16_t, true>	0	0	7	0x5dae44	_ZNKSt6__ndk115__codecvt_utf16IDsLb1EE16do_always_noconvEv	std::__ndk1::__codecvt_utf16<char16_t, true>::do_always_noconv() const
std::__ndk1::__codecvt_utf16<char16_t, true>	0	0	8	0x5dae4c	_ZNKSt6__ndk115__codecvt_utf16IDsLb1EE9do_lengthER9mbstate_tPKcS5_m	std::__ndk1::__codecvt_utf16<char16_t, true>::do_length(mbstate_t&, char const*, char const*, unsigned long) const
std::__ndk1::__codecvt_utf16<char16_t, true>	0	0	9	0x5daef8	_ZNKSt6__ndk115__codecvt_utf16IDsLb1EE13do_max_lengthEv	std::__ndk1::__codecvt_utf16<char16_t, true>::do_max_length() const
std::__ndk1::__codecvt_utf16<char32_t, false>	0	0	0	0x5b1eb4	_ZNSt6__ndk117__widen_from_utf8ILm32EED2Ev	std::__ndk1::__widen_from_utf8<32ul>::~__widen_from_utf8()
std::__ndk1::__codecvt_utf16<char32_t, false>	0	0	1	0x5e0ef0	_ZNSt6__ndk115__codecvt_utf16IDiLb0EED0Ev	std::__ndk1::__codecvt_utf16<char32_t, false>::~__codecvt_utf16()
std::__ndk1::__codecvt_utf16<char32_t, false>	0	0	2	0x5d5c00	_ZNSt6__ndk16locale5facet16__on_zero_sharedEv	std::__ndk1::locale::facet::__on_zero_shared()
std::__ndk1::__codecvt_utf16<char32_t, false>	0	0	3	0x5daf10	_ZNKSt6__ndk115__codecvt_utf16IDiLb0EE6do_outER9mbstate_tPKDiS5_RS5_PcS7_RS7_	std::__ndk1::__codecvt_utf16<char32_t, false>::do_out(mbstate_t&, char32_t const*, char32_t const*, char32_t const*&, char*, char*, char*&) const
std::__ndk1::__codecvt_utf16<char32_t, false>	0	0	4	0x5dafec	_ZNKSt6__ndk115__codecvt_utf16IDiLb0EE5do_inER9mbstate_tPKcS5_RS5_PDiS7_RS7_	std::__ndk1::__codecvt_utf16<char32_t, false>::do_in(mbstate_t&, char const*, char const*, char const*&, char32_t*, char32_t*, char32_t*&) const
std::__ndk1::__codecvt_utf16<char32_t, false>	0	0	5	0x5db0e8	_ZNKSt6__ndk115__codecvt_utf16IDiLb0EE10do_unshiftER9mbstate_tPcS4_RS4_	std::__ndk1::__codecvt_utf16<char32_t, false>::do_unshift(mbstate_t&, char*, char*, char*&) const
std::__ndk1::__codecvt_utf16<char32_t, false>	0	0	6	0x5db0f4	_ZNKSt6__ndk115__codecvt_utf16IDiLb0EE11do_encodingEv	std::__ndk1::__codecvt_utf16<char32_t, false>::do_encoding() const
std::__ndk1::__codecvt_utf16<char32_t, false>	0	0	7	0x5db0fc	_ZNKSt6__ndk115__codecvt_utf16IDiLb0EE16do_always_noconvEv	std::__ndk1::__codecvt_utf16<char32_t, false>::do_always_noconv() const
std::__ndk1::__codecvt_utf16<char32_t, false>	0	0	8	0x5db104	_ZNKSt6__ndk115__codecvt_utf16IDiLb0EE9do_lengthER9mbstate_tPKcS5_m	std::__ndk1::__codecvt_utf16<char32_t, false>::do_length(mbstate_t&, char const*, char const*, unsigned long) const
std::__ndk1::__codecvt_utf16<char32_t, false>	0	0	9	0x5db1fc	_ZNKSt6__ndk115__codecvt_utf16IDiLb0EE13do_max_lengthEv	std::__ndk1::__codecvt_utf16<char32_t, false>::do_max_length() const
std::__ndk1::__codecvt_utf16<char32_t, true>	0	0	0	0x5b1eb4	_ZNSt6__ndk117__widen_from_utf8ILm32EED2Ev	std::__ndk1::__widen_from_utf8<32ul>::~__widen_from_utf8()
std::__ndk1::__codecvt_utf16<char32_t, true>	0	0	1	0x5e0f14	_ZNSt6__ndk115__codecvt_utf16IDiLb1EED0Ev	std::__ndk1::__codecvt_utf16<char32_t, true>::~__codecvt_utf16()
std::__ndk1::__codecvt_utf16<char32_t, true>	0	0	2	0x5d5c00	_ZNSt6__ndk16locale5facet16__on_zero_sharedEv	std::__ndk1::locale::facet::__on_zero_shared()
std::__ndk1::__codecvt_utf16<char32_t, true>	0	0	3	0x5db214	_ZNKSt6__ndk115__codecvt_utf16IDiLb1EE6do_outER9mbstate_tPKDiS5_RS5_PcS7_RS7_	std::__ndk1::__codecvt_utf16<char32_t, true>::do_out(mbstate_t&, char32_t const*, char32_t const*, char32_t const*&, char*, char*, char*&) const
std::__ndk1::__codecvt_utf16<char32_t, true>	0	0	4	0x5db2f0	_ZNKSt6__ndk115__codecvt_utf16IDiLb1EE5do_inER9mbstate_tPKcS5_RS5_PDiS7_RS7_	std::__ndk1::__codecvt_utf16<char32_t, true>::do_in(mbstate_t&, char const*, char const*, char const*&, char32_t*, char32_t*, char32_t*&) const
std::__ndk1::__codecvt_utf16<char32_t, true>	0	0	5	0x5db3ec	_ZNKSt6__ndk115__codecvt_utf16IDiLb1EE10do_unshiftER9mbstate_tPcS4_RS4_	std::__ndk1::__codecvt_utf16<char32_t, true>::do_unshift(mbstate_t&, char*, char*, char*&) const
std::__ndk1::__codecvt_utf16<char32_t, true>	0	0	6	0x5db3f8	_ZNKSt6__ndk115__codecvt_utf16IDiLb1EE11do_encodingEv	std::__ndk1::__codecvt_utf16<char32_t, true>::do_encoding() const
std::__ndk1::__codecvt_utf16<char32_t, true>	0	0	7	0x5db400	_ZNKSt6__ndk115__codecvt_utf16IDiLb1EE16do_always_noconvEv	std::__ndk1::__codecvt_utf16<char32_t, true>::do_always_noconv() const
std::__ndk1::__codecvt_utf16<char32_t, true>	0	0	8	0x5db408	_ZNKSt6__ndk115__codecvt_utf16IDiLb1EE9do_lengthER9mbstate_tPKcS5_m	std::__ndk1::__codecvt_utf16<char32_t, true>::do_length(mbstate_t&, char const*, char const*, unsigned long) const
std::__ndk1::__codecvt_utf16<char32_t, true>	0	0	9	0x5db500	_ZNKSt6__ndk115__codecvt_utf16IDiLb1EE13do_max_lengthEv	std::__ndk1::__codecvt_utf16<char32_t, true>::do_max_length() const
std::__ndk1::__codecvt_utf16<wchar_t, false>	0	0	0	0x5e0d34	_ZNSt6__ndk17codecvtIwc9mbstate_tED2Ev	std::__ndk1::codecvt<wchar_t, char, mbstate_t>::~codecvt()
std::__ndk1::__codecvt_utf16<wchar_t, false>	0	0	1	0x5e0e60	_ZNSt6__ndk115__codecvt_utf16IwLb0EED0Ev	std::__ndk1::__codecvt_utf16<wchar_t, false>::~__codecvt_utf16()
std::__ndk1::__codecvt_utf16<wchar_t, false>	0	0	2	0x5d5c00	_ZNSt6__ndk16locale5facet16__on_zero_sharedEv	std::__ndk1::locale::facet::__on_zero_shared()
std::__ndk1::__codecvt_utf16<wchar_t, false>	0	0	3	0x5da518	_ZNKSt6__ndk115__codecvt_utf16IwLb0EE6do_outER9mbstate_tPKwS5_RS5_PcS7_RS7_	std::__ndk1::__codecvt_utf16<wchar_t, false>::do_out(mbstate_t&, wchar_t const*, wchar_t const*, wchar_t const*&, char*, char*, char*&) const
std::__ndk1::__codecvt_utf16<wchar_t, false>	0	0	4	0x5da5f4	_ZNKSt6__ndk115__codecvt_utf16IwLb0EE5do_inER9mbstate_tPKcS5_RS5_PwS7_RS7_	std::__ndk1::__codecvt_utf16<wchar_t, false>::do_in(mbstate_t&, char const*, char const*, char const*&, wchar_t*, wchar_t*, wchar_t*&) const
std::__ndk1::__codecvt_utf16<wchar_t, false>	0	0	5	0x5da6f0	_ZNKSt6__ndk115__codecvt_utf16IwLb0EE10do_unshiftER9mbstate_tPcS4_RS4_	std::__ndk1::__codecvt_utf16<wchar_t, false>::do_unshift(mbstate_t&, char*, char*, char*&) const
std::__ndk1::__codecvt_utf16<wchar_t, false>	0	0	6	0x5da6fc	_ZNKSt6__ndk115__codecvt_utf16IwLb0EE11do_encodingEv	std::__ndk1::__codecvt_utf16<wchar_t, false>::do_encoding() const
std::__ndk1::__codecvt_utf16<wchar_t, false>	0	0	7	0x5da704	_ZNKSt6__ndk115__codecvt_utf16IwLb0EE16do_always_noconvEv	std::__ndk1::__codecvt_utf16<wchar_t, false>::do_always_noconv() const
std::__ndk1::__codecvt_utf16<wchar_t, false>	0	0	8	0x5da70c	_ZNKSt6__ndk115__codecvt_utf16IwLb0EE9do_lengthER9mbstate_tPKcS5_m	std::__ndk1::__codecvt_utf16<wchar_t, false>::do_length(mbstate_t&, char const*, char const*, unsigned long) const
std::__ndk1::__codecvt_utf16<wchar_t, false>	0	0	9	0x5da804	_ZNKSt6__ndk115__codecvt_utf16IwLb0EE13do_max_lengthEv	std::__ndk1::__codecvt_utf16<wchar_t, false>::do_max_length() const
std::__ndk1::__codecvt_utf16<wchar_t, true>	0	0	0	0x5e0d34	_ZNSt6__ndk17codecvtIwc9mbstate_tED2Ev	std::__ndk1::codecvt<wchar_t, char, mbstate_t>::~codecvt()
std::__ndk1::__codecvt_utf16<wchar_t, true>	0	0	1	0x5e0e84	_ZNSt6__ndk115__codecvt_utf16IwLb1EED0Ev	std::__ndk1::__codecvt_utf16<wchar_t, true>::~__codecvt_utf16()
std::__ndk1::__codecvt_utf16<wchar_t, true>	0	0	2	0x5d5c00	_ZNSt6__ndk16locale5facet16__on_zero_sharedEv	std::__ndk1::locale::facet::__on_zero_shared()
std::__ndk1::__codecvt_utf16<wchar_t, true>	0	0	3	0x5da81c	_ZNKSt6__ndk115__codecvt_utf16IwLb1EE6do_outER9mbstate_tPKwS5_RS5_PcS7_RS7_	std::__ndk1::__codecvt_utf16<wchar_t, true>::do_out(mbstate_t&, wchar_t const*, wchar_t const*, wchar_t const*&, char*, char*, char*&) const
std::__ndk1::__codecvt_utf16<wchar_t, true>	0	0	4	0x5da8f8	_ZNKSt6__ndk115__codecvt_utf16IwLb1EE5do_inER9mbstate_tPKcS5_RS5_PwS7_RS7_	std::__ndk1::__codecvt_utf16<wchar_t, true>::do_in(mbstate_t&, char const*, char const*, char const*&, wchar_t*, wchar_t*, wchar_t*&) const
std::__ndk1::__codecvt_utf16<wchar_t, true>	0	0	5	0x5da9f4	_ZNKSt6__ndk115__codecvt_utf16IwLb1EE10do_unshiftER9mbstate_tPcS4_RS4_	std::__ndk1::__codecvt_utf16<wchar_t, true>::do_unshift(mbstate_t&, char*, char*, char*&) const
std::__ndk1::__codecvt_utf16<wchar_t, true>	0	0	6	0x5daa00	_ZNKSt6__ndk115__codecvt_utf16IwLb1EE11do_encodingEv	std::__ndk1::__codecvt_utf16<wchar_t, true>::do_encoding() const
std::__ndk1::__codecvt_utf16<wchar_t, true>	0	0	7	0x5daa08	_ZNKSt6__ndk115__codecvt_utf16IwLb1EE16do_always_noconvEv	std::__ndk1::__codecvt_utf16<wchar_t, true>::do_always_noconv() const
std::__ndk1::__codecvt_utf16<wchar_t, true>	0	0	8	0x5daa10	_ZNKSt6__ndk115__codecvt_utf16IwLb1EE9do_lengthER9mbstate_tPKcS5_m	std::__ndk1::__codecvt_utf16<wchar_t, true>::do_length(mbstate_t&, char const*, char const*, unsigned long) const
std::__ndk1::__codecvt_utf16<wchar_t, true>	0	0	9	0x5dab08	_ZNKSt6__ndk115__codecvt_utf16IwLb1EE13do_max_lengthEv	std::__ndk1::__codecvt_utf16<wchar_t, true>::do_max_length() const
std::__ndk1::__codecvt_utf8<char16_t>	0	0	0	0x5b1eb4	_ZNSt6__ndk117__widen_from_utf8ILm32EED2Ev	std::__ndk1::__widen_from_utf8<32ul>::~__widen_from_utf8()
std::__ndk1::__codecvt_utf8<char16_t>	0	0	1	0x5e0e18	_ZNSt6__ndk114__codecvt_utf8IDsED0Ev	std::__ndk1::__codecvt_utf8<char16_t>::~__codecvt_utf8()
std::__ndk1::__codecvt_utf8<char16_t>	0	0	2	0x5d5c00	_ZNSt6__ndk16locale5facet16__on_zero_sharedEv	std::__ndk1::locale::facet::__on_zero_shared()
std::__ndk1::__codecvt_utf8<char16_t>	0	0	3	0x5d9f98	_ZNKSt6__ndk114__codecvt_utf8IDsE6do_outER9mbstate_tPKDsS5_RS5_PcS7_RS7_	std::__ndk1::__codecvt_utf8<char16_t>::do_out(mbstate_t&, char16_t const*, char16_t const*, char16_t const*&, char*, char*, char*&) const
std::__ndk1::__codecvt_utf8<char16_t>	0	0	4	0x5da094	_ZNKSt6__ndk114__codecvt_utf8IDsE5do_inER9mbstate_tPKcS5_RS5_PDsS7_RS7_	std::__ndk1::__codecvt_utf8<char16_t>::do_in(mbstate_t&, char const*, char const*, char const*&, char16_t*, char16_t*, char16_t*&) const
std::__ndk1::__codecvt_utf8<char16_t>	0	0	5	0x5da1fc	_ZNKSt6__ndk114__codecvt_utf8IDsE10do_unshiftER9mbstate_tPcS4_RS4_	std::__ndk1::__codecvt_utf8<char16_t>::do_unshift(mbstate_t&, char*, char*, char*&) const
std::__ndk1::__codecvt_utf8<char16_t>	0	0	6	0x5da208	_ZNKSt6__ndk114__codecvt_utf8IDsE11do_encodingEv	std::__ndk1::__codecvt_utf8<char16_t>::do_encoding() const
std::__ndk1::__codecvt_utf8<char16_t>	0	0	7	0x5da210	_ZNKSt6__ndk114__codecvt_utf8IDsE16do_always_noconvEv	std::__ndk1::__codecvt_utf8<char16_t>::do_always_noconv() const
std::__ndk1::__codecvt_utf8<char16_t>	0	0	8	0x5da218	_ZNKSt6__ndk114__codecvt_utf8IDsE9do_lengthER9mbstate_tPKcS5_m	std::__ndk1::__codecvt_utf8<char16_t>::do_length(mbstate_t&, char const*, char const*, unsigned long) const
std::__ndk1::__codecvt_utf8<char16_t>	0	0	9	0x5da388	_ZNKSt6__ndk114__codecvt_utf8IDsE13do_max_lengthEv	std::__ndk1::__codecvt_utf8<char16_t>::do_max_length() const
std::__ndk1::__codecvt_utf8<char32_t>	0	0	0	0x5b1eb4	_ZNSt6__ndk117__widen_from_utf8ILm32EED2Ev	std::__ndk1::__widen_from_utf8<32ul>::~__widen_from_utf8()
std::__ndk1::__codecvt_utf8<char32_t>	0	0	1	0x5e0e3c	_ZNSt6__ndk114__codecvt_utf8IDiED0Ev	std::__ndk1::__codecvt_utf8<char32_t>::~__codecvt_utf8()
std::__ndk1::__codecvt_utf8<char32_t>	0	0	2	0x5d5c00	_ZNSt6__ndk16locale5facet16__on_zero_sharedEv	std::__ndk1::locale::facet::__on_zero_shared()
std::__ndk1::__codecvt_utf8<char32_t>	0	0	3	0x5da3a0	_ZNKSt6__ndk114__codecvt_utf8IDiE6do_outER9mbstate_tPKDiS5_RS5_PcS7_RS7_	std::__ndk1::__codecvt_utf8<char32_t>::do_out(mbstate_t&, char32_t const*, char32_t const*, char32_t const*&, char*, char*, char*&) const
std::__ndk1::__codecvt_utf8<char32_t>	0	0	4	0x5da434	_ZNKSt6__ndk114__codecvt_utf8IDiE5do_inER9mbstate_tPKcS5_RS5_PDiS7_RS7_	std::__ndk1::__codecvt_utf8<char32_t>::do_in(mbstate_t&, char const*, char const*, char const*&, char32_t*, char32_t*, char32_t*&) const
std::__ndk1::__codecvt_utf8<char32_t>	0	0	5	0x5da4c8	_ZNKSt6__ndk114__codecvt_utf8IDiE10do_unshiftER9mbstate_tPcS4_RS4_	std::__ndk1::__codecvt_utf8<char32_t>::do_unshift(mbstate_t&, char*, char*, char*&) const
std::__ndk1::__codecvt_utf8<char32_t>	0	0	6	0x5da4d4	_ZNKSt6__ndk114__codecvt_utf8IDiE11do_encodingEv	std::__ndk1::__codecvt_utf8<char32_t>::do_encoding() const
std::__ndk1::__codecvt_utf8<char32_t>	0	0	7	0x5da4dc	_ZNKSt6__ndk114__codecvt_utf8IDiE16do_always_noconvEv	std::__ndk1::__codecvt_utf8<char32_t>::do_always_noconv() const
std::__ndk1::__codecvt_utf8<char32_t>	0	0	8	0x5da4e4	_ZNKSt6__ndk114__codecvt_utf8IDiE9do_lengthER9mbstate_tPKcS5_m	std::__ndk1::__codecvt_utf8<char32_t>::do_length(mbstate_t&, char const*, char const*, unsigned long) const
std::__ndk1::__codecvt_utf8<char32_t>	0	0	9	0x5da500	_ZNKSt6__ndk114__codecvt_utf8IDiE13do_max_lengthEv	std::__ndk1::__codecvt_utf8<char32_t>::do_max_length() const
std::__ndk1::__codecvt_utf8<wchar_t>	0	0	0	0x5e0d34	_ZNSt6__ndk17codecvtIwc9mbstate_tED2Ev	std::__ndk1::codecvt<wchar_t, char, mbstate_t>::~codecvt()
std::__ndk1::__codecvt_utf8<wchar_t>	0	0	1	0x5e0df4	_ZNSt6__ndk114__codecvt_utf8IwED0Ev	std::__ndk1::__codecvt_utf8<wchar_t>::~__codecvt_utf8()
std::__ndk1::__codecvt_utf8<wchar_t>	0	0	2	0x5d5c00	_ZNSt6__ndk16locale5facet16__on_zero_sharedEv	std::__ndk1::locale::facet::__on_zero_shared()
std::__ndk1::__codecvt_utf8<wchar_t>	0	0	3	0x5d9e20	_ZNKSt6__ndk114__codecvt_utf8IwE6do_outER9mbstate_tPKwS5_RS5_PcS7_RS7_	std::__ndk1::__codecvt_utf8<wchar_t>::do_out(mbstate_t&, wchar_t const*, wchar_t const*, wchar_t const*&, char*, char*, char*&) const
std::__ndk1::__codecvt_utf8<wchar_t>	0	0	4	0x5d9eb4	_ZNKSt6__ndk114__codecvt_utf8IwE5do_inER9mbstate_tPKcS5_RS5_PwS7_RS7_	std::__ndk1::__codecvt_utf8<wchar_t>::do_in(mbstate_t&, char const*, char const*, char const*&, wchar_t*, wchar_t*, wchar_t*&) const
std::__ndk1::__codecvt_utf8<wchar_t>	0	0	5	0x5d9f48	_ZNKSt6__ndk114__codecvt_utf8IwE10do_unshiftER9mbstate_tPcS4_RS4_	std::__ndk1::__codecvt_utf8<wchar_t>::do_unshift(mbstate_t&, char*, char*, char*&) const
std::__ndk1::__codecvt_utf8<wchar_t>	0	0	6	0x5d9f54	_ZNKSt6__ndk114__codecvt_utf8IwE11do_encodingEv	std::__ndk1::__codecvt_utf8<wchar_t>::do_encoding() const
std::__ndk1::__codecvt_utf8<wchar_t>	0	0	7	0x5d9f5c	_ZNKSt6__ndk114__codecvt_utf8IwE16do_always_noconvEv	std::__ndk1::__codecvt_utf8<wchar_t>::do_always_noconv() const
std::__ndk1::__codecvt_utf8<wchar_t>	0	0	8	0x5d9f64	_ZNKSt6__ndk114__codecvt_utf8IwE9do_lengthER9mbstate_tPKcS5_m	std::__ndk1::__codecvt_utf8<wchar_t>::do_length(mbstate_t&, char const*, char const*, unsigned long) const
std::__ndk1::__codecvt_utf8<wchar_t>	0	0	9	0x5d9f80	_ZNKSt6__ndk114__codecvt_utf8IwE13do_max_lengthEv	std::__ndk1::__codecvt_utf8<wchar_t>::do_max_length() const
std::__ndk1::__codecvt_utf8_utf16<char16_t>	0	0	0	0x5b1eb4	_ZNSt6__ndk117__widen_from_utf8ILm32EED2Ev	std::__ndk1::__widen_from_utf8<32ul>::~__widen_from_utf8()
std::__ndk1::__codecvt_utf8_utf16<char16_t>	0	0	1	0x5e0f80	_ZNSt6__ndk120__codecvt_utf8_utf16IDsED0Ev	std::__ndk1::__codecvt_utf8_utf16<char16_t>::~__codecvt_utf8_utf16()
std::__ndk1::__codecvt_utf8_utf16<char16_t>	0	0	2	0x5d5c00	_ZNSt6__ndk16locale5facet16__on_zero_sharedEv	std::__ndk1::locale::facet::__on_zero_shared()
std::__ndk1::__codecvt_utf8_utf16<char16_t>	0	0	3	0x5dbc10	_ZNKSt6__ndk120__codecvt_utf8_utf16IDsE6do_outER9mbstate_tPKDsS5_RS5_PcS7_RS7_	std::__ndk1::__codecvt_utf8_utf16<char16_t>::do_out(mbstate_t&, char16_t const*, char16_t const*, char16_t const*&, char*, char*, char*&) const
std::__ndk1::__codecvt_utf8_utf16<char16_t>	0	0	4	0x5dbca4	_ZNKSt6__ndk120__codecvt_utf8_utf16IDsE5do_inER9mbstate_tPKcS5_RS5_PDsS7_RS7_	std::__ndk1::__codecvt_utf8_utf16<char16_t>::do_in(mbstate_t&, char const*, char const*, char const*&, char16_t*, char16_t*, char16_t*&) const
std::__ndk1::__codecvt_utf8_utf16<char16_t>	0	0	5	0x5dbd38	_ZNKSt6__ndk120__codecvt_utf8_utf16IDsE10do_unshiftER9mbstate_tPcS4_RS4_	std::__ndk1::__codecvt_utf8_utf16<char16_t>::do_unshift(mbstate_t&, char*, char*, char*&) const
std::__ndk1::__codecvt_utf8_utf16<char16_t>	0	0	6	0x5dbd44	_ZNKSt6__ndk120__codecvt_utf8_utf16IDsE11do_encodingEv	std::__ndk1::__codecvt_utf8_utf16<char16_t>::do_encoding() const
std::__ndk1::__codecvt_utf8_utf16<char16_t>	0	0	7	0x5dbd4c	_ZNKSt6__ndk120__codecvt_utf8_utf16IDsE16do_always_noconvEv	std::__ndk1::__codecvt_utf8_utf16<char16_t>::do_always_noconv() const
std::__ndk1::__codecvt_utf8_utf16<char16_t>	0	0	8	0x5dbd54	_ZNKSt6__ndk120__codecvt_utf8_utf16IDsE9do_lengthER9mbstate_tPKcS5_m	std::__ndk1::__codecvt_utf8_utf16<char16_t>::do_length(mbstate_t&, char const*, char const*, unsigned long) const
std::__ndk1::__codecvt_utf8_utf16<char16_t>	0	0	9	0x5dbd70	_ZNKSt6__ndk120__codecvt_utf8_utf16IDsE13do_max_lengthEv	std::__ndk1::__codecvt_utf8_utf16<char16_t>::do_max_length() const
std::__ndk1::__codecvt_utf8_utf16<char32_t>	0	0	0	0x5b1eb4	_ZNSt6__ndk117__widen_from_utf8ILm32EED2Ev	std::__ndk1::__widen_from_utf8<32ul>::~__widen_from_utf8()
std::__ndk1::__codecvt_utf8_utf16<char32_t>	0	0	1	0x5e0f5c	_ZNSt6__ndk120__codecvt_utf8_utf16IDiED0Ev	std::__ndk1::__codecvt_utf8_utf16<char32_t>::~__codecvt_utf8_utf16()
std::__ndk1::__codecvt_utf8_utf16<char32_t>	0	0	2	0x5d5c00	_ZNSt6__ndk16locale5facet16__on_zero_sharedEv	std::__ndk1::locale::facet::__on_zero_shared()
std::__ndk1::__codecvt_utf8_utf16<char32_t>	0	0	3	0x5dbd88	_ZNKSt6__ndk120__codecvt_utf8_utf16IDiE6do_outER9mbstate_tPKDiS5_RS5_PcS7_RS7_	std::__ndk1::__codecvt_utf8_utf16<char32_t>::do_out(mbstate_t&, char32_t const*, char32_t const*, char32_t const*&, char*, char*, char*&) const
std::__ndk1::__codecvt_utf8_utf16<char32_t>	0	0	4	0x5dbe1c	_ZNKSt6__ndk120__codecvt_utf8_utf16IDiE5do_inER9mbstate_tPKcS5_RS5_PDiS7_RS7_	std::__ndk1::__codecvt_utf8_utf16<char32_t>::do_in(mbstate_t&, char const*, char const*, char const*&, char32_t*, char32_t*, char32_t*&) const
std::__ndk1::__codecvt_utf8_utf16<char32_t>	0	0	5	0x5dbeb0	_ZNKSt6__ndk120__codecvt_utf8_utf16IDiE10do_unshiftER9mbstate_tPcS4_RS4_	std::__ndk1::__codecvt_utf8_utf16<char32_t>::do_unshift(mbstate_t&, char*, char*, char*&) const
std::__ndk1::__codecvt_utf8_utf16<char32_t>	0	0	6	0x5dbebc	_ZNKSt6__ndk120__codecvt_utf8_utf16IDiE11do_encodingEv	std::__ndk1::__codecvt_utf8_utf16<char32_t>::do_encoding() const
std::__ndk1::__codecvt_utf8_utf16<char32_t>	0	0	7	0x5dbec4	_ZNKSt6__ndk120__codecvt_utf8_utf16IDiE16do_always_noconvEv	std::__ndk1::__codecvt_utf8_utf16<char32_t>::do_always_noconv() const
std::__ndk1::__codecvt_utf8_utf16<char32_t>	0	0	8	0x5dbecc	_ZNKSt6__ndk120__codecvt_utf8_utf16IDiE9do_lengthER9mbstate_tPKcS5_m	std::__ndk1::__codecvt_utf8_utf16<char32_t>::do_length(mbstate_t&, char const*, char const*, unsigned long) const
std::__ndk1::__codecvt_utf8_utf16<char32_t>	0	0	9	0x5dbee8	_ZNKSt6__ndk120__codecvt_utf8_utf16IDiE13do_max_lengthEv	std::__ndk1::__codecvt_utf8_utf16<char32_t>::do_max_length() const
std::__ndk1::__codecvt_utf8_utf16<wchar_t>	0	0	0	0x5e0d34	_ZNSt6__ndk17codecvtIwc9mbstate_tED2Ev	std::__ndk1::codecvt<wchar_t, char, mbstate_t>::~codecvt()
std::__ndk1::__codecvt_utf8_utf16<wchar_t>	0	0	1	0x5e0f38	_ZNSt6__ndk120__codecvt_utf8_utf16IwED0Ev	std::__ndk1::__codecvt_utf8_utf16<wchar_t>::~__codecvt_utf8_utf16()
std::__ndk1::__codecvt_utf8_utf16<wchar_t>	0	0	2	0x5d5c00	_ZNSt6__ndk16locale5facet16__on_zero_sharedEv	std::__ndk1::locale::facet::__on_zero_shared()
std::__ndk1::__codecvt_utf8_utf16<wchar_t>	0	0	3	0x5db518	_ZNKSt6__ndk120__codecvt_utf8_utf16IwE6do_outER9mbstate_tPKwS5_RS5_PcS7_RS7_	std::__ndk1::__codecvt_utf8_utf16<wchar_t>::do_out(mbstate_t&, wchar_t const*, wchar_t const*, wchar_t const*&, char*, char*, char*&) const
std::__ndk1::__codecvt_utf8_utf16<wchar_t>	0	0	4	0x5db828	_ZNKSt6__ndk120__codecvt_utf8_utf16IwE5do_inER9mbstate_tPKcS5_RS5_PwS7_RS7_	std::__ndk1::__codecvt_utf8_utf16<wchar_t>::do_in(mbstate_t&, char const*, char const*, char const*&, wchar_t*, wchar_t*, wchar_t*&) const
std::__ndk1::__codecvt_utf8_utf16<wchar_t>	0	0	5	0x5dbbc0	_ZNKSt6__ndk120__codecvt_utf8_utf16IwE10do_unshiftER9mbstate_tPcS4_RS4_	std::__ndk1::__codecvt_utf8_utf16<wchar_t>::do_unshift(mbstate_t&, char*, char*, char*&) const
std::__ndk1::__codecvt_utf8_utf16<wchar_t>	0	0	6	0x5dbbcc	_ZNKSt6__ndk120__codecvt_utf8_utf16IwE11do_encodingEv	std::__ndk1::__codecvt_utf8_utf16<wchar_t>::do_encoding() const
std::__ndk1::__codecvt_utf8_utf16<wchar_t>	0	0	7	0x5dbbd4	_ZNKSt6__ndk120__codecvt_utf8_utf16IwE16do_always_noconvEv	std::__ndk1::__codecvt_utf8_utf16<wchar_t>::do_always_noconv() const
std::__ndk1::__codecvt_utf8_utf16<wchar_t>	0	0	8	0x5dbbdc	_ZNKSt6__ndk120__codecvt_utf8_utf16IwE9do_lengthER9mbstate_tPKcS5_m	std::__ndk1::__codecvt_utf8_utf16<wchar_t>::do_length(mbstate_t&, char const*, char const*, unsigned long) const
std::__ndk1::__codecvt_utf8_utf16<wchar_t>	0	0	9	0x5dbbf8	_ZNKSt6__ndk120__codecvt_utf8_utf16IwE13do_max_lengthEv	std::__ndk1::__codecvt_utf8_utf16<wchar_t>::do_max_length() const
std::__ndk1::__narrow_to_utf8<16ul>	0	0	0	0x5b1eb4	_ZNSt6__ndk117__widen_from_utf8ILm32EED2Ev	std::__ndk1::__widen_from_utf8<32ul>::~__widen_from_utf8()
std::__ndk1::__narrow_to_utf8<16ul>	0	0	1	0x5dbf00	_ZNSt6__ndk116__narrow_to_utf8ILm16EED0Ev	std::__ndk1::__narrow_to_utf8<16ul>::~__narrow_to_utf8()
std::__ndk1::__narrow_to_utf8<16ul>	0	0	2	0x5d5c00	_ZNSt6__ndk16locale5facet16__on_zero_sharedEv	std::__ndk1::locale::facet::__on_zero_shared()
std::__ndk1::__narrow_to_utf8<16ul>	0	0	3	0x5d8cd8	_ZNKSt6__ndk17codecvtIDsc9mbstate_tE6do_outERS1_PKDsS5_RS5_PcS7_RS7_	std::__ndk1::codecvt<char16_t, char, mbstate_t>::do_out(mbstate_t&, char16_t const*, char16_t const*, char16_t const*&, char*, char*, char*&) const
std::__ndk1::__narrow_to_utf8<16ul>	0	0	4	0x5d8fec	_ZNKSt6__ndk17codecvtIDsc9mbstate_tE5do_inERS1_PKcS5_RS5_PDsS7_RS7_	std::__ndk1::codecvt<char16_t, char, mbstate_t>::do_in(mbstate_t&, char const*, char const*, char const*&, char16_t*, char16_t*, char16_t*&) const
std::__ndk1::__narrow_to_utf8<16ul>	0	0	5	0x5d9384	_ZNKSt6__ndk17codecvtIDsc9mbstate_tE10do_unshiftERS1_PcS4_RS4_	std::__ndk1::codecvt<char16_t, char, mbstate_t>::do_unshift(mbstate_t&, char*, char*, char*&) const
std::__ndk1::__narrow_to_utf8<16ul>	0	0	6	0x5d9390	_ZNKSt6__ndk17codecvtIDsc9mbstate_tE11do_encodingEv	std::__ndk1::codecvt<char16_t, char, mbstate_t>::do_encoding() const
std::__ndk1::__narrow_to_utf8<16ul>	0	0	7	0x5d9398	_ZNKSt6__ndk17codecvtIDsc9mbstate_tE16do_always_noconvEv	std::__ndk1::codecvt<char16_t, char, mbstate_t>::do_always_noconv() const
std::__ndk1::__narrow_to_utf8<16ul>	0	0	8	0x5d93a0	_ZNKSt6__ndk17codecvtIDsc9mbstate_tE9do_lengthERS1_PKcS5_m	std::__ndk1::codecvt<char16_t, char, mbstate_t>::do_length(mbstate_t&, char const*, char const*, unsigned long) const
std::__ndk1::__narrow_to_utf8<16ul>	0	0	9	0x5d95bc	_ZNKSt6__ndk17codecvtIDsc9mbstate_tE13do_max_lengthEv	std::__ndk1::codecvt<char16_t, char, mbstate_t>::do_max_length() const
std::__ndk1::__narrow_to_utf8<32ul>	0	0	0	0x5b1eb4	_ZNSt6__ndk117__widen_from_utf8ILm32EED2Ev	std::__ndk1::__widen_from_utf8<32ul>::~__widen_from_utf8()
std::__ndk1::__narrow_to_utf8<32ul>	0	0	1	0x5dbf24	_ZNSt6__ndk116__narrow_to_utf8ILm32EED0Ev	std::__ndk1::__narrow_to_utf8<32ul>::~__narrow_to_utf8()
std::__ndk1::__narrow_to_utf8<32ul>	0	0	2	0x5d5c00	_ZNSt6__ndk16locale5facet16__on_zero_sharedEv	std::__ndk1::locale::facet::__on_zero_shared()
std::__ndk1::__narrow_to_utf8<32ul>	0	0	3	0x5d95e8	_ZNKSt6__ndk17codecvtIDic9mbstate_tE6do_outERS1_PKDiS5_RS5_PcS7_RS7_	std::__ndk1::codecvt<char32_t, char, mbstate_t>::do_out(mbstate_t&, char32_t const*, char32_t const*, char32_t const*&, char*, char*, char*&) const
std::__ndk1::__narrow_to_utf8<32ul>	0	0	4	0x5d98a0	_ZNKSt6__ndk17codecvtIDic9mbstate_tE5do_inERS1_PKcS5_RS5_PDiS7_RS7_	std::__ndk1::codecvt<char32_t, char, mbstate_t>::do_in(mbstate_t&, char const*, char const*, char const*&, char32_t*, char32_t*, char32_t*&) const
std::__ndk1::__narrow_to_utf8<32ul>	0	0	5	0x5d9bd4	_ZNKSt6__ndk17codecvtIDic9mbstate_tE10do_unshiftERS1_PcS4_RS4_	std::__ndk1::codecvt<char32_t, char, mbstate_t>::do_unshift(mbstate_t&, char*, char*, char*&) const
std::__ndk1::__narrow_to_utf8<32ul>	0	0	6	0x5d9be0	_ZNKSt6__ndk17codecvtIDic9mbstate_tE11do_encodingEv	std::__ndk1::codecvt<char32_t, char, mbstate_t>::do_encoding() const
std::__ndk1::__narrow_to_utf8<32ul>	0	0	7	0x5d9be8	_ZNKSt6__ndk17codecvtIDic9mbstate_tE16do_always_noconvEv	std::__ndk1::codecvt<char32_t, char, mbstate_t>::do_always_noconv() const
std::__ndk1::__narrow_to_utf8<32ul>	0	0	8	0x5d9bf0	_ZNKSt6__ndk17codecvtIDic9mbstate_tE9do_lengthERS1_PKcS5_m	std::__ndk1::codecvt<char32_t, char, mbstate_t>::do_length(mbstate_t&, char const*, char const*, unsigned long) const
std::__ndk1::__narrow_to_utf8<32ul>	0	0	9	0x5d9e18	_ZNKSt6__ndk17codecvtIDic9mbstate_tE13do_max_lengthEv	std::__ndk1::codecvt<char32_t, char, mbstate_t>::do_max_length() const
std::__ndk1::__shared_count	0	0	0	0x5e271c	_ZNSt6__ndk119__shared_weak_countD1Ev	std::__ndk1::__shared_weak_count::~__shared_weak_count()
std::__ndk1::__shared_count	0	0	1	0x5e2720	_ZNSt6__ndk114__shared_countD0Ev	std::__ndk1::__shared_count::~__shared_count()
std::__ndk1::__shared_count	0	0	2	0x5f3460	__cxa_pure_virtual	__cxa_pure_virtual
std::__ndk1::__shared_weak_count	0	0	0	0x5e271c	_ZNSt6__ndk119__shared_weak_countD1Ev	std::__ndk1::__shared_weak_count::~__shared_weak_count()
std::__ndk1::__shared_weak_count	0	0	1	0x5e2724	_ZNSt6__ndk119__shared_weak_countD0Ev	std::__ndk1::__shared_weak_count::~__shared_weak_count()
std::__ndk1::__shared_weak_count	0	0	2	0x5f3460	__cxa_pure_virtual	__cxa_pure_virtual
std::__ndk1::__shared_weak_count	0	0	3	0x5e28a0	_ZNKSt6__ndk119__shared_weak_count13__get_deleterERKSt9type_info	std::__ndk1::__shared_weak_count::__get_deleter(std::type_info const&) const
std::__ndk1::__shared_weak_count	0	0	4	0x5f3460	__cxa_pure_virtual	__cxa_pure_virtual
std::__ndk1::__widen_from_utf8<16ul>	0	0	0	0x5b1eb4	_ZNSt6__ndk117__widen_from_utf8ILm32EED2Ev	std::__ndk1::__widen_from_utf8<32ul>::~__widen_from_utf8()
std::__ndk1::__widen_from_utf8<16ul>	0	0	1	0x5dbf48	_ZNSt6__ndk117__widen_from_utf8ILm16EED0Ev	std::__ndk1::__widen_from_utf8<16ul>::~__widen_from_utf8()
std::__ndk1::__widen_from_utf8<16ul>	0	0	2	0x5d5c00	_ZNSt6__ndk16locale5facet16__on_zero_sharedEv	std::__ndk1::locale::facet::__on_zero_shared()
std::__ndk1::__widen_from_utf8<16ul>	0	0	3	0x5d8cd8	_ZNKSt6__ndk17codecvtIDsc9mbstate_tE6do_outERS1_PKDsS5_RS5_PcS7_RS7_	std::__ndk1::codecvt<char16_t, char, mbstate_t>::do_out(mbstate_t&, char16_t const*, char16_t const*, char16_t const*&, char*, char*, char*&) const
std::__ndk1::__widen_from_utf8<16ul>	0	0	4	0x5d8fec	_ZNKSt6__ndk17codecvtIDsc9mbstate_tE5do_inERS1_PKcS5_RS5_PDsS7_RS7_	std::__ndk1::codecvt<char16_t, char, mbstate_t>::do_in(mbstate_t&, char const*, char const*, char const*&, char16_t*, char16_t*, char16_t*&) const
std::__ndk1::__widen_from_utf8<16ul>	0	0	5	0x5d9384	_ZNKSt6__ndk17codecvtIDsc9mbstate_tE10do_unshiftERS1_PcS4_RS4_	std::__ndk1::codecvt<char16_t, char, mbstate_t>::do_unshift(mbstate_t&, char*, char*, char*&) const
std::__ndk1::__widen_from_utf8<16ul>	0	0	6	0x5d9390	_ZNKSt6__ndk17codecvtIDsc9mbstate_tE11do_encodingEv	std::__ndk1::codecvt<char16_t, char, mbstate_t>::do_encoding() const
std::__ndk1::__widen_from_utf8<16ul>	0	0	7	0x5d9398	_ZNKSt6__ndk17codecvtIDsc9mbstate_tE16do_always_noconvEv	std::__ndk1::codecvt<char16_t, char, mbstate_t>::do_always_noconv() const
std::__ndk1::__widen_from_utf8<16ul>	0	0	8	0x5d93a0	_ZNKSt6__ndk17codecvtIDsc9mbstate_tE9do_lengthERS1_PKcS5_m	std::__ndk1::codecvt<char16_t, char, mbstate_t>::do_length(mbstate_t&, char const*, char const*, unsigned long) const
std::__ndk1::__widen_from_utf8<16ul>	0	0	9	0x5d95bc	_ZNKSt6__ndk17codecvtIDsc9mbstate_tE13do_max_lengthEv	std::__ndk1::codecvt<char16_t, char, mbstate_t>::do_max_length() const
std::__ndk1::__widen_from_utf8<32ul>	0	0	0	0x5b1eb4	_ZNSt6__ndk117__widen_from_utf8ILm32EED2Ev	std::__ndk1::__widen_from_utf8<32ul>::~__widen_from_utf8()
std::__ndk1::__widen_from_utf8<32ul>	0	0	1	0x5dbf6c	_ZNSt6__ndk117__widen_from_utf8ILm32EED0Ev	std::__ndk1::__widen_from_utf8<32ul>::~__widen_from_utf8()
std::__ndk1::__widen_from_utf8<32ul>	0	0	2	0x5d5c00	_ZNSt6__ndk16locale5facet16__on_zero_sharedEv	std::__ndk1::locale::facet::__on_zero_shared()
std::__ndk1::__widen_from_utf8<32ul>	0	0	3	0x5d95e8	_ZNKSt6__ndk17codecvtIDic9mbstate_tE6do_outERS1_PKDiS5_RS5_PcS7_RS7_	std::__ndk1::codecvt<char32_t, char, mbstate_t>::do_out(mbstate_t&, char32_t const*, char32_t const*, char32_t const*&, char*, char*, char*&) const
std::__ndk1::__widen_from_utf8<32ul>	0	0	4	0x5d98a0	_ZNKSt6__ndk17codecvtIDic9mbstate_tE5do_inERS1_PKcS5_RS5_PDiS7_RS7_	std::__ndk1::codecvt<char32_t, char, mbstate_t>::do_in(mbstate_t&, char const*, char const*, char const*&, char32_t*, char32_t*, char32_t*&) const
std::__ndk1::__widen_from_utf8<32ul>	0	0	5	0x5d9bd4	_ZNKSt6__ndk17codecvtIDic9mbstate_tE10do_unshiftERS1_PcS4_RS4_	std::__ndk1::codecvt<char32_t, char, mbstate_t>::do_unshift(mbstate_t&, char*, char*, char*&) const
std::__ndk1::__widen_from_utf8<32ul>	0	0	6	0x5d9be0	_ZNKSt6__ndk17codecvtIDic9mbstate_tE11do_encodingEv	std::__ndk1::codecvt<char32_t, char, mbstate_t>::do_encoding() const
std::__ndk1::__widen_from_utf8<32ul>	0	0	7	0x5d9be8	_ZNKSt6__ndk17codecvtIDic9mbstate_tE16do_always_noconvEv	std::__ndk1::codecvt<char32_t, char, mbstate_t>::do_always_noconv() const
std::__ndk1::__widen_from_utf8<32ul>	0	0	8	0x5d9bf0	_ZNKSt6__ndk17codecvtIDic9mbstate_tE9do_lengthERS1_PKcS5_m	std::__ndk1::codecvt<char32_t, char, mbstate_t>::do_length(mbstate_t&, char const*, char const*, unsigned long) const
std::__ndk1::__widen_from_utf8<32ul>	0	0	9	0x5d9e18	_ZNKSt6__ndk17codecvtIDic9mbstate_tE13do_max_lengthEv	std::__ndk1::codecvt<char32_t, char, mbstate_t>::do_max_length() const
std::__ndk1::bad_weak_ptr	0	0	0	0x5e26e8	_ZNSt6__ndk112bad_weak_ptrD2Ev	std::__ndk1::bad_weak_ptr::~bad_weak_ptr()
std::__ndk1::bad_weak_ptr	0	0	1	0x5e26ec	_ZNSt6__ndk112bad_weak_ptrD0Ev	std::__ndk1::bad_weak_ptr::~bad_weak_ptr()
std::__ndk1::bad_weak_ptr	0	0	2	0x5e2710	_ZNKSt6__ndk112bad_weak_ptr4whatEv	std::__ndk1::bad_weak_ptr::what() const
std::__ndk1::basic_filebuf<char, std::__ndk1::char_traits<char>>	0	0	0	0x3d476c	_ZNSt6__ndk113basic_filebufIcNS_11char_traitsIcEEED2Ev	std::__ndk1::basic_filebuf<char, std::__ndk1::char_traits<char>>::~basic_filebuf()
std::__ndk1::basic_filebuf<char, std::__ndk1::char_traits<char>>	0	0	1	0x3d4868	_ZNSt6__ndk113basic_filebufIcNS_11char_traitsIcEEED0Ev	std::__ndk1::basic_filebuf<char, std::__ndk1::char_traits<char>>::~basic_filebuf()
std::__ndk1::basic_filebuf<char, std::__ndk1::char_traits<char>>	0	0	2	0x3d488c	_ZNSt6__ndk113basic_filebufIcNS_11char_traitsIcEEE5imbueERKNS_6localeE	std::__ndk1::basic_filebuf<char, std::__ndk1::char_traits<char>>::imbue(std::__ndk1::locale const&)
std::__ndk1::basic_filebuf<char, std::__ndk1::char_traits<char>>	0	0	3	0x3d497c	_ZNSt6__ndk113basic_filebufIcNS_11char_traitsIcEEE6setbufEPcl	std::__ndk1::basic_filebuf<char, std::__ndk1::char_traits<char>>::setbuf(char*, long)
std::__ndk1::basic_filebuf<char, std::__ndk1::char_traits<char>>	0	0	4	0x3d4a7c	_ZNSt6__ndk113basic_filebufIcNS_11char_traitsIcEEE7seekoffExNS_8ios_base7seekdirEj	std::__ndk1::basic_filebuf<char, std::__ndk1::char_traits<char>>::seekoff(long long, std::__ndk1::ios_base::seekdir, unsigned int)
std::__ndk1::basic_filebuf<char, std::__ndk1::char_traits<char>>	0	0	5	0x3d4b60	_ZNSt6__ndk113basic_filebufIcNS_11char_traitsIcEEE7seekposENS_4fposI9mbstate_tEEj	std::__ndk1::basic_filebuf<char, std::__ndk1::char_traits<char>>::seekpos(std::__ndk1::fpos<mbstate_t>, unsigned int)
std::__ndk1::basic_filebuf<char, std::__ndk1::char_traits<char>>	0	0	6	0x3d4bd0	_ZNSt6__ndk113basic_filebufIcNS_11char_traitsIcEEE4syncEv	std::__ndk1::basic_filebuf<char, std::__ndk1::char_traits<char>>::sync()
std::__ndk1::basic_filebuf<char, std::__ndk1::char_traits<char>>	0	0	7	0x3d4de4	_ZNSt6__ndk115basic_streambufIcNS_11char_traitsIcEEE9showmanycEv	std::__ndk1::basic_streambuf<char, std::__ndk1::char_traits<char>>::showmanyc()
std::__ndk1::basic_filebuf<char, std::__ndk1::char_traits<char>>	0	0	8	0x3d4dec	_ZNSt6__ndk115basic_streambufIcNS_11char_traitsIcEEE6xsgetnEPcl	std::__ndk1::basic_streambuf<char, std::__ndk1::char_traits<char>>::xsgetn(char*, long)
std::__ndk1::basic_filebuf<char, std::__ndk1::char_traits<char>>	0	0	9	0x3d4eb0	_ZNSt6__ndk113basic_filebufIcNS_11char_traitsIcEEE9underflowEv	std::__ndk1::basic_filebuf<char, std::__ndk1::char_traits<char>>::underflow()
std::__ndk1::basic_filebuf<char, std::__ndk1::char_traits<char>>	0	0	10	0x3d515c	_ZNSt6__ndk115basic_streambufIcNS_11char_traitsIcEEE5uflowEv	std::__ndk1::basic_streambuf<char, std::__ndk1::char_traits<char>>::uflow()
std::__ndk1::basic_filebuf<char, std::__ndk1::char_traits<char>>	0	0	11	0x3d519c	_ZNSt6__ndk113basic_filebufIcNS_11char_traitsIcEEE9pbackfailEi	std::__ndk1::basic_filebuf<char, std::__ndk1::char_traits<char>>::pbackfail(int)
std::__ndk1::basic_filebuf<char, std::__ndk1::char_traits<char>>	0	0	12	0x3d51fc	_ZNSt6__ndk115basic_streambufIcNS_11char_traitsIcEEE6xsputnEPKcl	std::__ndk1::basic_streambuf<char, std::__ndk1::char_traits<char>>::xsputn(char const*, long)
std::__ndk1::basic_filebuf<char, std::__ndk1::char_traits<char>>	0	0	13	0x3d52b8	_ZNSt6__ndk113basic_filebufIcNS_11char_traitsIcEEE8overflowEi	std::__ndk1::basic_filebuf<char, std::__ndk1::char_traits<char>>::overflow(int)
std::__ndk1::basic_ios<char, std::__ndk1::char_traits<char>>	0	0	0	0x5a4130	_ZNSt6__ndk19basic_iosIcNS_11char_traitsIcEEED1Ev	std::__ndk1::basic_ios<char, std::__ndk1::char_traits<char>>::~basic_ios()
std::__ndk1::basic_ios<char, std::__ndk1::char_traits<char>>	0	0	1	0x5a4134	_ZNSt6__ndk19basic_iosIcNS_11char_traitsIcEEED0Ev	std::__ndk1::basic_ios<char, std::__ndk1::char_traits<char>>::~basic_ios()
std::__ndk1::basic_ios<wchar_t, std::__ndk1::char_traits<wchar_t>>	0	0	0	0x5a4f34	_ZNSt6__ndk19basic_iosIwNS_11char_traitsIwEEED1Ev	std::__ndk1::basic_ios<wchar_t, std::__ndk1::char_traits<wchar_t>>::~basic_ios()
std::__ndk1::basic_ios<wchar_t, std::__ndk1::char_traits<wchar_t>>	0	0	1	0x5a4f38	_ZNSt6__ndk19basic_iosIwNS_11char_traitsIwEEED0Ev	std::__ndk1::basic_ios<wchar_t, std::__ndk1::char_traits<wchar_t>>::~basic_ios()
std::__ndk1::basic_streambuf<char, std::__ndk1::char_traits<char>>	0	0	0	0x3d54b8	_ZNSt6__ndk115basic_streambufIcNS_11char_traitsIcEEED2Ev	std::__ndk1::basic_streambuf<char, std::__ndk1::char_traits<char>>::~basic_streambuf()
std::__ndk1::basic_streambuf<char, std::__ndk1::char_traits<char>>	0	0	1	0x3d54cc	_ZNSt6__ndk115basic_streambufIcNS_11char_traitsIcEEED0Ev	std::__ndk1::basic_streambuf<char, std::__ndk1::char_traits<char>>::~basic_streambuf()
std::__ndk1::basic_streambuf<char, std::__ndk1::char_traits<char>>	0	0	2	0x3d5500	_ZNSt6__ndk115basic_streambufIcNS_11char_traitsIcEEE5imbueERKNS_6localeE	std::__ndk1::basic_streambuf<char, std::__ndk1::char_traits<char>>::imbue(std::__ndk1::locale const&)
std::__ndk1::basic_streambuf<char, std::__ndk1::char_traits<char>>	0	0	3	0x3d5504	_ZNSt6__ndk115basic_streambufIcNS_11char_traitsIcEEE6setbufEPcl	std::__ndk1::basic_streambuf<char, std::__ndk1::char_traits<char>>::setbuf(char*, long)
std::__ndk1::basic_streambuf<char, std::__ndk1::char_traits<char>>	0	0	4	0x3d5508	_ZNSt6__ndk115basic_streambufIcNS_11char_traitsIcEEE7seekoffExNS_8ios_base7seekdirEj	std::__ndk1::basic_streambuf<char, std::__ndk1::char_traits<char>>::seekoff(long long, std::__ndk1::ios_base::seekdir, unsigned int)
std::__ndk1::basic_streambuf<char, std::__ndk1::char_traits<char>>	0	0	5	0x3d5514	_ZNSt6__ndk115basic_streambufIcNS_11char_traitsIcEEE7seekposENS_4fposI9mbstate_tEEj	std::__ndk1::basic_streambuf<char, std::__ndk1::char_traits<char>>::seekpos(std::__ndk1::fpos<mbstate_t>, unsigned int)
std::__ndk1::basic_streambuf<char, std::__ndk1::char_traits<char>>	0	0	6	0x3d5520	_ZNSt6__ndk115basic_streambufIcNS_11char_traitsIcEEE4syncEv	std::__ndk1::basic_streambuf<char, std::__ndk1::char_traits<char>>::sync()
std::__ndk1::basic_streambuf<char, std::__ndk1::char_traits<char>>	0	0	7	0x3d4de4	_ZNSt6__ndk115basic_streambufIcNS_11char_traitsIcEEE9showmanycEv	std::__ndk1::basic_streambuf<char, std::__ndk1::char_traits<char>>::showmanyc()
std::__ndk1::basic_streambuf<char, std::__ndk1::char_traits<char>>	0	0	8	0x3d4dec	_ZNSt6__ndk115basic_streambufIcNS_11char_traitsIcEEE6xsgetnEPcl	std::__ndk1::basic_streambuf<char, std::__ndk1::char_traits<char>>::xsgetn(char*, long)
std::__ndk1::basic_streambuf<char, std::__ndk1::char_traits<char>>	0	0	9	0x3d5528	_ZNSt6__ndk115basic_streambufIcNS_11char_traitsIcEEE9underflowEv	std::__ndk1::basic_streambuf<char, std::__ndk1::char_traits<char>>::underflow()
std::__ndk1::basic_streambuf<char, std::__ndk1::char_traits<char>>	0	0	10	0x3d515c	_ZNSt6__ndk115basic_streambufIcNS_11char_traitsIcEEE5uflowEv	std::__ndk1::basic_streambuf<char, std::__ndk1::char_traits<char>>::uflow()
std::__ndk1::basic_streambuf<char, std::__ndk1::char_traits<char>>	0	0	11	0x3d5530	_ZNSt6__ndk115basic_streambufIcNS_11char_traitsIcEEE9pbackfailEi	std::__ndk1::basic_streambuf<char, std::__ndk1::char_traits<char>>::pbackfail(int)
std::__ndk1::basic_streambuf<char, std::__ndk1::char_traits<char>>	0	0	12	0x3d51fc	_ZNSt6__ndk115basic_streambufIcNS_11char_traitsIcEEE6xsputnEPKcl	std::__ndk1::basic_streambuf<char, std::__ndk1::char_traits<char>>::xsputn(char const*, long)
std::__ndk1::basic_streambuf<char, std::__ndk1::char_traits<char>>	0	0	13	0x3d5538	_ZNSt6__ndk115basic_streambufIcNS_11char_traitsIcEEE8overflowEi	std::__ndk1::basic_streambuf<char, std::__ndk1::char_traits<char>>::overflow(int)
std::__ndk1::basic_streambuf<wchar_t, std::__ndk1::char_traits<wchar_t>>	0	0	0	0x5a59ac	_ZNSt6__ndk115basic_streambufIwNS_11char_traitsIwEEED1Ev	std::__ndk1::basic_streambuf<wchar_t, std::__ndk1::char_traits<wchar_t>>::~basic_streambuf()
std::__ndk1::basic_streambuf<wchar_t, std::__ndk1::char_traits<wchar_t>>	0	0	1	0x5a59c0	_ZNSt6__ndk115basic_streambufIwNS_11char_traitsIwEEED0Ev	std::__ndk1::basic_streambuf<wchar_t, std::__ndk1::char_traits<wchar_t>>::~basic_streambuf()
std::__ndk1::basic_streambuf<wchar_t, std::__ndk1::char_traits<wchar_t>>	0	0	2	0x5a5df8	_ZNSt6__ndk115basic_streambufIwNS_11char_traitsIwEEE5imbueERKNS_6localeE	std::__ndk1::basic_streambuf<wchar_t, std::__ndk1::char_traits<wchar_t>>::imbue(std::__ndk1::locale const&)
std::__ndk1::basic_streambuf<wchar_t, std::__ndk1::char_traits<wchar_t>>	0	0	3	0x5a5dfc	_ZNSt6__ndk115basic_streambufIwNS_11char_traitsIwEEE6setbufEPwl	std::__ndk1::basic_streambuf<wchar_t, std::__ndk1::char_traits<wchar_t>>::setbuf(wchar_t*, long)
std::__ndk1::basic_streambuf<wchar_t, std::__ndk1::char_traits<wchar_t>>	0	0	4	0x5a5e00	_ZNSt6__ndk115basic_streambufIwNS_11char_traitsIwEEE7seekoffExNS_8ios_base7seekdirEj	std::__ndk1::basic_streambuf<wchar_t, std::__ndk1::char_traits<wchar_t>>::seekoff(long long, std::__ndk1::ios_base::seekdir, unsigned int)
std::__ndk1::basic_streambuf<wchar_t, std::__ndk1::char_traits<wchar_t>>	0	0	5	0x5a5e0c	_ZNSt6__ndk115basic_streambufIwNS_11char_traitsIwEEE7seekposENS_4fposI9mbstate_tEEj	std::__ndk1::basic_streambuf<wchar_t, std::__ndk1::char_traits<wchar_t>>::seekpos(std::__ndk1::fpos<mbstate_t>, unsigned int)
std::__ndk1::basic_streambuf<wchar_t, std::__ndk1::char_traits<wchar_t>>	0	0	6	0x5a5e18	_ZNSt6__ndk115basic_streambufIwNS_11char_traitsIwEEE4syncEv	std::__ndk1::basic_streambuf<wchar_t, std::__ndk1::char_traits<wchar_t>>::sync()
std::__ndk1::basic_streambuf<wchar_t, std::__ndk1::char_traits<wchar_t>>	0	0	7	0x5a5e20	_ZNSt6__ndk115basic_streambufIwNS_11char_traitsIwEEE9showmanycEv	std::__ndk1::basic_streambuf<wchar_t, std::__ndk1::char_traits<wchar_t>>::showmanyc()
std::__ndk1::basic_streambuf<wchar_t, std::__ndk1::char_traits<wchar_t>>	0	0	8	0x5a5e28	_ZNSt6__ndk115basic_streambufIwNS_11char_traitsIwEEE6xsgetnEPwl	std::__ndk1::basic_streambuf<wchar_t, std::__ndk1::char_traits<wchar_t>>::xsgetn(wchar_t*, long)
std::__ndk1::basic_streambuf<wchar_t, std::__ndk1::char_traits<wchar_t>>	0	0	9	0x5a5ef8	_ZNSt6__ndk115basic_streambufIwNS_11char_traitsIwEEE9underflowEv	std::__ndk1::basic_streambuf<wchar_t, std::__ndk1::char_traits<wchar_t>>::underflow()
std::__ndk1::basic_streambuf<wchar_t, std::__ndk1::char_traits<wchar_t>>	0	0	10	0x5a5f00	_ZNSt6__ndk115basic_streambufIwNS_11char_traitsIwEEE5uflowEv	std::__ndk1::basic_streambuf<wchar_t, std::__ndk1::char_traits<wchar_t>>::uflow()
std::__ndk1::basic_streambuf<wchar_t, std::__ndk1::char_traits<wchar_t>>	0	0	11	0x5a5f40	_ZNSt6__ndk115basic_streambufIwNS_11char_traitsIwEEE9pbackfailEj	std::__ndk1::basic_streambuf<wchar_t, std::__ndk1::char_traits<wchar_t>>::pbackfail(unsigned int)
std::__ndk1::basic_streambuf<wchar_t, std::__ndk1::char_traits<wchar_t>>	0	0	12	0x5a5f48	_ZNSt6__ndk115basic_streambufIwNS_11char_traitsIwEEE6xsputnEPKwl	std::__ndk1::basic_streambuf<wchar_t, std::__ndk1::char_traits<wchar_t>>::xsputn(wchar_t const*, long)
std::__ndk1::basic_streambuf<wchar_t, std::__ndk1::char_traits<wchar_t>>	0	0	13	0x5a6018	_ZNSt6__ndk115basic_streambufIwNS_11char_traitsIwEEE8overflowEj	std::__ndk1::basic_streambuf<wchar_t, std::__ndk1::char_traits<wchar_t>>::overflow(unsigned int)
std::__ndk1::basic_stringbuf<char, std::__ndk1::char_traits<char>, std::__ndk1::allocator<char>>	0	0	0	0x3f9350	_ZNSt6__ndk115basic_stringbufIcNS_11char_traitsIcEENS_9allocatorIcEEED2Ev	std::__ndk1::basic_stringbuf<char, std::__ndk1::char_traits<char>, std::__ndk1::allocator<char>>::~basic_stringbuf()
std::__ndk1::basic_stringbuf<char, std::__ndk1::char_traits<char>, std::__ndk1::allocator<char>>	0	0	1	0x3f93a0	_ZNSt6__ndk115basic_stringbufIcNS_11char_traitsIcEENS_9allocatorIcEEED0Ev	std::__ndk1::basic_stringbuf<char, std::__ndk1::char_traits<char>, std::__ndk1::allocator<char>>::~basic_stringbuf()
std::__ndk1::basic_stringbuf<char, std::__ndk1::char_traits<char>, std::__ndk1::allocator<char>>	0	0	2	0x3d5500	_ZNSt6__ndk115basic_streambufIcNS_11char_traitsIcEEE5imbueERKNS_6localeE	std::__ndk1::basic_streambuf<char, std::__ndk1::char_traits<char>>::imbue(std::__ndk1::locale const&)
std::__ndk1::basic_stringbuf<char, std::__ndk1::char_traits<char>, std::__ndk1::allocator<char>>	0	0	3	0x3d5504	_ZNSt6__ndk115basic_streambufIcNS_11char_traitsIcEEE6setbufEPcl	std::__ndk1::basic_streambuf<char, std::__ndk1::char_traits<char>>::setbuf(char*, long)
std::__ndk1::basic_stringbuf<char, std::__ndk1::char_traits<char>, std::__ndk1::allocator<char>>	0	0	4	0x3f93f8	_ZNSt6__ndk115basic_stringbufIcNS_11char_traitsIcEENS_9allocatorIcEEE7seekoffExNS_8ios_base7seekdirEj	std::__ndk1::basic_stringbuf<char, std::__ndk1::char_traits<char>, std::__ndk1::allocator<char>>::seekoff(long long, std::__ndk1::ios_base::seekdir, unsigned int)
std::__ndk1::basic_stringbuf<char, std::__ndk1::char_traits<char>, std::__ndk1::allocator<char>>	0	0	5	0x3f94ec		
std::__ndk1::basic_stringbuf<char, std::__ndk1::char_traits<char>, std::__ndk1::allocator<char>>	0	0	6	0x3d5520	_ZNSt6__ndk115basic_streambufIcNS_11char_traitsIcEEE4syncEv	std::__ndk1::basic_streambuf<char, std::__ndk1::char_traits<char>>::sync()
std::__ndk1::basic_stringbuf<char, std::__ndk1::char_traits<char>, std::__ndk1::allocator<char>>	0	0	7	0x3d4de4	_ZNSt6__ndk115basic_streambufIcNS_11char_traitsIcEEE9showmanycEv	std::__ndk1::basic_streambuf<char, std::__ndk1::char_traits<char>>::showmanyc()
std::__ndk1::basic_stringbuf<char, std::__ndk1::char_traits<char>, std::__ndk1::allocator<char>>	0	0	8	0x3d4dec	_ZNSt6__ndk115basic_streambufIcNS_11char_traitsIcEEE6xsgetnEPcl	std::__ndk1::basic_streambuf<char, std::__ndk1::char_traits<char>>::xsgetn(char*, long)
std::__ndk1::basic_stringbuf<char, std::__ndk1::char_traits<char>, std::__ndk1::allocator<char>>	0	0	9	0x3f9500	_ZNSt6__ndk115basic_stringbufIcNS_11char_traitsIcEENS_9allocatorIcEEE9underflowEv	std::__ndk1::basic_stringbuf<char, std::__ndk1::char_traits<char>, std::__ndk1::allocator<char>>::underflow()
std::__ndk1::basic_stringbuf<char, std::__ndk1::char_traits<char>, std::__ndk1::allocator<char>>	0	0	10	0x3d515c	_ZNSt6__ndk115basic_streambufIcNS_11char_traitsIcEEE5uflowEv	std::__ndk1::basic_streambuf<char, std::__ndk1::char_traits<char>>::uflow()
std::__ndk1::basic_stringbuf<char, std::__ndk1::char_traits<char>, std::__ndk1::allocator<char>>	0	0	11	0x3f9550	_ZNSt6__ndk115basic_stringbufIcNS_11char_traitsIcEENS_9allocatorIcEEE9pbackfailEi	std::__ndk1::basic_stringbuf<char, std::__ndk1::char_traits<char>, std::__ndk1::allocator<char>>::pbackfail(int)
std::__ndk1::basic_stringbuf<char, std::__ndk1::char_traits<char>, std::__ndk1::allocator<char>>	0	0	12	0x3d51fc	_ZNSt6__ndk115basic_streambufIcNS_11char_traitsIcEEE6xsputnEPKcl	std::__ndk1::basic_streambuf<char, std::__ndk1::char_traits<char>>::xsputn(char const*, long)
std::__ndk1::basic_stringbuf<char, std::__ndk1::char_traits<char>, std::__ndk1::allocator<char>>	0	0	13	0x3f95c0	_ZNSt6__ndk115basic_stringbufIcNS_11char_traitsIcEENS_9allocatorIcEEE8overflowEi	std::__ndk1::basic_stringbuf<char, std::__ndk1::char_traits<char>, std::__ndk1::allocator<char>>::overflow(int)
std::__ndk1::codecvt<char, char, mbstate_t>	0	0	0	0x5b1eb4	_ZNSt6__ndk117__widen_from_utf8ILm32EED2Ev	std::__ndk1::__widen_from_utf8<32ul>::~__widen_from_utf8()
std::__ndk1::codecvt<char, char, mbstate_t>	0	0	1	0x5d8178	_ZNSt6__ndk17codecvtIcc9mbstate_tED0Ev	std::__ndk1::codecvt<char, char, mbstate_t>::~codecvt()
std::__ndk1::codecvt<char, char, mbstate_t>	0	0	2	0x5d5c00	_ZNSt6__ndk16locale5facet16__on_zero_sharedEv	std::__ndk1::locale::facet::__on_zero_shared()
std::__ndk1::codecvt<char, char, mbstate_t>	0	0	3	0x5d819c	_ZNKSt6__ndk17codecvtIcc9mbstate_tE6do_outERS1_PKcS5_RS5_PcS7_RS7_	std::__ndk1::codecvt<char, char, mbstate_t>::do_out(mbstate_t&, char const*, char const*, char const*&, char*, char*, char*&) const
std::__ndk1::codecvt<char, char, mbstate_t>	0	0	4	0x5d81ac	_ZNKSt6__ndk17codecvtIcc9mbstate_tE5do_inERS1_PKcS5_RS5_PcS7_RS7_	std::__ndk1::codecvt<char, char, mbstate_t>::do_in(mbstate_t&, char const*, char const*, char const*&, char*, char*, char*&) const
std::__ndk1::codecvt<char, char, mbstate_t>	0	0	5	0x5d81bc	_ZNKSt6__ndk17codecvtIcc9mbstate_tE10do_unshiftERS1_PcS4_RS4_	std::__ndk1::codecvt<char, char, mbstate_t>::do_unshift(mbstate_t&, char*, char*, char*&) const
std::__ndk1::codecvt<char, char, mbstate_t>	0	0	6	0x5d81c8	_ZNKSt6__ndk17codecvtIcc9mbstate_tE11do_encodingEv	std::__ndk1::codecvt<char, char, mbstate_t>::do_encoding() const
std::__ndk1::codecvt<char, char, mbstate_t>	0	0	7	0x5d81d0	_ZNKSt6__ndk17codecvtIcc9mbstate_tE16do_always_noconvEv	std::__ndk1::codecvt<char, char, mbstate_t>::do_always_noconv() const
std::__ndk1::codecvt<char, char, mbstate_t>	0	0	8	0x5d81d8	_ZNKSt6__ndk17codecvtIcc9mbstate_tE9do_lengthERS1_PKcS5_m	std::__ndk1::codecvt<char, char, mbstate_t>::do_length(mbstate_t&, char const*, char const*, unsigned long) const
std::__ndk1::codecvt<char, char, mbstate_t>	0	0	9	0x5d81e8	_ZNKSt6__ndk17codecvtIcc9mbstate_tE13do_max_lengthEv	std::__ndk1::codecvt<char, char, mbstate_t>::do_max_length() const
std::__ndk1::codecvt<char16_t, char, mbstate_t>	0	0	0	0x5b1eb4	_ZNSt6__ndk117__widen_from_utf8ILm32EED2Ev	std::__ndk1::__widen_from_utf8<32ul>::~__widen_from_utf8()
std::__ndk1::codecvt<char16_t, char, mbstate_t>	0	0	1	0x5d8cb4	_ZNSt6__ndk17codecvtIDsc9mbstate_tED0Ev	std::__ndk1::codecvt<char16_t, char, mbstate_t>::~codecvt()
std::__ndk1::codecvt<char16_t, char, mbstate_t>	0	0	2	0x5d5c00	_ZNSt6__ndk16locale5facet16__on_zero_sharedEv	std::__ndk1::locale::facet::__on_zero_shared()
std::__ndk1::codecvt<char16_t, char, mbstate_t>	0	0	3	0x5d8cd8	_ZNKSt6__ndk17codecvtIDsc9mbstate_tE6do_outERS1_PKDsS5_RS5_PcS7_RS7_	std::__ndk1::codecvt<char16_t, char, mbstate_t>::do_out(mbstate_t&, char16_t const*, char16_t const*, char16_t const*&, char*, char*, char*&) const
std::__ndk1::codecvt<char16_t, char, mbstate_t>	0	0	4	0x5d8fec	_ZNKSt6__ndk17codecvtIDsc9mbstate_tE5do_inERS1_PKcS5_RS5_PDsS7_RS7_	std::__ndk1::codecvt<char16_t, char, mbstate_t>::do_in(mbstate_t&, char const*, char const*, char const*&, char16_t*, char16_t*, char16_t*&) const
std::__ndk1::codecvt<char16_t, char, mbstate_t>	0	0	5	0x5d9384	_ZNKSt6__ndk17codecvtIDsc9mbstate_tE10do_unshiftERS1_PcS4_RS4_	std::__ndk1::codecvt<char16_t, char, mbstate_t>::do_unshift(mbstate_t&, char*, char*, char*&) const
std::__ndk1::codecvt<char16_t, char, mbstate_t>	0	0	6	0x5d9390	_ZNKSt6__ndk17codecvtIDsc9mbstate_tE11do_encodingEv	std::__ndk1::codecvt<char16_t, char, mbstate_t>::do_encoding() const
std::__ndk1::codecvt<char16_t, char, mbstate_t>	0	0	7	0x5d9398	_ZNKSt6__ndk17codecvtIDsc9mbstate_tE16do_always_noconvEv	std::__ndk1::codecvt<char16_t, char, mbstate_t>::do_always_noconv() const
std::__ndk1::codecvt<char16_t, char, mbstate_t>	0	0	8	0x5d93a0	_ZNKSt6__ndk17codecvtIDsc9mbstate_tE9do_lengthERS1_PKcS5_m	std::__ndk1::codecvt<char16_t, char, mbstate_t>::do_length(mbstate_t&, char const*, char const*, unsigned long) const
std::__ndk1::codecvt<char16_t, char, mbstate_t>	0	0	9	0x5d95bc	_ZNKSt6__ndk17codecvtIDsc9mbstate_tE13do_max_lengthEv	std::__ndk1::codecvt<char16_t, char, mbstate_t>::do_max_length() const
std::__ndk1::codecvt<char32_t, char, mbstate_t>	0	0	0	0x5b1eb4	_ZNSt6__ndk117__widen_from_utf8ILm32EED2Ev	std::__ndk1::__widen_from_utf8<32ul>::~__widen_from_utf8()
std::__ndk1::codecvt<char32_t, char, mbstate_t>	0	0	1	0x5d95c4	_ZNSt6__ndk17codecvtIDic9mbstate_tED0Ev	std::__ndk1::codecvt<char32_t, char, mbstate_t>::~codecvt()
std::__ndk1::codecvt<char32_t, char, mbstate_t>	0	0	2	0x5d5c00	_ZNSt6__ndk16locale5facet16__on_zero_sharedEv	std::__ndk1::locale::facet::__on_zero_shared()
std::__ndk1::codecvt<char32_t, char, mbstate_t>	0	0	3	0x5d95e8	_ZNKSt6__ndk17codecvtIDic9mbstate_tE6do_outERS1_PKDiS5_RS5_PcS7_RS7_	std::__ndk1::codecvt<char32_t, char, mbstate_t>::do_out(mbstate_t&, char32_t const*, char32_t const*, char32_t const*&, char*, char*, char*&) const
std::__ndk1::codecvt<char32_t, char, mbstate_t>	0	0	4	0x5d98a0	_ZNKSt6__ndk17codecvtIDic9mbstate_tE5do_inERS1_PKcS5_RS5_PDiS7_RS7_	std::__ndk1::codecvt<char32_t, char, mbstate_t>::do_in(mbstate_t&, char const*, char const*, char const*&, char32_t*, char32_t*, char32_t*&) const
std::__ndk1::codecvt<char32_t, char, mbstate_t>	0	0	5	0x5d9bd4	_ZNKSt6__ndk17codecvtIDic9mbstate_tE10do_unshiftERS1_PcS4_RS4_	std::__ndk1::codecvt<char32_t, char, mbstate_t>::do_unshift(mbstate_t&, char*, char*, char*&) const
std::__ndk1::codecvt<char32_t, char, mbstate_t>	0	0	6	0x5d9be0	_ZNKSt6__ndk17codecvtIDic9mbstate_tE11do_encodingEv	std::__ndk1::codecvt<char32_t, char, mbstate_t>::do_encoding() const
std::__ndk1::codecvt<char32_t, char, mbstate_t>	0	0	7	0x5d9be8	_ZNKSt6__ndk17codecvtIDic9mbstate_tE16do_always_noconvEv	std::__ndk1::codecvt<char32_t, char, mbstate_t>::do_always_noconv() const
std::__ndk1::codecvt<char32_t, char, mbstate_t>	0	0	8	0x5d9bf0	_ZNKSt6__ndk17codecvtIDic9mbstate_tE9do_lengthERS1_PKcS5_m	std::__ndk1::codecvt<char32_t, char, mbstate_t>::do_length(mbstate_t&, char const*, char const*, unsigned long) const
std::__ndk1::codecvt<char32_t, char, mbstate_t>	0	0	9	0x5d9e18	_ZNKSt6__ndk17codecvtIDic9mbstate_tE13do_max_lengthEv	std::__ndk1::codecvt<char32_t, char, mbstate_t>::do_max_length() const
std::__ndk1::codecvt<wchar_t, char, mbstate_t>	0	0	0	0x5e0d34	_ZNSt6__ndk17codecvtIwc9mbstate_tED2Ev	std::__ndk1::codecvt<wchar_t, char, mbstate_t>::~codecvt()
std::__ndk1::codecvt<wchar_t, char, mbstate_t>	0	0	1	0x5d82a8	_ZNSt6__ndk17codecvtIwc9mbstate_tED0Ev	std::__ndk1::codecvt<wchar_t, char, mbstate_t>::~codecvt()
std::__ndk1::codecvt<wchar_t, char, mbstate_t>	0	0	2	0x5d5c00	_ZNSt6__ndk16locale5facet16__on_zero_sharedEv	std::__ndk1::locale::facet::__on_zero_shared()
std::__ndk1::codecvt<wchar_t, char, mbstate_t>	0	0	3	0x5d82cc	_ZNKSt6__ndk17codecvtIwc9mbstate_tE6do_outERS1_PKwS5_RS5_PcS7_RS7_	std::__ndk1::codecvt<wchar_t, char, mbstate_t>::do_out(mbstate_t&, wchar_t const*, wchar_t const*, wchar_t const*&, char*, char*, char*&) const
std::__ndk1::codecvt<wchar_t, char, mbstate_t>	0	0	4	0x5d8618	_ZNKSt6__ndk17codecvtIwc9mbstate_tE5do_inERS1_PKcS5_RS5_PwS7_RS7_	std::__ndk1::codecvt<wchar_t, char, mbstate_t>::do_in(mbstate_t&, char const*, char const*, char const*&, wchar_t*, wchar_t*, wchar_t*&) const
std::__ndk1::codecvt<wchar_t, char, mbstate_t>	0	0	5	0x5d894c	_ZNKSt6__ndk17codecvtIwc9mbstate_tE10do_unshiftERS1_PcS4_RS4_	std::__ndk1::codecvt<wchar_t, char, mbstate_t>::do_unshift(mbstate_t&, char*, char*, char*&) const
std::__ndk1::codecvt<wchar_t, char, mbstate_t>	0	0	6	0x5d8a74	_ZNKSt6__ndk17codecvtIwc9mbstate_tE11do_encodingEv	std::__ndk1::codecvt<wchar_t, char, mbstate_t>::do_encoding() const
std::__ndk1::codecvt<wchar_t, char, mbstate_t>	0	0	7	0x5d8b48	_ZNKSt6__ndk17codecvtIwc9mbstate_tE16do_always_noconvEv	std::__ndk1::codecvt<wchar_t, char, mbstate_t>::do_always_noconv() const
std::__ndk1::codecvt<wchar_t, char, mbstate_t>	0	0	8	0x5d8b50	_ZNKSt6__ndk17codecvtIwc9mbstate_tE9do_lengthERS1_PKcS5_m	std::__ndk1::codecvt<wchar_t, char, mbstate_t>::do_length(mbstate_t&, char const*, char const*, unsigned long) const
std::__ndk1::codecvt<wchar_t, char, mbstate_t>	0	0	9	0x5d8c44	_ZNKSt6__ndk17codecvtIwc9mbstate_tE13do_max_lengthEv	std::__ndk1::codecvt<wchar_t, char, mbstate_t>::do_max_length() const
std::__ndk1::codecvt_byname<char, char, mbstate_t>	0	0	0	0x5cd580	_ZNSt6__ndk114codecvt_bynameIcc9mbstate_tED1Ev	std::__ndk1::codecvt_byname<char, char, mbstate_t>::~codecvt_byname()
std::__ndk1::codecvt_byname<char, char, mbstate_t>	0	0	1	0x5cd584	_ZNSt6__ndk114codecvt_bynameIcc9mbstate_tED0Ev	std::__ndk1::codecvt_byname<char, char, mbstate_t>::~codecvt_byname()
std::__ndk1::codecvt_byname<char, char, mbstate_t>	0	0	2	0x5d5c00	_ZNSt6__ndk16locale5facet16__on_zero_sharedEv	std::__ndk1::locale::facet::__on_zero_shared()
std::__ndk1::codecvt_byname<char, char, mbstate_t>	0	0	3	0x5d819c	_ZNKSt6__ndk17codecvtIcc9mbstate_tE6do_outERS1_PKcS5_RS5_PcS7_RS7_	std::__ndk1::codecvt<char, char, mbstate_t>::do_out(mbstate_t&, char const*, char const*, char const*&, char*, char*, char*&) const
std::__ndk1::codecvt_byname<char, char, mbstate_t>	0	0	4	0x5d81ac	_ZNKSt6__ndk17codecvtIcc9mbstate_tE5do_inERS1_PKcS5_RS5_PcS7_RS7_	std::__ndk1::codecvt<char, char, mbstate_t>::do_in(mbstate_t&, char const*, char const*, char const*&, char*, char*, char*&) const
std::__ndk1::codecvt_byname<char, char, mbstate_t>	0	0	5	0x5d81bc	_ZNKSt6__ndk17codecvtIcc9mbstate_tE10do_unshiftERS1_PcS4_RS4_	std::__ndk1::codecvt<char, char, mbstate_t>::do_unshift(mbstate_t&, char*, char*, char*&) const
std::__ndk1::codecvt_byname<char, char, mbstate_t>	0	0	6	0x5d81c8	_ZNKSt6__ndk17codecvtIcc9mbstate_tE11do_encodingEv	std::__ndk1::codecvt<char, char, mbstate_t>::do_encoding() const
std::__ndk1::codecvt_byname<char, char, mbstate_t>	0	0	7	0x5d81d0	_ZNKSt6__ndk17codecvtIcc9mbstate_tE16do_always_noconvEv	std::__ndk1::codecvt<char, char, mbstate_t>::do_always_noconv() const
std::__ndk1::codecvt_byname<char, char, mbstate_t>	0	0	8	0x5d81d8	_ZNKSt6__ndk17codecvtIcc9mbstate_tE9do_lengthERS1_PKcS5_m	std::__ndk1::codecvt<char, char, mbstate_t>::do_length(mbstate_t&, char const*, char const*, unsigned long) const
std::__ndk1::codecvt_byname<char, char, mbstate_t>	0	0	9	0x5d81e8	_ZNKSt6__ndk17codecvtIcc9mbstate_tE13do_max_lengthEv	std::__ndk1::codecvt<char, char, mbstate_t>::do_max_length() const
std::__ndk1::codecvt_byname<char16_t, char, mbstate_t>	0	0	0	0x5cd7ec	_ZNSt6__ndk114codecvt_bynameIDsc9mbstate_tED2Ev	std::__ndk1::codecvt_byname<char16_t, char, mbstate_t>::~codecvt_byname()
std::__ndk1::codecvt_byname<char16_t, char, mbstate_t>	0	0	1	0x5cd7f0	_ZNSt6__ndk114codecvt_bynameIDsc9mbstate_tED0Ev	std::__ndk1::codecvt_byname<char16_t, char, mbstate_t>::~codecvt_byname()
std::__ndk1::codecvt_byname<char16_t, char, mbstate_t>	0	0	2	0x5d5c00	_ZNSt6__ndk16locale5facet16__on_zero_sharedEv	std::__ndk1::locale::facet::__on_zero_shared()
std::__ndk1::codecvt_byname<char16_t, char, mbstate_t>	0	0	3	0x5d8cd8	_ZNKSt6__ndk17codecvtIDsc9mbstate_tE6do_outERS1_PKDsS5_RS5_PcS7_RS7_	std::__ndk1::codecvt<char16_t, char, mbstate_t>::do_out(mbstate_t&, char16_t const*, char16_t const*, char16_t const*&, char*, char*, char*&) const
std::__ndk1::codecvt_byname<char16_t, char, mbstate_t>	0	0	4	0x5d8fec	_ZNKSt6__ndk17codecvtIDsc9mbstate_tE5do_inERS1_PKcS5_RS5_PDsS7_RS7_	std::__ndk1::codecvt<char16_t, char, mbstate_t>::do_in(mbstate_t&, char const*, char const*, char const*&, char16_t*, char16_t*, char16_t*&) const
std::__ndk1::codecvt_byname<char16_t, char, mbstate_t>	0	0	5	0x5d9384	_ZNKSt6__ndk17codecvtIDsc9mbstate_tE10do_unshiftERS1_PcS4_RS4_	std::__ndk1::codecvt<char16_t, char, mbstate_t>::do_unshift(mbstate_t&, char*, char*, char*&) const
std::__ndk1::codecvt_byname<char16_t, char, mbstate_t>	0	0	6	0x5d9390	_ZNKSt6__ndk17codecvtIDsc9mbstate_tE11do_encodingEv	std::__ndk1::codecvt<char16_t, char, mbstate_t>::do_encoding() const
std::__ndk1::codecvt_byname<char16_t, char, mbstate_t>	0	0	7	0x5d9398	_ZNKSt6__ndk17codecvtIDsc9mbstate_tE16do_always_noconvEv	std::__ndk1::codecvt<char16_t, char, mbstate_t>::do_always_noconv() const
std::__ndk1::codecvt_byname<char16_t, char, mbstate_t>	0	0	8	0x5d93a0	_ZNKSt6__ndk17codecvtIDsc9mbstate_tE9do_lengthERS1_PKcS5_m	std::__ndk1::codecvt<char16_t, char, mbstate_t>::do_length(mbstate_t&, char const*, char const*, unsigned long) const
std::__ndk1::codecvt_byname<char16_t, char, mbstate_t>	0	0	9	0x5d95bc	_ZNKSt6__ndk17codecvtIDsc9mbstate_tE13do_max_lengthEv	std::__ndk1::codecvt<char16_t, char, mbstate_t>::do_max_length() const
std::__ndk1::codecvt_byname<char32_t, char, mbstate_t>	0	0	0	0x5cd844	_ZNSt6__ndk114codecvt_bynameIDic9mbstate_tED1Ev	std::__ndk1::codecvt_byname<char32_t, char, mbstate_t>::~codecvt_byname()
std::__ndk1::codecvt_byname<char32_t, char, mbstate_t>	0	0	1	0x5cd848	_ZNSt6__ndk114codecvt_bynameIDic9mbstate_tED0Ev	std::__ndk1::codecvt_byname<char32_t, char, mbstate_t>::~codecvt_byname()
std::__ndk1::codecvt_byname<char32_t, char, mbstate_t>	0	0	2	0x5d5c00	_ZNSt6__ndk16locale5facet16__on_zero_sharedEv	std::__ndk1::locale::facet::__on_zero_shared()
std::__ndk1::codecvt_byname<char32_t, char, mbstate_t>	0	0	3	0x5d95e8	_ZNKSt6__ndk17codecvtIDic9mbstate_tE6do_outERS1_PKDiS5_RS5_PcS7_RS7_	std::__ndk1::codecvt<char32_t, char, mbstate_t>::do_out(mbstate_t&, char32_t const*, char32_t const*, char32_t const*&, char*, char*, char*&) const
std::__ndk1::codecvt_byname<char32_t, char, mbstate_t>	0	0	4	0x5d98a0	_ZNKSt6__ndk17codecvtIDic9mbstate_tE5do_inERS1_PKcS5_RS5_PDiS7_RS7_	std::__ndk1::codecvt<char32_t, char, mbstate_t>::do_in(mbstate_t&, char const*, char const*, char const*&, char32_t*, char32_t*, char32_t*&) const
std::__ndk1::codecvt_byname<char32_t, char, mbstate_t>	0	0	5	0x5d9bd4	_ZNKSt6__ndk17codecvtIDic9mbstate_tE10do_unshiftERS1_PcS4_RS4_	std::__ndk1::codecvt<char32_t, char, mbstate_t>::do_unshift(mbstate_t&, char*, char*, char*&) const
std::__ndk1::codecvt_byname<char32_t, char, mbstate_t>	0	0	6	0x5d9be0	_ZNKSt6__ndk17codecvtIDic9mbstate_tE11do_encodingEv	std::__ndk1::codecvt<char32_t, char, mbstate_t>::do_encoding() const
std::__ndk1::codecvt_byname<char32_t, char, mbstate_t>	0	0	7	0x5d9be8	_ZNKSt6__ndk17codecvtIDic9mbstate_tE16do_always_noconvEv	std::__ndk1::codecvt<char32_t, char, mbstate_t>::do_always_noconv() const
std::__ndk1::codecvt_byname<char32_t, char, mbstate_t>	0	0	8	0x5d9bf0	_ZNKSt6__ndk17codecvtIDic9mbstate_tE9do_lengthERS1_PKcS5_m	std::__ndk1::codecvt<char32_t, char, mbstate_t>::do_length(mbstate_t&, char const*, char const*, unsigned long) const
std::__ndk1::codecvt_byname<char32_t, char, mbstate_t>	0	0	9	0x5d9e18	_ZNKSt6__ndk17codecvtIDic9mbstate_tE13do_max_lengthEv	std::__ndk1::codecvt<char32_t, char, mbstate_t>::do_max_length() const
std::__ndk1::codecvt_byname<wchar_t, char, mbstate_t>	0	0	0	0x5cd794	_ZNSt6__ndk114codecvt_bynameIwc9mbstate_tED2Ev	std::__ndk1::codecvt_byname<wchar_t, char, mbstate_t>::~codecvt_byname()
std::__ndk1::codecvt_byname<wchar_t, char, mbstate_t>	0	0	1	0x5cd798	_ZNSt6__ndk114codecvt_bynameIwc9mbstate_tED0Ev	std::__ndk1::codecvt_byname<wchar_t, char, mbstate_t>::~codecvt_byname()
std::__ndk1::codecvt_byname<wchar_t, char, mbstate_t>	0	0	2	0x5d5c00	_ZNSt6__ndk16locale5facet16__on_zero_sharedEv	std::__ndk1::locale::facet::__on_zero_shared()
std::__ndk1::codecvt_byname<wchar_t, char, mbstate_t>	0	0	3	0x5d82cc	_ZNKSt6__ndk17codecvtIwc9mbstate_tE6do_outERS1_PKwS5_RS5_PcS7_RS7_	std::__ndk1::codecvt<wchar_t, char, mbstate_t>::do_out(mbstate_t&, wchar_t const*, wchar_t const*, wchar_t const*&, char*, char*, char*&) const
std::__ndk1::codecvt_byname<wchar_t, char, mbstate_t>	0	0	4	0x5d8618	_ZNKSt6__ndk17codecvtIwc9mbstate_tE5do_inERS1_PKcS5_RS5_PwS7_RS7_	std::__ndk1::codecvt<wchar_t, char, mbstate_t>::do_in(mbstate_t&, char const*, char const*, char const*&, wchar_t*, wchar_t*, wchar_t*&) const
std::__ndk1::codecvt_byname<wchar_t, char, mbstate_t>	0	0	5	0x5d894c	_ZNKSt6__ndk17codecvtIwc9mbstate_tE10do_unshiftERS1_PcS4_RS4_	std::__ndk1::codecvt<wchar_t, char, mbstate_t>::do_unshift(mbstate_t&, char*, char*, char*&) const
std::__ndk1::codecvt_byname<wchar_t, char, mbstate_t>	0	0	6	0x5d8a74	_ZNKSt6__ndk17codecvtIwc9mbstate_tE11do_encodingEv	std::__ndk1::codecvt<wchar_t, char, mbstate_t>::do_encoding() const
std::__ndk1::codecvt_byname<wchar_t, char, mbstate_t>	0	0	7	0x5d8b48	_ZNKSt6__ndk17codecvtIwc9mbstate_tE16do_always_noconvEv	std::__ndk1::codecvt<wchar_t, char, mbstate_t>::do_always_noconv() const
std::__ndk1::codecvt_byname<wchar_t, char, mbstate_t>	0	0	8	0x5d8b50	_ZNKSt6__ndk17codecvtIwc9mbstate_tE9do_lengthERS1_PKcS5_m	std::__ndk1::codecvt<wchar_t, char, mbstate_t>::do_length(mbstate_t&, char const*, char const*, unsigned long) const
std::__ndk1::codecvt_byname<wchar_t, char, mbstate_t>	0	0	9	0x5d8c44	_ZNKSt6__ndk17codecvtIwc9mbstate_tE13do_max_lengthEv	std::__ndk1::codecvt<wchar_t, char, mbstate_t>::do_max_length() const
std::__ndk1::collate<char>	0	0	0	0x5b1eb0	_ZNSt6__ndk17collateIcED2Ev	std::__ndk1::collate<char>::~collate()
std::__ndk1::collate<char>	0	0	1	0x5b1eb8	_ZNSt6__ndk17collateIcED0Ev	std::__ndk1::collate<char>::~collate()
std::__ndk1::collate<char>	0	0	2	0x5d5c00	_ZNSt6__ndk16locale5facet16__on_zero_sharedEv	std::__ndk1::locale::facet::__on_zero_shared()
std::__ndk1::collate<char>	0	0	3	0x5b1edc	_ZNKSt6__ndk17collateIcE10do_compareEPKcS3_S3_S3_	std::__ndk1::collate<char>::do_compare(char const*, char const*, char const*, char const*) const
std::__ndk1::collate<char>	0	0	4	0x5b1f38	_ZNKSt6__ndk17collateIcE12do_transformEPKcS3_	std::__ndk1::collate<char>::do_transform(char const*, char const*) const
std::__ndk1::collate<char>	0	0	5	0x5b2030	_ZNKSt6__ndk17collateIcE7do_hashEPKcS3_	std::__ndk1::collate<char>::do_hash(char const*, char const*) const
std::__ndk1::collate<wchar_t>	0	0	0	0x5b20a0	_ZNSt6__ndk17collateIwED1Ev	std::__ndk1::collate<wchar_t>::~collate()
std::__ndk1::collate<wchar_t>	0	0	1	0x5b20a4	_ZNSt6__ndk17collateIwED0Ev	std::__ndk1::collate<wchar_t>::~collate()
std::__ndk1::collate<wchar_t>	0	0	2	0x5d5c00	_ZNSt6__ndk16locale5facet16__on_zero_sharedEv	std::__ndk1::locale::facet::__on_zero_shared()
std::__ndk1::collate<wchar_t>	0	0	3	0x5b20c8	_ZNKSt6__ndk17collateIwE10do_compareEPKwS3_S3_S3_	std::__ndk1::collate<wchar_t>::do_compare(wchar_t const*, wchar_t const*, wchar_t const*, wchar_t const*) const
std::__ndk1::collate<wchar_t>	0	0	4	0x5b2124	_ZNKSt6__ndk17collateIwE12do_transformEPKwS3_	std::__ndk1::collate<wchar_t>::do_transform(wchar_t const*, wchar_t const*) const
std::__ndk1::collate<wchar_t>	0	0	5	0x5b2134	_ZNKSt6__ndk17collateIwE7do_hashEPKwS3_	std::__ndk1::collate<wchar_t>::do_hash(wchar_t const*, wchar_t const*) const
std::__ndk1::collate_byname<char>	0	0	0	0x5d5ed4	_ZNSt6__ndk114collate_bynameIcED2Ev	std::__ndk1::collate_byname<char>::~collate_byname()
std::__ndk1::collate_byname<char>	0	0	1	0x5d5f20	_ZNSt6__ndk114collate_bynameIcED0Ev	std::__ndk1::collate_byname<char>::~collate_byname()
std::__ndk1::collate_byname<char>	0	0	2	0x5d5c00	_ZNSt6__ndk16locale5facet16__on_zero_sharedEv	std::__ndk1::locale::facet::__on_zero_shared()
std::__ndk1::collate_byname<char>	0	0	3	0x5d5f74	_ZNKSt6__ndk114collate_bynameIcE10do_compareEPKcS3_S3_S3_	std::__ndk1::collate_byname<char>::do_compare(char const*, char const*, char const*, char const*) const
std::__ndk1::collate_byname<char>	0	0	4	0x5d61e8	_ZNKSt6__ndk114collate_bynameIcE12do_transformEPKcS3_	std::__ndk1::collate_byname<char>::do_transform(char const*, char const*) const
std::__ndk1::collate_byname<char>	0	0	5	0x5b2030	_ZNKSt6__ndk17collateIcE7do_hashEPKcS3_	std::__ndk1::collate<char>::do_hash(char const*, char const*) const
std::__ndk1::collate_byname<wchar_t>	0	0	0	0x5d6654	_ZNSt6__ndk114collate_bynameIwED2Ev	std::__ndk1::collate_byname<wchar_t>::~collate_byname()
std::__ndk1::collate_byname<wchar_t>	0	0	1	0x5d66a0	_ZNSt6__ndk114collate_bynameIwED0Ev	std::__ndk1::collate_byname<wchar_t>::~collate_byname()
std::__ndk1::collate_byname<wchar_t>	0	0	2	0x5d5c00	_ZNSt6__ndk16locale5facet16__on_zero_sharedEv	std::__ndk1::locale::facet::__on_zero_shared()
std::__ndk1::collate_byname<wchar_t>	0	0	3	0x5d66f4	_ZNKSt6__ndk114collate_bynameIwE10do_compareEPKwS3_S3_S3_	std::__ndk1::collate_byname<wchar_t>::do_compare(wchar_t const*, wchar_t const*, wchar_t const*, wchar_t const*) const
std::__ndk1::collate_byname<wchar_t>	0	0	4	0x5d67f8	_ZNKSt6__ndk114collate_bynameIwE12do_transformEPKwS3_	std::__ndk1::collate_byname<wchar_t>::do_transform(wchar_t const*, wchar_t const*) const
std::__ndk1::collate_byname<wchar_t>	0	0	5	0x5b2134	_ZNKSt6__ndk17collateIwE7do_hashEPKwS3_	std::__ndk1::collate<wchar_t>::do_hash(wchar_t const*, wchar_t const*) const
std::__ndk1::ctype<char>	0	0	0	0x5d6eb0	_ZNSt6__ndk15ctypeIcED1Ev	std::__ndk1::ctype<char>::~ctype()
std::__ndk1::ctype<char>	0	0	1	0x5d6ef4	_ZNSt6__ndk15ctypeIcED0Ev	std::__ndk1::ctype<char>::~ctype()
std::__ndk1::ctype<char>	0	0	2	0x5d5c00	_ZNSt6__ndk16locale5facet16__on_zero_sharedEv	std::__ndk1::locale::facet::__on_zero_shared()
std::__ndk1::ctype<char>	0	0	3	0x5d6f40	_ZNKSt6__ndk15ctypeIcE10do_toupperEc	std::__ndk1::ctype<char>::do_toupper(char) const
std::__ndk1::ctype<char>	0	0	4	0x5d6fe4	_ZNKSt6__ndk15ctypeIcE10do_toupperEPcPKc	std::__ndk1::ctype<char>::do_toupper(char*, char const*) const
std::__ndk1::ctype<char>	0	0	5	0x5d70c0	_ZNKSt6__ndk15ctypeIcE10do_tolowerEc	std::__ndk1::ctype<char>::do_tolower(char) const
std::__ndk1::ctype<char>	0	0	6	0x5d7164	_ZNKSt6__ndk15ctypeIcE10do_tolowerEPcPKc	std::__ndk1::ctype<char>::do_tolower(char*, char const*) const
std::__ndk1::ctype<char>	0	0	7	0x5d7240	_ZNKSt6__ndk15ctypeIcE8do_widenEc	std::__ndk1::ctype<char>::do_widen(char) const
std::__ndk1::ctype<char>	0	0	8	0x5d7248	_ZNKSt6__ndk15ctypeIcE8do_widenEPKcS3_Pc	std::__ndk1::ctype<char>::do_widen(char const*, char const*, char*) const
std::__ndk1::ctype<char>	0	0	9	0x5d72d4	_ZNKSt6__ndk15ctypeIcE9do_narrowEcc	std::__ndk1::ctype<char>::do_narrow(char, char) const
std::__ndk1::ctype<char>	0	0	10	0x5d72e4	_ZNKSt6__ndk15ctypeIcE9do_narrowEPKcS3_cPc	std::__ndk1::ctype<char>::do_narrow(char const*, char const*, char, char*) const
std::__ndk1::ctype<wchar_t>	0	0	0	0x5b1eb4	_ZNSt6__ndk117__widen_from_utf8ILm32EED2Ev	std::__ndk1::__widen_from_utf8<32ul>::~__widen_from_utf8()
std::__ndk1::ctype<wchar_t>	0	0	1	0x5d6924	_ZNSt6__ndk15ctypeIwED0Ev	std::__ndk1::ctype<wchar_t>::~ctype()
std::__ndk1::ctype<wchar_t>	0	0	2	0x5d5c00	_ZNSt6__ndk16locale5facet16__on_zero_sharedEv	std::__ndk1::locale::facet::__on_zero_shared()
std::__ndk1::ctype<wchar_t>	0	0	3	0x5d6948	_ZNKSt6__ndk15ctypeIwE5do_isEmw	std::__ndk1::ctype<wchar_t>::do_is(unsigned long, wchar_t) const
std::__ndk1::ctype<wchar_t>	0	0	4	0x5d697c	_ZNKSt6__ndk15ctypeIwE5do_isEPKwS3_Pm	std::__ndk1::ctype<wchar_t>::do_is(wchar_t const*, wchar_t const*, unsigned long*) const
std::__ndk1::ctype<wchar_t>	0	0	5	0x5d69d4	_ZNKSt6__ndk15ctypeIwE10do_scan_isEmPKwS3_	std::__ndk1::ctype<wchar_t>::do_scan_is(unsigned long, wchar_t const*, wchar_t const*) const
std::__ndk1::ctype<wchar_t>	0	0	6	0x5d6a14	_ZNKSt6__ndk15ctypeIwE11do_scan_notEmPKwS3_	std::__ndk1::ctype<wchar_t>::do_scan_not(unsigned long, wchar_t const*, wchar_t const*) const
std::__ndk1::ctype<wchar_t>	0	0	7	0x5d6a54	_ZNKSt6__ndk15ctypeIwE10do_toupperEw	std::__ndk1::ctype<wchar_t>::do_toupper(wchar_t) const
std::__ndk1::ctype<wchar_t>	0	0	8	0x5d6afc	_ZNKSt6__ndk15ctypeIwE10do_toupperEPwPKw	std::__ndk1::ctype<wchar_t>::do_toupper(wchar_t*, wchar_t const*) const
std::__ndk1::ctype<wchar_t>	0	0	9	0x5d6be0	_ZNKSt6__ndk15ctypeIwE10do_tolowerEw	std::__ndk1::ctype<wchar_t>::do_tolower(wchar_t) const
std::__ndk1::ctype<wchar_t>	0	0	10	0x5d6c88	_ZNKSt6__ndk15ctypeIwE10do_tolowerEPwPKw	std::__ndk1::ctype<wchar_t>::do_tolower(wchar_t*, wchar_t const*) const
std::__ndk1::ctype<wchar_t>	0	0	11	0x5d6d68	_ZNKSt6__ndk15ctypeIwE8do_widenEc	std::__ndk1::ctype<wchar_t>::do_widen(char) const
std::__ndk1::ctype<wchar_t>	0	0	12	0x5d6d70	_ZNKSt6__ndk15ctypeIwE8do_widenEPKcS3_Pw	std::__ndk1::ctype<wchar_t>::do_widen(char const*, char const*, wchar_t*) const
std::__ndk1::ctype<wchar_t>	0	0	13	0x5d6d94	_ZNKSt6__ndk15ctypeIwE9do_narrowEwc	std::__ndk1::ctype<wchar_t>::do_narrow(wchar_t, char) const
std::__ndk1::ctype<wchar_t>	0	0	14	0x5d6da0	_ZNKSt6__ndk15ctypeIwE9do_narrowEPKwS3_cPc	std::__ndk1::ctype<wchar_t>::do_narrow(wchar_t const*, wchar_t const*, char, char*) const
std::__ndk1::ctype_byname<char>	0	0	0	0x5e0194	_ZNSt6__ndk112ctype_bynameIcED1Ev	std::__ndk1::ctype_byname<char>::~ctype_byname()
std::__ndk1::ctype_byname<char>	0	0	1	0x5d762c	_ZNSt6__ndk112ctype_bynameIcED0Ev	std::__ndk1::ctype_byname<char>::~ctype_byname()
std::__ndk1::ctype_byname<char>	0	0	2	0x5d5c00	_ZNSt6__ndk16locale5facet16__on_zero_sharedEv	std::__ndk1::locale::facet::__on_zero_shared()
std::__ndk1::ctype_byname<char>	0	0	3	0x5d76a4	_ZNKSt6__ndk112ctype_bynameIcE10do_toupperEc	std::__ndk1::ctype_byname<char>::do_toupper(char) const
std::__ndk1::ctype_byname<char>	0	0	4	0x5d76c0	_ZNKSt6__ndk112ctype_bynameIcE10do_toupperEPcPKc	std::__ndk1::ctype_byname<char>::do_toupper(char*, char const*) const
std::__ndk1::ctype_byname<char>	0	0	5	0x5d7704	_ZNKSt6__ndk112ctype_bynameIcE10do_tolowerEc	std::__ndk1::ctype_byname<char>::do_tolower(char) const
std::__ndk1::ctype_byname<char>	0	0	6	0x5d7720	_ZNKSt6__ndk112ctype_bynameIcE10do_tolowerEPcPKc	std::__ndk1::ctype_byname<char>::do_tolower(char*, char const*) const
std::__ndk1::ctype_byname<char>	0	0	7	0x5d7240	_ZNKSt6__ndk15ctypeIcE8do_widenEc	std::__ndk1::ctype<char>::do_widen(char) const
std::__ndk1::ctype_byname<char>	0	0	8	0x5d7248	_ZNKSt6__ndk15ctypeIcE8do_widenEPKcS3_Pc	std::__ndk1::ctype<char>::do_widen(char const*, char const*, char*) const
std::__ndk1::ctype_byname<char>	0	0	9	0x5d72d4	_ZNKSt6__ndk15ctypeIcE9do_narrowEcc	std::__ndk1::ctype<char>::do_narrow(char, char) const
std::__ndk1::ctype_byname<char>	0	0	10	0x5d72e4	_ZNKSt6__ndk15ctypeIcE9do_narrowEPKcS3_cPc	std::__ndk1::ctype<char>::do_narrow(char const*, char const*, char, char*) const
std::__ndk1::ctype_byname<wchar_t>	0	0	0	0x5e0204	_ZNSt6__ndk112ctype_bynameIwED2Ev	std::__ndk1::ctype_byname<wchar_t>::~ctype_byname()
std::__ndk1::ctype_byname<wchar_t>	0	0	1	0x5d79b4	_ZNSt6__ndk112ctype_bynameIwED0Ev	std::__ndk1::ctype_byname<wchar_t>::~ctype_byname()
std::__ndk1::ctype_byname<wchar_t>	0	0	2	0x5d5c00	_ZNSt6__ndk16locale5facet16__on_zero_sharedEv	std::__ndk1::locale::facet::__on_zero_shared()
std::__ndk1::ctype_byname<wchar_t>	0	0	3	0x5d7a08	_ZNKSt6__ndk112ctype_bynameIwE5do_isEmw	std::__ndk1::ctype_byname<wchar_t>::do_is(unsigned long, wchar_t) const
std::__ndk1::ctype_byname<wchar_t>	0	0	4	0x5d7b70	_ZNKSt6__ndk112ctype_bynameIwE5do_isEPKwS3_Pm	std::__ndk1::ctype_byname<wchar_t>::do_is(wchar_t const*, wchar_t const*, unsigned long*) const
std::__ndk1::ctype_byname<wchar_t>	0	0	5	0x5d7cd4	_ZNKSt6__ndk112ctype_bynameIwE10do_scan_isEmPKwS3_	std::__ndk1::ctype_byname<wchar_t>::do_scan_is(unsigned long, wchar_t const*, wchar_t const*) const
std::__ndk1::ctype_byname<wchar_t>	0	0	6	0x5d7dc0	_ZNKSt6__ndk112ctype_bynameIwE11do_scan_notEmPKwS3_	std::__ndk1::ctype_byname<wchar_t>::do_scan_not(unsigned long, wchar_t const*, wchar_t const*) const
std::__ndk1::ctype_byname<wchar_t>	0	0	7	0x5d7eac	_ZNKSt6__ndk112ctype_bynameIwE10do_toupperEw	std::__ndk1::ctype_byname<wchar_t>::do_toupper(wchar_t) const
std::__ndk1::ctype_byname<wchar_t>	0	0	8	0x5d7eb8	_ZNKSt6__ndk112ctype_bynameIwE10do_toupperEPwPKw	std::__ndk1::ctype_byname<wchar_t>::do_toupper(wchar_t*, wchar_t const*) const
std::__ndk1::ctype_byname<wchar_t>	0	0	9	0x5d7efc	_ZNKSt6__ndk112ctype_bynameIwE10do_tolowerEw	std::__ndk1::ctype_byname<wchar_t>::do_tolower(wchar_t) const
std::__ndk1::ctype_byname<wchar_t>	0	0	10	0x5d7f08	_ZNKSt6__ndk112ctype_bynameIwE10do_tolowerEPwPKw	std::__ndk1::ctype_byname<wchar_t>::do_tolower(wchar_t*, wchar_t const*) const
std::__ndk1::ctype_byname<wchar_t>	0	0	11	0x5d7f4c	_ZNKSt6__ndk112ctype_bynameIwE8do_widenEc	std::__ndk1::ctype_byname<wchar_t>::do_widen(char) const
std::__ndk1::ctype_byname<wchar_t>	0	0	12	0x5d7fb0	_ZNKSt6__ndk112ctype_bynameIwE8do_widenEPKcS3_Pw	std::__ndk1::ctype_byname<wchar_t>::do_widen(char const*, char const*, wchar_t*) const
std::__ndk1::ctype_byname<wchar_t>	0	0	13	0x5d8050	_ZNKSt6__ndk112ctype_bynameIwE9do_narrowEwc	std::__ndk1::ctype_byname<wchar_t>::do_narrow(wchar_t, char) const
std::__ndk1::ctype_byname<wchar_t>	0	0	14	0x5d80c4	_ZNKSt6__ndk112ctype_bynameIwE9do_narrowEPKwS3_cPc	std::__ndk1::ctype_byname<wchar_t>::do_narrow(wchar_t const*, wchar_t const*, char, char*) const
std::__ndk1::error_category	0	0	0	0x5efbb0	_ZNSt6__ndk114error_categoryD1Ev	std::__ndk1::error_category::~error_category()
std::__ndk1::error_category	0	0	1	0x5eed5c	_ZNSt6__ndk114error_categoryD0Ev	std::__ndk1::error_category::~error_category()
std::__ndk1::error_category	0	0	2	0x5f3460	__cxa_pure_virtual	__cxa_pure_virtual
std::__ndk1::error_category	0	0	3	0x5eed60	_ZNKSt6__ndk114error_category23default_error_conditionEi	std::__ndk1::error_category::default_error_condition(int) const
std::__ndk1::error_category	0	0	4	0x5eed70	_ZNKSt6__ndk114error_category10equivalentEiRKNS_15error_conditionE	std::__ndk1::error_category::equivalent(int, std::__ndk1::error_condition const&) const
std::__ndk1::error_category	0	0	5	0x5eedb4	_ZNKSt6__ndk114error_category10equivalentERKNS_10error_codeEi	std::__ndk1::error_category::equivalent(std::__ndk1::error_code const&, int) const
std::__ndk1::error_category	0	0	6	0x5f3460	__cxa_pure_virtual	__cxa_pure_virtual
std::__ndk1::future_error	0	0	0	0x5f0778	_ZNSt6__ndk112future_errorD1Ev	std::__ndk1::future_error::~future_error()
std::__ndk1::future_error	0	0	1	0x5f077c	_ZNSt6__ndk112future_errorD0Ev	std::__ndk1::future_error::~future_error()
std::__ndk1::future_error	0	0	2	0x5f5094	_ZNKSt11logic_error4whatEv	std::logic_error::what() const
std::__ndk1::ios_base	0	0	0	0x5a40ac	_ZNSt6__ndk18ios_baseD1Ev	std::__ndk1::ios_base::~ios_base()
std::__ndk1::ios_base	0	0	1	0x5b08fc	_ZNSt6__ndk18ios_baseD0Ev	std::__ndk1::ios_base::~ios_base()
std::__ndk1::ios_base::failure	0	0	0	0x5b0600	_ZNSt6__ndk18ios_base7failureD2Ev	std::__ndk1::ios_base::failure::~failure()
std::__ndk1::ios_base::failure	0	0	1	0x5b0604	_ZNSt6__ndk18ios_base7failureD0Ev	std::__ndk1::ios_base::failure::~failure()
std::__ndk1::ios_base::failure	0	0	2	0x5f514c	_ZNKSt13runtime_error4whatEv	std::runtime_error::what() const
std::__ndk1::locale::facet	0	0	0	0x5b1eb4	_ZNSt6__ndk117__widen_from_utf8ILm32EED2Ev	std::__ndk1::__widen_from_utf8<32ul>::~__widen_from_utf8()
std::__ndk1::locale::facet	0	0	1	0x5d5bdc	_ZNSt6__ndk16locale5facetD0Ev	std::__ndk1::locale::facet::~facet()
std::__ndk1::locale::facet	0	0	2	0x5d5c00	_ZNSt6__ndk16locale5facet16__on_zero_sharedEv	std::__ndk1::locale::facet::__on_zero_shared()
std::__ndk1::messages<char>	0	0	0	0x5cd3e4		
std::__ndk1::messages<char>	0	0	1	0x5cd3e8		
std::__ndk1::messages<char>	0	0	2	0x5d5c00	_ZNSt6__ndk16locale5facet16__on_zero_sharedEv	std::__ndk1::locale::facet::__on_zero_shared()
std::__ndk1::messages<char>	0	0	3	0x5cd40c	_ZNKSt6__ndk18messagesIcE7do_openERKNS_12basic_stringIcNS_11char_traitsIcEENS_9allocatorIcEEEERKNS_6localeE	std::__ndk1::messages<char>::do_open(std::__ndk1::basic_string<char, std::__ndk1::char_traits<char>, std::__ndk1::allocator<char>> const&, std::__ndk1::locale const&) const
std::__ndk1::messages<char>	0	0	4	0x5cd414	_ZNKSt6__ndk18messagesIcE6do_getEliiRKNS_12basic_stringIcNS_11char_traitsIcEENS_9allocatorIcEEEE	std::__ndk1::messages<char>::do_get(long, int, int, std::__ndk1::basic_string<char, std::__ndk1::char_traits<char>, std::__ndk1::allocator<char>> const&) const
std::__ndk1::messages<char>	0	0	5	0x5cd420	_ZNKSt6__ndk18messagesIcE8do_closeEl	std::__ndk1::messages<char>::do_close(long) const
std::__ndk1::messages<wchar_t>	0	0	0	0x5cd460		
std::__ndk1::messages<wchar_t>	0	0	1	0x5cd464		
std::__ndk1::messages<wchar_t>	0	0	2	0x5d5c00	_ZNSt6__ndk16locale5facet16__on_zero_sharedEv	std::__ndk1::locale::facet::__on_zero_shared()
std::__ndk1::messages<wchar_t>	0	0	3	0x5cd488	_ZNKSt6__ndk18messagesIwE7do_openERKNS_12basic_stringIcNS_11char_traitsIcEENS_9allocatorIcEEEERKNS_6localeE	std::__ndk1::messages<wchar_t>::do_open(std::__ndk1::basic_string<char, std::__ndk1::char_traits<char>, std::__ndk1::allocator<char>> const&, std::__ndk1::locale const&) const
std::__ndk1::messages<wchar_t>	0	0	4	0x5cd490	_ZNKSt6__ndk18messagesIwE6do_getEliiRKNS_12basic_stringIwNS_11char_traitsIwEENS_9allocatorIwEEEE	std::__ndk1::messages<wchar_t>::do_get(long, int, int, std::__ndk1::basic_string<wchar_t, std::__ndk1::char_traits<wchar_t>, std::__ndk1::allocator<wchar_t>> const&) const
std::__ndk1::messages<wchar_t>	0	0	5	0x5cd49c	_ZNKSt6__ndk18messagesIwE8do_closeEl	std::__ndk1::messages<wchar_t>::do_close(long) const
std::__ndk1::messages_byname<char>	0	0	0	0x5cd4d0		
std::__ndk1::messages_byname<char>	0	0	1	0x5cd4d4		
std::__ndk1::messages_byname<char>	0	0	2	0x5d5c00	_ZNSt6__ndk16locale5facet16__on_zero_sharedEv	std::__ndk1::locale::facet::__on_zero_shared()
std::__ndk1::messages_byname<char>	0	0	3	0x5cd40c	_ZNKSt6__ndk18messagesIcE7do_openERKNS_12basic_stringIcNS_11char_traitsIcEENS_9allocatorIcEEEERKNS_6localeE	std::__ndk1::messages<char>::do_open(std::__ndk1::basic_string<char, std::__ndk1::char_traits<char>, std::__ndk1::allocator<char>> const&, std::__ndk1::locale const&) const
std::__ndk1::messages_byname<char>	0	0	4	0x5cd414	_ZNKSt6__ndk18messagesIcE6do_getEliiRKNS_12basic_stringIcNS_11char_traitsIcEENS_9allocatorIcEEEE	std::__ndk1::messages<char>::do_get(long, int, int, std::__ndk1::basic_string<char, std::__ndk1::char_traits<char>, std::__ndk1::allocator<char>> const&) const
std::__ndk1::messages_byname<char>	0	0	5	0x5cd420	_ZNKSt6__ndk18messagesIcE8do_closeEl	std::__ndk1::messages<char>::do_close(long) const
std::__ndk1::messages_byname<wchar_t>	0	0	0	0x5cd528		
std::__ndk1::messages_byname<wchar_t>	0	0	1	0x5cd52c		
std::__ndk1::messages_byname<wchar_t>	0	0	2	0x5d5c00	_ZNSt6__ndk16locale5facet16__on_zero_sharedEv	std::__ndk1::locale::facet::__on_zero_shared()
std::__ndk1::messages_byname<wchar_t>	0	0	3	0x5cd488	_ZNKSt6__ndk18messagesIwE7do_openERKNS_12basic_stringIcNS_11char_traitsIcEENS_9allocatorIcEEEERKNS_6localeE	std::__ndk1::messages<wchar_t>::do_open(std::__ndk1::basic_string<char, std::__ndk1::char_traits<char>, std::__ndk1::allocator<char>> const&, std::__ndk1::locale const&) const
std::__ndk1::messages_byname<wchar_t>	0	0	4	0x5cd490	_ZNKSt6__ndk18messagesIwE6do_getEliiRKNS_12basic_stringIwNS_11char_traitsIwEENS_9allocatorIwEEEE	std::__ndk1::messages<wchar_t>::do_get(long, int, int, std::__ndk1::basic_string<wchar_t, std::__ndk1::char_traits<wchar_t>, std::__ndk1::allocator<wchar_t>> const&) const
std::__ndk1::messages_byname<wchar_t>	0	0	5	0x5cd49c	_ZNKSt6__ndk18messagesIwE8do_closeEl	std::__ndk1::messages<wchar_t>::do_close(long) const
std::__ndk1::money_get<char, std::__ndk1::istreambuf_iterator<char, std::__ndk1::char_traits<char>>>	0	0	0	0x5c7a04		
std::__ndk1::money_get<char, std::__ndk1::istreambuf_iterator<char, std::__ndk1::char_traits<char>>>	0	0	1	0x5c7a08		
std::__ndk1::money_get<char, std::__ndk1::istreambuf_iterator<char, std::__ndk1::char_traits<char>>>	0	0	2	0x5d5c00	_ZNSt6__ndk16locale5facet16__on_zero_sharedEv	std::__ndk1::locale::facet::__on_zero_shared()
std::__ndk1::money_get<char, std::__ndk1::istreambuf_iterator<char, std::__ndk1::char_traits<char>>>	0	0	3	0x5c7a2c	_ZNKSt6__ndk19money_getIcNS_19istreambuf_iteratorIcNS_11char_traitsIcEEEEE6do_getES4_S4_bRNS_8ios_baseERjRe	std::__ndk1::money_get<char, std::__ndk1::istreambuf_iterator<char, std::__ndk1::char_traits<char>>>::do_get(std::__ndk1::istreambuf_iterator<char, std::__ndk1::char_traits<char>>, std::__ndk1::istreambuf_iterator<char, std::__ndk1::char_traits<char>>, bool, std::__ndk1::ios_base&, unsigned int&, long double&) const
std::__ndk1::money_get<char, std::__ndk1::istreambuf_iterator<char, std::__ndk1::char_traits<char>>>	0	0	4	0x5c9114	_ZNKSt6__ndk19money_getIcNS_19istreambuf_iteratorIcNS_11char_traitsIcEEEEE6do_getES4_S4_bRNS_8ios_baseERjRNS_12basic_stringIcS3_NS_9allocatorIcEEEE	std::__ndk1::money_get<char, std::__ndk1::istreambuf_iterator<char, std::__ndk1::char_traits<char>>>::do_get(std::__ndk1::istreambuf_iterator<char, std::__ndk1::char_traits<char>>, std::__ndk1::istreambuf_iterator<char, std::__ndk1::char_traits<char>>, bool, std::__ndk1::ios_base&, unsigned int&, std::__ndk1::basic_string<char, std::__ndk1::char_traits<char>, std::__ndk1::allocator<char>>&) const
std::__ndk1::money_get<wchar_t, std::__ndk1::istreambuf_iterator<wchar_t, std::__ndk1::char_traits<wchar_t>>>	0	0	0	0x5c96fc		
std::__ndk1::money_get<wchar_t, std::__ndk1::istreambuf_iterator<wchar_t, std::__ndk1::char_traits<wchar_t>>>	0	0	1	0x5c9700		
std::__ndk1::money_get<wchar_t, std::__ndk1::istreambuf_iterator<wchar_t, std::__ndk1::char_traits<wchar_t>>>	0	0	2	0x5d5c00	_ZNSt6__ndk16locale5facet16__on_zero_sharedEv	std::__ndk1::locale::facet::__on_zero_shared()
std::__ndk1::money_get<wchar_t, std::__ndk1::istreambuf_iterator<wchar_t, std::__ndk1::char_traits<wchar_t>>>	0	0	3	0x5c9724	_ZNKSt6__ndk19money_getIwNS_19istreambuf_iteratorIwNS_11char_traitsIwEEEEE6do_getES4_S4_bRNS_8ios_baseERjRe	std::__ndk1::money_get<wchar_t, std::__ndk1::istreambuf_iterator<wchar_t, std::__ndk1::char_traits<wchar_t>>>::do_get(std::__ndk1::istreambuf_iterator<wchar_t, std::__ndk1::char_traits<wchar_t>>, std::__ndk1::istreambuf_iterator<wchar_t, std::__ndk1::char_traits<wchar_t>>, bool, std::__ndk1::ios_base&, unsigned int&, long double&) const
std::__ndk1::money_get<wchar_t, std::__ndk1::istreambuf_iterator<wchar_t, std::__ndk1::char_traits<wchar_t>>>	0	0	4	0x5caea8	_ZNKSt6__ndk19money_getIwNS_19istreambuf_iteratorIwNS_11char_traitsIwEEEEE6do_getES4_S4_bRNS_8ios_baseERjRNS_12basic_stringIwS3_NS_9allocatorIwEEEE	std::__ndk1::money_get<wchar_t, std::__ndk1::istreambuf_iterator<wchar_t, std::__ndk1::char_traits<wchar_t>>>::do_get(std::__ndk1::istreambuf_iterator<wchar_t, std::__ndk1::char_traits<wchar_t>>, std::__ndk1::istreambuf_iterator<wchar_t, std::__ndk1::char_traits<wchar_t>>, bool, std::__ndk1::ios_base&, unsigned int&, std::__ndk1::basic_string<wchar_t, std::__ndk1::char_traits<wchar_t>, std::__ndk1::allocator<wchar_t>>&) const
std::__ndk1::money_put<char, std::__ndk1::ostreambuf_iterator<char, std::__ndk1::char_traits<char>>>	0	0	0	0x5cb3c4		
std::__ndk1::money_put<char, std::__ndk1::ostreambuf_iterator<char, std::__ndk1::char_traits<char>>>	0	0	1	0x5cb3c8		
std::__ndk1::money_put<char, std::__ndk1::ostreambuf_iterator<char, std::__ndk1::char_traits<char>>>	0	0	2	0x5d5c00	_ZNSt6__ndk16locale5facet16__on_zero_sharedEv	std::__ndk1::locale::facet::__on_zero_shared()
std::__ndk1::money_put<char, std::__ndk1::ostreambuf_iterator<char, std::__ndk1::char_traits<char>>>	0	0	3	0x5cb3ec	_ZNKSt6__ndk19money_putIcNS_19ostreambuf_iteratorIcNS_11char_traitsIcEEEEE6do_putES4_bRNS_8ios_baseEce	std::__ndk1::money_put<char, std::__ndk1::ostreambuf_iterator<char, std::__ndk1::char_traits<char>>>::do_put(std::__ndk1::ostreambuf_iterator<char, std::__ndk1::char_traits<char>>, bool, std::__ndk1::ios_base&, char, long double) const
std::__ndk1::money_put<char, std::__ndk1::ostreambuf_iterator<char, std::__ndk1::char_traits<char>>>	0	0	4	0x5cc000	_ZNKSt6__ndk19money_putIcNS_19ostreambuf_iteratorIcNS_11char_traitsIcEEEEE6do_putES4_bRNS_8ios_baseEcRKNS_12basic_stringIcS3_NS_9allocatorIcEEEE	std::__ndk1::money_put<char, std::__ndk1::ostreambuf_iterator<char, std::__ndk1::char_traits<char>>>::do_put(std::__ndk1::ostreambuf_iterator<char, std::__ndk1::char_traits<char>>, bool, std::__ndk1::ios_base&, char, std::__ndk1::basic_string<char, std::__ndk1::char_traits<char>, std::__ndk1::allocator<char>> const&) const
std::__ndk1::money_put<wchar_t, std::__ndk1::ostreambuf_iterator<wchar_t, std::__ndk1::char_traits<wchar_t>>>	0	0	0	0x5cc38c		
std::__ndk1::money_put<wchar_t, std::__ndk1::ostreambuf_iterator<wchar_t, std::__ndk1::char_traits<wchar_t>>>	0	0	1	0x5cc390		
std::__ndk1::money_put<wchar_t, std::__ndk1::ostreambuf_iterator<wchar_t, std::__ndk1::char_traits<wchar_t>>>	0	0	2	0x5d5c00	_ZNSt6__ndk16locale5facet16__on_zero_sharedEv	std::__ndk1::locale::facet::__on_zero_shared()
std::__ndk1::money_put<wchar_t, std::__ndk1::ostreambuf_iterator<wchar_t, std::__ndk1::char_traits<wchar_t>>>	0	0	3	0x5cc3b4	_ZNKSt6__ndk19money_putIwNS_19ostreambuf_iteratorIwNS_11char_traitsIwEEEEE6do_putES4_bRNS_8ios_baseEwe	std::__ndk1::money_put<wchar_t, std::__ndk1::ostreambuf_iterator<wchar_t, std::__ndk1::char_traits<wchar_t>>>::do_put(std::__ndk1::ostreambuf_iterator<wchar_t, std::__ndk1::char_traits<wchar_t>>, bool, std::__ndk1::ios_base&, wchar_t, long double) const
std::__ndk1::money_put<wchar_t, std::__ndk1::ostreambuf_iterator<wchar_t, std::__ndk1::char_traits<wchar_t>>>	0	0	4	0x5cd050	_ZNKSt6__ndk19money_putIwNS_19ostreambuf_iteratorIwNS_11char_traitsIwEEEEE6do_putES4_bRNS_8ios_baseEwRKNS_12basic_stringIwS3_NS_9allocatorIwEEEE	std::__ndk1::money_put<wchar_t, std::__ndk1::ostreambuf_iterator<wchar_t, std::__ndk1::char_traits<wchar_t>>>::do_put(std::__ndk1::ostreambuf_iterator<wchar_t, std::__ndk1::char_traits<wchar_t>>, bool, std::__ndk1::ios_base&, wchar_t, std::__ndk1::basic_string<wchar_t, std::__ndk1::char_traits<wchar_t>, std::__ndk1::allocator<wchar_t>> const&) const
std::__ndk1::moneypunct<char, false>	0	0	0	0x5c52dc		
std::__ndk1::moneypunct<char, false>	0	0	1	0x5c52e0		
std::__ndk1::moneypunct<char, false>	0	0	2	0x5d5c00	_ZNSt6__ndk16locale5facet16__on_zero_sharedEv	std::__ndk1::locale::facet::__on_zero_shared()
std::__ndk1::moneypunct<char, false>	0	0	3	0x5c5304	_ZNKSt6__ndk110moneypunctIcLb0EE16do_decimal_pointEv	std::__ndk1::moneypunct<char, false>::do_decimal_point() const
std::__ndk1::moneypunct<char, false>	0	0	4	0x5c530c	_ZNKSt6__ndk110moneypunctIcLb0EE16do_thousands_sepEv	std::__ndk1::moneypunct<char, false>::do_thousands_sep() const
std::__ndk1::moneypunct<char, false>	0	0	5	0x5c5314	_ZNKSt6__ndk110moneypunctIcLb0EE11do_groupingEv	std::__ndk1::moneypunct<char, false>::do_grouping() const
std::__ndk1::moneypunct<char, false>	0	0	6	0x5c5320	_ZNKSt6__ndk110moneypunctIcLb0EE14do_curr_symbolEv	std::__ndk1::moneypunct<char, false>::do_curr_symbol() const
std::__ndk1::moneypunct<char, false>	0	0	7	0x5c532c	_ZNKSt6__ndk110moneypunctIcLb0EE16do_positive_signEv	std::__ndk1::moneypunct<char, false>::do_positive_sign() const
std::__ndk1::moneypunct<char, false>	0	0	8	0x5c5338	_ZNKSt6__ndk110moneypunctIcLb0EE16do_negative_signEv	std::__ndk1::moneypunct<char, false>::do_negative_sign() const
std::__ndk1::moneypunct<char, false>	0	0	9	0x5c5350	_ZNKSt6__ndk110moneypunctIcLb0EE14do_frac_digitsEv	std::__ndk1::moneypunct<char, false>::do_frac_digits() const
std::__ndk1::moneypunct<char, false>	0	0	10	0x5c5358	_ZNKSt6__ndk110moneypunctIcLb0EE13do_pos_formatEv	std::__ndk1::moneypunct<char, false>::do_pos_format() const
std::__ndk1::moneypunct<char, false>	0	0	11	0x5c5364	_ZNKSt6__ndk110moneypunctIcLb0EE13do_neg_formatEv	std::__ndk1::moneypunct<char, false>::do_neg_format() const
std::__ndk1::moneypunct<char, true>	0	0	0	0x5c541c		
std::__ndk1::moneypunct<char, true>	0	0	1	0x5c5420		
std::__ndk1::moneypunct<char, true>	0	0	2	0x5d5c00	_ZNSt6__ndk16locale5facet16__on_zero_sharedEv	std::__ndk1::locale::facet::__on_zero_shared()
std::__ndk1::moneypunct<char, true>	0	0	3	0x5c5444	_ZNKSt6__ndk110moneypunctIcLb1EE16do_decimal_pointEv	std::__ndk1::moneypunct<char, true>::do_decimal_point() const
std::__ndk1::moneypunct<char, true>	0	0	4	0x5c544c	_ZNKSt6__ndk110moneypunctIcLb1EE16do_thousands_sepEv	std::__ndk1::moneypunct<char, true>::do_thousands_sep() const
std::__ndk1::moneypunct<char, true>	0	0	5	0x5c5454	_ZNKSt6__ndk110moneypunctIcLb1EE11do_groupingEv	std::__ndk1::moneypunct<char, true>::do_grouping() const
std::__ndk1::moneypunct<char, true>	0	0	6	0x5c5460	_ZNKSt6__ndk110moneypunctIcLb1EE14do_curr_symbolEv	std::__ndk1::moneypunct<char, true>::do_curr_symbol() const
std::__ndk1::moneypunct<char, true>	0	0	7	0x5c546c	_ZNKSt6__ndk110moneypunctIcLb1EE16do_positive_signEv	std::__ndk1::moneypunct<char, true>::do_positive_sign() const
std::__ndk1::moneypunct<char, true>	0	0	8	0x5c5478	_ZNKSt6__ndk110moneypunctIcLb1EE16do_negative_signEv	std::__ndk1::moneypunct<char, true>::do_negative_sign() const
std::__ndk1::moneypunct<char, true>	0	0	9	0x5c5490	_ZNKSt6__ndk110moneypunctIcLb1EE14do_frac_digitsEv	std::__ndk1::moneypunct<char, true>::do_frac_digits() const
std::__ndk1::moneypunct<char, true>	0	0	10	0x5c5498	_ZNKSt6__ndk110moneypunctIcLb1EE13do_pos_formatEv	std::__ndk1::moneypunct<char, true>::do_pos_format() const
std::__ndk1::moneypunct<char, true>	0	0	11	0x5c54a4	_ZNKSt6__ndk110moneypunctIcLb1EE13do_neg_formatEv	std::__ndk1::moneypunct<char, true>::do_neg_format() const
std::__ndk1::moneypunct<wchar_t, false>	0	0	0	0x5c555c		
std::__ndk1::moneypunct<wchar_t, false>	0	0	1	0x5c5560		
std::__ndk1::moneypunct<wchar_t, false>	0	0	2	0x5d5c00	_ZNSt6__ndk16locale5facet16__on_zero_sharedEv	std::__ndk1::locale::facet::__on_zero_shared()
std::__ndk1::moneypunct<wchar_t, false>	0	0	3	0x5c5584	_ZNKSt6__ndk110moneypunctIwLb0EE16do_decimal_pointEv	std::__ndk1::moneypunct<wchar_t, false>::do_decimal_point() const
std::__ndk1::moneypunct<wchar_t, false>	0	0	4	0x5c558c	_ZNKSt6__ndk110moneypunctIwLb0EE16do_thousands_sepEv	std::__ndk1::moneypunct<wchar_t, false>::do_thousands_sep() const
std::__ndk1::moneypunct<wchar_t, false>	0	0	5	0x5c5594	_ZNKSt6__ndk110moneypunctIwLb0EE11do_groupingEv	std::__ndk1::moneypunct<wchar_t, false>::do_grouping() const
std::__ndk1::moneypunct<wchar_t, false>	0	0	6	0x5c55a0	_ZNKSt6__ndk110moneypunctIwLb0EE14do_curr_symbolEv	std::__ndk1::moneypunct<wchar_t, false>::do_curr_symbol() const
std::__ndk1::moneypunct<wchar_t, false>	0	0	7	0x5c55ac	_ZNKSt6__ndk110moneypunctIwLb0EE16do_positive_signEv	std::__ndk1::moneypunct<wchar_t, false>::do_positive_sign() const
std::__ndk1::moneypunct<wchar_t, false>	0	0	8	0x5c55b8	_ZNKSt6__ndk110moneypunctIwLb0EE16do_negative_signEv	std::__ndk1::moneypunct<wchar_t, false>::do_negative_sign() const
std::__ndk1::moneypunct<wchar_t, false>	0	0	9	0x5c55fc	_ZNKSt6__ndk110moneypunctIwLb0EE14do_frac_digitsEv	std::__ndk1::moneypunct<wchar_t, false>::do_frac_digits() const
std::__ndk1::moneypunct<wchar_t, false>	0	0	10	0x5c5604	_ZNKSt6__ndk110moneypunctIwLb0EE13do_pos_formatEv	std::__ndk1::moneypunct<wchar_t, false>::do_pos_format() const
std::__ndk1::moneypunct<wchar_t, false>	0	0	11	0x5c5610	_ZNKSt6__ndk110moneypunctIwLb0EE13do_neg_formatEv	std::__ndk1::moneypunct<wchar_t, false>::do_neg_format() const
std::__ndk1::moneypunct<wchar_t, true>	0	0	0	0x5c56c8		
std::__ndk1::moneypunct<wchar_t, true>	0	0	1	0x5c56cc		
std::__ndk1::moneypunct<wchar_t, true>	0	0	2	0x5d5c00	_ZNSt6__ndk16locale5facet16__on_zero_sharedEv	std::__ndk1::locale::facet::__on_zero_shared()
std::__ndk1::moneypunct<wchar_t, true>	0	0	3	0x5c56f0	_ZNKSt6__ndk110moneypunctIwLb1EE16do_decimal_pointEv	std::__ndk1::moneypunct<wchar_t, true>::do_decimal_point() const
std::__ndk1::moneypunct<wchar_t, true>	0	0	4	0x5c56f8	_ZNKSt6__ndk110moneypunctIwLb1EE16do_thousands_sepEv	std::__ndk1::moneypunct<wchar_t, true>::do_thousands_sep() const
std::__ndk1::moneypunct<wchar_t, true>	0	0	5	0x5c5700	_ZNKSt6__ndk110moneypunctIwLb1EE11do_groupingEv	std::__ndk1::moneypunct<wchar_t, true>::do_grouping() const
std::__ndk1::moneypunct<wchar_t, true>	0	0	6	0x5c570c	_ZNKSt6__ndk110moneypunctIwLb1EE14do_curr_symbolEv	std::__ndk1::moneypunct<wchar_t, true>::do_curr_symbol() const
std::__ndk1::moneypunct<wchar_t, true>	0	0	7	0x5c5718	_ZNKSt6__ndk110moneypunctIwLb1EE16do_positive_signEv	std::__ndk1::moneypunct<wchar_t, true>::do_positive_sign() const
std::__ndk1::moneypunct<wchar_t, true>	0	0	8	0x5c5724	_ZNKSt6__ndk110moneypunctIwLb1EE16do_negative_signEv	std::__ndk1::moneypunct<wchar_t, true>::do_negative_sign() const
std::__ndk1::moneypunct<wchar_t, true>	0	0	9	0x5c5768	_ZNKSt6__ndk110moneypunctIwLb1EE14do_frac_digitsEv	std::__ndk1::moneypunct<wchar_t, true>::do_frac_digits() const
std::__ndk1::moneypunct<wchar_t, true>	0	0	10	0x5c5770	_ZNKSt6__ndk110moneypunctIwLb1EE13do_pos_formatEv	std::__ndk1::moneypunct<wchar_t, true>::do_pos_format() const
std::__ndk1::moneypunct<wchar_t, true>	0	0	11	0x5c577c	_ZNKSt6__ndk110moneypunctIwLb1EE13do_neg_formatEv	std::__ndk1::moneypunct<wchar_t, true>::do_neg_format() const
std::__ndk1::moneypunct_byname<char, false>	0	0	0	0x5c5c18		
std::__ndk1::moneypunct_byname<char, false>	0	0	1	0x5c5ca4		
std::__ndk1::moneypunct_byname<char, false>	0	0	2	0x5d5c00	_ZNSt6__ndk16locale5facet16__on_zero_sharedEv	std::__ndk1::locale::facet::__on_zero_shared()
std::__ndk1::moneypunct_byname<char, false>	0	0	3	0x5c5d38	_ZNKSt6__ndk117moneypunct_bynameIcLb0EE16do_decimal_pointEv	std::__ndk1::moneypunct_byname<char, false>::do_decimal_point() const
std::__ndk1::moneypunct_byname<char, false>	0	0	4	0x5c5d40	_ZNKSt6__ndk117moneypunct_bynameIcLb0EE16do_thousands_sepEv	std::__ndk1::moneypunct_byname<char, false>::do_thousands_sep() const
std::__ndk1::moneypunct_byname<char, false>	0	0	5	0x5c5d48	_ZNKSt6__ndk117moneypunct_bynameIcLb0EE11do_groupingEv	std::__ndk1::moneypunct_byname<char, false>::do_grouping() const
std::__ndk1::moneypunct_byname<char, false>	0	0	6	0x5c5d54	_ZNKSt6__ndk117moneypunct_bynameIcLb0EE14do_curr_symbolEv	std::__ndk1::moneypunct_byname<char, false>::do_curr_symbol() const
std::__ndk1::moneypunct_byname<char, false>	0	0	7	0x5c5d60	_ZNKSt6__ndk117moneypunct_bynameIcLb0EE16do_positive_signEv	std::__ndk1::moneypunct_byname<char, false>::do_positive_sign() const
std::__ndk1::moneypunct_byname<char, false>	0	0	8	0x5c5d6c	_ZNKSt6__ndk117moneypunct_bynameIcLb0EE16do_negative_signEv	std::__ndk1::moneypunct_byname<char, false>::do_negative_sign() const
std::__ndk1::moneypunct_byname<char, false>	0	0	9	0x5c5d78	_ZNKSt6__ndk117moneypunct_bynameIcLb0EE14do_frac_digitsEv	std::__ndk1::moneypunct_byname<char, false>::do_frac_digits() const
std::__ndk1::moneypunct_byname<char, false>	0	0	10	0x5c5d80	_ZNKSt6__ndk117moneypunct_bynameIcLb0EE13do_pos_formatEv	std::__ndk1::moneypunct_byname<char, false>::do_pos_format() const
std::__ndk1::moneypunct_byname<char, false>	0	0	11	0x5c5d88	_ZNKSt6__ndk117moneypunct_bynameIcLb0EE13do_neg_formatEv	std::__ndk1::moneypunct_byname<char, false>::do_neg_format() const
std::__ndk1::moneypunct_byname<char, true>	0	0	0	0x5c6220		
std::__ndk1::moneypunct_byname<char, true>	0	0	1	0x5c62ac		
std::__ndk1::moneypunct_byname<char, true>	0	0	2	0x5d5c00	_ZNSt6__ndk16locale5facet16__on_zero_sharedEv	std::__ndk1::locale::facet::__on_zero_shared()
std::__ndk1::moneypunct_byname<char, true>	0	0	3	0x5c6340	_ZNKSt6__ndk117moneypunct_bynameIcLb1EE16do_decimal_pointEv	std::__ndk1::moneypunct_byname<char, true>::do_decimal_point() const
std::__ndk1::moneypunct_byname<char, true>	0	0	4	0x5c6348	_ZNKSt6__ndk117moneypunct_bynameIcLb1EE16do_thousands_sepEv	std::__ndk1::moneypunct_byname<char, true>::do_thousands_sep() const
std::__ndk1::moneypunct_byname<char, true>	0	0	5	0x5c6350	_ZNKSt6__ndk117moneypunct_bynameIcLb1EE11do_groupingEv	std::__ndk1::moneypunct_byname<char, true>::do_grouping() const
std::__ndk1::moneypunct_byname<char, true>	0	0	6	0x5c635c	_ZNKSt6__ndk117moneypunct_bynameIcLb1EE14do_curr_symbolEv	std::__ndk1::moneypunct_byname<char, true>::do_curr_symbol() const
std::__ndk1::moneypunct_byname<char, true>	0	0	7	0x5c6368	_ZNKSt6__ndk117moneypunct_bynameIcLb1EE16do_positive_signEv	std::__ndk1::moneypunct_byname<char, true>::do_positive_sign() const
std::__ndk1::moneypunct_byname<char, true>	0	0	8	0x5c6374	_ZNKSt6__ndk117moneypunct_bynameIcLb1EE16do_negative_signEv	std::__ndk1::moneypunct_byname<char, true>::do_negative_sign() const
std::__ndk1::moneypunct_byname<char, true>	0	0	9	0x5c6380	_ZNKSt6__ndk117moneypunct_bynameIcLb1EE14do_frac_digitsEv	std::__ndk1::moneypunct_byname<char, true>::do_frac_digits() const
std::__ndk1::moneypunct_byname<char, true>	0	0	10	0x5c6388	_ZNKSt6__ndk117moneypunct_bynameIcLb1EE13do_pos_formatEv	std::__ndk1::moneypunct_byname<char, true>::do_pos_format() const
std::__ndk1::moneypunct_byname<char, true>	0	0	11	0x5c6390	_ZNKSt6__ndk117moneypunct_bynameIcLb1EE13do_neg_formatEv	std::__ndk1::moneypunct_byname<char, true>::do_neg_format() const
std::__ndk1::moneypunct_byname<wchar_t, false>	0	0	0	0x5c6d38		
std::__ndk1::moneypunct_byname<wchar_t, false>	0	0	1	0x5c6dc4		
std::__ndk1::moneypunct_byname<wchar_t, false>	0	0	2	0x5d5c00	_ZNSt6__ndk16locale5facet16__on_zero_sharedEv	std::__ndk1::locale::facet::__on_zero_shared()
std::__ndk1::moneypunct_byname<wchar_t, false>	0	0	3	0x5c6e58	_ZNKSt6__ndk117moneypunct_bynameIwLb0EE16do_decimal_pointEv	std::__ndk1::moneypunct_byname<wchar_t, false>::do_decimal_point() const
std::__ndk1::moneypunct_byname<wchar_t, false>	0	0	4	0x5c6e60	_ZNKSt6__ndk117moneypunct_bynameIwLb0EE16do_thousands_sepEv	std::__ndk1::moneypunct_byname<wchar_t, false>::do_thousands_sep() const
std::__ndk1::moneypunct_byname<wchar_t, false>	0	0	5	0x5c6e68	_ZNKSt6__ndk117moneypunct_bynameIwLb0EE11do_groupingEv	std::__ndk1::moneypunct_byname<wchar_t, false>::do_grouping() const
std::__ndk1::moneypunct_byname<wchar_t, false>	0	0	6	0x5c6e74	_ZNKSt6__ndk117moneypunct_bynameIwLb0EE14do_curr_symbolEv	std::__ndk1::moneypunct_byname<wchar_t, false>::do_curr_symbol() const
std::__ndk1::moneypunct_byname<wchar_t, false>	0	0	7	0x5c6e80	_ZNKSt6__ndk117moneypunct_bynameIwLb0EE16do_positive_signEv	std::__ndk1::moneypunct_byname<wchar_t, false>::do_positive_sign() const
std::__ndk1::moneypunct_byname<wchar_t, false>	0	0	8	0x5c6e8c	_ZNKSt6__ndk117moneypunct_bynameIwLb0EE16do_negative_signEv	std::__ndk1::moneypunct_byname<wchar_t, false>::do_negative_sign() const
std::__ndk1::moneypunct_byname<wchar_t, false>	0	0	9	0x5c6e98	_ZNKSt6__ndk117moneypunct_bynameIwLb0EE14do_frac_digitsEv	std::__ndk1::moneypunct_byname<wchar_t, false>::do_frac_digits() const
std::__ndk1::moneypunct_byname<wchar_t, false>	0	0	10	0x5c6ea0	_ZNKSt6__ndk117moneypunct_bynameIwLb0EE13do_pos_formatEv	std::__ndk1::moneypunct_byname<wchar_t, false>::do_pos_format() const
std::__ndk1::moneypunct_byname<wchar_t, false>	0	0	11	0x5c6ea8	_ZNKSt6__ndk117moneypunct_bynameIwLb0EE13do_neg_formatEv	std::__ndk1::moneypunct_byname<wchar_t, false>::do_neg_format() const
std::__ndk1::moneypunct_byname<wchar_t, true>	0	0	0	0x5c7850		
std::__ndk1::moneypunct_byname<wchar_t, true>	0	0	1	0x5c78dc		
std::__ndk1::moneypunct_byname<wchar_t, true>	0	0	2	0x5d5c00	_ZNSt6__ndk16locale5facet16__on_zero_sharedEv	std::__ndk1::locale::facet::__on_zero_shared()
std::__ndk1::moneypunct_byname<wchar_t, true>	0	0	3	0x5c7970	_ZNKSt6__ndk117moneypunct_bynameIwLb1EE16do_decimal_pointEv	std::__ndk1::moneypunct_byname<wchar_t, true>::do_decimal_point() const
std::__ndk1::moneypunct_byname<wchar_t, true>	0	0	4	0x5c7978	_ZNKSt6__ndk117moneypunct_bynameIwLb1EE16do_thousands_sepEv	std::__ndk1::moneypunct_byname<wchar_t, true>::do_thousands_sep() const
std::__ndk1::moneypunct_byname<wchar_t, true>	0	0	5	0x5c7980	_ZNKSt6__ndk117moneypunct_bynameIwLb1EE11do_groupingEv	std::__ndk1::moneypunct_byname<wchar_t, true>::do_grouping() const
std::__ndk1::moneypunct_byname<wchar_t, true>	0	0	6	0x5c798c	_ZNKSt6__ndk117moneypunct_bynameIwLb1EE14do_curr_symbolEv	std::__ndk1::moneypunct_byname<wchar_t, true>::do_curr_symbol() const
std::__ndk1::moneypunct_byname<wchar_t, true>	0	0	7	0x5c7998	_ZNKSt6__ndk117moneypunct_bynameIwLb1EE16do_positive_signEv	std::__ndk1::moneypunct_byname<wchar_t, true>::do_positive_sign() const
std::__ndk1::moneypunct_byname<wchar_t, true>	0	0	8	0x5c79a4	_ZNKSt6__ndk117moneypunct_bynameIwLb1EE16do_negative_signEv	std::__ndk1::moneypunct_byname<wchar_t, true>::do_negative_sign() const
std::__ndk1::moneypunct_byname<wchar_t, true>	0	0	9	0x5c79b0	_ZNKSt6__ndk117moneypunct_bynameIwLb1EE14do_frac_digitsEv	std::__ndk1::moneypunct_byname<wchar_t, true>::do_frac_digits() const
std::__ndk1::moneypunct_byname<wchar_t, true>	0	0	10	0x5c79b8	_ZNKSt6__ndk117moneypunct_bynameIwLb1EE13do_pos_formatEv	std::__ndk1::moneypunct_byname<wchar_t, true>::do_pos_format() const
std::__ndk1::moneypunct_byname<wchar_t, true>	0	0	11	0x5c79c0	_ZNKSt6__ndk117moneypunct_bynameIwLb1EE13do_neg_formatEv	std::__ndk1::moneypunct_byname<wchar_t, true>::do_neg_format() const
std::__ndk1::num_get<char, std::__ndk1::istreambuf_iterator<char, std::__ndk1::char_traits<char>>>	0	0	0	0x5b2204		
std::__ndk1::num_get<char, std::__ndk1::istreambuf_iterator<char, std::__ndk1::char_traits<char>>>	0	0	1	0x5b2208		
std::__ndk1::num_get<char, std::__ndk1::istreambuf_iterator<char, std::__ndk1::char_traits<char>>>	0	0	2	0x5d5c00	_ZNSt6__ndk16locale5facet16__on_zero_sharedEv	std::__ndk1::locale::facet::__on_zero_shared()
std::__ndk1::num_get<char, std::__ndk1::istreambuf_iterator<char, std::__ndk1::char_traits<char>>>	0	0	3	0x5b222c	_ZNKSt6__ndk17num_getIcNS_19istreambuf_iteratorIcNS_11char_traitsIcEEEEE6do_getES4_S4_RNS_8ios_baseERjRb	std::__ndk1::num_get<char, std::__ndk1::istreambuf_iterator<char, std::__ndk1::char_traits<char>>>::do_get(std::__ndk1::istreambuf_iterator<char, std::__ndk1::char_traits<char>>, std::__ndk1::istreambuf_iterator<char, std::__ndk1::char_traits<char>>, std::__ndk1::ios_base&, unsigned int&, bool&) const
std::__ndk1::num_get<char, std::__ndk1::istreambuf_iterator<char, std::__ndk1::char_traits<char>>>	0	0	4	0x5b28d0	_ZNKSt6__ndk17num_getIcNS_19istreambuf_iteratorIcNS_11char_traitsIcEEEEE6do_getES4_S4_RNS_8ios_baseERjRl	std::__ndk1::num_get<char, std::__ndk1::istreambuf_iterator<char, std::__ndk1::char_traits<char>>>::do_get(std::__ndk1::istreambuf_iterator<char, std::__ndk1::char_traits<char>>, std::__ndk1::istreambuf_iterator<char, std::__ndk1::char_traits<char>>, std::__ndk1::ios_base&, unsigned int&, long&) const
std::__ndk1::num_get<char, std::__ndk1::istreambuf_iterator<char, std::__ndk1::char_traits<char>>>	0	0	5	0x5b2d74	_ZNKSt6__ndk17num_getIcNS_19istreambuf_iteratorIcNS_11char_traitsIcEEEEE6do_getES4_S4_RNS_8ios_baseERjRx	std::__ndk1::num_get<char, std::__ndk1::istreambuf_iterator<char, std::__ndk1::char_traits<char>>>::do_get(std::__ndk1::istreambuf_iterator<char, std::__ndk1::char_traits<char>>, std::__ndk1::istreambuf_iterator<char, std::__ndk1::char_traits<char>>, std::__ndk1::ios_base&, unsigned int&, long long&) const
std::__ndk1::num_get<char, std::__ndk1::istreambuf_iterator<char, std::__ndk1::char_traits<char>>>	0	0	6	0x5b3218	_ZNKSt6__ndk17num_getIcNS_19istreambuf_iteratorIcNS_11char_traitsIcEEEEE6do_getES4_S4_RNS_8ios_baseERjRt	std::__ndk1::num_get<char, std::__ndk1::istreambuf_iterator<char, std::__ndk1::char_traits<char>>>::do_get(std::__ndk1::istreambuf_iterator<char, std::__ndk1::char_traits<char>>, std::__ndk1::istreambuf_iterator<char, std::__ndk1::char_traits<char>>, std::__ndk1::ios_base&, unsigned int&, unsigned short&) const
std::__ndk1::num_get<char, std::__ndk1::istreambuf_iterator<char, std::__ndk1::char_traits<char>>>	0	0	7	0x5b36bc	_ZNKSt6__ndk17num_getIcNS_19istreambuf_iteratorIcNS_11char_traitsIcEEEEE6do_getES4_S4_RNS_8ios_baseERjS8_	std::__ndk1::num_get<char, std::__ndk1::istreambuf_iterator<char, std::__ndk1::char_traits<char>>>::do_get(std::__ndk1::istreambuf_iterator<char, std::__ndk1::char_traits<char>>, std::__ndk1::istreambuf_iterator<char, std::__ndk1::char_traits<char>>, std::__ndk1::ios_base&, unsigned int&, unsigned int&) const
std::__ndk1::num_get<char, std::__ndk1::istreambuf_iterator<char, std::__ndk1::char_traits<char>>>	0	0	8	0x5b3b60	_ZNKSt6__ndk17num_getIcNS_19istreambuf_iteratorIcNS_11char_traitsIcEEEEE6do_getES4_S4_RNS_8ios_baseERjRm	std::__ndk1::num_get<char, std::__ndk1::istreambuf_iterator<char, std::__ndk1::char_traits<char>>>::do_get(std::__ndk1::istreambuf_iterator<char, std::__ndk1::char_traits<char>>, std::__ndk1::istreambuf_iterator<char, std::__ndk1::char_traits<char>>, std::__ndk1::ios_base&, unsigned int&, unsigned long&) const
std::__ndk1::num_get<char, std::__ndk1::istreambuf_iterator<char, std::__ndk1::char_traits<char>>>	0	0	9	0x5b4004	_ZNKSt6__ndk17num_getIcNS_19istreambuf_iteratorIcNS_11char_traitsIcEEEEE6do_getES4_S4_RNS_8ios_baseERjRy	std::__ndk1::num_get<char, std::__ndk1::istreambuf_iterator<char, std::__ndk1::char_traits<char>>>::do_get(std::__ndk1::istreambuf_iterator<char, std::__ndk1::char_traits<char>>, std::__ndk1::istreambuf_iterator<char, std::__ndk1::char_traits<char>>, std::__ndk1::ios_base&, unsigned int&, unsigned long long&) const
std::__ndk1::num_get<char, std::__ndk1::istreambuf_iterator<char, std::__ndk1::char_traits<char>>>	0	0	10	0x5b44a8	_ZNKSt6__ndk17num_getIcNS_19istreambuf_iteratorIcNS_11char_traitsIcEEEEE6do_getES4_S4_RNS_8ios_baseERjRf	std::__ndk1::num_get<char, std::__ndk1::istreambuf_iterator<char, std::__ndk1::char_traits<char>>>::do_get(std::__ndk1::istreambuf_iterator<char, std::__ndk1::char_traits<char>>, std::__ndk1::istreambuf_iterator<char, std::__ndk1::char_traits<char>>, std::__ndk1::ios_base&, unsigned int&, float&) const
std::__ndk1::num_get<char, std::__ndk1::istreambuf_iterator<char, std::__ndk1::char_traits<char>>>	0	0	11	0x5b4930	_ZNKSt6__ndk17num_getIcNS_19istreambuf_iteratorIcNS_11char_traitsIcEEEEE6do_getES4_S4_RNS_8ios_baseERjRd	std::__ndk1::num_get<char, std::__ndk1::istreambuf_iterator<char, std::__ndk1::char_traits<char>>>::do_get(std::__ndk1::istreambuf_iterator<char, std::__ndk1::char_traits<char>>, std::__ndk1::istreambuf_iterator<char, std::__ndk1::char_traits<char>>, std::__ndk1::ios_base&, unsigned int&, double&) const
std::__ndk1::num_get<char, std::__ndk1::istreambuf_iterator<char, std::__ndk1::char_traits<char>>>	0	0	12	0x5b4db8	_ZNKSt6__ndk17num_getIcNS_19istreambuf_iteratorIcNS_11char_traitsIcEEEEE6do_getES4_S4_RNS_8ios_baseERjRe	std::__ndk1::num_get<char, std::__ndk1::istreambuf_iterator<char, std::__ndk1::char_traits<char>>>::do_get(std::__ndk1::istreambuf_iterator<char, std::__ndk1::char_traits<char>>, std::__ndk1::istreambuf_iterator<char, std::__ndk1::char_traits<char>>, std::__ndk1::ios_base&, unsigned int&, long double&) const
std::__ndk1::num_get<char, std::__ndk1::istreambuf_iterator<char, std::__ndk1::char_traits<char>>>	0	0	13	0x5b5240	_ZNKSt6__ndk17num_getIcNS_19istreambuf_iteratorIcNS_11char_traitsIcEEEEE6do_getES4_S4_RNS_8ios_baseERjRPv	std::__ndk1::num_get<char, std::__ndk1::istreambuf_iterator<char, std::__ndk1::char_traits<char>>>::do_get(std::__ndk1::istreambuf_iterator<char, std::__ndk1::char_traits<char>>, std::__ndk1::istreambuf_iterator<char, std::__ndk1::char_traits<char>>, std::__ndk1::ios_base&, unsigned int&, void*&) const
std::__ndk1::num_get<wchar_t, std::__ndk1::istreambuf_iterator<wchar_t, std::__ndk1::char_traits<wchar_t>>>	0	0	0	0x5b5be0		
std::__ndk1::num_get<wchar_t, std::__ndk1::istreambuf_iterator<wchar_t, std::__ndk1::char_traits<wchar_t>>>	0	0	1	0x5b5be4		
std::__ndk1::num_get<wchar_t, std::__ndk1::istreambuf_iterator<wchar_t, std::__ndk1::char_traits<wchar_t>>>	0	0	2	0x5d5c00	_ZNSt6__ndk16locale5facet16__on_zero_sharedEv	std::__ndk1::locale::facet::__on_zero_shared()
std::__ndk1::num_get<wchar_t, std::__ndk1::istreambuf_iterator<wchar_t, std::__ndk1::char_traits<wchar_t>>>	0	0	3	0x5b5c08	_ZNKSt6__ndk17num_getIwNS_19istreambuf_iteratorIwNS_11char_traitsIwEEEEE6do_getES4_S4_RNS_8ios_baseERjRb	std::__ndk1::num_get<wchar_t, std::__ndk1::istreambuf_iterator<wchar_t, std::__ndk1::char_traits<wchar_t>>>::do_get(std::__ndk1::istreambuf_iterator<wchar_t, std::__ndk1::char_traits<wchar_t>>, std::__ndk1::istreambuf_iterator<wchar_t, std::__ndk1::char_traits<wchar_t>>, std::__ndk1::ios_base&, unsigned int&, bool&) const
std::__ndk1::num_get<wchar_t, std::__ndk1::istreambuf_iterator<wchar_t, std::__ndk1::char_traits<wchar_t>>>	0	0	4	0x5b62b0	_ZNKSt6__ndk17num_getIwNS_19istreambuf_iteratorIwNS_11char_traitsIwEEEEE6do_getES4_S4_RNS_8ios_baseERjRl	std::__ndk1::num_get<wchar_t, std::__ndk1::istreambuf_iterator<wchar_t, std::__ndk1::char_traits<wchar_t>>>::do_get(std::__ndk1::istreambuf_iterator<wchar_t, std::__ndk1::char_traits<wchar_t>>, std::__ndk1::istreambuf_iterator<wchar_t, std::__ndk1::char_traits<wchar_t>>, std::__ndk1::ios_base&, unsigned int&, long&) const
std::__ndk1::num_get<wchar_t, std::__ndk1::istreambuf_iterator<wchar_t, std::__ndk1::char_traits<wchar_t>>>	0	0	5	0x5b6798	_ZNKSt6__ndk17num_getIwNS_19istreambuf_iteratorIwNS_11char_traitsIwEEEEE6do_getES4_S4_RNS_8ios_baseERjRx	std::__ndk1::num_get<wchar_t, std::__ndk1::istreambuf_iterator<wchar_t, std::__ndk1::char_traits<wchar_t>>>::do_get(std::__ndk1::istreambuf_iterator<wchar_t, std::__ndk1::char_traits<wchar_t>>, std::__ndk1::istreambuf_iterator<wchar_t, std::__ndk1::char_traits<wchar_t>>, std::__ndk1::ios_base&, unsigned int&, long long&) const
std::__ndk1::num_get<wchar_t, std::__ndk1::istreambuf_iterator<wchar_t, std::__ndk1::char_traits<wchar_t>>>	0	0	6	0x5b6c80	_ZNKSt6__ndk17num_getIwNS_19istreambuf_iteratorIwNS_11char_traitsIwEEEEE6do_getES4_S4_RNS_8ios_baseERjRt	std::__ndk1::num_get<wchar_t, std::__ndk1::istreambuf_iterator<wchar_t, std::__ndk1::char_traits<wchar_t>>>::do_get(std::__ndk1::istreambuf_iterator<wchar_t, std::__ndk1::char_traits<wchar_t>>, std::__ndk1::istreambuf_iterator<wchar_t, std::__ndk1::char_traits<wchar_t>>, std::__ndk1::ios_base&, unsigned int&, unsigned short&) const
std::__ndk1::num_get<wchar_t, std::__ndk1::istreambuf_iterator<wchar_t, std::__ndk1::char_traits<wchar_t>>>	0	0	7	0x5b7168	_ZNKSt6__ndk17num_getIwNS_19istreambuf_iteratorIwNS_11char_traitsIwEEEEE6do_getES4_S4_RNS_8ios_baseERjS8_	std::__ndk1::num_get<wchar_t, std::__ndk1::istreambuf_iterator<wchar_t, std::__ndk1::char_traits<wchar_t>>>::do_get(std::__ndk1::istreambuf_iterator<wchar_t, std::__ndk1::char_traits<wchar_t>>, std::__ndk1::istreambuf_iterator<wchar_t, std::__ndk1::char_traits<wchar_t>>, std::__ndk1::ios_base&, unsigned int&, unsigned int&) const
std::__ndk1::num_get<wchar_t, std::__ndk1::istreambuf_iterator<wchar_t, std::__ndk1::char_traits<wchar_t>>>	0	0	8	0x5b7650	_ZNKSt6__ndk17num_getIwNS_19istreambuf_iteratorIwNS_11char_traitsIwEEEEE6do_getES4_S4_RNS_8ios_baseERjRm	std::__ndk1::num_get<wchar_t, std::__ndk1::istreambuf_iterator<wchar_t, std::__ndk1::char_traits<wchar_t>>>::do_get(std::__ndk1::istreambuf_iterator<wchar_t, std::__ndk1::char_traits<wchar_t>>, std::__ndk1::istreambuf_iterator<wchar_t, std::__ndk1::char_traits<wchar_t>>, std::__ndk1::ios_base&, unsigned int&, unsigned long&) const
std::__ndk1::num_get<wchar_t, std::__ndk1::istreambuf_iterator<wchar_t, std::__ndk1::char_traits<wchar_t>>>	0	0	9	0x5b7b38	_ZNKSt6__ndk17num_getIwNS_19istreambuf_iteratorIwNS_11char_traitsIwEEEEE6do_getES4_S4_RNS_8ios_baseERjRy	std::__ndk1::num_get<wchar_t, std::__ndk1::istreambuf_iterator<wchar_t, std::__ndk1::char_traits<wchar_t>>>::do_get(std::__ndk1::istreambuf_iterator<wchar_t, std::__ndk1::char_traits<wchar_t>>, std::__ndk1::istreambuf_iterator<wchar_t, std::__ndk1::char_traits<wchar_t>>, std::__ndk1::ios_base&, unsigned int&, unsigned long long&) const
std::__ndk1::num_get<wchar_t, std::__ndk1::istreambuf_iterator<wchar_t, std::__ndk1::char_traits<wchar_t>>>	0	0	10	0x5b8020	_ZNKSt6__ndk17num_getIwNS_19istreambuf_iteratorIwNS_11char_traitsIwEEEEE6do_getES4_S4_RNS_8ios_baseERjRf	std::__ndk1::num_get<wchar_t, std::__ndk1::istreambuf_iterator<wchar_t, std::__ndk1::char_traits<wchar_t>>>::do_get(std::__ndk1::istreambuf_iterator<wchar_t, std::__ndk1::char_traits<wchar_t>>, std::__ndk1::istreambuf_iterator<wchar_t, std::__ndk1::char_traits<wchar_t>>, std::__ndk1::ios_base&, unsigned int&, float&) const
std::__ndk1::num_get<wchar_t, std::__ndk1::istreambuf_iterator<wchar_t, std::__ndk1::char_traits<wchar_t>>>	0	0	11	0x5b84e8	_ZNKSt6__ndk17num_getIwNS_19istreambuf_iteratorIwNS_11char_traitsIwEEEEE6do_getES4_S4_RNS_8ios_baseERjRd	std::__ndk1::num_get<wchar_t, std::__ndk1::istreambuf_iterator<wchar_t, std::__ndk1::char_traits<wchar_t>>>::do_get(std::__ndk1::istreambuf_iterator<wchar_t, std::__ndk1::char_traits<wchar_t>>, std::__ndk1::istreambuf_iterator<wchar_t, std::__ndk1::char_traits<wchar_t>>, std::__ndk1::ios_base&, unsigned int&, double&) const
std::__ndk1::num_get<wchar_t, std::__ndk1::istreambuf_iterator<wchar_t, std::__ndk1::char_traits<wchar_t>>>	0	0	12	0x5b89b0	_ZNKSt6__ndk17num_getIwNS_19istreambuf_iteratorIwNS_11char_traitsIwEEEEE6do_getES4_S4_RNS_8ios_baseERjRe	std::__ndk1::num_get<wchar_t, std::__ndk1::istreambuf_iterator<wchar_t, std::__ndk1::char_traits<wchar_t>>>::do_get(std::__ndk1::istreambuf_iterator<wchar_t, std::__ndk1::char_traits<wchar_t>>, std::__ndk1::istreambuf_iterator<wchar_t, std::__ndk1::char_traits<wchar_t>>, std::__ndk1::ios_base&, unsigned int&, long double&) const
std::__ndk1::num_get<wchar_t, std::__ndk1::istreambuf_iterator<wchar_t, std::__ndk1::char_traits<wchar_t>>>	0	0	13	0x5b8e78	_ZNKSt6__ndk17num_getIwNS_19istreambuf_iteratorIwNS_11char_traitsIwEEEEE6do_getES4_S4_RNS_8ios_baseERjRPv	std::__ndk1::num_get<wchar_t, std::__ndk1::istreambuf_iterator<wchar_t, std::__ndk1::char_traits<wchar_t>>>::do_get(std::__ndk1::istreambuf_iterator<wchar_t, std::__ndk1::char_traits<wchar_t>>, std::__ndk1::istreambuf_iterator<wchar_t, std::__ndk1::char_traits<wchar_t>>, std::__ndk1::ios_base&, unsigned int&, void*&) const
std::__ndk1::num_put<char, std::__ndk1::ostreambuf_iterator<char, std::__ndk1::char_traits<char>>>	0	0	0	0x5ba3b8		
std::__ndk1::num_put<char, std::__ndk1::ostreambuf_iterator<char, std::__ndk1::char_traits<char>>>	0	0	1	0x5ba3bc		
std::__ndk1::num_put<char, std::__ndk1::ostreambuf_iterator<char, std::__ndk1::char_traits<char>>>	0	0	2	0x5d5c00	_ZNSt6__ndk16locale5facet16__on_zero_sharedEv	std::__ndk1::locale::facet::__on_zero_shared()
std::__ndk1::num_put<char, std::__ndk1::ostreambuf_iterator<char, std::__ndk1::char_traits<char>>>	0	0	3	0x5ba3e0	_ZNKSt6__ndk17num_putIcNS_19ostreambuf_iteratorIcNS_11char_traitsIcEEEEE6do_putES4_RNS_8ios_baseEcb	std::__ndk1::num_put<char, std::__ndk1::ostreambuf_iterator<char, std::__ndk1::char_traits<char>>>::do_put(std::__ndk1::ostreambuf_iterator<char, std::__ndk1::char_traits<char>>, std::__ndk1::ios_base&, char, bool) const
std::__ndk1::num_put<char, std::__ndk1::ostreambuf_iterator<char, std::__ndk1::char_traits<char>>>	0	0	4	0x5ba57c	_ZNKSt6__ndk17num_putIcNS_19ostreambuf_iteratorIcNS_11char_traitsIcEEEEE6do_putES4_RNS_8ios_baseEcl	std::__ndk1::num_put<char, std::__ndk1::ostreambuf_iterator<char, std::__ndk1::char_traits<char>>>::do_put(std::__ndk1::ostreambuf_iterator<char, std::__ndk1::char_traits<char>>, std::__ndk1::ios_base&, char, long) const
std::__ndk1::num_put<char, std::__ndk1::ostreambuf_iterator<char, std::__ndk1::char_traits<char>>>	0	0	5	0x5bad50	_ZNKSt6__ndk17num_putIcNS_19ostreambuf_iteratorIcNS_11char_traitsIcEEEEE6do_putES4_RNS_8ios_baseEcx	std::__ndk1::num_put<char, std::__ndk1::ostreambuf_iterator<char, std::__ndk1::char_traits<char>>>::do_put(std::__ndk1::ostreambuf_iterator<char, std::__ndk1::char_traits<char>>, std::__ndk1::ios_base&, char, long long) const
std::__ndk1::num_put<char, std::__ndk1::ostreambuf_iterator<char, std::__ndk1::char_traits<char>>>	0	0	6	0x5bafd8	_ZNKSt6__ndk17num_putIcNS_19ostreambuf_iteratorIcNS_11char_traitsIcEEEEE6do_putES4_RNS_8ios_baseEcm	std::__ndk1::num_put<char, std::__ndk1::ostreambuf_iterator<char, std::__ndk1::char_traits<char>>>::do_put(std::__ndk1::ostreambuf_iterator<char, std::__ndk1::char_traits<char>>, std::__ndk1::ios_base&, char, unsigned long) const
std::__ndk1::num_put<char, std::__ndk1::ostreambuf_iterator<char, std::__ndk1::char_traits<char>>>	0	0	7	0x5bb264	_ZNKSt6__ndk17num_putIcNS_19ostreambuf_iteratorIcNS_11char_traitsIcEEEEE6do_putES4_RNS_8ios_baseEcy	std::__ndk1::num_put<char, std::__ndk1::ostreambuf_iterator<char, std::__ndk1::char_traits<char>>>::do_put(std::__ndk1::ostreambuf_iterator<char, std::__ndk1::char_traits<char>>, std::__ndk1::ios_base&, char, unsigned long long) const
std::__ndk1::num_put<char, std::__ndk1::ostreambuf_iterator<char, std::__ndk1::char_traits<char>>>	0	0	8	0x5bb4ec	_ZNKSt6__ndk17num_putIcNS_19ostreambuf_iteratorIcNS_11char_traitsIcEEEEE6do_putES4_RNS_8ios_baseEcd	std::__ndk1::num_put<char, std::__ndk1::ostreambuf_iterator<char, std::__ndk1::char_traits<char>>>::do_put(std::__ndk1::ostreambuf_iterator<char, std::__ndk1::char_traits<char>>, std::__ndk1::ios_base&, char, double) const
std::__ndk1::num_put<char, std::__ndk1::ostreambuf_iterator<char, std::__ndk1::char_traits<char>>>	0	0	9	0x5bbfc8	_ZNKSt6__ndk17num_putIcNS_19ostreambuf_iteratorIcNS_11char_traitsIcEEEEE6do_putES4_RNS_8ios_baseEce	std::__ndk1::num_put<char, std::__ndk1::ostreambuf_iterator<char, std::__ndk1::char_traits<char>>>::do_put(std::__ndk1::ostreambuf_iterator<char, std::__ndk1::char_traits<char>>, std::__ndk1::ios_base&, char, long double) const
std::__ndk1::num_put<char, std::__ndk1::ostreambuf_iterator<char, std::__ndk1::char_traits<char>>>	0	0	10	0x5bc3f4	_ZNKSt6__ndk17num_putIcNS_19ostreambuf_iteratorIcNS_11char_traitsIcEEEEE6do_putES4_RNS_8ios_baseEcPKv	std::__ndk1::num_put<char, std::__ndk1::ostreambuf_iterator<char, std::__ndk1::char_traits<char>>>::do_put(std::__ndk1::ostreambuf_iterator<char, std::__ndk1::char_traits<char>>, std::__ndk1::ios_base&, char, void const*) const
std::__ndk1::num_put<wchar_t, std::__ndk1::ostreambuf_iterator<wchar_t, std::__ndk1::char_traits<wchar_t>>>	0	0	0	0x5bc674		
std::__ndk1::num_put<wchar_t, std::__ndk1::ostreambuf_iterator<wchar_t, std::__ndk1::char_traits<wchar_t>>>	0	0	1	0x5bc678		
std::__ndk1::num_put<wchar_t, std::__ndk1::ostreambuf_iterator<wchar_t, std::__ndk1::char_traits<wchar_t>>>	0	0	2	0x5d5c00	_ZNSt6__ndk16locale5facet16__on_zero_sharedEv	std::__ndk1::locale::facet::__on_zero_shared()
std::__ndk1::num_put<wchar_t, std::__ndk1::ostreambuf_iterator<wchar_t, std::__ndk1::char_traits<wchar_t>>>	0	0	3	0x5bc69c	_ZNKSt6__ndk17num_putIwNS_19ostreambuf_iteratorIwNS_11char_traitsIwEEEEE6do_putES4_RNS_8ios_baseEwb	std::__ndk1::num_put<wchar_t, std::__ndk1::ostreambuf_iterator<wchar_t, std::__ndk1::char_traits<wchar_t>>>::do_put(std::__ndk1::ostreambuf_iterator<wchar_t, std::__ndk1::char_traits<wchar_t>>, std::__ndk1::ios_base&, wchar_t, bool) const
std::__ndk1::num_put<wchar_t, std::__ndk1::ostreambuf_iterator<wchar_t, std::__ndk1::char_traits<wchar_t>>>	0	0	4	0x5bc840	_ZNKSt6__ndk17num_putIwNS_19ostreambuf_iteratorIwNS_11char_traitsIwEEEEE6do_putES4_RNS_8ios_baseEwl	std::__ndk1::num_put<wchar_t, std::__ndk1::ostreambuf_iterator<wchar_t, std::__ndk1::char_traits<wchar_t>>>::do_put(std::__ndk1::ostreambuf_iterator<wchar_t, std::__ndk1::char_traits<wchar_t>>, std::__ndk1::ios_base&, wchar_t, long) const
std::__ndk1::num_put<wchar_t, std::__ndk1::ostreambuf_iterator<wchar_t, std::__ndk1::char_traits<wchar_t>>>	0	0	5	0x5bcf8c	_ZNKSt6__ndk17num_putIwNS_19ostreambuf_iteratorIwNS_11char_traitsIwEEEEE6do_putES4_RNS_8ios_baseEwx	std::__ndk1::num_put<wchar_t, std::__ndk1::ostreambuf_iterator<wchar_t, std::__ndk1::char_traits<wchar_t>>>::do_put(std::__ndk1::ostreambuf_iterator<wchar_t, std::__ndk1::char_traits<wchar_t>>, std::__ndk1::ios_base&, wchar_t, long long) const
std::__ndk1::num_put<wchar_t, std::__ndk1::ostreambuf_iterator<wchar_t, std::__ndk1::char_traits<wchar_t>>>	0	0	6	0x5bd218	_ZNKSt6__ndk17num_putIwNS_19ostreambuf_iteratorIwNS_11char_traitsIwEEEEE6do_putES4_RNS_8ios_baseEwm	std::__ndk1::num_put<wchar_t, std::__ndk1::ostreambuf_iterator<wchar_t, std::__ndk1::char_traits<wchar_t>>>::do_put(std::__ndk1::ostreambuf_iterator<wchar_t, std::__ndk1::char_traits<wchar_t>>, std::__ndk1::ios_base&, wchar_t, unsigned long) const
std::__ndk1::num_put<wchar_t, std::__ndk1::ostreambuf_iterator<wchar_t, std::__ndk1::char_traits<wchar_t>>>	0	0	7	0x5bd4a8	_ZNKSt6__ndk17num_putIwNS_19ostreambuf_iteratorIwNS_11char_traitsIwEEEEE6do_putES4_RNS_8ios_baseEwy	std::__ndk1::num_put<wchar_t, std::__ndk1::ostreambuf_iterator<wchar_t, std::__ndk1::char_traits<wchar_t>>>::do_put(std::__ndk1::ostreambuf_iterator<wchar_t, std::__ndk1::char_traits<wchar_t>>, std::__ndk1::ios_base&, wchar_t, unsigned long long) const
std::__ndk1::num_put<wchar_t, std::__ndk1::ostreambuf_iterator<wchar_t, std::__ndk1::char_traits<wchar_t>>>	0	0	8	0x5bd734	_ZNKSt6__ndk17num_putIwNS_19ostreambuf_iteratorIwNS_11char_traitsIwEEEEE6do_putES4_RNS_8ios_baseEwd	std::__ndk1::num_put<wchar_t, std::__ndk1::ostreambuf_iterator<wchar_t, std::__ndk1::char_traits<wchar_t>>>::do_put(std::__ndk1::ostreambuf_iterator<wchar_t, std::__ndk1::char_traits<wchar_t>>, std::__ndk1::ios_base&, wchar_t, double) const
std::__ndk1::num_put<wchar_t, std::__ndk1::ostreambuf_iterator<wchar_t, std::__ndk1::char_traits<wchar_t>>>	0	0	9	0x5be088	_ZNKSt6__ndk17num_putIwNS_19ostreambuf_iteratorIwNS_11char_traitsIwEEEEE6do_putES4_RNS_8ios_baseEwe	std::__ndk1::num_put<wchar_t, std::__ndk1::ostreambuf_iterator<wchar_t, std::__ndk1::char_traits<wchar_t>>>::do_put(std::__ndk1::ostreambuf_iterator<wchar_t, std::__ndk1::char_traits<wchar_t>>, std::__ndk1::ios_base&, wchar_t, long double) const
std::__ndk1::num_put<wchar_t, std::__ndk1::ostreambuf_iterator<wchar_t, std::__ndk1::char_traits<wchar_t>>>	0	0	10	0x5be4c0	_ZNKSt6__ndk17num_putIwNS_19ostreambuf_iteratorIwNS_11char_traitsIwEEEEE6do_putES4_RNS_8ios_baseEwPKv	std::__ndk1::num_put<wchar_t, std::__ndk1::ostreambuf_iterator<wchar_t, std::__ndk1::char_traits<wchar_t>>>::do_put(std::__ndk1::ostreambuf_iterator<wchar_t, std::__ndk1::char_traits<wchar_t>>, std::__ndk1::ios_base&, wchar_t, void const*) const
std::__ndk1::numpunct<char>	0	0	0	0x5dbfe4	_ZNSt6__ndk18numpunctIcED1Ev	std::__ndk1::numpunct<char>::~numpunct()
std::__ndk1::numpunct<char>	0	0	1	0x5dc024	_ZNSt6__ndk18numpunctIcED0Ev	std::__ndk1::numpunct<char>::~numpunct()
std::__ndk1::numpunct<char>	0	0	2	0x5d5c00	_ZNSt6__ndk16locale5facet16__on_zero_sharedEv	std::__ndk1::locale::facet::__on_zero_shared()
std::__ndk1::numpunct<char>	0	0	3	0x5dc0f4	_ZNKSt6__ndk18numpunctIcE16do_decimal_pointEv	std::__ndk1::numpunct<char>::do_decimal_point() const
std::__ndk1::numpunct<char>	0	0	4	0x5dc104	_ZNKSt6__ndk18numpunctIcE16do_thousands_sepEv	std::__ndk1::numpunct<char>::do_thousands_sep() const
std::__ndk1::numpunct<char>	0	0	5	0x5dc114	_ZNKSt6__ndk18numpunctIcE11do_groupingEv	std::__ndk1::numpunct<char>::do_grouping() const
std::__ndk1::numpunct<char>	0	0	6	0x5dc12c	_ZNKSt6__ndk18numpunctIcE11do_truenameEv	std::__ndk1::numpunct<char>::do_truename() const
std::__ndk1::numpunct<char>	0	0	7	0x5dc16c	_ZNKSt6__ndk18numpunctIcE12do_falsenameEv	std::__ndk1::numpunct<char>::do_falsename() const
std::__ndk1::numpunct<wchar_t>	0	0	0	0x5dc06c	_ZNSt6__ndk115numpunct_bynameIwED2Ev	std::__ndk1::numpunct_byname<wchar_t>::~numpunct_byname()
std::__ndk1::numpunct<wchar_t>	0	0	1	0x5dc0ac	_ZNSt6__ndk18numpunctIwED0Ev	std::__ndk1::numpunct<wchar_t>::~numpunct()
std::__ndk1::numpunct<wchar_t>	0	0	2	0x5d5c00	_ZNSt6__ndk16locale5facet16__on_zero_sharedEv	std::__ndk1::locale::facet::__on_zero_shared()
std::__ndk1::numpunct<wchar_t>	0	0	3	0x5dc0fc	_ZNKSt6__ndk18numpunctIwE16do_decimal_pointEv	std::__ndk1::numpunct<wchar_t>::do_decimal_point() const
std::__ndk1::numpunct<wchar_t>	0	0	4	0x5dc10c	_ZNKSt6__ndk18numpunctIwE16do_thousands_sepEv	std::__ndk1::numpunct<wchar_t>::do_thousands_sep() const
std::__ndk1::numpunct<wchar_t>	0	0	5	0x5dc120	_ZNKSt6__ndk18numpunctIwE11do_groupingEv	std::__ndk1::numpunct<wchar_t>::do_grouping() const
std::__ndk1::numpunct<wchar_t>	0	0	6	0x5dc150	_ZNKSt6__ndk18numpunctIwE11do_truenameEv	std::__ndk1::numpunct<wchar_t>::do_truename() const
std::__ndk1::numpunct<wchar_t>	0	0	7	0x5dc194	_ZNKSt6__ndk18numpunctIwE12do_falsenameEv	std::__ndk1::numpunct<wchar_t>::do_falsename() const
std::__ndk1::numpunct_byname<char>	0	0	0	0x5dbfe4	_ZNSt6__ndk18numpunctIcED1Ev	std::__ndk1::numpunct<char>::~numpunct()
std::__ndk1::numpunct_byname<char>	0	0	1	0x5dc4a8	_ZNSt6__ndk115numpunct_bynameIcED0Ev	std::__ndk1::numpunct_byname<char>::~numpunct_byname()
std::__ndk1::numpunct_byname<char>	0	0	2	0x5d5c00	_ZNSt6__ndk16locale5facet16__on_zero_sharedEv	std::__ndk1::locale::facet::__on_zero_shared()
std::__ndk1::numpunct_byname<char>	0	0	3	0x5dc0f4	_ZNKSt6__ndk18numpunctIcE16do_decimal_pointEv	std::__ndk1::numpunct<char>::do_decimal_point() const
std::__ndk1::numpunct_byname<char>	0	0	4	0x5dc104	_ZNKSt6__ndk18numpunctIcE16do_thousands_sepEv	std::__ndk1::numpunct<char>::do_thousands_sep() const
std::__ndk1::numpunct_byname<char>	0	0	5	0x5dc114	_ZNKSt6__ndk18numpunctIcE11do_groupingEv	std::__ndk1::numpunct<char>::do_grouping() const
std::__ndk1::numpunct_byname<char>	0	0	6	0x5dc12c	_ZNKSt6__ndk18numpunctIcE11do_truenameEv	std::__ndk1::numpunct<char>::do_truename() const
std::__ndk1::numpunct_byname<char>	0	0	7	0x5dc16c	_ZNKSt6__ndk18numpunctIcE12do_falsenameEv	std::__ndk1::numpunct<char>::do_falsename() const
std::__ndk1::numpunct_byname<wchar_t>	0	0	0	0x5dc06c	_ZNSt6__ndk115numpunct_bynameIwED2Ev	std::__ndk1::numpunct_byname<wchar_t>::~numpunct_byname()
std::__ndk1::numpunct_byname<wchar_t>	0	0	1	0x5dc8e4	_ZNSt6__ndk115numpunct_bynameIwED0Ev	std::__ndk1::numpunct_byname<wchar_t>::~numpunct_byname()
std::__ndk1::numpunct_byname<wchar_t>	0	0	2	0x5d5c00	_ZNSt6__ndk16locale5facet16__on_zero_sharedEv	std::__ndk1::locale::facet::__on_zero_shared()
std::__ndk1::numpunct_byname<wchar_t>	0	0	3	0x5dc0fc	_ZNKSt6__ndk18numpunctIwE16do_decimal_pointEv	std::__ndk1::numpunct<wchar_t>::do_decimal_point() const
std::__ndk1::numpunct_byname<wchar_t>	0	0	4	0x5dc10c	_ZNKSt6__ndk18numpunctIwE16do_thousands_sepEv	std::__ndk1::numpunct<wchar_t>::do_thousands_sep() const
std::__ndk1::numpunct_byname<wchar_t>	0	0	5	0x5dc120	_ZNKSt6__ndk18numpunctIwE11do_groupingEv	std::__ndk1::numpunct<wchar_t>::do_grouping() const
std::__ndk1::numpunct_byname<wchar_t>	0	0	6	0x5dc150	_ZNKSt6__ndk18numpunctIwE11do_truenameEv	std::__ndk1::numpunct<wchar_t>::do_truename() const
std::__ndk1::numpunct_byname<wchar_t>	0	0	7	0x5dc194	_ZNKSt6__ndk18numpunctIwE12do_falsenameEv	std::__ndk1::numpunct<wchar_t>::do_falsename() const
std::__ndk1::system_error	0	0	0	0x5efae4	_ZNSt6__ndk112system_errorD1Ev	std::__ndk1::system_error::~system_error()
std::__ndk1::system_error	0	0	1	0x5efae8	_ZNSt6__ndk112system_errorD0Ev	std::__ndk1::system_error::~system_error()
std::__ndk1::system_error	0	0	2	0x5f514c	_ZNKSt13runtime_error4whatEv	std::runtime_error::what() const
std::__ndk1::time_get<char, std::__ndk1::istreambuf_iterator<char, std::__ndk1::char_traits<char>>>	0	0	0	0x5bebc8		
std::__ndk1::time_get<char, std::__ndk1::istreambuf_iterator<char, std::__ndk1::char_traits<char>>>	0	0	1	0x5bebcc		
std::__ndk1::time_get<char, std::__ndk1::istreambuf_iterator<char, std::__ndk1::char_traits<char>>>	0	0	2	0x5d5c00	_ZNSt6__ndk16locale5facet16__on_zero_sharedEv	std::__ndk1::locale::facet::__on_zero_shared()
std::__ndk1::time_get<char, std::__ndk1::istreambuf_iterator<char, std::__ndk1::char_traits<char>>>	0	0	3	0x5bebf0	_ZNKSt6__ndk18time_getIcNS_19istreambuf_iteratorIcNS_11char_traitsIcEEEEE13do_date_orderEv	std::__ndk1::time_get<char, std::__ndk1::istreambuf_iterator<char, std::__ndk1::char_traits<char>>>::do_date_order() const
std::__ndk1::time_get<char, std::__ndk1::istreambuf_iterator<char, std::__ndk1::char_traits<char>>>	0	0	4	0x5bebf8	_ZNKSt6__ndk18time_getIcNS_19istreambuf_iteratorIcNS_11char_traitsIcEEEEE11do_get_timeES4_S4_RNS_8ios_baseERjP2tm	std::__ndk1::time_get<char, std::__ndk1::istreambuf_iterator<char, std::__ndk1::char_traits<char>>>::do_get_time(std::__ndk1::istreambuf_iterator<char, std::__ndk1::char_traits<char>>, std::__ndk1::istreambuf_iterator<char, std::__ndk1::char_traits<char>>, std::__ndk1::ios_base&, unsigned int&, tm*) const
std::__ndk1::time_get<char, std::__ndk1::istreambuf_iterator<char, std::__ndk1::char_traits<char>>>	0	0	5	0x5bec5c	_ZNKSt6__ndk18time_getIcNS_19istreambuf_iteratorIcNS_11char_traitsIcEEEEE11do_get_dateES4_S4_RNS_8ios_baseERjP2tm	std::__ndk1::time_get<char, std::__ndk1::istreambuf_iterator<char, std::__ndk1::char_traits<char>>>::do_get_date(std::__ndk1::istreambuf_iterator<char, std::__ndk1::char_traits<char>>, std::__ndk1::istreambuf_iterator<char, std::__ndk1::char_traits<char>>, std::__ndk1::ios_base&, unsigned int&, tm*) const
std::__ndk1::time_get<char, std::__ndk1::istreambuf_iterator<char, std::__ndk1::char_traits<char>>>	0	0	6	0x5becdc	_ZNKSt6__ndk18time_getIcNS_19istreambuf_iteratorIcNS_11char_traitsIcEEEEE14do_get_weekdayES4_S4_RNS_8ios_baseERjP2tm	std::__ndk1::time_get<char, std::__ndk1::istreambuf_iterator<char, std::__ndk1::char_traits<char>>>::do_get_weekday(std::__ndk1::istreambuf_iterator<char, std::__ndk1::char_traits<char>>, std::__ndk1::istreambuf_iterator<char, std::__ndk1::char_traits<char>>, std::__ndk1::ios_base&, unsigned int&, tm*) const
std::__ndk1::time_get<char, std::__ndk1::istreambuf_iterator<char, std::__ndk1::char_traits<char>>>	0	0	7	0x5beeb4	_ZNKSt6__ndk18time_getIcNS_19istreambuf_iteratorIcNS_11char_traitsIcEEEEE16do_get_monthnameES4_S4_RNS_8ios_baseERjP2tm	std::__ndk1::time_get<char, std::__ndk1::istreambuf_iterator<char, std::__ndk1::char_traits<char>>>::do_get_monthname(std::__ndk1::istreambuf_iterator<char, std::__ndk1::char_traits<char>>, std::__ndk1::istreambuf_iterator<char, std::__ndk1::char_traits<char>>, std::__ndk1::ios_base&, unsigned int&, tm*) const
std::__ndk1::time_get<char, std::__ndk1::istreambuf_iterator<char, std::__ndk1::char_traits<char>>>	0	0	8	0x5bf084	_ZNKSt6__ndk18time_getIcNS_19istreambuf_iteratorIcNS_11char_traitsIcEEEEE11do_get_yearES4_S4_RNS_8ios_baseERjP2tm	std::__ndk1::time_get<char, std::__ndk1::istreambuf_iterator<char, std::__ndk1::char_traits<char>>>::do_get_year(std::__ndk1::istreambuf_iterator<char, std::__ndk1::char_traits<char>>, std::__ndk1::istreambuf_iterator<char, std::__ndk1::char_traits<char>>, std::__ndk1::ios_base&, unsigned int&, tm*) const
std::__ndk1::time_get<char, std::__ndk1::istreambuf_iterator<char, std::__ndk1::char_traits<char>>>	0	0	9	0x5bf1d0	_ZNKSt6__ndk18time_getIcNS_19istreambuf_iteratorIcNS_11char_traitsIcEEEEE6do_getES4_S4_RNS_8ios_baseERjP2tmcc	std::__ndk1::time_get<char, std::__ndk1::istreambuf_iterator<char, std::__ndk1::char_traits<char>>>::do_get(std::__ndk1::istreambuf_iterator<char, std::__ndk1::char_traits<char>>, std::__ndk1::istreambuf_iterator<char, std::__ndk1::char_traits<char>>, std::__ndk1::ios_base&, unsigned int&, tm*, char, char) const
std::__ndk1::time_get<wchar_t, std::__ndk1::istreambuf_iterator<wchar_t, std::__ndk1::char_traits<wchar_t>>>	0	0	0	0x5c07b0		
std::__ndk1::time_get<wchar_t, std::__ndk1::istreambuf_iterator<wchar_t, std::__ndk1::char_traits<wchar_t>>>	0	0	1	0x5c07b4		
std::__ndk1::time_get<wchar_t, std::__ndk1::istreambuf_iterator<wchar_t, std::__ndk1::char_traits<wchar_t>>>	0	0	2	0x5d5c00	_ZNSt6__ndk16locale5facet16__on_zero_sharedEv	std::__ndk1::locale::facet::__on_zero_shared()
std::__ndk1::time_get<wchar_t, std::__ndk1::istreambuf_iterator<wchar_t, std::__ndk1::char_traits<wchar_t>>>	0	0	3	0x5c07d8	_ZNKSt6__ndk18time_getIwNS_19istreambuf_iteratorIwNS_11char_traitsIwEEEEE13do_date_orderEv	std::__ndk1::time_get<wchar_t, std::__ndk1::istreambuf_iterator<wchar_t, std::__ndk1::char_traits<wchar_t>>>::do_date_order() const
std::__ndk1::time_get<wchar_t, std::__ndk1::istreambuf_iterator<wchar_t, std::__ndk1::char_traits<wchar_t>>>	0	0	4	0x5c07e0	_ZNKSt6__ndk18time_getIwNS_19istreambuf_iteratorIwNS_11char_traitsIwEEEEE11do_get_timeES4_S4_RNS_8ios_baseERjP2tm	std::__ndk1::time_get<wchar_t, std::__ndk1::istreambuf_iterator<wchar_t, std::__ndk1::char_traits<wchar_t>>>::do_get_time(std::__ndk1::istreambuf_iterator<wchar_t, std::__ndk1::char_traits<wchar_t>>, std::__ndk1::istreambuf_iterator<wchar_t, std::__ndk1::char_traits<wchar_t>>, std::__ndk1::ios_base&, unsigned int&, tm*) const
std::__ndk1::time_get<wchar_t, std::__ndk1::istreambuf_iterator<wchar_t, std::__ndk1::char_traits<wchar_t>>>	0	0	5	0x5c0840	_ZNKSt6__ndk18time_getIwNS_19istreambuf_iteratorIwNS_11char_traitsIwEEEEE11do_get_dateES4_S4_RNS_8ios_baseERjP2tm	std::__ndk1::time_get<wchar_t, std::__ndk1::istreambuf_iterator<wchar_t, std::__ndk1::char_traits<wchar_t>>>::do_get_date(std::__ndk1::istreambuf_iterator<wchar_t, std::__ndk1::char_traits<wchar_t>>, std::__ndk1::istreambuf_iterator<wchar_t, std::__ndk1::char_traits<wchar_t>>, std::__ndk1::ios_base&, unsigned int&, tm*) const
std::__ndk1::time_get<wchar_t, std::__ndk1::istreambuf_iterator<wchar_t, std::__ndk1::char_traits<wchar_t>>>	0	0	6	0x5c08c4	_ZNKSt6__ndk18time_getIwNS_19istreambuf_iteratorIwNS_11char_traitsIwEEEEE14do_get_weekdayES4_S4_RNS_8ios_baseERjP2tm	std::__ndk1::time_get<wchar_t, std::__ndk1::istreambuf_iterator<wchar_t, std::__ndk1::char_traits<wchar_t>>>::do_get_weekday(std::__ndk1::istreambuf_iterator<wchar_t, std::__ndk1::char_traits<wchar_t>>, std::__ndk1::istreambuf_iterator<wchar_t, std::__ndk1::char_traits<wchar_t>>, std::__ndk1::ios_base&, unsigned int&, tm*) const
std::__ndk1::time_get<wchar_t, std::__ndk1::istreambuf_iterator<wchar_t, std::__ndk1::char_traits<wchar_t>>>	0	0	7	0x5c0a9c	_ZNKSt6__ndk18time_getIwNS_19istreambuf_iteratorIwNS_11char_traitsIwEEEEE16do_get_monthnameES4_S4_RNS_8ios_baseERjP2tm	std::__ndk1::time_get<wchar_t, std::__ndk1::istreambuf_iterator<wchar_t, std::__ndk1::char_traits<wchar_t>>>::do_get_monthname(std::__ndk1::istreambuf_iterator<wchar_t, std::__ndk1::char_traits<wchar_t>>, std::__ndk1::istreambuf_iterator<wchar_t, std::__ndk1::char_traits<wchar_t>>, std::__ndk1::ios_base&, unsigned int&, tm*) const
std::__ndk1::time_get<wchar_t, std::__ndk1::istreambuf_iterator<wchar_t, std::__ndk1::char_traits<wchar_t>>>	0	0	8	0x5c0c6c	_ZNKSt6__ndk18time_getIwNS_19istreambuf_iteratorIwNS_11char_traitsIwEEEEE11do_get_yearES4_S4_RNS_8ios_baseERjP2tm	std::__ndk1::time_get<wchar_t, std::__ndk1::istreambuf_iterator<wchar_t, std::__ndk1::char_traits<wchar_t>>>::do_get_year(std::__ndk1::istreambuf_iterator<wchar_t, std::__ndk1::char_traits<wchar_t>>, std::__ndk1::istreambuf_iterator<wchar_t, std::__ndk1::char_traits<wchar_t>>, std::__ndk1::ios_base&, unsigned int&, tm*) const
std::__ndk1::time_get<wchar_t, std::__ndk1::istreambuf_iterator<wchar_t, std::__ndk1::char_traits<wchar_t>>>	0	0	9	0x5c0db8	_ZNKSt6__ndk18time_getIwNS_19istreambuf_iteratorIwNS_11char_traitsIwEEEEE6do_getES4_S4_RNS_8ios_baseERjP2tmcc	std::__ndk1::time_get<wchar_t, std::__ndk1::istreambuf_iterator<wchar_t, std::__ndk1::char_traits<wchar_t>>>::do_get(std::__ndk1::istreambuf_iterator<wchar_t, std::__ndk1::char_traits<wchar_t>>, std::__ndk1::istreambuf_iterator<wchar_t, std::__ndk1::char_traits<wchar_t>>, std::__ndk1::ios_base&, unsigned int&, tm*, char, char) const
std::__ndk1::time_get_byname<char, std::__ndk1::istreambuf_iterator<char, std::__ndk1::char_traits<char>>>	0	0	0	0x5c2698		
std::__ndk1::time_get_byname<char, std::__ndk1::istreambuf_iterator<char, std::__ndk1::char_traits<char>>>	0	0	1	0x5c28bc		
std::__ndk1::time_get_byname<char, std::__ndk1::istreambuf_iterator<char, std::__ndk1::char_traits<char>>>	0	0	2	0x5d5c00	_ZNSt6__ndk16locale5facet16__on_zero_sharedEv	std::__ndk1::locale::facet::__on_zero_shared()
std::__ndk1::time_get_byname<char, std::__ndk1::istreambuf_iterator<char, std::__ndk1::char_traits<char>>>	0	0	3	0x5c2ae8		
std::__ndk1::time_get_byname<char, std::__ndk1::istreambuf_iterator<char, std::__ndk1::char_traits<char>>>	0	0	4	0x5bebf8	_ZNKSt6__ndk18time_getIcNS_19istreambuf_iteratorIcNS_11char_traitsIcEEEEE11do_get_timeES4_S4_RNS_8ios_baseERjP2tm	std::__ndk1::time_get<char, std::__ndk1::istreambuf_iterator<char, std::__ndk1::char_traits<char>>>::do_get_time(std::__ndk1::istreambuf_iterator<char, std::__ndk1::char_traits<char>>, std::__ndk1::istreambuf_iterator<char, std::__ndk1::char_traits<char>>, std::__ndk1::ios_base&, unsigned int&, tm*) const
std::__ndk1::time_get_byname<char, std::__ndk1::istreambuf_iterator<char, std::__ndk1::char_traits<char>>>	0	0	5	0x5bec5c	_ZNKSt6__ndk18time_getIcNS_19istreambuf_iteratorIcNS_11char_traitsIcEEEEE11do_get_dateES4_S4_RNS_8ios_baseERjP2tm	std::__ndk1::time_get<char, std::__ndk1::istreambuf_iterator<char, std::__ndk1::char_traits<char>>>::do_get_date(std::__ndk1::istreambuf_iterator<char, std::__ndk1::char_traits<char>>, std::__ndk1::istreambuf_iterator<char, std::__ndk1::char_traits<char>>, std::__ndk1::ios_base&, unsigned int&, tm*) const
std::__ndk1::time_get_byname<char, std::__ndk1::istreambuf_iterator<char, std::__ndk1::char_traits<char>>>	0	0	6	0x5becdc	_ZNKSt6__ndk18time_getIcNS_19istreambuf_iteratorIcNS_11char_traitsIcEEEEE14do_get_weekdayES4_S4_RNS_8ios_baseERjP2tm	std::__ndk1::time_get<char, std::__ndk1::istreambuf_iterator<char, std::__ndk1::char_traits<char>>>::do_get_weekday(std::__ndk1::istreambuf_iterator<char, std::__ndk1::char_traits<char>>, std::__ndk1::istreambuf_iterator<char, std::__ndk1::char_traits<char>>, std::__ndk1::ios_base&, unsigned int&, tm*) const
std::__ndk1::time_get_byname<char, std::__ndk1::istreambuf_iterator<char, std::__ndk1::char_traits<char>>>	0	0	7	0x5beeb4	_ZNKSt6__ndk18time_getIcNS_19istreambuf_iteratorIcNS_11char_traitsIcEEEEE16do_get_monthnameES4_S4_RNS_8ios_baseERjP2tm	std::__ndk1::time_get<char, std::__ndk1::istreambuf_iterator<char, std::__ndk1::char_traits<char>>>::do_get_monthname(std::__ndk1::istreambuf_iterator<char, std::__ndk1::char_traits<char>>, std::__ndk1::istreambuf_iterator<char, std::__ndk1::char_traits<char>>, std::__ndk1::ios_base&, unsigned int&, tm*) const
std::__ndk1::time_get_byname<char, std::__ndk1::istreambuf_iterator<char, std::__ndk1::char_traits<char>>>	0	0	8	0x5bf084	_ZNKSt6__ndk18time_getIcNS_19istreambuf_iteratorIcNS_11char_traitsIcEEEEE11do_get_yearES4_S4_RNS_8ios_baseERjP2tm	std::__ndk1::time_get<char, std::__ndk1::istreambuf_iterator<char, std::__ndk1::char_traits<char>>>::do_get_year(std::__ndk1::istreambuf_iterator<char, std::__ndk1::char_traits<char>>, std::__ndk1::istreambuf_iterator<char, std::__ndk1::char_traits<char>>, std::__ndk1::ios_base&, unsigned int&, tm*) const
std::__ndk1::time_get_byname<char, std::__ndk1::istreambuf_iterator<char, std::__ndk1::char_traits<char>>>	0	0	9	0x5bf1d0	_ZNKSt6__ndk18time_getIcNS_19istreambuf_iteratorIcNS_11char_traitsIcEEEEE6do_getES4_S4_RNS_8ios_baseERjP2tmcc	std::__ndk1::time_get<char, std::__ndk1::istreambuf_iterator<char, std::__ndk1::char_traits<char>>>::do_get(std::__ndk1::istreambuf_iterator<char, std::__ndk1::char_traits<char>>, std::__ndk1::istreambuf_iterator<char, std::__ndk1::char_traits<char>>, std::__ndk1::ios_base&, unsigned int&, tm*, char, char) const
std::__ndk1::time_get_byname<char, std::__ndk1::istreambuf_iterator<char, std::__ndk1::char_traits<char>>>	0	0	10	0x5c2e98		
std::__ndk1::time_get_byname<char, std::__ndk1::istreambuf_iterator<char, std::__ndk1::char_traits<char>>>	0	0	11	0x5c2ea8		
std::__ndk1::time_get_byname<char, std::__ndk1::istreambuf_iterator<char, std::__ndk1::char_traits<char>>>	0	0	12	0x5c2eb8		
std::__ndk1::time_get_byname<char, std::__ndk1::istreambuf_iterator<char, std::__ndk1::char_traits<char>>>	0	0	13	0x5c2ec8		
std::__ndk1::time_get_byname<char, std::__ndk1::istreambuf_iterator<char, std::__ndk1::char_traits<char>>>	0	0	14	0x5c2ed8		
std::__ndk1::time_get_byname<char, std::__ndk1::istreambuf_iterator<char, std::__ndk1::char_traits<char>>>	0	0	15	0x5c2ee8		
std::__ndk1::time_get_byname<char, std::__ndk1::istreambuf_iterator<char, std::__ndk1::char_traits<char>>>	0	0	16	0x5c2ef8		
std::__ndk1::time_get_byname<wchar_t, std::__ndk1::istreambuf_iterator<wchar_t, std::__ndk1::char_traits<wchar_t>>>	0	0	0	0x5c3638		
std::__ndk1::time_get_byname<wchar_t, std::__ndk1::istreambuf_iterator<wchar_t, std::__ndk1::char_traits<wchar_t>>>	0	0	1	0x5c385c		
std::__ndk1::time_get_byname<wchar_t, std::__ndk1::istreambuf_iterator<wchar_t, std::__ndk1::char_traits<wchar_t>>>	0	0	2	0x5d5c00	_ZNSt6__ndk16locale5facet16__on_zero_sharedEv	std::__ndk1::locale::facet::__on_zero_shared()
std::__ndk1::time_get_byname<wchar_t, std::__ndk1::istreambuf_iterator<wchar_t, std::__ndk1::char_traits<wchar_t>>>	0	0	3	0x5c3a88		
std::__ndk1::time_get_byname<wchar_t, std::__ndk1::istreambuf_iterator<wchar_t, std::__ndk1::char_traits<wchar_t>>>	0	0	4	0x5c07e0	_ZNKSt6__ndk18time_getIwNS_19istreambuf_iteratorIwNS_11char_traitsIwEEEEE11do_get_timeES4_S4_RNS_8ios_baseERjP2tm	std::__ndk1::time_get<wchar_t, std::__ndk1::istreambuf_iterator<wchar_t, std::__ndk1::char_traits<wchar_t>>>::do_get_time(std::__ndk1::istreambuf_iterator<wchar_t, std::__ndk1::char_traits<wchar_t>>, std::__ndk1::istreambuf_iterator<wchar_t, std::__ndk1::char_traits<wchar_t>>, std::__ndk1::ios_base&, unsigned int&, tm*) const
std::__ndk1::time_get_byname<wchar_t, std::__ndk1::istreambuf_iterator<wchar_t, std::__ndk1::char_traits<wchar_t>>>	0	0	5	0x5c0840	_ZNKSt6__ndk18time_getIwNS_19istreambuf_iteratorIwNS_11char_traitsIwEEEEE11do_get_dateES4_S4_RNS_8ios_baseERjP2tm	std::__ndk1::time_get<wchar_t, std::__ndk1::istreambuf_iterator<wchar_t, std::__ndk1::char_traits<wchar_t>>>::do_get_date(std::__ndk1::istreambuf_iterator<wchar_t, std::__ndk1::char_traits<wchar_t>>, std::__ndk1::istreambuf_iterator<wchar_t, std::__ndk1::char_traits<wchar_t>>, std::__ndk1::ios_base&, unsigned int&, tm*) const
std::__ndk1::time_get_byname<wchar_t, std::__ndk1::istreambuf_iterator<wchar_t, std::__ndk1::char_traits<wchar_t>>>	0	0	6	0x5c08c4	_ZNKSt6__ndk18time_getIwNS_19istreambuf_iteratorIwNS_11char_traitsIwEEEEE14do_get_weekdayES4_S4_RNS_8ios_baseERjP2tm	std::__ndk1::time_get<wchar_t, std::__ndk1::istreambuf_iterator<wchar_t, std::__ndk1::char_traits<wchar_t>>>::do_get_weekday(std::__ndk1::istreambuf_iterator<wchar_t, std::__ndk1::char_traits<wchar_t>>, std::__ndk1::istreambuf_iterator<wchar_t, std::__ndk1::char_traits<wchar_t>>, std::__ndk1::ios_base&, unsigned int&, tm*) const
std::__ndk1::time_get_byname<wchar_t, std::__ndk1::istreambuf_iterator<wchar_t, std::__ndk1::char_traits<wchar_t>>>	0	0	7	0x5c0a9c	_ZNKSt6__ndk18time_getIwNS_19istreambuf_iteratorIwNS_11char_traitsIwEEEEE16do_get_monthnameES4_S4_RNS_8ios_baseERjP2tm	std::__ndk1::time_get<wchar_t, std::__ndk1::istreambuf_iterator<wchar_t, std::__ndk1::char_traits<wchar_t>>>::do_get_monthname(std::__ndk1::istreambuf_iterator<wchar_t, std::__ndk1::char_traits<wchar_t>>, std::__ndk1::istreambuf_iterator<wchar_t, std::__ndk1::char_traits<wchar_t>>, std::__ndk1::ios_base&, unsigned int&, tm*) const
std::__ndk1::time_get_byname<wchar_t, std::__ndk1::istreambuf_iterator<wchar_t, std::__ndk1::char_traits<wchar_t>>>	0	0	8	0x5c0c6c	_ZNKSt6__ndk18time_getIwNS_19istreambuf_iteratorIwNS_11char_traitsIwEEEEE11do_get_yearES4_S4_RNS_8ios_baseERjP2tm	std::__ndk1::time_get<wchar_t, std::__ndk1::istreambuf_iterator<wchar_t, std::__ndk1::char_traits<wchar_t>>>::do_get_year(std::__ndk1::istreambuf_iterator<wchar_t, std::__ndk1::char_traits<wchar_t>>, std::__ndk1::istreambuf_iterator<wchar_t, std::__ndk1::char_traits<wchar_t>>, std::__ndk1::ios_base&, unsigned int&, tm*) const
std::__ndk1::time_get_byname<wchar_t, std::__ndk1::istreambuf_iterator<wchar_t, std::__ndk1::char_traits<wchar_t>>>	0	0	9	0x5c0db8	_ZNKSt6__ndk18time_getIwNS_19istreambuf_iteratorIwNS_11char_traitsIwEEEEE6do_getES4_S4_RNS_8ios_baseERjP2tmcc	std::__ndk1::time_get<wchar_t, std::__ndk1::istreambuf_iterator<wchar_t, std::__ndk1::char_traits<wchar_t>>>::do_get(std::__ndk1::istreambuf_iterator<wchar_t, std::__ndk1::char_traits<wchar_t>>, std::__ndk1::istreambuf_iterator<wchar_t, std::__ndk1::char_traits<wchar_t>>, std::__ndk1::ios_base&, unsigned int&, tm*, char, char) const
std::__ndk1::time_get_byname<wchar_t, std::__ndk1::istreambuf_iterator<wchar_t, std::__ndk1::char_traits<wchar_t>>>	0	0	10	0x5c3e38		
std::__ndk1::time_get_byname<wchar_t, std::__ndk1::istreambuf_iterator<wchar_t, std::__ndk1::char_traits<wchar_t>>>	0	0	11	0x5c3e48		
std::__ndk1::time_get_byname<wchar_t, std::__ndk1::istreambuf_iterator<wchar_t, std::__ndk1::char_traits<wchar_t>>>	0	0	12	0x5c3e58		
std::__ndk1::time_get_byname<wchar_t, std::__ndk1::istreambuf_iterator<wchar_t, std::__ndk1::char_traits<wchar_t>>>	0	0	13	0x5c3e68		
std::__ndk1::time_get_byname<wchar_t, std::__ndk1::istreambuf_iterator<wchar_t, std::__ndk1::char_traits<wchar_t>>>	0	0	14	0x5c3e78		
std::__ndk1::time_get_byname<wchar_t, std::__ndk1::istreambuf_iterator<wchar_t, std::__ndk1::char_traits<wchar_t>>>	0	0	15	0x5c3e88		
std::__ndk1::time_get_byname<wchar_t, std::__ndk1::istreambuf_iterator<wchar_t, std::__ndk1::char_traits<wchar_t>>>	0	0	16	0x5c3e98		
std::__ndk1::time_put<char, std::__ndk1::ostreambuf_iterator<char, std::__ndk1::char_traits<char>>>	0	0	0	0x5c4238		
std::__ndk1::time_put<char, std::__ndk1::ostreambuf_iterator<char, std::__ndk1::char_traits<char>>>	0	0	1	0x5c4310		
std::__ndk1::time_put<char, std::__ndk1::ostreambuf_iterator<char, std::__ndk1::char_traits<char>>>	0	0	2	0x5d5c00	_ZNSt6__ndk16locale5facet16__on_zero_sharedEv	std::__ndk1::locale::facet::__on_zero_shared()
std::__ndk1::time_put<char, std::__ndk1::ostreambuf_iterator<char, std::__ndk1::char_traits<char>>>	0	0	3	0x5c4340	_ZNKSt6__ndk18time_putIcNS_19ostreambuf_iteratorIcNS_11char_traitsIcEEEEE6do_putES4_RNS_8ios_baseEcPK2tmcc	std::__ndk1::time_put<char, std::__ndk1::ostreambuf_iterator<char, std::__ndk1::char_traits<char>>>::do_put(std::__ndk1::ostreambuf_iterator<char, std::__ndk1::char_traits<char>>, std::__ndk1::ios_base&, char, tm const*, char, char) const
std::__ndk1::time_put<wchar_t, std::__ndk1::ostreambuf_iterator<wchar_t, std::__ndk1::char_traits<wchar_t>>>	0	0	0	0x5c4b94		
std::__ndk1::time_put<wchar_t, std::__ndk1::ostreambuf_iterator<wchar_t, std::__ndk1::char_traits<wchar_t>>>	0	0	1	0x5c4bbc		
std::__ndk1::time_put<wchar_t, std::__ndk1::ostreambuf_iterator<wchar_t, std::__ndk1::char_traits<wchar_t>>>	0	0	2	0x5d5c00	_ZNSt6__ndk16locale5facet16__on_zero_sharedEv	std::__ndk1::locale::facet::__on_zero_shared()
std::__ndk1::time_put<wchar_t, std::__ndk1::ostreambuf_iterator<wchar_t, std::__ndk1::char_traits<wchar_t>>>	0	0	3	0x5c4bec	_ZNKSt6__ndk18time_putIwNS_19ostreambuf_iteratorIwNS_11char_traitsIwEEEEE6do_putES4_RNS_8ios_baseEwPK2tmcc	std::__ndk1::time_put<wchar_t, std::__ndk1::ostreambuf_iterator<wchar_t, std::__ndk1::char_traits<wchar_t>>>::do_put(std::__ndk1::ostreambuf_iterator<wchar_t, std::__ndk1::char_traits<wchar_t>>, std::__ndk1::ios_base&, wchar_t, tm const*, char, char) const
std::__ndk1::time_put_byname<char, std::__ndk1::ostreambuf_iterator<char, std::__ndk1::char_traits<char>>>	0	0	0	0x5c5048		
std::__ndk1::time_put_byname<char, std::__ndk1::ostreambuf_iterator<char, std::__ndk1::char_traits<char>>>	0	0	1	0x5c5070		
std::__ndk1::time_put_byname<char, std::__ndk1::ostreambuf_iterator<char, std::__ndk1::char_traits<char>>>	0	0	2	0x5d5c00	_ZNSt6__ndk16locale5facet16__on_zero_sharedEv	std::__ndk1::locale::facet::__on_zero_shared()
std::__ndk1::time_put_byname<char, std::__ndk1::ostreambuf_iterator<char, std::__ndk1::char_traits<char>>>	0	0	3	0x5c4340	_ZNKSt6__ndk18time_putIcNS_19ostreambuf_iteratorIcNS_11char_traitsIcEEEEE6do_putES4_RNS_8ios_baseEcPK2tmcc	std::__ndk1::time_put<char, std::__ndk1::ostreambuf_iterator<char, std::__ndk1::char_traits<char>>>::do_put(std::__ndk1::ostreambuf_iterator<char, std::__ndk1::char_traits<char>>, std::__ndk1::ios_base&, char, tm const*, char, char) const
std::__ndk1::time_put_byname<wchar_t, std::__ndk1::ostreambuf_iterator<wchar_t, std::__ndk1::char_traits<wchar_t>>>	0	0	0	0x5c51d8		
std::__ndk1::time_put_byname<wchar_t, std::__ndk1::ostreambuf_iterator<wchar_t, std::__ndk1::char_traits<wchar_t>>>	0	0	1	0x5c5200		
std::__ndk1::time_put_byname<wchar_t, std::__ndk1::ostreambuf_iterator<wchar_t, std::__ndk1::char_traits<wchar_t>>>	0	0	2	0x5d5c00	_ZNSt6__ndk16locale5facet16__on_zero_sharedEv	std::__ndk1::locale::facet::__on_zero_shared()
std::__ndk1::time_put_byname<wchar_t, std::__ndk1::ostreambuf_iterator<wchar_t, std::__ndk1::char_traits<wchar_t>>>	0	0	3	0x5c4bec	_ZNKSt6__ndk18time_putIwNS_19ostreambuf_iteratorIwNS_11char_traitsIwEEEEE6do_putES4_RNS_8ios_baseEwPK2tmcc	std::__ndk1::time_put<wchar_t, std::__ndk1::ostreambuf_iterator<wchar_t, std::__ndk1::char_traits<wchar_t>>>::do_put(std::__ndk1::ostreambuf_iterator<wchar_t, std::__ndk1::char_traits<wchar_t>>, std::__ndk1::ios_base&, wchar_t, tm const*, char, char) const
std::bad_alloc	0	0	0	0x5f4f54	_ZNSt9bad_allocD2Ev	std::bad_alloc::~bad_alloc()
std::bad_alloc	0	0	1	0x5f4f8c	_ZNSt9bad_allocD0Ev	std::bad_alloc::~bad_alloc()
std::bad_alloc	0	0	2	0x5f4f90	_ZNKSt9bad_alloc4whatEv	std::bad_alloc::what() const
std::bad_array_length	0	0	0	0x5f4f54	_ZNSt9bad_allocD2Ev	std::bad_alloc::~bad_alloc()
std::bad_array_length	0	0	1	0x5f4fd4	_ZNSt16bad_array_lengthD0Ev	std::bad_array_length::~bad_array_length()
std::bad_array_length	0	0	2	0x5f4fd8	_ZNKSt16bad_array_length4whatEv	std::bad_array_length::what() const
std::bad_array_new_length	0	0	0	0x5f4f54	_ZNSt9bad_allocD2Ev	std::bad_alloc::~bad_alloc()
std::bad_array_new_length	0	0	1	0x5f4fb0	_ZNSt20bad_array_new_lengthD0Ev	std::bad_array_new_length::~bad_array_new_length()
std::bad_array_new_length	0	0	2	0x5f4fb4	_ZNKSt20bad_array_new_length4whatEv	std::bad_array_new_length::what() const
std::bad_cast	0	0	0	0x5f53f4	_ZNSt8bad_castD2Ev	std::bad_cast::~bad_cast()
std::bad_cast	0	0	1	0x5f53f8	_ZNSt8bad_castD0Ev	std::bad_cast::~bad_cast()
std::bad_cast	0	0	2	0x5f541c	_ZNKSt8bad_cast4whatEv	std::bad_cast::what() const
std::bad_exception	0	0	0	0x5f4f54	_ZNSt9bad_allocD2Ev	std::bad_alloc::~bad_alloc()
std::bad_exception	0	0	1	0x5f4f68	_ZNSt13bad_exceptionD0Ev	std::bad_exception::~bad_exception()
std::bad_exception	0	0	2	0x5f4f6c	_ZNKSt13bad_exception4whatEv	std::bad_exception::what() const
std::bad_typeid	0	0	0	0x5f543c	_ZNSt10bad_typeidD2Ev	std::bad_typeid::~bad_typeid()
std::bad_typeid	0	0	1	0x5f5440	_ZNSt10bad_typeidD0Ev	std::bad_typeid::~bad_typeid()
std::bad_typeid	0	0	2	0x5f5464	_ZNKSt10bad_typeid4whatEv	std::bad_typeid::what() const
std::domain_error	0	0	0	0x5f4fe4	_ZNSt16invalid_argumentD1Ev	std::invalid_argument::~invalid_argument()
std::domain_error	0	0	1	0x5f5154	_ZNSt12domain_errorD0Ev	std::domain_error::~domain_error()
std::domain_error	0	0	2	0x5f5094	_ZNKSt11logic_error4whatEv	std::logic_error::what() const
std::exception	0	0	0	0x5f4f54	_ZNSt9bad_allocD2Ev	std::bad_alloc::~bad_alloc()
std::exception	0	0	1	0x5f4f58	_ZNSt9exceptionD0Ev	std::exception::~exception()
std::exception	0	0	2	0x5f4f5c	_ZNKSt9exception4whatEv	std::exception::what() const
std::invalid_argument	0	0	0	0x5f4fe4	_ZNSt16invalid_argumentD1Ev	std::invalid_argument::~invalid_argument()
std::invalid_argument	0	0	1	0x5f51b0	_ZNSt16invalid_argumentD0Ev	std::invalid_argument::~invalid_argument()
std::invalid_argument	0	0	2	0x5f5094	_ZNKSt11logic_error4whatEv	std::logic_error::what() const
std::length_error	0	0	0	0x5f4fe4	_ZNSt16invalid_argumentD1Ev	std::invalid_argument::~invalid_argument()
std::length_error	0	0	1	0x5f520c	_ZNSt12length_errorD0Ev	std::length_error::~length_error()
std::length_error	0	0	2	0x5f5094	_ZNKSt11logic_error4whatEv	std::logic_error::what() const
std::logic_error	0	0	0	0x5f4fe4	_ZNSt16invalid_argumentD1Ev	std::invalid_argument::~invalid_argument()
std::logic_error	0	0	1	0x5f5038	_ZNSt11logic_errorD0Ev	std::logic_error::~logic_error()
std::logic_error	0	0	2	0x5f5094	_ZNKSt11logic_error4whatEv	std::logic_error::what() const
std::nested_exception	0	0	0	0x5a3d80	_ZNSt16nested_exceptionD1Ev	std::nested_exception::~nested_exception()
std::nested_exception	0	0	1	0x5a3d9c	_ZNSt16nested_exceptionD0Ev	std::nested_exception::~nested_exception()
std::out_of_range	0	0	0	0x5f4fe4	_ZNSt16invalid_argumentD1Ev	std::invalid_argument::~invalid_argument()
std::out_of_range	0	0	1	0x5f5268	_ZNSt12out_of_rangeD0Ev	std::out_of_range::~out_of_range()
std::out_of_range	0	0	2	0x5f5094	_ZNKSt11logic_error4whatEv	std::logic_error::what() const
std::overflow_error	0	0	0	0x5f509c	_ZNSt14overflow_errorD1Ev	std::overflow_error::~overflow_error()
std::overflow_error	0	0	1	0x5f5320	_ZNSt14overflow_errorD0Ev	std::overflow_error::~overflow_error()
std::overflow_error	0	0	2	0x5f514c	_ZNKSt13runtime_error4whatEv	std::runtime_error::what() const
std::range_error	0	0	0	0x5f509c	_ZNSt14overflow_errorD1Ev	std::overflow_error::~overflow_error()
std::range_error	0	0	1	0x5f52c4	_ZNSt11range_errorD0Ev	std::range_error::~range_error()
std::range_error	0	0	2	0x5f514c	_ZNKSt13runtime_error4whatEv	std::runtime_error::what() const
std::runtime_error	0	0	0	0x5f509c	_ZNSt14overflow_errorD1Ev	std::overflow_error::~overflow_error()
std::runtime_error	0	0	1	0x5f50f0	_ZNSt13runtime_errorD0Ev	std::runtime_error::~runtime_error()
std::runtime_error	0	0	2	0x5f514c	_ZNKSt13runtime_error4whatEv	std::runtime_error::what() const
std::type_info	0	0	0	0x5f53d8	_ZNSt9type_infoD2Ev	std::type_info::~type_info()
std::type_info	0	0	1	0x5f53dc	_ZNSt9type_infoD0Ev	std::type_info::~type_info()
std::underflow_error	0	0	0	0x5f509c	_ZNSt14overflow_errorD1Ev	std::overflow_error::~overflow_error()
std::underflow_error	0	0	1	0x5f537c	_ZNSt15underflow_errorD0Ev	std::underflow_error::~underflow_error()
std::underflow_error	0	0	2	0x5f514c	_ZNKSt13runtime_error4whatEv	std::runtime_error::what() const
