#	address	kind	mangled	demangled
0x2b27bc	.text	_ZNSt6__ndk112basic_stringIcNS_11char_traitsIcEENS_9allocatorIcEEED2Ev	
0x2b27d0	.text	_ZN3ndk18ApplicationContextC2Ev	
0x2b2854	.text	_ZN3ndk18ApplicationContextD1Ev	
0x2b2968	.text	_ZN3ndk18ApplicationContext9getJNIEnvEv	
0x2b29dc	.text	_ZN3ndk18ApplicationContextD0Ev	
0x2b2a00	.text	_ZN3ndk18ApplicationContext9setJavaVMEP7_JavaVM	
0x2b2a08	.text	_ZN3ndk18ApplicationContext14initializeGameEv	
0x2b2df0	.text	_ZN3ndk18ApplicationContext20setPlatformConstantsEv	
0x2b2fe4	.text	_ZN3ndk18ApplicationContext13initAnalyticsEv	
0x2b2fe8	.text	_ZN7Walaber11FileManager18updatePlatformTagsEv	
0x2b3060	.text	_ZN3ndk18ApplicationContext17createUserFoldersEv	
0x2b3064	.text	_ZN3ndk18ApplicationContext16initLocalizationEv	
0x2b3118	.text	_ZNSt6__ndk112basic_stringIcNS_11char_traitsIcEENS_9allocatorIcEEEaSERKS5_	
0x2b3160	.text	_ZN7Walaber14TextureManager10getManagerEv	
0x2b31b4	.text	_ZNSt6__ndk1plIcNS_11char_traitsIcEENS_9allocatorIcEEEENS_12basic_stringIT_T0_T1_EERKS9_PKS6_	
0x2b32c0	.text	_ZN7Walaber9SharedPtrINS_8CallbackEED2Ev	
0x2b3318	.text	_ZN7Walaber13ScreenManager15addScreenLoaderENS_9SharedPtrINS_8CallbackEEEj	
0x2b33a8	.text	_ZN7Walaber9SharedPtrINS_14MemberCallbackIN12WaterConcept12ScreenLoaderEEEED2Ev	
0x2b3400	.text	_ZN3ndk18ApplicationContext22loadLocalizationScriptEv	
0x2b3518	.text	_ZNSt6__ndk112basic_stringIcNS_11char_traitsIcEENS_9allocatorIcEEEC2ERKS5_	
0x2b35c4	.text	_ZN3ndk18ApplicationContext6setSKUERKNSt6__ndk112basic_stringIcNS1_11char_traitsIcEENS1_9allocatorIcEEEE	
0x2b3690	.text	_ZN3ndk18ApplicationContext11setActivityEP8_jobject	
0x2b3698	.text	_ZN3ndk18ApplicationContext9drawFrameEv	
0x2b37b4	.text	_ZN3ndk18ApplicationContext10firstFrameEv	
0x2b37e8	.text	_ZN7Walaber10GraphicsGL15bindFramebufferEi	
0x2b3830	.text	_ZN7Walaber10GraphicsGL11setViewportEiiii	
0x2b38e4	.text	_ZN3ndk18ApplicationContext8setPathsEPKcS2_	
0x2b3944	.text	_ZN3ndk18ApplicationContext16setRedisplaySizeEii	
0x2b399c	.text	_ZN3ndk18ApplicationContext14setDisplaySizeEii	
0x2b39f4	.text	_ZN3ndk18ApplicationContext18setDisplaySizeInMMEff	
0x2b39fc	.text	_ZN3ndk18ApplicationContext14setCountryCodeEPKc	
0x2b3a30	.text	_ZN3ndk18ApplicationContext10touchBeganERKNS_11MotionEventE	
0x2b3ac0	.text	_ZN3ndk18ApplicationContext10touchMovedERKNS_11MotionEventE	
0x2b3b68	.text	_ZN3ndk18ApplicationContext10touchEndedERKNS_11MotionEventE	
0x2b3bf8	.text	_ZN3ndk18ApplicationContext20accelerometerChangedERKNS_18AccelerometerEventE	
0x2b3c20	.text	_ZN3ndk18ApplicationContext15resetDatabaseAtERKNSt6__ndk112basic_stringIcNS1_11char_traitsIcEENS1_9allocatorIcEEEES9_	
0x2b4664	.text	_ZN3ndk18ApplicationContext22copyDatabaseFromBundleERKNSt6__ndk112basic_stringIcNS1_11char_traitsIcEENS1_9allocatorIcEEEES9_	
0x2b4820	.text	_ZN3ndk18ApplicationContext16updateDatabaseAtERKNSt6__ndk112basic_stringIcNS1_11char_traitsIcEENS1_9allocatorIcEEEES9_	
0x2b52d0	.text	_ZN7Walaber7MessageD2Ev	
0x2b52e4	.text	_ZN7Walaber12StringHelper8intToStrEi	
0x2b5418	.text	_ZN3ndk21DatabaseCallbackClass25databaseCompletedCallbackEPv	
0x2b5424	.text	_ZN3ndk21DatabaseCallbackClass21databaseErrorCallbackEPv	
0x2b5868	.text	_ZN7Walaber9SharedPtrINS_14MemberCallbackIN3ndk21DatabaseCallbackClassEEEED2Ev	
0x2b58c0	.text	_ZN3ndk18ApplicationContext22getDatabaseUpdateStepsERKNSt6__ndk112basic_stringIcNS1_11char_traitsIcEENS1_9allocatorIcEEEES9_	
0x2b5d88	.text	_ZN3ndk18ApplicationContext9messageRxERKN7Walaber7MessageE	
0x2b8d28	.text	_ZN7_JNIEnv14CallVoidMethodEP8_jobjectP10_jmethodIDz	
0x2b8dc4	.text	_ZN3ndk18ApplicationContext9launchURLENSt6__ndk112basic_stringIcNS1_11char_traitsIcEENS1_9allocatorIcEEEE	
0x2b8f40	.text	_ZN7_JNIEnv16CallObjectMethodEP8_jobjectP10_jmethodIDz	
0x2b8fdc	.text	_ZN3ndk18ApplicationContext18_setDisplayPercentEf	
0x2b9118	.text	_ZN3ndk18ApplicationContext21sendPlayerDataToCloudENSt6__ndk112basic_stringIcNS1_11char_traitsIcEENS1_9allocatorIcEEEE	
0x2b9140	.text	_ZN3ndk18ApplicationContext14clearCloudDataEv	
0x2b9170	.text	_ZN7_JNIEnv17CallBooleanMethodEP8_jobjectP10_jmethodIDz	
0x2b920c	.text	_ZN3ndk18ApplicationContext32notifyApplicationDidBecomeActiveEv	
0x2b9238	.text	_ZN3ndk18ApplicationContext15mergeRemoteInfoEPKc	
0x2ba320	.text	_ZN3ndk18ApplicationContext15handleAgeChangeEii	
0x2ba418	.text	_ZN3ndk18ApplicationContext16checkAudioStatusEv	
0x2ba514	.text	_ZN3ndk18ApplicationContext15handleURLIntentENSt6__ndk112basic_stringIcNS1_11char_traitsIcEENS1_9allocatorIcEEEE	
0x2ba660	.text	_ZN3ndk18ApplicationContext17reloadContextDataEv	
0x2ba7c8	.text	_ZN3ndk18ApplicationContext7onPauseEv	
0x2ba858	.text	_ZN3ndk18ApplicationContext8onResumeEv	
0x2ba8ac	.text	_ZN3ndk18ApplicationContext11onLostFocusEv	
0x2ba92c	.text	_ZN3ndk18ApplicationContext15onRegainedFocusEv	
0x2ba9a8	.text	_ZN3ndk18ApplicationContext14backKeyPressedEv	
0x2ba9d8	.text	_ZN3ndk18ApplicationContext26logApplicationOnStartEventEv	
0x2ba9dc	.text	_ZN3ndk18ApplicationContext27logApplicationOnFinishEventEv	
0x2ba9e0	.text	_ZN3ndk18ApplicationContext26logApplicationOnPauseEventEv	
0x2ba9e4	.text	_ZN3ndk18ApplicationContext27logApplicationOnResumeEventEv	
0x2ba9e8	.text	_ZN3ndk18ApplicationContext18notifyReachabilityEb	
0x2bab34	.text	_ZN3ndk18ApplicationContext21notifyIAPAvailabilityEb	
0x2bac7c	.text	_ZN3ndk18ApplicationContext17notifyProductInfoEPKcS2_S2_	
0x2bb058	.text	_ZN3ndk18ApplicationContext23notifyProductInfoFailedEPKc	
0x2bb248	.text	_ZN3ndk18ApplicationContext21notifyPurchaseSuccessEPKcb	
0x2bb4a8	.text	_ZN3ndk18ApplicationContext20notifyPurchaseFailedEPKc	
0x2bb698	.text	_ZN3ndk18ApplicationContext23notifyPurchaseCancelledEPKc	
0x2bb888	.text	_ZN3ndk18ApplicationContext21notifyTwitterLoggedInEb	
0x2bb8a0	.text	_ZN3ndk18ApplicationContext22notifyAMPSAvailabilityEb	
0x2bb9ec	.text	_ZN3ndk18ApplicationContext26notifyAMPSDownloadHasBegunEv	
0x2bbaac	.text	_ZN3ndk18ApplicationContext26notifyAMPSDownloadProgressEf	
0x2bbbe0	.text	_ZN3ndk18ApplicationContext26notifyAMPSDownloadFinishedEv	
0x2bbca0	.text	_ZN3ndk18ApplicationContext28notifyLoadArchiveDescriptionEPKcS2_	
0x2bbe64	.text	_ZN3ndk18ApplicationContext16getLocalizedTextEPKc	
0x2bbfa4	.text	_ZN3ndk18ApplicationContext33notifyApplicationWillResignActiveEv	
0x2bbfd4	.text	_ZN3ndk18ApplicationContext19initLocalPlayerDataEv	
0x2bbffc	.text	_ZN3ndk18ApplicationContext24_getSerializedPlayerDataEv	
0x2bcb34	.text	_ZN3ndk18ApplicationContext18handleNewCloudDataEPKc	
0x2bcd54	.text	_ZN3ndk18ApplicationContext23_getStringBetweenTokensENSt6__ndk112basic_stringIcNS1_11char_traitsIcEENS1_9allocatorIcEEEES7_S7_	
0x2bcf68	.text	_ZN3ndk18ApplicationContext24getPlayerHasMadeProgressEv	
0x2bd168	.text	_ZN12WaterConcept20PlayerDataSerializer8resetAllEv	
0x2bd2a0	.text	_ZN3ndk11file_existsEPKc	
0x2bd2c8	.text	_ZN3ndk18ApplicationContext27notifyRewardsInitFileSystemEPKc	
0x2bd690	.text	_ZN3ndk18ApplicationContext29notifyRewardsDownloadFinishedEPKcS2_	
0x2bdb7c	.text	_ZN3ndk18ApplicationContext27notifyRewardsDownloadFailedEv	
0x2bdb80	.text	_ZN3ndk18ApplicationContext19notifyRewardBalanceEi	
0x2bdb84	.text	_ZN3ndk18ApplicationContext25notifyUpdateIAPADInfoToDBEPKciS2_iii	
0x2beb34	.text	_ZNSt6__ndk1plIcNS_11char_traitsIcEENS_9allocatorIcEEEENS_12basic_stringIT_T0_T1_EEPKS6_RKS9_	
0x2bec30	.text	_ZN7Walaber8DateTime23getCurrentUnixLocalTimeEv	
0x2bec94	.text	_ZN7Walaber12StringHelper9longToStrEl	
0x2bedc8	.text	_ZN3ndk18ApplicationContext28notifyUpdateHubOrderInfoToDBEPKci	
0x2bf688	.text	_ZN3ndk18ApplicationContext28notifyUpdateLowOrderInfoToDBEPKci	
0x2bff48	.text	_ZN3ndk18ApplicationContext27notifyLoWAMPSInitFileSystemEPKc	
0x2c0478	.text	_ZN3ndk18ApplicationContext29notifyLoWAMPSDownloadFinishedEPKcS2_b	
0x2c1138	.text	_ZN3ndk18ApplicationContext27notifyLoWAMPSDownloadFailedEv	
0x2c11e0	.text	_ZN3ndk18ApplicationContext19notifyLOTWCountDownEi	
0x2c1330	.text	_ZN3ndk18ApplicationContext24notifyUpdateIAPPromoToDBEPKcxxx	
0x2c137c	.text	_ZN3ndk18ApplicationContext25notifyScreenCaptureResultEb	
0x2c1510	.text	_ZN3ndk18ApplicationContext19notifyEnableBackKeyEv	
0x2c15d0	.text	_ZN3ndk18ApplicationContext19notifyHeadsetChangeEv	
0x2c16a4	.text	_ZN3ndk18ApplicationContext29notifyLaunchExternalUrlFailedEv	
0x2c199c	.text	_ZN3ndk18ApplicationContext17setDisplayDensityEf	
0x2c19c4	.text	_ZN3ndk18ApplicationContext33notifyAddObbFilePathToFileManagerEPKc	
0x2c1bcc	.text	_ZN3ndk21DatabaseCallbackClassC1Ev	
0x2c1bd4	.text	_ZN3ndk21DatabaseCallbackClassD2Ev	
0x2c1bd8	.text	_ZNSt6__ndk16vectorINS_12basic_stringIcNS_11char_traitsIcEENS_9allocatorIcEEEENS4_IS6_EEE13__vdeallocateEv	
0x2c1c4c	.text	_ZN7Walaber11FileManager21FH_StandardFileSystem11addBasePathERKNSt6__ndk112basic_stringIcNS2_11char_traitsIcEENS2_9allocatorIcEEEEj	
0x2c1cd8	.text	_ZNSt6__ndk16__treeINS_12__value_typeIjNS_12basic_stringIcNS_11char_traitsIcEENS_9allocatorIcEEEEEENS_19__map_value_compareIjS8_NS_4lessIjEELb1EEENS5_IS8_EEE15__emplace_multiIJNS_4pairIjS7_EEEEENS_15__tree_iteratorIS8_PNS_11__tree_nodeIS8_PvEElEEDpOT_	__emplace_multi<std::__ndk1::pair<unsigned_int,std::__ndk1::basic_string<char,std::__ndk1::char_traits<char>,std::__ndk1::allocator<char>>>>
0x2c1d7c	.text	_ZNSt6__ndk16__treeINS_12__value_typeIjNS_12basic_stringIcNS_11char_traitsIcEENS_9allocatorIcEEEEEENS_19__map_value_compareIjS8_NS_4lessIjEELb1EEENS5_IS8_EEE16__insert_node_atEPNS_15__tree_end_nodeIPNS_16__tree_node_baseIPvEEEERSJ_SJ_	
0x2c1dd0	.text	_ZNSt6__ndk127__tree_balance_after_insertIPNS_16__tree_node_baseIPvEEEEvT_S5_	__tree_balance_after_insert<std::__ndk1::__tree_node_base<void*>*>
0x2c1f78	.text	_ZNSt6__ndk16__treeINS_12__value_typeIjN7Walaber9SharedPtrINS2_8CallbackEEEEENS_19__map_value_compareIjS6_NS_4lessIjEELb1EEENS_9allocatorIS6_EEE15__emplace_multiIJNS_4pairIjS5_EEEEENS_15__tree_iteratorIS6_PNS_11__tree_nodeIS6_PvEElEEDpOT_	__emplace_multi<std::__ndk1::pair<unsigned_int,Walaber::SharedPtr<Walaber::Callback>>>
0x2c2024	.text	_ZNSt6__ndk16__treeINS_12__value_typeIjN7Walaber9SharedPtrINS2_8CallbackEEEEENS_19__map_value_compareIjS6_NS_4lessIjEELb1EEENS_9allocatorIS6_EEE16__insert_node_atEPNS_15__tree_end_nodeIPNS_16__tree_node_baseIPvEEEERSI_SI_	
0x2c2078	.text	_ZNSt6__ndk16__treeINS_12__value_typeIN7Walaber8LanguageENS_3mapINS_12basic_stringIcNS_11char_traitsIcEENS_9allocatorIcEEEESA_NS_4lessISA_EENS8_INS_4pairIKSA_SA_EEEEEEEENS_19__map_value_compareIS3_SI_NSB_IS3_EELb1EEENS8_ISI_EEE7destroyEPNS_11__tree_nodeISI_PvEE	
0x2c20c4	.text	_ZNSt6__ndk16__treeINS_12__value_typeINS_12basic_stringIcNS_11char_traitsIcEENS_9allocatorIcEEEES7_EENS_19__map_value_compareIS7_S8_NS_4lessIS7_EELb1EEENS5_IS8_EEE7destroyEPNS_11__tree_nodeIS8_PvEE	
0x2c2124	.text	_ZN7Walaber10GraphicsGL8getStateEv	
0x2c2198	.text	_ZN7Walaber10GraphicsGL5StateC2Ev	
0x2c229c	.text	_ZN7Walaber10GraphicsGL5State7TextureC2Ev	
0x2c22dc	.text	_ZN7Walaber7MessageD0Ev	
0x2c2310	.text	_ZNSt6__ndk16__treeINS_12__value_typeINS_12basic_stringIcNS_11char_traitsIcEENS_9allocatorIcEEEEN12WaterConcept20PlayerDataSerializer13LevelPackInfoEEENS_19__map_value_compareIS7_SB_NS_4lessIS7_EELb1EEENS5_ISB_EEE7destroyEPNS_11__tree_nodeISB_PvEE	
0x2c2360	.text	_ZNSt6__ndk16__treeINS_12__value_typeINS_12basic_stringIcNS_11char_traitsIcEENS_9allocatorIcEEEEN12WaterConcept20PlayerDataSerializer9LevelInfoEEENS_19__map_value_compareIS7_SB_NS_4lessIS7_EELb1EEENS5_ISB_EEE7destroyEPNS_11__tree_nodeISB_PvEE	
0x2c23b0	.text	_ZNSt6__ndk16__treeINS_12__value_typeINS_12basic_stringIcNS_11char_traitsIcEENS_9allocatorIcEEEEN12WaterConcept20PlayerDataSerializer15AchievementInfoEEENS_19__map_value_compareIS7_SB_NS_4lessIS7_EELb1EEENS5_ISB_EEE7destroyEPNS_11__tree_nodeISB_PvEE	
0x2c2400	.text	_ZNSt6__ndk16__treeINS_12__value_typeIjN12WaterConcept20PlayerDataSerializer15CollectibleInfoEEENS_19__map_value_compareIjS5_NS_4lessIjEELb1EEENS_9allocatorIS5_EEE7destroyEPNS_11__tree_nodeIS5_PvEE	
0x2c2440	.text	_ZNSt6__ndk16__treeINS_12__value_typeIjN12WaterConcept20PlayerDataSerializer19CrankyChallengeInfoEEENS_19__map_value_compareIjS5_NS_4lessIjEELb1EEENS_9allocatorIS5_EEE7destroyEPNS_11__tree_nodeIS5_PvEE	
0x2c2480	.text	_ZNSt6__ndk16__treeINS_12__value_typeIjN12WaterConcept20PlayerDataSerializer18AllieChallengeInfoEEENS_19__map_value_compareIjS5_NS_4lessIjEELb1EEENS_9allocatorIS5_EEE7destroyEPNS_11__tree_nodeIS5_PvEE	
0x2c24c0	.text	_ZNKSt6__ndk121__basic_string_commonILb1EE20__throw_length_errorEv	
0x2c2520	.text	_ZNSt6__ndk112basic_stringIcNS_11char_traitsIcEENS_9allocatorIcEEE6appendEPKcm	
0x2c25e4	.text	_ZNSt6__ndk112basic_stringIcNS_11char_traitsIcEENS_9allocatorIcEEE21__grow_by_and_replaceEmmmmmmPKc	
0x2c271c	.text	_ZNSt6__ndk113__vector_baseINS_12basic_stringIcNS_11char_traitsIcEENS_9allocatorIcEEEENS4_IS6_EEED2Ev	
0x2c2794	.text	_ZNSt6__ndk112basic_stringIcNS_11char_traitsIcEENS_9allocatorIcEEE6assignEPKcm	
0x2c2858	.text	_ZN7Walaber8CallbackD2Ev	
0x2c285c	.text	_ZN7Walaber14MemberCallbackIN12WaterConcept12ScreenLoaderEED0Ev	
0x2c2860	.text	_ZN7Walaber14MemberCallbackIN12WaterConcept12ScreenLoaderEE6invokeEPv	
0x2c2890	.text	_ZNSt6__ndk16vectorIN7Walaber8LanguageENS_9allocatorIS2_EEE21__push_back_slow_pathIRKS2_EEvOT_	__push_back_slow_path<Walaber::Language_const&>
0x2c29b4	.text	_ZNSt6__ndk114__split_bufferIN7Walaber8LanguageERNS_9allocatorIS2_EEEC2EmmS5_	
0x2c2a64	.text	_ZNKSt6__ndk120__vector_base_commonILb1EE20__throw_length_errorEv	
0x2c2ac4	.text	_ZNKSt6__ndk112basic_stringIcNS_11char_traitsIcEENS_9allocatorIcEEE7compareEmmPKcm	
0x2c2b48	.text	_ZNKSt6__ndk121__basic_string_commonILb1EE20__throw_out_of_rangeEv	
0x2c2ba8	.text	_ZNSt6__ndk112basic_stringIcNS_11char_traitsIcEENS_9allocatorIcEEE6insertEmPKcm	
0x2c2cc0	.text	_ZNSt6__ndk16vectorINS_12basic_stringIcNS_11char_traitsIcEENS_9allocatorIcEEEENS4_IS6_EEE21__push_back_slow_pathIRKS6_EEvOT_	__push_back_slow_path<std::__ndk1::basic_string<char,std::__ndk1::char_traits<char>,std::__ndk1::allocator<char>>const&>
0x2c2e24	.text	_ZNSt6__ndk114__split_bufferINS_12basic_stringIcNS_11char_traitsIcEENS_9allocatorIcEEEERNS4_IS6_EEEC2EmmS8_	
0x2c2ee8	.text	_ZNSt6__ndk114__split_bufferINS_12basic_stringIcNS_11char_traitsIcEENS_9allocatorIcEEEERNS4_IS6_EEED2Ev	
0x2c2f4c	.text	_ZNSt6__ndk112basic_stringIcNS_11char_traitsIcEENS_9allocatorIcEEEC2ERKS5_mmRKS4_	
0x2c3018	.text	_ZN7Walaber14MemberCallbackIN3ndk21DatabaseCallbackClassEED0Ev	
0x2c301c	.text	_ZN7Walaber14MemberCallbackIN3ndk21DatabaseCallbackClassEE6invokeEPv	
0x2c304c	.text	_ZNSt6__ndk113__vector_baseINS_6vectorINS_12basic_stringIcNS_11char_traitsIcEENS_9allocatorIcEEEENS5_IS7_EEEENS5_IS9_EEED2Ev	
0x2c30b8	.text	_ZNSt6__ndk16vectorINS0_INS_12basic_stringIcNS_11char_traitsIcEENS_9allocatorIcEEEENS4_IS6_EEEENS4_IS8_EEE21__push_back_slow_pathIRKS8_EEvOT_	__push_back_slow_path<std::__ndk1::vector<std::__ndk1::basic_string<char,std::__ndk1::char_traits<char>,std::__ndk1::allocator<char>>,std::__ndk1::allocator<std::__ndk1::basic_string<char,std::__ndk1::char_traits<char>,std::__ndk1::allocator<char>>>>const&>
0x2c31bc	.text	_ZNSt6__ndk16vectorINS_12basic_stringIcNS_11char_traitsIcEENS_9allocatorIcEEEENS4_IS6_EEEC2ERKS8_	
0x2c3254	.text	_ZNSt6__ndk16vectorINS_12basic_stringIcNS_11char_traitsIcEENS_9allocatorIcEEEENS4_IS6_EEE11__vallocateEm	
0x2c32a4	.text	_ZNSt6__ndk114__split_bufferINS_6vectorINS_12basic_stringIcNS_11char_traitsIcEENS_9allocatorIcEEEENS5_IS7_EEEERNS5_IS9_EEEC2EmmSB_	
0x2c3368	.text	_ZNSt6__ndk16vectorINS0_INS_12basic_stringIcNS_11char_traitsIcEENS_9allocatorIcEEEENS4_IS6_EEEENS4_IS8_EEE26__swap_out_circular_bufferERNS_14__split_bufferIS8_RS9_EE	
0x2c33ec	.text	_ZNSt6__ndk114__split_bufferINS_6vectorINS_12basic_stringIcNS_11char_traitsIcEENS_9allocatorIcEEEENS5_IS7_EEEERNS5_IS9_EEED2Ev	
0x2c343c	.text	_ZN3ndk9SafeQueueIiEC2Ev	
0x2c348c	.text	_ZN3ndk9SafeQueueIiED2Ev	
0x2c34b4	.text	_ZN3ndk8SafePoolINS_11MotionEventEEC2Em	
0x2c3544	.text	_ZN3ndk8SafePoolINS_11MotionEventEED2Ev	
0x2c357c	.text	_ZN3ndk9SafeQueueINS_18AccelerometerEventEEC2Ev	
0x2c35cc	.text	_ZN3ndk9SafeQueueINS_18AccelerometerEventEED2Ev	
0x2c35f4	.text	_ZN3ndk9SafeQueueIPNS_15AbstractCommandEEC2Ev	
0x2c3644	.text	_ZN3ndk9SafeQueueIPNS_15AbstractCommandEED2Ev	
0x2c366c	.text	_Z11printGLInfoPKcj	
0x2c36ac	.text	_Z10pumpEventsv	
0x2c3864	.text	_ZN3ndk11MotionEventC2Ev	
0x2c394c	.text	_ZN3ndk9SafeQueueIiE3popERi	
0x2c39cc	.text	_ZN3ndk8SafePoolINS_11MotionEventEE7getItemEi	
0x2c3a18	.text	_ZN3ndk18ApplicationContext11getInstanceEv	
0x2c3aa8	.text	_ZN3ndk8SafePoolINS_11MotionEventEE8freeItemEi	
0x2c3b50	.text	_ZN3ndk9SafeQueueINS_18AccelerometerEventEE3popERS1_	
0x2c3bd8	.text	_Z14handleCommandsv	
0x2c3c60	.text	_ZN3ndk9SafeQueueIPNS_15AbstractCommandEE3popERS2_	
0x2c3d6c	.text	_Z13ndkGlGetErrorv	
0x2c45bc	.text	_ZN7_JNIEnv13CallIntMethodEP8_jobjectP10_jmethodIDz	
0x2c4658	.text	_ZN7_JNIEnv15CallFloatMethodEP8_jobjectP10_jmethodIDz	
0x2c4aa8	.text	_ZN3ndk8SafePoolINS_11MotionEventEE16getFreeItemIndexEv	
0x2c4cc0	.text	_ZN3ndk11MotionEvent3setEiNS0_10ActionTypeEPfS2_Pi	
0x2c4e40	.text	_ZN3ndk9SafeQueueIiE4pushERKi	
0x2c51a4	.text	_ZN3ndk11MotionEvent8addEventEffffi	
0x2c547c	.text	_ZN3ndk9SafeQueueINS_18AccelerometerEventEE4pushERKS1_	
0x2c5de0	.text	_ZNSt6__ndk16vectorIfNS_9allocatorIfEEE7reserveEm	
0x2c5ec4	.text	_ZNSt6__ndk16vectorIiNS_9allocatorIiEEE7reserveEm	
0x2c5fa8	.text	_ZNSt6__ndk114__split_bufferIfRNS_9allocatorIfEEEC2EmmS3_	
0x2c6058	.text	_ZNSt6__ndk114__split_bufferIiRNS_9allocatorIiEEEC2EmmS3_	
0x2c6108	.text	_ZNSt6__ndk16vectorIfNS_9allocatorIfEEE21__push_back_slow_pathIRKfEEvOT_	
0x2c622c	.text	_ZNSt6__ndk16vectorIiNS_9allocatorIiEEE21__push_back_slow_pathIRKiEEvOT_	
0x2c6350	.text	_ZN3ndk5MutexD2Ev	
0x2c6378	.text	_ZN3ndk5MutexD0Ev	
0x2c639c	.text	_ZNSt6__ndk110__list_impIiNS_9allocatorIiEEE5clearEv	
0x2c63f8	.text	_ZN3ndk8SafePoolINS_11MotionEventEE7reserveEm	
0x2c64ac	.text	_ZNSt6__ndk16vectorIN3ndk11MotionEventENS_9allocatorIS2_EEE6resizeEm	
0x2c6590	.text	_ZNSt6__ndk16vectorIN3ndk11MotionEventENS_9allocatorIS2_EEE8__appendEm	
0x2c66b0	.text	_ZNSt6__ndk114__split_bufferIN3ndk11MotionEventERNS_9allocatorIS2_EEEC2EmmS5_	
0x2c6760	.text	_ZNSt6__ndk16vectorIN3ndk11MotionEventENS_9allocatorIS2_EEE26__swap_out_circular_bufferERNS_14__split_bufferIS2_RS4_EE	
0x2c6878	.text	_ZNSt6__ndk114__split_bufferIN3ndk11MotionEventERNS_9allocatorIS2_EEED2Ev	
0x2c6920	.text	_ZNSt6__ndk16vectorIiNS_9allocatorIiEEE21__push_back_slow_pathIiEEvOT_	
0x2c6a44	.text	_ZNSt6__ndk113__vector_baseIN3ndk11MotionEventENS_9allocatorIS2_EEED2Ev	
0x2c6b20	.text	_ZNSt6__ndk110__list_impIN3ndk18AccelerometerEventENS_9allocatorIS2_EEE5clearEv	
0x2c6b7c	.text	_ZNSt6__ndk110__list_impIPN3ndk15AbstractCommandENS_9allocatorIS3_EEE5clearEv	
0x2c6bd8	.text	_ZNSt6__ndk16vectorIN3ndk11MotionEventENS_9allocatorIS2_EEE21__push_back_slow_pathIS2_EEvOT_	__push_back_slow_path<ndk::MotionEvent>
0x32affc	.text	_ZNSt6__ndk13mapIiP7sqlite3NS_4lessIiEENS_9allocatorINS_4pairIKiS2_EEEEED2Ev	
0x32b004	.text	_ZNSt6__ndk18multimapINS_12basic_stringIcNS_11char_traitsIcEENS_9allocatorIcEEEEN7Walaber9SharedPtrINS7_8CallbackEEENS_4lessIS6_EENS4_INS_4pairIKS6_SA_EEEEED2Ev	
0x32b00c	.text	_ZN7Walaber15DatabaseManager12openDatabaseERKNSt6__ndk112basic_stringIcNS1_11char_traitsIcEENS1_9allocatorIcEEEE	
0x32b014	.text	_ZN7Walaber15DatabaseManager12openDatabaseERKNSt6__ndk112basic_stringIcNS1_11char_traitsIcEENS1_9allocatorIcEEEEi	
0x32b164	.text	_ZN7Walaber15DatabaseManager13closeDatabaseEv	
0x32b188	.text	_ZN7Walaber15DatabaseManager13closeDatabaseEi	
0x32b204	.text	_ZN7Walaber15DatabaseManager15firstEntryInMapEv	
0x32b228	.text	_ZN7Walaber15DatabaseManager11insertEntryERKNSt6__ndk112basic_stringIcNS1_11char_traitsIcEENS1_9allocatorIcEEEES9_	
0x32b2b0	.text	_ZN7Walaber15DatabaseManager11insertEntryERKNSt6__ndk112basic_stringIcNS1_11char_traitsIcEENS1_9allocatorIcEEEES9_S9_	
0x32b354	.text	_ZN7Walaber15DatabaseManager13queryDatabaseERKNSt6__ndk112basic_stringIcNS1_11char_traitsIcEENS1_9allocatorIcEEEE	
0x32b37c	.text	_ZN7Walaber15DatabaseManager20constructInsertQueryERKNSt6__ndk112basic_stringIcNS1_11char_traitsIcEENS1_9allocatorIcEEEES9_S9_	
0x32b724	.text	_ZN7Walaber15DatabaseManager11insertEntryEiRKNSt6__ndk112basic_stringIcNS1_11char_traitsIcEENS1_9allocatorIcEEEES9_	
0x32b7ac	.text	_ZN7Walaber15DatabaseManager11insertEntryEiRKNSt6__ndk112basic_stringIcNS1_11char_traitsIcEENS1_9allocatorIcEEEES9_S9_	
0x32b844	.text	_ZN7Walaber15DatabaseManager13queryDatabaseEiRKNSt6__ndk112basic_stringIcNS1_11char_traitsIcEENS1_9allocatorIcEEEE	
0x32b9a8	.text	_ZN7Walaber15DatabaseManager11updateEntryERKNSt6__ndk112basic_stringIcNS1_11char_traitsIcEENS1_9allocatorIcEEEES9_S9_	
0x32ba50	.text	_ZN7Walaber15DatabaseManager20constructUpdateQueryERKNSt6__ndk112basic_stringIcNS1_11char_traitsIcEENS1_9allocatorIcEEEES9_S9_	
0x32bd04	.text	_ZN7Walaber15DatabaseManager14incrementValueERKNSt6__ndk112basic_stringIcNS1_11char_traitsIcEENS1_9allocatorIcEEEES9_S9_	
0x32bd34	.text	_ZN7Walaber15DatabaseManager14incrementValueEiRKNSt6__ndk112basic_stringIcNS1_11char_traitsIcEENS1_9allocatorIcEEEES9_S9_	
0x32bf84	.text	_ZN7Walaber15DatabaseManager11updateEntryEiRKNSt6__ndk112basic_stringIcNS1_11char_traitsIcEENS1_9allocatorIcEEEES9_S9_	
0x32c01c	.text	_ZN7Walaber16DatabaseIterator4nextEv	
0x32c03c	.text	_ZN7Walaber16DatabaseIterator13getIntAtIndexEi	
0x32c050	.text	_ZN7Walaber15DatabaseManager6runSQLERKNSt6__ndk112basic_stringIcNS1_11char_traitsIcEENS1_9allocatorIcEEEENS_9SharedPtrINS_8CallbackEEESC_	
0x32c120	.text	_ZN7Walaber15DatabaseManager6runSQLEiRKNSt6__ndk112basic_stringIcNS1_11char_traitsIcEENS1_9allocatorIcEEEENS_9SharedPtrINS_8CallbackEEESC_	
0x32c3cc	.text	_ZN7Walaber15DatabaseManager8_readSQLEPv	
0x32cbbc	.text	_ZN7Walaber15DatabaseManager11deleteEntryERKNSt6__ndk112basic_stringIcNS1_11char_traitsIcEENS1_9allocatorIcEEEES9_	
0x32cbe8	.text	_ZN7Walaber15DatabaseManager11deleteEntryEiRKNSt6__ndk112basic_stringIcNS1_11char_traitsIcEENS1_9allocatorIcEEEES9_	
0x32cc7c	.text	_ZN7Walaber15DatabaseManager10clearTableERKNSt6__ndk112basic_stringIcNS1_11char_traitsIcEENS1_9allocatorIcEEEE	
0x32cca4	.text	_ZN7Walaber15DatabaseManager10clearTableEiRKNSt6__ndk112basic_stringIcNS1_11char_traitsIcEENS1_9allocatorIcEEEE	
0x32cd6c	.text	_ZN7Walaber15DatabaseManager20constructDeleteQueryERKNSt6__ndk112basic_stringIcNS1_11char_traitsIcEENS1_9allocatorIcEEEES9_	
0x32cf7c	.text	_ZN7Walaber15DatabaseManager14constructQueryERKNSt6__ndk112basic_stringIcNS1_11char_traitsIcEENS1_9allocatorIcEEEES9_S9_S9_	
0x32d2bc	.text	_ZN7Walaber15DatabaseManager11sumColAsIntERKNSt6__ndk112basic_stringIcNS1_11char_traitsIcEENS1_9allocatorIcEEEES9_S9_	
0x32d2ec	.text	_ZN7Walaber15DatabaseManager11sumColAsIntEiRKNSt6__ndk112basic_stringIcNS1_11char_traitsIcEENS1_9allocatorIcEEEES9_S9_	
0x32d3bc	.text	_ZN7Walaber15DatabaseManager11sumColAsIntERKNSt6__ndk112basic_stringIcNS1_11char_traitsIcEENS1_9allocatorIcEEEE	
0x32d3e4	.text	_ZN7Walaber15DatabaseManager11sumColAsIntEiRKNSt6__ndk112basic_stringIcNS1_11char_traitsIcEENS1_9allocatorIcEEEE	
0x32d494	.text	_ZN7Walaber15DatabaseManager13sumColAsFloatERKNSt6__ndk112basic_stringIcNS1_11char_traitsIcEENS1_9allocatorIcEEEES9_	
0x32d4c0	.text	_ZN7Walaber15DatabaseManager13sumColAsFloatEiRKNSt6__ndk112basic_stringIcNS1_11char_traitsIcEENS1_9allocatorIcEEEES9_	
0x32d578	.text	_ZN7Walaber16DatabaseIterator15getFloatAtIndexEi	
0x32d5a0	.text	_ZN7Walaber15DatabaseManager10numResultsERKNSt6__ndk112basic_stringIcNS1_11char_traitsIcEENS1_9allocatorIcEEEES9_S9_	
0x32d5d0	.text	_ZN7Walaber15DatabaseManager10numResultsEiRKNSt6__ndk112basic_stringIcNS1_11char_traitsIcEENS1_9allocatorIcEEEES9_S9_	
0x32d6e4	.text	_ZN7Walaber15DatabaseManager22updateEntryViaAdditionERKNSt6__ndk112basic_stringIcNS1_11char_traitsIcEENS1_9allocatorIcEEEES9_RKiS9_	
0x32d718	.text	_ZN7Walaber15DatabaseManager22updateEntryViaAdditionEiRKNSt6__ndk112basic_stringIcNS1_11char_traitsIcEENS1_9allocatorIcEEEES9_RKiS9_	
0x32d954	.text	_ZN7Walaber15DatabaseManager27updateEntryWithLargestValueERKNSt6__ndk112basic_stringIcNS1_11char_traitsIcEENS1_9allocatorIcEEEES9_RKiS9_	
0x32d988	.text	_ZN7Walaber15DatabaseManager27updateEntryWithLargestValueEiRKNSt6__ndk112basic_stringIcNS1_11char_traitsIcEENS1_9allocatorIcEEEES9_RKiS9_	
0x32dbc8	.text	_ZN7Walaber16DatabaseIteratorC2Ev	
0x32dbd0	.text	_ZN7Walaber16DatabaseIteratorC1ERKNSt6__ndk112basic_stringIcNS1_11char_traitsIcEENS1_9allocatorIcEEEE	
0x32dc1c	.text	_ZN7Walaber16DatabaseIterator13queryDatabaseERKNSt6__ndk112basic_stringIcNS1_11char_traitsIcEENS1_9allocatorIcEEEE	
0x32dc44	.text	_ZN7Walaber16DatabaseIteratorC1ERKNSt6__ndk112basic_stringIcNS1_11char_traitsIcEENS1_9allocatorIcEEEES9_	
0x32dd58	.text	_ZN7Walaber16DatabaseIteratorC2ERKNSt6__ndk112basic_stringIcNS1_11char_traitsIcEENS1_9allocatorIcEEEES9_S9_	
0x32de44	.text	_ZN7Walaber16DatabaseIteratorC1ERKNSt6__ndk112basic_stringIcNS1_11char_traitsIcEENS1_9allocatorIcEEEES9_S9_S9_	
0x32defc	.text	_ZN7Walaber16DatabaseIteratorC1EiRKNSt6__ndk112basic_stringIcNS1_11char_traitsIcEENS1_9allocatorIcEEEE	
0x32df24	.text	_ZN7Walaber16DatabaseIterator13queryDatabaseEiRKNSt6__ndk112basic_stringIcNS1_11char_traitsIcEENS1_9allocatorIcEEEE	
0x32e010	.text	_ZN7Walaber16DatabaseIteratorC1EiRKNSt6__ndk112basic_stringIcNS1_11char_traitsIcEENS1_9allocatorIcEEEES9_	
0x32e118	.text	_ZN7Walaber16DatabaseIteratorC1EiRKNSt6__ndk112basic_stringIcNS1_11char_traitsIcEENS1_9allocatorIcEEEES9_S9_	
0x32e1f4	.text	_ZN7Walaber16DatabaseIteratorC2EiRKNSt6__ndk112basic_stringIcNS1_11char_traitsIcEENS1_9allocatorIcEEEES9_S9_S9_	
0x32e29c	.text	_ZN7Walaber16DatabaseIteratorD2Ev	
0x32e2bc	.text	_ZN7Walaber16DatabaseIterator5resetEv	
0x32e2dc	.text	_ZN7Walaber16DatabaseIterator14getLongAtIndexEi	
0x32e2f0	.text	_ZN7Walaber16DatabaseIterator14getBoolAtIndexEi	
0x32e314	.text	_ZN7Walaber16DatabaseIterator16getStringAtIndexEi	
0x32e3c0	.text	_ZN7Walaber16DatabaseIterator15getColorAtIndexEi	
0x32e4fc	.text	_ZN7Walaber16DatabaseIterator13isNullAtIndexEi	
0x32e51c	.text	_ZNSt6__ndk16__treeINS_12__value_typeIiP7sqlite3EENS_19__map_value_compareIiS4_NS_4lessIiEELb1EEENS_9allocatorIS4_EEE7destroyEPNS_11__tree_nodeIS4_PvEE	
0x32e55c	.text	_ZNSt6__ndk16__treeINS_12__value_typeINS_12basic_stringIcNS_11char_traitsIcEENS_9allocatorIcEEEEN7Walaber9SharedPtrINS8_8CallbackEEEEENS_19__map_value_compareIS7_SC_NS_4lessIS7_EELb1EEENS5_ISC_EEE7destroyEPNS_11__tree_nodeISC_PvEE	
0x32e5b4	.text	_ZN7Walaber8CallbackD0Ev	
0x32e5b8	.text	_ZN7Walaber8Callback6invokeEPv	
0x32e5cc	.text	_ZNSt6__ndk16__treeINS_12__value_typeIiP7sqlite3EENS_19__map_value_compareIiS4_NS_4lessIiEELb1EEENS_9allocatorIS4_EEE25__emplace_unique_key_argsIiJRKNS_21piecewise_construct_tENS_5tupleIJRKiEEENSG_IJEEEEEENS_4pairINS_15__tree_iteratorIS4_PNS_11__tree_nodeIS4_PvEElEEbEERKT_DpOT0_	__emplace_unique_key_args<int,std::__ndk1::piecewise_construct_t_const&,std::__ndk1::tuple<int_const&>,std::__ndk1::tuple<>>
0x32e6a0	.text	_ZNSt6__ndk16__treeINS_12__value_typeIiP7sqlite3EENS_19__map_value_compareIiS4_NS_4lessIiEELb1EEENS_9allocatorIS4_EEE16__insert_node_atEPNS_15__tree_end_nodeIPNS_16__tree_node_baseIPvEEEERSG_SG_	
0x32e6f4	.text	_ZNSt6__ndk16__treeINS_12__value_typeIiP7sqlite3EENS_19__map_value_compareIiS4_NS_4lessIiEELb1EEENS_9allocatorIS4_EEE5eraseENS_21__tree_const_iteratorIS4_PNS_11__tree_nodeIS4_PvEElEE	
0x32e788	.text	_ZNSt6__ndk113__tree_removeIPNS_16__tree_node_baseIPvEEEEvT_S5_	__tree_remove<std::__ndk1::__tree_node_base<void*>*>
0x32eb64	.text	_ZNSt6__ndk16__treeINS_12__value_typeINS_12basic_stringIcNS_11char_traitsIcEENS_9allocatorIcEEEEN7Walaber9SharedPtrINS8_8CallbackEEEEENS_19__map_value_compareIS7_SC_NS_4lessIS7_EELb1EEENS5_ISC_EEE4findIS7_EENS_15__tree_iteratorISC_PNS_11__tree_nodeISC_PvEElEERKT_	find<std::__ndk1::basic_string<char,std::__ndk1::char_traits<char>,std::__ndk1::allocator<char>>>
0x32ec1c	.text	_ZNSt6__ndk16__treeINS_12__value_typeINS_12basic_stringIcNS_11char_traitsIcEENS_9allocatorIcEEEEN7Walaber9SharedPtrINS8_8CallbackEEEEENS_19__map_value_compareIS7_SC_NS_4lessIS7_EELb1EEENS5_ISC_EEE13__lower_boundIS7_EENS_15__tree_iteratorISC_PNS_11__tree_nodeISC_PvEElEERKT_SO_PNS_15__tree_end_nodeIPNS_16__tree_node_baseISM_EEEE	__lower_bound<std::__ndk1::basic_string<char,std::__ndk1::char_traits<char>,std::__ndk1::allocator<char>>>
0x32eccc	.text	_ZNSt6__ndk16__treeINS_12__value_typeINS_12basic_stringIcNS_11char_traitsIcEENS_9allocatorIcEEEEN7Walaber9SharedPtrINS8_8CallbackEEEEENS_19__map_value_compareIS7_SC_NS_4lessIS7_EELb1EEENS5_ISC_EEE15__emplace_multiIJNS_4pairIS7_SB_EEEEENS_15__tree_iteratorISC_PNS_11__tree_nodeISC_PvEElEEDpOT_	__emplace_multi<std::__ndk1::pair<std::__ndk1::basic_string<char,std::__ndk1::char_traits<char>,std::__ndk1::allocator<char>>,Walaber::SharedPtr<Walaber::Callback>>>
0x32ed80	.text	_ZNSt6__ndk16__treeINS_12__value_typeINS_12basic_stringIcNS_11char_traitsIcEENS_9allocatorIcEEEEN7Walaber9SharedPtrINS8_8CallbackEEEEENS_19__map_value_compareIS7_SC_NS_4lessIS7_EELb1EEENS5_ISC_EEE16__find_leaf_highERPNS_15__tree_end_nodeIPNS_16__tree_node_baseIPvEEEERKS7_	
0x32ee54	.text	_ZNSt6__ndk16__treeINS_12__value_typeINS_12basic_stringIcNS_11char_traitsIcEENS_9allocatorIcEEEEN7Walaber9SharedPtrINS8_8CallbackEEEEENS_19__map_value_compareIS7_SC_NS_4lessIS7_EELb1EEENS5_ISC_EEE16__insert_node_atEPNS_15__tree_end_nodeIPNS_16__tree_node_baseIPvEEEERSN_SN_	
0x32eea8	.text	_ZNSt6__ndk16__treeINS_12__value_typeINS_12basic_stringIcNS_11char_traitsIcEENS_9allocatorIcEEEEN7Walaber9SharedPtrINS8_8CallbackEEEEENS_19__map_value_compareIS7_SC_NS_4lessIS7_EELb1EEENS5_ISC_EEE19__equal_range_multiIS7_EENS_4pairINS_15__tree_iteratorISC_PNS_11__tree_nodeISC_PvEElEESQ_EERKT_	__equal_range_multi<std::__ndk1::basic_string<char,std::__ndk1::char_traits<char>,std::__ndk1::allocator<char>>>
0x32eff4	.text	_ZNSt6__ndk16__treeINS_12__value_typeINS_12basic_stringIcNS_11char_traitsIcEENS_9allocatorIcEEEEN7Walaber9SharedPtrINS8_8CallbackEEEEENS_19__map_value_compareIS7_SC_NS_4lessIS7_EELb1EEENS5_ISC_EEE13__upper_boundIS7_EENS_15__tree_iteratorISC_PNS_11__tree_nodeISC_PvEElEERKT_SO_PNS_15__tree_end_nodeIPNS_16__tree_node_baseISM_EEEE	__upper_bound<std::__ndk1::basic_string<char,std::__ndk1::char_traits<char>,std::__ndk1::allocator<char>>>
0x32f0a8	.text	_ZNSt6__ndk16__treeINS_12__value_typeINS_12basic_stringIcNS_11char_traitsIcEENS_9allocatorIcEEEEN7Walaber9SharedPtrINS8_8CallbackEEEEENS_19__map_value_compareIS7_SC_NS_4lessIS7_EELb1EEENS5_ISC_EEE5eraseENS_21__tree_const_iteratorISC_PNS_11__tree_nodeISC_PvEElEE	
0x32f154	.text	_ZN7Walaber18AchievementManagerC1Ev	
0x32f190	.text	_ZN7Walaber18AchievementManagerD1Ev	
0x32f1f4	.text	_ZN7Walaber18AchievementManager16loadAchievementsENSt6__ndk112basic_stringIcNS1_11char_traitsIcEENS1_9allocatorIcEEEE	
0x32f294	.text	_ZN7Walaber18AchievementManager16loadAchievementsEiNSt6__ndk112basic_stringIcNS1_11char_traitsIcEENS1_9allocatorIcEEEE	
0x32ff48	.text	_ZN7Walaber18AchievementManager17reportAchievementENSt6__ndk112basic_stringIcNS1_11char_traitsIcEENS1_9allocatorIcEEEEfb	
0x33038c	.text	_ZN7Walaber18AchievementManager21_setDBPercentCompleteENSt6__ndk112basic_stringIcNS1_11char_traitsIcEENS1_9allocatorIcEEEEf	
0x3306d8	.text	_ZN7Walaber27Message_AchievementUnlockedC2ENSt6__ndk112basic_stringIcNS1_11char_traitsIcEENS1_9allocatorIcEEEEfb	
0x33082c	.text	_ZN7Walaber18AchievementManager45clearCompletedAchievementsToPublishToFacebookEv	
0x330838	.text	_ZN7Walaber18AchievementManager24resetAchievementProgressEv	
0x330938	.text	_ZN7Walaber18AchievementManager26sendAchievementsToPlatformEv	
0x330a90	.text	_ZN7Walaber12StringHelper10floatToStrEfi	
0x330be4	.text	_ZN7Walaber18AchievementManager33getAchievementsSortedByCompletionEv	
0x330d14	.text	_ZNSt6__ndk16__treeINS_12__value_typeINS_12basic_stringIcNS_11char_traitsIcEENS_9allocatorIcEEEEPN7Walaber11AchievementEEENS_19__map_value_compareIS7_SB_NS_4lessIS7_EELb1EEENS5_ISB_EEE7destroyEPNS_11__tree_nodeISB_PvEE	
0x330d64	.text	_ZN7Walaber27Message_AchievementUnlockedD0Ev	
0x330d98	.text	_ZNSt6__ndk110__list_impIPN7Walaber11AchievementENS_9allocatorIS3_EEE5clearEv	
0x330df4	.text	_ZNSt6__ndk113__vector_baseIN7Walaber11AchievementENS_9allocatorIS2_EEED2Ev	
0x330ed0	.text	_ZNSt6__ndk16vectorIN7Walaber11AchievementENS_9allocatorIS2_EEE21__push_back_slow_pathIRKS2_EEvOT_	__push_back_slow_path<Walaber::Achievement_const&>
0x330fd4	.text	_ZN7Walaber11AchievementC2ERKS0_	
0x3310b8	.text	_ZNSt6__ndk114__split_bufferIN7Walaber11AchievementERNS_9allocatorIS2_EEEC2EmmS5_	
0x33117c	.text	_ZNSt6__ndk16vectorIN7Walaber11AchievementENS_9allocatorIS2_EEE26__swap_out_circular_bufferERNS_14__split_bufferIS2_RS4_EE	
0x331214	.text	_ZNSt6__ndk114__split_bufferIN7Walaber11AchievementERNS_9allocatorIS2_EEED2Ev	
0x3312bc	.text	_ZNSt6__ndk16__treeINS_12__value_typeINS_12basic_stringIcNS_11char_traitsIcEENS_9allocatorIcEEEEPN7Walaber11AchievementEEENS_19__map_value_compareIS7_SB_NS_4lessIS7_EELb1EEENS5_ISB_EEE25__emplace_unique_key_argsIS7_JRKNS_21piecewise_construct_tENS_5tupleIJRKS7_EEENSM_IJEEEEEENS_4pairINS_15__tree_iteratorISB_PNS_11__tree_nodeISB_PvEElEEbEERKT_DpOT0_	__emplace_unique_key_args<std::__ndk1::basic_string<char,std::__ndk1::char_traits<char>,std::__ndk1::allocator<char>>,std::__ndk1::piecewise_construct_t_const&,std::__ndk1::tuple<std::__ndk1::basic_string<char,std::__ndk1::char_traits<char>,std::__ndk1::allocator<char>>const&>,std::__ndk1::tuple<>>
0x33136c	.text	_ZNSt6__ndk16__treeINS_12__value_typeINS_12basic_stringIcNS_11char_traitsIcEENS_9allocatorIcEEEEPN7Walaber11AchievementEEENS_19__map_value_compareIS7_SB_NS_4lessIS7_EELb1EEENS5_ISB_EEE12__find_equalIS7_EERPNS_16__tree_node_baseIPvEERPNS_15__tree_end_nodeISM_EERKT_	__find_equal<std::__ndk1::basic_string<char,std::__ndk1::char_traits<char>,std::__ndk1::allocator<char>>>
0x331498	.text	_ZNSt6__ndk16__treeINS_12__value_typeINS_12basic_stringIcNS_11char_traitsIcEENS_9allocatorIcEEEEPN7Walaber11AchievementEEENS_19__map_value_compareIS7_SB_NS_4lessIS7_EELb1EEENS5_ISB_EEE16__construct_nodeIJRKNS_21piecewise_construct_tENS_5tupleIJRKS7_EEENSM_IJEEEEEENS_10unique_ptrINS_11__tree_nodeISB_PvEENS_22__tree_node_destructorINS5_ISU_EEEEEEDpOT_	__construct_node<std::__ndk1::piecewise_construct_t_const&,std::__ndk1::tuple<std::__ndk1::basic_string<char,std::__ndk1::char_traits<char>,std::__ndk1::allocator<char>>const&>,std::__ndk1::tuple<>>
0x331508	.text	_ZNSt6__ndk16__treeINS_12__value_typeINS_12basic_stringIcNS_11char_traitsIcEENS_9allocatorIcEEEEPN7Walaber11AchievementEEENS_19__map_value_compareIS7_SB_NS_4lessIS7_EELb1EEENS5_ISB_EEE16__insert_node_atEPNS_15__tree_end_nodeIPNS_16__tree_node_baseIPvEEEERSM_SM_	
0x33155c	.text	_ZNSt6__ndk16__treeINS_12__value_typeINS_12basic_stringIcNS_11char_traitsIcEENS_9allocatorIcEEEEPN7Walaber11AchievementEEENS_19__map_value_compareIS7_SB_NS_4lessIS7_EELb1EEENS5_ISB_EEE4findIS7_EENS_15__tree_iteratorISB_PNS_11__tree_nodeISB_PvEElEERKT_	find<std::__ndk1::basic_string<char,std::__ndk1::char_traits<char>,std::__ndk1::allocator<char>>>
0x331614	.text	_ZNSt6__ndk16__treeINS_12__value_typeINS_12basic_stringIcNS_11char_traitsIcEENS_9allocatorIcEEEEPN7Walaber11AchievementEEENS_19__map_value_compareIS7_SB_NS_4lessIS7_EELb1EEENS5_ISB_EEE13__lower_boundIS7_EENS_15__tree_iteratorISB_PNS_11__tree_nodeISB_PvEElEERKT_SN_PNS_15__tree_end_nodeIPNS_16__tree_node_baseISL_EEEE	__lower_bound<std::__ndk1::basic_string<char,std::__ndk1::char_traits<char>,std::__ndk1::allocator<char>>>
0x3316c4	.text	_ZNSt6__ndk16vectorIPN7Walaber11AchievementENS_9allocatorIS3_EEE21__push_back_slow_pathIRKS3_EEvOT_	__push_back_slow_path<Walaber::Achievement*const&>
0x3317ec	.text	_ZNSt6__ndk114__split_bufferIPN7Walaber11AchievementERNS_9allocatorIS3_EEEC2EmmS6_	
0x33189c	.text	_ZN7Walaber9AnimationC1ENSt6__ndk112basic_stringIcNS1_11char_traitsIcEENS1_9allocatorIcEEEEPNS_16AnimationManagerE	
0x331910	.text	_ZN7Walaber9AnimationC1ERKS0_	
0x331d3c	.text	_ZNSt6__ndk16vectorINS_4pairIfiEENS_9allocatorIS2_EEEC2ERKS5_	
0x331dc0	.text	_ZN7Walaber9AnimationaSERKS0_	
0x3320fc	.text	_ZN7Walaber9SharedPtrINS_8CallbackEEaSERKS2_	
0x332180	.text	_ZN7Walaber9AnimationD2Ev	
0x3323dc	.text	_ZN7Walaber9Animation14copyPropertiesERKS0_	
0x332558	.text	_ZN7Walaber9Animation22createAnimationFromXmlERKNSt6__ndk112basic_stringIcNS1_11char_traitsIcEENS1_9allocatorIcEEEEPNS_10SceneGraphE	
0x33267c	.text	_ZN7Walaber3XML7loadDocENSt6__ndk112basic_stringIcNS1_11char_traitsIcEENS1_9allocatorIcEEEES7_RP7_xmlDoc	
0x332768	.text	_ZN7Walaber9Animation26createAnimationFromXmlNodeEP8_xmlNodePNS_10SceneGraphE	
0x332f94	.text	_ZN7Walaber9Animation12addNodeTrackEPNS_18NodeAnimationTrackE	
0x333038	.text	_ZN7Walaber9Animation26createAnimationFromXmlNodeEP8_xmlNodePNS_8SkeletonE	
0x333c8c	.text	_ZN7Walaber20SpriteAnimationTrack23addSpriteAnimationEventEfRKNSt6__ndk112basic_stringIcNS1_11char_traitsIcEENS1_9allocatorIcEEEEbfb	
0x333df4	.text	_ZN7Walaber9Animation14addSpriteTrackEPNS_20SpriteAnimationTrackE	
0x333e98	.text	_ZN7Walaber9Animation15addNumericTrackEPNS_21NumericAnimationTrackE	
0x333f5c	.text	_ZN7Walaber9Animation20addAnimationCueTrackEPNS_26AnimationCueAnimationTrackE	
0x334000	.text	_ZN7Walaber9Animation24addSkeletonActorCueTrackEPNS_30SkeletonActorCueAnimationTrackE	
0x3340a0	.text	_ZN7Walaber9Animation6updateEffb	
0x33415c	.text	_ZN7Walaber9Animation28_checkForEventsAndHandleTimeEv	
0x3344e4	.text	_ZN7Walaber9Animation11applyTracksEfb	
0x3346d4	.text	_ZN7Walaber20SpriteAnimationTrack5applyEf	
0x334920	.text	_ZN7Walaber26AnimationCueAnimationTrack5applyEf	
0x334970	.text	_ZN7Walaber30SkeletonActorCueAnimationTrack5applyEf	
0x334a90	.text	_ZN7Walaber9Animation9addMarkerEfi	
0x334b34	.text	_ZN7Walaber9Animation14_markerCompareERKNSt6__ndk14pairIfiEES5_	
0x334b48	.text	_ZN7Walaber9Animation19_rewindSpriteTracksEv	
0x334b74	.text	_ZN7Walaber9Animation16_rewindCueTracksEv	
0x334ba0	.text	_ZN7Walaber9Animation29_rewindSkeletonActorCueTracksEv	
0x334bcc	.text	_ZN7Walaber9Animation40_updateLastHitMarkerIndexWithCurrentTimeEv	
0x334c14	.text	_ZN7Walaber9Animation39_updateSpriteTrackEventsWithCurrentTimeEv	
0x334c80	.text	_ZN7Walaber9Animation36_updateCueTrackEventsWithCurrentTimeEv	
0x334ce8	.text	_ZNSt6__ndk16vectorIN7Walaber20SpriteAnimationTrack20SpriteAnimationEventENS_9allocatorIS3_EEE6insertENS_11__wrap_iterIPKS3_EEOS3_	
0x334eec	.text	_ZNSt6__ndk16vectorIN7Walaber20SpriteAnimationTrack20SpriteAnimationEventENS_9allocatorIS3_EEE12__move_rangeEPS3_S7_S7_	
0x335010	.text	_ZNSt6__ndk114__split_bufferIN7Walaber20SpriteAnimationTrack20SpriteAnimationEventERNS_9allocatorIS3_EEEC2EmmS6_	
0x3350d4	.text	_ZNSt6__ndk114__split_bufferIN7Walaber20SpriteAnimationTrack20SpriteAnimationEventERNS_9allocatorIS3_EEE9push_backEOS3_	
0x33531c	.text	_ZNSt6__ndk16vectorIN7Walaber20SpriteAnimationTrack20SpriteAnimationEventENS_9allocatorIS3_EEE26__swap_out_circular_bufferERNS_14__split_bufferIS3_RS5_EEPS3_	
0x335404	.text	_ZNSt6__ndk114__split_bufferIN7Walaber20SpriteAnimationTrack20SpriteAnimationEventERNS_9allocatorIS3_EEED2Ev	
0x335468	.text	_ZNSt6__ndk16vectorIN7Walaber20SpriteAnimationTrack20SpriteAnimationEventENS_9allocatorIS3_EEE21__push_back_slow_pathIS3_EEvOT_	__push_back_slow_path<Walaber::SpriteAnimationTrack::SpriteAnimationEvent>
0x33558c	.text	_ZNSt6__ndk16vectorIN7Walaber20SpriteAnimationTrack20SpriteAnimationEventENS_9allocatorIS3_EEE26__swap_out_circular_bufferERNS_14__split_bufferIS3_RS5_EE	
0x335618	.text	_ZN7Walaber9SharedPtrINS_15SpriteAnimationEEaSERKS2_	
0x3356a8	.text	_ZN7Walaber9SharedPtrINS_15SpriteAnimationEED2Ev	
0x335704	.text	_ZNSt6__ndk16vectorINS_4pairIfiEENS_9allocatorIS2_EEE11__vallocateEm	
0x335748	.text	_ZNSt6__ndk16vectorIPN7Walaber21NumericAnimationTrackENS_9allocatorIS3_EEE21__push_back_slow_pathIS3_EEvOT_	__push_back_slow_path<Walaber::NumericAnimationTrack*>
0x335870	.text	_ZNSt6__ndk114__split_bufferIPN7Walaber21NumericAnimationTrackERNS_9allocatorIS3_EEEC2EmmS6_	
0x335920	.text	_ZNSt6__ndk16vectorIPN7Walaber18NodeAnimationTrackENS_9allocatorIS3_EEE21__push_back_slow_pathIS3_EEvOT_	__push_back_slow_path<Walaber::NodeAnimationTrack*>
0x335a48	.text	_ZNSt6__ndk114__split_bufferIPN7Walaber18NodeAnimationTrackERNS_9allocatorIS3_EEEC2EmmS6_	
0x335af8	.text	_ZNSt6__ndk16vectorIPN7Walaber20SpriteAnimationTrackENS_9allocatorIS3_EEE21__push_back_slow_pathIS3_EEvOT_	__push_back_slow_path<Walaber::SpriteAnimationTrack*>
0x335c20	.text	_ZNSt6__ndk114__split_bufferIPN7Walaber20SpriteAnimationTrackERNS_9allocatorIS3_EEEC2EmmS6_	
0x335cd0	.text	_ZNSt6__ndk16vectorIPN7Walaber26AnimationCueAnimationTrackENS_9allocatorIS3_EEE21__push_back_slow_pathIS3_EEvOT_	__push_back_slow_path<Walaber::AnimationCueAnimationTrack*>
0x335df8	.text	_ZNSt6__ndk114__split_bufferIPN7Walaber26AnimationCueAnimationTrackERNS_9allocatorIS3_EEEC2EmmS6_	
0x335ea8	.text	_ZNSt6__ndk16vectorIPN7Walaber30SkeletonActorCueAnimationTrackENS_9allocatorIS3_EEE21__push_back_slow_pathIS3_EEvOT_	__push_back_slow_path<Walaber::SkeletonActorCueAnimationTrack*>
0x335fd0	.text	_ZNSt6__ndk114__split_bufferIPN7Walaber30SkeletonActorCueAnimationTrackERNS_9allocatorIS3_EEEC2EmmS6_	
0x336080	.text	_ZNSt6__ndk16vectorINS_4pairIfiEENS_9allocatorIS2_EEE6assignIPS2_EENS_9enable_ifIXaasr21__is_forward_iteratorIT_EE5valuesr16is_constructibleIS2_NS_15iterator_traitsIS9_E9referenceEEE5valueEvE4typeES9_S9_	
0x3361b8	.text	_ZNSt6__ndk16vectorIPN7Walaber21NumericAnimationTrackENS_9allocatorIS3_EEE21__push_back_slow_pathIRKS3_EEvOT_	__push_back_slow_path<Walaber::NumericAnimationTrack*const&>
0x3362e0	.text	_ZNSt6__ndk16vectorIPN7Walaber18NodeAnimationTrackENS_9allocatorIS3_EEE21__push_back_slow_pathIRKS3_EEvOT_	__push_back_slow_path<Walaber::NodeAnimationTrack*const&>
0x336408	.text	_ZNSt6__ndk16vectorIPN7Walaber20SpriteAnimationTrackENS_9allocatorIS3_EEE21__push_back_slow_pathIRKS3_EEvOT_	
0x336530	.text	_ZNSt6__ndk16vectorIPN7Walaber26AnimationCueAnimationTrackENS_9allocatorIS3_EEE21__push_back_slow_pathIRKS3_EEvOT_	__push_back_slow_path<Walaber::AnimationCueAnimationTrack*const&>
0x336658	.text	_ZNSt6__ndk16vectorIPN7Walaber30SkeletonActorCueAnimationTrackENS_9allocatorIS3_EEE21__push_back_slow_pathIRKS3_EEvOT_	
0x336780	.text	_ZNSt6__ndk16vectorINS_4pairIfiEENS_9allocatorIS2_EEE21__push_back_slow_pathIS2_EEvOT_	__push_back_slow_path<std::__ndk1::pair<float,int>>
0x3368a8	.text	_ZNSt6__ndk114__split_bufferINS_4pairIfiEERNS_9allocatorIS2_EEEC2EmmS5_	
0x336958	.text	_ZNSt6__ndk16__sortIRPFbRKNS_4pairIfiEES4_EPS2_EEvT0_S9_T_	__sort<bool(*&)(std::__ndk1::pair<float,int>const&,std::__ndk1::pair<float,int>const&),std::__ndk1::pair<float,int>*>
0x336d88	.text	_ZNSt6__ndk17__sort3IRPFbRKNS_4pairIfiEES4_EPS2_EEjT0_S9_S9_T_	
0x336e88	.text	_ZNSt6__ndk17__sort4IRPFbRKNS_4pairIfiEES4_EPS2_EEjT0_S9_S9_S9_T_	__sort4<bool(*&)(std::__ndk1::pair<float,int>const&,std::__ndk1::pair<float,int>const&),std::__ndk1::pair<float,int>*>
0x336f54	.text	_ZNSt6__ndk17__sort5IRPFbRKNS_4pairIfiEES4_EPS2_EEjT0_S9_S9_S9_S9_T_	
0x337058	.text	_ZNSt6__ndk118__insertion_sort_3IRPFbRKNS_4pairIfiEES4_EPS2_EEvT0_S9_T_	
0x337158	.text	_ZNSt6__ndk127__insertion_sort_incompleteIRPFbRKNS_4pairIfiEES4_EPS2_EEbT0_S9_T_	__insertion_sort_incomplete<bool(*&)(std::__ndk1::pair<float,int>const&,std::__ndk1::pair<float,int>const&),std::__ndk1::pair<float,int>*>
0x337328	.text	_ZN7Walaber26AnimationCueAnimationTrackC2Ev	
0x337340	.text	_ZN7Walaber26AnimationCueAnimationTrackC2EPNS_16AnimationManagerE	
0x337358	.text	_ZN7Walaber26AnimationCueAnimationTrackC1ERKS0_	
0x337390	.text	_ZNSt6__ndk16vectorIN7Walaber26AnimationCueAnimationTrack17CueAnimationEventENS_9allocatorIS3_EEEC2ERKS6_	
0x33743c	.text	_ZN7Walaber26AnimationCueAnimationTrackaSERKS0_	
0x337484	.text	_ZN7Walaber26AnimationCueAnimationTrackD1Ev	
0x33748c	.text	_ZNSt6__ndk113__vector_baseIN7Walaber26AnimationCueAnimationTrack17CueAnimationEventENS_9allocatorIS3_EEED2Ev	
0x337504	.text	_ZNSt6__ndk16vectorIN7Walaber26AnimationCueAnimationTrack17CueAnimationEventENS_9allocatorIS3_EEE11__vallocateEm	
0x337554	.text	_ZNSt6__ndk16vectorIN7Walaber26AnimationCueAnimationTrack17CueAnimationEventENS_9allocatorIS3_EEE6assignIPS3_EENS_9enable_ifIXaasr21__is_forward_iteratorIT_EE5valuesr16is_constructibleIS3_NS_15iterator_traitsISA_E9referenceEEE5valueEvE4typeESA_SA_	assign<Walaber::AnimationCueAnimationTrack::CueAnimationEvent*>
0x337738	.text	_ZNSt6__ndk16vectorIN7Walaber26AnimationCueAnimationTrack17CueAnimationEventENS_9allocatorIS3_EEE13__vdeallocateEv	
0x3377ac	.text	_ZN7Walaber16AnimationManagerC2Ev	
0x3377d4	.text	_ZN7Walaber16AnimationManagerC1ERKS0_	
0x3378c4	.text	_ZN7Walaber16AnimationManageraSERKS0_	
0x337918	.text	_ZN7Walaber16AnimationManagerD2Ev	
0x3379fc	.text	_ZN7Walaber16AnimationManager6updateEf	
0x337ad8	.text	_ZN7Walaber16AnimationManager40_handleAnimationEventCallbackWithBitmaskEj	
0x337bc0	.text	_ZN7Walaber16AnimationManager12addAnimationEPNS_9AnimationE	
0x337c24	.text	_ZN7Walaber16AnimationManager15createAnimationERKNSt6__ndk112basic_stringIcNS1_11char_traitsIcEENS1_9allocatorIcEEEE	
0x337cfc	.text	_ZN7Walaber16AnimationManager26addNumericTrackToAnimationERKNSt6__ndk112basic_stringIcNS1_11char_traitsIcEENS1_9allocatorIcEEEEPNS_21NumericAnimationTrackE	
0x337d40	.text	_ZN7Walaber16AnimationManager23addNodeTrackToAnimationERKNSt6__ndk112basic_stringIcNS1_11char_traitsIcEENS1_9allocatorIcEEEEPNS_18NodeAnimationTrackE	
0x337d84	.text	_ZN7Walaber16AnimationManager13playAnimationERKNSt6__ndk112basic_stringIcNS1_11char_traitsIcEENS1_9allocatorIcEEEENS_21AnimationPlaybackModeEi	
0x337d8c	.text	_ZN7Walaber16AnimationManager13playAnimationERKNSt6__ndk112basic_stringIcNS1_11char_traitsIcEENS1_9allocatorIcEEEEfNS_21AnimationPlaybackModeEi	
0x337e74	.text	_ZN7Walaber9Animation4playENS_21AnimationPlaybackModeEfiNS_18AnimationBlendModeE	
0x337f3c	.text	_ZN7Walaber16AnimationManager13_fireCallbackEPNS_9AnimationENS_18AnimationEventTypeEi	
0x338008	.text	_ZN7Walaber16AnimationManager9crossFadeERKNSt6__ndk112basic_stringIcNS1_11char_traitsIcEENS1_9allocatorIcEEEEfNS_21AnimationPlaybackModeEi	
0x338014	.text	_ZN7Walaber16AnimationManager9crossFadeERKNSt6__ndk112basic_stringIcNS1_11char_traitsIcEENS1_9allocatorIcEEEEffNS_21AnimationPlaybackModeEi	
0x338250	.text	_ZN7Walaber16AnimationManager20playCurrentAnimationEv	
0x338294	.text	_ZN7Walaber9Animation4playEv	
0x338314	.text	_ZN7Walaber16AnimationManager20stopCurrentAnimationEv	
0x338358	.text	_ZN7Walaber9Animation4stopEv	
0x3383d8	.text	_ZN7Walaber16AnimationManager21pauseCurrentAnimationEv	
0x33841c	.text	_ZN7Walaber9Animation5pauseEv	
0x338498	.text	_ZN7Walaber16AnimationManager25isCurrentAnimationPlayingEv	
0x3384b8	.text	_ZN7Walaber16AnimationManager12getAnimationERKNSt6__ndk112basic_stringIcNS1_11char_traitsIcEENS1_9allocatorIcEEEE	
0x3384f0	.text	_ZNSt6__ndk16__treeINS_12__value_typeIPvN7Walaber9SharedPtrINS3_8CallbackEEEEENS_19__map_value_compareIS2_S7_NS_4lessIS2_EELb1EEENS_9allocatorIS7_EEE7destroyEPNS_11__tree_nodeIS7_S2_EE	
0x338538	.text	_ZNSt6__ndk16__treeINS_12__value_typeINS_12basic_stringIcNS_11char_traitsIcEENS_9allocatorIcEEEEPN7Walaber9AnimationEEENS_19__map_value_compareIS7_SB_NS_4lessIS7_EELb1EEENS5_ISB_EEE7destroyEPNS_11__tree_nodeISB_PvEE	
0x338588	.text	_ZNSt6__ndk16__treeINS_12__value_typeINS_12basic_stringIcNS_11char_traitsIcEENS_9allocatorIcEEEEPN7Walaber9AnimationEEENS_19__map_value_compareIS7_SB_NS_4lessIS7_EELb1EEENS5_ISB_EEE30__emplace_hint_unique_key_argsIS7_JRKNS_4pairIKS7_SA_EEEEENS_15__tree_iteratorISB_PNS_11__tree_nodeISB_PvEElEENS_21__tree_const_iteratorISB_SS_lEERKT_DpOT0_	
0x338618	.text	_ZNSt6__ndk16__treeINS_12__value_typeINS_12basic_stringIcNS_11char_traitsIcEENS_9allocatorIcEEEEPN7Walaber9AnimationEEENS_19__map_value_compareIS7_SB_NS_4lessIS7_EELb1EEENS5_ISB_EEE12__find_equalIS7_EERPNS_16__tree_node_baseIPvEENS_21__tree_const_iteratorISB_PNS_11__tree_nodeISB_SK_EElEERPNS_15__tree_end_nodeISM_EESN_RKT_	
0x338904	.text	_ZNSt6__ndk16__treeINS_12__value_typeINS_12basic_stringIcNS_11char_traitsIcEENS_9allocatorIcEEEEPN7Walaber9AnimationEEENS_19__map_value_compareIS7_SB_NS_4lessIS7_EELb1EEENS5_ISB_EEE16__construct_nodeIJRKNS_4pairIKS7_SA_EEEEENS_10unique_ptrINS_11__tree_nodeISB_PvEENS_22__tree_node_destructorINS5_ISR_EEEEEEDpOT_	
0x338978	.text	_ZNSt6__ndk16__treeINS_12__value_typeINS_12basic_stringIcNS_11char_traitsIcEENS_9allocatorIcEEEEPN7Walaber9AnimationEEENS_19__map_value_compareIS7_SB_NS_4lessIS7_EELb1EEENS5_ISB_EEE16__insert_node_atEPNS_15__tree_end_nodeIPNS_16__tree_node_baseIPvEEEERSM_SM_	
0x3389cc	.text	_ZNSt6__ndk16__treeINS_12__value_typeINS_12basic_stringIcNS_11char_traitsIcEENS_9allocatorIcEEEEPN7Walaber9AnimationEEENS_19__map_value_compareIS7_SB_NS_4lessIS7_EELb1EEENS5_ISB_EEE12__find_equalIS7_EERPNS_16__tree_node_baseIPvEERPNS_15__tree_end_nodeISM_EERKT_	__find_equal<std::__ndk1::basic_string<char,std::__ndk1::char_traits<char>,std::__ndk1::allocator<char>>>
0x338af8	.text	_ZNSt6__ndk16__treeINS_12__value_typeINS_12basic_stringIcNS_11char_traitsIcEENS_9allocatorIcEEEEPN7Walaber9AnimationEEENS_19__map_value_compareIS7_SB_NS_4lessIS7_EELb1EEENS5_ISB_EEE14__assign_multiINS_21__tree_const_iteratorISB_PNS_11__tree_nodeISB_PvEElEEEEvT_SP_	__assign_multi<std::__ndk1::__tree_const_iterator<std::__ndk1::__value_type<std::__ndk1::basic_string<char,std::__ndk1::char_traits<char>,std::__ndk1::allocator<char>>,Walaber::Animation*>,std::__ndk1::__tree_node<std::__ndk1::__value_type<std::__ndk1::basic_string<char,std::__ndk1::char_traits<char>,std::__ndk1::allocator<char>>,Walaber::Animation*>,void*>*,long>>
0x338d00	.text	_ZNSt6__ndk16__treeINS_12__value_typeINS_12basic_stringIcNS_11char_traitsIcEENS_9allocatorIcEEEEPN7Walaber9AnimationEEENS_19__map_value_compareIS7_SB_NS_4lessIS7_EELb1EEENS5_ISB_EEE8__detachEPNS_11__tree_nodeISB_PvEE	
0x338d5c	.text	_ZNSt6__ndk16__treeINS_12__value_typeINS_12basic_stringIcNS_11char_traitsIcEENS_9allocatorIcEEEEPN7Walaber9AnimationEEENS_19__map_value_compareIS7_SB_NS_4lessIS7_EELb1EEENS5_ISB_EEE16__find_leaf_highERPNS_15__tree_end_nodeIPNS_16__tree_node_baseIPvEEEERKS7_	
0x338e30	.text	_ZNSt6__ndk16__treeINS_12__value_typeINS_12basic_stringIcNS_11char_traitsIcEENS_9allocatorIcEEEEPN7Walaber9AnimationEEENS_19__map_value_compareIS7_SB_NS_4lessIS7_EELb1EEENS5_ISB_EEE15__emplace_multiIJRKNS_4pairIKS7_SA_EEEEENS_15__tree_iteratorISB_PNS_11__tree_nodeISB_PvEElEEDpOT_	
0x338edc	.text	_ZNSt6__ndk16__treeINS_12__value_typeINS_12basic_stringIcNS_11char_traitsIcEENS_9allocatorIcEEEEPN7Walaber9AnimationEEENS_19__map_value_compareIS7_SB_NS_4lessIS7_EELb1EEENS5_ISB_EEE25__emplace_unique_key_argsIS7_JRKNS_21piecewise_construct_tENS_5tupleIJRKS7_EEENSM_IJEEEEEENS_4pairINS_15__tree_iteratorISB_PNS_11__tree_nodeISB_PvEElEEbEERKT_DpOT0_	__emplace_unique_key_args<std::__ndk1::basic_string<char,std::__ndk1::char_traits<char>,std::__ndk1::allocator<char>>,std::__ndk1::piecewise_construct_t_const&,std::__ndk1::tuple<std::__ndk1::basic_string<char,std::__ndk1::char_traits<char>,std::__ndk1::allocator<char>>const&>,std::__ndk1::tuple<>>
0x338f8c	.text	_ZNSt6__ndk16__treeINS_12__value_typeINS_12basic_stringIcNS_11char_traitsIcEENS_9allocatorIcEEEEPN7Walaber9AnimationEEENS_19__map_value_compareIS7_SB_NS_4lessIS7_EELb1EEENS5_ISB_EEE16__construct_nodeIJRKNS_21piecewise_construct_tENS_5tupleIJRKS7_EEENSM_IJEEEEEENS_10unique_ptrINS_11__tree_nodeISB_PvEENS_22__tree_node_destructorINS5_ISU_EEEEEEDpOT_	__construct_node<std::__ndk1::piecewise_construct_t_const&,std::__ndk1::tuple<std::__ndk1::basic_string<char,std::__ndk1::char_traits<char>,std::__ndk1::allocator<char>>const&>,std::__ndk1::tuple<>>
0x338ffc	.text	_ZNSt6__ndk16__treeINS_12__value_typeINS_12basic_stringIcNS_11char_traitsIcEENS_9allocatorIcEEEEPN7Walaber9AnimationEEENS_19__map_value_compareIS7_SB_NS_4lessIS7_EELb1EEENS5_ISB_EEE4findIS7_EENS_15__tree_iteratorISB_PNS_11__tree_nodeISB_PvEElEERKT_	
0x3390b4	.text	_ZNSt6__ndk16__treeINS_12__value_typeINS_12basic_stringIcNS_11char_traitsIcEENS_9allocatorIcEEEEPN7Walaber9AnimationEEENS_19__map_value_compareIS7_SB_NS_4lessIS7_EELb1EEENS5_ISB_EEE13__lower_boundIS7_EENS_15__tree_iteratorISB_PNS_11__tree_nodeISB_PvEElEERKT_SN_PNS_15__tree_end_nodeIPNS_16__tree_node_baseISL_EEEE	__lower_bound<std::__ndk1::basic_string<char,std::__ndk1::char_traits<char>,std::__ndk1::allocator<char>>>
0x339164	.text	_ZN7Walaber18NodeAnimationTrackC1Ev	
0x339180	.text	_ZN7Walaber9SharedPtrINS_5CurveEED2Ev	
0x3391d8	.text	_ZN7Walaber18NodeAnimationTrackC1EPNS_4NodeE	
0x339208	.text	_ZN7Walaber18NodeAnimationTrackC2ERKS0_	
0x3392bc	.text	_ZN7Walaber18NodeAnimationTrackaSERKS0_	
0x339324	.text	_ZN7Walaber9SharedPtrINS_5CurveEEaSERKS2_	
0x3393a8	.text	_ZN7Walaber18NodeAnimationTrackD2Ev	
0x3393e8	.text	_ZN7Walaber18NodeAnimationTrack12setAnimationEPNS_9AnimationE	
0x3393f0	.text	_ZN7Walaber18NodeAnimationTrack9loadCurveENS_17NodeTrackLocalPosERKNSt6__ndk112basic_stringIcNS2_11char_traitsIcEENS2_9allocatorIcEEEESA_	
0x339580	.text	_ZN7Walaber18NodeAnimationTrack21_curveFinishedLoadingEPv	
0x3395d0	.text	_ZN7Walaber12CurveManager10getManagerEv	
0x339624	.text	_ZN7Walaber9SharedPtrINS_14MemberCallbackINS_18NodeAnimationTrackEEEED2Ev	
0x33967c	.text	_ZN7Walaber18NodeAnimationTrack9loadCurveENS_19NodeTrackLocalScaleERKNSt6__ndk112basic_stringIcNS2_11char_traitsIcEENS2_9allocatorIcEEEESA_	
0x33980c	.text	_ZN7Walaber18NodeAnimationTrack9loadCurveENS_19NodeTrackLocalAngleERKNSt6__ndk112basic_stringIcNS2_11char_traitsIcEENS2_9allocatorIcEEEE	
0x339958	.text	_ZN7Walaber18NodeAnimationTrack5applyENS_18AnimationBlendModeEfffb	
0x339c34	.text	_ZN7Walaber14MemberCallbackINS_18NodeAnimationTrackEED0Ev	
0x339c38	.text	_ZN7Walaber14MemberCallbackINS_18NodeAnimationTrackEE6invokeEPv	
0x339c68	.text	_ZN7Walaber21NumericAnimationTrackC1Ev	
0x339c74	.text	_ZN7Walaber21NumericAnimationTrackC1ENS_9SharedPtrINS_5CurveEEEPf	
0x339ca0	.text	_ZN7Walaber21NumericAnimationTrackC2ENS_9SharedPtrINS_5CurveEEEPi	
0x339cd0	.text	_ZN7Walaber21NumericAnimationTrackC1ERKS0_	
0x339d24	.text	_ZN7Walaber21NumericAnimationTrackaSERKS0_	
0x339d78	.text	_ZN7Walaber21NumericAnimationTrackD2Ev	
0x339d7c	.text	_ZN7Walaber21NumericAnimationTrack12setAnimationEPNS_9AnimationE	
0x339d84	.text	_ZN7Walaber21NumericAnimationTrack9loadCurveERKNSt6__ndk112basic_stringIcNS1_11char_traitsIcEENS1_9allocatorIcEEEE	
0x339ec4	.text	_ZN7Walaber21NumericAnimationTrack21_curveFinishedLoadingEPv	
0x339f04	.text	_ZN7Walaber9SharedPtrINS_14MemberCallbackINS_21NumericAnimationTrackEEEED2Ev	
0x339f5c	.text	_ZN7Walaber21NumericAnimationTrack5applyENS_18AnimationBlendModeEfffb	
0x33a034	.text	_ZN7Walaber14MemberCallbackINS_21NumericAnimationTrackEED0Ev	
0x33a038	.text	_ZN7Walaber14MemberCallbackINS_21NumericAnimationTrackEE6invokeEPv	
0x33a068	.text	_ZN7Walaber30SkeletonActorCueAnimationTrackC2Ev	
0x33a07c	.text	_ZN7Walaber30SkeletonActorCueAnimationTrackC2EPNS_13SkeletonActorE	
0x33a090	.text	_ZN7Walaber30SkeletonActorCueAnimationTrackC1ERKS0_	
0x33a0c8	.text	_ZNSt6__ndk16vectorIN7Walaber30SkeletonActorCueAnimationTrack17CueAnimationEventENS_9allocatorIS3_EEEC2ERKS6_	
0x33a184	.text	_ZN7Walaber30SkeletonActorCueAnimationTrackaSERKS0_	
0x33a1cc	.text	_ZN7Walaber30SkeletonActorCueAnimationTrackD1Ev	
0x33a1d4	.text	_ZNSt6__ndk113__vector_baseIN7Walaber30SkeletonActorCueAnimationTrack17CueAnimationEventENS_9allocatorIS3_EEED2Ev	
0x33a24c	.text	_ZNSt6__ndk16vectorIN7Walaber30SkeletonActorCueAnimationTrack17CueAnimationEventENS_9allocatorIS3_EEE11__vallocateEm	
0x33a2a4	.text	_ZNSt6__ndk16vectorIN7Walaber30SkeletonActorCueAnimationTrack17CueAnimationEventENS_9allocatorIS3_EEE6assignIPS3_EENS_9enable_ifIXaasr21__is_forward_iteratorIT_EE5valuesr16is_constructibleIS3_NS_15iterator_traitsISA_E9referenceEEE5valueEvE4typeESA_SA_	assign<Walaber::SkeletonActorCueAnimationTrack::CueAnimationEvent*>
0x33a4bc	.text	_ZNSt6__ndk16vectorIN7Walaber30SkeletonActorCueAnimationTrack17CueAnimationEventENS_9allocatorIS3_EEE13__vdeallocateEv	
0x33a530	.text	_ZN7Walaber20SpriteAnimationTrackC2Ev	
0x33a550	.text	_ZN7Walaber20SpriteAnimationTrackC2EPNS_6SpriteE	
0x33a570	.text	_ZN7Walaber20SpriteAnimationTrackC2ERKS0_	
0x33a5fc	.text	_ZNSt6__ndk16vectorIN7Walaber20SpriteAnimationTrack20SpriteAnimationEventENS_9allocatorIS3_EEEC2ERKS6_	
0x33a6a8	.text	_ZN7Walaber20SpriteAnimationTrackaSERKS0_	
0x33a704	.text	_ZN7Walaber20SpriteAnimationTrackD1Ev	
0x33a72c	.text	_ZNSt6__ndk113__vector_baseIN7Walaber20SpriteAnimationTrack20SpriteAnimationEventENS_9allocatorIS3_EEED2Ev	
0x33a7a4	.text	_ZNSt6__ndk16vectorIN7Walaber20SpriteAnimationTrack20SpriteAnimationEventENS_9allocatorIS3_EEE11__vallocateEm	
0x33a7f4	.text	_ZNSt6__ndk16vectorIN7Walaber20SpriteAnimationTrack20SpriteAnimationEventENS_9allocatorIS3_EEE6assignIPS3_EENS_9enable_ifIXaasr21__is_forward_iteratorIT_EE5valuesr16is_constructibleIS3_NS_15iterator_traitsISA_E9referenceEEE5valueEvE4typeESA_SA_	assign<Walaber::SpriteAnimationTrack::SpriteAnimationEvent*>
0x33a9d8	.text	_ZNSt6__ndk16vectorIN7Walaber20SpriteAnimationTrack20SpriteAnimationEventENS_9allocatorIS3_EEE13__vdeallocateEv	
0x33aa4c	.text	_ZN7Walaber4Bone11setSkeletonEPNS_8SkeletonE	
0x33aa54	.text	_ZN7Walaber8SkeletonC1Ev	
0x33ab40	.text	_ZNSt6__ndk13mapIiPN7Walaber6SpriteENS_4lessIiEENS_9allocatorINS_4pairIKiS3_EEEEED2Ev	
0x33ab48	.text	_ZNSt6__ndk13mapINS_12basic_stringIcNS_11char_traitsIcEENS_9allocatorIcEEEEPN7Walaber6SpriteENS_4lessIS6_EENS4_INS_4pairIKS6_S9_EEEEED2Ev	
0x33ab50	.text	_ZNSt6__ndk13mapINS_12basic_stringIcNS_11char_traitsIcEENS_9allocatorIcEEEEPN7Walaber4BoneENS_4lessIS6_EENS4_INS_4pairIKS6_S9_EEEEED2Ev	
0x33ab58	.text	_ZNSt6__ndk13mapIPN7Walaber4BoneENS1_8Skeleton13BoneLocalDataENS_4lessIS3_EENS_9allocatorINS_4pairIKS3_S5_EEEEED2Ev	
0x33ab60	.text	_ZN7Walaber8SkeletonC2ERKNSt6__ndk112basic_stringIcNS1_11char_traitsIcEENS1_9allocatorIcEEEEi	
0x33ac44	.text	_ZN7Walaber8SkeletonC2ERKS0_	
0x33ae5c	.text	_ZN7Walaber8SkeletonaSERKS0_	
0x33aecc	.text	_ZN7Walaber8SkeletonD2Ev	
0x33b0c0	.text	_ZN7Walaber8SkeletonD0Ev	
0x33b0e4	.text	_ZN7Walaber8Skeleton13createFromXmlERKNSt6__ndk112basic_stringIcNS1_11char_traitsIcEENS1_9allocatorIcEEEE	
0x33b1dc	.text	_ZN7Walaber8Skeleton17createFromXmlNodeEP8_xmlNode	
0x33b590	.text	_ZN7Walaber8Skeleton23_recursiveBuildSkeletonEP8_xmlNodePS0_PNS_4NodeE	
0x33b9fc	.text	_ZN7Walaber8Skeleton21loadAnimationsFromXmlERKNSt6__ndk112basic_stringIcNS1_11char_traitsIcEENS1_9allocatorIcEEEE	
0x33bb58	.text	_ZN7Walaber8Skeleton24loadSkeletonWithCallbackERKNSt6__ndk112basic_stringIcNS1_11char_traitsIcEENS1_9allocatorIcEEEENS_9SharedPtrINS_8CallbackEEERKNS_7Vector2EfSF_S9_	
0x33c06c	.text	_ZN7Walaber8Skeleton18_skeletonHasLoadedEPv	
0x33c44c	.text	_ZN7Walaber8Skeleton8setLayerEi	
0x33c4ec	.text	_ZN7Walaber8Skeleton6updateEf	
0x33c594	.text	_ZN7Walaber8Skeleton4drawEPNS_11SpriteBatchE	
0x33c630	.text	_ZN7Walaber8Skeleton22addSpriteAsChildToBoneEPNS_4BoneEPNS_6SpriteEi	
0x33c880	.text	_ZN7Walaber8Skeleton11addRootBoneEPNS_4BoneE	
0x33cab4	.text	_ZN7Walaber8Skeleton12addChildBoneEPNS_4BoneES2_	
0x33cce8	.text	_ZN7Walaber8Skeleton7getBoneERKNSt6__ndk112basic_stringIcNS1_11char_traitsIcEENS1_9allocatorIcEEEE	
0x33cd24	.text	_ZN7Walaber8Skeleton9getSpriteERKNSt6__ndk112basic_stringIcNS1_11char_traitsIcEENS1_9allocatorIcEEEE	
0x33cd60	.text	_ZN7Walaber8Skeleton7getNodeERKNSt6__ndk112basic_stringIcNS1_11char_traitsIcEENS1_9allocatorIcEEEE	
0x33cdc0	.text	_ZN7Walaber8Skeleton21_animationsHaveLoadedEPv	
0x33cef0	.text	_ZN7Walaber9SharedPtrINS_14MemberCallbackINS_8SkeletonEEEED2Ev	
0x33cf48	.text	_ZN7Walaber8Skeleton18_setNodePropertiesEP8_xmlNodePNS_4NodeE	
0x33d168	.text	_ZN7Walaber8Skeleton11setBindPoseEv	
0x33d2d4	.text	_ZN7Walaber8Skeleton21setSkeletonToBindPoseEv	
0x33d464	.text	_ZN7Walaber8Skeleton22getBindPoseDataForBoneEPNS_4BoneERNS0_13BoneLocalDataE	
0x33d4f8	.text	_ZN7Walaber8Skeleton8setColorERKNS_5ColorE	
0x33d5a8	.text	_ZN7Walaber8Skeleton16scaleSpriteScaleERKNS_7Vector2E	
0x33d67c	.text	_ZN7Walaber8Skeleton14setScreenSpaceEb	
0x33d774	.text	_ZN7Walaber3XML13loadDocMemoryEPcmNSt6__ndk112basic_stringIcNS2_11char_traitsIcEENS2_9allocatorIcEEEERP7_xmlDoc	
0x33d830	.text	_ZN7Walaber7PCSNode7setNameERKNSt6__ndk112basic_stringIcNS1_11char_traitsIcEENS1_9allocatorIcEEEE	
0x33d888	.text	_ZNSt6__ndk16__treeINS_12__value_typeIiPN7Walaber6SpriteEEENS_19__map_value_compareIiS5_NS_4lessIiEELb1EEENS_9allocatorIS5_EEE7destroyEPNS_11__tree_nodeIS5_PvEE	
0x33d8c8	.text	_ZNSt6__ndk16__treeINS_12__value_typeINS_12basic_stringIcNS_11char_traitsIcEENS_9allocatorIcEEEEPN7Walaber6SpriteEEENS_19__map_value_compareIS7_SB_NS_4lessIS7_EELb1EEENS5_ISB_EEE7destroyEPNS_11__tree_nodeISB_PvEE	
0x33d918	.text	_ZNSt6__ndk16__treeINS_12__value_typeINS_12basic_stringIcNS_11char_traitsIcEENS_9allocatorIcEEEEPN7Walaber4BoneEEENS_19__map_value_compareIS7_SB_NS_4lessIS7_EELb1EEENS5_ISB_EEE7destroyEPNS_11__tree_nodeISB_PvEE	
0x33d968	.text	_ZNSt6__ndk16__treeINS_12__value_typeIPN7Walaber4BoneENS2_8Skeleton13BoneLocalDataEEENS_19__map_value_compareIS4_S7_NS_4lessIS4_EELb1EEENS_9allocatorIS7_EEE7destroyEPNS_11__tree_nodeIS7_PvEE	
0x33d9a8	.text	_ZN7Walaber4BoneD0Ev	
0x33d9cc	.text	_ZNSt6__ndk112__deque_baseIPN7Walaber4NodeENS_9allocatorIS3_EEED2Ev	
0x33da14	.text	_ZNSt6__ndk112__deque_baseIPN7Walaber4NodeENS_9allocatorIS3_EEE5clearEv	
0x33daf8	.text	_ZNSt6__ndk114__split_bufferIPPN7Walaber4NodeENS_9allocatorIS4_EEED2Ev	
0x33db2c	.text	_ZNSt6__ndk16__treeINS_12__value_typeINS_12basic_stringIcNS_11char_traitsIcEENS_9allocatorIcEEEEPN7Walaber4BoneEEENS_19__map_value_compareIS7_SB_NS_4lessIS7_EELb1EEENS5_ISB_EEE30__emplace_hint_unique_key_argsIS7_JRKNS_4pairIKS7_SA_EEEEENS_15__tree_iteratorISB_PNS_11__tree_nodeISB_PvEElEENS_21__tree_const_iteratorISB_SS_lEERKT_DpOT0_	__emplace_hint_unique_key_args<std::__ndk1::basic_string<char,std::__ndk1::char_traits<char>,std::__ndk1::allocator<char>>,std::__ndk1::pair<std::__ndk1::basic_string<char,std::__ndk1::char_traits<char>,std::__ndk1::allocator<char>>const,Walaber::Bone*>const&>
0x33dbbc	.text	_ZNSt6__ndk16__treeINS_12__value_typeINS_12basic_stringIcNS_11char_traitsIcEENS_9allocatorIcEEEEPN7Walaber4BoneEEENS_19__map_value_compareIS7_SB_NS_4lessIS7_EELb1EEENS5_ISB_EEE12__find_equalIS7_EERPNS_16__tree_node_baseIPvEENS_21__tree_const_iteratorISB_PNS_11__tree_nodeISB_SK_EElEERPNS_15__tree_end_nodeISM_EESN_RKT_	__find_equal<std::__ndk1::basic_string<char,std::__ndk1::char_traits<char>,std::__ndk1::allocator<char>>>
0x33dea8	.text	_ZNSt6__ndk16__treeINS_12__value_typeINS_12basic_stringIcNS_11char_traitsIcEENS_9allocatorIcEEEEPN7Walaber4BoneEEENS_19__map_value_compareIS7_SB_NS_4lessIS7_EELb1EEENS5_ISB_EEE16__construct_nodeIJRKNS_4pairIKS7_SA_EEEEENS_10unique_ptrINS_11__tree_nodeISB_PvEENS_22__tree_node_destructorINS5_ISR_EEEEEEDpOT_	__construct_node<std::__ndk1::pair<std::__ndk1::basic_string<char,std::__ndk1::char_traits<char>,std::__ndk1::allocator<char>>const,Walaber::Bone*>const&>
0x33df1c	.text	_ZNSt6__ndk16__treeINS_12__value_typeINS_12basic_stringIcNS_11char_traitsIcEENS_9allocatorIcEEEEPN7Walaber4BoneEEENS_19__map_value_compareIS7_SB_NS_4lessIS7_EELb1EEENS5_ISB_EEE16__insert_node_atEPNS_15__tree_end_nodeIPNS_16__tree_node_baseIPvEEEERSM_SM_	
0x33df70	.text	_ZNSt6__ndk16__treeINS_12__value_typeINS_12basic_stringIcNS_11char_traitsIcEENS_9allocatorIcEEEEPN7Walaber4BoneEEENS_19__map_value_compareIS7_SB_NS_4lessIS7_EELb1EEENS5_ISB_EEE12__find_equalIS7_EERPNS_16__tree_node_baseIPvEERPNS_15__tree_end_nodeISM_EERKT_	__find_equal<std::__ndk1::basic_string<char,std::__ndk1::char_traits<char>,std::__ndk1::allocator<char>>>
0x33e09c	.text	_ZNSt6__ndk16__treeINS_12__value_typeINS_12basic_stringIcNS_11char_traitsIcEENS_9allocatorIcEEEEPN7Walaber6SpriteEEENS_19__map_value_compareIS7_SB_NS_4lessIS7_EELb1EEENS5_ISB_EEE30__emplace_hint_unique_key_argsIS7_JRKNS_4pairIKS7_SA_EEEEENS_15__tree_iteratorISB_PNS_11__tree_nodeISB_PvEElEENS_21__tree_const_iteratorISB_SS_lEERKT_DpOT0_	__emplace_hint_unique_key_args<std::__ndk1::basic_string<char,std::__ndk1::char_traits<char>,std::__ndk1::allocator<char>>,std::__ndk1::pair<std::__ndk1::basic_string<char,std::__ndk1::char_traits<char>,std::__ndk1::allocator<char>>const,Walaber::Sprite*>const&>
0x33e12c	.text	_ZNSt6__ndk16__treeINS_12__value_typeINS_12basic_stringIcNS_11char_traitsIcEENS_9allocatorIcEEEEPN7Walaber6SpriteEEENS_19__map_value_compareIS7_SB_NS_4lessIS7_EELb1EEENS5_ISB_EEE12__find_equalIS7_EERPNS_16__tree_node_baseIPvEENS_21__tree_const_iteratorISB_PNS_11__tree_nodeISB_SK_EElEERPNS_15__tree_end_nodeISM_EESN_RKT_	__find_equal<std::__ndk1::basic_string<char,std::__ndk1::char_traits<char>,std::__ndk1::allocator<char>>>
0x33e418	.text	_ZNSt6__ndk16__treeINS_12__value_typeINS_12basic_stringIcNS_11char_traitsIcEENS_9allocatorIcEEEEPN7Walaber6SpriteEEENS_19__map_value_compareIS7_SB_NS_4lessIS7_EELb1EEENS5_ISB_EEE16__construct_nodeIJRKNS_4pairIKS7_SA_EEEEENS_10unique_ptrINS_11__tree_nodeISB_PvEENS_22__tree_node_destructorINS5_ISR_EEEEEEDpOT_	__construct_node<std::__ndk1::pair<std::__ndk1::basic_string<char,std::__ndk1::char_traits<char>,std::__ndk1::allocator<char>>const,Walaber::Sprite*>const&>
0x33e48c	.text	_ZNSt6__ndk16__treeINS_12__value_typeINS_12basic_stringIcNS_11char_traitsIcEENS_9allocatorIcEEEEPN7Walaber6SpriteEEENS_19__map_value_compareIS7_SB_NS_4lessIS7_EELb1EEENS5_ISB_EEE16__insert_node_atEPNS_15__tree_end_nodeIPNS_16__tree_node_baseIPvEEEERSM_SM_	
0x33e4e0	.text	_ZNSt6__ndk16__treeINS_12__value_typeINS_12basic_stringIcNS_11char_traitsIcEENS_9allocatorIcEEEEPN7Walaber6SpriteEEENS_19__map_value_compareIS7_SB_NS_4lessIS7_EELb1EEENS5_ISB_EEE12__find_equalIS7_EERPNS_16__tree_node_baseIPvEERPNS_15__tree_end_nodeISM_EERKT_	__find_equal<std::__ndk1::basic_string<char,std::__ndk1::char_traits<char>,std::__ndk1::allocator<char>>>
0x33e60c	.text	_ZNSt6__ndk16__treeINS_12__value_typeINS_12basic_stringIcNS_11char_traitsIcEENS_9allocatorIcEEEEPN7Walaber4BoneEEENS_19__map_value_compareIS7_SB_NS_4lessIS7_EELb1EEENS5_ISB_EEE14__assign_multiINS_21__tree_const_iteratorISB_PNS_11__tree_nodeISB_PvEElEEEEvT_SP_	__assign_multi<std::__ndk1::__tree_const_iterator<std::__ndk1::__value_type<std::__ndk1::basic_string<char,std::__ndk1::char_traits<char>,std::__ndk1::allocator<char>>,Walaber::Bone*>,std::__ndk1::__tree_node<std::__ndk1::__value_type<std::__ndk1::basic_string<char,std::__ndk1::char_traits<char>,std::__ndk1::allocator<char>>,Walaber::Bone*>,void*>*,long>>
0x33e814	.text	_ZNSt6__ndk16__treeINS_12__value_typeINS_12basic_stringIcNS_11char_traitsIcEENS_9allocatorIcEEEEPN7Walaber4BoneEEENS_19__map_value_compareIS7_SB_NS_4lessIS7_EELb1EEENS5_ISB_EEE8__detachEPNS_11__tree_nodeISB_PvEE	
0x33e870	.text	_ZNSt6__ndk16__treeINS_12__value_typeINS_12basic_stringIcNS_11char_traitsIcEENS_9allocatorIcEEEEPN7Walaber4BoneEEENS_19__map_value_compareIS7_SB_NS_4lessIS7_EELb1EEENS5_ISB_EEE16__find_leaf_highERPNS_15__tree_end_nodeIPNS_16__tree_node_baseIPvEEEERKS7_	
0x33e944	.text	_ZNSt6__ndk16__treeINS_12__value_typeINS_12basic_stringIcNS_11char_traitsIcEENS_9allocatorIcEEEEPN7Walaber4BoneEEENS_19__map_value_compareIS7_SB_NS_4lessIS7_EELb1EEENS5_ISB_EEE15__emplace_multiIJRKNS_4pairIKS7_SA_EEEEENS_15__tree_iteratorISB_PNS_11__tree_nodeISB_PvEElEEDpOT_	__emplace_multi<std::__ndk1::pair<std::__ndk1::basic_string<char,std::__ndk1::char_traits<char>,std::__ndk1::allocator<char>>const,Walaber::Bone*>const&>
0x33e9f0	.text	_ZNSt6__ndk16__treeINS_12__value_typeINS_12basic_stringIcNS_11char_traitsIcEENS_9allocatorIcEEEEPN7Walaber6SpriteEEENS_19__map_value_compareIS7_SB_NS_4lessIS7_EELb1EEENS5_ISB_EEE14__assign_multiINS_21__tree_const_iteratorISB_PNS_11__tree_nodeISB_PvEElEEEEvT_SP_	__assign_multi<std::__ndk1::__tree_const_iterator<std::__ndk1::__value_type<std::__ndk1::basic_string<char,std::__ndk1::char_traits<char>,std::__ndk1::allocator<char>>,Walaber::Sprite*>,std::__ndk1::__tree_node<std::__ndk1::__value_type<std::__ndk1::basic_string<char,std::__ndk1::char_traits<char>,std::__ndk1::allocator<char>>,Walaber::Sprite*>,void*>*,long>>
0x33ebf8	.text	_ZNSt6__ndk16__treeINS_12__value_typeINS_12basic_stringIcNS_11char_traitsIcEENS_9allocatorIcEEEEPN7Walaber6SpriteEEENS_19__map_value_compareIS7_SB_NS_4lessIS7_EELb1EEENS5_ISB_EEE8__detachEPNS_11__tree_nodeISB_PvEE	
0x33ec54	.text	_ZNSt6__ndk16__treeINS_12__value_typeINS_12basic_stringIcNS_11char_traitsIcEENS_9allocatorIcEEEEPN7Walaber6SpriteEEENS_19__map_value_compareIS7_SB_NS_4lessIS7_EELb1EEENS5_ISB_EEE16__find_leaf_highERPNS_15__tree_end_nodeIPNS_16__tree_node_baseIPvEEEERKS7_	
0x33ed28	.text	_ZNSt6__ndk16__treeINS_12__value_typeINS_12basic_stringIcNS_11char_traitsIcEENS_9allocatorIcEEEEPN7Walaber6SpriteEEENS_19__map_value_compareIS7_SB_NS_4lessIS7_EELb1EEENS5_ISB_EEE15__emplace_multiIJRKNS_4pairIKS7_SA_EEEEENS_15__tree_iteratorISB_PNS_11__tree_nodeISB_PvEElEEDpOT_	__emplace_multi<std::__ndk1::pair<std::__ndk1::basic_string<char,std::__ndk1::char_traits<char>,std::__ndk1::allocator<char>>const,Walaber::Sprite*>const&>
0x33edd4	.text	_ZNSt6__ndk16__treeINS_12__value_typeINS_12basic_stringIcNS_11char_traitsIcEENS_9allocatorIcEEEEPN7Walaber6SpriteEEENS_19__map_value_compareIS7_SB_NS_4lessIS7_EELb1EEENS5_ISB_EEE4findIS7_EENS_15__tree_iteratorISB_PNS_11__tree_nodeISB_PvEElEERKT_	find<std::__ndk1::basic_string<char,std::__ndk1::char_traits<char>,std::__ndk1::allocator<char>>>
0x33ee8c	.text	_ZNSt6__ndk16__treeINS_12__value_typeINS_12basic_stringIcNS_11char_traitsIcEENS_9allocatorIcEEEEPN7Walaber6SpriteEEENS_19__map_value_compareIS7_SB_NS_4lessIS7_EELb1EEENS5_ISB_EEE13__lower_boundIS7_EENS_15__tree_iteratorISB_PNS_11__tree_nodeISB_PvEElEERKT_SN_PNS_15__tree_end_nodeIPNS_16__tree_node_baseISL_EEEE	__lower_bound<std::__ndk1::basic_string<char,std::__ndk1::char_traits<char>,std::__ndk1::allocator<char>>>
0x33ef3c	.text	_ZNSt6__ndk16__treeINS_12__value_typeINS_12basic_stringIcNS_11char_traitsIcEENS_9allocatorIcEEEEPN7Walaber6SpriteEEENS_19__map_value_compareIS7_SB_NS_4lessIS7_EELb1EEENS5_ISB_EEE25__emplace_unique_key_argsIS7_JRKNS_21piecewise_construct_tENS_5tupleIJOS7_EEENSM_IJEEEEEENS_4pairINS_15__tree_iteratorISB_PNS_11__tree_nodeISB_PvEElEEbEERKT_DpOT0_	__emplace_unique_key_args<std::__ndk1::basic_string<char,std::__ndk1::char_traits<char>,std::__ndk1::allocator<char>>,std::__ndk1::piecewise_construct_t_const&,std::__ndk1::tuple<std::__ndk1::basic_string<char,std::__ndk1::char_traits<char>,std::__ndk1::allocator<char>>&&>,std::__ndk1::tuple<>>
0x33effc	.text	_ZNSt6__ndk16__treeINS_12__value_typeIiPN7Walaber6SpriteEEENS_19__map_value_compareIiS5_NS_4lessIiEELb1EEENS_9allocatorIS5_EEE25__emplace_unique_key_argsIiJRKNS_21piecewise_construct_tENS_5tupleIJRKiEEENSH_IJEEEEEENS_4pairINS_15__tree_iteratorIS5_PNS_11__tree_nodeIS5_PvEElEEbEERKT_DpOT0_	__emplace_unique_key_args<int,std::__ndk1::piecewise_construct_t_const&,std::__ndk1::tuple<int_const&>,std::__ndk1::tuple<>>
0x33f0d0	.text	_ZNSt6__ndk16__treeINS_12__value_typeIiPN7Walaber6SpriteEEENS_19__map_value_compareIiS5_NS_4lessIiEELb1EEENS_9allocatorIS5_EEE16__insert_node_atEPNS_15__tree_end_nodeIPNS_16__tree_node_baseIPvEEEERSH_SH_	
0x33f124	.text	_ZNSt6__ndk16__treeINS_12__value_typeIPN7Walaber4BoneENS2_8Skeleton13BoneLocalDataEEENS_19__map_value_compareIS4_S7_NS_4lessIS4_EELb1EEENS_9allocatorIS7_EEE25__emplace_unique_key_argsIS4_JRKNS_21piecewise_construct_tENS_5tupleIJRKS4_EEENSJ_IJEEEEEENS_4pairINS_15__tree_iteratorIS7_PNS_11__tree_nodeIS7_PvEElEEbEERKT_DpOT0_	__emplace_unique_key_args<Walaber::Bone*,std::__ndk1::piecewise_construct_t_const&,std::__ndk1::tuple<Walaber::Bone*const&>,std::__ndk1::tuple<>>
0x33f1fc	.text	_ZNSt6__ndk16__treeINS_12__value_typeIPN7Walaber4BoneENS2_8Skeleton13BoneLocalDataEEENS_19__map_value_compareIS4_S7_NS_4lessIS4_EELb1EEENS_9allocatorIS7_EEE16__insert_node_atEPNS_15__tree_end_nodeIPNS_16__tree_node_baseIPvEEEERSJ_SJ_	
0x33f250	.text	_ZNSt6__ndk16__treeINS_12__value_typeINS_12basic_stringIcNS_11char_traitsIcEENS_9allocatorIcEEEEPN7Walaber4BoneEEENS_19__map_value_compareIS7_SB_NS_4lessIS7_EELb1EEENS5_ISB_EEE4findIS7_EENS_15__tree_iteratorISB_PNS_11__tree_nodeISB_PvEElEERKT_	find<std::__ndk1::basic_string<char,std::__ndk1::char_traits<char>,std::__ndk1::allocator<char>>>
0x33f308	.text	_ZNSt6__ndk16__treeINS_12__value_typeINS_12basic_stringIcNS_11char_traitsIcEENS_9allocatorIcEEEEPN7Walaber4BoneEEENS_19__map_value_compareIS7_SB_NS_4lessIS7_EELb1EEENS5_ISB_EEE13__lower_boundIS7_EENS_15__tree_iteratorISB_PNS_11__tree_nodeISB_PvEElEERKT_SN_PNS_15__tree_end_nodeIPNS_16__tree_node_baseISL_EEEE	__lower_bound<std::__ndk1::basic_string<char,std::__ndk1::char_traits<char>,std::__ndk1::allocator<char>>>
0x33f3b8	.text	_ZNSt6__ndk16__treeINS_12__value_typeINS_12basic_stringIcNS_11char_traitsIcEENS_9allocatorIcEEEEPN7Walaber4BoneEEENS_19__map_value_compareIS7_SB_NS_4lessIS7_EELb1EEENS5_ISB_EEE25__emplace_unique_key_argsIS7_JRKNS_21piecewise_construct_tENS_5tupleIJOS7_EEENSM_IJEEEEEENS_4pairINS_15__tree_iteratorISB_PNS_11__tree_nodeISB_PvEElEEbEERKT_DpOT0_	
0x33f478	.text	_ZN7Walaber14MemberCallbackINS_8SkeletonEED0Ev	
0x33f47c	.text	_ZN7Walaber14MemberCallbackINS_8SkeletonEE6invokeEPv	
0x33f4ac	.text	_ZNSt6__ndk15dequeIPN7Walaber4NodeENS_9allocatorIS3_EEE9push_backEOS3_	
0x33f524	.text	_ZNSt6__ndk15dequeIPN7Walaber4NodeENS_9allocatorIS3_EEE19__add_back_capacityEv	
0x33f8a4	.text	_ZNSt6__ndk114__split_bufferIPPN7Walaber4NodeENS_9allocatorIS4_EEE9push_backEOS4_	
0x33fa24	.text	_ZNSt6__ndk114__split_bufferIPPN7Walaber4NodeENS_9allocatorIS4_EEE10push_frontEOS4_	
0x33fbac	.text	_ZNSt6__ndk114__split_bufferIPPN7Walaber4NodeERNS_9allocatorIS4_EEEC2EmmS7_	
0x33fc5c	.text	_ZNSt6__ndk114__split_bufferIPPN7Walaber4NodeERNS_9allocatorIS4_EEE9push_backEOS4_	
0x33fddc	.text	_ZNSt6__ndk114__split_bufferIPPN7Walaber4NodeERNS_9allocatorIS4_EEE10push_frontERKS4_	
0x33ff64	.text	_ZNSt6__ndk15dequeIPN7Walaber4NodeENS_9allocatorIS3_EEE8pop_backEv	
0x33ffc4	.text	_ZN7Walaber13SkeletonActorC1Ev	
0x3400a0	.text	_ZNSt6__ndk13mapINS_12basic_stringIcNS_11char_traitsIcEENS_9allocatorIcEEEEPN7Walaber13SkeletonActor4PropENS_4lessIS6_EENS4_INS_4pairIKS6_SA_EEEEED2Ev	
0x3400a8	.text	_ZN7Walaber13SkeletonActorD2Ev	
0x340490	.text	_ZN7Walaber13SkeletonActor12loadSkeletonERKNSt6__ndk112basic_stringIcNS1_11char_traitsIcEENS1_9allocatorIcEEEES9_	
0x3405e4	.text	_ZN7Walaber13SkeletonActor15_skeletonLoadedEPv	
0x340754	.text	_ZN7Walaber9SharedPtrINS_14MemberCallbackINS_13SkeletonActorEEEED2Ev	
0x3407ac	.text	_ZN7Walaber13SkeletonActor37loadSkeletonWithAnimationDescriptionsERKNSt6__ndk112basic_stringIcNS1_11char_traitsIcEENS1_9allocatorIcEEEES9_S9_	
0x340914	.text	_ZN7Walaber13SkeletonActor24_clearAnimationGroupDataEv	
0x340b44	.text	_ZN7Walaber13SkeletonActor14_xmlFileLoadedEPv	
0x344798	.text	_ZN7Walaber13SkeletonActor4initERKNS_7Vector2ERKNSt6__ndk112basic_stringIcNS4_11char_traitsIcEENS4_9allocatorIcEEEES3_b	
0x344878	.text	_ZN7Walaber13SkeletonActor4initERKNS_7Vector2EjS3_b	
0x344aa8	.text	_ZN7Walaber13SkeletonActor6updateEf	
0x344c40	.text	_ZN7Walaber13SkeletonActor8setColorERKNS_5ColorE	
0x344c48	.text	_ZN7Walaber13SkeletonActor4drawEPNS_11SpriteBatchEbb	
0x344d90	.text	_ZN7Walaber13SkeletonActor9drawPropsEPNS_11SpriteBatchE	
0x344ea8	.text	_ZN7Walaber13SkeletonActor13playAnimationENSt6__ndk112basic_stringIcNS1_11char_traitsIcEENS1_9allocatorIcEEEEfNS_21AnimationPlaybackModeEib	
0x344f50	.text	_ZN7Walaber13SkeletonActor14_playAnimationEiNS0_19AnimationSoundStateEfNS_21AnimationPlaybackModeEib	
0x345070	.text	_ZN7Walaber13SkeletonActor13playAnimationENSt6__ndk112basic_stringIcNS1_11char_traitsIcEENS1_9allocatorIcEEEENS0_19AnimationSoundStateEfNS_21AnimationPlaybackModeEib	
0x34511c	.text	_ZN7Walaber13SkeletonActor37getArmatureAnimationForActorAnimationENSt6__ndk112basic_stringIcNS1_11char_traitsIcEENS1_9allocatorIcEEEE	
0x34518c	.text	_ZN7Walaber13SkeletonActor19_clearNonScenePropsEv	
0x34526c	.text	_ZN7Walaber13SkeletonActor22playAnimationFromGroupENSt6__ndk112basic_stringIcNS1_11char_traitsIcEENS1_9allocatorIcEEEENS_21AnimationPlaybackModeEib	
0x345304	.text	_ZN7Walaber13SkeletonActor23_playAnimationFromGroupEiNS0_19AnimationSoundStateENS_21AnimationPlaybackModeEib	
0x3454d8	.text	_ZN7Walaber13SkeletonActor22playAnimationFromGroupENSt6__ndk112basic_stringIcNS1_11char_traitsIcEENS1_9allocatorIcEEEENS0_19AnimationSoundStateENS_21AnimationPlaybackModeEib	
0x345574	.text	_ZN7Walaber13SkeletonActor24isAnimationMemberOfGroupERKNSt6__ndk112basic_stringIcNS1_11char_traitsIcEENS1_9allocatorIcEEEES9_	
0x3455ec	.text	_ZN7Walaber13SkeletonActor31isCurrentAnimationMemberOfGroupERKNSt6__ndk112basic_stringIcNS1_11char_traitsIcEENS1_9allocatorIcEEEE	
0x34567c	.text	_ZN7Walaber13SkeletonActor11setPositionENS_7Vector2E	
0x345698	.text	_ZN7Walaber13SkeletonActor8setAngleEf	
0x3456f8	.text	_ZN7Walaber13SkeletonActor23_animationEventCallbackEPv	
0x345a80	.text	_ZN7Walaber16AnimationManager21registerEventCallbackEPvNS_9SharedPtrINS_8CallbackEEE	
0x345af8	.text	_ZN7Walaber11XMLDocument8IteratorppEv	
0x345b50	.text	_ZN7Walaber11XMLDocument8Iterator11getNodeNameEv	
0x345bec	.text	_ZN7Walaber9SharedPtrINS_13SkeletonActor15EventActionDataEED2Ev	
0x345c44	.text	_ZN7Walaber13SkeletonActor23eventActionPtrPredicateENS_9SharedPtrINS0_15EventActionDataEEES3_	
0x345c60	.text	_ZN7Walaber11XMLDocument13NamedIteratorppEv	
0x345ccc	.text	_ZN7Walaber15ParticleEmitter14addEmitterZoneERKNS0_11EmitterZoneE	
0x345d10	.text	_ZN7Walaber13SkeletonActor22_getAnimationNameIndexERKNSt6__ndk112basic_stringIcNS1_11char_traitsIcEENS1_9allocatorIcEEEE	
0x345e08	.text	_ZN7Walaber13SkeletonActor14_doEventActionENS_9SharedPtrINS0_15EventActionDataEEE	
0x346624	.text	_ZN7Walaber13SkeletonActor12_soundLoadedEPv	
0x3468dc	.text	_ZN7Walaber13SkeletonActor13_gotSoundFileEPv	
0x346be4	.text	_ZN7Walaber13SkeletonActor11pauseSoundsEv	
0x346c44	.text	_ZN7Walaber13SkeletonActor12resumeSoundsEv	
0x346ca4	.text	_ZN7Walaber13SkeletonActor13stopAllSoundsEv	
0x346d2c	.text	_ZNSt6__ndk16__treeINS_12__value_typeINS_12basic_stringIcNS_11char_traitsIcEENS_9allocatorIcEEEEPN7Walaber13SkeletonActor4PropEEENS_19__map_value_compareIS7_SC_NS_4lessIS7_EELb1EEENS5_ISC_EEE7destroyEPNS_11__tree_nodeISC_PvEE	
0x346d7c	.text	_ZNSt6__ndk16__treeINS_12__value_typeIPvN7Walaber9SharedPtrINS3_8CallbackEEEEENS_19__map_value_compareIS2_S7_NS_4lessIS2_EELb1EEENS_9allocatorIS7_EEE14__erase_uniqueIS2_EEmRKT_	
0x346ddc	.text	_ZNSt6__ndk16__treeINS_12__value_typeIPvN7Walaber9SharedPtrINS3_8CallbackEEEEENS_19__map_value_compareIS2_S7_NS_4lessIS2_EELb1EEENS_9allocatorIS7_EEE5eraseENS_21__tree_const_iteratorIS7_PNS_11__tree_nodeIS7_S2_EElEE	
0x346e78	.text	_ZNSt6__ndk16__treeINS_12__value_typeIiNS_6vectorIN7Walaber13SkeletonActor18AnimationGroupDataENS_9allocatorIS5_EEEEEENS_19__map_value_compareIiS9_NS_4lessIiEELb1EEENS6_IS9_EEE7destroyEPNS_11__tree_nodeIS9_PvEE	
0x346ec8	.text	_ZNSt6__ndk16__treeINS_12__value_typeIiNS_6vectorINS_12basic_stringIcNS_11char_traitsIcEENS_9allocatorIcEEEENS6_IS8_EEEEEENS_19__map_value_compareIiSB_NS_4lessIiEELb1EEENS6_ISB_EEE7destroyEPNS_11__tree_nodeISB_PvEE	
0x346f10	.text	_ZNSt6__ndk16__treeINS_12__value_typeINS_12basic_stringIcNS_11char_traitsIcEENS_9allocatorIcEEEEN7Walaber13SkeletonActor13AnimationDataEEENS_19__map_value_compareIS7_SB_NS_4lessIS7_EELb1EEENS5_ISB_EEE7destroyEPNS_11__tree_nodeISB_PvEE	
0x346f6c	.text	_ZNSt6__ndk16__treeINS_12__value_typeIN7Walaber18AnimationEventTypeENS_6vectorINS2_9SharedPtrINS2_13SkeletonActor15EventActionDataEEENS_9allocatorIS8_EEEEEENS_19__map_value_compareIS3_SC_NS_4lessIS3_EELb1EEENS9_ISC_EEE7destroyEPNS_11__tree_nodeISC_PvEE	
0x346fb4	.text	_ZNSt6__ndk16__treeINS_12__value_typeINS_12basic_stringIcNS_11char_traitsIcEENS_9allocatorIcEEEEjEENS_19__map_value_compareIS7_S8_NS_4lessIS7_EELb1EEENS5_IS8_EEE7destroyEPNS_11__tree_nodeIS8_PvEE	
0x347004	.text	_ZNSt6__ndk16__treeINS_12__value_typeINS_12basic_stringIcNS_11char_traitsIcEENS_9allocatorIcEEEEiEENS_19__map_value_compareIS7_S8_NS_4lessIS7_EELb1EEENS5_IS8_EEE7destroyEPNS_11__tree_nodeIS8_PvEE	
0x347054	.text	_ZNSt6__ndk16__treeINS_12__value_typeIiNS_12basic_stringIcNS_11char_traitsIcEENS_9allocatorIcEEEEEENS_19__map_value_compareIiS8_NS_4lessIiEELb1EEENS5_IS8_EEE7destroyEPNS_11__tree_nodeIS8_PvEE	
0x3470a4	.text	_ZNSt6__ndk16__treeINS_12__value_typeIPvN7Walaber9SharedPtrINS3_8CallbackEEEEENS_19__map_value_compareIS2_S7_NS_4lessIS2_EELb1EEENS_9allocatorIS7_EEE25__emplace_unique_key_argsIS2_JRKNS_21piecewise_construct_tENS_5tupleIJRKS2_EEENSJ_IJEEEEEENS_4pairINS_15__tree_iteratorIS7_PNS_11__tree_nodeIS7_S2_EElEEbEERKT_DpOT0_	__emplace_unique_key_args<void*,std::__ndk1::piecewise_construct_t_const&,std::__ndk1::tuple<void*const&>,std::__ndk1::tuple<>>
0x347178	.text	_ZNSt6__ndk16__treeINS_12__value_typeIPvN7Walaber9SharedPtrINS3_8CallbackEEEEENS_19__map_value_compareIS2_S7_NS_4lessIS2_EELb1EEENS_9allocatorIS7_EEE16__insert_node_atEPNS_15__tree_end_nodeIPNS_16__tree_node_baseIS2_EEEERSI_SI_	
0x3471cc	.text	_ZN7Walaber3XML7getNodeEP8_xmlNodeRKNSt6__ndk112basic_stringIcNS3_11char_traitsIcEENS3_9allocatorIcEEEE	
0x3472ec	.text	_ZNSt6__ndk114__split_bufferIPP8_xmlNodeNS_9allocatorIS3_EEED2Ev	
0x347320	.text	_ZNSt6__ndk15dequeIP8_xmlNodeNS_9allocatorIS2_EEE9push_backERKS2_	
0x347398	.text	_ZNSt6__ndk15dequeIP8_xmlNodeNS_9allocatorIS2_EEE19__add_back_capacityEv	
0x347718	.text	_ZNSt6__ndk114__split_bufferIPP8_xmlNodeNS_9allocatorIS3_EEE9push_backEOS3_	
0x347898	.text	_ZNSt6__ndk114__split_bufferIPP8_xmlNodeNS_9allocatorIS3_EEE10push_frontEOS3_	
0x347a20	.text	_ZNSt6__ndk114__split_bufferIPP8_xmlNodeRNS_9allocatorIS3_EEEC2EmmS6_	
0x347ad0	.text	_ZNSt6__ndk114__split_bufferIPP8_xmlNodeRNS_9allocatorIS3_EEE9push_backEOS3_	
0x347c50	.text	_ZNSt6__ndk114__split_bufferIPP8_xmlNodeRNS_9allocatorIS3_EEE10push_frontERKS3_	
0x347dd8	.text	_ZNSt6__ndk15dequeIP8_xmlNodeNS_9allocatorIS2_EEE8pop_backEv	
0x347e38	.text	_ZNSt6__ndk112__deque_baseIP8_xmlNodeNS_9allocatorIS2_EEED2Ev	
0x347e80	.text	_ZNSt6__ndk112__deque_baseIP8_xmlNodeNS_9allocatorIS2_EEE5clearEv	
0x347f64	.text	_ZNSt6__ndk16__treeINS_12__value_typeIiNS_6vectorIN7Walaber13SkeletonActor21AnimationGroupDataAuxENS_9allocatorIS5_EEEEEENS_19__map_value_compareIiS9_NS_4lessIiEELb1EEENS6_IS9_EEE7destroyEPNS_11__tree_nodeIS9_PvEE	
0x347fac	.text	_ZNSt6__ndk113__vector_baseIN7Walaber13SkeletonActor21AnimationGroupDataAuxENS_9allocatorIS3_EEED2Ev	
0x348024	.text	_ZN7Walaber13SkeletonActor15SoundActionDataD2Ev	
0x348048	.text	_ZN7Walaber13SkeletonActor15SoundActionDataD0Ev	
0x348088	.text	_ZN7Walaber13SkeletonActor15EventActionDataD2Ev	
0x34808c	.text	_ZN7Walaber13SkeletonActor14PropActionDataD2Ev	
0x3480e0	.text	_ZN7Walaber13SkeletonActor14PropActionDataD0Ev	
0x348130	.text	_ZN7Walaber13SkeletonActor19AnimationActionDataD2Ev	
0x348154	.text	_ZN7Walaber13SkeletonActor19AnimationActionDataD0Ev	
0x348194	.text	_ZN7Walaber13SkeletonActor17EmitterActionDataD0Ev	
0x348198	.text	_ZNSt6__ndk16vectorIN7Walaber15ParticleEmitter11EmitterZoneENS_9allocatorIS3_EEE21__push_back_slow_pathIRKS3_EEvOT_	__push_back_slow_path<Walaber::ParticleEmitter::EmitterZone_const&>
0x348350	.text	_ZNSt6__ndk114__split_bufferIN7Walaber15ParticleEmitter11EmitterZoneERNS_9allocatorIS3_EEEC2EmmS6_	
0x348418	.text	_ZNSt6__ndk16vectorIN7Walaber15ParticleEmitter11EmitterZoneENS_9allocatorIS3_EEE26__swap_out_circular_bufferERNS_14__split_bufferIS3_RS5_EE	
0x34849c	.text	_ZNSt6__ndk16__treeINS_12__value_typeINS_12basic_stringIcNS_11char_traitsIcEENS_9allocatorIcEEEEPN7Walaber13SkeletonActor4PropEEENS_19__map_value_compareIS7_SC_NS_4lessIS7_EELb1EEENS5_ISC_EEE4findIS7_EENS_15__tree_iteratorISC_PNS_11__tree_nodeISC_PvEElEERKT_	find<std::__ndk1::basic_string<char,std::__ndk1::char_traits<char>,std::__ndk1::allocator<char>>>
0x348554	.text	_ZNSt6__ndk16__treeINS_12__value_typeINS_12basic_stringIcNS_11char_traitsIcEENS_9allocatorIcEEEEPN7Walaber13SkeletonActor4PropEEENS_19__map_value_compareIS7_SC_NS_4lessIS7_EELb1EEENS5_ISC_EEE13__lower_boundIS7_EENS_15__tree_iteratorISC_PNS_11__tree_nodeISC_PvEElEERKT_SO_PNS_15__tree_end_nodeIPNS_16__tree_node_baseISM_EEEE	__lower_bound<std::__ndk1::basic_string<char,std::__ndk1::char_traits<char>,std::__ndk1::allocator<char>>>
0x348604	.text	_ZNSt6__ndk16__treeINS_12__value_typeINS_12basic_stringIcNS_11char_traitsIcEENS_9allocatorIcEEEEiEENS_19__map_value_compareIS7_S8_NS_4lessIS7_EELb1EEENS5_IS8_EEE4findIS7_EENS_15__tree_iteratorIS8_PNS_11__tree_nodeIS8_PvEElEERKT_	find<std::__ndk1::basic_string<char,std::__ndk1::char_traits<char>,std::__ndk1::allocator<char>>>
0x3486bc	.text	_ZNSt6__ndk16__treeINS_12__value_typeINS_12basic_stringIcNS_11char_traitsIcEENS_9allocatorIcEEEEiEENS_19__map_value_compareIS7_S8_NS_4lessIS7_EELb1EEENS5_IS8_EEE13__lower_boundIS7_EENS_15__tree_iteratorIS8_PNS_11__tree_nodeIS8_PvEElEERKT_SK_PNS_15__tree_end_nodeIPNS_16__tree_node_baseISI_EEEE	__lower_bound<std::__ndk1::basic_string<char,std::__ndk1::char_traits<char>,std::__ndk1::allocator<char>>>
0x34876c	.text	_ZNSt6__ndk113__vector_baseIN7Walaber9SharedPtrINS1_19SoundEffectInstanceEEENS_9allocatorIS4_EEED2Ev	
0x3487d8	.text	_ZN7Walaber9SharedPtrINS_19SoundEffectInstanceEED2Ev	
0x348830	.text	_ZN7Walaber14MemberCallbackINS_13SkeletonActorEED0Ev	
0x348834	.text	_ZN7Walaber14MemberCallbackINS_13SkeletonActorEE6invokeEPv	
0x348864	.text	_ZNSt6__ndk16__treeINS_12__value_typeINS_12basic_stringIcNS_11char_traitsIcEENS_9allocatorIcEEEEjEENS_19__map_value_compareIS7_S8_NS_4lessIS7_EELb1EEENS5_IS8_EEE4findIS7_EENS_15__tree_iteratorIS8_PNS_11__tree_nodeIS8_PvEElEERKT_	find<std::__ndk1::basic_string<char,std::__ndk1::char_traits<char>,std::__ndk1::allocator<char>>>
0x34891c	.text	_ZNSt6__ndk16__treeINS_12__value_typeINS_12basic_stringIcNS_11char_traitsIcEENS_9allocatorIcEEEEjEENS_19__map_value_compareIS7_S8_NS_4lessIS7_EELb1EEENS5_IS8_EEE13__lower_boundIS7_EENS_15__tree_iteratorIS8_PNS_11__tree_nodeIS8_PvEElEERKT_SK_PNS_15__tree_end_nodeIPNS_16__tree_node_baseISI_EEEE	__lower_bound<std::__ndk1::basic_string<char,std::__ndk1::char_traits<char>,std::__ndk1::allocator<char>>>
0x3489cc	.text	_ZNSt6__ndk16__treeINS_12__value_typeINS_12basic_stringIcNS_11char_traitsIcEENS_9allocatorIcEEEEPN7Walaber13SkeletonActor4PropEEENS_19__map_value_compareIS7_SC_NS_4lessIS7_EELb1EEENS5_ISC_EEE25__emplace_unique_key_argsIS7_JNS_4pairIS7_SB_EEEEENSK_INS_15__tree_iteratorISC_PNS_11__tree_nodeISC_PvEElEEbEERKT_DpOT0_	__emplace_unique_key_args<std::__ndk1::basic_string<char,std::__ndk1::char_traits<char>,std::__ndk1::allocator<char>>,std::__ndk1::pair<std::__ndk1::basic_string<char,std::__ndk1::char_traits<char>,std::__ndk1::allocator<char>>,Walaber::SkeletonActor::Prop*>>
0x348a8c	.text	_ZNSt6__ndk16__treeINS_12__value_typeINS_12basic_stringIcNS_11char_traitsIcEENS_9allocatorIcEEEEPN7Walaber13SkeletonActor4PropEEENS_19__map_value_compareIS7_SC_NS_4lessIS7_EELb1EEENS5_ISC_EEE12__find_equalIS7_EERPNS_16__tree_node_baseIPvEERPNS_15__tree_end_nodeISN_EERKT_	__find_equal<std::__ndk1::basic_string<char,std::__ndk1::char_traits<char>,std::__ndk1::allocator<char>>>
0x348bb8	.text	_ZNSt6__ndk16__treeINS_12__value_typeINS_12basic_stringIcNS_11char_traitsIcEENS_9allocatorIcEEEEPN7Walaber13SkeletonActor4PropEEENS_19__map_value_compareIS7_SC_NS_4lessIS7_EELb1EEENS5_ISC_EEE16__insert_node_atEPNS_15__tree_end_nodeIPNS_16__tree_node_baseIPvEEEERSN_SN_	
0x348c0c	.text	_ZN7Walaber9SharedPtrINS_19SoundEffectInstanceEEaSERKS2_	
0x348c90	.text	_ZNSt6__ndk16__treeINS_12__value_typeINS_12basic_stringIcNS_11char_traitsIcEENS_9allocatorIcEEEEiEENS_19__map_value_compareIS7_S8_NS_4lessIS7_EELb1EEENS5_IS8_EEE25__emplace_unique_key_argsIS7_JRKNS_21piecewise_construct_tENS_5tupleIJRKS7_EEENSJ_IJEEEEEENS_4pairINS_15__tree_iteratorIS8_PNS_11__tree_nodeIS8_PvEElEEbEERKT_DpOT0_	__emplace_unique_key_args<std::__ndk1::basic_string<char,std::__ndk1::char_traits<char>,std::__ndk1::allocator<char>>,std::__ndk1::piecewise_construct_t_const&,std::__ndk1::tuple<std::__ndk1::basic_string<char,std::__ndk1::char_traits<char>,std::__ndk1::allocator<char>>const&>,std::__ndk1::tuple<>>
0x348d40	.text	_ZNSt6__ndk16__treeINS_12__value_typeINS_12basic_stringIcNS_11char_traitsIcEENS_9allocatorIcEEEEiEENS_19__map_value_compareIS7_S8_NS_4lessIS7_EELb1EEENS5_IS8_EEE12__find_equalIS7_EERPNS_16__tree_node_baseIPvEERPNS_15__tree_end_nodeISJ_EERKT_	__find_equal<std::__ndk1::basic_string<char,std::__ndk1::char_traits<char>,std::__ndk1::allocator<char>>>
0x348e6c	.text	_ZNSt6__ndk16__treeINS_12__value_typeINS_12basic_stringIcNS_11char_traitsIcEENS_9allocatorIcEEEEiEENS_19__map_value_compareIS7_S8_NS_4lessIS7_EELb1EEENS5_IS8_EEE16__construct_nodeIJRKNS_21piecewise_construct_tENS_5tupleIJRKS7_EEENSJ_IJEEEEEENS_10unique_ptrINS_11__tree_nodeIS8_PvEENS_22__tree_node_destructorINS5_ISR_EEEEEEDpOT_	__construct_node<std::__ndk1::piecewise_construct_t_const&,std::__ndk1::tuple<std::__ndk1::basic_string<char,std::__ndk1::char_traits<char>,std::__ndk1::allocator<char>>const&>,std::__ndk1::tuple<>>
0x348edc	.text	_ZNSt6__ndk16__treeINS_12__value_typeINS_12basic_stringIcNS_11char_traitsIcEENS_9allocatorIcEEEEiEENS_19__map_value_compareIS7_S8_NS_4lessIS7_EELb1EEENS5_IS8_EEE16__insert_node_atEPNS_15__tree_end_nodeIPNS_16__tree_node_baseIPvEEEERSJ_SJ_	
0x348f30	.text	_ZNSt6__ndk16__treeINS_12__value_typeINS_12basic_stringIcNS_11char_traitsIcEENS_9allocatorIcEEEEN7Walaber13SkeletonActor13AnimationDataEEENS_19__map_value_compareIS7_SB_NS_4lessIS7_EELb1EEENS5_ISB_EEE25__emplace_unique_key_argsIS7_JRKNS_21piecewise_construct_tENS_5tupleIJRKS7_EEENSM_IJEEEEEENS_4pairINS_15__tree_iteratorISB_PNS_11__tree_nodeISB_PvEElEEbEERKT_DpOT0_	__emplace_unique_key_args<std::__ndk1::basic_string<char,std::__ndk1::char_traits<char>,std::__ndk1::allocator<char>>,std::__ndk1::piecewise_construct_t_const&,std::__ndk1::tuple<std::__ndk1::basic_string<char,std::__ndk1::char_traits<char>,std::__ndk1::allocator<char>>const&>,std::__ndk1::tuple<>>
0x348fe0	.text	_ZNSt6__ndk16__treeINS_12__value_typeINS_12basic_stringIcNS_11char_traitsIcEENS_9allocatorIcEEEEN7Walaber13SkeletonActor13AnimationDataEEENS_19__map_value_compareIS7_SB_NS_4lessIS7_EELb1EEENS5_ISB_EEE12__find_equalIS7_EERPNS_16__tree_node_baseIPvEERPNS_15__tree_end_nodeISM_EERKT_	__find_equal<std::__ndk1::basic_string<char,std::__ndk1::char_traits<char>,std::__ndk1::allocator<char>>>
0x34910c	.text	_ZNSt6__ndk16__treeINS_12__value_typeINS_12basic_stringIcNS_11char_traitsIcEENS_9allocatorIcEEEEN7Walaber13SkeletonActor13AnimationDataEEENS_19__map_value_compareIS7_SB_NS_4lessIS7_EELb1EEENS5_ISB_EEE16__construct_nodeIJRKNS_21piecewise_construct_tENS_5tupleIJRKS7_EEENSM_IJEEEEEENS_10unique_ptrINS_11__tree_nodeISB_PvEENS_22__tree_node_destructorINS5_ISU_EEEEEEDpOT_	__construct_node<std::__ndk1::piecewise_construct_t_const&,std::__ndk1::tuple<std::__ndk1::basic_string<char,std::__ndk1::char_traits<char>,std::__ndk1::allocator<char>>const&>,std::__ndk1::tuple<>>
0x349190	.text	_ZNSt6__ndk16__treeINS_12__value_typeINS_12basic_stringIcNS_11char_traitsIcEENS_9allocatorIcEEEEN7Walaber13SkeletonActor13AnimationDataEEENS_19__map_value_compareIS7_SB_NS_4lessIS7_EELb1EEENS5_ISB_EEE16__insert_node_atEPNS_15__tree_end_nodeIPNS_16__tree_node_baseIPvEEEERSM_SM_	
0x3491e4	.text	_ZNSt6__ndk16__treeINS_12__value_typeINS_12basic_stringIcNS_11char_traitsIcEENS_9allocatorIcEEEEN7Walaber13SkeletonActor13AnimationDataEEENS_19__map_value_compareIS7_SB_NS_4lessIS7_EELb1EEENS5_ISB_EEE4findIS7_EENS_15__tree_iteratorISB_PNS_11__tree_nodeISB_PvEElEERKT_	find<std::__ndk1::basic_string<char,std::__ndk1::char_traits<char>,std::__ndk1::allocator<char>>>
0x34929c	.text	_ZNSt6__ndk16__treeINS_12__value_typeINS_12basic_stringIcNS_11char_traitsIcEENS_9allocatorIcEEEEN7Walaber13SkeletonActor13AnimationDataEEENS_19__map_value_compareIS7_SB_NS_4lessIS7_EELb1EEENS5_ISB_EEE13__lower_boundIS7_EENS_15__tree_iteratorISB_PNS_11__tree_nodeISB_PvEElEERKT_SN_PNS_15__tree_end_nodeIPNS_16__tree_node_baseISL_EEEE	__lower_bound<std::__ndk1::basic_string<char,std::__ndk1::char_traits<char>,std::__ndk1::allocator<char>>>
0x34934c	.text	_ZNSt6__ndk16__treeINS_12__value_typeINS_12basic_stringIcNS_11char_traitsIcEENS_9allocatorIcEEEEjEENS_19__map_value_compareIS7_S8_NS_4lessIS7_EELb1EEENS5_IS8_EEE25__emplace_unique_key_argsIS7_JRKNS_21piecewise_construct_tENS_5tupleIJRKS7_EEENSJ_IJEEEEEENS_4pairINS_15__tree_iteratorIS8_PNS_11__tree_nodeIS8_PvEElEEbEERKT_DpOT0_	__emplace_unique_key_args<std::__ndk1::basic_string<char,std::__ndk1::char_traits<char>,std::__ndk1::allocator<char>>,std::__ndk1::piecewise_construct_t_const&,std::__ndk1::tuple<std::__ndk1::basic_string<char,std::__ndk1::char_traits<char>,std::__ndk1::allocator<char>>const&>,std::__ndk1::tuple<>>
0x3493fc	.text	_ZNSt6__ndk16__treeINS_12__value_typeINS_12basic_stringIcNS_11char_traitsIcEENS_9allocatorIcEEEEjEENS_19__map_value_compareIS7_S8_NS_4lessIS7_EELb1EEENS5_IS8_EEE12__find_equalIS7_EERPNS_16__tree_node_baseIPvEERPNS_15__tree_end_nodeISJ_EERKT_	__find_equal<std::__ndk1::basic_string<char,std::__ndk1::char_traits<char>,std::__ndk1::allocator<char>>>
0x349528	.text	_ZNSt6__ndk16__treeINS_12__value_typeINS_12basic_stringIcNS_11char_traitsIcEENS_9allocatorIcEEEEjEENS_19__map_value_compareIS7_S8_NS_4lessIS7_EELb1EEENS5_IS8_EEE16__construct_nodeIJRKNS_21piecewise_construct_tENS_5tupleIJRKS7_EEENSJ_IJEEEEEENS_10unique_ptrINS_11__tree_nodeIS8_PvEENS_22__tree_node_destructorINS5_ISR_EEEEEEDpOT_	__construct_node<std::__ndk1::piecewise_construct_t_const&,std::__ndk1::tuple<std::__ndk1::basic_string<char,std::__ndk1::char_traits<char>,std::__ndk1::allocator<char>>const&>,std::__ndk1::tuple<>>
0x349598	.text	_ZNSt6__ndk16__treeINS_12__value_typeINS_12basic_stringIcNS_11char_traitsIcEENS_9allocatorIcEEEEjEENS_19__map_value_compareIS7_S8_NS_4lessIS7_EELb1EEENS5_IS8_EEE16__insert_node_atEPNS_15__tree_end_nodeIPNS_16__tree_node_baseIPvEEEERSJ_SJ_	
0x3495ec	.text	_ZNSt6__ndk16__treeINS_12__value_typeIiNS_6vectorINS_12basic_stringIcNS_11char_traitsIcEENS_9allocatorIcEEEENS6_IS8_EEEEEENS_19__map_value_compareIiSB_NS_4lessIiEELb1EEENS6_ISB_EEE25__emplace_unique_key_argsIiJRKNS_21piecewise_construct_tENS_5tupleIJRKiEEENSM_IJEEEEEENS_4pairINS_15__tree_iteratorISB_PNS_11__tree_nodeISB_PvEElEEbEERKT_DpOT0_	__emplace_unique_key_args<int,std::__ndk1::piecewise_construct_t_const&,std::__ndk1::tuple<int_const&>,std::__ndk1::tuple<>>
0x3496c4	.text	_ZNSt6__ndk16__treeINS_12__value_typeIiNS_6vectorINS_12basic_stringIcNS_11char_traitsIcEENS_9allocatorIcEEEENS6_IS8_EEEEEENS_19__map_value_compareIiSB_NS_4lessIiEELb1EEENS6_ISB_EEE16__insert_node_atEPNS_15__tree_end_nodeIPNS_16__tree_node_baseIPvEEEERSM_SM_	
0x349718	.text	_ZNSt6__ndk16vectorINS_12basic_stringIcNS_11char_traitsIcEENS_9allocatorIcEEEENS4_IS6_EEE6assignIPS6_EENS_9enable_ifIXaasr21__is_forward_iteratorIT_EE5valuesr16is_constructibleIS6_NS_15iterator_traitsISC_E9referenceEEE5valueEvE4typeESC_SC_	assign<std::__ndk1::basic_string<char,std::__ndk1::char_traits<char>,std::__ndk1::allocator<char>>*>
0x3498c4	.text	_ZNSt6__ndk16__treeINS_12__value_typeIiNS_6vectorIN7Walaber13SkeletonActor21AnimationGroupDataAuxENS_9allocatorIS5_EEEEEENS_19__map_value_compareIiS9_NS_4lessIiEELb1EEENS6_IS9_EEE25__emplace_unique_key_argsIiJRKNS_21piecewise_construct_tENS_5tupleIJRKiEEENSK_IJEEEEEENS_4pairINS_15__tree_iteratorIS9_PNS_11__tree_nodeIS9_PvEElEEbEERKT_DpOT0_	__emplace_unique_key_args<int,std::__ndk1::piecewise_construct_t_const&,std::__ndk1::tuple<int_const&>,std::__ndk1::tuple<>>
0x34999c	.text	_ZNSt6__ndk16__treeINS_12__value_typeIiNS_6vectorIN7Walaber13SkeletonActor21AnimationGroupDataAuxENS_9allocatorIS5_EEEEEENS_19__map_value_compareIiS9_NS_4lessIiEELb1EEENS6_IS9_EEE16__insert_node_atEPNS_15__tree_end_nodeIPNS_16__tree_node_baseIPvEEEERSK_SK_	
0x3499f0	.text	_ZNSt6__ndk16vectorIN7Walaber13SkeletonActor21AnimationGroupDataAuxENS_9allocatorIS3_EEE21__push_back_slow_pathIS3_EEvOT_	__push_back_slow_path<Walaber::SkeletonActor::AnimationGroupDataAux>
0x349b70	.text	_ZNSt6__ndk114__split_bufferIN7Walaber13SkeletonActor21AnimationGroupDataAuxERNS_9allocatorIS3_EEEC2EmmS6_	
0x349c34	.text	_ZNSt6__ndk114__split_bufferIN7Walaber13SkeletonActor21AnimationGroupDataAuxERNS_9allocatorIS3_EEED2Ev	
0x349c98	.text	_ZNSt6__ndk16__treeINS_12__value_typeIiNS_6vectorIN7Walaber13SkeletonActor18AnimationGroupDataENS_9allocatorIS5_EEEEEENS_19__map_value_compareIiS9_NS_4lessIiEELb1EEENS6_IS9_EEE25__emplace_unique_key_argsIiJNS_4pairIiS8_EEEEENSH_INS_15__tree_iteratorIS9_PNS_11__tree_nodeIS9_PvEElEEbEERKT_DpOT0_	__emplace_unique_key_args<int,std::__ndk1::pair<int,std::__ndk1::vector<Walaber::SkeletonActor::AnimationGroupData,std::__ndk1::allocator<Walaber::SkeletonActor::AnimationGroupData>>>>
0x349d7c	.text	_ZNSt6__ndk16__treeINS_12__value_typeIiNS_6vectorIN7Walaber13SkeletonActor18AnimationGroupDataENS_9allocatorIS5_EEEEEENS_19__map_value_compareIiS9_NS_4lessIiEELb1EEENS6_IS9_EEE16__insert_node_atEPNS_15__tree_end_nodeIPNS_16__tree_node_baseIPvEEEERSK_SK_	
0x349dd0	.text	_ZNSt6__ndk16vectorIN7Walaber13SkeletonActor18AnimationGroupDataENS_9allocatorIS3_EEE21__push_back_slow_pathIS3_EEvOT_	__push_back_slow_path<Walaber::SkeletonActor::AnimationGroupData>
0x349ef8	.text	_ZNSt6__ndk114__split_bufferIN7Walaber13SkeletonActor18AnimationGroupDataERNS_9allocatorIS3_EEEC2EmmS6_	
0x349fa8	.text	_ZNSt6__ndk16__treeINS_12__value_typeIiNS_12basic_stringIcNS_11char_traitsIcEENS_9allocatorIcEEEEEENS_19__map_value_compareIiS8_NS_4lessIiEELb1EEENS5_IS8_EEE25__emplace_unique_key_argsIiJRKNS_21piecewise_construct_tENS_5tupleIJOiEEENSJ_IJEEEEEENS_4pairINS_15__tree_iteratorIS8_PNS_11__tree_nodeIS8_PvEElEEbEERKT_DpOT0_	__emplace_unique_key_args<int,std::__ndk1::piecewise_construct_t_const&,std::__ndk1::tuple<int&&>,std::__ndk1::tuple<>>
0x34a080	.text	_ZNSt6__ndk16__treeINS_12__value_typeIiNS_12basic_stringIcNS_11char_traitsIcEENS_9allocatorIcEEEEEENS_19__map_value_compareIiS8_NS_4lessIiEELb1EEENS5_IS8_EEE16__insert_node_atEPNS_15__tree_end_nodeIPNS_16__tree_node_baseIPvEEEERSJ_SJ_	
0x34a0d4	.text	_ZNSt6__ndk113__vector_baseIN7Walaber9SharedPtrINS1_13SkeletonActor15EventActionDataEEENS_9allocatorIS5_EEED2Ev	
0x34a140	.text	_ZNSt6__ndk16vectorIN7Walaber9SharedPtrINS1_13SkeletonActor15EventActionDataEEENS_9allocatorIS5_EEE21__push_back_slow_pathIS5_EEvOT_	__push_back_slow_path<Walaber::SharedPtr<Walaber::SkeletonActor::EventActionData>>
0x34a23c	.text	_ZNSt6__ndk114__split_bufferIN7Walaber9SharedPtrINS1_13SkeletonActor15EventActionDataEEERNS_9allocatorIS5_EEEC2EmmS8_	
0x34a2ec	.text	_ZNSt6__ndk16vectorIN7Walaber9SharedPtrINS1_13SkeletonActor15EventActionDataEEENS_9allocatorIS5_EEE26__swap_out_circular_bufferERNS_14__split_bufferIS5_RS7_EE	
0x34a370	.text	_ZNSt6__ndk114__split_bufferIN7Walaber9SharedPtrINS1_13SkeletonActor15EventActionDataEEERNS_9allocatorIS5_EEED2Ev	
0x34a3c0	.text	_ZNSt6__ndk16__treeINS_12__value_typeIN7Walaber18AnimationEventTypeENS_6vectorINS2_9SharedPtrINS2_13SkeletonActor15EventActionDataEEENS_9allocatorIS8_EEEEEENS_19__map_value_compareIS3_SC_NS_4lessIS3_EELb1EEENS9_ISC_EEE25__emplace_unique_key_argsIS3_JRKNS_21piecewise_construct_tENS_5tupleIJOS3_EEENSN_IJEEEEEENS_4pairINS_15__tree_iteratorISC_PNS_11__tree_nodeISC_PvEElEEbEERKT_DpOT0_	__emplace_unique_key_args<Walaber::AnimationEventType,std::__ndk1::piecewise_construct_t_const&,std::__ndk1::tuple<Walaber::AnimationEventType&&>,std::__ndk1::tuple<>>
0x34a498	.text	_ZNSt6__ndk16__treeINS_12__value_typeIN7Walaber18AnimationEventTypeENS_6vectorINS2_9SharedPtrINS2_13SkeletonActor15EventActionDataEEENS_9allocatorIS8_EEEEEENS_19__map_value_compareIS3_SC_NS_4lessIS3_EELb1EEENS9_ISC_EEE16__insert_node_atEPNS_15__tree_end_nodeIPNS_16__tree_node_baseIPvEEEERSN_SN_	
0x34a4ec	.text	_ZNSt6__ndk16vectorIN7Walaber9SharedPtrINS1_13SkeletonActor15EventActionDataEEENS_9allocatorIS5_EEE21__push_back_slow_pathIRKS5_EEvOT_	__push_back_slow_path<Walaber::SharedPtr<Walaber::SkeletonActor::EventActionData>const&>
0x34a5e8	.text	_ZNSt6__ndk16__sortIRPFbN7Walaber9SharedPtrINS1_13SkeletonActor15EventActionDataEEES5_EPS5_EEvT0_SA_T_	__sort<bool(*&)(Walaber::SharedPtr<Walaber::SkeletonActor::EventActionData>,Walaber::SharedPtr<Walaber::SkeletonActor::EventActionData>),Walaber::SharedPtr<Walaber::SkeletonActor::EventActionData>*>
0x34aeec	.text	_ZNSt6__ndk17__sort3IRPFbN7Walaber9SharedPtrINS1_13SkeletonActor15EventActionDataEEES5_EPS5_EEjT0_SA_SA_T_	__sort3<bool(*&)(Walaber::SharedPtr<Walaber::SkeletonActor::EventActionData>,Walaber::SharedPtr<Walaber::SkeletonActor::EventActionData>),Walaber::SharedPtr<Walaber::SkeletonActor::EventActionData>*>
0x34b2a0	.text	_ZNSt6__ndk17__sort4IRPFbN7Walaber9SharedPtrINS1_13SkeletonActor15EventActionDataEEES5_EPS5_EEjT0_SA_SA_SA_T_	__sort4<bool(*&)(Walaber::SharedPtr<Walaber::SkeletonActor::EventActionData>,Walaber::SharedPtr<Walaber::SkeletonActor::EventActionData>),Walaber::SharedPtr<Walaber::SkeletonActor::EventActionData>*>
0x34b524	.text	_ZNSt6__ndk17__sort5IRPFbN7Walaber9SharedPtrINS1_13SkeletonActor15EventActionDataEEES5_EPS5_EEjT0_SA_SA_SA_SA_T_	__sort5<bool(*&)(Walaber::SharedPtr<Walaber::SkeletonActor::EventActionData>,Walaber::SharedPtr<Walaber::SkeletonActor::EventActionData>),Walaber::SharedPtr<Walaber::SkeletonActor::EventActionData>*>
0x34b860	.text	_ZNSt6__ndk118__insertion_sort_3IRPFbN7Walaber9SharedPtrINS1_13SkeletonActor15EventActionDataEEES5_EPS5_EEvT0_SA_T_	
0x34ba50	.text	_ZNSt6__ndk127__insertion_sort_incompleteIRPFbN7Walaber9SharedPtrINS1_13SkeletonActor15EventActionDataEEES5_EPS5_EEbT0_SA_T_	
0x34bd98	.text	_ZN7Walaber9SharedPtrINS_13SkeletonActor15EventActionDataEEaSERKS3_	
0x34be1c	.text	_ZNSt6__ndk16__treeINS_12__value_typeINS_12basic_stringIcNS_11char_traitsIcEENS_9allocatorIcEEEES7_EENS_19__map_value_compareIS7_S8_NS_4lessIS7_EELb1EEENS5_IS8_EEE25__emplace_unique_key_argsIS7_JRKNS_21piecewise_construct_tENS_5tupleIJOS7_EEENSJ_IJEEEEEENS_4pairINS_15__tree_iteratorIS8_PNS_11__tree_nodeIS8_PvEElEEbEERKT_DpOT0_	__emplace_unique_key_args<std::__ndk1::basic_string<char,std::__ndk1::char_traits<char>,std::__ndk1::allocator<char>>,std::__ndk1::piecewise_construct_t_const&,std::__ndk1::tuple<std::__ndk1::basic_string<char,std::__ndk1::char_traits<char>,std::__ndk1::allocator<char>>&&>,std::__ndk1::tuple<>>
0x34bee0	.text	_ZNSt6__ndk16__treeINS_12__value_typeINS_12basic_stringIcNS_11char_traitsIcEENS_9allocatorIcEEEES7_EENS_19__map_value_compareIS7_S8_NS_4lessIS7_EELb1EEENS5_IS8_EEE12__find_equalIS7_EERPNS_16__tree_node_baseIPvEERPNS_15__tree_end_nodeISJ_EERKT_	__find_equal<std::__ndk1::basic_string<char,std::__ndk1::char_traits<char>,std::__ndk1::allocator<char>>>
0x34c00c	.text	_ZNSt6__ndk16__treeINS_12__value_typeINS_12basic_stringIcNS_11char_traitsIcEENS_9allocatorIcEEEES7_EENS_19__map_value_compareIS7_S8_NS_4lessIS7_EELb1EEENS5_IS8_EEE16__insert_node_atEPNS_15__tree_end_nodeIPNS_16__tree_node_baseIPvEEEERSJ_SJ_	
0x34c060	.text	_ZNSt6__ndk16__treeINS_12__value_typeINS_12basic_stringIcNS_11char_traitsIcEENS_9allocatorIcEEEES7_EENS_19__map_value_compareIS7_S8_NS_4lessIS7_EELb1EEENS5_IS8_EEE4findIS7_EENS_15__tree_iteratorIS8_PNS_11__tree_nodeIS8_PvEElEERKT_	find<std::__ndk1::basic_string<char,std::__ndk1::char_traits<char>,std::__ndk1::allocator<char>>>
0x34c118	.text	_ZNSt6__ndk16__treeINS_12__value_typeINS_12basic_stringIcNS_11char_traitsIcEENS_9allocatorIcEEEES7_EENS_19__map_value_compareIS7_S8_NS_4lessIS7_EELb1EEENS5_IS8_EEE13__lower_boundIS7_EENS_15__tree_iteratorIS8_PNS_11__tree_nodeIS8_PvEElEERKT_SK_PNS_15__tree_end_nodeIPNS_16__tree_node_baseISI_EEEE	__lower_bound<std::__ndk1::basic_string<char,std::__ndk1::char_traits<char>,std::__ndk1::allocator<char>>>
0x34c1c8	.text	_ZNSt6__ndk16__treeINS_12__value_typeINS_12basic_stringIcNS_11char_traitsIcEENS_9allocatorIcEEEEPN7Walaber13SkeletonActor4PropEEENS_19__map_value_compareIS7_SC_NS_4lessIS7_EELb1EEENS5_ISC_EEE25__emplace_unique_key_argsIS7_JRKNS_21piecewise_construct_tENS_5tupleIJRKS7_EEENSN_IJEEEEEENS_4pairINS_15__tree_iteratorISC_PNS_11__tree_nodeISC_PvEElEEbEERKT_DpOT0_	__emplace_unique_key_args<std::__ndk1::basic_string<char,std::__ndk1::char_traits<char>,std::__ndk1::allocator<char>>,std::__ndk1::piecewise_construct_t_const&,std::__ndk1::tuple<std::__ndk1::basic_string<char,std::__ndk1::char_traits<char>,std::__ndk1::allocator<char>>const&>,std::__ndk1::tuple<>>
0x34c278	.text	_ZNSt6__ndk16__treeINS_12__value_typeINS_12basic_stringIcNS_11char_traitsIcEENS_9allocatorIcEEEEPN7Walaber13SkeletonActor4PropEEENS_19__map_value_compareIS7_SC_NS_4lessIS7_EELb1EEENS5_ISC_EEE16__construct_nodeIJRKNS_21piecewise_construct_tENS_5tupleIJRKS7_EEENSN_IJEEEEEENS_10unique_ptrINS_11__tree_nodeISC_PvEENS_22__tree_node_destructorINS5_ISV_EEEEEEDpOT_	__construct_node<std::__ndk1::piecewise_construct_t_const&,std::__ndk1::tuple<std::__ndk1::basic_string<char,std::__ndk1::char_traits<char>,std::__ndk1::allocator<char>>const&>,std::__ndk1::tuple<>>
0x34c2e8	.text	_ZNSt6__ndk16vectorIPN7Walaber15ParticleEmitterENS_9allocatorIS3_EEE21__push_back_slow_pathIRKS3_EEvOT_	__push_back_slow_path<Walaber::ParticleEmitter*const&>
0x34c410	.text	_ZNSt6__ndk114__split_bufferIPN7Walaber15ParticleEmitterERNS_9allocatorIS3_EEEC2EmmS6_	
0x34c4c0	.text	_ZNSt6__ndk16__treeINS_12__value_typeINS_12basic_stringIcNS_11char_traitsIcEENS_9allocatorIcEEEEPN7Walaber13SkeletonActor4PropEEENS_19__map_value_compareIS7_SC_NS_4lessIS7_EELb1EEENS5_ISC_EEE5eraseENS_21__tree_const_iteratorISC_PNS_11__tree_nodeISC_PvEElEE	
0x34c564	.text	_ZNSt6__ndk16vectorIN7Walaber9SharedPtrINS1_19SoundEffectInstanceEEENS_9allocatorIS4_EEE21__push_back_slow_pathIRKS4_EEvOT_	
0x34c660	.text	_ZNSt6__ndk114__split_bufferIN7Walaber9SharedPtrINS1_19SoundEffectInstanceEEERNS_9allocatorIS4_EEEC2EmmS7_	
0x34c710	.text	_ZNSt6__ndk16vectorIN7Walaber9SharedPtrINS1_19SoundEffectInstanceEEENS_9allocatorIS4_EEE26__swap_out_circular_bufferERNS_14__split_bufferIS4_RS6_EE	
0x34c794	.text	_ZNSt6__ndk114__split_bufferIN7Walaber9SharedPtrINS1_19SoundEffectInstanceEEERNS_9allocatorIS4_EEED2Ev	
0x34c7e4	.text	_ZN7Walaber13SoundResourceC2EPN4FMOD5SoundE	
0x34c83c	.text	_ZN7Walaber13SoundResourceD2Ev	
0x34c8a4	.text	_ZN7Walaber19SoundEffectInstanceC2ENS_9SharedPtrINS_13SoundResourceEEEPN4FMOD12ChannelGroupEfNSt6__ndk112basic_stringIcNS7_11char_traitsIcEENS7_9allocatorIcEEEE	
0x34c920	.text	_ZN7Walaber9SharedPtrINS_13SoundResourceEED2Ev	
0x34c97c	.text	_ZN7Walaber19SoundEffectInstanceD2Ev	
0x34ca38	.text	_ZN7Walaber19SoundEffectInstance4stopEv	
0x34ca64	.text	_ZN7Walaber19SoundEffectInstanceD0Ev	
0x34ca88	.text	_ZN7Walaber19SoundEffectInstance4playEf	
0x34cb50	.text	_ZN7Walaber19SoundEffectInstance8getStateEv	
0x34cbdc	.text	_ZN7Walaber19SoundEffectInstance12_initChannelEv	
0x34cce8	.text	_ZN7Walaber12SoundManager14getInstancePtrEv	
0x34cd3c	.text	_ZN7Walaber12SoundManager14subtitlePlayedERKNSt6__ndk112basic_stringIcNS1_11char_traitsIcEENS1_9allocatorIcEEEEf	
0x34cde8	.text	_ZN7Walaber19SoundEffectInstance11getDurationEv	
0x34ce7c	.text	_ZN7Walaber19SoundEffectInstance5pauseEv	
0x34ce9c	.text	_ZN7Walaber19SoundEffectInstance6resumeEv	
0x34cee8	.text	_ZN7Walaber19SoundEffectInstance9setVolumeEf	
0x34cf04	.text	_ZN7Walaber19SoundEffectInstance8setPitchEf	
0x34cf20	.text	_ZN7Walaber19SoundEffectInstance11setPositionENS_7Vector2E	
0x34cf24	.text	_ZN7Walaber19SoundEffectInstance11setPositionEfff	
0x34cf28	.text	_ZN7Walaber19SoundEffectInstance19setPlaybackPositionEf	
0x34cfa8	.text	_ZN7Walaber19SoundEffectInstance19setPlaybackPositionEj	
0x34cff4	.text	_ZN7Walaber19SoundEffectInstance19getPlaybackPositionEv	
0x34d074	.text	_ZN7Walaber19SoundEffectInstance9getLengthEv	
0x34d0fc	.text	_ZN7Walaber19SoundEffectInstance7getDataEjjPh	
0x34d2d0	.text	_ZN7Walaber19SoundEffectInstance9saveToWAVERNSt6__ndk112basic_stringIcNS1_11char_traitsIcEENS1_9allocatorIcEEEEjl	
0x34d504	.text	_ZN7Walaber19SoundEffectInstance15_writeWavHeaderEP7__sFILEi	
0x34d68c	.text	_ZN7Walaber12SoundManagerC2Ev	
0x34d758	.text	_ZN7Walaber12SoundManager14setSoundVolumeEf	
0x34d784	.text	_ZN7Walaber12SoundManager14setVoiceVolumeEf	
0x34d7b0	.text	_ZN7Walaber12SoundManager14setMusicVolumeEf	
0x34d7dc	.text	_ZNSt6__ndk18multimapINS_12basic_stringIcNS_11char_traitsIcEENS_9allocatorIcEEEEN7Walaber12SoundManager20GotSoundCallbackDataENS_4lessIS6_EENS4_INS_4pairIKS6_S9_EEEEED2Ev	
0x34d7e4	.text	_ZNSt6__ndk18multimapINS_4pairIiiEEN7Walaber12SoundManager20GotSoundCallbackDataENS_4lessIS2_EENS_9allocatorINS1_IKS2_S5_EEEEED2Ev	
0x34d7ec	.text	_ZNSt6__ndk13mapIjN7Walaber12SoundManager10MusicGroupENS_4lessIjEENS_9allocatorINS_4pairIKjS3_EEEEED2Ev	
0x34d7f4	.text	_ZNSt6__ndk13setIjNS_4lessIjEENS_9allocatorIjEEED2Ev	
0x34d7fc	.text	_ZNSt6__ndk13mapIjN7Walaber12SoundManager10SoundGroupENS_4lessIjEENS_9allocatorINS_4pairIKjS3_EEEEED2Ev	
0x34d804	.text	_ZNSt6__ndk13mapIN7Walaber8LanguageENS_12basic_stringIcNS_11char_traitsIcEENS_9allocatorIcEEEENS_4lessIS2_EENS6_INS_4pairIKS2_S8_EEEEED2Ev	
0x34d80c	.text	_ZN7Walaber12SoundManagerD1Ev	
0x34d9b0	.text	_ZN7Walaber12SoundManager15unloadAllSoundsEv	
0x34da50	.text	_ZN7Walaber12SoundManager9stopMusicEv	
0x34daa0	.text	_ZN7Walaber12SoundManager4initERNSt6__ndk112basic_stringIcNS1_11char_traitsIcEENS1_9allocatorIcEEEEj	
0x34ddc8	.text	_ZN7Walaber12SoundManager19_initConfigFileReadEPv	
0x34e88c	.text	_ZN7Walaber9SharedPtrINS_14MemberCallbackINS_12SoundManagerEEEED2Ev	
0x34e8e4	.text	_ZN7Walaber12SoundManager8addSoundEiNSt6__ndk112basic_stringIcNS1_11char_traitsIcEENS1_9allocatorIcEEEEbfbbb	
0x34edf8	.text	_ZN7Walaber12SoundManager20_loadSoundFileExistsEPv	
0x34f414	.text	_ZN7Walaber12SoundManager25setLocalizedFolderMappingENS_8LanguageERKNSt6__ndk112basic_stringIcNS2_11char_traitsIcEENS2_9allocatorIcEEEE	
0x34f488	.text	_ZN7Walaber12SoundManager18pushVolumeSettingsEv	
0x34f4c4	.text	_ZN7Walaber12SoundManager12refreshSoundERKNSt6__ndk112basic_stringIcNS1_11char_traitsIcEENS1_9allocatorIcEEEEbi	
0x34fd34	.text	_ZN7Walaber12SoundManager10_loadSoundEiiNS_9SharedPtrINS_8CallbackEEERKNS_12PropertyListE	
0x350488	.text	_ZN7Walaber12SoundManager20refreshStreamedTrackERKNSt6__ndk112basic_stringIcNS1_11char_traitsIcEENS1_9allocatorIcEEEEi	
0x350d38	.text	_ZN7Walaber12SoundManager18_loadSoundFileReadEPv	
0x3516f8	.text	_ZN7Walaber12SoundManager18_loadSoundResourceEPNS_11FileManager26ReadFileCallbackParametersEb	
0x351864	.text	_ZN7Walaber9SharedPtrINS_13SoundResourceEEaSERKS2_	
0x3518f4	.text	_ZN7Walaber12SoundManager35SoundEffectInstanceLoadedParametersC2EiiNS_9SharedPtrINS_19SoundEffectInstanceEEERKNS_12PropertyListE	
0x3519f0	.text	_ZN7Walaber12SoundManager19modifyMusicFilePathERKNSt6__ndk112basic_stringIcNS1_11char_traitsIcEENS1_9allocatorIcEEEES9_	
0x351b44	.text	_ZN7Walaber12SoundManager17preloadSoundGroupEi	
0x351cb0	.text	_ZN7Walaber12SoundManager18playSoundFromGroupEiff	
0x351e8c	.text	_ZN7Walaber12SoundManager16_oneShotCallbackEPv	
0x352060	.text	_ZN7Walaber12SoundManager17newSoundFromGroupEiNS_9SharedPtrINS_8CallbackEEERKNS_12PropertyListE	
0x352194	.text	_ZNK7Walaber12SoundManager26getFilenameForSoundInGroupEii	
0x35236c	.text	_ZN7Walaber12SoundManager16newSoundSpecificEiiNS_9SharedPtrINS_8CallbackEEERKNS_12PropertyListE	
0x3527c8	.text	_ZN7Walaber12SoundManager18soundCountForGroupEi	
0x352824	.text	_ZN7Walaber12SoundManager17playSoundSpecificEiif	
0x3529a4	.text	_ZN7Walaber12SoundManager17playSoundSpecificEiiff	
0x352b88	.text	_ZN7Walaber12SoundManager13playSoundFileERKNSt6__ndk112basic_stringIcNS1_11char_traitsIcEENS1_9allocatorIcEEEEffb	
0x352d6c	.text	_ZN7Walaber12SoundManager26_oneShotCallbackDirectFileEPv	
0x352f40	.text	_ZN7Walaber12SoundManager12getSoundFileERKNSt6__ndk112basic_stringIcNS1_11char_traitsIcEENS1_9allocatorIcEEEENS_9SharedPtrINS_8CallbackEEERKNS_12PropertyListEb	
0x353514	.text	_ZN7Walaber12SoundManager24_loadSoundFileDirectReadEPv	
0x353ee8	.text	_ZN7Walaber12SoundManager33SoundFileInstanceLoadedParametersC2ENSt6__ndk112basic_stringIcNS2_11char_traitsIcEENS2_9allocatorIcEEEENS_9SharedPtrINS_19SoundEffectInstanceEEERKNS_12PropertyListE	
0x354014	.text	_ZN7Walaber12SoundManager8optimizeEb	
0x354148	.text	_ZN7Walaber12SoundManager9freeGroupEib	
0x35431c	.text	_ZN7Walaber12SoundManager11removeGroupEi	
0x354464	.text	_ZN7Walaber12SoundManager6updateEf	
0x35465c	.text	_ZN7Walaber12SoundManager18_streamMusicAtPathERKNSt6__ndk112basic_stringIcNS1_11char_traitsIcEENS1_9allocatorIcEEEEii	
0x354818	.text	_ZN7Walaber12SoundManager14clearRetryInfoEv	
0x35482c	.text	_ZN7Walaber12SoundManager12setAllPausedEb	
0x35487c	.text	_ZN7Walaber12SoundManager15setSoundsPausedEb	
0x354890	.text	_ZN7Walaber12SoundManager15setVoicesPausedEb	
0x3548a4	.text	_ZN7Walaber12SoundManager14setMusicPausedEbbb	
0x354928	.text	_ZN7Walaber12SoundManager10stopSoundsEv	
0x354938	.text	_ZN7Walaber12SoundManager11resumeMusicEv	
0x3549a8	.text	_ZN7Walaber12SoundManager10stopVoicesEv	
0x3549b8	.text	_ZN7Walaber12SoundManager20systemMusicIsPlayingEv	
0x3549c0	.text	_ZN7Walaber12SoundManager21updateMusicMuteStatusEv	
0x3549d8	.text	_ZN7Walaber12SoundManager18playMusicFromGroupEib	
0x354bec	.text	_ZN7Walaber12SoundManager14isMusicPlayingEv	
0x354c7c	.text	_ZN7Walaber12SoundManager21playHubMusicFromGroupEif	
0x355070	.text	_ZN7Walaber12SoundManager27_resumeStreamingMusicAtPathEPv	
0x35516c	.text	_ZN7Walaber12SoundManager21clearHubMusicChannelsEv	
0x3551fc	.text	_ZN7Walaber12SoundManager20playNextTrackInGroupEi	
0x3553d0	.text	_ZN7Walaber12SoundManager23playCurrentTrackInGroupEi	
0x35557c	.text	_ZN7Walaber12SoundManager26playSpecificMusicFromGroupEii	
0x3556d0	.text	_ZN7Walaber12SoundManager23initDefaultSubtitleTextEv	
0x355934	.text	_ZN7Walaber12SoundManager10pauseMusicEv	
0x3559a0	.text	_ZN7Walaber12SoundManager17isHubMusicPlayingEv	
0x355a40	.text	_ZN7Walaber12SoundManager13isMusicPausedEv	
0x355ac4	.text	_ZN7Walaber12SoundManager14debugLogMemoryEv	
0x355ca0	.text	_ZN7Walaber12SoundManager8teardownEv	
0x355cdc	.text	_ZN7Walaber12SoundManager24addUnderWaterMusicFilterEv	
0x355db8	.text	_ZN7Walaber12SoundManager27removeUnderWaterMusicFilterEv	
0x355e30	.text	_ZNSt6__ndk16__treeINS_12__value_typeINS_12basic_stringIcNS_11char_traitsIcEENS_9allocatorIcEEEEN7Walaber12SoundManager20GotSoundCallbackDataEEENS_19__map_value_compareIS7_SB_NS_4lessIS7_EELb1EEENS5_ISB_EEE7destroyEPNS_11__tree_nodeISB_PvEE	
0x355e94	.text	_ZNSt6__ndk16__treeINS_12__value_typeINS_4pairIiiEEN7Walaber12SoundManager20GotSoundCallbackDataEEENS_19__map_value_compareIS3_S7_NS_4lessIS3_EELb1EEENS_9allocatorIS7_EEE7destroyEPNS_11__tree_nodeIS7_PvEE	
0x355ee8	.text	_ZNSt6__ndk16__treeINS_12__value_typeIjN7Walaber12SoundManager10MusicGroupEEENS_19__map_value_compareIjS5_NS_4lessIjEELb1EEENS_9allocatorIS5_EEE7destroyEPNS_11__tree_nodeIS5_PvEE	
0x355f3c	.text	_ZNSt6__ndk16__treeIjNS_4lessIjEENS_9allocatorIjEEE7destroyEPNS_11__tree_nodeIjPvEE	
0x355f7c	.text	_ZNSt6__ndk16__treeINS_12__value_typeIjN7Walaber12SoundManager10SoundGroupEEENS_19__map_value_compareIjS5_NS_4lessIjEELb1EEENS_9allocatorIS5_EEE7destroyEPNS_11__tree_nodeIS5_PvEE	
0x355fd0	.text	_ZNSt6__ndk16__treeINS_12__value_typeIN7Walaber8LanguageENS_12basic_stringIcNS_11char_traitsIcEENS_9allocatorIcEEEEEENS_19__map_value_compareIS3_SA_NS_4lessIS3_EELb1EEENS7_ISA_EEE7destroyEPNS_11__tree_nodeISA_PvEE	
0x356020	.text	_ZNSt6__ndk16vectorIN7Walaber12SoundManager9SoundInfoENS_9allocatorIS3_EEE13__vdeallocateEv	
0x3560ac	.text	_ZNSt6__ndk16__treeINS_12__value_typeINS_12basic_stringIcNS_11char_traitsIcEENS_9allocatorIcEEEEN7Walaber8PropertyEEENS_19__map_value_compareIS7_SA_NS_4lessIS7_EELb1EEENS5_ISA_EEE30__emplace_hint_unique_key_argsIS7_JRKNS_4pairIKS7_S9_EEEEENS_15__tree_iteratorISA_PNS_11__tree_nodeISA_PvEElEENS_21__tree_const_iteratorISA_SR_lEERKT_DpOT0_	__emplace_hint_unique_key_args<std::__ndk1::basic_string<char,std::__ndk1::char_traits<char>,std::__ndk1::allocator<char>>,std::__ndk1::pair<std::__ndk1::basic_string<char,std::__ndk1::char_traits<char>,std::__ndk1::allocator<char>>const,Walaber::Property>const&>
0x35613c	.text	_ZNSt6__ndk16__treeINS_12__value_typeINS_12basic_stringIcNS_11char_traitsIcEENS_9allocatorIcEEEEN7Walaber8PropertyEEENS_19__map_value_compareIS7_SA_NS_4lessIS7_EELb1EEENS5_ISA_EEE12__find_equalIS7_EERPNS_16__tree_node_baseIPvEENS_21__tree_const_iteratorISA_PNS_11__tree_nodeISA_SJ_EElEERPNS_15__tree_end_nodeISL_EESM_RKT_	__find_equal<std::__ndk1::basic_string<char,std::__ndk1::char_traits<char>,std::__ndk1::allocator<char>>>
0x356428	.text	_ZNSt6__ndk16__treeINS_12__value_typeINS_12basic_stringIcNS_11char_traitsIcEENS_9allocatorIcEEEEN7Walaber8PropertyEEENS_19__map_value_compareIS7_SA_NS_4lessIS7_EELb1EEENS5_ISA_EEE16__construct_nodeIJRKNS_4pairIKS7_S9_EEEEENS_10unique_ptrINS_11__tree_nodeISA_PvEENS_22__tree_node_destructorINS5_ISQ_EEEEEEDpOT_	
0x356494	.text	_ZNSt6__ndk16__treeINS_12__value_typeINS_12basic_stringIcNS_11char_traitsIcEENS_9allocatorIcEEEEN7Walaber8PropertyEEENS_19__map_value_compareIS7_SA_NS_4lessIS7_EELb1EEENS5_ISA_EEE16__insert_node_atEPNS_15__tree_end_nodeIPNS_16__tree_node_baseIPvEEEERSL_SL_	
0x3564e8	.text	_ZNSt6__ndk16__treeINS_12__value_typeINS_12basic_stringIcNS_11char_traitsIcEENS_9allocatorIcEEEEN7Walaber8PropertyEEENS_19__map_value_compareIS7_SA_NS_4lessIS7_EELb1EEENS5_ISA_EEE12__find_equalIS7_EERPNS_16__tree_node_baseIPvEERPNS_15__tree_end_nodeISL_EERKT_	__find_equal<std::__ndk1::basic_string<char,std::__ndk1::char_traits<char>,std::__ndk1::allocator<char>>>
0x356614	.text	_ZNSt6__ndk14pairIKNS_12basic_stringIcNS_11char_traitsIcEENS_9allocatorIcEEEEN7Walaber8PropertyEEC2ERKSA_	
0x356668	.text	_ZNSt6__ndk16__treeINS_12__value_typeINS_12basic_stringIcNS_11char_traitsIcEENS_9allocatorIcEEEEN7Walaber8PropertyEEENS_19__map_value_compareIS7_SA_NS_4lessIS7_EELb1EEENS5_ISA_EEE7destroyEPNS_11__tree_nodeISA_PvEE	
0x3566c0	.text	_ZNSt6__ndk16__treeINS_12__value_typeIjN7Walaber12SoundManager10MusicGroupEEENS_19__map_value_compareIjS5_NS_4lessIjEELb1EEENS_9allocatorIS5_EEE25__emplace_unique_key_argsIjJRKNS_21piecewise_construct_tENS_5tupleIJOjEEENSH_IJEEEEEENS_4pairINS_15__tree_iteratorIS5_PNS_11__tree_nodeIS5_PvEElEEbEERKT_DpOT0_	
0x3567a4	.text	_ZNSt6__ndk16__treeINS_12__value_typeIjN7Walaber12SoundManager10MusicGroupEEENS_19__map_value_compareIjS5_NS_4lessIjEELb1EEENS_9allocatorIS5_EEE16__insert_node_atEPNS_15__tree_end_nodeIPNS_16__tree_node_baseIPvEEEERSH_SH_	
0x3567f8	.text	_ZNSt6__ndk113__vector_baseIN7Walaber12SoundManager9SoundInfoENS_9allocatorIS3_EEED2Ev	
0x356888	.text	_ZN7Walaber14MemberCallbackINS_12SoundManagerEED0Ev	
0x35688c	.text	_ZN7Walaber14MemberCallbackINS_12SoundManagerEE6invokeEPv	
0x3568bc	.text	_ZNSt6__ndk16__treeIjNS_4lessIjEENS_9allocatorIjEEE25__emplace_unique_key_argsIjJjEEENS_4pairINS_15__tree_iteratorIjPNS_11__tree_nodeIjPvEElEEbEERKT_DpOT0_	
0x356988	.text	_ZNSt6__ndk16__treeIjNS_4lessIjEENS_9allocatorIjEEE16__insert_node_atEPNS_15__tree_end_nodeIPNS_16__tree_node_baseIPvEEEERSA_SA_	
0x3569dc	.text	_ZNSt6__ndk16__treeINS_12__value_typeIN7Walaber8LanguageENS_12basic_stringIcNS_11char_traitsIcEENS_9allocatorIcEEEEEENS_19__map_value_compareIS3_SA_NS_4lessIS3_EELb1EEENS7_ISA_EEE25__emplace_unique_key_argsIS3_JRKNS_21piecewise_construct_tENS_5tupleIJRKS3_EEENSL_IJEEEEEENS_4pairINS_15__tree_iteratorISA_PNS_11__tree_nodeISA_PvEElEEbEERKT_DpOT0_	__emplace_unique_key_args<Walaber::Language,std::__ndk1::piecewise_construct_t_const&,std::__ndk1::tuple<Walaber::Language_const&>,std::__ndk1::tuple<>>
0x356ab4	.text	_ZNSt6__ndk16__treeINS_12__value_typeIN7Walaber8LanguageENS_12basic_stringIcNS_11char_traitsIcEENS_9allocatorIcEEEEEENS_19__map_value_compareIS3_SA_NS_4lessIS3_EELb1EEENS7_ISA_EEE16__insert_node_atEPNS_15__tree_end_nodeIPNS_16__tree_node_baseIPvEEEERSL_SL_	
0x356b08	.text	_ZNSt6__ndk16vectorIN7Walaber12SoundManager9SoundInfoENS_9allocatorIS3_EEE21__push_back_slow_pathIRKS3_EEvOT_	__push_back_slow_path<Walaber::SoundManager::SoundInfo_const&>
0x356c94	.text	_ZNSt6__ndk114__split_bufferIN7Walaber12SoundManager9SoundInfoERNS_9allocatorIS3_EEEC2EmmS6_	
0x356d5c	.text	_ZNSt6__ndk16vectorIN7Walaber12SoundManager9SoundInfoENS_9allocatorIS3_EEE26__swap_out_circular_bufferERNS_14__split_bufferIS3_RS5_EE	
0x356e78	.text	_ZNSt6__ndk114__split_bufferIN7Walaber12SoundManager9SoundInfoERNS_9allocatorIS3_EEED2Ev	
0x356ef8	.text	_ZNSt6__ndk16__treeINS_12__value_typeIjN7Walaber12SoundManager10SoundGroupEEENS_19__map_value_compareIjS5_NS_4lessIjEELb1EEENS_9allocatorIS5_EEE25__emplace_unique_key_argsIjJRKNS_21piecewise_construct_tENS_5tupleIJOjEEENSH_IJEEEEEENS_4pairINS_15__tree_iteratorIS5_PNS_11__tree_nodeIS5_PvEElEEbEERKT_DpOT0_	__emplace_unique_key_args<unsigned_int,std::__ndk1::piecewise_construct_t_const&,std::__ndk1::tuple<unsigned_int&&>,std::__ndk1::tuple<>>
0x356fd4	.text	_ZNSt6__ndk16__treeINS_12__value_typeIjN7Walaber12SoundManager10SoundGroupEEENS_19__map_value_compareIjS5_NS_4lessIjEELb1EEENS_9allocatorIS5_EEE16__insert_node_atEPNS_15__tree_end_nodeIPNS_16__tree_node_baseIPvEEEERSH_SH_	
0x357028	.text	_ZNSt6__ndk16__treeINS_12__value_typeINS_4pairIiiEEN7Walaber12SoundManager20GotSoundCallbackDataEEENS_19__map_value_compareIS3_S7_NS_4lessIS3_EELb1EEENS_9allocatorIS7_EEE4findIS3_EENS_15__tree_iteratorIS7_PNS_11__tree_nodeIS7_PvEElEERKT_	find<std::__ndk1::pair<int,int>>
0x3570a0	.text	_ZNSt6__ndk16__treeINS_12__value_typeINS_4pairIiiEEN7Walaber12SoundManager20GotSoundCallbackDataEEENS_19__map_value_compareIS3_S7_NS_4lessIS3_EELb1EEENS_9allocatorIS7_EEE15__emplace_multiIJNS2_IS3_S6_EEEEENS_15__tree_iteratorIS7_PNS_11__tree_nodeIS7_PvEElEEDpOT_	__emplace_multi<std::__ndk1::pair<std::__ndk1::pair<int,int>,Walaber::SoundManager::GotSoundCallbackData>>
0x357158	.text	_ZNSt6__ndk16__treeINS_12__value_typeINS_4pairIiiEEN7Walaber12SoundManager20GotSoundCallbackDataEEENS_19__map_value_compareIS3_S7_NS_4lessIS3_EELb1EEENS_9allocatorIS7_EEE16__construct_nodeIJNS2_IS3_S6_EEEEENS_10unique_ptrINS_11__tree_nodeIS7_PvEENS_22__tree_node_destructorINSC_ISK_EEEEEEDpOT_	__construct_node<std::__ndk1::pair<std::__ndk1::pair<int,int>,Walaber::SoundManager::GotSoundCallbackData>>
0x357278	.text	_ZNSt6__ndk16__treeINS_12__value_typeINS_4pairIiiEEN7Walaber12SoundManager20GotSoundCallbackDataEEENS_19__map_value_compareIS3_S7_NS_4lessIS3_EELb1EEENS_9allocatorIS7_EEE16__find_leaf_highERPNS_15__tree_end_nodeIPNS_16__tree_node_baseIPvEEEERKS3_	
0x3572e0	.text	_ZNSt6__ndk16__treeINS_12__value_typeINS_4pairIiiEEN7Walaber12SoundManager20GotSoundCallbackDataEEENS_19__map_value_compareIS3_S7_NS_4lessIS3_EELb1EEENS_9allocatorIS7_EEE16__insert_node_atEPNS_15__tree_end_nodeIPNS_16__tree_node_baseIPvEEEERSJ_SJ_	
0x357334	.text	_ZNSt6__ndk16__treeINS_12__value_typeINS_4pairIiiEEN7Walaber12SoundManager20GotSoundCallbackDataEEENS_19__map_value_compareIS3_S7_NS_4lessIS3_EELb1EEENS_9allocatorIS7_EEE19__equal_range_multiIS3_EENS2_INS_15__tree_iteratorIS7_PNS_11__tree_nodeIS7_PvEElEESL_EERKT_	__equal_range_multi<std::__ndk1::pair<int,int>>
0x357418	.text	_ZNSt6__ndk16__treeINS_12__value_typeINS_4pairIiiEEN7Walaber12SoundManager20GotSoundCallbackDataEEENS_19__map_value_compareIS3_S7_NS_4lessIS3_EELb1EEENS_9allocatorIS7_EEE5eraseENS_21__tree_const_iteratorIS7_PNS_11__tree_nodeIS7_PvEElEE	
0x3574c8	.text	_ZNSt6__ndk16__treeINS_12__value_typeIjN7Walaber12SoundManager10SoundGroupEEENS_19__map_value_compareIjS5_NS_4lessIjEELb1EEENS_9allocatorIS5_EEE25__emplace_unique_key_argsIjJRKNS_21piecewise_construct_tENS_5tupleIJRKjEEENSH_IJEEEEEENS_4pairINS_15__tree_iteratorIS5_PNS_11__tree_nodeIS5_PvEElEEbEERKT_DpOT0_	__emplace_unique_key_args<unsigned_int,std::__ndk1::piecewise_construct_t_const&,std::__ndk1::tuple<unsigned_int_const&>,std::__ndk1::tuple<>>
0x3575a4	.text	_ZNSt6__ndk16__treeINS_12__value_typeIjN7Walaber12SoundManager10MusicGroupEEENS_19__map_value_compareIjS5_NS_4lessIjEELb1EEENS_9allocatorIS5_EEE25__emplace_unique_key_argsIjJRKNS_21piecewise_construct_tENS_5tupleIJRKjEEENSH_IJEEEEEENS_4pairINS_15__tree_iteratorIS5_PNS_11__tree_nodeIS5_PvEElEEbEERKT_DpOT0_	__emplace_unique_key_args<unsigned_int,std::__ndk1::piecewise_construct_t_const&,std::__ndk1::tuple<unsigned_int_const&>,std::__ndk1::tuple<>>
0x357688	.text	_ZNSt6__ndk16__treeINS_12__value_typeINS_12basic_stringIcNS_11char_traitsIcEENS_9allocatorIcEEEEN7Walaber12SoundManager20GotSoundCallbackDataEEENS_19__map_value_compareIS7_SB_NS_4lessIS7_EELb1EEENS5_ISB_EEE4findIS7_EENS_15__tree_iteratorISB_PNS_11__tree_nodeISB_PvEElEERKT_	find<std::__ndk1::basic_string<char,std::__ndk1::char_traits<char>,std::__ndk1::allocator<char>>>
0x357740	.text	_ZNSt6__ndk16__treeINS_12__value_typeINS_12basic_stringIcNS_11char_traitsIcEENS_9allocatorIcEEEEN7Walaber12SoundManager20GotSoundCallbackDataEEENS_19__map_value_compareIS7_SB_NS_4lessIS7_EELb1EEENS5_ISB_EEE13__lower_boundIS7_EENS_15__tree_iteratorISB_PNS_11__tree_nodeISB_PvEElEERKT_SN_PNS_15__tree_end_nodeIPNS_16__tree_node_baseISL_EEEE	__lower_bound<std::__ndk1::basic_string<char,std::__ndk1::char_traits<char>,std::__ndk1::allocator<char>>>
0x3577f0	.text	_ZNSt6__ndk16__treeINS_12__value_typeINS_12basic_stringIcNS_11char_traitsIcEENS_9allocatorIcEEEEN7Walaber12SoundManager20GotSoundCallbackDataEEENS_19__map_value_compareIS7_SB_NS_4lessIS7_EELb1EEENS5_ISB_EEE15__emplace_multiIJNS_4pairIS7_SA_EEEEENS_15__tree_iteratorISB_PNS_11__tree_nodeISB_PvEElEEDpOT_	__emplace_multi<std::__ndk1::pair<std::__ndk1::basic_string<char,std::__ndk1::char_traits<char>,std::__ndk1::allocator<char>>,Walaber::SoundManager::GotSoundCallbackData>>
0x357864	.text	_ZNSt6__ndk16__treeINS_12__value_typeINS_12basic_stringIcNS_11char_traitsIcEENS_9allocatorIcEEEEN7Walaber12SoundManager20GotSoundCallbackDataEEENS_19__map_value_compareIS7_SB_NS_4lessIS7_EELb1EEENS5_ISB_EEE16__construct_nodeIJNS_4pairIS7_SA_EEEEENS_10unique_ptrINS_11__tree_nodeISB_PvEENS_22__tree_node_destructorINS5_ISO_EEEEEEDpOT_	__construct_node<std::__ndk1::pair<std::__ndk1::basic_string<char,std::__ndk1::char_traits<char>,std::__ndk1::allocator<char>>,Walaber::SoundManager::GotSoundCallbackData>>
0x3579a8	.text	_ZNSt6__ndk16__treeINS_12__value_typeINS_12basic_stringIcNS_11char_traitsIcEENS_9allocatorIcEEEEN7Walaber12SoundManager20GotSoundCallbackDataEEENS_19__map_value_compareIS7_SB_NS_4lessIS7_EELb1EEENS5_ISB_EEE16__find_leaf_highERPNS_15__tree_end_nodeIPNS_16__tree_node_baseIPvEEEERKS7_	
0x357a7c	.text	_ZNSt6__ndk16__treeINS_12__value_typeINS_12basic_stringIcNS_11char_traitsIcEENS_9allocatorIcEEEEN7Walaber12SoundManager20GotSoundCallbackDataEEENS_19__map_value_compareIS7_SB_NS_4lessIS7_EELb1EEENS5_ISB_EEE16__insert_node_atEPNS_15__tree_end_nodeIPNS_16__tree_node_baseIPvEEEERSM_SM_	
0x357ad0	.text	_ZNSt6__ndk16__treeINS_12__value_typeINS_12basic_stringIcNS_11char_traitsIcEENS_9allocatorIcEEEEN7Walaber12SoundManager20GotSoundCallbackDataEEENS_19__map_value_compareIS7_SB_NS_4lessIS7_EELb1EEENS5_ISB_EEE19__equal_range_multiIS7_EENS_4pairINS_15__tree_iteratorISB_PNS_11__tree_nodeISB_PvEElEESP_EERKT_	__equal_range_multi<std::__ndk1::basic_string<char,std::__ndk1::char_traits<char>,std::__ndk1::allocator<char>>>
0x357c1c	.text	_ZNSt6__ndk16__treeINS_12__value_typeINS_12basic_stringIcNS_11char_traitsIcEENS_9allocatorIcEEEEN7Walaber12SoundManager20GotSoundCallbackDataEEENS_19__map_value_compareIS7_SB_NS_4lessIS7_EELb1EEENS5_ISB_EEE13__upper_boundIS7_EENS_15__tree_iteratorISB_PNS_11__tree_nodeISB_PvEElEERKT_SN_PNS_15__tree_end_nodeIPNS_16__tree_node_baseISL_EEEE	__upper_bound<std::__ndk1::basic_string<char,std::__ndk1::char_traits<char>,std::__ndk1::allocator<char>>>
0x357cd0	.text	_ZNSt6__ndk16__treeINS_12__value_typeINS_12basic_stringIcNS_11char_traitsIcEENS_9allocatorIcEEEEN7Walaber12SoundManager20GotSoundCallbackDataEEENS_19__map_value_compareIS7_SB_NS_4lessIS7_EELb1EEENS5_ISB_EEE5eraseENS_21__tree_const_iteratorISB_PNS_11__tree_nodeISB_PvEElEE	
0x357d90	.text	_ZNSt6__ndk16__treeINS_12__value_typeIjN7Walaber12SoundManager10SoundGroupEEENS_19__map_value_compareIjS5_NS_4lessIjEELb1EEENS_9allocatorIS5_EEE5eraseENS_21__tree_const_iteratorIS5_PNS_11__tree_nodeIS5_PvEElEE	
0x357e40	.text	_ZNSt6__ndk16__treeIjNS_4lessIjEENS_9allocatorIjEEE14__erase_uniqueIjEEmRKT_	
0x357ea0	.text	_ZNSt6__ndk16__treeIjNS_4lessIjEENS_9allocatorIjEEE5eraseENS_21__tree_const_iteratorIjPNS_11__tree_nodeIjPvEElEE	
0x357f34	.text	_ZN7Walaber15PlatformManagerC2Ev	
0x358048	.text	_ZN7Walaber15PlatformManager14getInstancePtrEv	
0x35809c	.text	_ZN7Walaber15PlatformManager29stripPlatformSpecificFilenameERKNSt6__ndk112basic_stringIcNS1_11char_traitsIcEENS1_9allocatorIcEEEE	
0x358324	.text	_ZN7Walaber15PlatformManager27getPlatformSpecificFilenameERKNSt6__ndk112basic_stringIcNS1_11char_traitsIcEENS1_9allocatorIcEEEE	
0x3584b0	.text	_ZN7Walaber15PlatformManager35appendSpecificPlatformTagToFilenameERKNSt6__ndk112basic_stringIcNS1_11char_traitsIcEENS1_9allocatorIcEEEENS0_19PlatformStringNamesE	
0x358620	.text	_ZN7Walaber15PlatformManager26getPrioritizedPlatformTagsEv	
0x358744	.text	_ZN7Walaber15PlatformManager24extensionShouldBeIgnoredERKNSt6__ndk112basic_stringIcNS1_11char_traitsIcEENS1_9allocatorIcEEEE	
0x3587e4	.text	_ZN7Walaber15PlatformManager18addIgnoreExtensionERKNSt6__ndk112basic_stringIcNS1_11char_traitsIcEENS1_9allocatorIcEEEE	
0x358870	.text	_ZNSt6__ndk16__treeINS_12basic_stringIcNS_11char_traitsIcEENS_9allocatorIcEEEENS_4lessIS6_EENS4_IS6_EEE7destroyEPNS_11__tree_nodeIS6_PvEE	
0x3588c0	.text	_ZNSt6__ndk16__treeINS_12basic_stringIcNS_11char_traitsIcEENS_9allocatorIcEEEENS_4lessIS6_EENS4_IS6_EEE25__emplace_unique_key_argsIS6_JS6_EEENS_4pairINS_15__tree_iteratorIS6_PNS_11__tree_nodeIS6_PvEElEEbEERKT_DpOT0_	__emplace_unique_key_args<std::__ndk1::basic_string<char,std::__ndk1::char_traits<char>,std::__ndk1::allocator<char>>,std::__ndk1::basic_string<char,std::__ndk1::char_traits<char>,std::__ndk1::allocator<char>>>
0x358978	.text	_ZNSt6__ndk16__treeINS_12basic_stringIcNS_11char_traitsIcEENS_9allocatorIcEEEENS_4lessIS6_EENS4_IS6_EEE12__find_equalIS6_EERPNS_16__tree_node_baseIPvEERPNS_15__tree_end_nodeISF_EERKT_	__find_equal<std::__ndk1::basic_string<char,std::__ndk1::char_traits<char>,std::__ndk1::allocator<char>>>
0x358aa4	.text	_ZNSt6__ndk16__treeINS_12basic_stringIcNS_11char_traitsIcEENS_9allocatorIcEEEENS_4lessIS6_EENS4_IS6_EEE16__insert_node_atEPNS_15__tree_end_nodeIPNS_16__tree_node_baseIPvEEEERSF_SF_	
0x358af8	.text	_ZNSt6__ndk16__treeINS_12basic_stringIcNS_11char_traitsIcEENS_9allocatorIcEEEENS_4lessIS6_EENS4_IS6_EEE4findIS6_EENS_15__tree_iteratorIS6_PNS_11__tree_nodeIS6_PvEElEERKT_	find<std::__ndk1::basic_string<char,std::__ndk1::char_traits<char>,std::__ndk1::allocator<char>>>
0x358bb0	.text	_ZNSt6__ndk16__treeINS_12basic_stringIcNS_11char_traitsIcEENS_9allocatorIcEEEENS_4lessIS6_EENS4_IS6_EEE13__lower_boundIS6_EENS_15__tree_iteratorIS6_PNS_11__tree_nodeIS6_PvEElEERKT_SG_PNS_15__tree_end_nodeIPNS_16__tree_node_baseISE_EEEE	__lower_bound<std::__ndk1::basic_string<char,std::__ndk1::char_traits<char>,std::__ndk1::allocator<char>>>
0x358c60	.text	_ZN7Walaber5Color7fromHSVEfff	
0x358e0c	.text	_ZN7Walaber5Color13isCloseEnoughERKS0_S2_	
0x358e48	.text	_ZN7Walaber5Color15getClosestColorERKS0_RiPS1_i	
0x358f20	.text	_ZN7Walaber5Color20parseColorFromStringENSt6__ndk112basic_stringIcNS1_11char_traitsIcEENS1_9allocatorIcEEEE	
0x358fd8	.text	_ZN7Walaber5Color24parseColorFromStringRGBAERKNSt6__ndk112basic_stringIcNS1_11char_traitsIcEENS1_9allocatorIcEEEE	
0x359094	.text	_ZN7Walaber8FlipbookC2ERKNSt6__ndk112basic_stringIcNS1_11char_traitsIcEENS1_9allocatorIcEEEE	
0x35954c	.text	_ZN7Walaber9SharedPtrINS_7TextureEEaSERKS2_	
0x3595d0	.text	_ZN7Walaber9SharedPtrINS_7TextureEED2Ev	
0x359628	.text	_ZN7Walaber8Flipbook6updateEf	
0x359688	.text	_ZNSt6__ndk16vectorIN7Walaber8Flipbook13FlipbookFrameENS_9allocatorIS3_EEE21__push_back_slow_pathIRKS3_EEvOT_	__push_back_slow_path<Walaber::Flipbook::FlipbookFrame_const&>
0x359808	.text	_ZNSt6__ndk114__split_bufferIN7Walaber8Flipbook13FlipbookFrameERNS_9allocatorIS3_EEEC2EmmS6_	
0x3598cc	.text	_ZNSt6__ndk16vectorIN7Walaber8Flipbook13FlipbookFrameENS_9allocatorIS3_EEE26__swap_out_circular_bufferERNS_14__split_bufferIS3_RS5_EE	
0x359940	.text	_ZN7Walaber15SpriteAnimationC1Ev	
0x3599f0	.text	_ZN7Walaber15SpriteAnimationC2ENSt6__ndk112basic_stringIcNS1_11char_traitsIcEENS1_9allocatorIcEEEENS_9SharedPtrINS_7TextureEEENS_7Vector2ESB_SB_	
0x359c30	.text	_ZN7Walaber15SpriteAnimation11loadFromXMLEP8_xmlNodeNS_9SharedPtrINS_8CallbackEEE	
0x35a79c	.text	_ZN7Walaber15SpriteAnimation18_parsePlaybackModeENSt6__ndk112basic_stringIcNS1_11char_traitsIcEENS1_9allocatorIcEEEE	
0x35a92c	.text	_ZN7Walaber3XML14parseColor8bitEP8_xmlNodePKc	
0x35aa70	.text	_ZN7Walaber15SpriteAnimation12_loadedAtlasEPv	
0x35ad48	.text	_ZN7Walaber9SharedPtrINS_14MemberCallbackINS_15SpriteAnimationEEEED2Ev	
0x35ada0	.text	_ZN7Walaber15SpriteAnimationD2Ev	
0x35ae44	.text	_ZN7Walaber15SpriteAnimation6updateEfRi	
0x35aff0	.text	_ZN7Walaber15SpriteAnimation14addMarkerEventEfi	
0x35b074	.text	_ZN7Walaber15SpriteAnimation17clearMarkerEventsEv	
0x35b0a4	.text	_ZN7Walaber15SpriteAnimation4playEv	
0x35b16c	.text	_ZN7Walaber15SpriteAnimation4playEf	
0x35b2bc	.text	_ZN7Walaber15SpriteAnimation4playEfNS0_12PlaybackModeEi	
0x35b414	.text	_ZN7Walaber15SpriteAnimation5pauseEv	
0x35b4d8	.text	_ZN7Walaber15SpriteAnimation4stopEv	
0x35b5b8	.text	_ZN7Walaber15SpriteAnimation19projectCurrentFrameERKNS_7Vector2EfS3_RS1_RfS4_RNS_4RectEb	
0x35b6a4	.text	_ZN7Walaber15SpriteAnimation12getFrameSizeEv	
0x35b6e4	.text	_ZN7Walaber6SpriteC2ERKNSt6__ndk112basic_stringIcNS1_11char_traitsIcEENS1_9allocatorIcEEEENS_7Vector2EfSA_i	
0x35b830	.text	_ZN7Walaber6SpriteC1ERKNSt6__ndk112basic_stringIcNS1_11char_traitsIcEENS1_9allocatorIcEEEENS_9SharedPtrINS_7TextureEEENS_7Vector2ESD_fS7_i	
0x35ba9c	.text	_ZN7Walaber6Sprite12addAnimationENS_9SharedPtrINS_15SpriteAnimationEEE	
0x35bbf4	.text	_ZN7Walaber6Sprite12setAnimationERKNSt6__ndk112basic_stringIcNS1_11char_traitsIcEENS1_9allocatorIcEEEE	
0x35bc8c	.text	_ZN7Walaber6SpriteC1ERKNSt6__ndk112basic_stringIcNS1_11char_traitsIcEENS1_9allocatorIcEEEENS_9SharedPtrINS_7TextureEEENS_7Vector2ESD_fSD_SD_S7_i	
0x35bef8	.text	_ZN7Walaber6Sprite11loadFromXMLERKNSt6__ndk112basic_stringIcNS1_11char_traitsIcEENS1_9allocatorIcEEEENS_9SharedPtrINS_8CallbackEEE	
0x35bfa0	.text	_ZN7Walaber6Sprite21loadAnimationsFromXMLERKNSt6__ndk112basic_stringIcNS1_11char_traitsIcEENS1_9allocatorIcEEEE	
0x35c0fc	.text	_ZN7Walaber6Sprite15removeAnimationERKNSt6__ndk112basic_stringIcNS1_11char_traitsIcEENS1_9allocatorIcEEEE	
0x35c144	.text	_ZN7Walaber6Sprite12getAnimationERKNSt6__ndk112basic_stringIcNS1_11char_traitsIcEENS1_9allocatorIcEEEE	
0x35c19c	.text	_ZN7Walaber6Sprite13playAnimationERKNSt6__ndk112basic_stringIcNS1_11char_traitsIcEENS1_9allocatorIcEEEE	
0x35c20c	.text	_ZN7Walaber6Sprite13playAnimationERKNSt6__ndk112basic_stringIcNS1_11char_traitsIcEENS1_9allocatorIcEEEEf	
0x35c330	.text	_ZN7Walaber6Sprite13playAnimationERKNSt6__ndk112basic_stringIcNS1_11char_traitsIcEENS1_9allocatorIcEEEEfNS_15SpriteAnimation12PlaybackModeEi	
0x35c46c	.text	_ZN7Walaber6Sprite18_animationFileReadEPv	
0x35c5f4	.text	_ZN7Walaber9SharedPtrINS_14MemberCallbackINS_6SpriteEEEED2Ev	
0x35c64c	.text	_ZN7Walaber6Sprite6updateEf	
0x35c7c4	.text	_ZN7Walaber6Sprite4drawEPNS_11SpriteBatchE	
0x35ca38	.text	_ZN7Walaber6Sprite14_loadAnimationEP8_xmlNode	
0x35cb84	.text	_ZN7Walaber6Sprite16_animationLoadedEPv	
0x35cc84	.text	_ZN7Walaber6SpriteD2Ev	
0x35ccd4	.text	_ZN7Walaber6SpriteD0Ev	
0x35cd2c	.text	_ZN7Walaber12DrawableNode8setLayerEi	
0x35cd34	.text	_ZNSt6__ndk16__treeINS_12__value_typeIfN7Walaber15SpriteAnimation15AnimationMarkerEEENS_19__map_value_compareIfS5_NS_4lessIfEELb1EEENS_9allocatorIS5_EEE7destroyEPNS_11__tree_nodeIS5_PvEE	
0x35cd74	.text	_ZNSt6__ndk16__treeINS_12__value_typeINS_12basic_stringIcNS_11char_traitsIcEENS_9allocatorIcEEEEN7Walaber9SharedPtrINS8_15SpriteAnimationEEEEENS_19__map_value_compareIS7_SC_NS_4lessIS7_EELb1EEENS5_ISC_EEE7destroyEPNS_11__tree_nodeISC_PvEE	
0x35cdcc	.text	_ZNSt6__ndk113__vector_baseIN7Walaber15SpriteAnimation14AnimationFrameENS_9allocatorIS3_EEED2Ev	
0x35ce3c	.text	_ZNSt6__ndk113__vector_baseIN7Walaber15SpriteAnimation11FrameImportENS_9allocatorIS3_EEED2Ev	
0x35ceb4	.text	_ZNSt6__ndk16vectorIN7Walaber15SpriteAnimation14AnimationFrameENS_9allocatorIS3_EEE21__push_back_slow_pathIRKS3_EEvOT_	__push_back_slow_path<Walaber::SpriteAnimation::AnimationFrame_const&>
0x35d004	.text	_ZNSt6__ndk114__split_bufferIN7Walaber15SpriteAnimation14AnimationFrameERNS_9allocatorIS3_EEEC2EmmS6_	
0x35d0c8	.text	_ZNSt6__ndk16vectorIN7Walaber15SpriteAnimation14AnimationFrameENS_9allocatorIS3_EEE26__swap_out_circular_bufferERNS_14__split_bufferIS3_RS5_EE	
0x35d184	.text	_ZNSt6__ndk114__split_bufferIN7Walaber15SpriteAnimation14AnimationFrameERNS_9allocatorIS3_EEED2Ev	
0x35d1d8	.text	_ZNSt6__ndk16vectorIN7Walaber15SpriteAnimation11FrameImportENS_9allocatorIS3_EEE21__push_back_slow_pathIS3_EEvOT_	__push_back_slow_path<Walaber::SpriteAnimation::FrameImport>
0x35d324	.text	_ZNSt6__ndk114__split_bufferIN7Walaber15SpriteAnimation11FrameImportERNS_9allocatorIS3_EEEC2EmmS6_	
0x35d3e8	.text	_ZNSt6__ndk16vectorIN7Walaber15SpriteAnimation11FrameImportENS_9allocatorIS3_EEE26__swap_out_circular_bufferERNS_14__split_bufferIS3_RS5_EE	
0x35d4d4	.text	_ZNSt6__ndk114__split_bufferIN7Walaber15SpriteAnimation11FrameImportERNS_9allocatorIS3_EEED2Ev	
0x35d538	.text	_ZN7Walaber14MemberCallbackINS_15SpriteAnimationEED0Ev	
0x35d53c	.text	_ZN7Walaber14MemberCallbackINS_15SpriteAnimationEE6invokeEPv	
0x35d56c	.text	_ZNSt6__ndk16vectorIN7Walaber15SpriteAnimation14AnimationFrameENS_9allocatorIS3_EEE21__push_back_slow_pathIS3_EEvOT_	__push_back_slow_path<Walaber::SpriteAnimation::AnimationFrame>
0x35d6bc	.text	_ZNSt6__ndk16__treeINS_12__value_typeIfN7Walaber15SpriteAnimation15AnimationMarkerEEENS_19__map_value_compareIfS5_NS_4lessIfEELb1EEENS_9allocatorIS5_EEE25__emplace_unique_key_argsIfJRKNS_21piecewise_construct_tENS_5tupleIJRKfEEENSH_IJEEEEEENS_4pairINS_15__tree_iteratorIS5_PNS_11__tree_nodeIS5_PvEElEEbEERKT_DpOT0_	__emplace_unique_key_args<float,std::__ndk1::piecewise_construct_t_const&,std::__ndk1::tuple<float_const&>,std::__ndk1::tuple<>>
0x35d78c	.text	_ZNSt6__ndk16__treeINS_12__value_typeIfN7Walaber15SpriteAnimation15AnimationMarkerEEENS_19__map_value_compareIfS5_NS_4lessIfEELb1EEENS_9allocatorIS5_EEE16__insert_node_atEPNS_15__tree_end_nodeIPNS_16__tree_node_baseIPvEEEERSH_SH_	
0x35d7e0	.text	_ZNSt6__ndk16__treeINS_12__value_typeINS_12basic_stringIcNS_11char_traitsIcEENS_9allocatorIcEEEEN7Walaber9SharedPtrINS8_15SpriteAnimationEEEEENS_19__map_value_compareIS7_SC_NS_4lessIS7_EELb1EEENS5_ISC_EEE25__emplace_unique_key_argsIS7_JRKNS_21piecewise_construct_tENS_5tupleIJOS7_EEENSN_IJEEEEEENS_4pairINS_15__tree_iteratorISC_PNS_11__tree_nodeISC_PvEElEEbEERKT_DpOT0_	__emplace_unique_key_args<std::__ndk1::basic_string<char,std::__ndk1::char_traits<char>,std::__ndk1::allocator<char>>,std::__ndk1::piecewise_construct_t_const&,std::__ndk1::tuple<std::__ndk1::basic_string<char,std::__ndk1::char_traits<char>,std::__ndk1::allocator<char>>&&>,std::__ndk1::tuple<>>
0x35d8a0	.text	_ZNSt6__ndk16__treeINS_12__value_typeINS_12basic_stringIcNS_11char_traitsIcEENS_9allocatorIcEEEEN7Walaber9SharedPtrINS8_15SpriteAnimationEEEEENS_19__map_value_compareIS7_SC_NS_4lessIS7_EELb1EEENS5_ISC_EEE12__find_equalIS7_EERPNS_16__tree_node_baseIPvEERPNS_15__tree_end_nodeISN_EERKT_	__find_equal<std::__ndk1::basic_string<char,std::__ndk1::char_traits<char>,std::__ndk1::allocator<char>>>
0x35d9cc	.text	_ZNSt6__ndk16__treeINS_12__value_typeINS_12basic_stringIcNS_11char_traitsIcEENS_9allocatorIcEEEEN7Walaber9SharedPtrINS8_15SpriteAnimationEEEEENS_19__map_value_compareIS7_SC_NS_4lessIS7_EELb1EEENS5_ISC_EEE16__insert_node_atEPNS_15__tree_end_nodeIPNS_16__tree_node_baseIPvEEEERSN_SN_	
0x35da20	.text	_ZNSt6__ndk16__treeINS_12__value_typeINS_12basic_stringIcNS_11char_traitsIcEENS_9allocatorIcEEEEN7Walaber9SharedPtrINS8_15SpriteAnimationEEEEENS_19__map_value_compareIS7_SC_NS_4lessIS7_EELb1EEENS5_ISC_EEE4findIS7_EENS_15__tree_iteratorISC_PNS_11__tree_nodeISC_PvEElEERKT_	find<std::__ndk1::basic_string<char,std::__ndk1::char_traits<char>,std::__ndk1::allocator<char>>>
0x35dad8	.text	_ZNSt6__ndk16__treeINS_12__value_typeINS_12basic_stringIcNS_11char_traitsIcEENS_9allocatorIcEEEEN7Walaber9SharedPtrINS8_15SpriteAnimationEEEEENS_19__map_value_compareIS7_SC_NS_4lessIS7_EELb1EEENS5_ISC_EEE13__lower_boundIS7_EENS_15__tree_iteratorISC_PNS_11__tree_nodeISC_PvEElEERKT_SO_PNS_15__tree_end_nodeIPNS_16__tree_node_baseISM_EEEE	__lower_bound<std::__ndk1::basic_string<char,std::__ndk1::char_traits<char>,std::__ndk1::allocator<char>>>
0x35db88	.text	_ZNSt6__ndk16__treeINS_12__value_typeINS_12basic_stringIcNS_11char_traitsIcEENS_9allocatorIcEEEEN7Walaber9SharedPtrINS8_15SpriteAnimationEEEEENS_19__map_value_compareIS7_SC_NS_4lessIS7_EELb1EEENS5_ISC_EEE5eraseENS_21__tree_const_iteratorISC_PNS_11__tree_nodeISC_PvEElEE	
0x35dc34	.text	_ZN7Walaber14MemberCallbackINS_6SpriteEED0Ev	
0x35dc38	.text	_ZN7Walaber14MemberCallbackINS_6SpriteEE6invokeEPv	
0x35dc68	.text	_ZN7Walaber11SpriteBatchC1Ev	
0x35dca8	.text	_ZN7Walaber11SpriteBatchC1ERKS0_	
0x35dda0	.text	_ZN7Walaber11SpriteBatchaSERKS0_	
0x35ddf4	.text	_ZN7Walaber11SpriteBatchD2Ev	
0x35df08	.text	_ZN7Walaber11SpriteBatch5startEv	
0x35df44	.text	_ZN7Walaber11SpriteBatch5startENS0_9BatchModeE	
0x35df7c	.text	_ZN7Walaber11SpriteBatch5flushEv	
0x35dfe0	.text	_ZN7Walaber11SpriteBatch15_flushImmediateEv	
0x35e1bc	.text	_ZN7Walaber11SpriteBatch6_resetEv	
0x35e224	.text	_ZN7Walaber11SpriteBatch13_flushOptimalEv	
0x35e354	.text	_ZN7Walaber11SpriteBatch8drawQuadENS_9SharedPtrINS_7TextureEEERKNS_7Vector2EfS6_RKNS_5ColorENS_20VertexColorBlendModeE	
0x35e4b8	.text	_ZN7Walaber11SpriteBatch24_addQuadToBatchImmediateENS_9SharedPtrINS_7TextureEEERKNS_7Vector2EfS6_RKNS_5ColorENS_20VertexColorBlendModeE	
0x35e624	.text	_ZN7Walaber11SpriteBatch22_addQuadToBatchOptimalENS_9SharedPtrINS_7TextureEEERKNS_7Vector2EfS6_RKNS_5ColorENS_20VertexColorBlendModeE	
0x35e75c	.text	_ZN7Walaber11SpriteBatch8drawQuadEiNS_9SharedPtrINS_7TextureEEERKNS_7Vector2EfS6_RKNS_5ColorENS_20VertexColorBlendModeE	
0x35e918	.text	_ZN7Walaber11SpriteBatch8drawQuadENS_9SharedPtrINS_7TextureEEERKNS_7Vector2EfS6_RKNS_4RectERKNS_5ColorENS_20VertexColorBlendModeE	
0x35ecfc	.text	_ZN7Walaber11SpriteBatch8drawQuadEiNS_9SharedPtrINS_7TextureEEERKNS_7Vector2EfS6_RKNS_4RectERKNS_5ColorENS_20VertexColorBlendModeE	
0x35f0f8	.text	_ZN7Walaber11SpriteBatch8drawQuadENS_9SharedPtrINS_7TextureEEERKNS_7Vector2EfS6_RKNS_4RectEPKNS_5ColorENS_20VertexColorBlendModeE	
0x35f4dc	.text	_ZN7Walaber11SpriteBatch8drawQuadEiNS_9SharedPtrINS_7TextureEEERKNS_7Vector2EfS6_RKNS_4RectEPKNS_5ColorENS_20VertexColorBlendModeE	
0x35f8d8	.text	_ZN7Walaber11SpriteBatch15drawQuadColoredERKNS_7Vector2EfS3_RKNS_5ColorE	
0x35fa90	.text	_ZN7Walaber11SpriteBatch14_getDrawActionEv	
0x35fb40	.text	_ZN7Walaber11SpriteBatch21_addQuadToBatchUVRectERNSt6__ndk16vectorINS_24PositionTextureColorVertENS1_9allocatorIS3_EEEERNS2_INS0_12BlendSectionENS4_IS8_EEEERKNS_4RectERKNS_7Vector2EffSH_jNS_20VertexColorBlendModeE	
0x35fe90	.text	_ZN7Walaber11SpriteBatch31_getDrawActionForTextureOnLayerEij	
0x35ffa8	.text	_ZN7Walaber11SpriteBatch15drawQuadColoredEiRKNS_7Vector2EfS3_RKNS_5ColorE	
0x360178	.text	_ZN7Walaber11SpriteBatch10drawCircleEiNS_9SharedPtrINS_7TextureEEERKNS_7Vector2EfRKNS_5ColorENS_20VertexColorBlendModeE	
0x360344	.text	_ZN7Walaber11SpriteBatch17_addCircleToBatchERNSt6__ndk16vectorINS_24PositionTextureColorVertENS1_9allocatorIS3_EEEERNS2_INS0_12BlendSectionENS4_IS8_EEEERKNS_7Vector2EfRKNS_5ColorENS_20VertexColorBlendModeE	
0x360548	.text	_ZN7Walaber11SpriteBatch10drawCircleENS_9SharedPtrINS_7TextureEEERKNS_7Vector2EfRKNS_5ColorENS_20VertexColorBlendModeE	
0x3606e0	.text	_ZN7Walaber11SpriteBatch17drawCircleColoredERKNS_7Vector2EfRKNS_5ColorE	
0x360858	.text	_ZN7Walaber11SpriteBatch15drawLineColoredERKNS_7Vector2ES3_fRKNS_5ColorE	
0x360928	.text	_ZN7Walaber11SpriteBatch7drawTriENS_9SharedPtrINS_7TextureEEEPKNS_7Vector2ES6_PKNS_5ColorENS_20VertexColorBlendModeE	
0x360abc	.text	_ZN7Walaber11SpriteBatch25_addVertsToBatchImmediateENS_9SharedPtrINS_7TextureEEEjbPKNS_7Vector2ES6_PKNS_5ColorENS_20VertexColorBlendModeE	
0x360cec	.text	_ZN7Walaber11SpriteBatch23_addVertsToBatchOptimalENS_9SharedPtrINS_7TextureEEEjbPKNS_7Vector2ES6_PKNS_5ColorENS_20VertexColorBlendModeE	
0x360ef8	.text	_ZN7Walaber11SpriteBatch7drawTriEiNS_9SharedPtrINS_7TextureEEEPKNS_7Vector2ES6_PKNS_5ColorENS_20VertexColorBlendModeE	
0x3610a4	.text	_ZN7Walaber11SpriteBatch9drawVertsENS_9SharedPtrINS_7TextureEEEjbPKNS_7Vector2ES6_PKNS_5ColorENS_20VertexColorBlendModeE	
0x361218	.text	_ZN7Walaber11SpriteBatch9drawVertsEiNS_9SharedPtrINS_7TextureEEEjbPKNS_7Vector2ES6_PKNS_5ColorENS_20VertexColorBlendModeE	
0x361408	.text	_ZN7Walaber11SpriteBatch10drawStringEPNS_10BitmapFontENSt6__ndk112basic_stringIcNS3_11char_traitsIcEENS3_9allocatorIcEEEERKNS_7Vector2EffRKNS_5ColorENS0_13JustificationE	
0x3615c8	.text	_ZN7Walaber11SpriteBatch11_drawStringEPNS_10BitmapFontENSt6__ndk112basic_stringIcNS3_11char_traitsIcEENS3_9allocatorIcEEEERKNS_7Vector2EffRKNS_5ColorENS0_13JustificationENS_20VertexColorBlendModeE	
0x3615ec	.text	_ZN7Walaber11SpriteBatch10drawStringEiPNS_10BitmapFontENSt6__ndk112basic_stringIcNS3_11char_traitsIcEENS3_9allocatorIcEEEERKNS_7Vector2EffRKNS_5ColorENS0_13JustificationE	
0x3617b8	.text	_ZN7Walaber11SpriteBatch17drawStringClippedEPNS_10BitmapFontENSt6__ndk112basic_stringIcNS3_11char_traitsIcEENS3_9allocatorIcEEEERKNS_7Vector2ERKNS_4RectEffRKNS_5ColorENS0_13JustificationE	
0x361990	.text	_ZN7Walaber11SpriteBatch15_drawStringClipEPNS_10BitmapFontENSt6__ndk112basic_stringIcNS3_11char_traitsIcEENS3_9allocatorIcEEEERKNS_7Vector2ERKNS_4RectEffRKNS_5ColorENS0_13JustificationENS_20VertexColorBlendModeE	
0x3619b4	.text	_ZN7Walaber11SpriteBatch17drawStringClippedEiPNS_10BitmapFontENSt6__ndk112basic_stringIcNS3_11char_traitsIcEENS3_9allocatorIcEEEERKNS_7Vector2ERKNS_4RectEffRKNS_5ColorENS0_13JustificationE	
0x361b98	.text	_ZN7Walaber11SpriteBatch26setDefaultProjectionMatrixEv	
0x361be0	.text	_ZN7Walaber11SpriteBatch25setCameraProjectionMatrixERNS_7Vector2ES2_	
0x361c48	.text	_ZN7Walaber11SpriteBatch17_drawStringCenterEPNS_10BitmapFontERKNSt6__ndk112basic_stringIcNS3_11char_traitsIcEENS3_9allocatorIcEEEERKNS_7Vector2EffRKNS_5ColorENS_20VertexColorBlendModeE	
0x361e20	.text	_ZN7Walaber11SpriteBatch16_drawStringRightEPNS_10BitmapFontERKNSt6__ndk112basic_stringIcNS3_11char_traitsIcEENS3_9allocatorIcEEEERKNS_7Vector2EffRKNS_5ColorENS_20VertexColorBlendModeE	
0x361ef0	.text	_ZN7Walaber11SpriteBatch15_drawStringLeftEPNS_10BitmapFontERKNSt6__ndk112basic_stringIcNS3_11char_traitsIcEENS3_9allocatorIcEEEERKNS_7Vector2EffRKNS_5ColorENS_20VertexColorBlendModeE	
0x3620d4	.text	_ZN7Walaber11SpriteBatch10_drawGlyphERKNS_10BitmapFont9GlyphInfoERNSt6__ndk16vectorINS_24PositionTextureColorVertENS5_9allocatorIS7_EEEERNS6_INS0_12BlendSectionENS8_ISC_EEEERKNS_7Vector2EfffjNS_20VertexColorBlendModeE	
0x3621d4	.text	_ZN7Walaber11SpriteBatch21_drawStringCenterClipEPNS_10BitmapFontERKNSt6__ndk112basic_stringIcNS3_11char_traitsIcEENS3_9allocatorIcEEEERKNS_7Vector2ERKNS_4RectEffRKNS_5ColorENS_20VertexColorBlendModeE	
0x3622ec	.text	_ZN7Walaber11SpriteBatch20_drawStringRightClipEPNS_10BitmapFontERKNSt6__ndk112basic_stringIcNS3_11char_traitsIcEENS3_9allocatorIcEEEERKNS_7Vector2ERKNS_4RectEffRKNS_5ColorENS_20VertexColorBlendModeE	
0x3623fc	.text	_ZN7Walaber11SpriteBatch19_drawStringLeftClipEPNS_10BitmapFontERKNSt6__ndk112basic_stringIcNS3_11char_traitsIcEENS3_9allocatorIcEEEERKNS_7Vector2ERKNS_4RectEffRKNS_5ColorENS_20VertexColorBlendModeE	
0x3625b0	.text	_ZN7Walaber11SpriteBatch14_drawGlyphClipERKNS_10BitmapFont9GlyphInfoERNSt6__ndk16vectorINS_24PositionTextureColorVertENS5_9allocatorIS7_EEEERNS6_INS0_12BlendSectionENS8_ISC_EEEERKNS_7Vector2ERKNS_4RectEfffjNS_20VertexColorBlendModeE	
0x3628ec	.text	_ZN7Walaber11SpriteBatch21_addQuadToBatchUVRectERNSt6__ndk16vectorINS_24PositionTextureColorVertENS1_9allocatorIS3_EEEERNS2_INS0_12BlendSectionENS4_IS8_EEEERKNS_4RectERKNS_7Vector2EffSH_PKNS_5ColorENS_20VertexColorBlendModeE	
0x362c4c	.text	_ZNSt6__ndk14listIPN7Walaber11SpriteBatch10DrawActionENS_9allocatorIS4_EEE6spliceENS_21__list_const_iteratorIS4_PvEERS7_	
0x362c94	.text	_ZN7Walaber11SpriteBatch10_flushToGLEjRNSt6__ndk16vectorINS_24PositionTextureColorVertENS1_9allocatorIS3_EEEERNS2_INS0_12BlendSectionENS4_IS8_EEEE	
0x362e04	.text	_ZN7Walaber10GraphicsGL11setBlendingEb	
0x362e58	.text	_ZN7Walaber10GraphicsGL17setTextureEnabledEb	
0x362eb8	.text	_ZN7Walaber10GraphicsGL11bindTextureEj	
0x362f08	.text	_ZN7Walaber10GraphicsGL25disableTextureClientStateEv	
0x362f54	.text	_ZN7Walaber10GraphicsGL24enableTextureClientStateEv	
0x362fa4	.text	_ZN7Walaber10GraphicsGL23enableVertexClientStateEv	
0x362fdc	.text	_ZN7Walaber10GraphicsGL22enableColorClientStateEv	
0x363024	.text	_ZN7Walaber10GraphicsGL25setTextureEnvironmentModeENS_20VertexColorBlendModeE	
0x363128	.text	_ZN7Walaber10GraphicsGL16setAlphaBlendingEbjj	
0x36319c	.text	_ZNSt6__ndk110__list_impIPN7Walaber11SpriteBatch10DrawActionENS_9allocatorIS4_EEE5clearEv	
0x3631f8	.text	_ZNSt6__ndk16__treeINS_12__value_typeIiNS_6vectorIPN7Walaber11SpriteBatch10DrawActionENS_9allocatorIS6_EEEEEENS_19__map_value_compareIiSA_NS_4lessIiEELb1EEENS7_ISA_EEE7destroyEPNS_11__tree_nodeISA_PvEE	
0x363248	.text	_ZNSt6__ndk16vectorIN7Walaber11SpriteBatch12BlendSectionENS_9allocatorIS3_EEE21__push_back_slow_pathIS3_EEvOT_	__push_back_slow_path<Walaber::SpriteBatch::BlendSection>
0x363370	.text	_ZNSt6__ndk114__split_bufferIN7Walaber11SpriteBatch12BlendSectionERNS_9allocatorIS3_EEEC2EmmS6_	
0x363420	.text	_ZNSt6__ndk16vectorIN7Walaber24PositionTextureColorVertENS_9allocatorIS2_EEE6insertINS_11__wrap_iterIPS2_EEEENS_9enable_ifIXaasr21__is_forward_iteratorIT_EE5valuesr16is_constructibleIS2_NS_15iterator_traitsISB_E9referenceEEE5valueES9_E4typeENS7_IPKS2_EESB_SB_	insert<std::__ndk1::__wrap_iter<Walaber::PositionTextureColorVert*>>
0x3636e4	.text	_ZNSt6__ndk114__split_bufferIN7Walaber24PositionTextureColorVertERNS_9allocatorIS2_EEEC2EmmS5_	
0x3637a8	.text	_ZNSt6__ndk16vectorIN7Walaber24PositionTextureColorVertENS_9allocatorIS2_EEE26__swap_out_circular_bufferERNS_14__split_bufferIS2_RS4_EEPS2_	
0x363888	.text	_ZNSt6__ndk16__treeINS_12__value_typeIiNS_6vectorIPN7Walaber11SpriteBatch10DrawActionENS_9allocatorIS6_EEEEEENS_19__map_value_compareIiSA_NS_4lessIiEELb1EEENS7_ISA_EEE25__emplace_unique_key_argsIiJRKNS_21piecewise_construct_tENS_5tupleIJRKiEEENSL_IJEEEEEENS_4pairINS_15__tree_iteratorISA_PNS_11__tree_nodeISA_PvEElEEbEERKT_DpOT0_	
0x363960	.text	_ZNSt6__ndk16__treeINS_12__value_typeIiNS_6vectorIPN7Walaber11SpriteBatch10DrawActionENS_9allocatorIS6_EEEEEENS_19__map_value_compareIiSA_NS_4lessIiEELb1EEENS7_ISA_EEE12__find_equalIiEERPNS_16__tree_node_baseIPvEERPNS_15__tree_end_nodeISL_EERKT_	
0x3639c8	.text	_ZNSt6__ndk16__treeINS_12__value_typeIiNS_6vectorIPN7Walaber11SpriteBatch10DrawActionENS_9allocatorIS6_EEEEEENS_19__map_value_compareIiSA_NS_4lessIiEELb1EEENS7_ISA_EEE16__insert_node_atEPNS_15__tree_end_nodeIPNS_16__tree_node_baseIPvEEEERSL_SL_	
0x363a1c	.text	_ZNSt6__ndk16vectorIPN7Walaber11SpriteBatch10DrawActionENS_9allocatorIS4_EEE21__push_back_slow_pathIRKS4_EEvOT_	__push_back_slow_path<Walaber::SpriteBatch::DrawAction*const&>
0x363b44	.text	_ZNSt6__ndk114__split_bufferIPN7Walaber11SpriteBatch10DrawActionERNS_9allocatorIS4_EEEC2EmmS7_	
0x363bf4	.text	_ZNSt6__ndk16vectorIN7Walaber24PositionTextureColorVertENS_9allocatorIS2_EEE21__push_back_slow_pathIS2_EEvOT_	__push_back_slow_path<Walaber::PositionTextureColorVert>
0x363d64	.text	_ZNSt6__ndk16vectorIN7Walaber24PositionTextureColorVertENS_9allocatorIS2_EEE21__push_back_slow_pathIRKS2_EEvOT_	
0x363ed4	.text	_ZNSt6__ndk16__treeINS_12__value_typeIiNS_6vectorIPN7Walaber11SpriteBatch10DrawActionENS_9allocatorIS6_EEEEEENS_19__map_value_compareIiSA_NS_4lessIiEELb1EEENS7_ISA_EEE30__emplace_hint_unique_key_argsIiJRKNS_4pairIKiS9_EEEEENS_15__tree_iteratorISA_PNS_11__tree_nodeISA_PvEElEENS_21__tree_const_iteratorISA_SR_lEERKT_DpOT0_	
0x363f64	.text	_ZNSt6__ndk16__treeINS_12__value_typeIiNS_6vectorIPN7Walaber11SpriteBatch10DrawActionENS_9allocatorIS6_EEEEEENS_19__map_value_compareIiSA_NS_4lessIiEELb1EEENS7_ISA_EEE12__find_equalIiEERPNS_16__tree_node_baseIPvEENS_21__tree_const_iteratorISA_PNS_11__tree_nodeISA_SJ_EElEERPNS_15__tree_end_nodeISL_EESM_RKT_	
0x36408c	.text	_ZNSt6__ndk16__treeINS_12__value_typeIiNS_6vectorIPN7Walaber11SpriteBatch10DrawActionENS_9allocatorIS6_EEEEEENS_19__map_value_compareIiSA_NS_4lessIiEELb1EEENS7_ISA_EEE16__construct_nodeIJRKNS_4pairIKiS9_EEEEENS_10unique_ptrINS_11__tree_nodeISA_PvEENS_22__tree_node_destructorINS7_ISQ_EEEEEEDpOT_	__construct_node<std::__ndk1::pair<int_const,std::__ndk1::vector<Walaber::SpriteBatch::DrawAction*,std::__ndk1::allocator<Walaber::SpriteBatch::DrawAction*>>>const&>
0x364100	.text	_ZNSt6__ndk16vectorIPN7Walaber11SpriteBatch10DrawActionENS_9allocatorIS4_EEEC2ERKS7_	
0x364184	.text	_ZNSt6__ndk16vectorIPN7Walaber11SpriteBatch10DrawActionENS_9allocatorIS4_EEE11__vallocateEm	
0x3641c8	.text	_ZNSt6__ndk16__treeINS_12__value_typeIiNS_6vectorIPN7Walaber11SpriteBatch10DrawActionENS_9allocatorIS6_EEEEEENS_19__map_value_compareIiSA_NS_4lessIiEELb1EEENS7_ISA_EEE14__assign_multiINS_21__tree_const_iteratorISA_PNS_11__tree_nodeISA_PvEElEEEEvT_SO_	__assign_multi<std::__ndk1::__tree_const_iterator<std::__ndk1::__value_type<int,std::__ndk1::vector<Walaber::SpriteBatch::DrawAction*,std::__ndk1::allocator<Walaber::SpriteBatch::DrawAction*>>>,std::__ndk1::__tree_node<std::__ndk1::__value_type<int,std::__ndk1::vector<Walaber::SpriteBatch::DrawAction*,std::__ndk1::allocator<Walaber::SpriteBatch::DrawAction*>>>,void*>*,long>>
0x3643dc	.text	_ZNSt6__ndk16__treeINS_12__value_typeIiNS_6vectorIPN7Walaber11SpriteBatch10DrawActionENS_9allocatorIS6_EEEEEENS_19__map_value_compareIiSA_NS_4lessIiEELb1EEENS7_ISA_EEE8__detachEPNS_11__tree_nodeISA_PvEE	
0x364438	.text	_ZNSt6__ndk16vectorIPN7Walaber11SpriteBatch10DrawActionENS_9allocatorIS4_EEE6assignIPS4_EENS_9enable_ifIXaasr21__is_forward_iteratorIT_EE5valuesr16is_constructibleIS4_NS_15iterator_traitsISB_E9referenceEEE5valueEvE4typeESB_SB_	assign<Walaber::SpriteBatch::DrawAction**>
0x364578	.text	_ZNSt6__ndk16__treeINS_12__value_typeIiNS_6vectorIPN7Walaber11SpriteBatch10DrawActionENS_9allocatorIS6_EEEEEENS_19__map_value_compareIiSA_NS_4lessIiEELb1EEENS7_ISA_EEE15__emplace_multiIJRKNS_4pairIKiS9_EEEEENS_15__tree_iteratorISA_PNS_11__tree_nodeISA_PvEElEEDpOT_	__emplace_multi<std::__ndk1::pair<int_const,std::__ndk1::vector<Walaber::SpriteBatch::DrawAction*,std::__ndk1::allocator<Walaber::SpriteBatch::DrawAction*>>>const&>
0x36461c	.text	_ZN7Walaber10BitmapFontC2Ev	
0x364668	.text	_ZN7Walaber10BitmapFontD2Ev	
0x3646d4	.text	_ZN7Walaber10BitmapFont4loadENSt6__ndk112basic_stringIcNS1_11char_traitsIcEENS1_9allocatorIcEEEENS_9SharedPtrINS_8CallbackEEE	
0x36483c	.text	_ZN7Walaber10BitmapFont14_xmlFileLoadedEPv	
0x3657ec	.text	_ZN7Walaber9SharedPtrINS_14MemberCallbackINS_10BitmapFontEEEED2Ev	
0x365844	.text	_ZN7Walaber10BitmapFont8addGlyphERKNSt6__ndk112basic_stringIcNS1_11char_traitsIcEENS1_9allocatorIcEEEERKNS_4RectERKNS_7Vector2ESF_fNS_9SharedPtrINS_7TextureEEE	
0x36591c	.text	_ZNK7Walaber10BitmapFont12_getGlyphKeyERjRKNSt6__ndk112basic_stringIcNS2_11char_traitsIcEENS2_9allocatorIcEEEE	
0x3659c4	.text	_ZN7Walaber10BitmapFont11addGlyphKeyEjRKNS_4RectERKNS_7Vector2ES6_fNS_9SharedPtrINS_7TextureEEEb	
0x365be8	.text	_ZNSt6__ndk16vectorINS0_IN7Walaber24PositionTextureColorVertENS_9allocatorIS2_EEEENS3_IS5_EEE7reserveEm	
0x365c94	.text	_ZNK7Walaber10BitmapFont8getGlyphERjRKNSt6__ndk112basic_stringIcNS2_11char_traitsIcEENS2_9allocatorIcEEEE	
0x365d4c	.text	_ZNK7Walaber10BitmapFont13measureStringERKNSt6__ndk112basic_stringIcNS1_11char_traitsIcEENS1_9allocatorIcEEEEf	
0x3660d4	.text	_ZNK7Walaber10BitmapFont8_getKernERKNS0_9GlyphInfoES3_	
0x366218	.text	_ZNK7Walaber10BitmapFont16measureCharacterEjf	
0x3662a8	.text	_ZNK7Walaber10BitmapFont10wrapStringERKNSt6__ndk112basic_stringIcNS1_11char_traitsIcEENS1_9allocatorIcEEEEff	
0x366310	.text	_ZNK7Walaber10BitmapFont17_wrapStringAtWordERiRKNSt6__ndk112basic_stringIcNS2_11char_traitsIcEENS2_9allocatorIcEEEEff	
0x36685c	.text	_ZNK7Walaber10BitmapFont17_wrapStringAtCharERiRKNSt6__ndk112basic_stringIcNS2_11char_traitsIcEENS2_9allocatorIcEEEEff	
0x366ad8	.text	_ZNK7Walaber10BitmapFont10wrapStringERiRKNSt6__ndk112basic_stringIcNS2_11char_traitsIcEENS2_9allocatorIcEEEEff	
0x366aec	.text	_ZNKSt6__ndk112basic_stringIcNS_11char_traitsIcEENS_9allocatorIcEEE4findEcm	
0x366b54	.text	_ZNSt6__ndk1plIcNS_11char_traitsIcEENS_9allocatorIcEEEENS_12basic_stringIT_T0_T1_EERKS9_SB_	
0x366c5c	.text	_ZNK7Walaber10BitmapFont16wrapStringInSizeERfRKNSt6__ndk112basic_stringIcNS2_11char_traitsIcEENS2_9allocatorIcEEEEfRKNS_7Vector2E	
0x366c6c	.text	_ZNK7Walaber10BitmapFont16wrapStringInSizeERiRfRKNSt6__ndk112basic_stringIcNS3_11char_traitsIcEENS3_9allocatorIcEEEEfRKNS_7Vector2E	
0x3674a0	.text	_ZNK7Walaber10BitmapFont23_recursiveBinaryMeasureERfRKNSt6__ndk112basic_stringIcNS2_11char_traitsIcEENS2_9allocatorIcEEEEffRKNS_7Vector2E	
0x367688	.text	_ZN7Walaber10BitmapFont10drawStringEPKcRKNS_7Vector2EffRKNS_5ColorENS0_13JustificationE	
0x3676fc	.text	_ZN7Walaber10BitmapFont17_clearVertBuffersEv	
0x367734	.text	_ZN7Walaber10BitmapFont17_drawStringCenterEPKcRKNS_7Vector2EffRKNS_5ColorE	
0x3678a0	.text	_ZN7Walaber10BitmapFont15_drawStringLeftEPKcRKNS_7Vector2EffRKNS_5ColorE	
0x367c74	.text	_ZN7Walaber10BitmapFont5flushEv	
0x367da4	.text	_ZN7Walaber10BitmapFont14drawStringWrapEPKcRKNS_7Vector2EfffRKNS_5ColorENS0_13JustificationE	
0x367f50	.text	_ZN7Walaber10BitmapFont9_wrapTextERiNSt6__ndk112basic_stringIcNS2_11char_traitsIcEENS2_9allocatorIcEEEEff	
0x36821c	.text	_ZN7Walaber10BitmapFont19drawStringWrapScaleEPKcRKNS_7Vector2EffS5_RKNS_5ColorENS0_13JustificationE	
0x3683bc	.text	_ZN7Walaber10BitmapFont14_wrapTextScaleERffNSt6__ndk112basic_stringIcNS2_11char_traitsIcEENS2_9allocatorIcEEEERKNS_7Vector2E	
0x3685b4	.text	_ZN7Walaber10BitmapFont10_drawGlyphERKNS0_9GlyphInfoERKNS_7Vector2Effff	
0x3686f4	.text	_ZN7Walaber10BitmapFont16_drawStringRightEPKcRKNS_7Vector2EffRKNS_5ColorE	
0x3686f8	.text	_ZN7Walaber10GraphicsGL24disableVertexClientStateEv	
0x36872c	.text	_ZN7Walaber10GraphicsGL23disableColorClientStateEv	
0x368770	.text	_ZN7Walaber10BitmapFont21_insertQuadIntoBufferEi	
0x3689b4	.text	_ZNSt6__ndk16__treeINS_12__value_typeINS_12basic_stringIcNS_11char_traitsIcEENS_9allocatorIcEEEEfEENS_19__map_value_compareIS7_S8_NS_4lessIS7_EELb1EEENS5_IS8_EEE7destroyEPNS_11__tree_nodeIS8_PvEE	
0x368a04	.text	_ZNSt6__ndk16__treeINS_12__value_typeIjN7Walaber10BitmapFont9GlyphInfoEEENS_19__map_value_compareIjS5_NS_4lessIjEELb1EEENS_9allocatorIS5_EEE7destroyEPNS_11__tree_nodeIS5_PvEE	
0x368a44	.text	_ZNSt6__ndk16vectorIN7Walaber9SharedPtrINS1_7TextureEEENS_9allocatorIS4_EEE21__push_back_slow_pathIRKS4_EEvOT_	__push_back_slow_path<Walaber::SharedPtr<Walaber::Texture>const&>
0x368b40	.text	_ZNSt6__ndk114__split_bufferIN7Walaber9SharedPtrINS1_7TextureEEERNS_9allocatorIS4_EEEC2EmmS7_	
0x368bf0	.text	_ZNSt6__ndk16vectorIN7Walaber9SharedPtrINS1_7TextureEEENS_9allocatorIS4_EEE26__swap_out_circular_bufferERNS_14__split_bufferIS4_RS6_EE	
0x368c74	.text	_ZNSt6__ndk114__split_bufferIN7Walaber9SharedPtrINS1_7TextureEEERNS_9allocatorIS4_EEED2Ev	
0x368cc4	.text	_ZNSt6__ndk113__vector_baseINS_6vectorIN7Walaber24PositionTextureColorVertENS_9allocatorIS3_EEEENS4_IS6_EEED2Ev	
0x368d3c	.text	_ZNSt6__ndk113__vector_baseIN7Walaber9SharedPtrINS1_7TextureEEENS_9allocatorIS4_EEED2Ev	
0x368da8	.text	_ZN7Walaber14MemberCallbackINS_10BitmapFontEED0Ev	
0x368dac	.text	_ZN7Walaber14MemberCallbackINS_10BitmapFontEE6invokeEPv	
0x368ddc	.text	_ZNSt6__ndk16__treeINS_12__value_typeIjN7Walaber10BitmapFont9GlyphInfoEEENS_19__map_value_compareIjS5_NS_4lessIjEELb1EEENS_9allocatorIS5_EEE25__emplace_unique_key_argsIjJRKNS_21piecewise_construct_tENS_5tupleIJRKjEEENSH_IJEEEEEENS_4pairINS_15__tree_iteratorIS5_PNS_11__tree_nodeIS5_PvEElEEbEERKT_DpOT0_	
0x368ed4	.text	_ZNSt6__ndk16__treeINS_12__value_typeIjN7Walaber10BitmapFont9GlyphInfoEEENS_19__map_value_compareIjS5_NS_4lessIjEELb1EEENS_9allocatorIS5_EEE16__insert_node_atEPNS_15__tree_end_nodeIPNS_16__tree_node_baseIPvEEEERSH_SH_	
0x368f28	.text	_ZNSt6__ndk114__split_bufferINS_6vectorIN7Walaber24PositionTextureColorVertENS_9allocatorIS3_EEEERNS4_IS6_EEEC2EmmS8_	
0x368fec	.text	_ZNSt6__ndk16vectorINS0_IN7Walaber24PositionTextureColorVertENS_9allocatorIS2_EEEENS3_IS5_EEE26__swap_out_circular_bufferERNS_14__split_bufferIS5_RS6_EE	
0x369070	.text	_ZNSt6__ndk114__split_bufferINS_6vectorIN7Walaber24PositionTextureColorVertENS_9allocatorIS3_EEEERNS4_IS6_EEED2Ev	
0x3690d4	.text	_ZNSt6__ndk16vectorINS0_IN7Walaber24PositionTextureColorVertENS_9allocatorIS2_EEEENS3_IS5_EEE21__push_back_slow_pathIS5_EEvOT_	__push_back_slow_path<std::__ndk1::vector<Walaber::PositionTextureColorVert,std::__ndk1::allocator<Walaber::PositionTextureColorVert>>>
0x3691f0	.text	_ZNSt6__ndk16vectorINS_12basic_stringIcNS_11char_traitsIcEENS_9allocatorIcEEEENS4_IS6_EEE21__push_back_slow_pathIS6_EEvOT_	__push_back_slow_path<std::__ndk1::basic_string<char,std::__ndk1::char_traits<char>,std::__ndk1::allocator<char>>>
0x369350	.text	_ZNSt6__ndk16__treeINS_12__value_typeIjN7Walaber10BitmapFont9GlyphInfoEEENS_19__map_value_compareIjS5_NS_4lessIjEELb1EEENS_9allocatorIS5_EEE25__emplace_unique_key_argsIjJRKNS_21piecewise_construct_tENS_5tupleIJOjEEENSH_IJEEEEEENS_4pairINS_15__tree_iteratorIS5_PNS_11__tree_nodeIS5_PvEElEEbEERKT_DpOT0_	__emplace_unique_key_args<unsigned_int,std::__ndk1::piecewise_construct_t_const&,std::__ndk1::tuple<unsigned_int&&>,std::__ndk1::tuple<>>
0x369448	.text	_ZNSt6__ndk16__treeINS_12__value_typeINS_12basic_stringIcNS_11char_traitsIcEENS_9allocatorIcEEEEfEENS_19__map_value_compareIS7_S8_NS_4lessIS7_EELb1EEENS5_IS8_EEE25__emplace_unique_key_argsIS7_JRKNS_21piecewise_construct_tENS_5tupleIJOS7_EEENSJ_IJEEEEEENS_4pairINS_15__tree_iteratorIS8_PNS_11__tree_nodeIS8_PvEElEEbEERKT_DpOT0_	
0x369508	.text	_ZNSt6__ndk16__treeINS_12__value_typeINS_12basic_stringIcNS_11char_traitsIcEENS_9allocatorIcEEEEfEENS_19__map_value_compareIS7_S8_NS_4lessIS7_EELb1EEENS5_IS8_EEE12__find_equalIS7_EERPNS_16__tree_node_baseIPvEERPNS_15__tree_end_nodeISJ_EERKT_	
0x369634	.text	_ZNSt6__ndk16__treeINS_12__value_typeINS_12basic_stringIcNS_11char_traitsIcEENS_9allocatorIcEEEEfEENS_19__map_value_compareIS7_S8_NS_4lessIS7_EELb1EEENS5_IS8_EEE16__insert_node_atEPNS_15__tree_end_nodeIPNS_16__tree_node_baseIPvEEEERSJ_SJ_	
0x369688	.text	_ZNKSt6__ndk16__treeINS_12__value_typeINS_12basic_stringIcNS_11char_traitsIcEENS_9allocatorIcEEEEfEENS_19__map_value_compareIS7_S8_NS_4lessIS7_EELb1EEENS5_IS8_EEE4findIS7_EENS_21__tree_const_iteratorIS8_PNS_11__tree_nodeIS8_PvEElEERKT_	find<std::__ndk1::basic_string<char,std::__ndk1::char_traits<char>,std::__ndk1::allocator<char>>>
0x369740	.text	_ZNKSt6__ndk16__treeINS_12__value_typeINS_12basic_stringIcNS_11char_traitsIcEENS_9allocatorIcEEEEfEENS_19__map_value_compareIS7_S8_NS_4lessIS7_EELb1EEENS5_IS8_EEE13__lower_boundIS7_EENS_21__tree_const_iteratorIS8_PNS_11__tree_nodeIS8_PvEElEERKT_SK_PNS_15__tree_end_nodeIPNS_16__tree_node_baseISI_EEEE	__lower_bound<std::__ndk1::basic_string<char,std::__ndk1::char_traits<char>,std::__ndk1::allocator<char>>>
0x3697f0	.text	_ZN7Walaber12CircleHelper23drawFilledCircleSegmentERKNS_7Vector2EfffbRKNS_5ColorE	
0x369984	.text	_ZN7Walaber12CircleHelper11_resetVertsERKNS_5ColorE	
0x369a80	.text	_ZN7Walaber12CircleHelper15drawCurvedArrowERKNS_7Vector2EfffbfRKNS_5ColorE	
0x369cdc	.text	_ZN7Walaber11FontManager14getInstancePtrEv	
0x369d28	.text	_ZN7Walaber11FontManager7getFontENSt6__ndk112basic_stringIcNS1_11char_traitsIcEENS1_9allocatorIcEEEE	
0x369d64	.text	_ZN7Walaber11FontManager7addFontENSt6__ndk112basic_stringIcNS1_11char_traitsIcEENS1_9allocatorIcEEEES7_	
0x369f14	.text	_ZN7Walaber11FontManager11_fontLoadedEPv	
0x36a170	.text	_ZN7Walaber9SharedPtrINS_14MemberCallbackINS_11FontManagerEEEED2Ev	
0x36a1c8	.text	_ZN7Walaber10BitmapFont13notifyTextureENS_9SharedPtrINS_7TextureEEE	
0x36a208	.text	_ZN7Walaber11FontManager14removeAllFontsEv	
0x36a2c4	.text	_ZNSt6__ndk16__treeINS_12__value_typeINS_12basic_stringIcNS_11char_traitsIcEENS_9allocatorIcEEEEPN7Walaber10BitmapFontEEENS_19__map_value_compareIS7_SB_NS_4lessIS7_EELb1EEENS5_ISB_EEE4findIS7_EENS_15__tree_iteratorISB_PNS_11__tree_nodeISB_PvEElEERKT_	find<std::__ndk1::basic_string<char,std::__ndk1::char_traits<char>,std::__ndk1::allocator<char>>>
0x36a37c	.text	_ZNSt6__ndk16__treeINS_12__value_typeINS_12basic_stringIcNS_11char_traitsIcEENS_9allocatorIcEEEEPN7Walaber10BitmapFontEEENS_19__map_value_compareIS7_SB_NS_4lessIS7_EELb1EEENS5_ISB_EEE13__lower_boundIS7_EENS_15__tree_iteratorISB_PNS_11__tree_nodeISB_PvEElEERKT_SN_PNS_15__tree_end_nodeIPNS_16__tree_node_baseISL_EEEE	__lower_bound<std::__ndk1::basic_string<char,std::__ndk1::char_traits<char>,std::__ndk1::allocator<char>>>
0x36a42c	.text	_ZNSt6__ndk16__treeINS_12__value_typeINS_12basic_stringIcNS_11char_traitsIcEENS_9allocatorIcEEEEPN7Walaber10BitmapFontEEENS_19__map_value_compareIS7_SB_NS_4lessIS7_EELb1EEENS5_ISB_EEE25__emplace_unique_key_argsIS7_JRKNS_21piecewise_construct_tENS_5tupleIJRKS7_EEENSM_IJEEEEEENS_4pairINS_15__tree_iteratorISB_PNS_11__tree_nodeISB_PvEElEEbEERKT_DpOT0_	
0x36a4dc	.text	_ZNSt6__ndk16__treeINS_12__value_typeINS_12basic_stringIcNS_11char_traitsIcEENS_9allocatorIcEEEEPN7Walaber10BitmapFontEEENS_19__map_value_compareIS7_SB_NS_4lessIS7_EELb1EEENS5_ISB_EEE12__find_equalIS7_EERPNS_16__tree_node_baseIPvEERPNS_15__tree_end_nodeISM_EERKT_	__find_equal<std::__ndk1::basic_string<char,std::__ndk1::char_traits<char>,std::__ndk1::allocator<char>>>
0x36a608	.text	_ZNSt6__ndk16__treeINS_12__value_typeINS_12basic_stringIcNS_11char_traitsIcEENS_9allocatorIcEEEEPN7Walaber10BitmapFontEEENS_19__map_value_compareIS7_SB_NS_4lessIS7_EELb1EEENS5_ISB_EEE16__construct_nodeIJRKNS_21piecewise_construct_tENS_5tupleIJRKS7_EEENSM_IJEEEEEENS_10unique_ptrINS_11__tree_nodeISB_PvEENS_22__tree_node_destructorINS5_ISU_EEEEEEDpOT_	
0x36a678	.text	_ZNSt6__ndk16__treeINS_12__value_typeINS_12basic_stringIcNS_11char_traitsIcEENS_9allocatorIcEEEEPN7Walaber10BitmapFontEEENS_19__map_value_compareIS7_SB_NS_4lessIS7_EELb1EEENS5_ISB_EEE16__insert_node_atEPNS_15__tree_end_nodeIPNS_16__tree_node_baseIPvEEEERSM_SM_	
0x36a6cc	.text	_ZN7Walaber14MemberCallbackINS_11FontManagerEED0Ev	
0x36a6d0	.text	_ZN7Walaber14MemberCallbackINS_11FontManagerEE6invokeEPv	
0x36a700	.text	_ZNSt6__ndk16__treeINS_12__value_typeINS_12basic_stringIcNS_11char_traitsIcEENS_9allocatorIcEEEEPN7Walaber10BitmapFontEEENS_19__map_value_compareIS7_SB_NS_4lessIS7_EELb1EEENS5_ISB_EEE7destroyEPNS_11__tree_nodeISB_PvEE	
0x36a750	.text	_ZN7Walaber6WidgetC2EijNS_7Vector2ES1_NS_17WidgetOrientationEi	
0x36a8e4	.text	_ZN7Walaber6Widget19_generateWidgetNameEi	
0x36a8ec	.text	_ZN7Walaber9Utilities10create_mapINSt6__ndk112basic_stringIcNS2_11char_traitsIcEENS2_9allocatorIcEEEENS_10WidgetTypeEEC2ERKS8_RKS9_	
0x36a980	.text	_ZN7Walaber9Utilities10create_mapINSt6__ndk112basic_stringIcNS2_11char_traitsIcEENS2_9allocatorIcEEEENS_10WidgetTypeEEcvNS2_3mapIS8_S9_NS2_4lessIS8_EENS6_INS2_4pairIKS8_S9_EEEEEEEv	
0x36aa44	.text	_ZNSt6__ndk13mapINS_12basic_stringIcNS_11char_traitsIcEENS_9allocatorIcEEEEN7Walaber10WidgetTypeENS_4lessIS6_EENS4_INS_4pairIKS6_S8_EEEEED2Ev	
0x36aa4c	.text	_ZN7Walaber6Widget23getWidgetTypeFromStringENSt6__ndk112basic_stringIcNS1_11char_traitsIcEENS1_9allocatorIcEEEERNS_10WidgetTypeE	
0x36aa9c	.text	_ZN7Walaber6Widget8setLayerEi	
0x36aac0	.text	_ZN7Walaber13WidgetManager16updateLayerCountEi	
0x36aad8	.text	_ZN7Walaber6Widget16setLocalPositionERKNS_7Vector2E	
0x36aafc	.text	_ZN7Walaber6Widget11_updateAABBEv	
0x36abf0	.text	_ZN7Walaber6Widget19applyPositionOffsetERKNS_7Vector2E	
0x36ac14	.text	_ZN7Walaber6Widget13setLocalScaleERKNS_7Vector2E	
0x36ac38	.text	_ZN7Walaber6Widget11setBaseSizeENS_7Vector2E	
0x36ac44	.text	_ZN7Walaber6Widget12setWidgetMgrEPNS_13WidgetManagerE	
0x36ac4c	.text	_ZN7Walaber6Widget4drawEPNS_11SpriteBatchE	
0x36ac50	.text	_ZN7Walaber6Widget4drawEPNS_11SpriteBatchENS_7Vector2E	
0x36ac64	.text	_ZN7Walaber6Widget9_getAngleEv	
0x36ace8	.text	_ZN7Walaber13WidgetManagerC2EPNS_25WidgetManagerEventHandlerERKNS_7Vector2E	
0x36ad5c	.text	_ZN7Walaber13WidgetManagerD1Ev	
0x36ae28	.text	_ZN7Walaber13WidgetManager9addWidgetEPNS_6WidgetEi	
0x36ae90	.text	_ZN7Walaber6Widget18getWidgetNameAsIntEv	
0x36afa4	.text	_ZN7Walaber13WidgetManager12removeWidgetEPNS_6WidgetE	
0x36aff4	.text	_ZN7Walaber13WidgetManager22removeAndDestroyWidgetEPNS_6WidgetE	
0x36affc	.text	_ZN7Walaber13WidgetManager25clearAndDestroyAllWidgetsEv	
0x36b030	.text	_ZN7Walaber13WidgetManager9getWidgetEi	
0x36b0c0	.text	_ZN7Walaber13WidgetManager6updateEf	
0x36b9d4	.text	_ZN7Walaber13WidgetManager15updateCustomizeEv	
0x36bd68	.text	_ZN7Walaber13WidgetManager7drawAllERNS_11SpriteBatchE	
0x36c10c	.text	_ZN7Walaber13WidgetManager14drawLayerRangeERNS_11SpriteBatchEPNS_6CameraEii	
0x36c4ec	.text	_ZN7Walaber13WidgetManager14drawLayerRangeERNS_11SpriteBatchEii	
0x36c7d0	.text	_ZN7Walaber13WidgetManager16setCustomizeModeEb	
0x36c810	.text	_ZN7Walaber13WidgetManager13_clearFingersEv	
0x36ca28	.text	_ZN7Walaber13WidgetManager14isMovingWidgetEv	
0x36caac	.text	_ZN7Walaber13WidgetManager11_snapWidgetEPNS_6WidgetENS_7Vector2ENS_4AABBE	
0x36cc40	.text	_ZN7Walaber13WidgetManager9touchDownEiNS_7Vector2E	
0x36cf00	.text	_ZN7Walaber13WidgetManager10touchMovedEiNS_7Vector2ES1_	
0x36cf7c	.text	_ZN7Walaber13WidgetManager7touchUpEiNS_7Vector2E	
0x36d200	.text	_ZN7Walaber13WidgetManager15getBoundingAreaEv	
0x36d370	.text	_ZN7Walaber13WidgetManager11reloadFontsEv	
0x36d4a4	.text	_ZN7Walaber6WidgetD2Ev	
0x36d4e4	.text	_ZN7Walaber6WidgetD0Ev	
0x36d508	.text	_ZN7Walaber6Widget11setRotationEf	
0x36d568	.text	_ZN7Walaber6Widget10setEnabledEb	
0x36d574	.text	_ZN7Walaber6Widget5resetEv	
0x36d578	.text	_ZN7Walaber6Widget7setFontERKNSt6__ndk112basic_stringIcNS1_11char_traitsIcEENS1_9allocatorIcEEEE	
0x36d5a8	.text	_ZN7Walaber6Widget10reloadFontEv	
0x36d644	.text	_ZN7Walaber6Widget6updateEfRNS0_15WidgetActionRetE	
0x36d64c	.text	_ZN7Walaber6Widget19acceptNewFingerDownEiPNS_10FingerInfoE	
0x36d654	.text	_ZN7Walaber6Widget22acceptNewFingerEnteredEiPNS_10FingerInfoE	
0x36d65c	.text	_ZN7Walaber6Widget18releaseFingerMovedEiPNS_10FingerInfoE	
0x36d664	.text	_ZN7Walaber6Widget19releaseFingerStayedEiPNS_10FingerInfoE	
0x36d66c	.text	_ZN7Walaber6Widget15releaseFingerUpEiPNS_10FingerInfoE	
0x36d670	.text	_ZN7Walaber6Widget17releaseFingerLeftEiPNS_10FingerInfoE	
0x36d678	.text	_ZN7Walaber6Widget16notifyFingerLostEiPNS_10FingerInfoE	
0x36d67c	.text	_ZNSt6__ndk16__treeINS_12__value_typeINS_12basic_stringIcNS_11char_traitsIcEENS_9allocatorIcEEEEN7Walaber10WidgetTypeEEENS_19__map_value_compareIS7_SA_NS_4lessIS7_EELb1EEENS5_ISA_EEE7destroyEPNS_11__tree_nodeISA_PvEE	
0x36d6cc	.text	_ZNSt6__ndk16__treeINS_12__value_typeIPN7Walaber6WidgetENS2_7Vector2EEENS_19__map_value_compareIS4_S6_NS_4lessIS4_EELb1EEENS_9allocatorIS6_EEE7destroyEPNS_11__tree_nodeIS6_PvEE	
0x36d70c	.text	_ZNSt6__ndk16__treeINS_12__value_typeIiPN7Walaber10FingerInfoEEENS_19__map_value_compareIiS5_NS_4lessIiEELb1EEENS_9allocatorIS5_EEE7destroyEPNS_11__tree_nodeIS5_PvEE	
0x36d74c	.text	_ZNSt6__ndk16__treeINS_12__value_typeIiPN7Walaber6WidgetEEENS_19__map_value_compareIiS5_NS_4lessIiEELb1EEENS_9allocatorIS5_EEE7destroyEPNS_11__tree_nodeIS5_PvEE	
0x36d78c	.text	_ZNSt6__ndk112__deque_baseIPN7Walaber7PCSNodeENS_9allocatorIS3_EEED2Ev	
0x36d7d4	.text	_ZNSt6__ndk112__deque_baseIPN7Walaber7PCSNodeENS_9allocatorIS3_EEE5clearEv	
0x36d8b8	.text	_ZNSt6__ndk114__split_bufferIPPN7Walaber7PCSNodeENS_9allocatorIS4_EEED2Ev	
0x36d8ec	.text	_ZNSt6__ndk16__treeINS_12__value_typeINS_12basic_stringIcNS_11char_traitsIcEENS_9allocatorIcEEEEN7Walaber10WidgetTypeEEENS_19__map_value_compareIS7_SA_NS_4lessIS7_EELb1EEENS5_ISA_EEE25__emplace_unique_key_argsIS7_JRKNS_21piecewise_construct_tENS_5tupleIJRKS7_EEENSL_IJEEEEEENS_4pairINS_15__tree_iteratorISA_PNS_11__tree_nodeISA_PvEElEEbEERKT_DpOT0_	__emplace_unique_key_args<std::__ndk1::basic_string<char,std::__ndk1::char_traits<char>,std::__ndk1::allocator<char>>,std::__ndk1::piecewise_construct_t_const&,std::__ndk1::tuple<std::__ndk1::basic_string<char,std::__ndk1::char_traits<char>,std::__ndk1::allocator<char>>const&>,std::__ndk1::tuple<>>
0x36d99c	.text	_ZNSt6__ndk16__treeINS_12__value_typeINS_12basic_stringIcNS_11char_traitsIcEENS_9allocatorIcEEEEN7Walaber10WidgetTypeEEENS_19__map_value_compareIS7_SA_NS_4lessIS7_EELb1EEENS5_ISA_EEE12__find_equalIS7_EERPNS_16__tree_node_baseIPvEERPNS_15__tree_end_nodeISL_EERKT_	__find_equal<std::__ndk1::basic_string<char,std::__ndk1::char_traits<char>,std::__ndk1::allocator<char>>>
0x36dac8	.text	_ZNSt6__ndk16__treeINS_12__value_typeINS_12basic_stringIcNS_11char_traitsIcEENS_9allocatorIcEEEEN7Walaber10WidgetTypeEEENS_19__map_value_compareIS7_SA_NS_4lessIS7_EELb1EEENS5_ISA_EEE16__construct_nodeIJRKNS_21piecewise_construct_tENS_5tupleIJRKS7_EEENSL_IJEEEEEENS_10unique_ptrINS_11__tree_nodeISA_PvEENS_22__tree_node_destructorINS5_IST_EEEEEEDpOT_	__construct_node<std::__ndk1::piecewise_construct_t_const&,std::__ndk1::tuple<std::__ndk1::basic_string<char,std::__ndk1::char_traits<char>,std::__ndk1::allocator<char>>const&>,std::__ndk1::tuple<>>
0x36db38	.text	_ZNSt6__ndk16__treeINS_12__value_typeINS_12basic_stringIcNS_11char_traitsIcEENS_9allocatorIcEEEEN7Walaber10WidgetTypeEEENS_19__map_value_compareIS7_SA_NS_4lessIS7_EELb1EEENS5_ISA_EEE16__insert_node_atEPNS_15__tree_end_nodeIPNS_16__tree_node_baseIPvEEEERSL_SL_	
0x36db8c	.text	_ZNSt6__ndk16__treeINS_12__value_typeINS_12basic_stringIcNS_11char_traitsIcEENS_9allocatorIcEEEEN7Walaber10WidgetTypeEEENS_19__map_value_compareIS7_SA_NS_4lessIS7_EELb1EEENS5_ISA_EEE30__emplace_hint_unique_key_argsIS7_JRKNS_4pairIKS7_S9_EEEEENS_15__tree_iteratorISA_PNS_11__tree_nodeISA_PvEElEENS_21__tree_const_iteratorISA_SR_lEERKT_DpOT0_	__emplace_hint_unique_key_args<std::__ndk1::basic_string<char,std::__ndk1::char_traits<char>,std::__ndk1::allocator<char>>,std::__ndk1::pair<std::__ndk1::basic_string<char,std::__ndk1::char_traits<char>,std::__ndk1::allocator<char>>const,Walaber::WidgetType>const&>
0x36dc1c	.text	_ZNSt6__ndk16__treeINS_12__value_typeINS_12basic_stringIcNS_11char_traitsIcEENS_9allocatorIcEEEEN7Walaber10WidgetTypeEEENS_19__map_value_compareIS7_SA_NS_4lessIS7_EELb1EEENS5_ISA_EEE12__find_equalIS7_EERPNS_16__tree_node_baseIPvEENS_21__tree_const_iteratorISA_PNS_11__tree_nodeISA_SJ_EElEERPNS_15__tree_end_nodeISL_EESM_RKT_	__find_equal<std::__ndk1::basic_string<char,std::__ndk1::char_traits<char>,std::__ndk1::allocator<char>>>
0x36df08	.text	_ZNSt6__ndk16__treeINS_12__value_typeINS_12basic_stringIcNS_11char_traitsIcEENS_9allocatorIcEEEEN7Walaber10WidgetTypeEEENS_19__map_value_compareIS7_SA_NS_4lessIS7_EELb1EEENS5_ISA_EEE16__construct_nodeIJRKNS_4pairIKS7_S9_EEEEENS_10unique_ptrINS_11__tree_nodeISA_PvEENS_22__tree_node_destructorINS5_ISQ_EEEEEEDpOT_	__construct_node<std::__ndk1::pair<std::__ndk1::basic_string<char,std::__ndk1::char_traits<char>,std::__ndk1::allocator<char>>const,Walaber::WidgetType>const&>
0x36df7c	.text	_ZNSt6__ndk16__treeINS_12__value_typeINS_12basic_stringIcNS_11char_traitsIcEENS_9allocatorIcEEEEN7Walaber10WidgetTypeEEENS_19__map_value_compareIS7_SA_NS_4lessIS7_EELb1EEENS5_ISA_EEE4findIS7_EENS_15__tree_iteratorISA_PNS_11__tree_nodeISA_PvEElEERKT_	find<std::__ndk1::basic_string<char,std::__ndk1::char_traits<char>,std::__ndk1::allocator<char>>>
0x36e034	.text	_ZNSt6__ndk16__treeINS_12__value_typeINS_12basic_stringIcNS_11char_traitsIcEENS_9allocatorIcEEEEN7Walaber10WidgetTypeEEENS_19__map_value_compareIS7_SA_NS_4lessIS7_EELb1EEENS5_ISA_EEE13__lower_boundIS7_EENS_15__tree_iteratorISA_PNS_11__tree_nodeISA_PvEElEERKT_SM_PNS_15__tree_end_nodeIPNS_16__tree_node_baseISK_EEEE	__lower_bound<std::__ndk1::basic_string<char,std::__ndk1::char_traits<char>,std::__ndk1::allocator<char>>>
0x36e0e4	.text	_ZNSt6__ndk15dequeIPN7Walaber7PCSNodeENS_9allocatorIS3_EEE9push_backEOS3_	
0x36e15c	.text	_ZNSt6__ndk15dequeIPN7Walaber7PCSNodeENS_9allocatorIS3_EEE19__add_back_capacityEv	
0x36e4dc	.text	_ZNSt6__ndk114__split_bufferIPPN7Walaber7PCSNodeENS_9allocatorIS4_EEE9push_backEOS4_	
0x36e65c	.text	_ZNSt6__ndk114__split_bufferIPPN7Walaber7PCSNodeENS_9allocatorIS4_EEE10push_frontEOS4_	
0x36e7e4	.text	_ZNSt6__ndk114__split_bufferIPPN7Walaber7PCSNodeERNS_9allocatorIS4_EEEC2EmmS7_	
0x36e894	.text	_ZNSt6__ndk114__split_bufferIPPN7Walaber7PCSNodeERNS_9allocatorIS4_EEE9push_backEOS4_	
0x36ea14	.text	_ZNSt6__ndk114__split_bufferIPPN7Walaber7PCSNodeERNS_9allocatorIS4_EEE10push_frontERKS4_	
0x36eb9c	.text	_ZNSt6__ndk15dequeIPN7Walaber7PCSNodeENS_9allocatorIS3_EEE8pop_backEv	
0x36ebfc	.text	_ZNSt6__ndk16__treeINS_12__value_typeIiPN7Walaber6WidgetEEENS_19__map_value_compareIiS5_NS_4lessIiEELb1EEENS_9allocatorIS5_EEE15__emplace_multiIJNS_4pairIiS4_EEEEENS_15__tree_iteratorIS5_PNS_11__tree_nodeIS5_PvEElEEDpOT_	__emplace_multi<std::__ndk1::pair<int,Walaber::Widget*>>
0x36ec90	.text	_ZNSt6__ndk16__treeINS_12__value_typeIiPN7Walaber6WidgetEEENS_19__map_value_compareIiS5_NS_4lessIiEELb1EEENS_9allocatorIS5_EEE16__insert_node_atEPNS_15__tree_end_nodeIPNS_16__tree_node_baseIPvEEEERSH_SH_	
0x36ece4	.text	_ZNSt6__ndk16__treeINS_12__value_typeIiPN7Walaber10FingerInfoEEENS_19__map_value_compareIiS5_NS_4lessIiEELb1EEENS_9allocatorIS5_EEE5eraseENS_21__tree_const_iteratorIS5_PNS_11__tree_nodeIS5_PvEElEE	
0x36ed78	.text	_ZNSt6__ndk16__treeINS_12__value_typeIPN7Walaber6WidgetENS2_7Vector2EEENS_19__map_value_compareIS4_S6_NS_4lessIS4_EELb1EEENS_9allocatorIS6_EEE25__emplace_unique_key_argsIS4_JRKNS_21piecewise_construct_tENS_5tupleIJOS4_EEENSI_IJEEEEEENS_4pairINS_15__tree_iteratorIS6_PNS_11__tree_nodeIS6_PvEElEEbEERKT_DpOT0_	__emplace_unique_key_args<Walaber::Widget*,std::__ndk1::piecewise_construct_t_const&,std::__ndk1::tuple<Walaber::Widget*&&>,std::__ndk1::tuple<>>
0x36ee48	.text	_ZNSt6__ndk16__treeINS_12__value_typeIPN7Walaber6WidgetENS2_7Vector2EEENS_19__map_value_compareIS4_S6_NS_4lessIS4_EELb1EEENS_9allocatorIS6_EEE16__insert_node_atEPNS_15__tree_end_nodeIPNS_16__tree_node_baseIPvEEEERSI_SI_	
0x36ee9c	.text	_ZNSt6__ndk16__treeINS_12__value_typeIiPN7Walaber10FingerInfoEEENS_19__map_value_compareIiS5_NS_4lessIiEELb1EEENS_9allocatorIS5_EEE25__emplace_unique_key_argsIiJRKNS_21piecewise_construct_tENS_5tupleIJRKiEEENSH_IJEEEEEENS_4pairINS_15__tree_iteratorIS5_PNS_11__tree_nodeIS5_PvEElEEbEERKT_DpOT0_	__emplace_unique_key_args<int,std::__ndk1::piecewise_construct_t_const&,std::__ndk1::tuple<int_const&>,std::__ndk1::tuple<>>
0x36ef70	.text	_ZNSt6__ndk16__treeINS_12__value_typeIiPN7Walaber10FingerInfoEEENS_19__map_value_compareIiS5_NS_4lessIiEELb1EEENS_9allocatorIS5_EEE16__insert_node_atEPNS_15__tree_end_nodeIPNS_16__tree_node_baseIPvEEEERSH_SH_	
0x36efc4	.text	_ZNSt6__ndk15dequeIPN7Walaber7PCSNodeENS_9allocatorIS3_EEE9push_backERKS3_	
0x36f03c	.text	_ZN7Walaber10QuadHelper8drawQuadEjRKNS_7Vector2EfS3_RKNS_5ColorE	
0x36f14c	.text	_ZN7Walaber10QuadHelper8drawQuadEjRKNS_7Vector2EfS3_RKNS_4RectEjjRKNS_5ColorEb	
0x36f2bc	.text	_ZN7Walaber10QuadHelper8drawQuadEjRKNS_7Vector2EfS3_RKNS_4RectERKNS_5ColorE	
0x36f2c8	.text	_ZN7Walaber10QuadHelper8drawQuadERKNS_7Vector2EfS3_RKNS_5ColorE	
0x36f3c4	.text	_ZN7Walaber10QuadHelper15drawQuadColoredERKNS_7Vector2EfS3_RKNS_5ColorE	
0x36f4a8	.text	_ZN7Walaber10QuadHelper15drawQuadOutlineERKNS_7Vector2EfS3_fRKNS_5ColorE	
0x36f6b0	.text	_ZNSt6__ndk13mapINS_12basic_stringIcNS_11char_traitsIcEENS_9allocatorIcEEEEN7Walaber12WidgetHelper21LoadPassThroughParamsENS_4lessIS6_EENS4_INS_4pairIKS6_S9_EEEEED2Ev	
0x36f6bc	.text	_ZNSt6__ndk13mapINS_12basic_stringIcNS_11char_traitsIcEENS_9allocatorIcEEEEPN7Walaber6WidgetENS_4lessIS6_EENS4_INS_4pairIKS6_S9_EEEEED2Ev	
0x36f6c4	.text	_ZN7Walaber12WidgetHelper16_clearPrototypesEv	
0x36f784	.text	_ZN7Walaber12WidgetHelper18_copyFromPrototypeEP8_xmlNodePNS_6WidgetES4_S4_i	
0x37012c	.text	_ZN7Walaber6Widget13getWidgetNameEv	
0x3701c4	.text	_ZN7Walaber17Widget_PushButtonaSERKS0_	
0x3703e8	.text	_ZN7Walaber18Widget_ColorPickeraSERKS0_	
0x37055c	.text	_ZN7Walaber15Widget_IconListaSERKS0_	
0x3706b8	.text	_ZN7Walaber13Widget_ToggleaSERKS0_	
0x370810	.text	_ZN7Walaber13Widget_SlideraSERKS0_	
0x370964	.text	_ZN7Walaber12Widget_LabelaSERKS0_	
0x370ac0	.text	_ZN7Walaber20Widget_MovingTextBoxaSERKS0_	
0x370c54	.text	_ZN7Walaber20Widget_FingerCatcheraSERKS0_	
0x370d44	.text	_ZN7Walaber22Widget_ScrollableGroupaSERKS0_	
0x370e9c	.text	_ZN7Walaber20Widget_ScrollableSetaSERKS0_	
0x370f98	.text	_ZN7Walaber19Widget_ScoreCounteraSERKS0_	
0x371130	.text	_ZN7Walaber23Widget_ScrollableCameraaSERKS0_	
0x371264	.text	_ZN7Walaber12WidgetHelper18_parseSizeToScreenEP8_xmlNodePNS_6WidgetE	
0x37158c	.text	_ZN7Walaber12WidgetHelper22_parsePositionToScreenEP8_xmlNodePNS_6WidgetENS_7Vector2E	
0x3719c0	.text	_ZN7Walaber12WidgetHelper15getTextureNamesERKNSt6__ndk112basic_stringIcNS1_11char_traitsIcEENS1_9allocatorIcEEEERNS1_6vectorIS7_NS5_IS7_EEEE	
0x371b10	.text	_ZN7Walaber12WidgetHelper12_openXMLFileERKNSt6__ndk112basic_stringIcNS1_11char_traitsIcEENS1_9allocatorIcEEEE	
0x371c78	.text	_ZN7Walaber12WidgetHelper15_getTextureNameEP8_xmlNodeRNSt6__ndk112basic_stringIcNS3_11char_traitsIcEENS3_9allocatorIcEEEE	
0x371da4	.text	_ZN7Walaber12WidgetHelper14loadWidgetsXMLERKNSt6__ndk112basic_stringIcNS1_11char_traitsIcEENS1_9allocatorIcEEEEPNS_13WidgetManagerENS_9SharedPtrINS_8CallbackEEE	
0x371f5c	.text	_ZN7Walaber12WidgetHelper24_recurseFileReadCallbackEPv	
0x372348	.text	_ZN7Walaber12WidgetHelper12_parseStringEP8_xmlNodePKc	
0x372498	.text	_ZN7Walaber12WidgetHelper13_closeXMLFileEv	
0x3724b8	.text	_ZN7Walaber12WidgetHelper32_createAndUpdateWidgetPrototypesEP8_xmlNode	
0x3727b4	.text	_ZN7Walaber12WidgetHelper22_createAndUpdateWidgetEP8_xmlNodePNS_6WidgetEiiNS_7Vector2ES5_S4_	
0x372fe4	.text	_ZN7Walaber12WidgetHelper17_createBaseWidgetEP8_xmlNodePNS_6WidgetEiPNS_13WidgetManagerE	
0x3731a4	.text	_ZN7Walaber12WidgetHelper9_parseIntEP8_xmlNodePKc	
0x373254	.text	_ZN7Walaber12WidgetHelper28_updateWidgetClassicControlsEP8_xmlNodePNS_22Widget_ClassicControlsEPNS_6WidgetE	
0x373258	.text	_ZN7Walaber12WidgetHelper23_updateWidgetPushButtonEP8_xmlNodePNS_17Widget_PushButtonEPNS_6WidgetE	
0x373cf8	.text	_ZN7Walaber12WidgetHelper24_updateWidgetTimedButtonEP8_xmlNodePNS_18Widget_TimedButtonEPNS_6WidgetE	
0x373ed0	.text	_ZN7Walaber12WidgetHelper20_updateWidgetSpinnerEP8_xmlNodePNS_14Widget_SpinnerEPNS_6WidgetE	
0x373fd8	.text	_ZN7Walaber12WidgetHelper24_updateWidgetColorPickerEP8_xmlNodePNS_18Widget_ColorPickerEPNS_6WidgetE	
0x374304	.text	_ZN7Walaber12WidgetHelper21_updateWidgetIconListEP8_xmlNodePNS_15Widget_IconListEPNS_6WidgetE	
0x374854	.text	_ZN7Walaber12WidgetHelper19_updateWidgetCanvasEP8_xmlNodePNS_13Widget_CanvasEPNS_6WidgetE	
0x374968	.text	_ZN7Walaber12WidgetHelper19_updateWidgetToggleEP8_xmlNodePNS_13Widget_ToggleEPNS_6WidgetE	
0x374ec8	.text	_ZN7Walaber12WidgetHelper19_updateWidgetSliderEP8_xmlNodePNS_13Widget_SliderEPNS_6WidgetE	
0x3754c0	.text	_ZN7Walaber12WidgetHelper18_updateWidgetLabelEP8_xmlNodePNS_12Widget_LabelEPNS_6WidgetE	
0x37601c	.text	_ZN7Walaber12WidgetHelper23_updateWidgetSlideWheelEP8_xmlNodePNS_17Widget_SlideWheelEPNS_6WidgetE	
0x376400	.text	_ZN7Walaber12WidgetHelper24_updateWidgetProgressBarEP8_xmlNodePNS_18Widget_ProgressBarEPNS_6WidgetE	
0x37693c	.text	_ZN7Walaber12WidgetHelper26_updateWidgetMovingTextBoxEP8_xmlNodePNS_20Widget_MovingTextBoxEPNS_6WidgetE	
0x377014	.text	_ZN7Walaber12WidgetHelper26_updateWidgetFingerCatcherEP8_xmlNodePNS_20Widget_FingerCatcherEPNS_6WidgetE	
0x377018	.text	_ZN7Walaber12WidgetHelper18_updateWidgetGroupEP8_xmlNodePNS_12Widget_GroupEPNS_6WidgetE	
0x37701c	.text	_ZN7Walaber12WidgetHelper28_updateWidgetScrollableGroupEP8_xmlNodePNS_22Widget_ScrollableGroupEPNS_6WidgetE	
0x377020	.text	_ZN7Walaber12WidgetHelper26_updateWidgetScrollableSetEP8_xmlNodePNS_20Widget_ScrollableSetEPNS_6WidgetE	
0x377024	.text	_ZN7Walaber12WidgetHelper29_updateWidgetScrollableCameraEP8_xmlNodePNS_23Widget_ScrollableCameraEPNS_6WidgetE	
0x377028	.text	_ZN7Walaber12WidgetHelper25_updateWidgetScoreCounterEP8_xmlNodePNS_19Widget_ScoreCounterEPNS_6WidgetE	
0x37702c	.text	_ZN7Walaber12WidgetHelper17_updateBaseWidgetEP8_xmlNodePNS_6WidgetE	
0x37745c	.text	_ZN7Walaber12WidgetHelper13_extractLayerEP8_xmlNode	
0x377480	.text	_ZN7Walaber12WidgetHelper11_getTextureERKNSt6__ndk112basic_stringIcNS1_11char_traitsIcEENS1_9allocatorIcEEEE	
0x3775a0	.text	_ZN7Walaber12WidgetHelper10_parseBoolEP8_xmlNodePKc	
0x37768c	.text	_ZN7Walaber12WidgetHelper11_parseColorEP8_xmlNodePKc	
0x37775c	.text	_ZN7Walaber12WidgetHelper11_parseFloatEP8_xmlNodePKc	
0x37780c	.text	_ZN7Walaber12WidgetHelper23_parseRealWorldToScreenEP8_xmlNodePKc	
0x3778e8	.text	_ZN7Walaber12WidgetHelper25_parseScreenCoordToScreenEP8_xmlNodePKc	
0x3779e4	.text	_ZN7Walaber3XML16parseAspectRatioEP8_xmlNodePKc	
0x377be8	.text	_ZN7Walaber12Widget_Label10setPaddingEffff	
0x377cd8	.text	_ZN7Walaber3XML18parseColor8bitRGBAEP8_xmlNodePKc	
0x377e1c	.text	_ZN7Walaber12WidgetHelper16_getTextureNamesEP8_xmlNodeRNSt6__ndk16vectorINS3_12basic_stringIcNS3_11char_traitsIcEENS3_9allocatorIcEEEENS8_ISA_EEEE	
0x377f68	.text	_ZN7Walaber12WidgetHelper16_extractPriorityEP8_xmlNode	
0x377f88	.text	_ZN7Walaber12WidgetHelper14_extractParentEP8_xmlNodePNS_13WidgetManagerE	
0x377fdc	.text	_ZN7Walaber12WidgetHelper17_fileReadCallbackEPv	
0x378574	.text	_ZNSt6__ndk16__treeINS_12__value_typeINS_12basic_stringIcNS_11char_traitsIcEENS_9allocatorIcEEEEN7Walaber12WidgetHelper21LoadPassThroughParamsEEENS_19__map_value_compareIS7_SB_NS_4lessIS7_EELb1EEENS5_ISB_EEE7destroyEPNS_11__tree_nodeISB_PvEE	
0x3785cc	.text	_ZNSt6__ndk16__treeINS_12__value_typeINS_12basic_stringIcNS_11char_traitsIcEENS_9allocatorIcEEEEPN7Walaber6WidgetEEENS_19__map_value_compareIS7_SB_NS_4lessIS7_EELb1EEENS5_ISB_EEE7destroyEPNS_11__tree_nodeISB_PvEE	
0x37861c	.text	_ZNSt6__ndk16vectorIPN7Walaber12Widget_LabelENS_9allocatorIS3_EEE6assignIPS3_EENS_9enable_ifIXaasr21__is_forward_iteratorIT_EE5valuesr16is_constructibleIS3_NS_15iterator_traitsISA_E9referenceEEE5valueEvE4typeESA_SA_	
0x37875c	.text	_ZNSt6__ndk16vectorIPN7Walaber12Widget_LabelENS_9allocatorIS3_EEE11__vallocateEm	
0x3787a0	.text	_ZNSt6__ndk16vectorIN7Walaber15Widget_IconList4IconENS_9allocatorIS3_EEE6assignIPS3_EENS_9enable_ifIXaasr21__is_forward_iteratorIT_EE5valuesr16is_constructibleIS3_NS_15iterator_traitsISA_E9referenceEEE5valueEvE4typeESA_SA_	assign<Walaber::Widget_IconList::Icon*>
0x378958	.text	_ZNSt6__ndk16vectorIN7Walaber15Widget_IconList4IconENS_9allocatorIS3_EEE18__construct_at_endIPS3_EENS_9enable_ifIXsr21__is_forward_iteratorIT_EE5valueEvE4typeESA_SA_m	__construct_at_end<Walaber::Widget_IconList::Icon*>
0x3789f0	.text	_ZNSt6__ndk16vectorIN7Walaber15Widget_IconList4IconENS_9allocatorIS3_EEE13__vdeallocateEv	
0x378a6c	.text	_ZNSt6__ndk16vectorIN7Walaber15Widget_IconList4IconENS_9allocatorIS3_EEE11__vallocateEm	
0x378abc	.text	_ZNSt6__ndk14listIN7Walaber12TextLineInfoENS_9allocatorIS2_EEE6assignINS_21__list_const_iteratorIS2_PvEEEEvT_SA_PNS_9enable_ifIXsr19__is_input_iteratorISA_EE5valueEvE4typeE	assign<std::__ndk1::__list_const_iterator<Walaber::TextLineInfo,void*>>
0x378b54	.text	_ZNSt6__ndk14listIN7Walaber12TextLineInfoENS_9allocatorIS2_EEE6insertINS_21__list_const_iteratorIS2_PvEEEENS_15__list_iteratorIS2_S8_EES9_T_SC_PNS_9enable_ifIXsr19__is_input_iteratorISC_EE5valueEvE4typeE	insert<std::__ndk1::__list_const_iterator<Walaber::TextLineInfo,void*>>
0x378ca0	.text	_ZNSt6__ndk14listIN7Walaber12TextLineInfoENS_9allocatorIS2_EEE5eraseENS_21__list_const_iteratorIS2_PvEES8_	
0x378d28	.text	_ZNSt6__ndk16__treeINS_12__value_typeIiN7Walaber20Widget_FingerCatcher16CaughtFingerInfoEEENS_19__map_value_compareIiS5_NS_4lessIiEELb1EEENS_9allocatorIS5_EEE14__assign_multiINS_21__tree_const_iteratorIS5_PNS_11__tree_nodeIS5_PvEElEEEEvT_SK_	__assign_multi<std::__ndk1::__tree_const_iterator<std::__ndk1::__value_type<int,Walaber::Widget_FingerCatcher::CaughtFingerInfo>,std::__ndk1::__tree_node<std::__ndk1::__value_type<int,Walaber::Widget_FingerCatcher::CaughtFingerInfo>,void*>*,long>>
0x378f30	.text	_ZNSt6__ndk16__treeINS_12__value_typeIiN7Walaber20Widget_FingerCatcher16CaughtFingerInfoEEENS_19__map_value_compareIiS5_NS_4lessIiEELb1EEENS_9allocatorIS5_EEE8__detachEPNS_11__tree_nodeIS5_PvEE	
0x378f8c	.text	_ZNSt6__ndk16__treeINS_12__value_typeIiN7Walaber20Widget_FingerCatcher16CaughtFingerInfoEEENS_19__map_value_compareIiS5_NS_4lessIiEELb1EEENS_9allocatorIS5_EEE7destroyEPNS_11__tree_nodeIS5_PvEE	
0x378fcc	.text	_ZNSt6__ndk16__treeINS_12__value_typeIiN7Walaber20Widget_FingerCatcher16CaughtFingerInfoEEENS_19__map_value_compareIiS5_NS_4lessIiEELb1EEENS_9allocatorIS5_EEE16__insert_node_atEPNS_15__tree_end_nodeIPNS_16__tree_node_baseIPvEEEERSH_SH_	
0x379020	.text	_ZNSt6__ndk16__treeINS_12__value_typeIiN7Walaber20Widget_FingerCatcher16CaughtFingerInfoEEENS_19__map_value_compareIiS5_NS_4lessIiEELb1EEENS_9allocatorIS5_EEE15__emplace_multiIJRKNS_4pairIKiS4_EEEEENS_15__tree_iteratorIS5_PNS_11__tree_nodeIS5_PvEElEEDpOT_	__emplace_multi<std::__ndk1::pair<int_const,Walaber::Widget_FingerCatcher::CaughtFingerInfo>const&>
0x3790c0	.text	_ZNSt6__ndk16__treeINS_12__value_typeIiN7Walaber7Vector2EEENS_19__map_value_compareIiS4_NS_4lessIiEELb1EEENS_9allocatorIS4_EEE14__assign_multiINS_21__tree_const_iteratorIS4_PNS_11__tree_nodeIS4_PvEElEEEEvT_SJ_	__assign_multi<std::__ndk1::__tree_const_iterator<std::__ndk1::__value_type<int,Walaber::Vector2>,std::__ndk1::__tree_node<std::__ndk1::__value_type<int,Walaber::Vector2>,void*>*,long>>
0x37928c	.text	_ZNSt6__ndk16__treeINS_12__value_typeIiN7Walaber7Vector2EEENS_19__map_value_compareIiS4_NS_4lessIiEELb1EEENS_9allocatorIS4_EEE8__detachEPNS_11__tree_nodeIS4_PvEE	
0x3792e8	.text	_ZNSt6__ndk16__treeINS_12__value_typeIiN7Walaber7Vector2EEENS_19__map_value_compareIiS4_NS_4lessIiEELb1EEENS_9allocatorIS4_EEE7destroyEPNS_11__tree_nodeIS4_PvEE	
0x379328	.text	_ZNSt6__ndk16__treeINS_12__value_typeIiN7Walaber7Vector2EEENS_19__map_value_compareIiS4_NS_4lessIiEELb1EEENS_9allocatorIS4_EEE16__insert_node_atEPNS_15__tree_end_nodeIPNS_16__tree_node_baseIPvEEEERSG_SG_	
0x37937c	.text	_ZNSt6__ndk16__treeINS_12__value_typeIiN7Walaber7Vector2EEENS_19__map_value_compareIiS4_NS_4lessIiEELb1EEENS_9allocatorIS4_EEE15__emplace_multiIJRKNS_4pairIKiS3_EEEEENS_15__tree_iteratorIS4_PNS_11__tree_nodeIS4_PvEElEEDpOT_	
0x379418	.text	_ZNSt6__ndk14listIiNS_9allocatorIiEEE6assignINS_21__list_const_iteratorIiPvEEEEvT_S8_PNS_9enable_ifIXsr19__is_input_iteratorIS8_EE5valueEvE4typeE	assign<std::__ndk1::__list_const_iterator<int,void*>>
0x37946c	.text	_ZNSt6__ndk14listIiNS_9allocatorIiEEE6insertINS_21__list_const_iteratorIiPvEEEENS_15__list_iteratorIiS6_EES7_T_SA_PNS_9enable_ifIXsr19__is_input_iteratorISA_EE5valueEvE4typeE	
0x37956c	.text	_ZNSt6__ndk14listIiNS_9allocatorIiEEE5eraseENS_21__list_const_iteratorIiPvEES6_	
0x3795e0	.text	_ZNSt6__ndk16__treeIN7Walaber12Widget_Group10WidgetInfoENS_4lessIS3_EENS_9allocatorIS3_EEE14__assign_multiINS_21__tree_const_iteratorIS3_PNS_11__tree_nodeIS3_PvEElEEEEvT_SG_	__assign_multi<std::__ndk1::__tree_const_iterator<Walaber::Widget_Group::WidgetInfo,std::__ndk1::__tree_node<Walaber::Widget_Group::WidgetInfo,void*>*,long>>
0x3797ac	.text	_ZNSt6__ndk16__treeIN7Walaber12Widget_Group10WidgetInfoENS_4lessIS3_EENS_9allocatorIS3_EEE8__detachEPNS_11__tree_nodeIS3_PvEE	
0x379808	.text	_ZNSt6__ndk16__treeIN7Walaber12Widget_Group10WidgetInfoENS_4lessIS3_EENS_9allocatorIS3_EEE7destroyEPNS_11__tree_nodeIS3_PvEE	
0x379848	.text	_ZNSt6__ndk16__treeIN7Walaber12Widget_Group10WidgetInfoENS_4lessIS3_EENS_9allocatorIS3_EEE16__insert_node_atEPNS_15__tree_end_nodeIPNS_16__tree_node_baseIPvEEEERSD_SD_	
0x37989c	.text	_ZNSt6__ndk16__treeIN7Walaber12Widget_Group10WidgetInfoENS_4lessIS3_EENS_9allocatorIS3_EEE15__emplace_multiIJRKS3_EEENS_15__tree_iteratorIS3_PNS_11__tree_nodeIS3_PvEElEEDpOT_	
0x379928	.text	_ZNSt6__ndk16vectorIiNS_9allocatorIiEEE6assignIPiEENS_9enable_ifIXaasr21__is_forward_iteratorIT_EE5valuesr16is_constructibleIiNS_15iterator_traitsIS7_E9referenceEEE5valueEvE4typeES7_S7_	
0x379a68	.text	_ZNSt6__ndk16vectorIiNS_9allocatorIiEEE11__vallocateEm	
0x379aac	.text	_ZNSt6__ndk16vectorIPN7Walaber12Widget_GroupENS_9allocatorIS3_EEE6assignIPS3_EENS_9enable_ifIXaasr21__is_forward_iteratorIT_EE5valuesr16is_constructibleIS3_NS_15iterator_traitsISA_E9referenceEEE5valueEvE4typeESA_SA_	assign<Walaber::Widget_Group**>
0x379bec	.text	_ZNSt6__ndk16vectorIPN7Walaber12Widget_GroupENS_9allocatorIS3_EEE11__vallocateEm	
0x379c30	.text	_ZNSt6__ndk16vectorIN7Walaber12TextLineInfoENS_9allocatorIS2_EEE6assignIPS2_EENS_9enable_ifIXaasr21__is_forward_iteratorIT_EE5valuesr16is_constructibleIS2_NS_15iterator_traitsIS9_E9referenceEEE5valueEvE4typeES9_S9_	assign<Walaber::TextLineInfo*>
0x379dcc	.text	_ZNSt6__ndk16vectorIN7Walaber12TextLineInfoENS_9allocatorIS2_EEE13__vdeallocateEv	
0x379e40	.text	_ZNSt6__ndk16vectorIN7Walaber12TextLineInfoENS_9allocatorIS2_EEE11__vallocateEm	
0x379e84	.text	_ZNSt6__ndk16__treeINS_12__value_typeINS_12basic_stringIcNS_11char_traitsIcEENS_9allocatorIcEEEEN7Walaber12WidgetHelper21LoadPassThroughParamsEEENS_19__map_value_compareIS7_SB_NS_4lessIS7_EELb1EEENS5_ISB_EEE4findIS7_EENS_15__tree_iteratorISB_PNS_11__tree_nodeISB_PvEElEERKT_	find<std::__ndk1::basic_string<char,std::__ndk1::char_traits<char>,std::__ndk1::allocator<char>>>
0x379f3c	.text	_ZNSt6__ndk16__treeINS_12__value_typeINS_12basic_stringIcNS_11char_traitsIcEENS_9allocatorIcEEEEN7Walaber12WidgetHelper21LoadPassThroughParamsEEENS_19__map_value_compareIS7_SB_NS_4lessIS7_EELb1EEENS5_ISB_EEE13__lower_boundIS7_EENS_15__tree_iteratorISB_PNS_11__tree_nodeISB_PvEElEERKT_SN_PNS_15__tree_end_nodeIPNS_16__tree_node_baseISL_EEEE	__lower_bound<std::__ndk1::basic_string<char,std::__ndk1::char_traits<char>,std::__ndk1::allocator<char>>>
0x379fec	.text	_ZNSt6__ndk16__treeINS_12__value_typeINS_12basic_stringIcNS_11char_traitsIcEENS_9allocatorIcEEEEN7Walaber12WidgetHelper21LoadPassThroughParamsEEENS_19__map_value_compareIS7_SB_NS_4lessIS7_EELb1EEENS5_ISB_EEE25__emplace_unique_key_argsIS7_JRKNS_21piecewise_construct_tENS_5tupleIJRKS7_EEENSM_IJEEEEEENS_4pairINS_15__tree_iteratorISB_PNS_11__tree_nodeISB_PvEElEEbEERKT_DpOT0_	__emplace_unique_key_args<std::__ndk1::basic_string<char,std::__ndk1::char_traits<char>,std::__ndk1::allocator<char>>,std::__ndk1::piecewise_construct_t_const&,std::__ndk1::tuple<std::__ndk1::basic_string<char,std::__ndk1::char_traits<char>,std::__ndk1::allocator<char>>const&>,std::__ndk1::tuple<>>
0x37a09c	.text	_ZNSt6__ndk16__treeINS_12__value_typeINS_12basic_stringIcNS_11char_traitsIcEENS_9allocatorIcEEEEN7Walaber12WidgetHelper21LoadPassThroughParamsEEENS_19__map_value_compareIS7_SB_NS_4lessIS7_EELb1EEENS5_ISB_EEE12__find_equalIS7_EERPNS_16__tree_node_baseIPvEERPNS_15__tree_end_nodeISM_EERKT_	__find_equal<std::__ndk1::basic_string<char,std::__ndk1::char_traits<char>,std::__ndk1::allocator<char>>>
0x37a1c8	.text	_ZNSt6__ndk16__treeINS_12__value_typeINS_12basic_stringIcNS_11char_traitsIcEENS_9allocatorIcEEEEN7Walaber12WidgetHelper21LoadPassThroughParamsEEENS_19__map_value_compareIS7_SB_NS_4lessIS7_EELb1EEENS5_ISB_EEE16__construct_nodeIJRKNS_21piecewise_construct_tENS_5tupleIJRKS7_EEENSM_IJEEEEEENS_10unique_ptrINS_11__tree_nodeISB_PvEENS_22__tree_node_destructorINS5_ISU_EEEEEEDpOT_	
0x37a23c	.text	_ZNSt6__ndk16__treeINS_12__value_typeINS_12basic_stringIcNS_11char_traitsIcEENS_9allocatorIcEEEEN7Walaber12WidgetHelper21LoadPassThroughParamsEEENS_19__map_value_compareIS7_SB_NS_4lessIS7_EELb1EEENS5_ISB_EEE16__insert_node_atEPNS_15__tree_end_nodeIPNS_16__tree_node_baseIPvEEEERSM_SM_	
0x37a290	.text	_ZNSt6__ndk16__treeINS_12__value_typeINS_12basic_stringIcNS_11char_traitsIcEENS_9allocatorIcEEEEPN7Walaber6WidgetEEENS_19__map_value_compareIS7_SB_NS_4lessIS7_EELb1EEENS5_ISB_EEE4findIS7_EENS_15__tree_iteratorISB_PNS_11__tree_nodeISB_PvEElEERKT_	
0x37a348	.text	_ZNSt6__ndk16__treeINS_12__value_typeINS_12basic_stringIcNS_11char_traitsIcEENS_9allocatorIcEEEEPN7Walaber6WidgetEEENS_19__map_value_compareIS7_SB_NS_4lessIS7_EELb1EEENS5_ISB_EEE13__lower_boundIS7_EENS_15__tree_iteratorISB_PNS_11__tree_nodeISB_PvEElEERKT_SN_PNS_15__tree_end_nodeIPNS_16__tree_node_baseISL_EEEE	__lower_bound<std::__ndk1::basic_string<char,std::__ndk1::char_traits<char>,std::__ndk1::allocator<char>>>
0x37a3f8	.text	_ZNSt6__ndk16__treeINS_12__value_typeINS_12basic_stringIcNS_11char_traitsIcEENS_9allocatorIcEEEEPN7Walaber6WidgetEEENS_19__map_value_compareIS7_SB_NS_4lessIS7_EELb1EEENS5_ISB_EEE25__emplace_unique_key_argsIS7_JRKNS_21piecewise_construct_tENS_5tupleIJRKS7_EEENSM_IJEEEEEENS_4pairINS_15__tree_iteratorISB_PNS_11__tree_nodeISB_PvEElEEbEERKT_DpOT0_	__emplace_unique_key_args<std::__ndk1::basic_string<char,std::__ndk1::char_traits<char>,std::__ndk1::allocator<char>>,std::__ndk1::piecewise_construct_t_const&,std::__ndk1::tuple<std::__ndk1::basic_string<char,std::__ndk1::char_traits<char>,std::__ndk1::allocator<char>>const&>,std::__ndk1::tuple<>>
0x37a4a8	.text	_ZNSt6__ndk16__treeINS_12__value_typeINS_12basic_stringIcNS_11char_traitsIcEENS_9allocatorIcEEEEPN7Walaber6WidgetEEENS_19__map_value_compareIS7_SB_NS_4lessIS7_EELb1EEENS5_ISB_EEE12__find_equalIS7_EERPNS_16__tree_node_baseIPvEERPNS_15__tree_end_nodeISM_EERKT_	__find_equal<std::__ndk1::basic_string<char,std::__ndk1::char_traits<char>,std::__ndk1::allocator<char>>>
0x37a5d4	.text	_ZNSt6__ndk16__treeINS_12__value_typeINS_12basic_stringIcNS_11char_traitsIcEENS_9allocatorIcEEEEPN7Walaber6WidgetEEENS_19__map_value_compareIS7_SB_NS_4lessIS7_EELb1EEENS5_ISB_EEE16__construct_nodeIJRKNS_21piecewise_construct_tENS_5tupleIJRKS7_EEENSM_IJEEEEEENS_10unique_ptrINS_11__tree_nodeISB_PvEENS_22__tree_node_destructorINS5_ISU_EEEEEEDpOT_	
0x37a644	.text	_ZNSt6__ndk16__treeINS_12__value_typeINS_12basic_stringIcNS_11char_traitsIcEENS_9allocatorIcEEEEPN7Walaber6WidgetEEENS_19__map_value_compareIS7_SB_NS_4lessIS7_EELb1EEENS5_ISB_EEE16__insert_node_atEPNS_15__tree_end_nodeIPNS_16__tree_node_baseIPvEEEERSM_SM_	
0x37a698	.text	_ZNSt6__ndk16__treeINS_12__value_typeINS_12basic_stringIcNS_11char_traitsIcEENS_9allocatorIcEEEEN7Walaber12WidgetHelper21LoadPassThroughParamsEEENS_19__map_value_compareIS7_SB_NS_4lessIS7_EELb1EEENS5_ISB_EEE5eraseENS_21__tree_const_iteratorISB_PNS_11__tree_nodeISB_PvEElEE	
0x37a744	.text	_ZN7Walaber13Widget_CanvasC2EiNS_7Vector2ES1_	
0x37a804	.text	_ZN7Walaber13Widget_Canvas4initEv	
0x37a834	.text	_ZN7Walaber13Widget_CanvasD2Ev	
0x37a838	.text	_ZN7Walaber13Widget_CanvasD0Ev	
0x37a85c	.text	_ZN7Walaber13Widget_Canvas6updateEfRNS_6Widget15WidgetActionRetE	
0x37a9b8	.text	_ZN7Walaber13Widget_Canvas19acceptNewFingerDownEiPNS_10FingerInfoE	
0x37aa04	.text	_ZN7Walaber13Widget_Canvas13_acceptFingerEiPNS_10FingerInfoE	
0x37aa38	.text	_ZN7Walaber13Widget_Canvas22acceptNewFingerEnteredEiPNS_10FingerInfoE	
0x37aa7c	.text	_ZN7Walaber13Widget_Canvas19releaseFingerStayedEiPNS_10FingerInfoE	
0x37aaa4	.text	_ZN7Walaber13Widget_Canvas18releaseFingerMovedEiPNS_10FingerInfoE	
0x37aacc	.text	_ZN7Walaber13Widget_Canvas15releaseFingerUpEiPNS_10FingerInfoE	
0x37aad0	.text	_ZN7Walaber13Widget_Canvas14_releaseFingerEiPNS_10FingerInfoE	
0x37abc4	.text	_ZN7Walaber13Widget_Canvas17releaseFingerLeftEiPNS_10FingerInfoE	
0x37abc8	.text	_ZN7Walaber13Widget_Canvas16notifyFingerLostEiPNS_10FingerInfoE	
0x37abcc	.text	_ZN7Walaber13Widget_Canvas5resetEv	
0x37abd4	.text	_ZN7Walaber22Widget_ClassicControlsC1EiNS_7Vector2ES1_	
0x37ac58	.text	_ZN7Walaber22Widget_ClassicControls4initEv	
0x37ac60	.text	_ZN7Walaber22Widget_ClassicControlsD1Ev	
0x37ac64	.text	_ZN7Walaber22Widget_ClassicControlsD0Ev	
0x37ac88	.text	_ZN7Walaber22Widget_ClassicControls6updateEfRNS_6Widget15WidgetActionRetE	
0x37ade0	.text	_ZN7Walaber22Widget_ClassicControls16getMainFingerPosEv	
0x37ae10	.text	_ZN7Walaber22Widget_ClassicControls19acceptNewFingerDownEiPNS_10FingerInfoE	
0x37ae40	.text	_ZN7Walaber22Widget_ClassicControls13_acceptFingerEiPNS_10FingerInfoE	
0x37ae70	.text	_ZN7Walaber22Widget_ClassicControls22acceptNewFingerEnteredEiPNS_10FingerInfoE	
0x37aea0	.text	_ZN7Walaber22Widget_ClassicControls19releaseFingerStayedEiPNS_10FingerInfoE	
0x37aea8	.text	_ZN7Walaber22Widget_ClassicControls18releaseFingerMovedEiPNS_10FingerInfoE	
0x37aeb0	.text	_ZN7Walaber22Widget_ClassicControls15releaseFingerUpEiPNS_10FingerInfoE	
0x37aee4	.text	_ZN7Walaber22Widget_ClassicControls14_releaseFingerEiPNS_10FingerInfoE	
0x37af18	.text	_ZN7Walaber22Widget_ClassicControls17releaseFingerLeftEiPNS_10FingerInfoE	
0x37af50	.text	_ZN7Walaber22Widget_ClassicControls16notifyFingerLostEiPNS_10FingerInfoE	
0x37af84	.text	_ZN7Walaber22Widget_ClassicControls5resetEv	
0x37af8c	.text	_ZN7Walaber18Widget_ColorPickerC1EiNS_7Vector2ES1_	
0x37b05c	.text	_ZN7Walaber18Widget_ColorPicker4initEv	
0x37b080	.text	_ZN7Walaber18Widget_ColorPickerC1EiNS_7Vector2ES1_iif	
0x37b208	.text	_ZN7Walaber18Widget_ColorPicker19_setupColorSwatchesEv	
0x37b39c	.text	_ZN7Walaber18Widget_ColorPickerC1EiNS_7Vector2ES1_iifiNS_9SharedPtrINS_7TextureEEES4_S4_	
0x37b5d0	.text	_ZN7Walaber18Widget_ColorPickerD1Ev	
0x37b62c	.text	_ZN7Walaber18Widget_ColorPickerD0Ev	
0x37b650	.text	_ZN7Walaber18Widget_ColorPicker12setBGTextureENS_9SharedPtrINS_7TextureEEE	
0x37b698	.text	_ZN7Walaber18Widget_ColorPicker16setSwatchTextureENS_9SharedPtrINS_7TextureEEE	
0x37b6e0	.text	_ZN7Walaber18Widget_ColorPicker23setSwatchHilightTextureENS_9SharedPtrINS_7TextureEEE	
0x37b728	.text	_ZN7Walaber18Widget_ColorPicker7setIconENS_9SharedPtrINS_7TextureEEENS_7Vector2E	
0x37b77c	.text	_ZN7Walaber18Widget_ColorPicker12setSelectionERKNS_5ColorEb	
0x37b850	.text	_ZN7Walaber18Widget_ColorPicker6updateEfRNS_6Widget15WidgetActionRetE	
0x37b894	.text	_ZN7Walaber18Widget_ColorPicker4drawEPNS_11SpriteBatchE	
0x37be58	.text	_ZN7Walaber18Widget_ColorPicker19acceptNewFingerDownEiPNS_10FingerInfoE	
0x37be74	.text	_ZN7Walaber18Widget_ColorPicker13_updateFingerEPNS_10FingerInfoE	
0x37bfc4	.text	_ZN7Walaber18Widget_ColorPicker22acceptNewFingerEnteredEiPNS_10FingerInfoE	
0x37bfcc	.text	_ZN7Walaber18Widget_ColorPicker19releaseFingerStayedEiPNS_10FingerInfoE	
0x37bfd4	.text	_ZN7Walaber18Widget_ColorPicker18releaseFingerMovedEiPNS_10FingerInfoE	
0x37bff0	.text	_ZN7Walaber18Widget_ColorPicker15releaseFingerUpEiPNS_10FingerInfoE	
0x37c004	.text	_ZN7Walaber18Widget_ColorPicker17releaseFingerLeftEiPNS_10FingerInfoE	
0x37c00c	.text	_ZN7Walaber18Widget_ColorPicker16notifyFingerLostEiPNS_10FingerInfoE	
0x37c010	.text	_ZN7Walaber20Widget_FingerCatcherC2EiNS_7Vector2ES1_	
0x37c0ac	.text	_ZN7Walaber20Widget_FingerCatcherD2Ev	
0x37c0fc	.text	_ZN7Walaber20Widget_FingerCatcherD0Ev	
0x37c120	.text	_ZN7Walaber20Widget_FingerCatcher4initEv	
0x37c128	.text	_ZN7Walaber20Widget_FingerCatcher6updateEfRNS_6Widget15WidgetActionRetE	
0x37c140	.text	_ZN7Walaber20Widget_FingerCatcher19acceptNewFingerDownEiPNS_10FingerInfoE	
0x37c158	.text	_ZN7Walaber20Widget_FingerCatcher13_acceptFingerEiPNS_10FingerInfoE	
0x37c20c	.text	_ZN7Walaber20Widget_FingerCatcher22acceptNewFingerEnteredEiPNS_10FingerInfoE	
0x37c234	.text	_ZN7Walaber20Widget_FingerCatcher19releaseFingerStayedEiPNS_10FingerInfoE	
0x37c304	.text	_ZN7Walaber20Widget_FingerCatcher18releaseFingerMovedEiPNS_10FingerInfoE	
0x37c3d4	.text	_ZN7Walaber20Widget_FingerCatcher15releaseFingerUpEiPNS_10FingerInfoE	
0x37c3d8	.text	_ZN7Walaber20Widget_FingerCatcher14_releaseFingerEiPNS_10FingerInfoE	
0x37c4d8	.text	_ZN7Walaber20Widget_FingerCatcher17releaseFingerLeftEiPNS_10FingerInfoE	
0x37c4f0	.text	_ZN7Walaber20Widget_FingerCatcher16notifyFingerLostEiPNS_10FingerInfoE	
0x37c4f4	.text	_ZN7Walaber20Widget_FingerCatcher21getLostFingerPositionEi	
0x37c558	.text	_ZN7Walaber20Widget_FingerCatcher17lostFingerHandledEi	
0x37c5a4	.text	_ZN7Walaber20Widget_FingerCatcher5resetEv	
0x37c5d8	.text	_ZNSt6__ndk16__treeINS_12__value_typeIiN7Walaber7Vector2EEENS_19__map_value_compareIiS4_NS_4lessIiEELb1EEENS_9allocatorIS4_EEE25__emplace_unique_key_argsIiJRKNS_21piecewise_construct_tENS_5tupleIJRKiEEENSG_IJEEEEEENS_4pairINS_15__tree_iteratorIS4_PNS_11__tree_nodeIS4_PvEElEEbEERKT_DpOT0_	__emplace_unique_key_args<int,std::__ndk1::piecewise_construct_t_const&,std::__ndk1::tuple<int_const&>,std::__ndk1::tuple<>>
0x37c6ac	.text	_ZNSt6__ndk16__treeINS_12__value_typeIiN7Walaber20Widget_FingerCatcher16CaughtFingerInfoEEENS_19__map_value_compareIiS5_NS_4lessIiEELb1EEENS_9allocatorIS5_EEE25__emplace_unique_key_argsIiJRKNS_21piecewise_construct_tENS_5tupleIJRKiEEENSH_IJEEEEEENS_4pairINS_15__tree_iteratorIS5_PNS_11__tree_nodeIS5_PvEElEEbEERKT_DpOT0_	__emplace_unique_key_args<int,std::__ndk1::piecewise_construct_t_const&,std::__ndk1::tuple<int_const&>,std::__ndk1::tuple<>>
0x37c780	.text	_ZNSt6__ndk16__treeINS_12__value_typeIiN7Walaber20Widget_FingerCatcher16CaughtFingerInfoEEENS_19__map_value_compareIiS5_NS_4lessIiEELb1EEENS_9allocatorIS5_EEE5eraseENS_21__tree_const_iteratorIS5_PNS_11__tree_nodeIS5_PvEElEE	
0x37c814	.text	_ZN7Walaber12Widget_GroupC1EiNS_7Vector2ES1_	
0x37c89c	.text	_ZN7Walaber12Widget_GroupD1Ev	
0x37c8d8	.text	_ZN7Walaber12Widget_GroupD0Ev	
0x37c91c	.text	_ZN7Walaber12Widget_Group6updateEfRNS_6Widget15WidgetActionRetE	
0x37c924	.text	_ZN7Walaber12Widget_Group4drawEPNS_11SpriteBatchE	
0x37c928	.text	_ZN7Walaber12Widget_Group9addWidgetEPNS_6WidgetE	
0x37c98c	.text	_ZN7Walaber12Widget_Group9getWidgetEi	
0x37cb6c	.text	_ZN7Walaber12Widget_Group16setLocalPositionENS_7Vector2E	
0x37cc98	.text	_ZN7Walaber12Widget_Group19applyPositionOffsetERKNS_7Vector2E	
0x37cd40	.text	_ZN7Walaber12Widget_Group13setLocalScaleERKNS_7Vector2E	
0x37ce3c	.text	_ZN7Walaber12Widget_Group16applyScaleOffsetERKNS_7Vector2E	
0x37cf38	.text	_ZN7Walaber12Widget_Group10setVisibleEb	
0x37cfb0	.text	_ZN7Walaber12Widget_Group8setColorERKNS_5ColorE	
0x37d118	.text	_ZNSt6__ndk16__treeIN7Walaber12Widget_Group10WidgetInfoENS_4lessIS3_EENS_9allocatorIS3_EEE25__emplace_unique_key_argsIS3_JRKS3_EEENS_4pairINS_15__tree_iteratorIS3_PNS_11__tree_nodeIS3_PvEElEEbEERKT_DpOT0_	__emplace_unique_key_args<Walaber::Widget_Group::WidgetInfo,Walaber::Widget_Group::WidgetInfo_const&>
0x37d1ec	.text	_ZN7Walaber15Widget_IconListC2EiNS_7Vector2ES1_	
0x37d2bc	.text	_ZN7Walaber15Widget_IconList4initEv	
0x37d2e4	.text	_ZN7Walaber15Widget_IconListC2EiNS_7Vector2ES1_iiii	
0x37d410	.text	_ZN7Walaber15Widget_IconListC2EiNS_7Vector2ES1_iiiiNS_9SharedPtrINS_7TextureEEES4_S4_	
0x37d5fc	.text	_ZN7Walaber15Widget_IconListD2Ev	
0x37d64c	.text	_ZN7Walaber15Widget_IconListD0Ev	
0x37d670	.text	_ZN7Walaber15Widget_IconList4IconC2ENS_9SharedPtrINS_7TextureEEEi	
0x37d6a4	.text	_ZN7Walaber15Widget_IconList4IconC2ENSt6__ndk112basic_stringIcNS2_11char_traitsIcEENS2_9allocatorIcEEEEi	
0x37d750	.text	_ZN7Walaber15Widget_IconList10clearIconsEv	
0x37d7ac	.text	_ZN7Walaber15Widget_IconList7addIconENS_9SharedPtrINS_7TextureEEEi	
0x37d974	.text	_ZN7Walaber15Widget_IconList7addIconENSt6__ndk112basic_stringIcNS1_11char_traitsIcEENS1_9allocatorIcEEEEi	
0x37db34	.text	_ZN7Walaber15Widget_IconList16setIconListSizesENS_7Vector2Eiiii	
0x37dbf0	.text	_ZN7Walaber15Widget_IconList12setBGTextureENS_9SharedPtrINS_7TextureEEE	
0x37dc38	.text	_ZN7Walaber15Widget_IconList19setScrollBarTextureENS_9SharedPtrINS_7TextureEEE	
0x37dc80	.text	_ZN7Walaber15Widget_IconList21setIconHilightTextureENS_9SharedPtrINS_7TextureEEE	
0x37dcc8	.text	_ZN7Walaber15Widget_IconList6updateEfRNS_6Widget15WidgetActionRetE	
0x37df88	.text	_ZN7Walaber15Widget_IconList4drawEPNS_11SpriteBatchE	
0x37e988	.text	_ZN7Walaber15Widget_IconList19acceptNewFingerDownEiPNS_10FingerInfoE	
0x37ea8c	.text	_ZN7Walaber15Widget_IconList12_iconFromPosENS_7Vector2E	
0x37eb90	.text	_ZN7Walaber15Widget_IconList13_updateFingerEv	
0x37ec6c	.text	_ZN7Walaber15Widget_IconList22acceptNewFingerEnteredEiPNS_10FingerInfoE	
0x37ec74	.text	_ZN7Walaber15Widget_IconList19releaseFingerStayedEiPNS_10FingerInfoE	
0x37ec8c	.text	_ZN7Walaber15Widget_IconList18releaseFingerMovedEiPNS_10FingerInfoE	
0x37ecac	.text	_ZN7Walaber15Widget_IconList15releaseFingerUpEiPNS_10FingerInfoE	
0x37ecc8	.text	_ZN7Walaber15Widget_IconList17releaseFingerLeftEiPNS_10FingerInfoE	
0x37ecd8	.text	_ZN7Walaber15Widget_IconList16notifyFingerLostEiPNS_10FingerInfoE	
0x37ece0	.text	_ZN7Walaber15Widget_IconList16selectIconWithIDEi	
0x37ed3c	.text	_ZN7Walaber15Widget_IconList5resetEv	
0x37ed44	.text	_ZNSt6__ndk113__vector_baseIN7Walaber15Widget_IconList4IconENS_9allocatorIS3_EEED2Ev	
0x37edc4	.text	_ZNSt6__ndk16vectorIN7Walaber15Widget_IconList4IconENS_9allocatorIS3_EEE21__push_back_slow_pathIS3_EEvOT_	__push_back_slow_path<Walaber::Widget_IconList::Icon>
0x37ef00	.text	_ZNSt6__ndk114__split_bufferIN7Walaber15Widget_IconList4IconERNS_9allocatorIS3_EEEC2EmmS6_	
0x37efc4	.text	_ZNSt6__ndk16vectorIN7Walaber15Widget_IconList4IconENS_9allocatorIS3_EEE26__swap_out_circular_bufferERNS_14__split_bufferIS3_RS5_EE	
0x37f0b0	.text	_ZNSt6__ndk114__split_bufferIN7Walaber15Widget_IconList4IconERNS_9allocatorIS3_EEED2Ev	
0x37f120	.text	_ZN7Walaber12Widget_LabelC2EiRKNS_7Vector2ES3_	
0x37f290	.text	_ZN7Walaber12Widget_Label4initEv	
0x37f310	.text	_ZN7Walaber12Widget_LabelC2EiRKNS_7Vector2ES3_NS_9SharedPtrINS_7TextureEEE	
0x37f4c4	.text	_ZN7Walaber12Widget_LabelC2EiRKNS_7Vector2ES3_NS_9SharedPtrINS_7TextureEEERKNSt6__ndk112basic_stringIcNS7_11char_traitsIcEENS7_9allocatorIcEEEESF_fNS0_6VAlignENS0_6HAlignE	
0x37f748	.text	_ZN7Walaber12Widget_Label13_setTextScaleEv	
0x37f86c	.text	_ZN7Walaber12Widget_Label15_setTextTopLeftEv	
0x37f9f4	.text	_ZN7Walaber12Widget_LabelC2EiRKNS_7Vector2ES3_NS_9SharedPtrINS_7TextureEEERKNSt6__ndk112basic_stringIcNS7_11char_traitsIcEENS7_9allocatorIcEEEESF_ffffNS0_6VAlignENS0_6HAlignE	
0x37fc8c	.text	_ZN7Walaber12Widget_LabelD2Ev	
0x37fcd4	.text	_ZN7Walaber12Widget_LabelD0Ev	
0x37fcf8	.text	_ZN7Walaber12Widget_Label10reloadFontEv	
0x37fd70	.text	_ZN7Walaber12Widget_Label7setTileERKNS_7Vector2E	
0x37fd7c	.text	_ZN7Walaber12Widget_Label10_applyTileEv	
0x37fdac	.text	_ZN7Walaber12Widget_Label7setTileERKNS_7Vector2Ef	
0x37fe58	.text	_ZN7Walaber12Widget_Label14getTextureTileEv	
0x37fe64	.text	_ZN7Walaber12Widget_Label13setTileOffsetERKNS_7Vector2E	
0x37fe70	.text	_ZN7Walaber12Widget_Label19getTileOffsetBySizeEv	
0x37ff84	.text	_ZN7Walaber12Widget_Label16setTileAnimationERKNS_7Vector2E	
0x37ff90	.text	_ZN7Walaber12Widget_Label7setTextERKNSt6__ndk112basic_stringIcNS1_11char_traitsIcEENS1_9allocatorIcEEEE	
0x380064	.text	_ZN7Walaber12Widget_Label7addTextERKNSt6__ndk112basic_stringIcNS1_11char_traitsIcEENS1_9allocatorIcEEEE	
0x38010c	.text	_ZN7Walaber12Widget_Label12setBGTextureENS_9SharedPtrINS_7TextureEEE	
0x380158	.text	_ZN7Walaber12Widget_Label6updateEfRNS_6Widget15WidgetActionRetE	
0x380194	.text	_ZN7Walaber12Widget_Label4drawEPNS_11SpriteBatchE	
0x3806bc	.text	_ZN7Walaber12Widget_Label11setBaseSizeENS_7Vector2E	
0x380720	.text	_ZN7Walaber18Widget_ManipulatorC1EiNS_7Vector2ES1_NS_9SharedPtrINS_7TextureEEEb	
0x380824	.text	_ZN7Walaber18Widget_Manipulator4initEv	
0x380850	.text	_ZN7Walaber18Widget_ManipulatorD2Ev	
0x380888	.text	_ZN7Walaber18Widget_ManipulatorD0Ev	
0x3808c8	.text	_ZN7Walaber18Widget_Manipulator6updateEfRNS_6Widget15WidgetActionRetE	
0x3808ec	.text	_ZN7Walaber18Widget_Manipulator4drawEPNS_11SpriteBatchE	
0x380a40	.text	_ZN7Walaber18Widget_Manipulator19acceptNewFingerDownEiPNS_10FingerInfoE	
0x380ad4	.text	_ZN7Walaber18Widget_Manipulator22acceptNewFingerEnteredEiPNS_10FingerInfoE	
0x380adc	.text	_ZN7Walaber18Widget_Manipulator19releaseFingerStayedEiPNS_10FingerInfoE	
0x380ae4	.text	_ZN7Walaber18Widget_Manipulator18releaseFingerMovedEiPNS_10FingerInfoE	
0x380b10	.text	_ZN7Walaber18Widget_Manipulator15releaseFingerUpEiPNS_10FingerInfoE	
0x380b28	.text	_ZN7Walaber18Widget_Manipulator17releaseFingerLeftEiPNS_10FingerInfoE	
0x380b54	.text	_ZN7Walaber18Widget_Manipulator16notifyFingerLostEiPNS_10FingerInfoE	
0x380b6c	.text	_ZN7Walaber20Widget_MovingTextBoxC2EiRKNS_7Vector2ES3_	
0x380c2c	.text	_ZN7Walaber20Widget_MovingTextBox4initEv	
0x380c30	.text	_ZN7Walaber20Widget_MovingTextBoxC1EiRKNS_7Vector2ES3_NS_9SharedPtrINS_7TextureEEERKNSt6__ndk112basic_stringIcNS7_11char_traitsIcEENS7_9allocatorIcEEEENS0_17MovementDirectionEfffff	
0x380db8	.text	_ZN7Walaber20Widget_MovingTextBox14_updateBordersEv	
0x380e84	.text	_ZN7Walaber20Widget_MovingTextBoxD1Ev	
0x380f5c	.text	_ZN7Walaber20Widget_MovingTextBoxD0Ev	
0x380f80	.text	_ZN7Walaber20Widget_MovingTextBox12setBGTextureENS_9SharedPtrINS_7TextureEEE	
0x380fd8	.text	_ZN7Walaber20Widget_MovingTextBox10setPaddingEffff	
0x380fec	.text	_ZN7Walaber20Widget_MovingTextBox9addStringERKNSt6__ndk112basic_stringIcNS1_11char_traitsIcEENS1_9allocatorIcEEEE	
0x381118	.text	_ZN7Walaber20Widget_MovingTextBox19_setTextStartingPosEv	
0x381314	.text	_ZN7Walaber20Widget_MovingTextBox19advanceToNextStringEv	
0x381344	.text	_ZN7Walaber20Widget_MovingTextBox6updateEfRNS_6Widget15WidgetActionRetE	
0x381508	.text	_ZN7Walaber20Widget_MovingTextBox4drawEPNS_11SpriteBatchE	
0x38173c	.text	_ZN7Walaber20Widget_MovingTextBox19acceptNewFingerDownEiPNS_10FingerInfoE	
0x381794	.text	_ZN7Walaber20Widget_MovingTextBox15releaseFingerUpEiPNS_10FingerInfoE	
0x3817ec	.text	_ZN7Walaber20Widget_MovingTextBox17releaseFingerLeftEiPNS_10FingerInfoE	
0x381848	.text	_ZN7Walaber20Widget_MovingTextBox16notifyFingerLostEiPNS_10FingerInfoE	
0x381860	.text	_ZN7Walaber20Widget_MovingTextBox11setBaseSizeENS_7Vector2E	
0x3818bc	.text	_ZN7Walaber20Widget_MovingTextBox5resetEv	
0x3818c8	.text	_ZN7Walaber20Widget_MovingTextBox18releaseFingerMovedEiPNS_10FingerInfoE	
0x3818d8	.text	_ZN7Walaber20Widget_MovingTextBox19releaseFingerStayedEiPNS_10FingerInfoE	
0x3818e8	.text	_ZNSt6__ndk110__list_impIN7Walaber12TextLineInfoENS_9allocatorIS2_EEE5clearEv	
0x381960	.text	_ZN7Walaber20Widget_NumberSpinnerC2EiNS_7Vector2ES1_	
0x381af0	.text	_ZN7Walaber20Widget_NumberSpinner8setRangeEiib	
0x381bdc	.text	_ZN7Walaber20Widget_NumberSpinner4initEv	
0x381be0	.text	_ZN7Walaber20Widget_NumberSpinnerD2Ev	
0x381c68	.text	_ZN7Walaber20Widget_NumberSpinnerD0Ev	
0x381c8c	.text	_ZN7Walaber20Widget_NumberSpinner10setPaddingEff	
0x381d00	.text	_ZN7Walaber20Widget_NumberSpinner19setVisibleCellCountEf	
0x381d08	.text	_ZN7Walaber20Widget_NumberSpinner13setNumberRectEiiiiiii	
0x381d5c	.text	_ZN7Walaber20Widget_NumberSpinner13setNumberRectEiNS_4RectE	
0x381d8c	.text	_ZN7Walaber20Widget_NumberSpinner13setNumberRectEiNS_4RectEf	
0x381db4	.text	_ZN7Walaber20Widget_NumberSpinner12setSelectionEi	
0x381df0	.text	_ZN7Walaber20Widget_NumberSpinner6updateEfRNS_6Widget15WidgetActionRetE	
0x381fb4	.text	_ZN7Walaber20Widget_NumberSpinner12_getCellSizeEv	
0x382048	.text	_ZN7Walaber20Widget_NumberSpinner4drawEPNS_11SpriteBatchE	
0x38244c	.text	_ZN7Walaber20Widget_NumberSpinner14_drawLocalQuadEPNS_11SpriteBatchEiNS_9SharedPtrINS_7TextureEEEfNS_7Vector2ES6_NS_4RectENS_5ColorE	
0x382678	.text	_ZN7Walaber20Widget_NumberSpinner19acceptNewFingerDownEiPNS_10FingerInfoE	
0x382698	.text	_ZN7Walaber20Widget_NumberSpinner22acceptNewFingerEnteredEiPNS_10FingerInfoE	
0x3826b4	.text	_ZN7Walaber20Widget_NumberSpinner19releaseFingerStayedEiPNS_10FingerInfoE	
0x3826d8	.text	_ZN7Walaber20Widget_NumberSpinner13_updateFingerEv	
0x382764	.text	_ZN7Walaber20Widget_NumberSpinner18releaseFingerMovedEiPNS_10FingerInfoE	
0x382788	.text	_ZN7Walaber20Widget_NumberSpinner15releaseFingerUpEiPNS_10FingerInfoE	
0x3827a0	.text	_ZN7Walaber20Widget_NumberSpinner17releaseFingerLeftEiPNS_10FingerInfoE	
0x3827d4	.text	_ZN7Walaber20Widget_NumberSpinner16notifyFingerLostEiPNS_10FingerInfoE	
0x3827ec	.text	_ZN7Walaber20Widget_NumberSpinner5resetEv	
0x3827f4	.text	_ZN7Walaber18Widget_ProgressBarC1EiNS_7Vector2ES1_	
0x3828d4	.text	_ZN7Walaber18Widget_ProgressBar4initEv	
0x382928	.text	_ZN7Walaber18Widget_ProgressBarC2EiNS_7Vector2ES1_NS_9SharedPtrINS_7TextureEEES4_fNS0_8FillModeE	
0x382b20	.text	_ZN7Walaber18Widget_ProgressBarC1EiNS_7Vector2ES1_NS_9SharedPtrINS_7TextureEEES4_ffffNS0_8FillModeE	
0x382d10	.text	_ZN7Walaber18Widget_ProgressBar10setPaddingEffff	
0x382e54	.text	_ZN7Walaber18Widget_ProgressBar11updateValueEf	
0x382f14	.text	_ZN7Walaber18Widget_ProgressBarD2Ev	
0x382f54	.text	_ZN7Walaber18Widget_ProgressBarD0Ev	
0x382f78	.text	_ZN7Walaber18Widget_ProgressBar6updateEfRNS_6Widget15WidgetActionRetE	
0x382f9c	.text	_ZN7Walaber18Widget_ProgressBar8getValueEv	
0x382fa4	.text	_ZN7Walaber18Widget_ProgressBar4drawEPNS_11SpriteBatchE	
0x3831e4	.text	_ZN7Walaber18Widget_ProgressBar12setBGTextureENS_9SharedPtrINS_7TextureEEE	
0x38322c	.text	_ZN7Walaber18Widget_ProgressBar14setFillTextureENS_9SharedPtrINS_7TextureEEE	
0x383274	.text	_ZN7Walaber17Widget_PushButtonC2EiNS_7Vector2ES1_	
0x383430	.text	_ZN7Walaber17Widget_PushButton4initEv	
0x3834e4	.text	_ZN7Walaber17Widget_PushButtonC1EiNS_7Vector2ES1_NS_9SharedPtrINS_7TextureEEEb	
0x3836e8	.text	_ZN7Walaber17Widget_PushButtonC2EiNS_7Vector2ES1_NS_9SharedPtrINS_7TextureEEEbNSt6__ndk112basic_stringIcNS5_11char_traitsIcEENS5_9allocatorIcEEEERKSB_	
0x3838bc	.text	_ZN7Walaber17Widget_PushButton11_resizeFontEv	
0x3839e8	.text	_ZN7Walaber17Widget_PushButtonC1EiNS_7Vector2ES1_NS_9SharedPtrINS_7TextureEEES4_bNSt6__ndk112basic_stringIcNS5_11char_traitsIcEENS5_9allocatorIcEEEERKSB_	
0x383c00	.text	_ZN7Walaber17Widget_PushButtonD1Ev	
0x383c60	.text	_ZN7Walaber17Widget_PushButtonD0Ev	
0x383c84	.text	_ZN7Walaber17Widget_PushButton10_applyTileEv	
0x383ce0	.text	_ZN7Walaber17Widget_PushButton17setTextureFlippedEbb	
0x383d24	.text	_ZN7Walaber17Widget_PushButton6updateEfRNS_6Widget15WidgetActionRetE	
0x383dd0	.text	_ZN7Walaber17Widget_PushButton4drawEPNS_11SpriteBatchE	
0x3842ac	.text	_ZN7Walaber17Widget_PushButton7setTileENS_7Vector2E	
0x3842b8	.text	_ZN7Walaber17Widget_PushButton7setTileENS_7Vector2Ef	
0x384364	.text	_ZN7Walaber17Widget_PushButton13setTileOffsetENS_7Vector2E	
0x384378	.text	_ZN7Walaber17Widget_PushButton16setTileAnimationENS_7Vector2E	
0x384384	.text	_ZN7Walaber17Widget_PushButton8addLabelEPNS_12Widget_LabelE	
0x384474	.text	_ZN7Walaber17Widget_PushButton16setLocalPositionERKNS_7Vector2E	
0x3844e8	.text	_ZN7Walaber17Widget_PushButton19applyPositionOffsetERKNS_7Vector2E	
0x384528	.text	_ZN7Walaber17Widget_PushButton13setLocalScaleERKNS_7Vector2E	
0x38454c	.text	_ZN7Walaber17Widget_PushButton19acceptNewFingerDownEiPNS_10FingerInfoE	
0x3845a8	.text	_ZN7Walaber17Widget_PushButton22acceptNewFingerEnteredEiPNS_10FingerInfoE	
0x3845f8	.text	_ZN7Walaber17Widget_PushButton19releaseFingerStayedEiPNS_10FingerInfoE	
0x384600	.text	_ZN7Walaber17Widget_PushButton18releaseFingerMovedEiPNS_10FingerInfoE	
0x384608	.text	_ZN7Walaber17Widget_PushButton15releaseFingerUpEiPNS_10FingerInfoE	
0x384654	.text	_ZN7Walaber17Widget_PushButton17releaseFingerLeftEiPNS_10FingerInfoE	
0x384694	.text	_ZN7Walaber17Widget_PushButton16notifyFingerLostEiPNS_10FingerInfoE	
0x3846b0	.text	_ZN7Walaber17Widget_PushButton5resetEv	
0x3846c8	.text	_ZN7Walaber17Widget_PushButton10reloadFontEv	
0x3846ec	.text	_ZNSt6__ndk16vectorIPN7Walaber12Widget_LabelENS_9allocatorIS3_EEE21__push_back_slow_pathIRKS3_EEvOT_	__push_back_slow_path<Walaber::Widget_Label*const&>
0x384814	.text	_ZNSt6__ndk114__split_bufferIPN7Walaber12Widget_LabelERNS_9allocatorIS3_EEEC2EmmS6_	
0x3848c4	.text	_ZN7Walaber19Widget_ScoreCounterC2EiRKNS_7Vector2ES3_	
0x3849d4	.text	_ZN7Walaber19Widget_ScoreCounter4initEv	
0x384c5c	.text	_ZN7Walaber19Widget_ScoreCounterC2EiRKNS_7Vector2ES3_NS_9SharedPtrINS_7TextureEEERKNSt6__ndk112basic_stringIcNS7_11char_traitsIcEENS7_9allocatorIcEEEENS0_17MovementDirectionEiffffff	
0x384e2c	.text	_ZN7Walaber19Widget_ScoreCounter14_updateBordersEv	
0x384efc	.text	_ZN7Walaber19Widget_ScoreCounterD1Ev	
0x385000	.text	_ZN7Walaber19Widget_ScoreCounterD0Ev	
0x385024	.text	_ZN7Walaber19Widget_ScoreCounter12setBGTextureENS_9SharedPtrINS_7TextureEEE	
0x38507c	.text	_ZN7Walaber19Widget_ScoreCounter10setPaddingEffff	
0x385090	.text	_ZN7Walaber19Widget_ScoreCounter19advanceToNextStringEv	
0x3852f0	.text	_ZN7Walaber19Widget_ScoreCounter16_getDigitAtIndexEi	
0x385348	.text	_ZN7Walaber19Widget_ScoreCounter19_setTextStartingPosEv	
0x38545c	.text	_ZN7Walaber19Widget_ScoreCounter6updateEfRNS_6Widget15WidgetActionRetE	
0x3856ac	.text	_ZN7Walaber19Widget_ScoreCounter4drawEPNS_11SpriteBatchE	
0x385a9c	.text	_ZN7Walaber19Widget_ScoreCounter19acceptNewFingerDownEiPNS_10FingerInfoE	
0x385af4	.text	_ZN7Walaber19Widget_ScoreCounter15releaseFingerUpEiPNS_10FingerInfoE	
0x385b4c	.text	_ZN7Walaber19Widget_ScoreCounter17releaseFingerLeftEiPNS_10FingerInfoE	
0x385ba8	.text	_ZN7Walaber19Widget_ScoreCounter16notifyFingerLostEiPNS_10FingerInfoE	
0x385bc0	.text	_ZN7Walaber19Widget_ScoreCounter11setBaseSizeENS_7Vector2E	
0x385c1c	.text	_ZN7Walaber19Widget_ScoreCounter5resetEv	
0x385c28	.text	_ZN7Walaber19Widget_ScoreCounter18releaseFingerMovedEiPNS_10FingerInfoE	
0x385c38	.text	_ZN7Walaber19Widget_ScoreCounter19releaseFingerStayedEiPNS_10FingerInfoE	
0x385c48	.text	_ZNSt6__ndk113__vector_baseIN7Walaber12TextLineInfoENS_9allocatorIS2_EEED2Ev	
0x385cc0	.text	_ZNSt6__ndk16vectorIN7Walaber12TextLineInfoENS_9allocatorIS2_EEE21__push_back_slow_pathIS2_EEvOT_	__push_back_slow_path<Walaber::TextLineInfo>
0x385dc0	.text	_ZNSt6__ndk114__split_bufferIN7Walaber12TextLineInfoERNS_9allocatorIS2_EEEC2EmmS5_	
0x385e70	.text	_ZNSt6__ndk16vectorIN7Walaber12TextLineInfoENS_9allocatorIS2_EEE26__swap_out_circular_bufferERNS_14__split_bufferIS2_RS4_EE	
0x385f1c	.text	_ZNSt6__ndk114__split_bufferIN7Walaber12TextLineInfoERNS_9allocatorIS2_EEED2Ev	
0x385f80	.text	_ZN7Walaber23Widget_ScrollableCameraC2EiNS_7Vector2ES1_	
0x386048	.text	_ZN7Walaber23Widget_ScrollableCameraC1EiNS_7Vector2ES1_PNS_6CameraE	
0x386120	.text	_ZN7Walaber23Widget_ScrollableCameraD1Ev	
0x3861c8	.text	_ZN7Walaber23Widget_ScrollableCameraD0Ev	
0x3861ec	.text	_ZN7Walaber23Widget_ScrollableCamera10initCameraEPNS_6CameraE	
0x38639c	.text	_ZN7Walaber23Widget_ScrollableCamera6updateEfRNS_6Widget15WidgetActionRetE	
0x3867c4	.text	_ZN7Walaber23Widget_ScrollableCamera13_updateSliderEv	
0x3868bc	.text	_ZN7Walaber23Widget_ScrollableCamera4drawEPNS_11SpriteBatchE	
0x386924	.text	_ZN7Walaber23Widget_ScrollableCamera8addGroupEPNS_12Widget_GroupEb	
0x3869c4	.text	_ZN7Walaber23Widget_ScrollableCamera21createFakeSliderIndexEi	
0x386bf4	.text	_ZN7Walaber23Widget_ScrollableCamera15addMovableGroupEPNS_12Widget_GroupE	
0x386ca4	.text	_ZN7Walaber23Widget_ScrollableCamera8setIndexEif	
0x386d38	.text	_ZN7Walaber23Widget_ScrollableCamera15getCurrentIndexEv	
0x386d40	.text	_ZN7Walaber23Widget_ScrollableCamera19acceptNewFingerDownEiPNS_10FingerInfoE	
0x386db8	.text	_ZN7Walaber23Widget_ScrollableCamera13_updateFingerEb	
0x386e2c	.text	_ZN7Walaber23Widget_ScrollableCamera22acceptNewFingerEnteredEiPNS_10FingerInfoE	
0x386eb8	.text	_ZN7Walaber23Widget_ScrollableCamera19releaseFingerStayedEiPNS_10FingerInfoE	
0x386efc	.text	_ZN7Walaber23Widget_ScrollableCamera18releaseFingerMovedEiPNS_10FingerInfoE	
0x386f68	.text	_ZN7Walaber23Widget_ScrollableCamera15releaseFingerUpEiPNS_10FingerInfoE	
0x38701c	.text	_ZN7Walaber23Widget_ScrollableCamera17releaseFingerLeftEiPNS_10FingerInfoE	
0x3870d4	.text	_ZN7Walaber23Widget_ScrollableCamera16notifyFingerLostEiPNS_10FingerInfoE	
0x387188	.text	_ZN7Walaber23Widget_ScrollableCamera25getCurrentIndexPercentageEv	
0x387190	.text	_ZNSt6__ndk16vectorIPN7Walaber12Widget_GroupENS_9allocatorIS3_EEE21__push_back_slow_pathIRKS3_EEvOT_	__push_back_slow_path<Walaber::Widget_Group*const&>
0x3872b8	.text	_ZNSt6__ndk114__split_bufferIPN7Walaber12Widget_GroupERNS_9allocatorIS3_EEEC2EmmS6_	
0x387368	.text	_ZN7Walaber22Widget_ScrollableGroupC1EiNS_7Vector2ES1_	
0x387430	.text	_ZN7Walaber22Widget_ScrollableGroup4initEv	
0x3874c4	.text	_ZN7Walaber22Widget_ScrollableGroupD1Ev	
0x387508	.text	_ZN7Walaber22Widget_ScrollableGroupD0Ev	
0x38752c	.text	_ZN7Walaber22Widget_ScrollableGroup8setGroupEPNS_12Widget_GroupE	
0x387658	.text	_ZN7Walaber22Widget_ScrollableGroup16setDirectionMaskENS_7Vector2E	
0x387664	.text	_ZN7Walaber22Widget_ScrollableGroup6snapToEi	
0x3876c0	.text	_ZN7Walaber22Widget_ScrollableGroup23_widgetPositionToOffsetEi	
0x387750	.text	_ZN7Walaber22Widget_ScrollableGroup6snapToENS_7Vector2E	
0x3877ac	.text	_ZN7Walaber22Widget_ScrollableGroup25_relativePositionToOffsetERKNS_7Vector2E	
0x387848	.text	_ZN7Walaber22Widget_ScrollableGroup7dollyToEif	
0x3878c0	.text	_ZN7Walaber22Widget_ScrollableGroup12_dollyFromToERKNS_7Vector2ES3_f	
0x387934	.text	_ZN7Walaber22Widget_ScrollableGroup11dollyFromToEiif	
0x3879bc	.text	_ZN7Walaber22Widget_ScrollableGroup7dollyToENS_7Vector2Ef	
0x387a34	.text	_ZN7Walaber22Widget_ScrollableGroup11dollyFromToENS_7Vector2ES1_f	
0x387abc	.text	_ZN7Walaber22Widget_ScrollableGroup6updateEfRNS_6Widget15WidgetActionRetE	
0x387c8c	.text	_ZN7Walaber22Widget_ScrollableGroup4drawEPNS_11SpriteBatchE	
0x387c90	.text	_ZN7Walaber22Widget_ScrollableGroup19acceptNewFingerDownEiPNS_10FingerInfoE	
0x387cc4	.text	_ZN7Walaber22Widget_ScrollableGroup13_updateFingerEb	
0x387e00	.text	_ZN7Walaber22Widget_ScrollableGroup22acceptNewFingerEnteredEiPNS_10FingerInfoE	
0x387e48	.text	_ZN7Walaber22Widget_ScrollableGroup19releaseFingerStayedEiPNS_10FingerInfoE	
0x387e68	.text	_ZN7Walaber22Widget_ScrollableGroup18releaseFingerMovedEiPNS_10FingerInfoE	
0x387e88	.text	_ZN7Walaber22Widget_ScrollableGroup15releaseFingerUpEiPNS_10FingerInfoE	
0x387e9c	.text	_ZN7Walaber22Widget_ScrollableGroup17releaseFingerLeftEiPNS_10FingerInfoE	
0x387eb8	.text	_ZN7Walaber22Widget_ScrollableGroup16notifyFingerLostEiPNS_10FingerInfoE	
0x387ecc	.text	_ZN7Walaber22Widget_ScrollableGroup14_clampInBoundsERKNS_7Vector2E	
0x387f08	.text	_ZN7Walaber20Widget_ScrollableSetC1EiNS_7Vector2ES1_	
0x388044	.text	_ZN7Walaber20Widget_ScrollableSet4initEv	
0x38808c	.text	_ZN7Walaber20Widget_ScrollableSetD2Ev	
0x3880dc	.text	_ZN7Walaber20Widget_ScrollableSetD0Ev	
0x388100	.text	_ZN7Walaber20Widget_ScrollableSet6updateEfRNS_6Widget15WidgetActionRetE	
0x3884f4	.text	_ZN7Walaber20Widget_ScrollableSet13_updateSliderEv	
0x38854c	.text	_ZN7Walaber20Widget_ScrollableSet4drawEPNS_11SpriteBatchE	
0x388550	.text	_ZN7Walaber20Widget_ScrollableSet8addGroupEPNS_12Widget_GroupE	
0x38868c	.text	_ZN7Walaber20Widget_ScrollableSet8setIndexEi	
0x3886c0	.text	_ZN7Walaber20Widget_ScrollableSet15getCurrentIndexEv	
0x3886c8	.text	_ZN7Walaber20Widget_ScrollableSet13setCameraModeEb	
0x3886d4	.text	_ZN7Walaber20Widget_ScrollableSet13getCameraModeEv	
0x3886dc	.text	_ZN7Walaber20Widget_ScrollableSet9setCameraEPNS_6CameraE	
0x3886e4	.text	_ZN7Walaber20Widget_ScrollableSet7dollyToEif	
0x388714	.text	_ZN7Walaber20Widget_ScrollableSet11dollyFromToEiif	
0x3887a0	.text	_ZN7Walaber20Widget_ScrollableSet18setDistanceBetweenEf	
0x3887a8	.text	_ZN7Walaber20Widget_ScrollableSet10linkSliderEPNS_13Widget_SliderE	
0x3887ec	.text	_ZN7Walaber20Widget_ScrollableSet11sliderMovedEPNS_13Widget_SliderE	
0x388878	.text	_ZN7Walaber20Widget_ScrollableSet19acceptNewFingerDownEiPNS_10FingerInfoE	
0x3888c0	.text	_ZN7Walaber20Widget_ScrollableSet13_updateFingerEb	
0x38896c	.text	_ZN7Walaber20Widget_ScrollableSet22acceptNewFingerEnteredEiPNS_10FingerInfoE	
0x3889bc	.text	_ZN7Walaber20Widget_ScrollableSet19releaseFingerStayedEiPNS_10FingerInfoE	
0x3889dc	.text	_ZN7Walaber20Widget_ScrollableSet18releaseFingerMovedEiPNS_10FingerInfoE	
0x3889fc	.text	_ZN7Walaber20Widget_ScrollableSet15releaseFingerUpEiPNS_10FingerInfoE	
0x388a10	.text	_ZN7Walaber20Widget_ScrollableSet17releaseFingerLeftEiPNS_10FingerInfoE	
0x388a2c	.text	_ZN7Walaber20Widget_ScrollableSet16notifyFingerLostEiPNS_10FingerInfoE	
0x388a40	.text	_ZN7Walaber13Widget_SliderC2EiNS_7Vector2ES1_	
0x388afc	.text	_ZN7Walaber13Widget_Slider4initEv	
0x388b68	.text	_ZN7Walaber13Widget_SliderC2EiNS_7Vector2ES1_NS_9SharedPtrINS_7TextureEEES4_S1_fff	
0x388cc0	.text	_ZN7Walaber13Widget_SliderD1Ev	
0x388d10	.text	_ZN7Walaber13Widget_SliderD0Ev	
0x388d34	.text	_ZN7Walaber13Widget_Slider13setHandleSizeENS_7Vector2E	
0x388db4	.text	_ZN7Walaber13Widget_Slider11setStepSizeENS_7Vector2E	
0x388dc0	.text	_ZN7Walaber13Widget_Slider11setBaseSizeENS_7Vector2E	
0x388e38	.text	_ZN7Walaber13Widget_Slider6updateEfRNS_6Widget15WidgetActionRetE	
0x388ec0	.text	_ZN7Walaber13Widget_Slider8getValueEv	
0x388ef0	.text	_ZN7Walaber13Widget_Slider4drawEPNS_11SpriteBatchE	
0x3894d8	.text	_ZN7Walaber13Widget_Slider13linkScrollSetEPNS_20Widget_ScrollableSetE	
0x3894e0	.text	_ZN7Walaber13Widget_Slider8setValueEf	
0x389510	.text	_ZN7Walaber13Widget_Slider19acceptNewFingerDownEiPNS_10FingerInfoE	
0x389684	.text	_ZN7Walaber13Widget_Slider9_setValueEv	
0x3897d8	.text	_ZN7Walaber13Widget_Slider22acceptNewFingerEnteredEiPNS_10FingerInfoE	
0x3897e0	.text	_ZN7Walaber13Widget_Slider19releaseFingerStayedEiPNS_10FingerInfoE	
0x389800	.text	_ZN7Walaber13Widget_Slider18releaseFingerMovedEiPNS_10FingerInfoE	
0x389820	.text	_ZN7Walaber13Widget_Slider15releaseFingerUpEiPNS_10FingerInfoE	
0x389830	.text	_ZN7Walaber13Widget_Slider17releaseFingerLeftEiPNS_10FingerInfoE	
0x389858	.text	_ZN7Walaber13Widget_Slider16notifyFingerLostEiPNS_10FingerInfoE	
0x389868	.text	_ZN7Walaber13Widget_Slider5resetEv	
0x389870	.text	_ZN7Walaber17Widget_SlideWheelC2EiNS_7Vector2ES1_	
0x389900	.text	_ZN7Walaber17Widget_SlideWheel4initEv	
0x389904	.text	_ZN7Walaber17Widget_SlideWheelC1EiNS_7Vector2ES1_NS_9SharedPtrINS_7TextureEEE	
0x3899bc	.text	_ZN7Walaber17Widget_SlideWheelD1Ev	
0x389a54	.text	_ZN7Walaber17Widget_SlideWheelD0Ev	
0x389a78	.text	_ZN7Walaber17Widget_SlideWheel10setPaddingEffff	
0x389aa8	.text	_ZN7Walaber17Widget_SlideWheel6updateEfRNS_6Widget15WidgetActionRetE	
0x389b10	.text	_ZN7Walaber17Widget_SlideWheel4drawEPNS_11SpriteBatchE	
0x389e5c	.text	_ZN7Walaber17Widget_SlideWheel19acceptNewFingerDownEiPNS_10FingerInfoE	
0x389e7c	.text	_ZN7Walaber17Widget_SlideWheel22acceptNewFingerEnteredEiPNS_10FingerInfoE	
0x389e98	.text	_ZN7Walaber17Widget_SlideWheel19releaseFingerStayedEiPNS_10FingerInfoE	
0x389ebc	.text	_ZN7Walaber17Widget_SlideWheel13_updateFingerEv	
0x389f48	.text	_ZN7Walaber17Widget_SlideWheel18releaseFingerMovedEiPNS_10FingerInfoE	
0x389f6c	.text	_ZN7Walaber17Widget_SlideWheel15releaseFingerUpEiPNS_10FingerInfoE	
0x389f84	.text	_ZN7Walaber17Widget_SlideWheel17releaseFingerLeftEiPNS_10FingerInfoE	
0x389fb8	.text	_ZN7Walaber17Widget_SlideWheel16notifyFingerLostEiPNS_10FingerInfoE	
0x389fd0	.text	_ZN7Walaber17Widget_SlideWheel5resetEv	
0x389fd8	.text	_ZN7Walaber14Widget_SpinnerC2EiNS_7Vector2ES1_	
0x38a088	.text	_ZN7Walaber14Widget_Spinner4initEv	
0x38a0a8	.text	_ZN7Walaber14Widget_SpinnerC1EiNS_7Vector2ES1_NS_9SharedPtrINS_7TextureEEE	
0x38a1ac	.text	_ZN7Walaber14Widget_SpinnerD2Ev	
0x38a1e4	.text	_ZN7Walaber14Widget_SpinnerD0Ev	
0x38a224	.text	_ZN7Walaber14Widget_Spinner10setTextureENS_9SharedPtrINS_7TextureEEE	
0x38a270	.text	_ZN7Walaber14Widget_Spinner6updateEfRNS_6Widget15WidgetActionRetE	
0x38a2c4	.text	_ZN7Walaber14Widget_Spinner4drawEPNS_11SpriteBatchE	
0x38a464	.text	_ZN7Walaber14Widget_Spinner19acceptNewFingerDownEiPNS_10FingerInfoE	
0x38a52c	.text	_ZN7Walaber14Widget_Spinner22acceptNewFingerEnteredEiPNS_10FingerInfoE	
0x38a5f4	.text	_ZN7Walaber14Widget_Spinner19releaseFingerStayedEiPNS_10FingerInfoE	
0x38a618	.text	_ZN7Walaber14Widget_Spinner13_updateFingerEv	
0x38a78c	.text	_ZN7Walaber14Widget_Spinner18releaseFingerMovedEiPNS_10FingerInfoE	
0x38a7b0	.text	_ZN7Walaber14Widget_Spinner15releaseFingerUpEiPNS_10FingerInfoE	
0x38a7c8	.text	_ZN7Walaber14Widget_Spinner17releaseFingerLeftEiPNS_10FingerInfoE	
0x38a7fc	.text	_ZN7Walaber14Widget_Spinner16notifyFingerLostEiPNS_10FingerInfoE	
0x38a814	.text	_ZN7Walaber14Widget_Spinner5resetEv	
0x38a81c	.text	_ZN7Walaber18Widget_TimedButtonC2EiNS_7Vector2ES1_	
0x38a8d4	.text	_ZN7Walaber18Widget_TimedButton4initEv	
0x38a8f4	.text	_ZN7Walaber18Widget_TimedButtonC1EiNS_7Vector2ES1_NS_9SharedPtrINS_7TextureEEES4_f	
0x38aa4c	.text	_ZN7Walaber18Widget_TimedButtonD1Ev	
0x38aa8c	.text	_ZN7Walaber18Widget_TimedButtonD0Ev	
0x38aab0	.text	_ZN7Walaber18Widget_TimedButton16setActiveTextureENS_9SharedPtrINS_7TextureEEE	
0x38aafc	.text	_ZN7Walaber18Widget_TimedButton18setInactiveTextureENS_9SharedPtrINS_7TextureEEE	
0x38ab48	.text	_ZN7Walaber18Widget_TimedButton16setTimeRemainingEf	
0x38ab84	.text	_ZN7Walaber18Widget_TimedButton6updateEfRNS_6Widget15WidgetActionRetE	
0x38ac04	.text	_ZN7Walaber18Widget_TimedButton4drawEPNS_11SpriteBatchE	
0x38af40	.text	_ZN7Walaber18Widget_TimedButton19acceptNewFingerDownEiPNS_10FingerInfoE	
0x38af7c	.text	_ZN7Walaber18Widget_TimedButton10setEnabledEb	
0x38af90	.text	_ZN7Walaber18Widget_TimedButton5resetEv	
0x38af98	.text	_ZN7Walaber13Widget_ToggleC1EiNS_7Vector2ES1_	
0x38c05c	.text	_ZN7Walaber13Widget_Toggle4initEv	
0x38c06c	.text	_ZN7Walaber13Widget_ToggleC2EiNS_7Vector2ES1_NS_9SharedPtrINS_7TextureEEES4_NSt6__ndk112basic_stringIcNS5_11char_traitsIcEENS5_9allocatorIcEEEESB_RKSB_	
0x38c268	.text	_ZN7Walaber13Widget_ToggleD1Ev	
0x38c2d0	.text	_ZN7Walaber13Widget_ToggleD0Ev	
0x38c2f4	.text	_ZN7Walaber13Widget_Toggle12setTextureOnENS_9SharedPtrINS_7TextureEEE	
0x38c33c	.text	_ZN7Walaber13Widget_Toggle13setTextureOffENS_9SharedPtrINS_7TextureEEE	
0x38c384	.text	_ZN7Walaber13Widget_Toggle7setIconENS_9SharedPtrINS_7TextureEEENS_7Vector2E	
0x38c3e4	.text	_ZN7Walaber13Widget_Toggle6updateEfRNS_6Widget15WidgetActionRetE	
0x38c408	.text	_ZN7Walaber13Widget_Toggle4drawEPNS_11SpriteBatchE	
0x38cc48	.text	_ZN7Walaber13Widget_Toggle19acceptNewFingerDownEiPNS_10FingerInfoE	
0x38cc6c	.text	_ZN7Walaber13Widget_Toggle22acceptNewFingerEnteredEiPNS_10FingerInfoE	
0x38cc74	.text	_ZN7Walaber13Widget_Toggle19releaseFingerStayedEiPNS_10FingerInfoE	
0x38cc7c	.text	_ZN7Walaber13Widget_Toggle18releaseFingerMovedEiPNS_10FingerInfoE	
0x38cc84	.text	_ZN7Walaber13Widget_Toggle15releaseFingerUpEiPNS_10FingerInfoE	
0x38cc88	.text	_ZN7Walaber13Widget_Toggle17releaseFingerLeftEiPNS_10FingerInfoE	
0x38cc90	.text	_ZN7Walaber13Widget_Toggle16notifyFingerLostEiPNS_10FingerInfoE	
0x38cc94	.text	_ZN7Walaber10GraphicsGL13DumpedGLState4dumpEv	
0x38cdc0	.text	_ZN7Walaber10GraphicsGL13DumpedGLState5printEv	
0x38d1ac	.text	_ZN7Walaber10GraphicsGL13DumpedGLState10printDiffsERKS1_	
0x38d820	.text	_ZN7Walaber10GraphicsGL13checkForErrorEv	
0x38d90c	.text	_ZN7Walaber16FluidParticleSet13initParticlesEj	
0x38da04	.text	_ZNSt6__ndk16vectorIN7Walaber13FluidParticleENS_9allocatorIS2_EEE6insertENS_11__wrap_iterIPKS2_EEmRS7_	
0x38dd30	.text	_ZN7Walaber16FluidParticleSet15updateParticlesEf	
0x38de14	.text	_ZN7Walaber16FluidParticleSet13drawParticlesERNS_11SpriteBatchENS_9SharedPtrINS_7TextureEEERKNS_5ColorES8_iff	
0x38e028	.text	_ZN7Walaber16FluidParticleSet13drawParticlesERNS_11SpriteBatchENS_9SharedPtrINS_7TextureEEERKNS_5ColorES8_iffi	
0x38e24c	.text	_ZN7Walaber16FluidParticleSet13drawParticlesERNS_11SpriteBatchENS_9SharedPtrINS_7TextureEEERKNS_5ColorES8_iPfff	
0x38e450	.text	_ZN7Walaber11SpriteBatch12drawTeardropEiNS_9SharedPtrINS_7TextureEEERKNS_7Vector2ES6_fRKNS_5ColorENS_20VertexColorBlendModeEb	
0x38e680	.text	_ZN7Walaber16FluidParticleSet13drawParticlesERNS_11SpriteBatchENS_9SharedPtrINS_7TextureEEERKNS_5ColorES8_iPfffffi	
0x38e8ac	.text	_ZN7Walaber16FluidParticleSet18drawIntoVertBufferEPNS_24PositionTextureColorVertERjRKNS_5ColorES6_ffibifS6_i	
0x38eb90	.text	_ZN7Walaber16FluidParticleSet19_drawIntoVertBufferEPNS_24PositionTextureColorVertERjjRKNS_7Vector2ES6_S6_ff	
0x38edfc	.text	_ZN7Walaber16FluidParticleSet18drawIntoVertBufferEPNS_24PositionTextureColorVertERjRKNS_5ColorES6_ffffibifS6_i	
0x38f0ec	.text	_ZN7Walaber16FluidParticleSet18drawIntoVertBufferEPNS_24PositionTextureColorVertERjRKNS_5ColorES6_S6_ibifi	
0x38f250	.text	_ZN7Walaber16FluidParticleSet15writeIntoBufferEPvRKNS_5ColorES4_ffibiS4_i	
0x38f658	.text	_ZN7Walaber16FluidParticleSet15writeIntoBufferEPvRKNS_5ColorES4_ffffibiS4_i	
0x38fa6c	.text	_ZN7Walaber16FluidParticleSet15writeIntoBufferEPvRKNS_5ColorES4_S4_ibii	
0x38fd00	.text	_ZN7Walaber16FluidParticleSet21drawParticlesTeardropERNS_11SpriteBatchENS_9SharedPtrINS_7TextureEEERKNS_5ColorEi	
0x38fe00	.text	_ZN7Walaber11SpriteBatch19_addTeardropToBatchERNSt6__ndk16vectorINS_24PositionTextureColorVertENS1_9allocatorIS3_EEEERNS2_INS0_12BlendSectionENS4_IS8_EEEERKNS_7Vector2ESE_fRKNS_5ColorENS_20VertexColorBlendModeEb	
0x3901e8	.text	_ZNSt6__ndk16vectorIN7Walaber13FluidParticleENS_9allocatorIS2_EEE12__move_rangeEPS2_S6_S6_	
0x390308	.text	_ZNSt6__ndk114__split_bufferIN7Walaber13FluidParticleERNS_9allocatorIS2_EEEC2EmmS5_	
0x3903d0	.text	_ZNSt6__ndk114__split_bufferIN7Walaber13FluidParticleERNS_9allocatorIS2_EEE18__construct_at_endEmRKS2_	
0x39045c	.text	_ZNSt6__ndk16vectorIN7Walaber13FluidParticleENS_9allocatorIS2_EEE26__swap_out_circular_bufferERNS_14__split_bufferIS2_RS4_EEPS2_	
0x39059c	.text	_ZN7Walaber12BaseParticleC2ERKS0_	
0x390600	.text	_ZN7Walaber15ParticleEmitterC2Ei	
0x39070c	.text	_ZN7Walaber11ParticleSetC2Ej	
0x3907f0	.text	_ZN7Walaber15ParticleEmitterD1Ev	
0x390898	.text	_ZN7Walaber11ParticleSetD2Ev	
0x3908e4	.text	_ZN7Walaber15ParticleEmitterD0Ev	
0x390908	.text	_ZN7Walaber15ParticleEmitter11loadFromXMLERKNSt6__ndk112basic_stringIcNS1_11char_traitsIcEENS1_9allocatorIcEEEENS_9SharedPtrINS_8CallbackEEE	
0x390a78	.text	_ZN7Walaber15ParticleEmitter14_xmlFileLoadedEPv	
0x39285c	.text	_ZN7Walaber9SharedPtrINS_14MemberCallbackINS_15ParticleEmitterEEEED2Ev	
0x3928b4	.text	_ZN7Walaber15ParticleEmitter6updateEf	
0x39332c	.text	_ZN7Walaber11ParticleSet11addParticleEfRKNS_7Vector2ES3_fS3_S3_S3_ffiRi	
0x39348c	.text	_ZN7Walaber15ParticleEmitter4drawEPNS_11SpriteBatchE	
0x393524	.text	_ZNSt6__ndk16vectorIN7Walaber9SharedPtrINS1_7TextureEEENS_9allocatorIS4_EEEC2ERKS7_	
0x3935bc	.text	_ZN7Walaber15ParticleEmitter4drawEPNS_11SpriteBatchENS_5ColorE	
0x393650	.text	_ZN7Walaber15ParticleEmitter24addDirectionRangeDegreesEff	
0x3936d4	.text	_ZNSt6__ndk16vectorIN7Walaber8ParticleENS_9allocatorIS2_EEEC2Em	
0x393730	.text	_ZNSt6__ndk16vectorIN7Walaber8ParticleENS_9allocatorIS2_EEE11__vallocateEm	
0x393788	.text	_ZNSt6__ndk16vectorIN7Walaber8ParticleENS_9allocatorIS2_EEE18__construct_at_endEm	
0x3937f4	.text	_ZNSt6__ndk16vectorINS_4pairIffEENS_9allocatorIS2_EEE21__push_back_slow_pathIS2_EEvOT_	__push_back_slow_path<std::__ndk1::pair<float,float>>
0x39391c	.text	_ZNSt6__ndk114__split_bufferINS_4pairIffEERNS_9allocatorIS2_EEEC2EmmS5_	
0x3939cc	.text	_ZN7Walaber14MemberCallbackINS_15ParticleEmitterEED0Ev	
0x3939d0	.text	_ZN7Walaber14MemberCallbackINS_15ParticleEmitterEE6invokeEPv	
0x393a00	.text	_ZNSt6__ndk16vectorIN7Walaber9SharedPtrINS1_7TextureEEENS_9allocatorIS4_EEE11__vallocateEm	
0x393a44	.text	_ZN7Walaber11ParticleSet13initParticlesEj	
0x393b44	.text	_ZNSt6__ndk16vectorIN7Walaber8ParticleENS_9allocatorIS2_EEE6insertENS_11__wrap_iterIPKS2_EEmRS7_	
0x393e78	.text	_ZN7Walaber11ParticleSet15updateParticlesEf	
0x393fdc	.text	_ZN7Walaber11ParticleSet14removeParticleEi	
0x394098	.text	_ZN7Walaber11ParticleSet13drawParticlesERNS_11SpriteBatchENSt6__ndk16vectorINS_9SharedPtrINS_7TextureEEENS3_9allocatorIS7_EEEERKNS_5ColorEi	
0x394308	.text	_ZN7Walaber11ParticleSet17_getParticleColorEPKNS_8ParticleERKNS_5ColorE	
0x394480	.text	_ZN7Walaber11ParticleSet15getParticleSizeEi	
0x394578	.text	_ZN7Walaber11ParticleSet13drawParticlesERNS_11SpriteBatchENS_9SharedPtrINS_7TextureEEERKNS_5ColorEi	
0x3947c0	.text	_ZN7Walaber11ParticleSet13drawParticlesERNS_11SpriteBatchENS_9SharedPtrINS_7TextureEEERKNS_5ColorEifb	
0x394a5c	.text	_ZNSt6__ndk16vectorIN7Walaber8ParticleENS_9allocatorIS2_EEE12__move_rangeEPS2_S6_S6_	
0x394ba0	.text	_ZNSt6__ndk114__split_bufferIN7Walaber8ParticleERNS_9allocatorIS2_EEEC2EmmS5_	
0x394c68	.text	_ZNSt6__ndk114__split_bufferIN7Walaber8ParticleERNS_9allocatorIS2_EEE18__construct_at_endEmRKS2_	
0x394cec	.text	_ZNSt6__ndk16vectorIN7Walaber8ParticleENS_9allocatorIS2_EEE26__swap_out_circular_bufferERNS_14__split_bufferIS2_RS4_EEPS2_	
0x394e34	.text	_ZN7Walaber16VerletIntegratorC2Ev	
0x394e44	.text	_ZN7Walaber16VerletIntegratorC1ERKS0_	
0x394e50	.text	_ZN7Walaber16VerletIntegratoraSERKS0_	
0x394e5c	.text	_ZN7Walaber16VerletIntegratorD1Ev	
0x394e60	.text	_ZNK7Walaber16VerletIntegrator18integrateParticlesEPNS_7Vector2ES2_S2_S2_fi	
0x394ed8	.text	_ZNK7Walaber16VerletIntegrator19integrateVelocitiesEPNS_7Vector2ES2_S2_fi	
0x394f0c	.text	_ZN7Walaber21ProgrammaticTexture2D12initWithSizeEjjNS_25TextureInMemoryColorspaceE	
0x395084	.text	_ZN7Walaber21ProgrammaticTexture2D7setDataENS_9SharedPtrINSt6__ndk16vectorINS_5ColorENS2_9allocatorIS4_EEEEEE	
0x395250	.text	_ZN7Walaber21ProgrammaticTexture2D7setDataENS_9SharedPtrINSt6__ndk16vectorINS_5ColorENS2_9allocatorIS4_EEEEEEiiiiiii	
0x395268	.text	_ZN7Walaber21ProgrammaticTexture2D14_applySettingsEv	
0x3952dc	.text	_ZN7Walaber21ProgrammaticTexture2D6reloadENS_9SharedPtrINS_8CallbackEEENS_11FileManager14PlatformPolicyE	
0x3953e8	.text	_ZN7Walaber9SharedPtrINSt6__ndk16vectorINS_5ColorENS1_9allocatorIS3_EEEEED2Ev	
0x39544c	.text	_ZN7Walaber27createProgrammaticTexture2DERKNSt6__ndk112basic_stringIcNS0_11char_traitsIcEENS0_9allocatorIcEEEEjjNS_25TextureInMemoryColorspaceE	
0x3954d4	.text	_ZN7Walaber21ProgrammaticTexture2DC2ERKNSt6__ndk112basic_stringIcNS1_11char_traitsIcEENS1_9allocatorIcEEEEjjNS_25TextureInMemoryColorspaceE	
0x395544	.text	_ZN7Walaber9SharedPtrINS_21ProgrammaticTexture2DEED2Ev	
0x39559c	.text	_ZN7Walaber27createProgrammaticTexture2DERKNSt6__ndk112basic_stringIcNS0_11char_traitsIcEENS0_9allocatorIcEEEEjjNS_25TextureInMemoryColorspaceENS_9SharedPtrINS0_6vectorINS_5ColorENS4_ISC_EEEEEE	
0x395698	.text	_ZN7Walaber21ProgrammaticTexture2DC2ERKNSt6__ndk112basic_stringIcNS1_11char_traitsIcEENS1_9allocatorIcEEEEjjNS_25TextureInMemoryColorspaceENS_9SharedPtrINS1_6vectorINS_5ColorENS5_ISD_EEEEEE	
0x395780	.text	_ZN7Walaber37createProgrammaticSolidColorTexture2DERKNSt6__ndk112basic_stringIcNS0_11char_traitsIcEENS0_9allocatorIcEEEEjjNS_5ColorENS_25TextureInMemoryColorspaceE	
0x395908	.text	_ZN7Walaber7Texture19create_empty_bufferEv	
0x3959b8	.text	_ZN7Walaber21ProgrammaticTexture2DD2Ev	
0x395a2c	.text	_ZN7Walaber21ProgrammaticTexture2DD0Ev	
0x395a50	.text	_ZN7Walaber7Texture11writeToFileENSt6__ndk112basic_stringIcNS1_11char_traitsIcEENS1_9allocatorIcEEEE	
0x395a54	.text	_ZN7Walaber21ProgrammaticTexture2D10invalidateEv	
0x395a60	.text	_ZN7Walaber21ProgrammaticTexture2D10clearGlMemEv	
0x395a7c	.text	_ZN7Walaber7Texture8_getDataENS_9SharedPtrINS_8CallbackEEE	
0x395b40	.text	_ZN7Walaber7TextureC2ERKNSt6__ndk112basic_stringIcNS1_11char_traitsIcEENS1_9allocatorIcEEEENS_11TextureTypeE	
0x395be8	.text	_ZN7Walaber15TextureSettingsC2Ej	
0x395c70	.text	_ZN7Walaber7TextureD2Ev	
0x395cc8	.text	_ZN7Walaber7TextureD0Ev	
0x395cec	.text	_ZN7Walaber7Texture7setDataENS_9SharedPtrINSt6__ndk16vectorINS_5ColorENS2_9allocatorIS4_EEEEEE	
0x395cf0	.text	_ZN7Walaber7Texture7setDataENS_9SharedPtrINSt6__ndk16vectorINS_5ColorENS2_9allocatorIS4_EEEEEEiiiiiii	
0x395cf4	.text	_ZN7Walaber7Texture6reloadENS_9SharedPtrINS_8CallbackEEENS_11FileManager14PlatformPolicyE	
0x395cf8	.text	_ZN7Walaber7Texture10invalidateEv	
0x395d04	.text	_ZN7Walaber7Texture10clearGlMemEv	
0x395d08	.text	_ZN7Walaber7Texture14_applySettingsEv	
0x395d0c	.text	_ZNSt6__ndk16vectorIN7Walaber5ColorENS_9allocatorIS2_EEEC2Em	
0x395d80	.text	_ZNSt6__ndk16vectorIN7Walaber5ColorENS_9allocatorIS2_EEE11__vallocateEm	
0x395dc4	.text	_ZNKSt6__ndk120__vector_base_commonILb1EE20__throw_out_of_rangeEv	
0x395e24	.text	_ZN7Walaber7loadPVREPhjRiS1_RjS2_	
0x395e2c	.text	_ZN7Walaber15RenderTexture2D12initWithSizeEjjNS_25TextureInMemoryColorspaceE	
0x396098	.text	_ZN7Walaber15RenderTexture2D17initWithPixelDataEjjNS_25TextureInMemoryColorspaceEPh	
0x39630c	.text	_ZN7Walaber15RenderTexture2D4bindEv	
0x3963cc	.text	_ZN7Walaber15RenderTexture2D6unbindEv	
0x39643c	.text	_ZN7Walaber15RenderTexture2D11setViewportEv	
0x396454	.text	_ZN7Walaber15RenderTexture2D14_applySettingsEv	
0x396504	.text	_ZN7Walaber15TextureSettings8debugLogEv	
0x396580	.text	_ZN7Walaber21createRenderTexture2DEjjNS_25TextureInMemoryColorspaceE	
0x396600	.text	_ZN7Walaber15RenderTexture2DC2EjjNS_25TextureInMemoryColorspaceE	
0x396714	.text	_ZN7Walaber21createRenderTexture2DEjjNS_15TextureSettingsENS_25TextureInMemoryColorspaceE	
0x39686c	.text	_ZN7Walaber15RenderTexture2DC2EjjNS_15TextureSettingsENS_25TextureInMemoryColorspaceE	
0x396a24	.text	_ZN7Walaber21createRenderTexture2DEjjNS_25TextureInMemoryColorspaceEPh	
0x396aac	.text	_ZN7Walaber15RenderTexture2DC2EjjPhNS_25TextureInMemoryColorspaceE	
0x396bc8	.text	_ZN7Walaber15RenderTexture2D16createScreenGrabEPjS1_S1_	
0x396c60	.text	_ZN7Walaber15RenderTexture2DD2Ev	
0x396d00	.text	_ZN7Walaber15RenderTexture2DD0Ev	
0x396d24	.text	_ZN7Walaber15RenderTexture2D10invalidateEv	
0x396d34	.text	_ZN7Walaber15RenderTexture2D10clearGlMemEv	
0x396d84	.text	_ZN7Walaber7TextureC2ERKNSt6__ndk112basic_stringIcNS1_11char_traitsIcEENS1_9allocatorIcEEEENS_15TextureSettingsENS_11TextureTypeE	
0x396e80	.text	_ZN7Walaber10Subtexture12reloadParentENS_9SharedPtrINS_8CallbackEEE	
0x396f40	.text	_ZN7Walaber16createSubtextureENSt6__ndk112basic_stringIcNS0_11char_traitsIcEENS0_9allocatorIcEEEENS_9SharedPtrINS_7TextureEEERKNS_11TextureDataE	
0x39705c	.text	_ZN7Walaber10SubtextureC2ENSt6__ndk112basic_stringIcNS1_11char_traitsIcEENS1_9allocatorIcEEEENS_9SharedPtrINS_7TextureEEERKNS_11TextureDataE	
0x397138	.text	_ZN7Walaber10SubtextureD2Ev	
0x397180	.text	_ZN7Walaber10SubtextureD0Ev	
0x3971a4	.text	_ZN7Walaber10Subtexture7setDataENS_9SharedPtrINSt6__ndk16vectorINS_5ColorENS2_9allocatorIS4_EEEEEE	
0x3971a8	.text	_ZN7Walaber10Subtexture11writeToFileENSt6__ndk112basic_stringIcNS1_11char_traitsIcEENS1_9allocatorIcEEEE	
0x3971ac	.text	_ZN7Walaber28processImageBufferAndMakePOTERNS_13TextureBufferENS_25TextureInMemoryColorspaceENS_25ProcessImageBufferOptionsENS_19ProcessImageOptionsENS_17ProcessImageAlphaEfNS_5ColorEffffff	
0x3978a8	.text	_ZN7Walaber30strToTextureInMemoryColorspaceERKNSt6__ndk112basic_stringIcNS0_11char_traitsIcEENS0_9allocatorIcEEEE	
0x3979f4	.text	_ZN7Walaber30textureInMemoryColorspaceToStrENS_25TextureInMemoryColorspaceE	
0x397aac	.text	_ZN7Walaber38textureInMemoryColorspaceBytesPerPixelENS_25TextureInMemoryColorspaceE	
0x397ac4	.text	_ZN7Walaber9Texture2D12loadFromFileENS_9SharedPtrINS_8CallbackEEENS_11FileManager14PlatformPolicyE	
0x397af4	.text	_ZN7Walaber9Texture2D16initFromFileNameEv	
0x397d34	.text	_ZN7Walaber9Texture2D8_getDataENS_9SharedPtrINS_8CallbackEEE	
0x3980a4	.text	_ZN7Walaber9Texture2D11_fileLoadedEPv	
0x398ccc	.text	_ZN7Walaber9SharedPtrINS_14MemberCallbackINS_9Texture2DEEEED2Ev	
0x398d24	.text	_ZN7Walaber9Texture2D7setDataENS_9SharedPtrINSt6__ndk16vectorINS_5ColorENS2_9allocatorIS4_EEEEEE	
0x398e50	.text	_ZN7Walaber9Texture2D7setDataENS_9SharedPtrINSt6__ndk16vectorINS_5ColorENS2_9allocatorIS4_EEEEEEiiiiiii	
0x399030	.text	_ZN7Walaber9Texture2D14_applySettingsEv	
0x3990a4	.text	_ZN7Walaber9Texture2D13_failedToLoadERKNSt6__ndk112basic_stringIcNS1_11char_traitsIcEENS1_9allocatorIcEEEE	
0x3991f8	.text	_ZN7Walaber9Texture2D19bufferFromImageDataEPhii	
0x3992dc	.text	_ZN7Walaber9SharedPtrINSt6__ndk16vectorINS_5ColorENS1_9allocatorIS3_EEEEEaSERKS7_	
0x399374	.text	_ZN7Walaber9Texture2D6reloadENS_9SharedPtrINS_8CallbackEEENS_11FileManager14PlatformPolicyE	
0x399464	.text	_ZN7Walaber15createTexture2DERKNSt6__ndk112basic_stringIcNS0_11char_traitsIcEENS0_9allocatorIcEEEE	
0x3994ec	.text	_ZN7Walaber15createTexture2DERKNSt6__ndk112basic_stringIcNS0_11char_traitsIcEENS0_9allocatorIcEEEENS_15TextureSettingsE	
0x39962c	.text	_ZN7Walaber9Texture2DC2ERKNSt6__ndk112basic_stringIcNS1_11char_traitsIcEENS1_9allocatorIcEEEENS_15TextureSettingsE	
0x39973c	.text	_ZN7Walaber9Texture2DD2Ev	
0x399898	.text	_ZN7Walaber9Texture2DD0Ev	
0x3998bc	.text	_ZN7Walaber9Texture2D10clearGlMemEv	
0x3999cc	.text	_ZN7Walaber14MemberCallbackINS_9Texture2DEED0Ev	
0x3999d0	.text	_ZN7Walaber14MemberCallbackINS_9Texture2DEE6invokeEPv	
0x399a00	.text	_ZN7Walaber14TextureManagerC1Ev	
0x399b0c	.text	_ZN7Walaber14TextureManager19_createErrorTextureEv	
0x399ce4	.text	_ZN7Walaber14TextureManagerD2Ev	
0x399d4c	.text	_ZN7Walaber14TextureManager18reloadTextureAtlasERKNSt6__ndk112basic_stringIcNS1_11char_traitsIcEENS1_9allocatorIcEEEENS_9SharedPtrINS_8CallbackEEE	
0x399e28	.text	_ZN7Walaber14TextureManager18unloadTextureAtlasERKNSt6__ndk112basic_stringIcNS1_11char_traitsIcEENS1_9allocatorIcEEEE	
0x399e8c	.text	_ZN7Walaber14TextureManager16loadTextureAtlasERKNSt6__ndk112basic_stringIcNS1_11char_traitsIcEENS1_9allocatorIcEEEENS_9SharedPtrINS_8CallbackEEE	
0x39a1b4	.text	_ZN7Walaber14TextureManager28_unloadTextureAndSubTexturesERKNSt6__ndk112basic_stringIcNS1_11char_traitsIcEENS1_9allocatorIcEEEE	
0x39a468	.text	_ZN7Walaber14TextureManager19_loadedTextureAtlasEPv	
0x39a6e0	.text	_ZN7Walaber9SharedPtrINS_14MemberCallbackINS_14TextureManagerEEEED2Ev	
0x39a738	.text	_ZN7Walaber14TextureManager10getTextureERKNSt6__ndk112basic_stringIcNS1_11char_traitsIcEENS1_9allocatorIcEEEENS_9SharedPtrINS_8CallbackEEENS_11FileManager14PlatformPolicyEb	
0x39b9b0	.text	_ZN7Walaber14TextureManager14_loadImageListEP7_xmlDocP8_xmlNodeRKNSt6__ndk112basic_stringIcNS5_11char_traitsIcEENS5_9allocatorIcEEEE	
0x39c3ac	.text	_ZN7Walaber10Subtexture15isTextureParentERKNSt6__ndk112basic_stringIcNS1_11char_traitsIcEENS1_9allocatorIcEEEE	
0x39c460	.text	_ZN7Walaber9SharedPtrINS_10SubtextureEED2Ev	
0x39c4b8	.text	_ZN7Walaber14TextureManager19_isTextureSupportedERKNSt6__ndk112basic_stringIcNS1_11char_traitsIcEENS1_9allocatorIcEEEE	
0x39c5a8	.text	_ZN7Walaber14TextureManager20_loadAtlasGotTextureEPv	
0x39ca44	.text	_ZN7Walaber14TextureManager19loadTextureSettingsERKNSt6__ndk112basic_stringIcNS1_11char_traitsIcEENS1_9allocatorIcEEEE	
0x39cba0	.text	_ZN7Walaber14TextureManager22_loadedTextureSettingsEPv	
0x39dd50	.text	_ZN7Walaber14TextureManager18setTextureSettingsERKNSt6__ndk112basic_stringIcNS1_11char_traitsIcEENS1_9allocatorIcEEEENS_15TextureSettingsE	
0x39e0d8	.text	_ZN7Walaber9SharedPtrINS_9Texture2DEEaSERKS2_	
0x39e15c	.text	_ZN7Walaber9SharedPtrINS_9Texture2DEED2Ev	
0x39e1b4	.text	_ZN7Walaber7Texture11setSettingsENS_15TextureSettingsE	
0x39e23c	.text	_ZN7Walaber14TextureManager21reloadTextureFromDiskERKNSt6__ndk112basic_stringIcNS1_11char_traitsIcEENS1_9allocatorIcEEEENS_9SharedPtrINS_8CallbackEEE	
0x39e6c0	.text	_ZN7Walaber14TextureManager14reloadTexturesEv	
0x39e8a4	.text	_ZN7Walaber14TextureManager18invalidateTexturesEb	
0x39e958	.text	_ZNK7Walaber14TextureManager23countInvalidateTexturesEv	
0x39e9e8	.text	_ZN7Walaber14TextureManager24reloadNextInvalidTextureEv	
0x39ec78	.text	_ZN7Walaber14TextureManager17reloadSubTexturesEv	
0x39edfc	.text	_ZN7Walaber14TextureManager18getTextureSettingsERKNSt6__ndk112basic_stringIcNS1_11char_traitsIcEENS1_9allocatorIcEEEE	
0x39f00c	.text	_ZN7Walaber14TextureManager12clearTextureENSt6__ndk112basic_stringIcNS1_11char_traitsIcEENS1_9allocatorIcEEEE	
0x39f368	.text	_ZN7Walaber14TextureManager10clearCacheEv	
0x39f39c	.text	_ZN7Walaber14TextureManager13memoryWarningEb	
0x39f424	.text	_ZN7Walaber14TextureManager23_clearSubtextureParentsEv	
0x39f564	.text	_ZN7Walaber14TextureManager21_removeUnusedTexturesEb	
0x39f798	.text	_ZNK7Walaber14TextureManager12dumpTexturesEv	
0x39f900	.text	_ZN7Walaber14TextureManager9getMemoryEv	
0x39fa08	.text	_ZNK7Walaber14TextureManager18getTextureFileNameEj	
0x39fa8c	.text	_ZN7Walaber9SharedPtrINS_21ProgrammaticTexture2DEEaSERKS2_	
0x39fb10	.text	_ZNSt6__ndk16__treeINS_12__value_typeINS_12basic_stringIcNS_11char_traitsIcEENS_9allocatorIcEEEENS_6vectorIN7Walaber14TextureManager10SubTexInfoENS5_ISB_EEEEEENS_19__map_value_compareIS7_SE_NS_4lessIS7_EELb1EEENS5_ISE_EEE7destroyEPNS_11__tree_nodeISE_PvEE	
0x39fb68	.text	_ZNSt6__ndk16__treeINS_12__value_typeINS_12basic_stringIcNS_11char_traitsIcEENS_9allocatorIcEEEEN7Walaber15TextureSettingsEEENS_19__map_value_compareIS7_SA_NS_4lessIS7_EELb1EEENS5_ISA_EEE7destroyEPNS_11__tree_nodeISA_PvEE	
0x39fbc8	.text	_ZNSt6__ndk16__treeINS_12__value_typeINS_12basic_stringIcNS_11char_traitsIcEENS_9allocatorIcEEEEN7Walaber9SharedPtrINS8_7TextureEEEEENS_19__map_value_compareIS7_SC_NS_4lessIS7_EELb1EEENS5_ISC_EEE7destroyEPNS_11__tree_nodeISC_PvEE	
0x39fc20	.text	_ZNSt6__ndk16__treeINS_12__value_typeINS_12basic_stringIcNS_11char_traitsIcEENS_9allocatorIcEEEES7_EENS_19__map_value_compareIS7_S8_NS_4lessIS7_EELb1EEENS5_IS8_EEE5eraseENS_21__tree_const_iteratorIS8_PNS_11__tree_nodeIS8_PvEElEE	
0x39fcd4	.text	_ZN7Walaber14MemberCallbackINS_14TextureManagerEED0Ev	
0x39fcd8	.text	_ZN7Walaber14MemberCallbackINS_14TextureManagerEE6invokeEPv	
0x39fd08	.text	_ZNSt6__ndk16__treeINS_12__value_typeINS_12basic_stringIcNS_11char_traitsIcEENS_9allocatorIcEEEEN7Walaber9SharedPtrINS8_7TextureEEEEENS_19__map_value_compareIS7_SC_NS_4lessIS7_EELb1EEENS5_ISC_EEE5eraseENS_21__tree_const_iteratorISC_PNS_11__tree_nodeISC_PvEElEE	
0x39fdb4	.text	_ZNSt6__ndk16__treeINS_12__value_typeINS_12basic_stringIcNS_11char_traitsIcEENS_9allocatorIcEEEEN7Walaber15TextureSettingsEEENS_19__map_value_compareIS7_SA_NS_4lessIS7_EELb1EEENS5_ISA_EEE4findIS7_EENS_15__tree_iteratorISA_PNS_11__tree_nodeISA_PvEElEERKT_	find<std::__ndk1::basic_string<char,std::__ndk1::char_traits<char>,std::__ndk1::allocator<char>>>
0x39fe6c	.text	_ZNSt6__ndk16__treeINS_12__value_typeINS_12basic_stringIcNS_11char_traitsIcEENS_9allocatorIcEEEEN7Walaber15TextureSettingsEEENS_19__map_value_compareIS7_SA_NS_4lessIS7_EELb1EEENS5_ISA_EEE13__lower_boundIS7_EENS_15__tree_iteratorISA_PNS_11__tree_nodeISA_PvEElEERKT_SM_PNS_15__tree_end_nodeIPNS_16__tree_node_baseISK_EEEE	__lower_bound<std::__ndk1::basic_string<char,std::__ndk1::char_traits<char>,std::__ndk1::allocator<char>>>
0x39ff1c	.text	_ZNSt6__ndk16__treeINS_12__value_typeINS_12basic_stringIcNS_11char_traitsIcEENS_9allocatorIcEEEES7_EENS_19__map_value_compareIS7_S8_NS_4lessIS7_EELb1EEENS5_IS8_EEE25__emplace_unique_key_argsIS7_JRKNS_21piecewise_construct_tENS_5tupleIJRKS7_EEENSJ_IJEEEEEENS_4pairINS_15__tree_iteratorIS8_PNS_11__tree_nodeIS8_PvEElEEbEERKT_DpOT0_	__emplace_unique_key_args<std::__ndk1::basic_string<char,std::__ndk1::char_traits<char>,std::__ndk1::allocator<char>>,std::__ndk1::piecewise_construct_t_const&,std::__ndk1::tuple<std::__ndk1::basic_string<char,std::__ndk1::char_traits<char>,std::__ndk1::allocator<char>>const&>,std::__ndk1::tuple<>>
0x39ffcc	.text	_ZNSt6__ndk16__treeINS_12__value_typeINS_12basic_stringIcNS_11char_traitsIcEENS_9allocatorIcEEEES7_EENS_19__map_value_compareIS7_S8_NS_4lessIS7_EELb1EEENS5_IS8_EEE16__construct_nodeIJRKNS_21piecewise_construct_tENS_5tupleIJRKS7_EEENSJ_IJEEEEEENS_10unique_ptrINS_11__tree_nodeIS8_PvEENS_22__tree_node_destructorINS5_ISR_EEEEEEDpOT_	__construct_node<std::__ndk1::piecewise_construct_t_const&,std::__ndk1::tuple<std::__ndk1::basic_string<char,std::__ndk1::char_traits<char>,std::__ndk1::allocator<char>>const&>,std::__ndk1::tuple<>>
0x3a0040	.text	_ZNSt6__ndk113__vector_baseIN7Walaber14TextureManager10SubTexInfoENS_9allocatorIS3_EEED2Ev	
0x3a00b8	.text	_ZNSt6__ndk16vectorIN7Walaber14TextureManager10SubTexInfoENS_9allocatorIS3_EEE21__push_back_slow_pathIRKS3_EEvOT_	__push_back_slow_path<Walaber::TextureManager::SubTexInfo_const&>
0x3a01c4	.text	_ZNSt6__ndk114__split_bufferIN7Walaber14TextureManager10SubTexInfoERNS_9allocatorIS3_EEEC2EmmS6_	
0x3a0274	.text	_ZNSt6__ndk16vectorIN7Walaber14TextureManager10SubTexInfoENS_9allocatorIS3_EEE26__swap_out_circular_bufferERNS_14__split_bufferIS3_RS5_EE	
0x3a0338	.text	_ZNSt6__ndk114__split_bufferIN7Walaber14TextureManager10SubTexInfoERNS_9allocatorIS3_EEED2Ev	
0x3a039c	.text	_ZNSt6__ndk16__treeINS_12__value_typeINS_12basic_stringIcNS_11char_traitsIcEENS_9allocatorIcEEEENS_6vectorIN7Walaber14TextureManager10SubTexInfoENS5_ISB_EEEEEENS_19__map_value_compareIS7_SE_NS_4lessIS7_EELb1EEENS5_ISE_EEE25__emplace_unique_key_argsIS7_JRKNS_21piecewise_construct_tENS_5tupleIJRKS7_EEENSP_IJEEEEEENS_4pairINS_15__tree_iteratorISE_PNS_11__tree_nodeISE_PvEElEEbEERKT_DpOT0_	__emplace_unique_key_args<std::__ndk1::basic_string<char,std::__ndk1::char_traits<char>,std::__ndk1::allocator<char>>,std::__ndk1::piecewise_construct_t_const&,std::__ndk1::tuple<std::__ndk1::basic_string<char,std::__ndk1::char_traits<char>,std::__ndk1::allocator<char>>const&>,std::__ndk1::tuple<>>
0x3a044c	.text	_ZNSt6__ndk16__treeINS_12__value_typeINS_12basic_stringIcNS_11char_traitsIcEENS_9allocatorIcEEEENS_6vectorIN7Walaber14TextureManager10SubTexInfoENS5_ISB_EEEEEENS_19__map_value_compareIS7_SE_NS_4lessIS7_EELb1EEENS5_ISE_EEE12__find_equalIS7_EERPNS_16__tree_node_baseIPvEERPNS_15__tree_end_nodeISP_EERKT_	__find_equal<std::__ndk1::basic_string<char,std::__ndk1::char_traits<char>,std::__ndk1::allocator<char>>>
0x3a0578	.text	_ZNSt6__ndk16__treeINS_12__value_typeINS_12basic_stringIcNS_11char_traitsIcEENS_9allocatorIcEEEENS_6vectorIN7Walaber14TextureManager10SubTexInfoENS5_ISB_EEEEEENS_19__map_value_compareIS7_SE_NS_4lessIS7_EELb1EEENS5_ISE_EEE16__construct_nodeIJRKNS_21piecewise_construct_tENS_5tupleIJRKS7_EEENSP_IJEEEEEENS_10unique_ptrINS_11__tree_nodeISE_PvEENS_22__tree_node_destructorINS5_ISX_EEEEEEDpOT_	__construct_node<std::__ndk1::piecewise_construct_t_const&,std::__ndk1::tuple<std::__ndk1::basic_string<char,std::__ndk1::char_traits<char>,std::__ndk1::allocator<char>>const&>,std::__ndk1::tuple<>>
0x3a05ec	.text	_ZNSt6__ndk16__treeINS_12__value_typeINS_12basic_stringIcNS_11char_traitsIcEENS_9allocatorIcEEEENS_6vectorIN7Walaber14TextureManager10SubTexInfoENS5_ISB_EEEEEENS_19__map_value_compareIS7_SE_NS_4lessIS7_EELb1EEENS5_ISE_EEE16__insert_node_atEPNS_15__tree_end_nodeIPNS_16__tree_node_baseIPvEEEERSP_SP_	
0x3a0640	.text	_ZNSt6__ndk16vectorIN7Walaber14TextureManager10SubTexInfoENS_9allocatorIS3_EEE6assignIPS3_EENS_9enable_ifIXaasr21__is_forward_iteratorIT_EE5valuesr16is_constructibleIS3_NS_15iterator_traitsISA_E9referenceEEE5valueEvE4typeESA_SA_	assign<Walaber::TextureManager::SubTexInfo*>
0x3a07c0	.text	_ZNSt6__ndk16vectorIN7Walaber14TextureManager10SubTexInfoENS_9allocatorIS3_EEE18__construct_at_endIPS3_EENS_9enable_ifIXsr21__is_forward_iteratorIT_EE5valueEvE4typeESA_SA_m	__construct_at_end<Walaber::TextureManager::SubTexInfo*>
0x3a083c	.text	_ZNSt6__ndk16vectorIN7Walaber14TextureManager10SubTexInfoENS_9allocatorIS3_EEE13__vdeallocateEv	
0x3a08b0	.text	_ZNSt6__ndk16vectorIN7Walaber14TextureManager10SubTexInfoENS_9allocatorIS3_EEE11__vallocateEm	
0x3a08f4	.text	_ZNSt6__ndk16__treeINS_12__value_typeINS_12basic_stringIcNS_11char_traitsIcEENS_9allocatorIcEEEENS_6vectorIN7Walaber14TextureManager10SubTexInfoENS5_ISB_EEEEEENS_19__map_value_compareIS7_SE_NS_4lessIS7_EELb1EEENS5_ISE_EEE4findIS7_EENS_15__tree_iteratorISE_PNS_11__tree_nodeISE_PvEElEERKT_	find<std::__ndk1::basic_string<char,std::__ndk1::char_traits<char>,std::__ndk1::allocator<char>>>
0x3a09ac	.text	_ZNSt6__ndk16__treeINS_12__value_typeINS_12basic_stringIcNS_11char_traitsIcEENS_9allocatorIcEEEENS_6vectorIN7Walaber14TextureManager10SubTexInfoENS5_ISB_EEEEEENS_19__map_value_compareIS7_SE_NS_4lessIS7_EELb1EEENS5_ISE_EEE13__lower_boundIS7_EENS_15__tree_iteratorISE_PNS_11__tree_nodeISE_PvEElEERKT_SQ_PNS_15__tree_end_nodeIPNS_16__tree_node_baseISO_EEEE	__lower_bound<std::__ndk1::basic_string<char,std::__ndk1::char_traits<char>,std::__ndk1::allocator<char>>>
0x3a0a5c	.text	_ZNSt6__ndk16__treeINS_12__value_typeINS_12basic_stringIcNS_11char_traitsIcEENS_9allocatorIcEEEEN7Walaber9SharedPtrINS8_7TextureEEEEENS_19__map_value_compareIS7_SC_NS_4lessIS7_EELb1EEENS5_ISC_EEE25__emplace_unique_key_argsIS7_JNS_4pairIS7_SB_EEEEENSK_INS_15__tree_iteratorISC_PNS_11__tree_nodeISC_PvEElEEbEERKT_DpOT0_	__emplace_unique_key_args<std::__ndk1::basic_string<char,std::__ndk1::char_traits<char>,std::__ndk1::allocator<char>>,std::__ndk1::pair<std::__ndk1::basic_string<char,std::__ndk1::char_traits<char>,std::__ndk1::allocator<char>>,Walaber::SharedPtr<Walaber::Texture>>>
0x3a0b2c	.text	_ZNSt6__ndk16__treeINS_12__value_typeINS_12basic_stringIcNS_11char_traitsIcEENS_9allocatorIcEEEEN7Walaber9SharedPtrINS8_7TextureEEEEENS_19__map_value_compareIS7_SC_NS_4lessIS7_EELb1EEENS5_ISC_EEE12__find_equalIS7_EERPNS_16__tree_node_baseIPvEERPNS_15__tree_end_nodeISN_EERKT_	__find_equal<std::__ndk1::basic_string<char,std::__ndk1::char_traits<char>,std::__ndk1::allocator<char>>>
0x3a0c58	.text	_ZNSt6__ndk16__treeINS_12__value_typeINS_12basic_stringIcNS_11char_traitsIcEENS_9allocatorIcEEEEN7Walaber9SharedPtrINS8_7TextureEEEEENS_19__map_value_compareIS7_SC_NS_4lessIS7_EELb1EEENS5_ISC_EEE16__insert_node_atEPNS_15__tree_end_nodeIPNS_16__tree_node_baseIPvEEEERSN_SN_	
0x3a0cac	.text	_ZNSt6__ndk16__treeINS_12__value_typeINS_12basic_stringIcNS_11char_traitsIcEENS_9allocatorIcEEEENS_6vectorIN7Walaber14TextureManager10SubTexInfoENS5_ISB_EEEEEENS_19__map_value_compareIS7_SE_NS_4lessIS7_EELb1EEENS5_ISE_EEE14__erase_uniqueIS7_EEmRKT_	__erase_unique<std::__ndk1::basic_string<char,std::__ndk1::char_traits<char>,std::__ndk1::allocator<char>>>
0x3a0cf0	.text	_ZNSt6__ndk16__treeINS_12__value_typeINS_12basic_stringIcNS_11char_traitsIcEENS_9allocatorIcEEEENS_6vectorIN7Walaber14TextureManager10SubTexInfoENS5_ISB_EEEEEENS_19__map_value_compareIS7_SE_NS_4lessIS7_EELb1EEENS5_ISE_EEE5eraseENS_21__tree_const_iteratorISE_PNS_11__tree_nodeISE_PvEElEE	
0x3a0d9c	.text	_ZNSt6__ndk16__treeINS_12__value_typeINS_12basic_stringIcNS_11char_traitsIcEENS_9allocatorIcEEEEN7Walaber9SharedPtrINS8_7TextureEEEEENS_19__map_value_compareIS7_SC_NS_4lessIS7_EELb1EEENS5_ISC_EEE4findIS7_EENS_15__tree_iteratorISC_PNS_11__tree_nodeISC_PvEElEERKT_	find<std::__ndk1::basic_string<char,std::__ndk1::char_traits<char>,std::__ndk1::allocator<char>>>
0x3a0e54	.text	_ZNSt6__ndk16__treeINS_12__value_typeINS_12basic_stringIcNS_11char_traitsIcEENS_9allocatorIcEEEEN7Walaber9SharedPtrINS8_7TextureEEEEENS_19__map_value_compareIS7_SC_NS_4lessIS7_EELb1EEENS5_ISC_EEE13__lower_boundIS7_EENS_15__tree_iteratorISC_PNS_11__tree_nodeISC_PvEElEERKT_SO_PNS_15__tree_end_nodeIPNS_16__tree_node_baseISM_EEEE	__lower_bound<std::__ndk1::basic_string<char,std::__ndk1::char_traits<char>,std::__ndk1::allocator<char>>>
0x3a0f04	.text	_ZNSt6__ndk16__treeINS_12__value_typeINS_12basic_stringIcNS_11char_traitsIcEENS_9allocatorIcEEEEN7Walaber15TextureSettingsEEENS_19__map_value_compareIS7_SA_NS_4lessIS7_EELb1EEENS5_ISA_EEE25__emplace_unique_key_argsIS7_JRKNS_21piecewise_construct_tENS_5tupleIJRKS7_EEENSL_IJEEEEEENS_4pairINS_15__tree_iteratorISA_PNS_11__tree_nodeISA_PvEElEEbEERKT_DpOT0_	__emplace_unique_key_args<std::__ndk1::basic_string<char,std::__ndk1::char_traits<char>,std::__ndk1::allocator<char>>,std::__ndk1::piecewise_construct_t_const&,std::__ndk1::tuple<std::__ndk1::basic_string<char,std::__ndk1::char_traits<char>,std::__ndk1::allocator<char>>const&>,std::__ndk1::tuple<>>
0x3a0fb4	.text	_ZNSt6__ndk16__treeINS_12__value_typeINS_12basic_stringIcNS_11char_traitsIcEENS_9allocatorIcEEEEN7Walaber15TextureSettingsEEENS_19__map_value_compareIS7_SA_NS_4lessIS7_EELb1EEENS5_ISA_EEE12__find_equalIS7_EERPNS_16__tree_node_baseIPvEERPNS_15__tree_end_nodeISL_EERKT_	__find_equal<std::__ndk1::basic_string<char,std::__ndk1::char_traits<char>,std::__ndk1::allocator<char>>>
0x3a10e0	.text	_ZNSt6__ndk16__treeINS_12__value_typeINS_12basic_stringIcNS_11char_traitsIcEENS_9allocatorIcEEEEN7Walaber15TextureSettingsEEENS_19__map_value_compareIS7_SA_NS_4lessIS7_EELb1EEENS5_ISA_EEE16__construct_nodeIJRKNS_21piecewise_construct_tENS_5tupleIJRKS7_EEENSL_IJEEEEEENS_10unique_ptrINS_11__tree_nodeISA_PvEENS_22__tree_node_destructorINS5_IST_EEEEEEDpOT_	__construct_node<std::__ndk1::piecewise_construct_t_const&,std::__ndk1::tuple<std::__ndk1::basic_string<char,std::__ndk1::char_traits<char>,std::__ndk1::allocator<char>>const&>,std::__ndk1::tuple<>>
0x3a1174	.text	_ZNSt6__ndk16__treeINS_12__value_typeINS_12basic_stringIcNS_11char_traitsIcEENS_9allocatorIcEEEEN7Walaber15TextureSettingsEEENS_19__map_value_compareIS7_SA_NS_4lessIS7_EELb1EEENS5_ISA_EEE16__insert_node_atEPNS_15__tree_end_nodeIPNS_16__tree_node_baseIPvEEEERSL_SL_	
0x3a11c8	.text	_ZNSt6__ndk16__treeINS_12__value_typeINS_12basic_stringIcNS_11char_traitsIcEENS_9allocatorIcEEEEN7Walaber9SharedPtrINS8_7TextureEEEEENS_19__map_value_compareIS7_SC_NS_4lessIS7_EELb1EEENS5_ISC_EEE25__emplace_unique_key_argsIS7_JRKNS_21piecewise_construct_tENS_5tupleIJRKS7_EEENSN_IJEEEEEENS_4pairINS_15__tree_iteratorISC_PNS_11__tree_nodeISC_PvEElEEbEERKT_DpOT0_	__emplace_unique_key_args<std::__ndk1::basic_string<char,std::__ndk1::char_traits<char>,std::__ndk1::allocator<char>>,std::__ndk1::piecewise_construct_t_const&,std::__ndk1::tuple<std::__ndk1::basic_string<char,std::__ndk1::char_traits<char>,std::__ndk1::allocator<char>>const&>,std::__ndk1::tuple<>>
0x3a1278	.text	_ZNSt6__ndk16__treeINS_12__value_typeINS_12basic_stringIcNS_11char_traitsIcEENS_9allocatorIcEEEEN7Walaber9SharedPtrINS8_7TextureEEEEENS_19__map_value_compareIS7_SC_NS_4lessIS7_EELb1EEENS5_ISC_EEE16__construct_nodeIJRKNS_21piecewise_construct_tENS_5tupleIJRKS7_EEENSN_IJEEEEEENS_10unique_ptrINS_11__tree_nodeISC_PvEENS_22__tree_node_destructorINS5_ISV_EEEEEEDpOT_	__construct_node<std::__ndk1::piecewise_construct_t_const&,std::__ndk1::tuple<std::__ndk1::basic_string<char,std::__ndk1::char_traits<char>,std::__ndk1::allocator<char>>const&>,std::__ndk1::tuple<>>
0x3a12e8	.text	_ZNSt6__ndk16__treeINS_12__value_typeINS_12basic_stringIcNS_11char_traitsIcEENS_9allocatorIcEEEEN7Walaber9SharedPtrINS8_7TextureEEEEENS_19__map_value_compareIS7_SC_NS_4lessIS7_EELb1EEENS5_ISC_EEE14__erase_uniqueIS7_EEmRKT_	__erase_unique<std::__ndk1::basic_string<char,std::__ndk1::char_traits<char>,std::__ndk1::allocator<char>>>
0x3a132c	.text	_ZN7Walaber8loadWALTEPhjRiS1_RNS_25TextureInMemoryColorspaceE	
0x3d1734	.text	_ZN7Walaber10FileHelper10fileExistsERNSt6__ndk112basic_stringIcNS1_11char_traitsIcEENS1_9allocatorIcEEEE	
0x3d1794	.text	_ZN7Walaber10FileHelper8fileSizeERNSt6__ndk112basic_stringIcNS1_11char_traitsIcEENS1_9allocatorIcEEEE	
0x3d17f8	.text	_ZN7Walaber10FileHelper10deleteFileERKNSt6__ndk112basic_stringIcNS1_11char_traitsIcEENS1_9allocatorIcEEEE	
0x3d1824	.text	_ZN7Walaber11FileManagerC1Ev	
0x3d1944	.text	_ZN7Walaber11FileManager19_initDefaultHandlerEv	
0x3d19c8	.text	_ZN7Walaber11FileManagerD1Ev	
0x3d1a2c	.text	_ZN7Walaber11FileManager22_cleanupDefaultHandlerEv	
0x3d1a44	.text	_ZN7Walaber11FileManager14getInstancePtrEv	
0x3d1a98	.text	_ZN7Walaber11FileManager14addFileHandlerEiPNS0_11FileHandlerE	
0x3d1ae8	.text	_ZN7Walaber11FileManager17removeFileHandlerEPNS0_11FileHandlerE	
0x3d1b60	.text	_ZN7Walaber11FileManager10fileExistsERKNSt6__ndk112basic_stringIcNS1_11char_traitsIcEENS1_9allocatorIcEEEENS_9SharedPtrINS_8CallbackEEERKNS_12PropertyListENS0_14PlatformPolicyE	
0x3d1d54	.text	_ZN7Walaber11FileManager22_appendNextPlatformTagERKNSt6__ndk112basic_stringIcNS1_11char_traitsIcEENS1_9allocatorIcEEEERS7_iRi	
0x3d1f78	.text	_ZN7Walaber11FileManager8readFileERKNSt6__ndk112basic_stringIcNS1_11char_traitsIcEENS1_9allocatorIcEEEENS_9SharedPtrINS_8CallbackEEERKNS_12PropertyListENS0_14PlatformPolicyE	
0x3d2180	.text	_ZN7Walaber11FileManager13_existSuccessERKNSt6__ndk112basic_stringIcNS1_11char_traitsIcEENS1_9allocatorIcEEEEPNS0_11FileHandlerE	
0x3d2188	.text	_ZN7Walaber11FileManager12_readSuccessERKNSt6__ndk112basic_stringIcNS1_11char_traitsIcEENS1_9allocatorIcEEEEPNS0_11FileHandlerE	
0x3d2258	.text	_ZN7Walaber11FileManager18_printFileRequestsEv	
0x3d2338	.text	_ZN7Walaber11FileManager10_existFailERKNSt6__ndk112basic_stringIcNS1_11char_traitsIcEENS1_9allocatorIcEEEEPNS0_11FileHandlerENS_9SharedPtrINS_8CallbackEEERKNS_12PropertyListE	
0x3d278c	.text	_ZN7Walaber11FileManager28FileExistsCallbackParametersC2ERKNSt6__ndk112basic_stringIcNS2_11char_traitsIcEENS2_9allocatorIcEEEEbSA_SA_RKNS_12PropertyListE	
0x3d2824	.text	_ZN7Walaber11FileManager9_readFailERKNSt6__ndk112basic_stringIcNS1_11char_traitsIcEENS1_9allocatorIcEEEEPNS0_11FileHandlerENS_9SharedPtrINS_8CallbackEEERKNS_12PropertyListE	
0x3d2d90	.text	_ZN7Walaber11FileManager26ReadFileCallbackParametersC2ERKNSt6__ndk112basic_stringIcNS2_11char_traitsIcEENS2_9allocatorIcEEEEPcmSA_SA_RKNS_12PropertyListE	
0x3d2e44	.text	_ZN7Walaber11FileManager21FH_StandardFileSystem10fileExistsERKNSt6__ndk112basic_stringIcNS2_11char_traitsIcEENS2_9allocatorIcEEEENS_9SharedPtrINS_8CallbackEEERKNS_12PropertyListE	
0x3d30d8	.text	_ZN7Walaber11FileManager21FH_StandardFileSystem8readFileERKNSt6__ndk112basic_stringIcNS2_11char_traitsIcEENS2_9allocatorIcEEEENS_9SharedPtrINS_8CallbackEEERKNS_12PropertyListE	
0x3d3554	.text	_ZNSt6__ndk113basic_istreamIcNS_11char_traitsIcEEE5seekgExNS_8ios_base7seekdirE	
0x3d365c	.text	_ZNSt6__ndk113basic_istreamIcNS_11char_traitsIcEEE5tellgEv	
0x3d371c	.text	_ZNSt6__ndk113basic_istreamIcNS_11char_traitsIcEEE4readEPcl	
0x3d3818	.text	_ZNSt6__ndk113basic_fstreamIcNS_11char_traitsIcEEED1Ev	
0x3d3860	.text	_ZN7Walaber11FileManager16FH_ZipFileSystemC2ERKNSt6__ndk112basic_stringIcNS2_11char_traitsIcEENS2_9allocatorIcEEEESA_	
0x3d39fc	.text	_ZN7Walaber11FileManager16FH_ZipFileSystemD2Ev	
0x3d3a64	.text	_ZN7Walaber11FileManager16FH_ZipFileSystemD0Ev	
0x3d3a88	.text	_ZN7Walaber11FileManager16FH_ZipFileSystem10fileExistsERKNSt6__ndk112basic_stringIcNS2_11char_traitsIcEENS2_9allocatorIcEEEENS_9SharedPtrINS_8CallbackEEERKNS_12PropertyListE	
0x3d3de8	.text	_ZN7Walaber11FileManager16FH_ZipFileSystem18fileExistsSuceededERKNSt6__ndk112basic_stringIcNS2_11char_traitsIcEENS2_9allocatorIcEEEESA_NS_9SharedPtrINS_8CallbackEEERKNS_12PropertyListE	
0x3d3f30	.text	_ZN7Walaber11FileManager16FH_ZipFileSystem8readFileERKNSt6__ndk112basic_stringIcNS2_11char_traitsIcEENS2_9allocatorIcEEEENS_9SharedPtrINS_8CallbackEEERKNS_12PropertyListE	
0x3d4290	.text	_ZN7Walaber11FileManager16FH_ZipFileSystem17readFileSucceededERKNSt6__ndk112basic_stringIcNS2_11char_traitsIcEENS2_9allocatorIcEEEESA_NS_9SharedPtrINS_8CallbackEEERKNS_12PropertyListE	
0x3d4410	.text	_ZN7Walaber11FileManager21FH_StandardFileSystemD2Ev	
0x3d4430	.text	_ZN7Walaber11FileManager21FH_StandardFileSystemD0Ev	
0x3d4468	.text	_ZN7Walaber11FileManager21FH_StandardFileSystem7getNameEv	
0x3d44a0	.text	_ZN7Walaber11FileManager16FH_ZipFileSystem7getNameEv	
0x3d44c0	.text	_ZNSt6__ndk16__treeINS_12__value_typeINS_12basic_stringIcNS_11char_traitsIcEENS_9allocatorIcEEEEN7Walaber11FileManager10FileRecordEEENS_19__map_value_compareIS7_SB_NS_4lessIS7_EELb1EEENS5_ISB_EEE7destroyEPNS_11__tree_nodeISB_PvEE	
0x3d4520	.text	_ZNSt6__ndk16__treeINS_12__value_typeIiPN7Walaber11FileManager11FileHandlerEEENS_19__map_value_compareIiS6_NS_4lessIiEELb1EEENS_9allocatorIS6_EEE7destroyEPNS_11__tree_nodeIS6_PvEE	
0x3d4560	.text	_ZThn16_NSt6__ndk113basic_fstreamIcNS_11char_traitsIcEEED1Ev	
0x3d45a4	.text	_ZTv0_n24_NSt6__ndk113basic_fstreamIcNS_11char_traitsIcEEED1Ev	
0x3d45f8	.text	_ZNSt6__ndk113basic_istreamIcNS_11char_traitsIcEEED1Ev	
0x3d4600	.text	_ZNSt6__ndk113basic_istreamIcNS_11char_traitsIcEEED0Ev	
0x3d4628	.text	_ZTv0_n24_NSt6__ndk113basic_istreamIcNS_11char_traitsIcEEED1Ev	
0x3d463c	.text	_ZTv0_n24_NSt6__ndk113basic_istreamIcNS_11char_traitsIcEEED0Ev	
0x3d466c	.text	_ZNSt6__ndk113basic_fstreamIcNS_11char_traitsIcEEED0Ev	
0x3d46c0	.text	_ZThn16_NSt6__ndk113basic_fstreamIcNS_11char_traitsIcEEED0Ev	
0x3d4710	.text	_ZTv0_n24_NSt6__ndk113basic_fstreamIcNS_11char_traitsIcEEED0Ev	
0x3d476c	.text	_ZNSt6__ndk113basic_filebufIcNS_11char_traitsIcEEED2Ev	
0x3d47f8	.text	_ZNSt6__ndk113basic_filebufIcNS_11char_traitsIcEEE5closeEv	
0x3d4868	.text	_ZNSt6__ndk113basic_filebufIcNS_11char_traitsIcEEED0Ev	
0x3d488c	.text	_ZNSt6__ndk113basic_filebufIcNS_11char_traitsIcEEE5imbueERKNS_6localeE	
0x3d497c	.text	_ZNSt6__ndk113basic_filebufIcNS_11char_traitsIcEEE6setbufEPcl	
0x3d4a7c	.text	_ZNSt6__ndk113basic_filebufIcNS_11char_traitsIcEEE7seekoffExNS_8ios_base7seekdirEj	
0x3d4b60	.text	_ZNSt6__ndk113basic_filebufIcNS_11char_traitsIcEEE7seekposENS_4fposI9mbstate_tEEj	
0x3d4bd0	.text	_ZNSt6__ndk113basic_filebufIcNS_11char_traitsIcEEE4syncEv	
0x3d4de4	.text	_ZNSt6__ndk115basic_streambufIcNS_11char_traitsIcEEE9showmanycEv	
0x3d4dec	.text	_ZNSt6__ndk115basic_streambufIcNS_11char_traitsIcEEE6xsgetnEPcl	
0x3d4eb0	.text	_ZNSt6__ndk113basic_filebufIcNS_11char_traitsIcEEE9underflowEv	
0x3d515c	.text	_ZNSt6__ndk115basic_streambufIcNS_11char_traitsIcEEE5uflowEv	
0x3d519c	.text	_ZNSt6__ndk113basic_filebufIcNS_11char_traitsIcEEE9pbackfailEi	
0x3d51fc	.text	_ZNSt6__ndk115basic_streambufIcNS_11char_traitsIcEEE6xsputnEPKcl	
0x3d52b8	.text	_ZNSt6__ndk113basic_filebufIcNS_11char_traitsIcEEE8overflowEi	
0x3d54b8	.text	_ZNSt6__ndk115basic_streambufIcNS_11char_traitsIcEEED2Ev	
0x3d54cc	.text	_ZNSt6__ndk115basic_streambufIcNS_11char_traitsIcEEED0Ev	
0x3d5500	.text	_ZNSt6__ndk115basic_streambufIcNS_11char_traitsIcEEE5imbueERKNS_6localeE	
0x3d5504	.text	_ZNSt6__ndk115basic_streambufIcNS_11char_traitsIcEEE6setbufEPcl	
0x3d5508	.text	_ZNSt6__ndk115basic_streambufIcNS_11char_traitsIcEEE7seekoffExNS_8ios_base7seekdirEj	
0x3d5514	.text	_ZNSt6__ndk115basic_streambufIcNS_11char_traitsIcEEE7seekposENS_4fposI9mbstate_tEEj	
0x3d5520	.text	_ZNSt6__ndk115basic_streambufIcNS_11char_traitsIcEEE4syncEv	
0x3d5528	.text	_ZNSt6__ndk115basic_streambufIcNS_11char_traitsIcEEE9underflowEv	
0x3d5530	.text	_ZNSt6__ndk115basic_streambufIcNS_11char_traitsIcEEE9pbackfailEi	
0x3d5538	.text	_ZNSt6__ndk115basic_streambufIcNS_11char_traitsIcEEE8overflowEi	
0x3d5540	.text	_ZNSt6__ndk113basic_filebufIcNS_11char_traitsIcEEE12__write_modeEv	
0x3d55a8	.text	_ZNSt6__ndk16__treeINS_12__value_typeIjNS_12basic_stringIcNS_11char_traitsIcEENS_9allocatorIcEEEEEENS_19__map_value_compareIjS8_NS_4lessIjEELb1EEENS5_IS8_EEE7destroyEPNS_11__tree_nodeIS8_PvEE	
0x3d55f8	.text	_ZNSt6__ndk16__treeINS_12__value_typeIiPN7Walaber11FileManager11FileHandlerEEENS_19__map_value_compareIiS6_NS_4lessIiEELb1EEENS_9allocatorIS6_EEE15__emplace_multiIJNS_4pairIiS5_EEEEENS_15__tree_iteratorIS6_PNS_11__tree_nodeIS6_PvEElEEDpOT_	__emplace_multi<std::__ndk1::pair<int,Walaber::FileManager::FileHandler*>>
0x3d568c	.text	_ZNSt6__ndk16__treeINS_12__value_typeIiPN7Walaber11FileManager11FileHandlerEEENS_19__map_value_compareIiS6_NS_4lessIiEELb1EEENS_9allocatorIS6_EEE16__insert_node_atEPNS_15__tree_end_nodeIPNS_16__tree_node_baseIPvEEEERSI_SI_	
0x3d56e0	.text	_ZNSt6__ndk16__treeINS_12__value_typeIiPN7Walaber11FileManager11FileHandlerEEENS_19__map_value_compareIiS6_NS_4lessIiEELb1EEENS_9allocatorIS6_EEE5eraseENS_21__tree_const_iteratorIS6_PNS_11__tree_nodeIS6_PvEElEE	
0x3d5774	.text	_ZNSt6__ndk16__treeINS_12__value_typeINS_12basic_stringIcNS_11char_traitsIcEENS_9allocatorIcEEEEN7Walaber11FileManager10FileRecordEEENS_19__map_value_compareIS7_SB_NS_4lessIS7_EELb1EEENS5_ISB_EEE25__emplace_unique_key_argsIS7_JRKNS_21piecewise_construct_tENS_5tupleIJRKS7_EEENSM_IJEEEEEENS_4pairINS_15__tree_iteratorISB_PNS_11__tree_nodeISB_PvEElEEbEERKT_DpOT0_	__emplace_unique_key_args<std::__ndk1::basic_string<char,std::__ndk1::char_traits<char>,std::__ndk1::allocator<char>>,std::__ndk1::piecewise_construct_t_const&,std::__ndk1::tuple<std::__ndk1::basic_string<char,std::__ndk1::char_traits<char>,std::__ndk1::allocator<char>>const&>,std::__ndk1::tuple<>>
0x3d5824	.text	_ZNSt6__ndk16__treeINS_12__value_typeINS_12basic_stringIcNS_11char_traitsIcEENS_9allocatorIcEEEEN7Walaber11FileManager10FileRecordEEENS_19__map_value_compareIS7_SB_NS_4lessIS7_EELb1EEENS5_ISB_EEE12__find_equalIS7_EERPNS_16__tree_node_baseIPvEERPNS_15__tree_end_nodeISM_EERKT_	__find_equal<std::__ndk1::basic_string<char,std::__ndk1::char_traits<char>,std::__ndk1::allocator<char>>>
0x3d5950	.text	_ZNSt6__ndk16__treeINS_12__value_typeINS_12basic_stringIcNS_11char_traitsIcEENS_9allocatorIcEEEEN7Walaber11FileManager10FileRecordEEENS_19__map_value_compareIS7_SB_NS_4lessIS7_EELb1EEENS5_ISB_EEE16__construct_nodeIJRKNS_21piecewise_construct_tENS_5tupleIJRKS7_EEENSM_IJEEEEEENS_10unique_ptrINS_11__tree_nodeISB_PvEENS_22__tree_node_destructorINS5_ISU_EEEEEEDpOT_	__construct_node<std::__ndk1::piecewise_construct_t_const&,std::__ndk1::tuple<std::__ndk1::basic_string<char,std::__ndk1::char_traits<char>,std::__ndk1::allocator<char>>const&>,std::__ndk1::tuple<>>
0x3d59c8	.text	_ZNSt6__ndk16__treeINS_12__value_typeINS_12basic_stringIcNS_11char_traitsIcEENS_9allocatorIcEEEEN7Walaber11FileManager10FileRecordEEENS_19__map_value_compareIS7_SB_NS_4lessIS7_EELb1EEENS5_ISB_EEE16__insert_node_atEPNS_15__tree_end_nodeIPNS_16__tree_node_baseIPvEEEERSM_SM_	
0x3d5a1c	.text	_ZNSt6__ndk16__treeINS_12__value_typeINS_12basic_stringIcNS_11char_traitsIcEENS_9allocatorIcEEEEN7Walaber11FileManager10FileRecordEEENS_19__map_value_compareIS7_SB_NS_4lessIS7_EELb1EEENS5_ISB_EEE14__erase_uniqueIS7_EEmRKT_	__erase_unique<std::__ndk1::basic_string<char,std::__ndk1::char_traits<char>,std::__ndk1::allocator<char>>>
0x3d5a60	.text	_ZNSt6__ndk16__treeINS_12__value_typeINS_12basic_stringIcNS_11char_traitsIcEENS_9allocatorIcEEEEN7Walaber11FileManager10FileRecordEEENS_19__map_value_compareIS7_SB_NS_4lessIS7_EELb1EEENS5_ISB_EEE4findIS7_EENS_15__tree_iteratorISB_PNS_11__tree_nodeISB_PvEElEERKT_	find<std::__ndk1::basic_string<char,std::__ndk1::char_traits<char>,std::__ndk1::allocator<char>>>
0x3d5b18	.text	_ZNSt6__ndk16__treeINS_12__value_typeINS_12basic_stringIcNS_11char_traitsIcEENS_9allocatorIcEEEEN7Walaber11FileManager10FileRecordEEENS_19__map_value_compareIS7_SB_NS_4lessIS7_EELb1EEENS5_ISB_EEE5eraseENS_21__tree_const_iteratorISB_PNS_11__tree_nodeISB_PvEElEE	
0x3d5bcc	.text	_ZNSt6__ndk16__treeINS_12__value_typeINS_12basic_stringIcNS_11char_traitsIcEENS_9allocatorIcEEEEN7Walaber11FileManager10FileRecordEEENS_19__map_value_compareIS7_SB_NS_4lessIS7_EELb1EEENS5_ISB_EEE13__lower_boundIS7_EENS_15__tree_iteratorISB_PNS_11__tree_nodeISB_PvEElEERKT_SN_PNS_15__tree_end_nodeIPNS_16__tree_node_baseISL_EEEE	__lower_bound<std::__ndk1::basic_string<char,std::__ndk1::char_traits<char>,std::__ndk1::allocator<char>>>
0x3d5c7c	.text	_ZNSt6__ndk113basic_filebufIcNS_11char_traitsIcEEEC2Ev	
0x3d5dd4	.text	_ZNSt6__ndk113basic_istreamIcNS_11char_traitsIcEEE6sentryC2ERS3_b	
0x3d5fbc	.text	_ZNSt6__ndk113basic_ostreamIcNS_11char_traitsIcEEE5flushEv	
0x3d60c4	.text	_ZNSt6__ndk113basic_ostreamIcNS_11char_traitsIcEEE6sentryC2ERS3_	
0x3d6114	.text	_ZNSt6__ndk113basic_ostreamIcNS_11char_traitsIcEEE6sentryD2Ev	
0x3d61b4	.text	_ZN7Walaber11XMLDocument17AttributeIteratorC2EP8_xmlNode	
0x3d61c0	.text	_ZN7Walaber11XMLDocument17AttributeIteratorC2ERKS1_	
0x3d61cc	.text	_ZN7Walaber11XMLDocument17AttributeIteratoraSERKS1_	
0x3d61d8	.text	_ZN7Walaber11XMLDocument17AttributeIteratorD2Ev	
0x3d61dc	.text	_ZN7Walaber11XMLDocument17AttributeIterator7getNameEv	
0x3d6278	.text	_ZN7Walaber11XMLDocument17AttributeIterator8getValueEv	
0x3d6388	.text	_ZN7Walaber11XMLDocument13NamedIteratorC2EP8_xmlNodeRKNSt6__ndk112basic_stringIcNS4_11char_traitsIcEENS4_9allocatorIcEEEE	
0x3d639c	.text	_ZN7Walaber11XMLDocument13NamedIteratorC1ERKS1_	
0x3d63a8	.text	_ZN7Walaber11XMLDocument13NamedIteratoraSERKS1_	
0x3d63d4	.text	_ZN7Walaber11XMLDocument13NamedIterator21getChildNamedIteratorERKNSt6__ndk112basic_stringIcNS2_11char_traitsIcEENS2_9allocatorIcEEEE	
0x3d6448	.text	_ZN7Walaber11XMLDocument13NamedIterator28getNamedIteratorToDescendantERKNSt6__ndk112basic_stringIcNS2_11char_traitsIcEENS2_9allocatorIcEEEE	
0x3d6480	.text	_ZN7Walaber11XMLDocument13NamedIterator16getChildIteratorEv	
0x3d64e0	.text	_ZN7Walaber11XMLDocument13NamedIterator12getAttributeERKNSt6__ndk112basic_stringIcNS2_11char_traitsIcEENS2_9allocatorIcEEEERNS_8PropertyE	
0x3d6660	.text	_ZN7Walaber11XMLDocument13NamedIterator12getNodeValueERNS_8PropertyE	
0x3d6794	.text	_ZN7Walaber11XMLDocument8IteratorC1EP8_xmlNode	
0x3d679c	.text	_ZN7Walaber11XMLDocument8IteratorC1ERKS1_	
0x3d67a8	.text	_ZN7Walaber11XMLDocument8IteratoraSERKS1_	
0x3d67b4	.text	_ZN7Walaber11XMLDocument8Iterator21getChildNamedIteratorERKNSt6__ndk112basic_stringIcNS2_11char_traitsIcEENS2_9allocatorIcEEEE	
0x3d6828	.text	_ZN7Walaber11XMLDocument8Iterator16getChildIteratorEv	
0x3d6888	.text	_ZN7Walaber11XMLDocument8Iterator12getAttributeERKNSt6__ndk112basic_stringIcNS2_11char_traitsIcEENS2_9allocatorIcEEEERNS_8PropertyE	
0x3d6a08	.text	_ZN7Walaber11XMLDocument8Iterator12getNodeValueERNS_8PropertyE	
0x3d6b3c	.text	_ZN7Walaber11XMLDocumentC2ERKNSt6__ndk112basic_stringIcNS1_11char_traitsIcEENS1_9allocatorIcEEEENS_9SharedPtrINS_8CallbackEEE	
0x3d6cd4	.text	_ZN7Walaber11XMLDocument17_readFileCallbackEPv	
0x3d6dec	.text	_ZN7Walaber9SharedPtrINS_14MemberCallbackINS_11XMLDocumentEEEED2Ev	
0x3d6e44	.text	_ZN7Walaber11XMLDocumentC1ERKNSt6__ndk112basic_stringIcNS1_11char_traitsIcEENS1_9allocatorIcEEEES9_NS_9SharedPtrINS_8CallbackEEE	
0x3d701c	.text	_ZN7Walaber11XMLDocumentC2EPcm	
0x3d7058	.text	_ZN7Walaber11XMLDocument15_buildXMLObjectEPcm	
0x3d70b8	.text	_ZN7Walaber11XMLDocumentC2EPcmRKNSt6__ndk112basic_stringIcNS2_11char_traitsIcEENS2_9allocatorIcEEEE	
0x3d70f4	.text	_ZN7Walaber11XMLDocument15_buildXMLObjectEPcmRKNSt6__ndk112basic_stringIcNS2_11char_traitsIcEENS2_9allocatorIcEEEE	
0x3d7198	.text	_ZN7Walaber11XMLDocumentD1Ev	
0x3d71dc	.text	_ZN7Walaber14MemberCallbackINS_11XMLDocumentEED0Ev	
0x3d71e0	.text	_ZN7Walaber14MemberCallbackINS_11XMLDocumentEE6invokeEPv	
0x3d7210	.text	_ZN7Walaber16ZipArchiveReaderC1ERKNSt6__ndk112basic_stringIcNS1_11char_traitsIcEENS1_9allocatorIcEEEE	
0x3d7408	.text	_ZNSt6__ndk13mapINS_12basic_stringIcNS_11char_traitsIcEENS_9allocatorIcEEEEN7Walaber16ZipArchiveReader12FileLocationENS_4lessIS6_EENS4_INS_4pairIKS6_S9_EEEEED2Ev	
0x3d7410	.text	_ZN7Walaber16ZipArchiveReaderD2Ev	
0x3d745c	.text	_ZN7Walaber16ZipArchiveReader12getFilenamesEv	
0x3d7538	.text	_ZN7Walaber16ZipArchiveReader8openFileERKNSt6__ndk112basic_stringIcNS1_11char_traitsIcEENS1_9allocatorIcEEEE	
0x3d7620	.text	_ZN7Walaber16ZipArchiveReader18getCurrentFileSizeEv	
0x3d7628	.text	_ZN7Walaber16ZipArchiveReader15readCurrentFileEPv	
0x3d7664	.text	_ZN7Walaber17ZipArchiveCreatorC2ERKNSt6__ndk112basic_stringIcNS1_11char_traitsIcEENS1_9allocatorIcEEEE	
0x3d769c	.text	_ZN7Walaber17ZipArchiveCreatorD1Ev	
0x3d76c4	.text	_ZN7Walaber17ZipArchiveCreator12addFileToZipERKNSt6__ndk112basic_stringIcNS1_11char_traitsIcEENS1_9allocatorIcEEEES9_	
0x3d79bc	.text	_ZNSt6__ndk16__treeINS_12__value_typeINS_12basic_stringIcNS_11char_traitsIcEENS_9allocatorIcEEEEN7Walaber16ZipArchiveReader12FileLocationEEENS_19__map_value_compareIS7_SB_NS_4lessIS7_EELb1EEENS5_ISB_EEE7destroyEPNS_11__tree_nodeISB_PvEE	
0x3d7a0c	.text	_ZNSt6__ndk16__treeINS_12__value_typeINS_12basic_stringIcNS_11char_traitsIcEENS_9allocatorIcEEEEN7Walaber16ZipArchiveReader12FileLocationEEENS_19__map_value_compareIS7_SB_NS_4lessIS7_EELb1EEENS5_ISB_EEE25__emplace_unique_key_argsIS7_JRKNS_21piecewise_construct_tENS_5tupleIJOS7_EEENSM_IJEEEEEENS_4pairINS_15__tree_iteratorISB_PNS_11__tree_nodeISB_PvEElEEbEERKT_DpOT0_	__emplace_unique_key_args<std::__ndk1::basic_string<char,std::__ndk1::char_traits<char>,std::__ndk1::allocator<char>>,std::__ndk1::piecewise_construct_t_const&,std::__ndk1::tuple<std::__ndk1::basic_string<char,std::__ndk1::char_traits<char>,std::__ndk1::allocator<char>>&&>,std::__ndk1::tuple<>>
0x3d7ad8	.text	_ZNSt6__ndk16__treeINS_12__value_typeINS_12basic_stringIcNS_11char_traitsIcEENS_9allocatorIcEEEEN7Walaber16ZipArchiveReader12FileLocationEEENS_19__map_value_compareIS7_SB_NS_4lessIS7_EELb1EEENS5_ISB_EEE12__find_equalIS7_EERPNS_16__tree_node_baseIPvEERPNS_15__tree_end_nodeISM_EERKT_	__find_equal<std::__ndk1::basic_string<char,std::__ndk1::char_traits<char>,std::__ndk1::allocator<char>>>
0x3d7c04	.text	_ZNSt6__ndk16__treeINS_12__value_typeINS_12basic_stringIcNS_11char_traitsIcEENS_9allocatorIcEEEEN7Walaber16ZipArchiveReader12FileLocationEEENS_19__map_value_compareIS7_SB_NS_4lessIS7_EELb1EEENS5_ISB_EEE16__insert_node_atEPNS_15__tree_end_nodeIPNS_16__tree_node_baseIPvEEEERSM_SM_	
0x3d7c58	.text	_ZNSt6__ndk16__treeINS_12__value_typeINS_12basic_stringIcNS_11char_traitsIcEENS_9allocatorIcEEEEN7Walaber16ZipArchiveReader12FileLocationEEENS_19__map_value_compareIS7_SB_NS_4lessIS7_EELb1EEENS5_ISB_EEE4findIS7_EENS_15__tree_iteratorISB_PNS_11__tree_nodeISB_PvEElEERKT_	find<std::__ndk1::basic_string<char,std::__ndk1::char_traits<char>,std::__ndk1::allocator<char>>>
0x3d7d10	.text	_ZNSt6__ndk16__treeINS_12__value_typeINS_12basic_stringIcNS_11char_traitsIcEENS_9allocatorIcEEEEN7Walaber16ZipArchiveReader12FileLocationEEENS_19__map_value_compareIS7_SB_NS_4lessIS7_EELb1EEENS5_ISB_EEE13__lower_boundIS7_EENS_15__tree_iteratorISB_PNS_11__tree_nodeISB_PvEElEERKT_SN_PNS_15__tree_end_nodeIPNS_16__tree_node_baseISL_EEEE	__lower_bound<std::__ndk1::basic_string<char,std::__ndk1::char_traits<char>,std::__ndk1::allocator<char>>>
0x3d7dc0	.text	_ZN7Walaber12ZipUtilities22LoadArchiveDescriptionERKNSt6__ndk112basic_stringIcNS1_11char_traitsIcEENS1_9allocatorIcEEEES9_b	
0x3d7f5c	.text	_ZN7Walaber12ZipUtilities12_xmlFileReadEPv	
0x3d8ad0	.text	_ZN7Walaber12ZipUtilities13_handleSoundsENS_11XMLDocument13NamedIteratorE	
0x3d8c88	.text	_ZN7Walaber12ZipUtilities15_handleTexturesENS_11XMLDocument13NamedIteratorE	
0x3d8e5c	.text	_ZN7Walaber12ZipUtilities14_handleAtlasesENS_11XMLDocument13NamedIteratorE	
0x3d9030	.text	_ZN7Walaber12ZipUtilities21_handleStreamedTracksENS_11XMLDocument13NamedIteratorE	
0x3d91d4	.text	_ZN7Walaber12ZipUtilities14_handleSQLFileENS_11XMLDocument13NamedIteratorE	
0x3d9428	.text	_ZN7Walaber12ZipUtilities17_fileReadCallbackEPv	
0x3d97c0	.text	_ZN7Walaber12ZipUtilities14_sqlScriptReadEPv	
0x3dfa40	.text	_ZN7Walaber4AABBC2ERKNS_7Vector2ES3_	
0x3dfa60	.text	_ZN7Walaber4AABB5clearEv	
0x3dfa7c	.text	_ZN7Walaber4AABB15expandToIncludeERKNS_7Vector2E	
0x3dfb0c	.text	_ZN7Walaber4AABB15expandToIncludeERKS0_	
0x3dfb38	.text	_ZNK7Walaber4AABB8containsERKNS_7Vector2E	
0x3dfb84	.text	_ZNK7Walaber4AABB10intersectsERKS0_	
0x3dfbdc	.text	_ZNK7Walaber11BezierCurve14_evaluateCurveEff	
0x3dfc54	.text	_ZN7Walaber11BezierCurve12BezierInterpERKNS_8CurveKeyES3_f	
0x3dfcd0	.text	_ZN7Walaber11BezierCurve15loadFromXmlNodeEP8_xmlNode	
0x3e00d4	.text	_ZN7Walaber11BezierCurveD0Ev	
0x3e0110	.text	_ZN7Walaber5Curve12getWriteSizeEj	
0x3e0188	.text	_ZN7Walaber11BezierCurve21getMinMaxNonTimeValueEv	
0x3e02ac	.text	_ZN7Walaber5Curve17getMinMaxKeyValueEv	
0x3e0300	.text	_ZN7Walaber5Curve20getMinMaxKeyPositionEv	
0x3e0354	.text	_ZN7Walaber5Curve13writeToBufferEPc	
0x3e03d4	.text	_ZN7Walaber11BezierCurve13writeToBufferEPcjRKNS_17CompressionRecordES4_	
0x3e0754	.text	_ZN7Walaber5Curve15computeTangentsEv	
0x3e0758	.text	_ZN7Walaber5CurveD2Ev	
0x3e0798	.text	_ZN7Walaber5CurveD0Ev	
0x3e079c	.text	_ZN7Walaber5Curve21getMinMaxNonTimeValueEv	
0x3e0814	.text	_ZN7Walaber5Curve13writeToBufferEPcjRKNS_17CompressionRecordES4_	
0x3e0c04	.text	_ZN7Walaber8CurveKey25curveContinuityFromStringERNSt6__ndk112basic_stringIcNS1_11char_traitsIcEENS1_9allocatorIcEEEE	
0x3e0c60	.text	_ZN7Walaber5Curve11loadFromXmlERKNSt6__ndk112basic_stringIcNS1_11char_traitsIcEENS1_9allocatorIcEEEE	
0x3e0d5c	.text	_ZN7Walaber5Curve11loadFromXmlEP8_xmlNode	
0x3e1120	.text	_ZN7Walaber18TweenedLinearCurveC2Ev	
0x3e120c	.text	_ZN7Walaber5Curve23curveLoopTypeFromStringERNSt6__ndk112basic_stringIcNS1_11char_traitsIcEENS1_9allocatorIcEEEE	
0x3e13a8	.text	_ZNK7Walaber5Curve8evaluateEf	
0x3e1524	.text	_ZNK7Walaber5Curve9calcCycleEf	
0x3e1554	.text	_ZNK7Walaber5Curve11findSegmentEfRiS1_	
0x3e1600	.text	_ZN7Walaber5Curve11addCurveKeyENS_8CurveKeyE	
0x3e1784	.text	_ZN7Walaber12CurveManagerC2Ev	
0x3e18c0	.text	_ZN7Walaber12CurveManagerD1Ev	
0x3e1914	.text	_ZN7Walaber12CurveManager8getCurveEPNS_9SharedPtrINS_5CurveEEERKNSt6__ndk112basic_stringIcNS5_11char_traitsIcEENS5_9allocatorIcEEEENS1_INS_8CallbackEEE	
0x3e1c38	.text	_ZN7Walaber12CurveManager20_initCurveFileLoadedEPv	
0x3e1fc4	.text	_ZN7Walaber9SharedPtrINS_14MemberCallbackINS_12CurveManagerEEEED2Ev	
0x3e201c	.text	_ZN7Walaber12CurveManager19loadCurveCollectionERKNSt6__ndk112basic_stringIcNS1_11char_traitsIcEENS1_9allocatorIcEEEENS_9SharedPtrINS_8CallbackEEE	
0x3e2310	.text	_ZN7Walaber12CurveManager26_initCurveCollectionLoadedEPv	
0x3e24d4	.text	_ZN7Walaber12CurveManager8optimizeEv	
0x3e25c4	.text	_ZN7Walaber12CurveManager21unloadCurveCollectionERKNSt6__ndk112basic_stringIcNS1_11char_traitsIcEENS1_9allocatorIcEEEE	
0x3e2838	.text	_ZN7Walaber12CurveManager17printMappedCurvesEv	
0x3e28f4	.text	_ZN7Walaber12CurveManager17_loadV2CollectionERKNSt6__ndk112basic_stringIcNS1_11char_traitsIcEENS1_9allocatorIcEEEEPcj	
0x3e3490	.text	_ZN7Walaber12CurveManager17_loadV1CollectionERKNSt6__ndk112basic_stringIcNS1_11char_traitsIcEENS1_9allocatorIcEEEEPcj	
0x3e3830	.text	_ZN7Walaber18TweenedLinearCurveC2EPcRjb	
0x3e3ac0	.text	_ZN7Walaber18TweenedLinearCurveC2EPcRjjRKNS_17CompressionRecordES5_	
0x3e3c8c	.text	_ZN7Walaber18TweenedLinearCurveC2EPcRj	
0x3e3e7c	.text	_ZNSt6__ndk16__treeINS_12__value_typeINS_12basic_stringIcNS_11char_traitsIcEENS_9allocatorIcEEEEN7Walaber12CurveManager19PtrCurvePtrCallbackEEENS_19__map_value_compareIS7_SB_NS_4lessIS7_EELb1EEENS5_ISB_EEE7destroyEPNS_11__tree_nodeISB_PvEE	
0x3e3ed4	.text	_ZNSt6__ndk16__treeINS_12__value_typeINS_12basic_stringIcNS_11char_traitsIcEENS_9allocatorIcEEEEN7Walaber12CurveManager13CurveMapEntryEEENS_19__map_value_compareIS7_SB_NS_4lessIS7_EELb1EEENS5_ISB_EEE7destroyEPNS_11__tree_nodeISB_PvEE	
0x3e3f2c	.text	_ZN7Walaber5CurveC2EPcRj	
0x3e4010	.text	_ZN7Walaber5CurveC2EPcRjjRKNS_17CompressionRecordES5_	
0x3e4770	.text	_ZNSt6__ndk16__treeINS_12__value_typeIhN7Walaber17CompressionRecordEEENS_19__map_value_compareIhS4_NS_4lessIhEELb1EEENS_9allocatorIS4_EEE7destroyEPNS_11__tree_nodeIS4_PvEE	
0x3e47b0	.text	_ZNSt6__ndk113__vector_baseIN7Walaber12CurveManager15CurveCollectionENS_9allocatorIS3_EEED2Ev	
0x3e4828	.text	_ZNSt6__ndk16__treeINS_12__value_typeINS_12basic_stringIcNS_11char_traitsIcEENS_9allocatorIcEEEEN7Walaber12CurveManager13CurveMapEntryEEENS_19__map_value_compareIS7_SB_NS_4lessIS7_EELb1EEENS5_ISB_EEE4findIS7_EENS_15__tree_iteratorISB_PNS_11__tree_nodeISB_PvEElEERKT_	find<std::__ndk1::basic_string<char,std::__ndk1::char_traits<char>,std::__ndk1::allocator<char>>>
0x3e48e0	.text	_ZNSt6__ndk16__treeINS_12__value_typeINS_12basic_stringIcNS_11char_traitsIcEENS_9allocatorIcEEEEN7Walaber12CurveManager13CurveMapEntryEEENS_19__map_value_compareIS7_SB_NS_4lessIS7_EELb1EEENS5_ISB_EEE13__lower_boundIS7_EENS_15__tree_iteratorISB_PNS_11__tree_nodeISB_PvEElEERKT_SN_PNS_15__tree_end_nodeIPNS_16__tree_node_baseISL_EEEE	__lower_bound<std::__ndk1::basic_string<char,std::__ndk1::char_traits<char>,std::__ndk1::allocator<char>>>
0x3e4990	.text	_ZNSt6__ndk16__treeINS_12__value_typeINS_12basic_stringIcNS_11char_traitsIcEENS_9allocatorIcEEEEN7Walaber12CurveManager19PtrCurvePtrCallbackEEENS_19__map_value_compareIS7_SB_NS_4lessIS7_EELb1EEENS5_ISB_EEE4findIS7_EENS_15__tree_iteratorISB_PNS_11__tree_nodeISB_PvEElEERKT_	find<std::__ndk1::basic_string<char,std::__ndk1::char_traits<char>,std::__ndk1::allocator<char>>>
0x3e4a48	.text	_ZNSt6__ndk16__treeINS_12__value_typeINS_12basic_stringIcNS_11char_traitsIcEENS_9allocatorIcEEEEN7Walaber12CurveManager19PtrCurvePtrCallbackEEENS_19__map_value_compareIS7_SB_NS_4lessIS7_EELb1EEENS5_ISB_EEE13__lower_boundIS7_EENS_15__tree_iteratorISB_PNS_11__tree_nodeISB_PvEElEERKT_SN_PNS_15__tree_end_nodeIPNS_16__tree_node_baseISL_EEEE	__lower_bound<std::__ndk1::basic_string<char,std::__ndk1::char_traits<char>,std::__ndk1::allocator<char>>>
0x3e4af8	.text	_ZNSt6__ndk16__treeINS_12__value_typeINS_12basic_stringIcNS_11char_traitsIcEENS_9allocatorIcEEEEN7Walaber12CurveManager19PtrCurvePtrCallbackEEENS_19__map_value_compareIS7_SB_NS_4lessIS7_EELb1EEENS5_ISB_EEE15__emplace_multiIJNS_4pairIS7_SA_EEEEENS_15__tree_iteratorISB_PNS_11__tree_nodeISB_PvEElEEDpOT_	__emplace_multi<std::__ndk1::pair<std::__ndk1::basic_string<char,std::__ndk1::char_traits<char>,std::__ndk1::allocator<char>>,Walaber::CurveManager::PtrCurvePtrCallback>>
0x3e4b6c	.text	_ZNSt6__ndk16__treeINS_12__value_typeINS_12basic_stringIcNS_11char_traitsIcEENS_9allocatorIcEEEEN7Walaber12CurveManager19PtrCurvePtrCallbackEEENS_19__map_value_compareIS7_SB_NS_4lessIS7_EELb1EEENS5_ISB_EEE16__construct_nodeIJNS_4pairIS7_SA_EEEEENS_10unique_ptrINS_11__tree_nodeISB_PvEENS_22__tree_node_destructorINS5_ISO_EEEEEEDpOT_	__construct_node<std::__ndk1::pair<std::__ndk1::basic_string<char,std::__ndk1::char_traits<char>,std::__ndk1::allocator<char>>,Walaber::CurveManager::PtrCurvePtrCallback>>
0x3e4be8	.text	_ZNSt6__ndk16__treeINS_12__value_typeINS_12basic_stringIcNS_11char_traitsIcEENS_9allocatorIcEEEEN7Walaber12CurveManager19PtrCurvePtrCallbackEEENS_19__map_value_compareIS7_SB_NS_4lessIS7_EELb1EEENS5_ISB_EEE16__find_leaf_highERPNS_15__tree_end_nodeIPNS_16__tree_node_baseIPvEEEERKS7_	
0x3e4cbc	.text	_ZNSt6__ndk16__treeINS_12__value_typeINS_12basic_stringIcNS_11char_traitsIcEENS_9allocatorIcEEEEN7Walaber12CurveManager19PtrCurvePtrCallbackEEENS_19__map_value_compareIS7_SB_NS_4lessIS7_EELb1EEENS5_ISB_EEE16__insert_node_atEPNS_15__tree_end_nodeIPNS_16__tree_node_baseIPvEEEERSM_SM_	
0x3e4d10	.text	_ZN7Walaber14MemberCallbackINS_12CurveManagerEED0Ev	
0x3e4d14	.text	_ZN7Walaber14MemberCallbackINS_12CurveManagerEE6invokeEPv	
0x3e4d44	.text	_ZNSt6__ndk16__treeINS_12__value_typeINS_12basic_stringIcNS_11char_traitsIcEENS_9allocatorIcEEEEN7Walaber12CurveManager13CurveMapEntryEEENS_19__map_value_compareIS7_SB_NS_4lessIS7_EELb1EEENS5_ISB_EEE5eraseENS_21__tree_const_iteratorISB_PNS_11__tree_nodeISB_PvEElEE	
0x3e4df0	.text	_ZNSt6__ndk16__treeINS_12__value_typeINS_12basic_stringIcNS_11char_traitsIcEENS_9allocatorIcEEEEN7Walaber12CurveManager19PtrCurvePtrCallbackEEENS_19__map_value_compareIS7_SB_NS_4lessIS7_EELb1EEENS5_ISB_EEE19__equal_range_multiIS7_EENS_4pairINS_15__tree_iteratorISB_PNS_11__tree_nodeISB_PvEElEESP_EERKT_	__equal_range_multi<std::__ndk1::basic_string<char,std::__ndk1::char_traits<char>,std::__ndk1::allocator<char>>>
0x3e4f3c	.text	_ZNSt6__ndk16__treeINS_12__value_typeINS_12basic_stringIcNS_11char_traitsIcEENS_9allocatorIcEEEEN7Walaber12CurveManager19PtrCurvePtrCallbackEEENS_19__map_value_compareIS7_SB_NS_4lessIS7_EELb1EEENS5_ISB_EEE13__upper_boundIS7_EENS_15__tree_iteratorISB_PNS_11__tree_nodeISB_PvEElEERKT_SN_PNS_15__tree_end_nodeIPNS_16__tree_node_baseISL_EEEE	__upper_bound<std::__ndk1::basic_string<char,std::__ndk1::char_traits<char>,std::__ndk1::allocator<char>>>
0x3e4ff0	.text	_ZNSt6__ndk16__treeINS_12__value_typeINS_12basic_stringIcNS_11char_traitsIcEENS_9allocatorIcEEEEN7Walaber12CurveManager13CurveMapEntryEEENS_19__map_value_compareIS7_SB_NS_4lessIS7_EELb1EEENS5_ISB_EEE25__emplace_unique_key_argsIS7_JRKNS_21piecewise_construct_tENS_5tupleIJRKS7_EEENSM_IJEEEEEENS_4pairINS_15__tree_iteratorISB_PNS_11__tree_nodeISB_PvEElEEbEERKT_DpOT0_	__emplace_unique_key_args<std::__ndk1::basic_string<char,std::__ndk1::char_traits<char>,std::__ndk1::allocator<char>>,std::__ndk1::piecewise_construct_t_const&,std::__ndk1::tuple<std::__ndk1::basic_string<char,std::__ndk1::char_traits<char>,std::__ndk1::allocator<char>>const&>,std::__ndk1::tuple<>>
0x3e50a0	.text	_ZNSt6__ndk16__treeINS_12__value_typeINS_12basic_stringIcNS_11char_traitsIcEENS_9allocatorIcEEEEN7Walaber12CurveManager13CurveMapEntryEEENS_19__map_value_compareIS7_SB_NS_4lessIS7_EELb1EEENS5_ISB_EEE12__find_equalIS7_EERPNS_16__tree_node_baseIPvEERPNS_15__tree_end_nodeISM_EERKT_	__find_equal<std::__ndk1::basic_string<char,std::__ndk1::char_traits<char>,std::__ndk1::allocator<char>>>
0x3e51cc	.text	_ZNSt6__ndk16__treeINS_12__value_typeINS_12basic_stringIcNS_11char_traitsIcEENS_9allocatorIcEEEEN7Walaber12CurveManager13CurveMapEntryEEENS_19__map_value_compareIS7_SB_NS_4lessIS7_EELb1EEENS5_ISB_EEE16__construct_nodeIJRKNS_21piecewise_construct_tENS_5tupleIJRKS7_EEENSM_IJEEEEEENS_10unique_ptrINS_11__tree_nodeISB_PvEENS_22__tree_node_destructorINS5_ISU_EEEEEEDpOT_	__construct_node<std::__ndk1::piecewise_construct_t_const&,std::__ndk1::tuple<std::__ndk1::basic_string<char,std::__ndk1::char_traits<char>,std::__ndk1::allocator<char>>const&>,std::__ndk1::tuple<>>
0x3e5244	.text	_ZNSt6__ndk16__treeINS_12__value_typeINS_12basic_stringIcNS_11char_traitsIcEENS_9allocatorIcEEEEN7Walaber12CurveManager13CurveMapEntryEEENS_19__map_value_compareIS7_SB_NS_4lessIS7_EELb1EEENS5_ISB_EEE16__insert_node_atEPNS_15__tree_end_nodeIPNS_16__tree_node_baseIPvEEEERSM_SM_	
0x3e5298	.text	_ZNSt6__ndk16__treeINS_12__value_typeINS_12basic_stringIcNS_11char_traitsIcEENS_9allocatorIcEEEEN7Walaber12CurveManager19PtrCurvePtrCallbackEEENS_19__map_value_compareIS7_SB_NS_4lessIS7_EELb1EEENS5_ISB_EEE5eraseENS_21__tree_const_iteratorISB_PNS_11__tree_nodeISB_PvEElEE	
0x3e5344	.text	_ZNSt6__ndk16vectorIN7Walaber12CurveManager15CurveCollectionENS_9allocatorIS3_EEE21__push_back_slow_pathIS3_EEvOT_	__push_back_slow_path<Walaber::CurveManager::CurveCollection>
0x3e5444	.text	_ZNSt6__ndk114__split_bufferIN7Walaber12CurveManager15CurveCollectionERNS_9allocatorIS3_EEEC2EmmS6_	
0x3e54f4	.text	_ZNSt6__ndk16vectorIN7Walaber12CurveManager15CurveCollectionENS_9allocatorIS3_EEE26__swap_out_circular_bufferERNS_14__split_bufferIS3_RS5_EE	
0x3e557c	.text	_ZNSt6__ndk114__split_bufferIN7Walaber12CurveManager15CurveCollectionERNS_9allocatorIS3_EEED2Ev	
0x3e55e0	.text	_ZNSt6__ndk16__treeINS_12__value_typeIhN7Walaber17CompressionRecordEEENS_19__map_value_compareIhS4_NS_4lessIhEELb1EEENS_9allocatorIS4_EEE25__emplace_unique_key_argsIhJNS_4pairIhS3_EEEEENSD_INS_15__tree_iteratorIS4_PNS_11__tree_nodeIS4_PvEElEEbEERKT_DpOT0_	__emplace_unique_key_args<unsigned_char,std::__ndk1::pair<unsigned_char,Walaber::CompressionRecord>>
0x3e56b4	.text	_ZNSt6__ndk16__treeINS_12__value_typeIhN7Walaber17CompressionRecordEEENS_19__map_value_compareIhS4_NS_4lessIhEELb1EEENS_9allocatorIS4_EEE16__insert_node_atEPNS_15__tree_end_nodeIPNS_16__tree_node_baseIPvEEEERSG_SG_	
0x3e5708	.text	_ZNSt6__ndk16__treeINS_12__value_typeIhN7Walaber17CompressionRecordEEENS_19__map_value_compareIhS4_NS_4lessIhEELb1EEENS_9allocatorIS4_EEE25__emplace_unique_key_argsIhJRKNS_21piecewise_construct_tENS_5tupleIJOhEEENSG_IJEEEEEENS_4pairINS_15__tree_iteratorIS4_PNS_11__tree_nodeIS4_PvEElEEbEERKT_DpOT0_	__emplace_unique_key_args<unsigned_char,std::__ndk1::piecewise_construct_t_const&,std::__ndk1::tuple<unsigned_char&&>,std::__ndk1::tuple<>>
0x3e57dc	.text	_ZN7Walaber12HermiteCurve14ComputeTangentEiNS0_19HermiteCurveTangentE	
0x3e57e4	.text	_ZN7Walaber12HermiteCurve14ComputeTangentEiNS0_19HermiteCurveTangentES1_	
0x3e58e8	.text	_ZN7Walaber12HermiteCurve15ComputeTangentsENS0_19HermiteCurveTangentE	
0x3e5940	.text	_ZN7Walaber12HermiteCurve15ComputeTangentsENS0_19HermiteCurveTangentES1_	
0x3e599c	.text	_ZNK7Walaber12HermiteCurve14_evaluateCurveEff	
0x3e5a14	.text	_ZN7Walaber12HermiteCurve7HermiteERKNS_8CurveKeyES3_f	
0x3e5a9c	.text	_ZN7Walaber12HermiteCurve15loadFromXmlNodeEP8_xmlNode	
0x3e61a4	.text	_ZN7Walaber12HermiteCurveD0Ev	
0x3e61e0	.text	_ZN7Walaber11LinearCurve15loadFromXmlNodeEP8_xmlNode	
0x3e657c	.text	_ZN7Walaber11LinearCurve15computeTangentsEv	
0x3e6610	.text	_ZNK7Walaber11LinearCurve14_evaluateCurveEff	
0x3e6698	.text	_ZN7Walaber11LinearCurveD0Ev	
0x3e66d4	.text	_ZN7Walaber18TweenedLinearCurve15loadFromXmlNodeEP8_xmlNode	
0x3e6bbc	.text	_ZN7Walaber6Tweens11linearTweenEffff	
0x3e6bcc	.text	_ZN7Walaber18TweenedLinearCurve17_computeDurationsEv	
0x3e6ce8	.text	_ZNK7Walaber18TweenedLinearCurve14_evaluateCurveEff	
0x3e6d74	.text	_ZN7Walaber18TweenedLinearCurveD2Ev	
0x3e6de8	.text	_ZN7Walaber18TweenedLinearCurveD0Ev	
0x3e6e0c	.text	_ZN7Walaber18TweenedLinearCurve12getWriteSizeEj	
0x3e6e4c	.text	_ZN7Walaber18TweenedLinearCurve13writeToBufferEPc	
0x3e6f50	.text	_ZN7Walaber18TweenedLinearCurve13writeToBufferEPcjRKNS_17CompressionRecordES4_	
0x3e7000	.text	_ZN7Walaber6Tweens26getEasingFunctionForStringERKNSt6__ndk112basic_stringIcNS1_11char_traitsIcEENS1_9allocatorIcEEEEi	
0x3e7350	.text	_ZN7Walaber6Tweens15quadraticEaseInEffff	
0x3e7364	.text	_ZN7Walaber6Tweens16quadraticEaseOutEffff	
0x3e7380	.text	_ZN7Walaber6Tweens11cubicEaseInEffff	
0x3e7398	.text	_ZN7Walaber6Tweens12cubicEaseOutEffff	
0x3e73c0	.text	_ZN7Walaber6Tweens13quarticEaseInEffff	
0x3e73dc	.text	_ZN7Walaber6Tweens14quarticEaseOutEffff	
0x3e7404	.text	_ZN7Walaber6Tweens13quinticEaseInEffff	
0x3e7424	.text	_ZN7Walaber6Tweens14quinticEaseOutEffff	
0x3e7454	.text	_ZN7Walaber6Tweens18quadraticEaseInOutEffff	
0x3e74a8	.text	_ZN7Walaber6Tweens18quadraticEaseOutInEffff	
0x3e74f8	.text	_ZN7Walaber6Tweens14cubicEaseInOutEffff	
0x3e7544	.text	_ZN7Walaber6Tweens14cubicEaseOutInEffff	
0x3e7578	.text	_ZN7Walaber6Tweens16quarticEaseInOutEffff	
0x3e75d0	.text	_ZN7Walaber6Tweens16quarticEaseOutInEffff	
0x3e7624	.text	_ZN7Walaber6Tweens16quinticEaseInOutEffff	
0x3e7680	.text	_ZN7Walaber6Tweens16quinticEaseOutInEffff	
0x3e76bc	.text	_ZN7Walaber6Tweens29getTweenTypeForEasingFunctionEPFfffffE	
0x3e7854	.text	_ZN7Walaber6Tweens29getEasingFunctionForTweenTypeENS0_4TypeE	
0x3e787c	.text	_ZN7Walaber11VectorTools13lineIntersectERKNS_7Vector2ES3_S3_S3_RS1_RfS5_	
0x3e7960	.text	_ZN7Walaber11VectorTools13lineIntersectERKNS_7Vector2ES3_S3_S3_RS1_	
0x3e79b0	.text	_ZN7Walaber11VectorTools25closestPointOnLineSegmentERKNS_7Vector2ES3_S3_Rf	
0x3e7a94	.text	_ZN7Walaber11VectorTools27distanceBetweenLineSegmentsERKNS_7Vector2ES3_S3_S3_	
0x3e7cd8	.text	_ZN7Walaber11VectorTools17distToLineSegmentERKNS_7Vector2ES3_S3_S3_fS3_Rf	
0x3e7d78	.text	_ZN7Walaber11VectorTools34distanceBetweenLineSegmentsSquaredERKNS_7Vector2ES3_S3_S3_	
0x3e7fa8	.text	_ZN7Walaber11VectorTools24distToLineSegmentSquaredERKNS_7Vector2ES3_S3_S3_fS3_Rf	
0x3e8030	.text	_ZN7Walaber11VectorTools17distToLineSegmentERKNS_7Vector2ES3_S3_Rf	
0x3e8110	.text	_ZN7Walaber11VectorTools24distToLineSegmentSquaredERKNS_7Vector2ES3_S3_Rf	
0x3e81f0	.text	_ZN7Walaber11VectorTools20calculateSpringForceERKNS_7Vector2ES3_S3_S3_fff	
0x3e82c0	.text	_ZN7Walaber11VectorTools20calculateSpringForceERKNS_7Vector2EfS3_S3_fff	
0x3e8300	.text	_ZN7Walaber11VectorTools30calculateSpringForceAllowSlackERKNS_7Vector2ES3_S3_S3_fff	
0x3e83ec	.text	_ZN7Walaber11VectorTools12bezierInterpERKNS_7Vector2ES3_S3_S3_f	
0x3e844c	.text	_ZN7Walaber15MessageReceiverC1ENS_15MessageCategoryE	
0x3e8484	.text	_ZN7Walaber16BroadcastManager14getInstancePtrEv	
0x3e84d8	.text	_ZN7Walaber16BroadcastManager12_addReceiverEPNS_15MessageReceiverE	
0x3e8580	.text	_ZN7Walaber15MessageReceiverD1Ev	
0x3e85d4	.text	_ZN7Walaber16BroadcastManager15_removeReceiverEPNS_15MessageReceiverE	
0x3e86c0	.text	_ZN7Walaber15MessageReceiverD0Ev	
0x3e86e4	.text	_ZN7Walaber16BroadcastManagerC2Ev	
0x3e8740	.text	_ZN7Walaber16BroadcastManagerD1Ev	
0x3e8764	.text	_ZN7Walaber16BroadcastManager9messageTxERKNS_7MessageE	
0x3e87e8	.text	_ZN7Walaber15MessageReceiver9messageRxERKNS_7MessageE	
0x3e87f0	.text	_ZNSt6__ndk16vectorIPN7Walaber15MessageReceiverENS_9allocatorIS3_EEE21__push_back_slow_pathIRKS3_EEvOT_	__push_back_slow_path<Walaber::MessageReceiver*const&>
0x3e8918	.text	_ZNSt6__ndk114__split_bufferIPN7Walaber15MessageReceiverERNS_9allocatorIS3_EEEC2EmmS6_	
0x3e89c8	.text	_ZN7Walaber11PushCommandC1Ev	
0x3e89ec	.text	_ZN7Walaber11PushCommandD2Ev	
0x3e8a18	.text	_ZN7Walaber11PushCommand3GetEv	
0x3e8a6c	.text	_ZN7Walaber11PushCommand11HasInstanceEv	
0x3e8a84	.text	_ZN7Walaber11PushCommand7DestroyEv	
0x3e8ad0	.text	_ZN7Walaber11PushCommand12OnGameLoadedEv	
0x3e8ad4	.text	_ZN7Walaber11PushCommand19ResumeNotificationsEv	
0x3e8ba4	.text	_ZN7Walaber11PushCommand17HoldNotificationsEv	
0x3e8bb0	.text	_ZN7Walaber11PushCommand16LoadHeldCommandsEv	
0x3e8d74	.text	_ZN7Walaber11PushCommand5ParseENSt6__ndk112basic_stringIcNS1_11char_traitsIcEENS1_9allocatorIcEEEE	
0x3e8f20	.text	_ZNSt6__ndk14listINS_12basic_stringIcNS_11char_traitsIcEENS_9allocatorIcEEEENS4_IS6_EEE5eraseENS_21__list_const_iteratorIS6_PvEE	
0x3e8f74	.text	_ZN7Walaber11PushCommand17PumpNotificationsEv	
0x3e8fa4	.text	_ZN7Walaber11PushCommand11ValueAsBoolENSt6__ndk112basic_stringIcNS1_11char_traitsIcEENS1_9allocatorIcEEEE	
0x3e91f8	.text	_ZN7Walaber11PushCommand8ParseURIENSt6__ndk112basic_stringIcNS1_11char_traitsIcEENS1_9allocatorIcEEEERNS_11CommandDataE	
0x3e97c4	.text	_ZN7Walaber11PushCommand9DoCommandERNS_11CommandDataE	
0x3e9bcc	.text	_ZN7Walaber11PushCommand11SaveCommandENSt6__ndk112basic_stringIcNS1_11char_traitsIcEENS1_9allocatorIcEEEE	
0x3e9db0	.text	_ZN7Walaber11PushCommand8RegisterENS_9SharedPtrINS_8CallbackEEENSt6__ndk112basic_stringIcNS4_11char_traitsIcEENS4_9allocatorIcEEEESA_SA_	
0x3e9ef0	.text	_ZNSt6__ndk14listIN7Walaber15CommandRegisterENS_9allocatorIS2_EEE9push_backERKS2_	
0x3e9fd4	.text	_ZN7Walaber11PushCommand14SetDataBaseKeyEi	
0x3e9fdc	.text	_ZN7Walaber11PushCommand11ParseKVpairENSt6__ndk112basic_stringIcNS1_11char_traitsIcEENS1_9allocatorIcEEEERNS1_3mapIS7_S7_NS1_4lessIS7_EENS5_INS1_4pairIKS7_S7_EEEEEE	
0x3ea2ec	.text	_ZNSt6__ndk14listINS_12basic_stringIcNS_11char_traitsIcEENS_9allocatorIcEEEENS4_IS6_EEE9push_backERKS6_	
0x3ea35c	.text	_ZNSt6__ndk110__list_impINS_12basic_stringIcNS_11char_traitsIcEENS_9allocatorIcEEEENS4_IS6_EEE5clearEv	
0x3ea3d4	.text	_ZNSt6__ndk110__list_impIN7Walaber15CommandRegisterENS_9allocatorIS2_EEE5clearEv	
0x3ea474	.text	_ZN7Walaber12DrawableNodeC2Ev	
0x3ea530	.text	_ZN7Walaber12DrawableNodeC2ERKNSt6__ndk112basic_stringIcNS1_11char_traitsIcEENS1_9allocatorIcEEEEi	
0x3ea564	.text	_ZN7Walaber12DrawableNodeC2ERKS0_	
0x3ea5a0	.text	_ZN7Walaber12DrawableNodeaSERKS0_	
0x3ea5d0	.text	_ZN7Walaber12DrawableNodeD2Ev	
0x3ea5d4	.text	_ZN7Walaber12DrawableNodeD0Ev	
0x3ea5d8	.text	_ZN7Walaber4NodeC2Ev	
0x3ea6f0	.text	_ZN7Walaber4NodeC2ERKNSt6__ndk112basic_stringIcNS1_11char_traitsIcEENS1_9allocatorIcEEEEi	
0x3ea780	.text	_ZN7Walaber4NodeC1ERKS0_	
0x3ea7fc	.text	_ZN7Walaber4NodeaSERKS0_	
0x3ea868	.text	_ZN7Walaber4NodeD2Ev	
0x3ea86c	.text	_ZN7Walaber4NodeD0Ev	
0x3ea870	.text	_ZN7Walaber4Node16setLocalPositionERKNS_7Vector2E	
0x3ea880	.text	_ZN7Walaber4Node16setWorldPosDirtyEb	
0x3ea8bc	.text	_ZN7Walaber4Node13setLocalScaleERKNS_7Vector2E	
0x3ea904	.text	_ZN7Walaber4Node18setWorldScaleDirtyEb	
0x3ea940	.text	_ZN7Walaber4Node13setLocalAngleERKf	
0x3ea988	.text	_ZN7Walaber4Node18setWorldAngleDirtyEb	
0x3ea9c4	.text	_ZN7Walaber4Node19applyPositionOffsetERKNS_7Vector2E	
0x3ea9dc	.text	_ZN7Walaber4Node16applyScaleOffsetERKNS_7Vector2E	
0x3eaa2c	.text	_ZN7Walaber4Node16applyAngleOffsetERKf	
0x3eaa7c	.text	_ZN7Walaber4Node16getWorldPositionEv	
0x3eab7c	.text	_ZN7Walaber4Node13getWorldScaleEv	
0x3eac14	.text	_ZN7Walaber4Node13getWorldAngleEv	
0x3eac64	.text	_ZN7Walaber4Node15transformVectorERKNS_7Vector2E	
0x3ead24	.text	_ZN7Walaber4Node14transformPointERKNS_7Vector2E	
0x3eade8	.text	_ZN7Walaber4Node22inverseTransformVectorERKNS_7Vector2E	
0x3eaf18	.text	_ZN7Walaber4Node21inverseTransformPointERKNS_7Vector2E	
0x3eb04c	.text	_ZN7Walaber7PCSNodeD2Ev	
0x3eb050	.text	_ZN7Walaber7PCSNodeD0Ev	
0x3eb054	.text	_ZN7Walaber7PCSNode18removeNodeFromTreeEPS0_RKNSt6__ndk112basic_stringIcNS2_11char_traitsIcEENS2_9allocatorIcEEEE	
0x3eb0ac	.text	_ZN7Walaber7PCSNode15getNodeFromTreeEPS0_RKNSt6__ndk112basic_stringIcNS2_11char_traitsIcEENS2_9allocatorIcEEEE	
0x3eb0b0	.text	_ZN7Walaber7PCSNode18removeNodeFromTreeEPS0_RKNSt6__ndk112basic_stringIcNS2_11char_traitsIcEENS2_9allocatorIcEEEEi	
0x3eb108	.text	_ZN7Walaber7PCSNode15getNodeFromTreeEPS0_RKNSt6__ndk112basic_stringIcNS2_11char_traitsIcEENS2_9allocatorIcEEEEi	
0x3eb10c	.text	_ZN7Walaber7PCSNode21_depthFirstNameSearchEPS0_RKNSt6__ndk112basic_stringIcNS2_11char_traitsIcEENS2_9allocatorIcEEEE	
0x3eb268	.text	_ZN7Walaber7PCSNode32_depthFirstNameSearchWithGroupIDEPS0_RKNSt6__ndk112basic_stringIcNS2_11char_traitsIcEENS2_9allocatorIcEEEEi	
0x3eb3d4	.text	_ZN7Walaber7PCSNode15getNodeFromTreeEPS0_i	
0x3eb3d8	.text	_ZN7Walaber7PCSNode24_depthFirstGroupIDSearchEPS0_i	
0x3eb4d4	.text	_ZN7Walaber7PCSNode16getNodesFromTreeEPS0_iRNSt6__ndk16vectorIS1_NS2_9allocatorIS1_EEEE	
0x3eb4d8	.text	_ZN7Walaber7PCSNode39_depthFirstGroupIDSearchMultipleResultsEPS0_iRNSt6__ndk16vectorIS1_NS2_9allocatorIS1_EEEE	
0x3eb614	.text	_ZN7Walaber7PCSNode29deleteNodeAndChildrenFromTreeEPS0_	
0x3eb688	.text	_ZN7Walaber7PCSNode16_recursiveDeleteEPS0_	
0x3eb6c8	.text	_ZN7Walaber7PCSNode11getTreeSizeEPS0_	
0x3eb7e8	.text	_ZN7Walaber7PCSNode9printTreeEPS0_	
0x3eb98c	.text	_ZN7Walaber7PCSNode24_stepDepthFirstIterationERNSt6__ndk15stackIPS0_NS1_5dequeIS3_NS1_9allocatorIS3_EEEEEERS3_	
0x3eba10	.text	_ZNSt6__ndk16vectorIPN7Walaber7PCSNodeENS_9allocatorIS3_EEE21__push_back_slow_pathIRKS3_EEvOT_	__push_back_slow_path<Walaber::PCSNode*const&>
0x3ebb38	.text	_ZNSt6__ndk114__split_bufferIPN7Walaber7PCSNodeERNS_9allocatorIS3_EEEC2EmmS6_	
0x3ebbe8	.text	_ZN7Walaber10SceneGraphC2Ev	
0x3ebce4	.text	_ZN7Walaber10SceneGraphC1ERKNSt6__ndk112basic_stringIcNS1_11char_traitsIcEENS1_9allocatorIcEEEE	
0x3ebdc0	.text	_ZN7Walaber10SceneGraphC1ERKS0_	
0x3ebdc4	.text	_ZN7Walaber10SceneGraphaSERKS0_	
0x3ebdc8	.text	_ZN7Walaber10SceneGraphD2Ev	
0x3ebde4	.text	_ZN7Walaber10SceneGraph13getNodeByNameERKNSt6__ndk112basic_stringIcNS1_11char_traitsIcEENS1_9allocatorIcEEEE	
0x3ebdec	.text	_ZN7Walaber10SceneGraph23getNodeByNameAndGroupIDERKNSt6__ndk112basic_stringIcNS1_11char_traitsIcEENS1_9allocatorIcEEEEi	
0x3ebdf4	.text	_ZN7Walaber10SceneGraph23getFirstNodeWithGroupIDEi	
0x3ebdfc	.text	_ZN7Walaber10SceneGraph19getNodesWithGroupIDEiRNSt6__ndk16vectorIPNS_4NodeENS1_9allocatorIS4_EEEE	
0x3ebe04	.text	_ZN7Walaber7PCSNode16getNodesFromTreeINS_4NodeEEEvPS0_iRNSt6__ndk16vectorIPT_NS4_9allocatorIS7_EEEE	getNodesFromTree<Walaber::Node>
0x3ebf34	.text	_ZNSt6__ndk16vectorIPN7Walaber4NodeENS_9allocatorIS3_EEE21__push_back_slow_pathIS3_EEvOT_	__push_back_slow_path<Walaber::Node*>
0x3ec05c	.text	_ZNSt6__ndk114__split_bufferIPN7Walaber4NodeERNS_9allocatorIS3_EEEC2EmmS6_	
0x3ec10c	.text	_ZN7Walaber6CameraC1Ev	
0x3ec14c	.text	_ZN7Walaber6CameraC2ENS_7Vector2ES1_	
0x3ec1ac	.text	_ZN7Walaber6CameraD2Ev	
0x3ec220	.text	_ZN7Walaber6Camera11setPositionENS_7Vector2E	
0x3ec240	.text	_ZN7Walaber6Camera7setSizeENS_7Vector2E	
0x3ec260	.text	_ZN7Walaber6Camera8setWidthEff	
0x3ec2a0	.text	_ZN7Walaber6Camera9setHeightEff	
0x3ec2d8	.text	_ZN7Walaber6Camera14changePositionENS_7Vector2E	
0x3ec300	.text	_ZN7Walaber6Camera7animateENS0_14CameraMovementENS_7Vector2ES2_f	
0x3ec424	.text	_ZN7Walaber6Camera7animateENS0_14CameraMovementENS_7Vector2ES2_ff	
0x3ec548	.text	_ZN7Walaber6Camera5shakeEfff	
0x3ec5ac	.text	_ZN7Walaber6Camera9halfShakeEfff	
0x3ec614	.text	_ZN7Walaber6Camera15dollyToPositionENS_7Vector2Ef	
0x3ec674	.text	_ZN7Walaber6Camera21linearDollyToPositionENS_7Vector2Ef	
0x3ec6d4	.text	_ZN7Walaber6Camera12zoomToFactorEff	
0x3ec74c	.text	_ZN7Walaber6Camera11zoomToWidthEff	
0x3ec7c8	.text	_ZN7Walaber6Camera12zoomToHeightEff	
0x3ec83c	.text	_ZN7Walaber6Camera13endAnimationsEb	
0x3ec918	.text	_ZN7Walaber6Camera15clearAnimationsEv	
0x3ec954	.text	_ZN7Walaber6Camera11isAnimatingEv	
0x3ec9ac	.text	_ZN7Walaber6Camera16numAnimationTypeENS0_14CameraMovementE	
0x3ec9e8	.text	_ZN7Walaber6Camera13screenToWorldERKNS_7Vector2E	
0x3eca34	.text	_ZN7Walaber6Camera13worldToScreenERKNS_7Vector2E	
0x3eca84	.text	_ZN7Walaber6Camera21screenSizeToWorldSizeERKNS_7Vector2E	
0x3ecaa8	.text	_ZN7Walaber6Camera21worldSizeToScreenSizeERKNS_7Vector2E	
0x3ecacc	.text	_ZN7Walaber6Camera6updateEf	
0x3ece54	.text	_ZN7Walaber6Camera14updateViewportEv	
0x3eceac	.text	_ZN7Walaber6Camera14updateViewportEb	
0x3ecf1c	.text	_ZN7Walaber6Camera15restoreViewportEv	
0x3ecf54	.text	_ZNSt6__ndk16vectorIN7Walaber7Vector2ENS_9allocatorIS2_EEE21__push_back_slow_pathIRKS2_EEvOT_	__push_back_slow_path<Walaber::Vector2_const&>
0x3ed084	.text	_ZNSt6__ndk114__split_bufferIN7Walaber7Vector2ERNS_9allocatorIS2_EEEC2EmmS5_	
0x3ed134	.text	_ZNSt6__ndk16vectorIN7Walaber7Vector2ENS_9allocatorIS2_EEE26__swap_out_circular_bufferERNS_14__split_bufferIS2_RS4_EE	
0x3ed1b0	.text	_ZNSt6__ndk16vectorIfNS_9allocatorIfEEE21__push_back_slow_pathIfEEvOT_	
0x3ed2d4	.text	_ZN7Walaber16CameraControllerC1Ev	
0x3ed330	.text	_ZN7Walaber16CameraControllerD2Ev	
0x3ed3b0	.text	_ZN7Walaber16CameraController10initCameraEPNS_6CameraE	
0x3ed3c8	.text	_ZN7Walaber16CameraController6updateEf	
0x3ed6fc	.text	_ZN7Walaber16CameraController13queueMovementENS_7Vector2ES1_fffb	
0x3ed830	.text	_ZNSt6__ndk16vectorIbNS_9allocatorIbEEE9push_backERKb	
0x3ed8d8	.text	_ZN7Walaber16CameraController11setMovementENS_7Vector2ES1_	
0x3ed950	.text	_ZN7Walaber16CameraController11restoreOrigEv	
0x3ed9fc	.text	_ZN7Walaber16CameraController10clearQueueEv	
0x3eda54	.text	_ZN7Walaber16CameraController11endMovementEb	
0x3eda60	.text	_ZN7Walaber16CameraController11isAnimatingEv	
0x3eda9c	.text	_ZNSt6__ndk114__copy_alignedINS_6vectorIbNS_9allocatorIbEEEELb1EEENS_14__bit_iteratorIT_Lb0EXLi0EEEENS5_IS6_XT0_EXLi0EEEES8_S7_	__copy_aligned<std::__ndk1::vector<bool,std::__ndk1::allocator<bool>>,true>
0x3edbd8	.text	_ZNSt6__ndk116__copy_unalignedINS_6vectorIbNS_9allocatorIbEEEELb1EEENS_14__bit_iteratorIT_Lb0EXLi0EEEENS5_IS6_XT0_EXLi0EEEES8_S7_	
0x3ede3c	.text	_ZNSt6__ndk16vectorIbNS_9allocatorIbEEE7reserveEm	
0x3edf1c	.text	_ZNSt6__ndk16vectorIbNS_9allocatorIbEEE11__vallocateEm	
0x3edf60	.text	_ZNSt6__ndk16vectorIbNS_9allocatorIbEEE18__construct_at_endINS_14__bit_iteratorIS3_Lb0ELm0EEEEENS_9enable_ifIXsr21__is_forward_iteratorIT_EE5valueEvE4typeES8_S8_	__construct_at_end<std::__ndk1::__bit_iterator<std::__ndk1::vector<bool,std::__ndk1::allocator<bool>>,false,0ul>>
0x3ee080	.text	_ZNSt6__ndk114__copy_alignedINS_6vectorIbNS_9allocatorIbEEEELb0EEENS_14__bit_iteratorIT_Lb0EXLi0EEEENS5_IS6_XT0_EXLi0EEEES8_S7_	__copy_aligned<std::__ndk1::vector<bool,std::__ndk1::allocator<bool>>,false>
0x3ee1dc	.text	_ZNSt6__ndk116__copy_unalignedINS_6vectorIbNS_9allocatorIbEEEELb0EEENS_14__bit_iteratorIT_Lb0EXLi0EEEENS5_IS6_XT0_EXLi0EEEES8_S7_	
0x3ee438	.text	_ZN7Walaber10ComicStripC2Ev	
0x3ee614	.text	_ZN7Walaber10ComicStripD1Ev	
0x3ee720	.text	_ZN7Walaber10ComicStrip6updateEf	
0x3ee950	.text	_ZN7Walaber10ComicStrip12advancePanelEv	
0x3eea68	.text	_ZN7Walaber10ComicStrip4drawERNS_11SpriteBatchE	
0x3eebd4	.text	_ZN7Walaber10ComicStrip8addPanelENS_9SharedPtrINS_7TextureEEE	
0x3eed38	.text	_ZN7Walaber10ComicStrip8addPanelENS_9SharedPtrINS_7TextureEEENS_12PropertyListE	
0x3efa4c	.text	_ZN7Walaber10ComicStrip11handleTouchEv	
0x3efb30	.text	_ZNSt6__ndk16vectorIN7Walaber7Vector2ENS_9allocatorIS2_EEE21__push_back_slow_pathIS2_EEvOT_	__push_back_slow_path<Walaber::Vector2>
0x3efc60	.text	_ZNSt6__ndk16vectorIN7Walaber4RectENS_9allocatorIS2_EEE21__push_back_slow_pathIS2_EEvOT_	__push_back_slow_path<Walaber::Rect>
0x3efd9c	.text	_ZNSt6__ndk114__split_bufferIN7Walaber4RectERNS_9allocatorIS2_EEEC2EmmS5_	
0x3efe4c	.text	_ZNSt6__ndk16vectorIN7Walaber4RectENS_9allocatorIS2_EEE26__swap_out_circular_bufferERNS_14__split_bufferIS2_RS4_EE	
0x3efed0	.text	_ZNSt6__ndk13mapINS_12basic_stringIcNS_11char_traitsIcEENS_9allocatorIcEEEEjNS_4lessIS6_EENS4_INS_4pairIKS6_jEEEEED2Ev	
0x3efed8	.text	_ZN7Walaber8DeepLinkC2Ev	
0x3efedc	.text	_ZN7Walaber8DeepLinkD2Ev	
0x3efee0	.text	_ZN7Walaber8DeepLink14RegisterScreenEjNSt6__ndk112basic_stringIcNS1_11char_traitsIcEENS1_9allocatorIcEEEE	
0x3eff6c	.text	_ZN7Walaber8DeepLink10InitialiseEv	
0x3f00e0	.text	_ZN7Walaber8DeepLink16UnregisterScreenEj	
0x3f016c	.text	_ZN7Walaber8DeepLink16UnregisterScreenENSt6__ndk112basic_stringIcNS1_11char_traitsIcEENS1_9allocatorIcEEEE	
0x3f0180	.text	_ZN7Walaber8DeepLink15OnScreenCommandEPv	
0x3f03b8	.text	_ZNSt6__ndk16__treeINS_12__value_typeINS_12basic_stringIcNS_11char_traitsIcEENS_9allocatorIcEEEEjEENS_19__map_value_compareIS7_S8_NS_4lessIS7_EELb1EEENS5_IS8_EEE5eraseENS_21__tree_const_iteratorIS8_PNS_11__tree_nodeIS8_PvEElEE	
0x3f045c	.text	_ZNSt6__ndk16__treeINS_12__value_typeINS_12basic_stringIcNS_11char_traitsIcEENS_9allocatorIcEEEEjEENS_19__map_value_compareIS7_S8_NS_4lessIS7_EELb1EEENS5_IS8_EEE14__erase_uniqueIS7_EEmRKT_	__erase_unique<std::__ndk1::basic_string<char,std::__ndk1::char_traits<char>,std::__ndk1::allocator<char>>>
0x3f04bc	.text	_ZNSt6__ndk18multimapIjN7Walaber9SharedPtrINS1_8CallbackEEENS_4lessIjEENS_9allocatorINS_4pairIKjS4_EEEEED2Ev	
0x3f04dc	.text	_ZN7Walaber13ScreenManager18removeScreenLoaderENS_9SharedPtrINS_8CallbackEEE	
0x3f056c	.text	_ZN7Walaber13ScreenManager18beginScreenChangesENS0_18ScreenChangeMethodE	
0x3f057c	.text	_ZN7Walaber13ScreenManager10pushScreenEj	
0x3f0708	.text	_ZN7Walaber13ScreenManager10pushScreenEjRKNS_12PropertyListE	
0x3f08a8	.text	_ZN7Walaber13ScreenManager10swapScreenEj	
0x3f0a30	.text	_ZN7Walaber13ScreenManager10swapScreenEjRKNS_12PropertyListE	
0x3f0bcc	.text	_ZN7Walaber13ScreenManager9popScreenEbb	
0x3f0d74	.text	_ZNSt6__ndk16vectorIN7Walaber13ScreenManager22ScreenOperationDetailsENS_9allocatorIS3_EEE6insertENS_11__wrap_iterIPKS3_EERS8_	
0x3f1194	.text	_ZN7Walaber13ScreenManager13popAllScreensEv	
0x3f131c	.text	_ZN7Walaber13ScreenManager9stopFlushEv	
0x3f1490	.text	_ZN7Walaber13ScreenManager19commitScreenChangesEv	
0x3f14a0	.text	_ZN7Walaber13ScreenManager19commitScreenChangesEjf	
0x3f1574	.text	_ZN7Walaber13ScreenManager19commitScreenChangesENSt6__ndk16vectorIjNS1_9allocatorIjEEEEf	
0x3f1650	.text	_ZNSt6__ndk16vectorIjNS_9allocatorIjEEEC2ERKS3_	
0x3f16d4	.text	_ZN7Walaber13ScreenManager19commitScreenChangesEjfRKNS_12PropertyListE	
0x3f17b0	.text	_ZN7Walaber13ScreenManager19commitScreenChangesENSt6__ndk16vectorIjNS1_9allocatorIjEEEEfRKNS_12PropertyListE	
0x3f189c	.text	_ZN7Walaber13ScreenManager6updateEf	
0x3f1b80	.text	_ZN7Walaber13ScreenManager8_goFlushEv	
0x3f20e8	.text	_ZN7Walaber13ScreenManager7peekTopEv	
0x3f210c	.text	_ZN7Walaber13ScreenManager4drawENS0_8DrawModeE	
0x3f227c	.text	_ZN7Walaber13ScreenManager9touchDownEiNS_7Vector2E	
0x3f23a4	.text	_ZN7Walaber13ScreenManager10touchMovedEiNS_7Vector2ES1_	
0x3f24fc	.text	_ZN7Walaber13ScreenManager20accelerometerChangedEfff	
0x3f2598	.text	_ZN7Walaber13ScreenManager7touchUpEiNS_7Vector2E	
0x3f26c8	.text	_ZN7Walaber13ScreenManager9touchLostEi	
0x3f2778	.text	_ZN7Walaber13ScreenManager15isTransitioningEv	
0x3f2790	.text	_ZN7Walaber13ScreenManager11getScreenAtEi	
0x3f27a4	.text	_ZN7Walaber13ScreenManager17getScreenWithNameEj	
0x3f27f4	.text	_ZN7Walaber13ScreenManager11_pushScreenEPNS_10GameScreenE	
0x3f28a8	.text	_ZN7Walaber13ScreenManager10_popScreenEb	
0x3f2978	.text	_ZN7Walaber13ScreenManager11_swapScreenEPNS_10GameScreenE	
0x3f2a2c	.text	_ZN7Walaber13ScreenManager23recreateGraphicsContextEv	
0x3f2a90	.text	_ZNSt6__ndk16__treeINS_12__value_typeIjN7Walaber9SharedPtrINS2_8CallbackEEEEENS_19__map_value_compareIjS6_NS_4lessIjEELb1EEENS_9allocatorIS6_EEE7destroyEPNS_11__tree_nodeIS6_PvEE	
0x3f2ad8	.text	_ZNSt6__ndk113__vector_baseIN7Walaber13ScreenManager22ScreenOperationDetailsENS_9allocatorIS3_EEED2Ev	
0x3f2b48	.text	_ZNSt6__ndk16__treeINS_12__value_typeIjN7Walaber9SharedPtrINS2_8CallbackEEEEENS_19__map_value_compareIjS6_NS_4lessIjEELb1EEENS_9allocatorIS6_EEE5eraseENS_21__tree_const_iteratorIS6_PNS_11__tree_nodeIS6_PvEElEE	
0x3f2be4	.text	_ZNSt6__ndk16vectorIN7Walaber13ScreenManager22ScreenOperationDetailsENS_9allocatorIS3_EEE21__push_back_slow_pathIRKS3_EEvOT_	__push_back_slow_path<Walaber::ScreenManager::ScreenOperationDetails_const&>
0x3f2d98	.text	_ZNSt6__ndk114__split_bufferIN7Walaber13ScreenManager22ScreenOperationDetailsERNS_9allocatorIS3_EEEC2EmmS6_	
0x3f2e5c	.text	_ZNSt6__ndk16vectorIN7Walaber13ScreenManager22ScreenOperationDetailsENS_9allocatorIS3_EEE26__swap_out_circular_bufferERNS_14__split_bufferIS3_RS5_EE	
0x3f2fa4	.text	_ZNSt6__ndk114__split_bufferIN7Walaber13ScreenManager22ScreenOperationDetailsERNS_9allocatorIS3_EEED2Ev	
0x3f2ff8	.text	_ZNSt6__ndk16vectorIN7Walaber13ScreenManager22ScreenOperationDetailsENS_9allocatorIS3_EEE12__move_rangeEPS3_S7_S7_	
0x3f3168	.text	_ZNSt6__ndk16vectorIN7Walaber13ScreenManager22ScreenOperationDetailsENS_9allocatorIS3_EEE26__swap_out_circular_bufferERNS_14__split_bufferIS3_RS5_EEPS3_	
0x3f3390	.text	_ZNSt6__ndk114__split_bufferIN7Walaber13ScreenManager22ScreenOperationDetailsERNS_9allocatorIS3_EEE18__construct_at_endINS_13move_iteratorIPS3_EEEENS_9enable_ifIXsr21__is_forward_iteratorIT_EE5valueEvE4typeESD_SD_	__construct_at_end<std::__ndk1::move_iterator<Walaber::ScreenManager::ScreenOperationDetails*>>
0x3f34a4	.text	_ZNSt6__ndk16vectorIjNS_9allocatorIjEEE21__push_back_slow_pathIRKjEEvOT_	
0x3f35c8	.text	_ZNSt6__ndk114__split_bufferIjRNS_9allocatorIjEEEC2EmmS3_	
0x3f3678	.text	_ZNSt6__ndk16vectorIjNS_9allocatorIjEEE11__vallocateEm	
0x3f36bc	.text	_ZNSt6__ndk16vectorIPN7Walaber10TransitionENS_9allocatorIS3_EEE21__push_back_slow_pathIRKS3_EEvOT_	__push_back_slow_path<Walaber::Transition*const&>
0x3f37e4	.text	_ZNSt6__ndk114__split_bufferIPN7Walaber10TransitionERNS_9allocatorIS3_EEEC2EmmS6_	
0x3f3894	.text	_ZNSt6__ndk16vectorIPN7Walaber10GameScreenENS_9allocatorIS3_EEE21__push_back_slow_pathIRKS3_EEvOT_	
0x3f39bc	.text	_ZNSt6__ndk114__split_bufferIPN7Walaber10GameScreenERNS_9allocatorIS3_EEEC2EmmS6_	
0x3f3a6c	.text	_ZNSt6__ndk16vectorIN7Walaber13ScreenManager22ScreenOperationDetailsENS_9allocatorIS3_EEE6assignIPS3_EENS_9enable_ifIXaasr21__is_forward_iteratorIT_EE5valuesr16is_constructibleIS3_NS_15iterator_traitsISA_E9referenceEEE5valueEvE4typeESA_SA_	assign<Walaber::ScreenManager::ScreenOperationDetails*>
0x3f3c0c	.text	_ZNSt6__ndk16vectorIN7Walaber13ScreenManager22ScreenOperationDetailsENS_9allocatorIS3_EEE18__construct_at_endIPS3_EENS_9enable_ifIXsr21__is_forward_iteratorIT_EE5valueEvE4typeESA_SA_m	__construct_at_end<Walaber::ScreenManager::ScreenOperationDetails*>
0x3f3d20	.text	_ZNSt6__ndk16vectorIN7Walaber13ScreenManager22ScreenOperationDetailsENS_9allocatorIS3_EEE13__vdeallocateEv	
0x3f3d8c	.text	_ZNSt6__ndk16vectorIN7Walaber13ScreenManager22ScreenOperationDetailsENS_9allocatorIS3_EEE11__vallocateEm	
0x3f3ddc	.text	_ZN7Walaber16TransitionLoader25transitionFromNameDefaultEPv	
0x3f3ebc	.text	_ZNSt6__ndk16vectorIN7Walaber9SharedPtrINS1_8CallbackEEENS_9allocatorIS4_EEEC2EmRKS4_	
0x3f3f50	.text	_ZN7Walaber16TransitionLoader16createTransitionEj	
0x3f3fe4	.text	_ZNSt6__ndk16vectorIN7Walaber9SharedPtrINS1_8CallbackEEENS_9allocatorIS4_EEE11__vallocateEm	
0x3f4028	.text	_ZNSt6__ndk113__vector_baseIN7Walaber9SharedPtrINS1_8CallbackEEENS_9allocatorIS4_EEED2Ev	
0x3f4094	.text	_ZN7Walaber10TransitionC2Ev	
0x3f40f8	.text	_ZN7Walaber10TransitionD1Ev	
0x3f4138	.text	_ZN7Walaber10Transition5setupEf	
0x3f413c	.text	_ZN7Walaber10Transition5setupEfRKNS_12PropertyListE	
0x3f450c	.text	_ZN7Walaber10Transition6updateEf	
0x3f4514	.text	_ZN7Walaber10Transition4drawEv	
0x3f4518	.text	_ZN7Walaber10Transition9_drawFontEv	
0x3f45cc	.text	_ZN7Walaber16Transition_BlockC2Ev	
0x3f460c	.text	_ZN7Walaber16Transition_BlockD1Ev	
0x3f4648	.text	_ZN7Walaber16Transition_Block5setupEf	
0x3f4700	.text	_ZN7Walaber16Transition_Block5setupEfRKNS_12PropertyListE	
0x3f48a4	.text	_ZN7Walaber16Transition_Block6updateEf	
0x3f4aac	.text	_ZN7Walaber16Transition_Block4drawEv	
0x3f4c2c	.text	_ZN7Walaber15Transition_FadeC1Ev	
0x3f4c7c	.text	_ZN7Walaber15Transition_FadeD1Ev	
0x3f4c80	.text	_ZN7Walaber15Transition_Fade5setupEf	
0x3f4cdc	.text	_ZN7Walaber15Transition_Fade5setupEfRKNS_12PropertyListE	
0x3f4da8	.text	_ZN7Walaber15Transition_Fade6updateEf	
0x3f511c	.text	_ZN7Walaber15Transition_Fade4drawEv	
0x3f51c4	.text	_ZN7Walaber15Transition_IrisC1Ev	
0x3f5294	.text	_ZN7Walaber15Transition_IrisD1Ev	
0x3f52d8	.text	_ZN7Walaber15Transition_Iris5setupEf	
0x3f52f0	.text	_ZN7Walaber15Transition_Iris17_initBladeAnchorsEv	
0x3f5458	.text	_ZN7Walaber15Transition_Iris5setupEfRKNS_12PropertyListE	
0x3f564c	.text	_ZN7Walaber15Transition_Iris6updateEf	
0x3f58e4	.text	_ZN7Walaber15Transition_Iris4drawEv	
0x3f5b48	.text	_ZNSt6__ndk16vectorIN7Walaber15Transition_Iris9BladeInfoENS_9allocatorIS3_EEE21__push_back_slow_pathIRKS3_EEvOT_	__push_back_slow_path<Walaber::Transition_Iris::BladeInfo_const&>
0x3f5cc0	.text	_ZNSt6__ndk114__split_bufferIN7Walaber15Transition_Iris9BladeInfoERNS_9allocatorIS3_EEEC2EmmS6_	
0x3f5d84	.text	_ZNSt6__ndk16vectorIN7Walaber15Transition_Iris9BladeInfoENS_9allocatorIS3_EEE26__swap_out_circular_bufferERNS_14__split_bufferIS3_RS5_EE	
0x3f5df0	.text	_ZN7Walaber16Transition_SlideC1Ev	
0x3f5e7c	.text	_ZN7Walaber16Transition_Slide25_setupRenderTextureBufferEv	
0x3f606c	.text	_ZN7Walaber16Transition_SlideD2Ev	
0x3f60d8	.text	_ZN7Walaber16Transition_Slide5setupEf	
0x3f6124	.text	_ZN7Walaber16Transition_Slide8_goIntroEv	
0x3f61f4	.text	_ZN7Walaber16Transition_Slide5setupEfRKNS_12PropertyListE	
0x3f6470	.text	_ZN7Walaber16Transition_Slide6updateEf	
0x3f6690	.text	_ZN7Walaber16Transition_Slide8_goOutroEv	
0x3f6760	.text	_ZN7Walaber16Transition_Slide4drawEv	
0x3f6948	.text	_ZN7Walaber16Transition_Slide26_renderGameScreenToTextureEv	
0x3f69e4	.text	_ZN7Walaber23Transition_Widget_SlideC2Ev	
0x3f6a44	.text	_ZN7Walaber23Transition_Widget_SlideD1Ev	
0x3f6a80	.text	_ZN7Walaber23Transition_Widget_Slide5setupEf	
0x3f6ae0	.text	_ZN7Walaber23Transition_Widget_Slide5setupEfRKNS_12PropertyListE	
0x3f6d04	.text	_ZN7Walaber23Transition_Widget_Slide25_populateWidgetManagerMapEv	
0x3f6ee0	.text	_ZN7Walaber23Transition_Widget_Slide6updateEf	
0x3f73c0	.text	_ZN7Walaber23Transition_Widget_Slide18_findWidgetsInAABBEv	
0x3f74d0	.text	_ZN7Walaber23Transition_Widget_Slide21_updateWidgetManagersEf	
0x3f7694	.text	_ZN7Walaber23Transition_Widget_Slide21_offsetWidgetManagersERKNS_7Vector2E	
0x3f7734	.text	_ZN7Walaber23Transition_Widget_Slide24_setPositionsByDirectionENS_4AABBE	
0x3f7874	.text	_ZN7Walaber23Transition_Widget_Slide4drawEv	
0x3f7904	.text	_ZNSt6__ndk16__treeINS_12__value_typeIPN7Walaber6WidgetEfEENS_19__map_value_compareIS4_S5_NS_4lessIS4_EELb1EEENS_9allocatorIS5_EEE7destroyEPNS_11__tree_nodeIS5_PvEE	
0x3f7944	.text	_ZNSt6__ndk16__treeINS_12__value_typeIPN7Walaber6WidgetEfEENS_19__map_value_compareIS4_S5_NS_4lessIS4_EELb1EEENS_9allocatorIS5_EEE25__emplace_unique_key_argsIS4_JRKNS_21piecewise_construct_tENS_5tupleIJRKS4_EEENSH_IJEEEEEENS_4pairINS_15__tree_iteratorIS5_PNS_11__tree_nodeIS5_PvEElEEbEERKT_DpOT0_	__emplace_unique_key_args<Walaber::Widget*,std::__ndk1::piecewise_construct_t_const&,std::__ndk1::tuple<Walaber::Widget*const&>,std::__ndk1::tuple<>>
0x3f7a18	.text	_ZNSt6__ndk16__treeINS_12__value_typeIPN7Walaber6WidgetEfEENS_19__map_value_compareIS4_S5_NS_4lessIS4_EELb1EEENS_9allocatorIS5_EEE16__insert_node_atEPNS_15__tree_end_nodeIPNS_16__tree_node_baseIPvEEEERSH_SH_	
0x3f7a6c	.text	_ZN7Walaber15Transition_WipeC1Ev	
0x3f7ab0	.text	_ZN7Walaber15Transition_WipeD2Ev	
0x3f7ab4	.text	_ZN7Walaber15Transition_Wipe5setupEf	
0x3f7b2c	.text	_ZN7Walaber15Transition_Wipe5setupEfRKNS_12PropertyListE	
0x3f7f54	.text	_ZN7Walaber15Transition_Wipe6updateEf	
0x3f8068	.text	_ZN7Walaber15Transition_Wipe4drawEv	
0x3f8100	.text	_ZN7Walaber12StringHelper5splitERKNSt6__ndk112basic_stringIcNS1_11char_traitsIcEENS1_9allocatorIcEEEEcRNS1_6vectorIS7_NS5_IS7_EEEE	
0x3f8368	.text	_ZNSt6__ndk17getlineIcNS_11char_traitsIcEENS_9allocatorIcEEEERNS_13basic_istreamIT_T0_EES9_RNS_12basic_stringIS6_S7_T1_EES6_	
0x3f84e8	.text	_ZNSt6__ndk118basic_stringstreamIcNS_11char_traitsIcEENS_9allocatorIcEEED1Ev	
0x3f855c	.text	_ZN7Walaber12StringHelper5splitERKNSt6__ndk112basic_stringIcNS1_11char_traitsIcEENS1_9allocatorIcEEEEc	
0x3f85d8	.text	_ZN7Walaber12StringHelper15cleanLineEndingERKNSt6__ndk112basic_stringIcNS1_11char_traitsIcEENS1_9allocatorIcEEEE	
0x3f8698	.text	_ZN7Walaber12StringHelper12getExtensionERKNSt6__ndk112basic_stringIcNS1_11char_traitsIcEENS1_9allocatorIcEEEE	
0x3f86ec	.text	_ZN7Walaber12StringHelper15removeExtensionERKNSt6__ndk112basic_stringIcNS1_11char_traitsIcEENS1_9allocatorIcEEEE	
0x3f8740	.text	_ZN7Walaber12StringHelper15changeExtensionERKNSt6__ndk112basic_stringIcNS1_11char_traitsIcEENS1_9allocatorIcEEEES9_	
0x3f87fc	.text	_ZN7Walaber12StringHelper14stringContainsERKNSt6__ndk112basic_stringIcNS1_11char_traitsIcEENS1_9allocatorIcEEEES9_	
0x3f88d4	.text	_ZN7Walaber12StringHelper7getPathERKNSt6__ndk112basic_stringIcNS1_11char_traitsIcEENS1_9allocatorIcEEEE	
0x3f8934	.text	_ZN7Walaber12StringHelper10removePathERKNSt6__ndk112basic_stringIcNS1_11char_traitsIcEENS1_9allocatorIcEEEE	
0x3f898c	.text	_ZN7Walaber12StringHelper23removeLastPathComponentERKNSt6__ndk112basic_stringIcNS1_11char_traitsIcEENS1_9allocatorIcEEEE	
0x3f8a8c	.text	_ZN7Walaber12StringHelper10appendPathERKNSt6__ndk112basic_stringIcNS1_11char_traitsIcEENS1_9allocatorIcEEEES9_	
0x3f8c90	.text	_ZN7Walaber12StringHelper7toLowerERKNSt6__ndk112basic_stringIcNS1_11char_traitsIcEENS1_9allocatorIcEEEE	
0x3f8d88	.text	_ZN7Walaber12StringHelper12formatStringERKNSt6__ndk112basic_stringIcNS1_11char_traitsIcEENS1_9allocatorIcEEEERKNS_12PropertyListE	
0x3f90d4	.text	_ZThn16_NSt6__ndk118basic_stringstreamIcNS_11char_traitsIcEENS_9allocatorIcEEED1Ev	
0x3f914c	.text	_ZTv0_n24_NSt6__ndk118basic_stringstreamIcNS_11char_traitsIcEENS_9allocatorIcEEED1Ev	
0x3f91cc	.text	_ZNSt6__ndk118basic_stringstreamIcNS_11char_traitsIcEENS_9allocatorIcEEED0Ev	
0x3f9248	.text	_ZThn16_NSt6__ndk118basic_stringstreamIcNS_11char_traitsIcEENS_9allocatorIcEEED0Ev	
0x3f92c8	.text	_ZTv0_n24_NSt6__ndk118basic_stringstreamIcNS_11char_traitsIcEENS_9allocatorIcEEED0Ev	
0x3f9350	.text	_ZNSt6__ndk115basic_stringbufIcNS_11char_traitsIcEENS_9allocatorIcEEED2Ev	
0x3f93a0	.text	_ZNSt6__ndk115basic_stringbufIcNS_11char_traitsIcEENS_9allocatorIcEEED0Ev	
0x3f93f8	.text	_ZNSt6__ndk115basic_stringbufIcNS_11char_traitsIcEENS_9allocatorIcEEE7seekoffExNS_8ios_base7seekdirEj	
0x3f9500	.text	_ZNSt6__ndk115basic_stringbufIcNS_11char_traitsIcEENS_9allocatorIcEEE9underflowEv	
0x3f9550	.text	_ZNSt6__ndk115basic_stringbufIcNS_11char_traitsIcEENS_9allocatorIcEEE9pbackfailEi	
0x3f95c0	.text	_ZNSt6__ndk115basic_stringbufIcNS_11char_traitsIcEENS_9allocatorIcEEE8overflowEi	
0x3f9764	.text	_ZNSt6__ndk112basic_stringIcNS_11char_traitsIcEENS_9allocatorIcEEE9push_backEc	
0x3f9804	.text	_ZNSt6__ndk112basic_stringIcNS_11char_traitsIcEENS_9allocatorIcEEE9__grow_byEmmmmmm	
0x3f991c	.text	_ZNSt6__ndk112basic_stringIcNS_11char_traitsIcEENS_9allocatorIcEEE6resizeEmc	
0x3f9978	.text	_ZNSt6__ndk112basic_stringIcNS_11char_traitsIcEENS_9allocatorIcEEE6appendEmc	
0x3f9a44	.text	_ZNSt6__ndk115basic_stringbufIcNS_11char_traitsIcEENS_9allocatorIcEEE3strERKNS_12basic_stringIcS2_S4_EE	
0x3f9b78	.text	_ZNSt6__ndk13mapIN7Walaber8LanguageENS0_INS_12basic_stringIcNS_11char_traitsIcEENS_9allocatorIcEEEES8_NS_4lessIS8_EENS6_INS_4pairIKS8_S8_EEEEEENS9_IS2_EENS6_INSB_IKS2_SF_EEEEED2Ev	
0x3f9b80	.text	_ZNSt6__ndk13mapIN7Walaber8LanguageENS0_INS_12basic_stringIcNS_11char_traitsIcEENS_9allocatorIcEEEENS1_11TextManager12SubtitleInfoENS_4lessIS8_EENS6_INS_4pairIKS8_SA_EEEEEENSB_IS2_EENS6_INSD_IKS2_SH_EEEEED2Ev	
0x3f9ba0	.text	_ZN7Walaber11TextManager8clearAllEv	
0x3f9bdc	.text	_ZN7Walaber11TextManager9getStringENSt6__ndk112basic_stringIcNS1_11char_traitsIcEENS1_9allocatorIcEEEENS_8LanguageE	
0x3f9d4c	.text	_ZN7Walaber11TextManager9getStringENSt6__ndk112basic_stringIcNS1_11char_traitsIcEENS1_9allocatorIcEEEE	
0x3f9de0	.text	_ZN7Walaber11TextManager12stringExistsENSt6__ndk112basic_stringIcNS1_11char_traitsIcEENS1_9allocatorIcEEEENS_8LanguageE	
0x3f9e7c	.text	_ZN7Walaber11TextManager12stringExistsENSt6__ndk112basic_stringIcNS1_11char_traitsIcEENS1_9allocatorIcEEEE	
0x3f9f10	.text	_ZN7Walaber11TextManager11getSubtitleENSt6__ndk112basic_stringIcNS1_11char_traitsIcEENS1_9allocatorIcEEEENS_8LanguageE	
0x3fa118	.text	_ZN7Walaber11TextManager11getSubtitleENSt6__ndk112basic_stringIcNS1_11char_traitsIcEENS1_9allocatorIcEEEE	
0x3fa1ac	.text	_ZN7Walaber11TextManager14subtitleExistsENSt6__ndk112basic_stringIcNS1_11char_traitsIcEENS1_9allocatorIcEEEENS_8LanguageE	
0x3fa248	.text	_ZN7Walaber11TextManager14subtitleExistsENSt6__ndk112basic_stringIcNS1_11char_traitsIcEENS1_9allocatorIcEEEE	
0x3fa2dc	.text	_ZN7Walaber11TextManager17loadScriptFromTSVENSt6__ndk112basic_stringIcNS1_11char_traitsIcEENS1_9allocatorIcEEEERNS1_6vectorINS_8LanguageENS5_IS9_EEEE	
0x3fa3fc	.text	_ZN7Walaber11TextManager16loadedScriptFileEPv	
0x3fad04	.text	_ZN7Walaber11TextManager16stringToLanguageENSt6__ndk112basic_stringIcNS1_11char_traitsIcEENS1_9allocatorIcEEEERNS_8LanguageE	
0x3fb57c	.text	_ZN7Walaber11TextManager16languageToStringENS_8LanguageE	
0x3fb7a0	.text	_ZN7Walaber11TextManager16containsLanguageERKNSt6__ndk16vectorINS_8LanguageENS1_9allocatorIS3_EEEERKS3_	
0x3fb7e8	.text	_ZN7Walaber11TextManager20loadSubtitlesFromTSVENSt6__ndk112basic_stringIcNS1_11char_traitsIcEENS1_9allocatorIcEEEERNS1_6vectorINS_8LanguageENS5_IS9_EEEE	
0x3fb908	.text	_ZN7Walaber11TextManager18loadedSubtitleFileEPv	
0x3fc2c0	.text	_ZN7Walaber11TextManager21CountryInfoToLanguageENSt6__ndk112basic_stringIcNS1_11char_traitsIcEENS1_9allocatorIcEEEE	
0x3fc928	.text	_ZN7Walaber11TextManager28getISOCodeForCurrentLanguageEv	
0x3fc938	.text	_ZN7Walaber11TextManager21getISOCodeForLanguageENS_8LanguageE	
0x3fcb5c	.text	_ZN7Walaber11TextManager43getISOLanguageCountryCodeForCurrentLanguageEv	
0x3fcb6c	.text	_ZN7Walaber11TextManager36getISOLanguageCountryCodeForLanguageENS_8LanguageE	
0x3fcd90	.text	_ZN7Walaber11TextManager39getPrivacyCountryCodeForCurrentLanguageEv	
0x3fcfbc	.text	_ZN7Walaber11TextManager21getAvailableLanguagesERNSt6__ndk16vectorINS_8LanguageENS1_9allocatorIS3_EEEE	
0x3fd078	.text	_ZN7Walaber11TextManager30getAvailableLanguagesAsStringsENSt6__ndk16vectorINS1_12basic_stringIcNS1_11char_traitsIcEENS1_9allocatorIcEEEENS6_IS8_EEEE	
0x3fd1ac	.text	_ZN7Walaber11TextManager14getLanguageMapENS_8LanguageE	
0x3fd268	.text	_ZN7Walaber11TextManager14getSubtitleMapENS_8LanguageE	
0x3fd324	.text	_ZNSt6__ndk16__treeINS_12__value_typeIN7Walaber8LanguageENS_3mapINS_12basic_stringIcNS_11char_traitsIcEENS_9allocatorIcEEEENS2_11TextManager12SubtitleInfoENS_4lessISA_EENS8_INS_4pairIKSA_SC_EEEEEEEENS_19__map_value_compareIS3_SK_NSD_IS3_EELb1EEENS8_ISK_EEE7destroyEPNS_11__tree_nodeISK_PvEE	
0x3fd370	.text	_ZNSt6__ndk16__treeINS_12__value_typeINS_12basic_stringIcNS_11char_traitsIcEENS_9allocatorIcEEEEN7Walaber11TextManager12SubtitleInfoEEENS_19__map_value_compareIS7_SB_NS_4lessIS7_EELb1EEENS5_ISB_EEE7destroyEPNS_11__tree_nodeISB_PvEE	
0x3fd3e0	.text	_ZNSt6__ndk16__treeINS_12__value_typeIiN7Walaber8LanguageEEENS_19__map_value_compareIiS4_NS_4lessIiEELb1EEENS_9allocatorIS4_EEE7destroyEPNS_11__tree_nodeIS4_PvEE	
0x3fd420	.text	_ZNKSt6__ndk16__treeINS_12__value_typeINS_12basic_stringIcNS_11char_traitsIcEENS_9allocatorIcEEEES7_EENS_19__map_value_compareIS7_S8_NS_4lessIS7_EELb1EEENS5_IS8_EEE4findIS7_EENS_21__tree_const_iteratorIS8_PNS_11__tree_nodeIS8_PvEElEERKT_	find<std::__ndk1::basic_string<char,std::__ndk1::char_traits<char>,std::__ndk1::allocator<char>>>
0x3fd4d8	.text	_ZNKSt6__ndk16__treeINS_12__value_typeINS_12basic_stringIcNS_11char_traitsIcEENS_9allocatorIcEEEES7_EENS_19__map_value_compareIS7_S8_NS_4lessIS7_EELb1EEENS5_IS8_EEE13__lower_boundIS7_EENS_21__tree_const_iteratorIS8_PNS_11__tree_nodeIS8_PvEElEERKT_SK_PNS_15__tree_end_nodeIPNS_16__tree_node_baseISI_EEEE	__lower_bound<std::__ndk1::basic_string<char,std::__ndk1::char_traits<char>,std::__ndk1::allocator<char>>>
0x3fd588	.text	_ZNKSt6__ndk16__treeINS_12__value_typeINS_12basic_stringIcNS_11char_traitsIcEENS_9allocatorIcEEEEN7Walaber11TextManager12SubtitleInfoEEENS_19__map_value_compareIS7_SB_NS_4lessIS7_EELb1EEENS5_ISB_EEE4findIS7_EENS_21__tree_const_iteratorISB_PNS_11__tree_nodeISB_PvEElEERKT_	find<std::__ndk1::basic_string<char,std::__ndk1::char_traits<char>,std::__ndk1::allocator<char>>>
0x3fd640	.text	_ZNKSt6__ndk16__treeINS_12__value_typeINS_12basic_stringIcNS_11char_traitsIcEENS_9allocatorIcEEEEN7Walaber11TextManager12SubtitleInfoEEENS_19__map_value_compareIS7_SB_NS_4lessIS7_EELb1EEENS5_ISB_EEE13__lower_boundIS7_EENS_21__tree_const_iteratorISB_PNS_11__tree_nodeISB_PvEElEERKT_SN_PNS_15__tree_end_nodeIPNS_16__tree_node_baseISL_EEEE	__lower_bound<std::__ndk1::basic_string<char,std::__ndk1::char_traits<char>,std::__ndk1::allocator<char>>>
0x3fd6f0	.text	_ZNSt6__ndk16vectorIN7Walaber8LanguageENS_9allocatorIS2_EEE6assignIPS2_EENS_9enable_ifIXaasr21__is_forward_iteratorIT_EE5valuesr16is_constructibleIS2_NS_15iterator_traitsIS9_E9referenceEEE5valueEvE4typeES9_S9_	assign<Walaber::Language*>
0x3fd830	.text	_ZNSt6__ndk16vectorIN7Walaber8LanguageENS_9allocatorIS2_EEE11__vallocateEm	
0x3fd874	.text	_ZNSt6__ndk16__treeINS_12__value_typeIiN7Walaber8LanguageEEENS_19__map_value_compareIiS4_NS_4lessIiEELb1EEENS_9allocatorIS4_EEE25__emplace_unique_key_argsIiJRKNS_21piecewise_construct_tENS_5tupleIJRKiEEENSG_IJEEEEEENS_4pairINS_15__tree_iteratorIS4_PNS_11__tree_nodeIS4_PvEElEEbEERKT_DpOT0_	__emplace_unique_key_args<int,std::__ndk1::piecewise_construct_t_const&,std::__ndk1::tuple<int_const&>,std::__ndk1::tuple<>>
0x3fd944	.text	_ZNSt6__ndk16__treeINS_12__value_typeIiN7Walaber8LanguageEEENS_19__map_value_compareIiS4_NS_4lessIiEELb1EEENS_9allocatorIS4_EEE16__insert_node_atEPNS_15__tree_end_nodeIPNS_16__tree_node_baseIPvEEEERSG_SG_	
0x3fd998	.text	_ZNSt6__ndk16__treeINS_12__value_typeIN7Walaber8LanguageENS_3mapINS_12basic_stringIcNS_11char_traitsIcEENS_9allocatorIcEEEESA_NS_4lessISA_EENS8_INS_4pairIKSA_SA_EEEEEEEENS_19__map_value_compareIS3_SI_NSB_IS3_EELb1EEENS8_ISI_EEE25__emplace_unique_key_argsIS3_JRKNS_21piecewise_construct_tENS_5tupleIJRKS3_EEENSS_IJEEEEEENSD_INS_15__tree_iteratorISI_PNS_11__tree_nodeISI_PvEElEEbEERKT_DpOT0_	__emplace_unique_key_args<Walaber::Language,std::__ndk1::piecewise_construct_t_const&,std::__ndk1::tuple<Walaber::Language_const&>,std::__ndk1::tuple<>>
0x3fda78	.text	_ZNSt6__ndk16__treeINS_12__value_typeIN7Walaber8LanguageENS_3mapINS_12basic_stringIcNS_11char_traitsIcEENS_9allocatorIcEEEESA_NS_4lessISA_EENS8_INS_4pairIKSA_SA_EEEEEEEENS_19__map_value_compareIS3_SI_NSB_IS3_EELb1EEENS8_ISI_EEE16__insert_node_atEPNS_15__tree_end_nodeIPNS_16__tree_node_baseIPvEEEERSS_SS_	
0x3fdacc	.text	_ZNSt6__ndk16__treeINS_12__value_typeIN7Walaber8LanguageENS_3mapINS_12basic_stringIcNS_11char_traitsIcEENS_9allocatorIcEEEENS2_11TextManager12SubtitleInfoENS_4lessISA_EENS8_INS_4pairIKSA_SC_EEEEEEEENS_19__map_value_compareIS3_SK_NSD_IS3_EELb1EEENS8_ISK_EEE25__emplace_unique_key_argsIS3_JRKNS_21piecewise_construct_tENS_5tupleIJRKS3_EEENSU_IJEEEEEENSF_INS_15__tree_iteratorISK_PNS_11__tree_nodeISK_PvEElEEbEERKT_DpOT0_	__emplace_unique_key_args<Walaber::Language,std::__ndk1::piecewise_construct_t_const&,std::__ndk1::tuple<Walaber::Language_const&>,std::__ndk1::tuple<>>
0x3fdbac	.text	_ZNSt6__ndk16__treeINS_12__value_typeIN7Walaber8LanguageENS_3mapINS_12basic_stringIcNS_11char_traitsIcEENS_9allocatorIcEEEENS2_11TextManager12SubtitleInfoENS_4lessISA_EENS8_INS_4pairIKSA_SC_EEEEEEEENS_19__map_value_compareIS3_SK_NSD_IS3_EELb1EEENS8_ISK_EEE16__insert_node_atEPNS_15__tree_end_nodeIPNS_16__tree_node_baseIPvEEEERSU_SU_	
0x3fdc00	.text	_ZNSt6__ndk16__treeINS_12__value_typeINS_12basic_stringIcNS_11char_traitsIcEENS_9allocatorIcEEEEN7Walaber11TextManager12SubtitleInfoEEENS_19__map_value_compareIS7_SB_NS_4lessIS7_EELb1EEENS5_ISB_EEE25__emplace_unique_key_argsIS7_JRKNS_21piecewise_construct_tENS_5tupleIJRKS7_EEENSM_IJEEEEEENS_4pairINS_15__tree_iteratorISB_PNS_11__tree_nodeISB_PvEElEEbEERKT_DpOT0_	__emplace_unique_key_args<std::__ndk1::basic_string<char,std::__ndk1::char_traits<char>,std::__ndk1::allocator<char>>,std::__ndk1::piecewise_construct_t_const&,std::__ndk1::tuple<std::__ndk1::basic_string<char,std::__ndk1::char_traits<char>,std::__ndk1::allocator<char>>const&>,std::__ndk1::tuple<>>
0x3fdcb0	.text	_ZNSt6__ndk16__treeINS_12__value_typeINS_12basic_stringIcNS_11char_traitsIcEENS_9allocatorIcEEEEN7Walaber11TextManager12SubtitleInfoEEENS_19__map_value_compareIS7_SB_NS_4lessIS7_EELb1EEENS5_ISB_EEE12__find_equalIS7_EERPNS_16__tree_node_baseIPvEERPNS_15__tree_end_nodeISM_EERKT_	__find_equal<std::__ndk1::basic_string<char,std::__ndk1::char_traits<char>,std::__ndk1::allocator<char>>>
0x3fdddc	.text	_ZNSt6__ndk16__treeINS_12__value_typeINS_12basic_stringIcNS_11char_traitsIcEENS_9allocatorIcEEEEN7Walaber11TextManager12SubtitleInfoEEENS_19__map_value_compareIS7_SB_NS_4lessIS7_EELb1EEENS5_ISB_EEE16__construct_nodeIJRKNS_21piecewise_construct_tENS_5tupleIJRKS7_EEENSM_IJEEEEEENS_10unique_ptrINS_11__tree_nodeISB_PvEENS_22__tree_node_destructorINS5_ISU_EEEEEEDpOT_	__construct_node<std::__ndk1::piecewise_construct_t_const&,std::__ndk1::tuple<std::__ndk1::basic_string<char,std::__ndk1::char_traits<char>,std::__ndk1::allocator<char>>const&>,std::__ndk1::tuple<>>
0x3fde58	.text	_ZNSt6__ndk16__treeINS_12__value_typeINS_12basic_stringIcNS_11char_traitsIcEENS_9allocatorIcEEEEN7Walaber11TextManager12SubtitleInfoEEENS_19__map_value_compareIS7_SB_NS_4lessIS7_EELb1EEENS5_ISB_EEE16__insert_node_atEPNS_15__tree_end_nodeIPNS_16__tree_node_baseIPvEEEERSM_SM_	
0x3fdeac	.text	_ZN7Walaber10UTF8Helper10shiftBytesEjjNS0_9Shift_KeyE	
0x3fded0	.text	_ZN7Walaber10UTF8Helper10_shiftLeftEjj	
0x3fded8	.text	_ZN7Walaber10UTF8Helper11_shiftRightEjj	
0x3fdee0	.text	_ZN7Walaber10UTF8Helper9shiftBitsEjjNS0_9Shift_KeyE	
0x3fdefc	.text	_ZN7Walaber10UTF8Helper19decimalForUTF8BytesEPKhi	
0x3fdf98	.text	_ZN7Walaber10UTF8Helper15getNumCodeBytesEj	
0x3fdfe0	.text	_ZN7Walaber6Logger6printfEPKcNS0_8SeverityES2_z	
0x3fe0a4	.text	_ZN7Walaber12ProfileTimer7reserveEj	
0x3fe0a8	.text	_ZN7Walaber12ProfileTimer12startSectionEj	
0x3fe0ac	.text	_ZN7Walaber12ProfileTimer11stopSectionEj	
0x3fe0b0	.text	_ZN7Walaber12ProfileTimer5resetEv	
0x3fe0b4	.text	_ZN7Walaber12ProfileTimer8printLogEv	
0x3fe0b8	.text	_ZN7Walaber8PropertyC1Ev	
0x3fe0c8	.text	_ZN7Walaber8PropertyC1ERKNSt6__ndk112basic_stringIcNS1_11char_traitsIcEENS1_9allocatorIcEEEE	
0x3fe118	.text	_ZN7Walaber8Property8setValueERKNSt6__ndk112basic_stringIcNS1_11char_traitsIcEENS1_9allocatorIcEEEE	
0x3fe120	.text	_ZN7Walaber8PropertyC1Ei	
0x3fe168	.text	_ZN7Walaber8Property8setValueEi	
0x3fe394	.text	_ZN7Walaber8PropertyC2Ef	
0x3fe3dc	.text	_ZN7Walaber8Property8setValueEf	
0x3fe610	.text	_ZN7Walaber8PropertyC1ERKNS_7Vector2E	
0x3fe658	.text	_ZN7Walaber8Property8setValueERKNS_7Vector2E	
0x3fe89c	.text	_ZN7Walaber8PropertyC1ERKNS_4RectE	
0x3fe8e4	.text	_ZN7Walaber8Property8setValueERKNS_4RectE	
0x3feb58	.text	_ZN7Walaber8PropertyC2ERKNS_5ColorE	
0x3feba0	.text	_ZN7Walaber8Property8setValueERKNS_5ColorE	
0x3fee14	.text	_ZN7Walaber8PropertyC1ERKNS_4AABBE	
0x3fee5c	.text	_ZN7Walaber8Property8setValueERKNS_4AABBE	
0x3ff0d0	.text	_ZN7Walaber8PropertyD1Ev	
0x3ff0e4	.text	_ZNSt6__ndk113basic_ostreamIcNS_11char_traitsIcEEElsEi	
0x3ff2d0	.text	_ZNSt6__ndk113basic_ostreamIcNS_11char_traitsIcEEElsEf	
0x3ff49c	.text	_ZNK7Walaber8Property8asStringEv	
0x3ff4a8	.text	_ZNK7Walaber8Property5asIntEv	
0x3ff52c	.text	_ZNK7Walaber8Property7asFloatEv	
0x3ff5b4	.text	_ZNK7Walaber8Property9asVector2Ev	
0x3ff604	.text	_ZNK7Walaber8Property6asRectEv	
0x3ff668	.text	_ZNK7Walaber8Property7asColorEv	
0x3ff764	.text	_ZNK7Walaber8Property6asAABBEv	
0x3ff7e8	.text	_ZNKSt6__ndk115basic_stringbufIcNS_11char_traitsIcEENS_9allocatorIcEEE3strEv	
0x3ff92c	.text	_ZNSt6__ndk124__put_character_sequenceIcNS_11char_traitsIcEEEERNS_13basic_ostreamIT_T0_EES7_PKS4_m	
0x3ffc84	.text	_ZN7Walaber12PropertyListC2Ev	
0x3ffc98	.text	_ZN7Walaber12PropertyListD1Ev	
0x3ffca0	.text	_ZN7Walaber12PropertyListaSERKS0_	
0x3ffcd8	.text	_ZNK7Walaber12PropertyList9keyExistsERKNSt6__ndk112basic_stringIcNS1_11char_traitsIcEENS1_9allocatorIcEEEE	
0x3ffd04	.text	_ZN7Walaber12PropertyList14setValueForKeyERKNSt6__ndk112basic_stringIcNS1_11char_traitsIcEENS1_9allocatorIcEEEERKNS_8PropertyE	
0x3ffd74	.text	_ZNK7Walaber12PropertyList14getValueForKeyERKNSt6__ndk112basic_stringIcNS1_11char_traitsIcEENS1_9allocatorIcEEEE	
0x3ffda4	.text	_ZN7Walaber12PropertyList14getValueForKeyERKNSt6__ndk112basic_stringIcNS1_11char_traitsIcEENS1_9allocatorIcEEEE	
0x3ffdd4	.text	_ZN7Walaber12PropertyList17removeValueForKeyERKNSt6__ndk112basic_stringIcNS1_11char_traitsIcEENS1_9allocatorIcEEEE	
0x3ffe14	.text	_ZN7Walaber12PropertyListixERNSt6__ndk112basic_stringIcNS1_11char_traitsIcEENS1_9allocatorIcEEEE	
0x3ffe70	.text	_ZNK7Walaber12PropertyListixERKNSt6__ndk112basic_stringIcNS1_11char_traitsIcEENS1_9allocatorIcEEEE	
0x3ffe88	.text	_ZNSt6__ndk16__treeINS_12__value_typeINS_12basic_stringIcNS_11char_traitsIcEENS_9allocatorIcEEEEN7Walaber8PropertyEEENS_19__map_value_compareIS7_SA_NS_4lessIS7_EELb1EEENS5_ISA_EEE14__assign_multiINS_21__tree_const_iteratorISA_PNS_11__tree_nodeISA_PvEElEEEEvT_SO_	__assign_multi<std::__ndk1::__tree_const_iterator<std::__ndk1::__value_type<std::__ndk1::basic_string<char,std::__ndk1::char_traits<char>,std::__ndk1::allocator<char>>,Walaber::Property>,std::__ndk1::__tree_node<std::__ndk1::__value_type<std::__ndk1::basic_string<char,std::__ndk1::char_traits<char>,std::__ndk1::allocator<char>>,Walaber::Property>,void*>*,long>>
0x40009c	.text	_ZNSt6__ndk16__treeINS_12__value_typeINS_12basic_stringIcNS_11char_traitsIcEENS_9allocatorIcEEEEN7Walaber8PropertyEEENS_19__map_value_compareIS7_SA_NS_4lessIS7_EELb1EEENS5_ISA_EEE8__detachEPNS_11__tree_nodeISA_PvEE	
0x4000f8	.text	_ZNSt6__ndk16__treeINS_12__value_typeINS_12basic_stringIcNS_11char_traitsIcEENS_9allocatorIcEEEEN7Walaber8PropertyEEENS_19__map_value_compareIS7_SA_NS_4lessIS7_EELb1EEENS5_ISA_EEE16__find_leaf_highERPNS_15__tree_end_nodeIPNS_16__tree_node_baseIPvEEEERKS7_	
0x4001cc	.text	_ZNSt6__ndk16__treeINS_12__value_typeINS_12basic_stringIcNS_11char_traitsIcEENS_9allocatorIcEEEEN7Walaber8PropertyEEENS_19__map_value_compareIS7_SA_NS_4lessIS7_EELb1EEENS5_ISA_EEE15__emplace_multiIJRKNS_4pairIKS7_S9_EEEEENS_15__tree_iteratorISA_PNS_11__tree_nodeISA_PvEElEEDpOT_	__emplace_multi<std::__ndk1::pair<std::__ndk1::basic_string<char,std::__ndk1::char_traits<char>,std::__ndk1::allocator<char>>const,Walaber::Property>const&>
0x400280	.text	_ZNKSt6__ndk16__treeINS_12__value_typeINS_12basic_stringIcNS_11char_traitsIcEENS_9allocatorIcEEEEN7Walaber8PropertyEEENS_19__map_value_compareIS7_SA_NS_4lessIS7_EELb1EEENS5_ISA_EEE4findIS7_EENS_21__tree_const_iteratorISA_PNS_11__tree_nodeISA_PvEElEERKT_	find<std::__ndk1::basic_string<char,std::__ndk1::char_traits<char>,std::__ndk1::allocator<char>>>
0x400338	.text	_ZNKSt6__ndk16__treeINS_12__value_typeINS_12basic_stringIcNS_11char_traitsIcEENS_9allocatorIcEEEEN7Walaber8PropertyEEENS_19__map_value_compareIS7_SA_NS_4lessIS7_EELb1EEENS5_ISA_EEE13__lower_boundIS7_EENS_21__tree_const_iteratorISA_PNS_11__tree_nodeISA_PvEElEERKT_SM_PNS_15__tree_end_nodeIPNS_16__tree_node_baseISK_EEEE	__lower_bound<std::__ndk1::basic_string<char,std::__ndk1::char_traits<char>,std::__ndk1::allocator<char>>>
0x4003e8	.text	_ZNSt6__ndk16__treeINS_12__value_typeINS_12basic_stringIcNS_11char_traitsIcEENS_9allocatorIcEEEEN7Walaber8PropertyEEENS_19__map_value_compareIS7_SA_NS_4lessIS7_EELb1EEENS5_ISA_EEE25__emplace_unique_key_argsIS7_JRKNS_21piecewise_construct_tENS_5tupleIJRKS7_EEENSL_IJEEEEEENS_4pairINS_15__tree_iteratorISA_PNS_11__tree_nodeISA_PvEElEEbEERKT_DpOT0_	__emplace_unique_key_args<std::__ndk1::basic_string<char,std::__ndk1::char_traits<char>,std::__ndk1::allocator<char>>,std::__ndk1::piecewise_construct_t_const&,std::__ndk1::tuple<std::__ndk1::basic_string<char,std::__ndk1::char_traits<char>,std::__ndk1::allocator<char>>const&>,std::__ndk1::tuple<>>
0x400498	.text	_ZNSt6__ndk16__treeINS_12__value_typeINS_12basic_stringIcNS_11char_traitsIcEENS_9allocatorIcEEEEN7Walaber8PropertyEEENS_19__map_value_compareIS7_SA_NS_4lessIS7_EELb1EEENS5_ISA_EEE16__construct_nodeIJRKNS_21piecewise_construct_tENS_5tupleIJRKS7_EEENSL_IJEEEEEENS_10unique_ptrINS_11__tree_nodeISA_PvEENS_22__tree_node_destructorINS5_IST_EEEEEEDpOT_	__construct_node<std::__ndk1::piecewise_construct_t_const&,std::__ndk1::tuple<std::__ndk1::basic_string<char,std::__ndk1::char_traits<char>,std::__ndk1::allocator<char>>const&>,std::__ndk1::tuple<>>
0x400528	.text	_ZNSt6__ndk16__treeINS_12__value_typeINS_12basic_stringIcNS_11char_traitsIcEENS_9allocatorIcEEEEN7Walaber8PropertyEEENS_19__map_value_compareIS7_SA_NS_4lessIS7_EELb1EEENS5_ISA_EEE4findIS7_EENS_15__tree_iteratorISA_PNS_11__tree_nodeISA_PvEElEERKT_	find<std::__ndk1::basic_string<char,std::__ndk1::char_traits<char>,std::__ndk1::allocator<char>>>
0x4005e0	.text	_ZNSt6__ndk16__treeINS_12__value_typeINS_12basic_stringIcNS_11char_traitsIcEENS_9allocatorIcEEEEN7Walaber8PropertyEEENS_19__map_value_compareIS7_SA_NS_4lessIS7_EELb1EEENS5_ISA_EEE13__lower_boundIS7_EENS_15__tree_iteratorISA_PNS_11__tree_nodeISA_PvEElEERKT_SM_PNS_15__tree_end_nodeIPNS_16__tree_node_baseISK_EEEE	
0x400690	.text	_ZNSt6__ndk16__treeINS_12__value_typeINS_12basic_stringIcNS_11char_traitsIcEENS_9allocatorIcEEEEN7Walaber8PropertyEEENS_19__map_value_compareIS7_SA_NS_4lessIS7_EELb1EEENS5_ISA_EEE5eraseENS_21__tree_const_iteratorISA_PNS_11__tree_nodeISA_PvEElEE	
0x40073c	.text	_ZN7Walaber9Utilities12generateGUIDEv	
0x4008e4	.text	_ZNSt6__ndk13mapINS_12basic_stringIcNS_11char_traitsIcEENS_9allocatorIcEEEEN7Walaber12ValueTweaker14TweakableValueENS_4lessIS6_EENS4_INS_4pairIKS6_S9_EEEEED2Ev	
0x4008ec	.text	_ZN7Walaber12ValueTweaker17setTweakableValueENSt6__ndk112basic_stringIcNS1_11char_traitsIcEENS1_9allocatorIcEEEES7_NS0_13ValueDataTypeE	
0x400ad4	.text	_ZN7Walaber12ValueTweaker14TweakableValue8setValueENSt6__ndk112basic_stringIcNS2_11char_traitsIcEENS2_9allocatorIcEEEE	
0x400afc	.text	_ZN7Walaber12ValueTweaker17setTweakableValueENSt6__ndk112basic_stringIcNS1_11char_traitsIcEENS1_9allocatorIcEEEEi	
0x400c58	.text	_ZN7Walaber12ValueTweaker14TweakableValue8setValueEi	
0x400e44	.text	_ZN7Walaber12ValueTweaker17setTweakableValueENSt6__ndk112basic_stringIcNS1_11char_traitsIcEENS1_9allocatorIcEEEEf	
0x400fa0	.text	_ZN7Walaber12ValueTweaker14TweakableValue8setValueEf	
0x401194	.text	_ZN7Walaber12ValueTweaker17setTweakableValueENSt6__ndk112basic_stringIcNS1_11char_traitsIcEENS1_9allocatorIcEEEENS_7Vector2E	
0x401300	.text	_ZN7Walaber12ValueTweaker14TweakableValue8setValueENS_7Vector2E	
0x40150c	.text	_ZN7Walaber12ValueTweaker17setTweakableValueENSt6__ndk112basic_stringIcNS1_11char_traitsIcEENS1_9allocatorIcEEEENS_4RectE	
0x401678	.text	_ZN7Walaber12ValueTweaker14TweakableValue8setValueENS_4RectE	
0x4018b4	.text	_ZN7Walaber12ValueTweaker17setTweakableValueENSt6__ndk112basic_stringIcNS1_11char_traitsIcEENS1_9allocatorIcEEEENS_5ColorE	
0x401a50	.text	_ZN7Walaber12ValueTweaker14TweakableValue8setValueENS_5ColorE	
0x401cc8	.text	_ZN7Walaber12ValueTweaker17mapTweakableValueENSt6__ndk112basic_stringIcNS1_11char_traitsIcEENS1_9allocatorIcEEEEPS7_Pv	
0x401d9c	.text	_ZN7Walaber12ValueTweaker14TweakableValue13_fireMappingsEv	
0x401f28	.text	_ZN7Walaber12ValueTweaker17mapTweakableValueENSt6__ndk112basic_stringIcNS1_11char_traitsIcEENS1_9allocatorIcEEEEPiPv	
0x402000	.text	_ZN7Walaber12ValueTweaker17mapTweakableValueENSt6__ndk112basic_stringIcNS1_11char_traitsIcEENS1_9allocatorIcEEEEPfPv	
0x4020d8	.text	_ZN7Walaber12ValueTweaker17mapTweakableValueENSt6__ndk112basic_stringIcNS1_11char_traitsIcEENS1_9allocatorIcEEEEPNS_7Vector2EPv	
0x4021b0	.text	_ZN7Walaber12ValueTweaker17mapTweakableValueENSt6__ndk112basic_stringIcNS1_11char_traitsIcEENS1_9allocatorIcEEEEPNS_4RectEPv	
0x402288	.text	_ZN7Walaber12ValueTweaker17mapTweakableValueENSt6__ndk112basic_stringIcNS1_11char_traitsIcEENS1_9allocatorIcEEEEPNS_5ColorEPv	
0x402360	.text	_ZN7Walaber12ValueTweaker22removeMappingsForOwnerEPv	
0x402400	.text	_ZN7Walaber12ValueTweaker14TweakableValue21removeMappingForOwnerEPv	
0x402478	.text	_ZN7Walaber12ValueTweaker23getTweakableValueStringENSt6__ndk112basic_stringIcNS1_11char_traitsIcEENS1_9allocatorIcEEEE	
0x4024e4	.text	_ZN7Walaber12ValueTweaker14TweakableValue8asStringEv	
0x4024f0	.text	_ZN7Walaber12ValueTweaker20getTweakableValueIntENSt6__ndk112basic_stringIcNS1_11char_traitsIcEENS1_9allocatorIcEEEE	
0x40253c	.text	_ZN7Walaber12ValueTweaker14TweakableValue5asIntEv	
0x4025c0	.text	_ZN7Walaber12ValueTweaker22getTweakableValueFloatENSt6__ndk112basic_stringIcNS1_11char_traitsIcEENS1_9allocatorIcEEEE	
0x40260c	.text	_ZN7Walaber12ValueTweaker14TweakableValue7asFloatEv	
0x40268c	.text	_ZN7Walaber12ValueTweaker24getTweakableValueVector2ENSt6__ndk112basic_stringIcNS1_11char_traitsIcEENS1_9allocatorIcEEEE	
0x4026ec	.text	_ZN7Walaber12ValueTweaker14TweakableValue9asVector2Ev	
0x402738	.text	_ZN7Walaber12ValueTweaker21getTweakableValueRectENSt6__ndk112basic_stringIcNS1_11char_traitsIcEENS1_9allocatorIcEEEE	
0x4027a4	.text	_ZN7Walaber12ValueTweaker14TweakableValue6asRectEv	
0x402804	.text	_ZN7Walaber12ValueTweaker22getTweakableValueColorENSt6__ndk112basic_stringIcNS1_11char_traitsIcEENS1_9allocatorIcEEEE	
0x40287c	.text	_ZN7Walaber12ValueTweaker14TweakableValue7asColorEv	
0x402974	.text	_ZN7Walaber12ValueTweaker12loadFromFileENSt6__ndk112basic_stringIcNS1_11char_traitsIcEENS1_9allocatorIcEEEE	
0x402d04	.text	_ZN7Walaber12ValueTweaker18_StringToValueTypeENSt6__ndk112basic_stringIcNS1_11char_traitsIcEENS1_9allocatorIcEEEE	
0x402f28	.text	_ZNSt6__ndk114basic_ifstreamIcNS_11char_traitsIcEEED1Ev	
0x402f64	.text	_ZNSt6__ndk1rsIcNS_11char_traitsIcEENS_9allocatorIcEEEERNS_13basic_istreamIT_T0_EES9_RNS_12basic_stringIS6_S7_T1_EE	
0x4031a4	.text	_ZN7Walaber12ValueTweaker18_ValueTypeToStringENS0_13ValueDataTypeE	
0x4032cc	.text	_ZNSt6__ndk16__treeINS_12__value_typeINS_12basic_stringIcNS_11char_traitsIcEENS_9allocatorIcEEEEN7Walaber12ValueTweaker14TweakableValueEEENS_19__map_value_compareIS7_SB_NS_4lessIS7_EELb1EEENS5_ISB_EEE7destroyEPNS_11__tree_nodeISB_PvEE	
0x403338	.text	_ZNSt6__ndk16__treeINS_12__value_typeIPvS2_EENS_19__map_value_compareIS2_S3_NS_4lessIS2_EELb1EEENS_9allocatorIS3_EEE14__assign_multiINS_21__tree_const_iteratorIS3_PNS_11__tree_nodeIS3_S2_EElEEEEvT_SH_	__assign_multi<std::__ndk1::__tree_const_iterator<std::__ndk1::__value_type<void*,void*>,std::__ndk1::__tree_node<std::__ndk1::__value_type<void*,void*>,void*>*,long>>
0x403540	.text	_ZNSt6__ndk16__treeINS_12__value_typeIPvS2_EENS_19__map_value_compareIS2_S3_NS_4lessIS2_EELb1EEENS_9allocatorIS3_EEE8__detachEPNS_11__tree_nodeIS3_S2_EE	
0x40359c	.text	_ZNSt6__ndk16__treeINS_12__value_typeIPvS2_EENS_19__map_value_compareIS2_S3_NS_4lessIS2_EELb1EEENS_9allocatorIS3_EEE7destroyEPNS_11__tree_nodeIS3_S2_EE	
0x4035dc	.text	_ZNSt6__ndk16__treeINS_12__value_typeIPvS2_EENS_19__map_value_compareIS2_S3_NS_4lessIS2_EELb1EEENS_9allocatorIS3_EEE16__insert_node_atEPNS_15__tree_end_nodeIPNS_16__tree_node_baseIS2_EEEERSE_SE_	
0x403630	.text	_ZNSt6__ndk16__treeINS_12__value_typeIPvS2_EENS_19__map_value_compareIS2_S3_NS_4lessIS2_EELb1EEENS_9allocatorIS3_EEE15__emplace_multiIJRKNS_4pairIKS2_S2_EEEEENS_15__tree_iteratorIS3_PNS_11__tree_nodeIS3_S2_EElEEDpOT_	__emplace_multi<std::__ndk1::pair<void*const,void*>const&>
0x4036c8	.text	_ZTv0_n24_NSt6__ndk114basic_ifstreamIcNS_11char_traitsIcEEED1Ev	
0x403710	.text	_ZNSt6__ndk114basic_ifstreamIcNS_11char_traitsIcEEED0Ev	
0x403758	.text	_ZTv0_n24_NSt6__ndk114basic_ifstreamIcNS_11char_traitsIcEEED0Ev	
0x4037ac	.text	_ZNSt6__ndk16__treeINS_12__value_typeINS_12basic_stringIcNS_11char_traitsIcEENS_9allocatorIcEEEEN7Walaber12ValueTweaker14TweakableValueEEENS_19__map_value_compareIS7_SB_NS_4lessIS7_EELb1EEENS5_ISB_EEE4findIS7_EENS_15__tree_iteratorISB_PNS_11__tree_nodeISB_PvEElEERKT_	find<std::__ndk1::basic_string<char,std::__ndk1::char_traits<char>,std::__ndk1::allocator<char>>>
0x403864	.text	_ZNSt6__ndk16__treeINS_12__value_typeINS_12basic_stringIcNS_11char_traitsIcEENS_9allocatorIcEEEEN7Walaber12ValueTweaker14TweakableValueEEENS_19__map_value_compareIS7_SB_NS_4lessIS7_EELb1EEENS5_ISB_EEE13__lower_boundIS7_EENS_15__tree_iteratorISB_PNS_11__tree_nodeISB_PvEElEERKT_SN_PNS_15__tree_end_nodeIPNS_16__tree_node_baseISL_EEEE	__lower_bound<std::__ndk1::basic_string<char,std::__ndk1::char_traits<char>,std::__ndk1::allocator<char>>>
0x403914	.text	_ZNSt6__ndk16__treeINS_12__value_typeINS_12basic_stringIcNS_11char_traitsIcEENS_9allocatorIcEEEEN7Walaber12ValueTweaker14TweakableValueEEENS_19__map_value_compareIS7_SB_NS_4lessIS7_EELb1EEENS5_ISB_EEE25__emplace_unique_key_argsIS7_JRKNS_21piecewise_construct_tENS_5tupleIJRKS7_EEENSM_IJEEEEEENS_4pairINS_15__tree_iteratorISB_PNS_11__tree_nodeISB_PvEElEEbEERKT_DpOT0_	__emplace_unique_key_args<std::__ndk1::basic_string<char,std::__ndk1::char_traits<char>,std::__ndk1::allocator<char>>,std::__ndk1::piecewise_construct_t_const&,std::__ndk1::tuple<std::__ndk1::basic_string<char,std::__ndk1::char_traits<char>,std::__ndk1::allocator<char>>const&>,std::__ndk1::tuple<>>
0x4039c4	.text	_ZNSt6__ndk16__treeINS_12__value_typeINS_12basic_stringIcNS_11char_traitsIcEENS_9allocatorIcEEEEN7Walaber12ValueTweaker14TweakableValueEEENS_19__map_value_compareIS7_SB_NS_4lessIS7_EELb1EEENS5_ISB_EEE12__find_equalIS7_EERPNS_16__tree_node_baseIPvEERPNS_15__tree_end_nodeISM_EERKT_	__find_equal<std::__ndk1::basic_string<char,std::__ndk1::char_traits<char>,std::__ndk1::allocator<char>>>
0x403af0	.text	_ZNSt6__ndk16__treeINS_12__value_typeINS_12basic_stringIcNS_11char_traitsIcEENS_9allocatorIcEEEEN7Walaber12ValueTweaker14TweakableValueEEENS_19__map_value_compareIS7_SB_NS_4lessIS7_EELb1EEENS5_ISB_EEE16__construct_nodeIJRKNS_21piecewise_construct_tENS_5tupleIJRKS7_EEENSM_IJEEEEEENS_10unique_ptrINS_11__tree_nodeISB_PvEENS_22__tree_node_destructorINS5_ISU_EEEEEEDpOT_	__construct_node<std::__ndk1::piecewise_construct_t_const&,std::__ndk1::tuple<std::__ndk1::basic_string<char,std::__ndk1::char_traits<char>,std::__ndk1::allocator<char>>const&>,std::__ndk1::tuple<>>
0x403b74	.text	_ZNSt6__ndk16__treeINS_12__value_typeINS_12basic_stringIcNS_11char_traitsIcEENS_9allocatorIcEEEEN7Walaber12ValueTweaker14TweakableValueEEENS_19__map_value_compareIS7_SB_NS_4lessIS7_EELb1EEENS5_ISB_EEE16__insert_node_atEPNS_15__tree_end_nodeIPNS_16__tree_node_baseIPvEEEERSM_SM_	
0x403bc8	.text	_ZNSt6__ndk16__treeINS_12__value_typeIPvS2_EENS_19__map_value_compareIS2_S3_NS_4lessIS2_EELb1EEENS_9allocatorIS3_EEE25__emplace_unique_key_argsIS2_JRKNS_21piecewise_construct_tENS_5tupleIJRKS2_EEENSF_IJEEEEEENS_4pairINS_15__tree_iteratorIS3_PNS_11__tree_nodeIS3_S2_EElEEbEERKT_DpOT0_	__emplace_unique_key_args<void*,std::__ndk1::piecewise_construct_t_const&,std::__ndk1::tuple<void*const&>,std::__ndk1::tuple<>>
0x403c98	.text	_ZNSt6__ndk16__treeINS_12__value_typeIPvS2_EENS_19__map_value_compareIS2_S3_NS_4lessIS2_EELb1EEENS_9allocatorIS3_EEE5eraseENS_21__tree_const_iteratorIS3_PNS_11__tree_nodeIS3_S2_EElEE	
0x403d2c	.text	_ZN12WaterConcept6FluidsC1EiRKN7Walaber4AABBE	
0x4044ac	.text	_ZNSt6__ndk16vectorIN12WaterConcept5FluidENS_9allocatorIS2_EEEC2Em	
0x4044fc	.text	_ZN7Walaber16FluidParticleSetC2Ev	
0x404568	.text	_ZN21WaterConceptConstants16FluidDescriptionaSERKS0_	
0x404704	.text	_ZN12WaterConcept6Fluids17_initVertexBufferEv	
0x404a84	.text	_ZN12WaterConcept6Fluids27_buildCollisionBehaviorGridEv	
0x404abc	.text	_ZN12WaterConcept6Fluids21_initFluidsWithBoundsERKN7Walaber4AABBE	
0x404c70	.text	_ZNSt6__ndk16vectorIN12WaterConcept6Fluids20FluidCollisionRecordENS_9allocatorIS3_EEE7reserveEm	
0x404d5c	.text	_ZN12WaterConcept6Fluids25_setupRenderTextureBufferEv	
0x405320	.text	_ZN12WaterConcept6FluidsaSERKS0_	
0x4057b4	.text	_ZN12WaterConcept6FluidsD2Ev	
0x405b2c	.text	_ZN7Walaber16FluidParticleSetD2Ev	
0x405b78	.text	_ZN12WaterConcept9IndexGridINSt6__ndk16vectorINS_19ParticleDescriptionENS1_9allocatorIS3_EEEEED2Ev	
0x405be4	.text	_ZN12WaterConcept9IndexGridINSt6__ndk16vectorINS_19ParticleDescriptionENS1_9allocatorIS3_EEEEEC2Eii	
0x405c8c	.text	_ZN12WaterConcept6Fluids17_fillNeighborGridEv	
0x405db8	.text	_ZN12WaterConcept6Fluids23recreateGraphicsContextEv	
0x405ddc	.text	_ZN7Walaber18VertexArraysObject4bindEv	
0x406070	.text	_ZN7Walaber18VertexArraysObject6unbindEv	
0x406170	.text	_ZN12WaterConcept6Fluids11addParticleEifRKN7Walaber7Vector2Ef	
0x406250	.text	_ZN7Walaber16FluidParticleSet11addParticleEfRKNS_7Vector2ES3_Ri	
0x406390	.text	_ZN12WaterConcept6Fluids11addParticleEifRKN7Walaber7Vector2ES4_ff	
0x406480	.text	_ZN7Walaber16FluidParticleSet11addParticleEfRKNS_7Vector2ES3_S3_S3_S3_Ri	
0x4065cc	.text	_ZN12WaterConcept6Fluids14removeParticleERKNS_19ParticleDescriptionE	
0x4066a4	.text	_ZN7Walaber16FluidParticleSet14removeParticleEi	
0x406760	.text	_ZNSt6__ndk16removeINS_11__wrap_iterIPN12WaterConcept19ParticleDescriptionEEES3_EET_S6_S6_RKT0_	
0x4067ec	.text	_ZN12WaterConcept6Fluids20addCollisionBehaviorEiiPNS0_17CollisionBehaviorE	
0x4068c0	.text	_ZN12WaterConcept6Fluids25changeParticleToFluidTypeEiRKNS_19ParticleDescriptionE	
0x406b50	.text	_ZN12WaterConcept6Fluids36changeParticleToFluidTypeWithDampingEiRKNS_19ParticleDescriptionEf	
0x406e30	.text	_ZN12WaterConcept6Fluids34addCloneParticleToFluidWithDampingEiRKNS_19ParticleDescriptionEf	
0x407024	.text	_ZNSt6__ndk16vectorIN12WaterConcept19ParticleDescriptionENS_9allocatorIS2_EEE6insertENS_11__wrap_iterIPKS2_EERS7_	
0x4073e4	.text	_ZN12WaterConcept6Fluids20getParticlesForFluidEi	
0x4073f8	.text	_ZN12WaterConcept6Fluids27getParticleListForFluidCellERNS_8GridCellE	
0x407420	.text	_ZN12WaterConcept6Fluids28getBoundaryFluidCellsForAABBERKN7Walaber4AABBERNS_8GridCellES6_	
0x4074a0	.text	_ZN12WaterConcept6Fluids6updateEf	
0x4077c4	.text	_ZN12WaterConcept9IndexGridINS_6Fluids12NeighborListEE6resizeEii	
0x407840	.text	_ZN12WaterConcept9IndexGridINSt6__ndk16vectorINS_19ParticleDescriptionENS1_9allocatorIS3_EEEEE6resizeEii	
0x407930	.text	_ZN12WaterConcept6Fluids25_clearParticlesInsideGridEv	
0x407974	.text	_ZN12WaterConcept6Fluids16_updateFluidGridEv	
0x407bb4	.text	_ZN12WaterConcept6Fluids20_calculate_densitiesEv	
0x40826c	.text	_ZN12WaterConcept6Fluids19_calculate_pressureEv	
0x408330	.text	_ZN12WaterConcept6Fluids17_calculate_forcesEf	
0x408468	.text	_ZN12WaterConcept6Fluids15_update_orphansEf	
0x4085fc	.text	_ZN12WaterConcept6Fluids15_update_drynessEf	
0x40869c	.text	_ZN12WaterConcept6Fluids25_handleParticleCollisionsEv	
0x408840	.text	_ZN12WaterConcept6Fluids14updatePerFrameEv	
0x4088d8	.text	_ZN12WaterConcept6Fluids24applyParticleConstraintsEv	
0x4089fc	.text	_ZN12WaterConcept6Fluids22renderOffscreenTargetsERN7Walaber11SpriteBatchERKNS1_7Vector2ES6_	
0x409140	.text	_ZN12WaterConcept6Fluids20_buildRefractionGridERKN7Walaber7Vector2ES4_h	
0x4094d4	.text	_ZN12WaterConcept6Fluids4drawERN7Walaber11SpriteBatchENS1_7Vector2ES4_	
0x409534	.text	_ZN7Walaber10GraphicsGL13getExtensionsEv	
0x4095a8	.text	_ZN12WaterConcept6Fluids27_updateDrawBufferMappedDataEv	
0x409978	.text	_ZN12WaterConcept6Fluids24_updateDrawBufferSubDataEv	
0x409c94	.text	_ZN12WaterConcept6Fluids15_drawDrawBufferERN7Walaber11SpriteBatchERKNS1_7Vector2ES6_	
0x409eb4	.text	_ZN12WaterConcept6Fluids15_fillVertBufferEPN7Walaber16FluidParticleSetEiRKNS1_5ColorES6_ffibS6_i	
0x409fbc	.text	_ZN12WaterConcept6Fluids15_fillVertBufferEPN7Walaber16FluidParticleSetEiRKNS1_5ColorES6_ffffibS6_i	
0x40a0dc	.text	_ZN12WaterConcept6Fluids11_fillBufferEPN7Walaber16FluidParticleSetEPvRKNS1_5ColorES7_ffibS7_i	
0x40a1a4	.text	_ZN12WaterConcept6Fluids11_fillBufferEPN7Walaber16FluidParticleSetEPvRKNS1_5ColorES7_ffffibS7_i	
0x40a284	.text	_ZN12WaterConcept6Fluids21_getCollisionBehaviorEii	
0x40a2a0	.text	_ZNSt6__ndk110__list_impIN12WaterConcept6Fluids21CustomParticleDampingENS_9allocatorIS3_EEE5clearEv	
0x40a2fc	.text	_ZNSt6__ndk16vectorIN7Walaber13FluidParticleENS_9allocatorIS2_EEEC2ERKS5_	
0x40a388	.text	_ZNSt6__ndk14listIiNS_9allocatorIiEEEC2ERKS3_	
0x40a41c	.text	_ZNSt6__ndk16vectorIN7Walaber13FluidParticleENS_9allocatorIS2_EEE11__vallocateEm	
0x40a470	.text	_ZNSt6__ndk16vectorIN7Walaber13FluidParticleENS_9allocatorIS2_EEE18__construct_at_endIPS2_EENS_9enable_ifIXsr21__is_forward_iteratorIT_EE5valueEvE4typeES9_S9_m	__construct_at_end<Walaber::FluidParticle*>
0x40a4f4	.text	_ZN7Walaber10GraphicsGL16setActiveTextureEi	
0x40a548	.text	_ZN7Walaber10GraphicsGL10ExtensionsC2Ev	
0x40a8d4	.text	_ZNSt6__ndk113__vector_baseIN12WaterConcept5FluidENS_9allocatorIS2_EEED2Ev	
0x40a954	.text	_ZNSt6__ndk16vectorIN12WaterConcept5FluidENS_9allocatorIS2_EEE11__vallocateEm	
0x40a9a8	.text	_ZNSt6__ndk16vectorIN12WaterConcept5FluidENS_9allocatorIS2_EEE18__construct_at_endEm	
0x40aa10	.text	_ZNSt6__ndk114__split_bufferIN12WaterConcept6Fluids20FluidCollisionRecordERNS_9allocatorIS3_EEEC2EmmS6_	
0x40aac0	.text	_ZNSt6__ndk16vectorIN12WaterConcept6Fluids20FluidCollisionRecordENS_9allocatorIS3_EEE26__swap_out_circular_bufferERNS_14__split_bufferIS3_RS5_EE	
0x40ab40	.text	_ZNSt6__ndk16vectorIN12WaterConcept5FluidENS_9allocatorIS2_EEE21__push_back_slow_pathIRKS2_EEvOT_	__push_back_slow_path<WaterConcept::Fluid_const&>
0x40ac58	.text	_ZN21WaterConceptConstants16FluidDescriptionC2ERKS0_	
0x40ae14	.text	_ZNSt6__ndk114__split_bufferIN12WaterConcept5FluidERNS_9allocatorIS2_EEEC2EmmS5_	
0x40aed8	.text	_ZNSt6__ndk16vectorIN12WaterConcept5FluidENS_9allocatorIS2_EEE26__swap_out_circular_bufferERNS_14__split_bufferIS2_RS4_EE	
0x40af8c	.text	_ZNSt6__ndk114__split_bufferIN12WaterConcept5FluidERNS_9allocatorIS2_EEED2Ev	
0x40affc	.text	_ZNSt6__ndk16vectorIPN12WaterConcept6Fluids17CollisionBehaviorENS_9allocatorIS4_EEE21__push_back_slow_pathIRKS4_EEvOT_	__push_back_slow_path<WaterConcept::Fluids::CollisionBehavior*const&>
0x40b124	.text	_ZNSt6__ndk114__split_bufferIPN12WaterConcept6Fluids17CollisionBehaviorERNS_9allocatorIS4_EEEC2EmmS7_	
0x40b1d4	.text	_ZNSt6__ndk16vectorIN12WaterConcept19ParticleDescriptionENS_9allocatorIS2_EEE21__push_back_slow_pathIRKS2_EEvOT_	__push_back_slow_path<WaterConcept::ParticleDescription_const&>
0x40b348	.text	_ZNSt6__ndk114__split_bufferIN12WaterConcept19ParticleDescriptionERNS_9allocatorIS2_EEEC2EmmS5_	
0x40b40c	.text	_ZNSt6__ndk16vectorIN12WaterConcept19ParticleDescriptionENS_9allocatorIS2_EEE26__swap_out_circular_bufferERNS_14__split_bufferIS2_RS4_EEPS2_	
0x40b4f0	.text	_ZNSt6__ndk16vectorIN12WaterConcept6Fluids20FluidCollisionRecordENS_9allocatorIS3_EEE21__push_back_slow_pathIRKS3_EEvOT_	__push_back_slow_path<WaterConcept::Fluids::FluidCollisionRecord_const&>
0x40b638	.text	_ZNSt6__ndk16vectorIN12WaterConcept6Fluids20FluidCollisionRecordENS_9allocatorIS3_EEE6assignIPS3_EENS_9enable_ifIXaasr21__is_forward_iteratorIT_EE5valuesr16is_constructibleIS3_NS_15iterator_traitsISA_E9referenceEEE5valueEvE4typeESA_SA_	assign<WaterConcept::Fluids::FluidCollisionRecord*>
0x40b7c0	.text	_ZNSt6__ndk16vectorIN12WaterConcept6Fluids20FluidCollisionRecordENS_9allocatorIS3_EEE11__vallocateEm	
0x40b804	.text	_ZN21WaterConceptConstants17stringToFluidTypeERKNSt6__ndk112basic_stringIcNS0_11char_traitsIcEENS0_9allocatorIcEEEE	
0x40bab4	.text	_ZN21WaterConceptConstants15stringToDrynessERKNSt6__ndk112basic_stringIcNS0_11char_traitsIcEENS0_9allocatorIcEEEE	
0x40bb78	.text	_ZN21WaterConceptConstants14strToStorylineERKNSt6__ndk112basic_stringIcNS0_11char_traitsIcEENS0_9allocatorIcEEEE	
0x40bd0c	.text	_ZN21WaterConceptConstants14storyLineToStrENS_13StorylineTypeE	
0x40bdec	.text	_ZN12WaterConcept12GameSettings12loadSettingsEv	
0x40bdf0	.text	_ZN12WaterConcept12GameSettings12saveSettingsEv	
0x40bdf4	.text	_ZN12WaterConcept12GameSettings14levelShorthandEiiibb	
0x40c550	.text	_ZNSt6__ndk112basic_stringIcNS_11char_traitsIcEENS_9allocatorIcEEE5eraseEmm	
0x40c5ec	.text	_ZN12WaterConcept12GameSettings14levelShorthandERKNSt6__ndk112basic_stringIcNS1_11char_traitsIcEENS1_9allocatorIcEEEEb	
0x40d388	.text	_ZN12WaterConcept12GameSettings33packAndLevelInfoFromLevelFilenameERKNSt6__ndk112basic_stringIcNS1_11char_traitsIcEENS1_9allocatorIcEEEERS7_RiSA_SA_SB_SB_RbSC_NS1_6vectorIiNS5_IiEEEEb	
0x40ee54	.text	_ZN12WaterConcept12GameSettings10goPlayPackERKNSt6__ndk112basic_stringIcNS1_11char_traitsIcEENS1_9allocatorIcEEEEiRb	
0x40f764	.text	_ZN12WaterConcept12GameSettings11goPlayLevelERKNSt6__ndk112basic_stringIcNS1_11char_traitsIcEENS1_9allocatorIcEEEEiNS1_6vectorIiNS5_IiEEEEb	
0x410c70	.text	_ZNSt6__ndk16vectorIiNS_9allocatorIiEEEC2ERKS3_	
0x410cf4	.text	_ZN12WaterConcept12GameSettings25setStandardFadePropertiesERN7Walaber12PropertyListE	
0x410f54	.text	_ZN12WaterConcept12GameSettings20getChallengeForLevelERKNSt6__ndk112basic_stringIcNS1_11char_traitsIcEENS1_9allocatorIcEEEERbSA_	
0x4117ac	.text	_ZN12WaterConcept12GameSettings13playCinematicERN7Walaber12PropertyListEiNS_11ScreenTypesE	
0x411eb0	.text	_ZN12WaterConcept12GameSettings20updateLOTWParametersEN21WaterConceptConstants16LOWStorylineTypeE	
0x412a74	.text	_ZN12WaterConcept12GameSettings15goPlayLOTWLevelEN21WaterConceptConstants16LOWStorylineTypeE	
0x413fb4	.text	_ZN12WaterConcept12GameSettings11goNextLevelEv	
0x414828	.text	_ZN12WaterConcept12GameSettings17goPlayRewardLevelEv	
0x414958	.text	_ZN12WaterConcept12GameSettings12getLevelListEv	
0x414ee0	.text	_ZN7Walaber8DateTime21hasDatePassedUnixTimeEl	
0x414f50	.text	_ZN12WaterConcept12GameSettings12levelStartedEv	
0x4150f0	.text	_ZN12WaterConcept12GameSettings23getChallengeDescriptionEiRb	
0x41571c	.text	_ZN12WaterConcept12GameSettings30getChallengeResultsDescriptionEiRbRN7Walaber12PropertyListE	
0x415970	.text	_ZN12WaterConcept12GameSettings17getChallengeIAPidEi	
0x415bb4	.text	_ZN12WaterConcept12GameSettings16getNextLevelPathERNSt6__ndk112basic_stringIcNS1_11char_traitsIcEENS1_9allocatorIcEEEE	
0x415c24	.text	_ZN12WaterConcept12GameSettings15unlockNextLevelEv	
0x416c64	.text	_ZN12WaterConcept12GameSettings19unlockNextLevelPackERi	
0x417934	.text	_ZN12WaterConcept12GameSettings12getStarCountEv	
0x417948	.text	_ZN12WaterConcept12GameSettings18packContainsLevelsERKNSt6__ndk112basic_stringIcNS1_11char_traitsIcEENS1_9allocatorIcEEEE	
0x417b28	.text	_ZN12WaterConcept12GameSettings22canUnlockNextLevelPackERii	
0x4184a0	.text	_ZN12WaterConcept12GameSettings15calculateScoresEiiii	
0x41851c	.text	_ZNSt6__ndk16vectorIiNS_9allocatorIiEEEC2Em	
0x418590	.text	_ZN12WaterConcept12GameSettings17onLastLevelInPackEv	
0x418978	.text	_ZN12WaterConcept12GameSettings21onLastPackInStorylineEv	
0x419268	.text	_ZN12WaterConcept12GameSettings19nextLevelUnlockableEv	
0x419a5c	.text	_ZN12WaterConcept12GameSettings12getStarCountEN21WaterConceptConstants13StorylineTypeEb	
0x41a188	.text	_ZN12WaterConcept12GameSettings17getTotalStarCountEN21WaterConceptConstants13StorylineTypeE	
0x41a1bc	.text	_ZN12WaterConcept12GameSettings18getTotalLevelCountEN21WaterConceptConstants13StorylineTypeEbb	
0x41ab40	.text	_ZN12WaterConcept12GameSettings13isUpsellLevelEv	
0x41ab48	.text	_ZN12WaterConcept12GameSettings10goMainMenuEb	
0x41ac44	.text	_ZN12WaterConcept12GameSettings15goLoadingScreenEv	
0x41ac60	.text	_ZN12WaterConcept12GameSettings13goMainMenu_v2Eb	
0x41adfc	.text	_ZN12WaterConcept12GameSettings14goWater2UpsellEN7Walaber12PropertyListE	
0x41ae18	.text	_ZN12WaterConcept12GameSettings17loadFluidTexturesEv	
0x41b5e0	.text	_ZN12WaterConcept12GameSettings15reloadGameFontsEv	
0x421d68	.text	_ZN12WaterConcept12GameSettings15appendPromotionENSt6__ndk112basic_stringIcNS1_11char_traitsIcEENS1_9allocatorIcEEEE	
0x421e94	.text	_ZN12WaterConcept12GameSettings11appendThemeENSt6__ndk112basic_stringIcNS1_11char_traitsIcEENS1_9allocatorIcEEEE	
0x421fc0	.text	_ZN12WaterConcept12GameSettings16appendDuckSuffixENSt6__ndk112basic_stringIcNS1_11char_traitsIcEENS1_9allocatorIcEEEE	
0x4220ec	.text	_ZN12WaterConcept12GameSettings17stripIAPGoofyCodeERKNSt6__ndk112basic_stringIcNS1_11char_traitsIcEENS1_9allocatorIcEEEE	
0x42213c	.text	_ZN12WaterConcept12GameSettings15getIAPGoodyCodeERKNSt6__ndk112basic_stringIcNS1_11char_traitsIcEENS1_9allocatorIcEEEE	
0x422190	.text	_ZN12WaterConcept12GameSettings20getPurchasedIAPNamesEv	
0x422918	.text	_ZN12WaterConcept12GameSettings22getLocksmithLevelPacksEv	
0x422b54	.text	_ZN12WaterConcept12GameSettings20restoreIAPUsingNamesENSt6__ndk16vectorINS1_12basic_stringIcNS1_11char_traitsIcEENS1_9allocatorIcEEEENS6_IS8_EEEE	
0x422da8	.text	_ZN12WaterConcept12GameSettings20restoreLPsUsingNamesENSt6__ndk16vectorINS1_12basic_stringIcNS1_11char_traitsIcEENS1_9allocatorIcEEEENS6_IS8_EEEE	
0x423060	.text	_ZN12WaterConcept12GameSettings19restorePurchasedIAPEv	
0x4230cc	.text	_ZN12WaterConcept12GameSettings19getCloudSyncSettingEv	
0x423228	.text	_ZN12WaterConcept12GameSettings19setCloudSyncSettingEb	
0x4233ac	.text	_ZN12WaterConcept12GameSettings23hasPromptedForCloudSyncEv	
0x4235c4	.text	_ZN12WaterConcept12GameSettings23setPromptedForCloudSyncEb	
0x423804	.text	_ZN12WaterConcept12GameSettings12nextLanguageEv	
0x423dc8	.text	_ZN12WaterConcept12GameSettings18setCurrentLanguageEN7Walaber8LanguageE	
0x42434c	.text	_ZN12WaterConcept12GameSettings26getAllowFacebookPublishingEv	
0x424354	.text	_ZN12WaterConcept12GameSettings26setAllowFacebookPublishingEi	
0x424358	.text	_ZN12WaterConcept12GameSettings19languageIsSupportedERN7Walaber8LanguageE	
0x424390	.text	_ZN12WaterConcept12GameSettings19getFacebookLoggedInEv	
0x424398	.text	_ZN12WaterConcept12GameSettings24getConsecutiveDaysPlayedEv	
0x424660	.text	_ZN12WaterConcept12GameSettings27getFurthestLevelInStorylineEN21WaterConceptConstants13StorylineTypeE	
0x425190	.text	_ZN12WaterConcept12GameSettings27getFurthestLevelIndexInPackENSt6__ndk112basic_stringIcNS1_11char_traitsIcEENS1_9allocatorIcEEEE	
0x425458	.text	_ZN12WaterConcept12GameSettings31getLocksmithPacksNumInStorylineEN21WaterConceptConstants13StorylineTypeE	
0x4258e0	.text	_ZN12WaterConcept12GameSettings7getGUIDEv	
0x425b74	.text	_ZN12WaterConcept12GameSettings24showIAPADAndUpdateServerENS_11ScreenTypesE	
0x42793c	.text	_ZN12WaterConcept12GameSettings16hideIAPADBannersEb	
0x4279e4	.text	_ZN12WaterConcept12GameSettings23handleIAPPromotionTimesEPKcxxx	
0x4280b8	.text	_ZN12WaterConcept12GameSettings18shouldCheckForSaleEv	
0x428368	.text	_ZN12WaterConcept12GameSettings30getLocalizedSaleDaysLeftStringEii	
0x4287f4	.text	_ZN12WaterConcept12GameSettings18copyAndFormatLabelEPN7Walaber12Widget_LabelEiiRKNS1_7Vector2ERKNSt6__ndk112basic_stringIcNS7_11char_traitsIcEENS7_9allocatorIcEEEESF_bbb	
0x428b4c	.text	_ZN7Walaber12Widget_LabelC2ERKS0_	
0x428d10	.text	_ZN12WaterConcept12GameSettings19copyAndFormatButtonEPN7Walaber17Widget_PushButtonEiiRKNS1_7Vector2ERKNSt6__ndk112basic_stringIcNS7_11char_traitsIcEENS7_9allocatorIcEEEESF_SF_bb	
0x429170	.text	_ZN7Walaber17Widget_PushButtonC2ERKS0_	
0x429424	.text	_ZN12WaterConcept12GameSettings15wrapTextInLabelEPN7Walaber12Widget_LabelE	
0x429660	.text	_ZNSt6__ndk16__treeINS_12__value_typeINS_12basic_stringIcNS_11char_traitsIcEENS_9allocatorIcEEEEPN12WaterConcept12NotificationEEENS_19__map_value_compareIS7_SB_NS_4lessIS7_EELb1EEENS5_ISB_EEE4findIS7_EENS_15__tree_iteratorISB_PNS_11__tree_nodeISB_PvEElEERKT_	
0x429718	.text	_ZNSt6__ndk16__treeINS_12__value_typeINS_12basic_stringIcNS_11char_traitsIcEENS_9allocatorIcEEEEPN12WaterConcept12NotificationEEENS_19__map_value_compareIS7_SB_NS_4lessIS7_EELb1EEENS5_ISB_EEE13__lower_boundIS7_EENS_15__tree_iteratorISB_PNS_11__tree_nodeISB_PvEElEERKT_SN_PNS_15__tree_end_nodeIPNS_16__tree_node_baseISL_EEEE	__lower_bound<std::__ndk1::basic_string<char,std::__ndk1::char_traits<char>,std::__ndk1::allocator<char>>>
0x4297c8	.text	_ZNSt6__ndk16vectorIPN7Walaber12Widget_LabelENS_9allocatorIS3_EEEC2ERKS6_	
0x42984c	.text	_ZN12WaterConcept9GameStateC2EPNS_5WorldE	
0x429a48	.text	_ZN12WaterConcept9GameState5resetEv	
0x429ae8	.text	_ZN12WaterConcept9GameStateC1EPNS_5WorldENS0_11StatePresetENSt6__ndk16vectorIPNS_5SpoutENS4_9allocatorIS7_EEEENS5_IPNS_8StarSeedENS8_ISC_EEEE	
0x429df4	.text	_ZN12WaterConcept9GameState4initENS0_11StatePresetENSt6__ndk16vectorIPNS_5SpoutENS2_9allocatorIS5_EEEENS3_IPNS_8StarSeedENS6_ISA_EEEE	
0x42aec4	.text	_ZNSt6__ndk16vectorIPN12WaterConcept5SpoutENS_9allocatorIS3_EEEC2ERKS6_	
0x42af48	.text	_ZNSt6__ndk16vectorIPN12WaterConcept8StarSeedENS_9allocatorIS3_EEEC2ERKS6_	
0x42afcc	.text	_ZN12WaterConcept9GameStateC2EPNS_5WorldENSt6__ndk16vectorIN21WaterConceptConstants9FluidTypeENS3_9allocatorIS6_EEEENS4_INS0_4GoalENS7_ISA_EEEENS4_INS0_13SecondaryGoalENS7_ISD_EEEESF_	
0x42b248	.text	_ZN12WaterConcept9GameStateD1Ev	
0x42b324	.text	_ZN12WaterConcept9GameState4initENSt6__ndk112basic_stringIcNS1_11char_traitsIcEENS1_9allocatorIcEEEENS1_6vectorIPNS_5SpoutENS5_ISA_EEEENS8_IPNS_8StarSeedENS5_ISE_EEEE	
0x42b4f0	.text	_ZN12WaterConcept9GameState6_gotSEEPv	
0x42b604	.text	_ZN7Walaber9SharedPtrINS_14MemberCallbackIN12WaterConcept9GameStateEEEED2Ev	
0x42b65c	.text	_ZN12WaterConcept9GameState25setAdditionalRequirementsERNSt6__ndk112basic_stringIcNS1_11char_traitsIcEENS1_9allocatorIcEEEE	
0x42bee8	.text	_ZN12WaterConcept9GameState6updateEf	
0x42c358	.text	_ZN12WaterConcept9GameState20getNumSecondaryGoalsEv	
0x42c3e8	.text	_ZN12WaterConcept5World15hasOrCanProduceEi	
0x42c614	.text	_ZN12WaterConcept9GameState11audioUpdateEfi	
0x42cbac	.text	_ZN12WaterConcept9GameState20_addParticleCallbackEPv	
0x42cd68	.text	_ZN12WaterConcept9GameState19_starChangeCallbackEPv	
0x42cf6c	.text	_ZN12WaterConcept9GameState21_switchChangeCallbackEPv	
0x42d080	.text	_ZN12WaterConcept9GameState15_ySwitchFlippedEPv	
0x42d090	.text	_ZN12WaterConcept9GameState16_notifyExplosionERKN7Walaber7Vector2EPNS_17InteractiveObjectE	
0x42d0c8	.text	_ZN12WaterConcept9GameState20_notifySpoutActivityEPNS_5SpoutE	
0x42d1d4	.text	_ZN12WaterConcept9GameState22_notifyBalloonCallbackEPv	
0x42d324	.text	_ZN12WaterConcept9GameState9isGameWonEv	
0x42d35c	.text	_ZN12WaterConcept9GameState16_hasRequirementsEv	
0x42d3c0	.text	_ZN12WaterConcept9GameState16_requirementsWonEv	
0x42d6e0	.text	_ZN12WaterConcept9GameState10isGameOverEv	
0x42d72c	.text	_ZN12WaterConcept9GameState19_requirementsFailedEv	
0x42db28	.text	_ZN12WaterConcept9GameState18isSecondaryGameWonEv	
0x42db30	.text	_ZN12WaterConcept9GameState19isSecondaryGameOverEv	
0x42db38	.text	_ZN12WaterConcept9GameState12areGoalsFullEv	
0x42db8c	.text	_ZN12WaterConcept9GameState15getGoalProgressEv	
0x42dbf0	.text	_ZN12WaterConcept9GameState15getGoalOverflowEv	
0x42dc48	.text	_ZN12WaterConcept9GameState26getNumSecondaryGoalsOfTypeEi	
0x42dd58	.text	_ZN12WaterConcept9GameState28getNumSecondaryGoalSuccessesEi	
0x42de28	.text	_ZN12WaterConcept9GameState27getNumSecondaryGoalFailuresEi	
0x42def4	.text	_ZNSt6__ndk16__treeINS_12__value_typeINS_12basic_stringIcNS_11char_traitsIcEENS_9allocatorIcEEEEN12WaterConcept12WaterBalloon26WaterBalloonCallbackReasonEEENS_19__map_value_compareIS7_SB_NS_4lessIS7_EELb1EEENS5_ISB_EEE7destroyEPNS_11__tree_nodeISB_PvEE	
0x42df44	.text	_ZNSt6__ndk16__treeIN21WaterConceptConstants9FluidTypeENS_4lessIS2_EENS_9allocatorIS2_EEE7destroyEPNS_11__tree_nodeIS2_PvEE	
0x42df84	.text	_ZNSt6__ndk16vectorIPN12WaterConcept5SpoutENS_9allocatorIS3_EEE11__vallocateEm	
0x42dfc8	.text	_ZNSt6__ndk16vectorIPN12WaterConcept8StarSeedENS_9allocatorIS3_EEE11__vallocateEm	
0x42e00c	.text	_ZNSt6__ndk16vectorIN21WaterConceptConstants9FluidTypeENS_9allocatorIS2_EEE6assignIPS2_EENS_9enable_ifIXaasr21__is_forward_iteratorIT_EE5valuesr16is_constructibleIS2_NS_15iterator_traitsIS9_E9referenceEEE5valueEvE4typeES9_S9_	assign<WaterConceptConstants::FluidType*>
0x42e14c	.text	_ZNSt6__ndk16vectorIN21WaterConceptConstants9FluidTypeENS_9allocatorIS2_EEE11__vallocateEm	
0x42e190	.text	_ZNSt6__ndk16vectorIN12WaterConcept9GameState4GoalENS_9allocatorIS3_EEE6assignIPS3_EENS_9enable_ifIXaasr21__is_forward_iteratorIT_EE5valuesr16is_constructibleIS3_NS_15iterator_traitsISA_E9referenceEEE5valueEvE4typeESA_SA_	assign<WaterConcept::GameState::Goal*>
0x42e330	.text	_ZNSt6__ndk16vectorIN12WaterConcept9GameState4GoalENS_9allocatorIS3_EEE11__vallocateEm	
0x42e380	.text	_ZNSt6__ndk16vectorIN12WaterConcept9GameState13SecondaryGoalENS_9allocatorIS3_EEE6assignIPS3_EENS_9enable_ifIXaasr21__is_forward_iteratorIT_EE5valuesr16is_constructibleIS3_NS_15iterator_traitsISA_E9referenceEEE5valueEvE4typeESA_SA_	assign<WaterConcept::GameState::SecondaryGoal*>
0x42e520	.text	_ZNSt6__ndk16vectorIN12WaterConcept9GameState13SecondaryGoalENS_9allocatorIS3_EEE11__vallocateEm	
0x42e570	.text	_ZNSt6__ndk16vectorIN21WaterConceptConstants9FluidTypeENS_9allocatorIS2_EEE21__push_back_slow_pathIS2_EEvOT_	__push_back_slow_path<WaterConceptConstants::FluidType>
0x42e694	.text	_ZNSt6__ndk114__split_bufferIN21WaterConceptConstants9FluidTypeERNS_9allocatorIS2_EEEC2EmmS5_	
0x42e744	.text	_ZNSt6__ndk16vectorIN12WaterConcept9GameState4GoalENS_9allocatorIS3_EEE21__push_back_slow_pathIRKS3_EEvOT_	__push_back_slow_path<WaterConcept::GameState::Goal_const&>
0x42e8b8	.text	_ZNSt6__ndk114__split_bufferIN12WaterConcept9GameState4GoalERNS_9allocatorIS3_EEEC2EmmS6_	
0x42e97c	.text	_ZNSt6__ndk16vectorIN12WaterConcept9GameState13SecondaryGoalENS_9allocatorIS3_EEE21__push_back_slow_pathIRKS3_EEvOT_	__push_back_slow_path<WaterConcept::GameState::SecondaryGoal_const&>
0x42eaf0	.text	_ZNSt6__ndk114__split_bufferIN12WaterConcept9GameState13SecondaryGoalERNS_9allocatorIS3_EEEC2EmmS6_	
0x42ebb4	.text	_ZN7Walaber14MemberCallbackIN12WaterConcept9GameStateEED0Ev	
0x42ebb8	.text	_ZN7Walaber14MemberCallbackIN12WaterConcept9GameStateEE6invokeEPv	
0x42ebe8	.text	_ZNSt6__ndk16__treeIN21WaterConceptConstants9FluidTypeENS_4lessIS2_EENS_9allocatorIS2_EEE25__emplace_unique_key_argsIS2_JS2_EEENS_4pairINS_15__tree_iteratorIS2_PNS_11__tree_nodeIS2_PvEElEEbEERKT_DpOT0_	__emplace_unique_key_args<WaterConceptConstants::FluidType,WaterConceptConstants::FluidType>
0x42ecb4	.text	_ZNSt6__ndk16__treeIN21WaterConceptConstants9FluidTypeENS_4lessIS2_EENS_9allocatorIS2_EEE16__insert_node_atEPNS_15__tree_end_nodeIPNS_16__tree_node_baseIPvEEEERSC_SC_	
0x42ed08	.text	_ZNSt6__ndk16__treeINS_12basic_stringIcNS_11char_traitsIcEENS_9allocatorIcEEEENS_4lessIS6_EENS4_IS6_EEE25__emplace_unique_key_argsIS6_JRKS6_EEENS_4pairINS_15__tree_iteratorIS6_PNS_11__tree_nodeIS6_PvEElEEbEERKT_DpOT0_	__emplace_unique_key_args<std::__ndk1::basic_string<char,std::__ndk1::char_traits<char>,std::__ndk1::allocator<char>>,std::__ndk1::basic_string<char,std::__ndk1::char_traits<char>,std::__ndk1::allocator<char>>const&>
0x42eda0	.text	_ZNSt6__ndk16__treeINS_12basic_stringIcNS_11char_traitsIcEENS_9allocatorIcEEEENS_4lessIS6_EENS4_IS6_EEE16__construct_nodeIJRKS6_EEENS_10unique_ptrINS_11__tree_nodeIS6_PvEENS_22__tree_node_destructorINS4_ISH_EEEEEEDpOT_	__construct_node<std::__ndk1::basic_string<char,std::__ndk1::char_traits<char>,std::__ndk1::allocator<char>>const&>
0x42ee0c	.text	_ZNSt6__ndk16__treeINS_12__value_typeINS_12basic_stringIcNS_11char_traitsIcEENS_9allocatorIcEEEEN12WaterConcept12WaterBalloon26WaterBalloonCallbackReasonEEENS_19__map_value_compareIS7_SB_NS_4lessIS7_EELb1EEENS5_ISB_EEE25__emplace_unique_key_argsIS7_JRKNS_21piecewise_construct_tENS_5tupleIJOS7_EEENSM_IJEEEEEENS_4pairINS_15__tree_iteratorISB_PNS_11__tree_nodeISB_PvEElEEbEERKT_DpOT0_	__emplace_unique_key_args<std::__ndk1::basic_string<char,std::__ndk1::char_traits<char>,std::__ndk1::allocator<char>>,std::__ndk1::piecewise_construct_t_const&,std::__ndk1::tuple<std::__ndk1::basic_string<char,std::__ndk1::char_traits<char>,std::__ndk1::allocator<char>>&&>,std::__ndk1::tuple<>>
0x42eecc	.text	_ZNSt6__ndk16__treeINS_12__value_typeINS_12basic_stringIcNS_11char_traitsIcEENS_9allocatorIcEEEEN12WaterConcept12WaterBalloon26WaterBalloonCallbackReasonEEENS_19__map_value_compareIS7_SB_NS_4lessIS7_EELb1EEENS5_ISB_EEE12__find_equalIS7_EERPNS_16__tree_node_baseIPvEERPNS_15__tree_end_nodeISM_EERKT_	__find_equal<std::__ndk1::basic_string<char,std::__ndk1::char_traits<char>,std::__ndk1::allocator<char>>>
0x42eff8	.text	_ZNSt6__ndk16__treeINS_12__value_typeINS_12basic_stringIcNS_11char_traitsIcEENS_9allocatorIcEEEEN12WaterConcept12WaterBalloon26WaterBalloonCallbackReasonEEENS_19__map_value_compareIS7_SB_NS_4lessIS7_EELb1EEENS5_ISB_EEE16__insert_node_atEPNS_15__tree_end_nodeIPNS_16__tree_node_baseIPvEEEERSM_SM_	
0x42f04c	.text	_ZNSt6__ndk16__treeINS_12__value_typeINS_12basic_stringIcNS_11char_traitsIcEENS_9allocatorIcEEEEN12WaterConcept12WaterBalloon26WaterBalloonCallbackReasonEEENS_19__map_value_compareIS7_SB_NS_4lessIS7_EELb1EEENS5_ISB_EEE4findIS7_EENS_15__tree_iteratorISB_PNS_11__tree_nodeISB_PvEElEERKT_	find<std::__ndk1::basic_string<char,std::__ndk1::char_traits<char>,std::__ndk1::allocator<char>>>
0x42f104	.text	_ZNSt6__ndk16__treeINS_12__value_typeINS_12basic_stringIcNS_11char_traitsIcEENS_9allocatorIcEEEEN12WaterConcept12WaterBalloon26WaterBalloonCallbackReasonEEENS_19__map_value_compareIS7_SB_NS_4lessIS7_EELb1EEENS5_ISB_EEE13__lower_boundIS7_EENS_15__tree_iteratorISB_PNS_11__tree_nodeISB_PvEElEERKT_SN_PNS_15__tree_end_nodeIPNS_16__tree_node_baseISL_EEEE	__lower_bound<std::__ndk1::basic_string<char,std::__ndk1::char_traits<char>,std::__ndk1::allocator<char>>>
0x42f1b4	.text	_Z10drawMaskedPN7Walaber6SpriteENS_9SharedPtrINS_7TextureEEERKNS_4RectERKNS_5ColorE	
0x42f6e4	.text	_Z13drawShockwaveN7Walaber7Vector2EfNS_5ColorEffibfif	
0x42f908	.text	_Z11stretchQuadPN7Walaber11SpriteBatchENS_9SharedPtrINS_7TextureEEERKNS_7Vector2ES7_S7_NS_5ColorENS_20VertexColorBlendModeE	
0x42fa44	.text	_Z18drawMiddleGradientPN7Walaber11SpriteBatchERKNS_7Vector2ES4_RKNS_5ColorE	
0x42fb28	.text	_ZN12WaterConcept4GridC1Ev	
0x42fb50	.text	_ZN12WaterConcept4GridC1ERKN7Walaber7Vector2Effii	
0x42fbb0	.text	_ZN12WaterConcept4Grid18_setGridResolutionERKN7Walaber7Vector2Effii	
0x42fc04	.text	_ZN12WaterConcept4GridC2ERKS0_	
0x42fc38	.text	_ZN12WaterConcept4GridaSERKS0_	
0x42fc6c	.text	_ZN12WaterConcept4GridD2Ev	
0x42fc70	.text	_ZNK12WaterConcept4Grid13getCellForPosERKN7Walaber7Vector2E	
0x42fcc0	.text	_ZNK12WaterConcept4Grid10getCellPosERKNS_8GridCellE	
0x42fce8	.text	_ZN12WaterConcept18ParallaxPuppetShowC2Ev	
0x42febc	.text	_ZN12WaterConcept18ParallaxPuppetShowD1Ev	
0x42ff34	.text	_ZN12WaterConcept18ParallaxPuppetShow11_clearSceneEv	
0x4300ac	.text	_ZN12WaterConcept18ParallaxPuppetShow4initERKNSt6__ndk112basic_stringIcNS1_11char_traitsIcEENS1_9allocatorIcEEEE	
0x4300b0	.text	_ZN12WaterConcept18ParallaxPuppetShow12_loadFromXmlERKNSt6__ndk112basic_stringIcNS1_11char_traitsIcEENS1_9allocatorIcEEEE	
0x43020c	.text	_ZN12WaterConcept18ParallaxPuppetShow5startEv	
0x4302e8	.text	_ZN12WaterConcept18ParallaxPuppetShow6updateEf	
0x4304c0	.text	_ZN12WaterConcept18ParallaxPuppetShow12_doneLoadingEv	
0x430728	.text	_ZN12WaterConcept18ParallaxPuppetShow16_fireCameraMovesEff	
0x43090c	.text	_ZN12WaterConcept18ParallaxPuppetShow16_fireTransitionsEff	
0x4309f8	.text	_ZN12WaterConcept18ParallaxPuppetShow18_fireAnimationCuesEff	
0x430ad4	.text	_ZN12WaterConcept18ParallaxPuppetShow14_fireColorCuesEff	
0x430bc4	.text	_ZN12WaterConcept18ParallaxPuppetShow5pauseEv	
0x430bf4	.text	_ZN12WaterConcept18ParallaxPuppetShow6resumeEv	
0x430c20	.text	_ZN12WaterConcept18ParallaxPuppetShow4drawEv	
0x430da4	.text	_ZN12WaterConcept18ParallaxPuppetShow11_gotXmlFileEPv	
0x433414	.text	_ZN7Walaber9SharedPtrINS_14MemberCallbackIN12WaterConcept18ParallaxPuppetShowEEEED2Ev	
0x43346c	.text	_ZN12WaterConcept18ParallaxPuppetShow20_stringToElementTypeERKNSt6__ndk112basic_stringIcNS1_11char_traitsIcEENS1_9allocatorIcEEEE	
0x433524	.text	_ZN12WaterConcept18ParallaxPuppetShow15_skeletonLoadedEPv	
0x43367c	.text	_ZN12WaterConcept18ParallaxPuppetShow23_stringToTransitionTypeERKNSt6__ndk112basic_stringIcNS1_11char_traitsIcEENS1_9allocatorIcEEEE	
0x4337c4	.text	_ZN7Walaber3XML17parsePropertyListEP8_xmlNodeRNS_12PropertyListE	
0x433a3c	.text	_ZN7Walaber26AnimationCueAnimationTrack17addAnimationEventEfRKNSt6__ndk112basic_stringIcNS1_11char_traitsIcEENS1_9allocatorIcEEEENS_21AnimationPlaybackModeEi	
0x433b9c	.text	_ZN7Walaber18NodeAnimationTrack8setCurveENS_17NodeTrackLocalPosENS_9SharedPtrINS_5CurveEEES4_	
0x433c48	.text	_ZNSt6__ndk16__treeINS_12__value_typeIfN12WaterConcept18ParallaxPuppetShow8ColorCueEEENS_19__map_value_compareIfS5_NS_4lessIfEELb1EEENS_9allocatorIS5_EEE7destroyEPNS_11__tree_nodeIS5_PvEE	
0x433c98	.text	_ZNSt6__ndk16__treeINS_12__value_typeIfN12WaterConcept18ParallaxPuppetShow12AnimationCueEEENS_19__map_value_compareIfS5_NS_4lessIfEELb1EEENS_9allocatorIS5_EEE7destroyEPNS_11__tree_nodeIS5_PvEE	
0x433cf8	.text	_ZNSt6__ndk16__treeINS_12__value_typeIfN12WaterConcept18ParallaxPuppetShow14TransitionDataEEENS_19__map_value_compareIfS5_NS_4lessIfEELb1EEENS_9allocatorIS5_EEE7destroyEPNS_11__tree_nodeIS5_PvEE	
0x433d40	.text	_ZNSt6__ndk16__treeINS_12__value_typeIfN12WaterConcept18ParallaxPuppetShow10CameraMoveEEENS_19__map_value_compareIfS5_NS_4lessIfEELb1EEENS_9allocatorIS5_EEE7destroyEPNS_11__tree_nodeIS5_PvEE	
0x433d80	.text	_ZNSt6__ndk16__treeINS_12__value_typeINS_12basic_stringIcNS_11char_traitsIcEENS_9allocatorIcEEEEN12WaterConcept18ParallaxPuppetShow11ShowElementEEENS_19__map_value_compareIS7_SB_NS_4lessIS7_EELb1EEENS5_ISB_EEE7destroyEPNS_11__tree_nodeISB_PvEE	
0x433dd0	.text	_ZNSt6__ndk16vectorIN7Walaber26AnimationCueAnimationTrack17CueAnimationEventENS_9allocatorIS3_EEE6insertENS_11__wrap_iterIPKS3_EEOS3_	
0x433fd4	.text	_ZNSt6__ndk16vectorIN7Walaber26AnimationCueAnimationTrack17CueAnimationEventENS_9allocatorIS3_EEE12__move_rangeEPS3_S7_S7_	
0x4340f8	.text	_ZNSt6__ndk114__split_bufferIN7Walaber26AnimationCueAnimationTrack17CueAnimationEventERNS_9allocatorIS3_EEEC2EmmS6_	
0x4341bc	.text	_ZNSt6__ndk114__split_bufferIN7Walaber26AnimationCueAnimationTrack17CueAnimationEventERNS_9allocatorIS3_EEE9push_backEOS3_	
0x434404	.text	_ZNSt6__ndk16vectorIN7Walaber26AnimationCueAnimationTrack17CueAnimationEventENS_9allocatorIS3_EEE26__swap_out_circular_bufferERNS_14__split_bufferIS3_RS5_EEPS3_	
0x4344ec	.text	_ZNSt6__ndk114__split_bufferIN7Walaber26AnimationCueAnimationTrack17CueAnimationEventERNS_9allocatorIS3_EEED2Ev	
0x434550	.text	_ZNSt6__ndk16vectorIN7Walaber26AnimationCueAnimationTrack17CueAnimationEventENS_9allocatorIS3_EEE21__push_back_slow_pathIS3_EEvOT_	__push_back_slow_path<Walaber::AnimationCueAnimationTrack::CueAnimationEvent>
0x434674	.text	_ZNSt6__ndk16vectorIN7Walaber26AnimationCueAnimationTrack17CueAnimationEventENS_9allocatorIS3_EEE26__swap_out_circular_bufferERNS_14__split_bufferIS3_RS5_EE	
0x434700	.text	_ZN7Walaber14MemberCallbackIN12WaterConcept18ParallaxPuppetShowEED0Ev	
0x434704	.text	_ZN7Walaber14MemberCallbackIN12WaterConcept18ParallaxPuppetShowEE6invokeEPv	
0x434734	.text	_ZNSt6__ndk16__treeINS_12__value_typeINS_12basic_stringIcNS_11char_traitsIcEENS_9allocatorIcEEEEN12WaterConcept18ParallaxPuppetShow11ShowElementEEENS_19__map_value_compareIS7_SB_NS_4lessIS7_EELb1EEENS5_ISB_EEE15__emplace_multiIJNS_4pairIS7_SA_EEEEENS_15__tree_iteratorISB_PNS_11__tree_nodeISB_PvEElEEDpOT_	__emplace_multi<std::__ndk1::pair<std::__ndk1::basic_string<char,std::__ndk1::char_traits<char>,std::__ndk1::allocator<char>>,WaterConcept::ParallaxPuppetShow::ShowElement>>
0x434810	.text	_ZNSt6__ndk16__treeINS_12__value_typeINS_12basic_stringIcNS_11char_traitsIcEENS_9allocatorIcEEEEN12WaterConcept18ParallaxPuppetShow11ShowElementEEENS_19__map_value_compareIS7_SB_NS_4lessIS7_EELb1EEENS5_ISB_EEE16__find_leaf_highERPNS_15__tree_end_nodeIPNS_16__tree_node_baseIPvEEEERKS7_	
0x4348e4	.text	_ZNSt6__ndk16__treeINS_12__value_typeINS_12basic_stringIcNS_11char_traitsIcEENS_9allocatorIcEEEEN12WaterConcept18ParallaxPuppetShow11ShowElementEEENS_19__map_value_compareIS7_SB_NS_4lessIS7_EELb1EEENS5_ISB_EEE16__insert_node_atEPNS_15__tree_end_nodeIPNS_16__tree_node_baseIPvEEEERSM_SM_	
0x434938	.text	_ZNSt6__ndk16__treeINS_12__value_typeIfN12WaterConcept18ParallaxPuppetShow10CameraMoveEEENS_19__map_value_compareIfS5_NS_4lessIfEELb1EEENS_9allocatorIS5_EEE15__emplace_multiIJNS_4pairIfS4_EEEEENS_15__tree_iteratorIS5_PNS_11__tree_nodeIS5_PvEElEEDpOT_	__emplace_multi<std::__ndk1::pair<float,WaterConcept::ParallaxPuppetShow::CameraMove>>
0x4349dc	.text	_ZNSt6__ndk16__treeINS_12__value_typeIfN12WaterConcept18ParallaxPuppetShow10CameraMoveEEENS_19__map_value_compareIfS5_NS_4lessIfEELb1EEENS_9allocatorIS5_EEE16__insert_node_atEPNS_15__tree_end_nodeIPNS_16__tree_node_baseIPvEEEERSH_SH_	
0x434a30	.text	_ZNSt6__ndk16__treeINS_12__value_typeIfN12WaterConcept18ParallaxPuppetShow14TransitionDataEEENS_19__map_value_compareIfS5_NS_4lessIfEELb1EEENS_9allocatorIS5_EEE15__emplace_multiIJNS_4pairIfS4_EEEEENS_15__tree_iteratorIS5_PNS_11__tree_nodeIS5_PvEElEEDpOT_	__emplace_multi<std::__ndk1::pair<float,WaterConcept::ParallaxPuppetShow::TransitionData>>
0x434ad4	.text	_ZNSt6__ndk16__treeINS_12__value_typeIfN12WaterConcept18ParallaxPuppetShow14TransitionDataEEENS_19__map_value_compareIfS5_NS_4lessIfEELb1EEENS_9allocatorIS5_EEE16__construct_nodeIJNS_4pairIfS4_EEEEENS_10unique_ptrINS_11__tree_nodeIS5_PvEENS_22__tree_node_destructorINSA_ISJ_EEEEEEDpOT_	__construct_node<std::__ndk1::pair<float,WaterConcept::ParallaxPuppetShow::TransitionData>>
0x434bdc	.text	_ZNSt6__ndk16__treeINS_12__value_typeIfN12WaterConcept18ParallaxPuppetShow14TransitionDataEEENS_19__map_value_compareIfS5_NS_4lessIfEELb1EEENS_9allocatorIS5_EEE16__insert_node_atEPNS_15__tree_end_nodeIPNS_16__tree_node_baseIPvEEEERSH_SH_	
0x434c30	.text	_ZNSt6__ndk16__treeINS_12__value_typeINS_12basic_stringIcNS_11char_traitsIcEENS_9allocatorIcEEEEN12WaterConcept18ParallaxPuppetShow11ShowElementEEENS_19__map_value_compareIS7_SB_NS_4lessIS7_EELb1EEENS5_ISB_EEE4findIS7_EENS_15__tree_iteratorISB_PNS_11__tree_nodeISB_PvEElEERKT_	find<std::__ndk1::basic_string<char,std::__ndk1::char_traits<char>,std::__ndk1::allocator<char>>>
0x434ce8	.text	_ZNSt6__ndk16__treeINS_12__value_typeINS_12basic_stringIcNS_11char_traitsIcEENS_9allocatorIcEEEEN12WaterConcept18ParallaxPuppetShow11ShowElementEEENS_19__map_value_compareIS7_SB_NS_4lessIS7_EELb1EEENS5_ISB_EEE13__lower_boundIS7_EENS_15__tree_iteratorISB_PNS_11__tree_nodeISB_PvEElEERKT_SN_PNS_15__tree_end_nodeIPNS_16__tree_node_baseISL_EEEE	__lower_bound<std::__ndk1::basic_string<char,std::__ndk1::char_traits<char>,std::__ndk1::allocator<char>>>
0x434d98	.text	_ZNSt6__ndk16__treeINS_12__value_typeIfN12WaterConcept18ParallaxPuppetShow12AnimationCueEEENS_19__map_value_compareIfS5_NS_4lessIfEELb1EEENS_9allocatorIS5_EEE15__emplace_multiIJNS_4pairIfS4_EEEEENS_15__tree_iteratorIS5_PNS_11__tree_nodeIS5_PvEElEEDpOT_	__emplace_multi<std::__ndk1::pair<float,WaterConcept::ParallaxPuppetShow::AnimationCue>>
0x434e5c	.text	_ZNSt6__ndk16__treeINS_12__value_typeIfN12WaterConcept18ParallaxPuppetShow12AnimationCueEEENS_19__map_value_compareIfS5_NS_4lessIfEELb1EEENS_9allocatorIS5_EEE16__insert_node_atEPNS_15__tree_end_nodeIPNS_16__tree_node_baseIPvEEEERSH_SH_	
0x434eb0	.text	_ZNSt6__ndk16__treeINS_12__value_typeIfN12WaterConcept18ParallaxPuppetShow8ColorCueEEENS_19__map_value_compareIfS5_NS_4lessIfEELb1EEENS_9allocatorIS5_EEE15__emplace_multiIJNS_4pairIfS4_EEEEENS_15__tree_iteratorIS5_PNS_11__tree_nodeIS5_PvEElEEDpOT_	__emplace_multi<std::__ndk1::pair<float,WaterConcept::ParallaxPuppetShow::ColorCue>>
0x434f7c	.text	_ZNSt6__ndk16__treeINS_12__value_typeIfN12WaterConcept18ParallaxPuppetShow8ColorCueEEENS_19__map_value_compareIfS5_NS_4lessIfEELb1EEENS_9allocatorIS5_EEE16__insert_node_atEPNS_15__tree_end_nodeIPNS_16__tree_node_baseIPvEEEERSH_SH_	
0x434fd0	.text	_ZNSt6__ndk16__treeINS_12__value_typeINS_12basic_stringIcNS_11char_traitsIcEENS_9allocatorIcEEEEN12WaterConcept18ParallaxPuppetShow11ShowElementEEENS_19__map_value_compareIS7_SB_NS_4lessIS7_EELb1EEENS5_ISB_EEE19__equal_range_multiIS7_EENS_4pairINS_15__tree_iteratorISB_PNS_11__tree_nodeISB_PvEElEESP_EERKT_	__equal_range_multi<std::__ndk1::basic_string<char,std::__ndk1::char_traits<char>,std::__ndk1::allocator<char>>>
0x43511c	.text	_ZNSt6__ndk16__treeINS_12__value_typeINS_12basic_stringIcNS_11char_traitsIcEENS_9allocatorIcEEEEN12WaterConcept18ParallaxPuppetShow11ShowElementEEENS_19__map_value_compareIS7_SB_NS_4lessIS7_EELb1EEENS5_ISB_EEE13__upper_boundIS7_EENS_15__tree_iteratorISB_PNS_11__tree_nodeISB_PvEElEERKT_SN_PNS_15__tree_end_nodeIPNS_16__tree_node_baseISL_EEEE	__upper_bound<std::__ndk1::basic_string<char,std::__ndk1::char_traits<char>,std::__ndk1::allocator<char>>>
0x4351d0	.text	_ZNSt6__ndk13mapINS_12basic_stringIcNS_11char_traitsIcEENS_9allocatorIcEEEEN12WaterConcept20PlayerDataSerializer13LevelPackInfoENS_4lessIS6_EENS4_INS_4pairIKS6_S9_EEEEED2Ev	
0x4351d8	.text	_ZNSt6__ndk13mapINS_12basic_stringIcNS_11char_traitsIcEENS_9allocatorIcEEEEN12WaterConcept20PlayerDataSerializer9LevelInfoENS_4lessIS6_EENS4_INS_4pairIKS6_S9_EEEEED2Ev	
0x4351e0	.text	_ZNSt6__ndk13mapINS_12basic_stringIcNS_11char_traitsIcEENS_9allocatorIcEEEEN12WaterConcept20PlayerDataSerializer15AchievementInfoENS_4lessIS6_EENS4_INS_4pairIKS6_S9_EEEEED2Ev	
0x4351e8	.text	_ZNSt6__ndk13mapIjN12WaterConcept20PlayerDataSerializer15CollectibleInfoENS_4lessIjEENS_9allocatorINS_4pairIKjS3_EEEEED2Ev	
0x4351f0	.text	_ZNSt6__ndk13mapIjN12WaterConcept20PlayerDataSerializer19CrankyChallengeInfoENS_4lessIjEENS_9allocatorINS_4pairIKjS3_EEEEED2Ev	
0x4351f8	.text	_ZNSt6__ndk13mapIjN12WaterConcept20PlayerDataSerializer18AllieChallengeInfoENS_4lessIjEENS_9allocatorINS_4pairIKjS3_EEEEED2Ev	
0x435200	.text	_ZN12WaterConcept20PlayerDataSerializerC2Ev	
0x435204	.text	_ZN12WaterConcept20PlayerDataSerializerD1Ev	
0x435208	.text	_ZN12WaterConcept20PlayerDataSerializer21initAndMergeLocalInfoEv	
0x43523c	.text	_ZN12WaterConcept20PlayerDataSerializer30initAndMergeLocalLevelPackInfoEv	
0x4355ac	.text	_ZN12WaterConcept20PlayerDataSerializer26initAndMergeLocalLevelInfoEv	
0x435d18	.text	_ZN12WaterConcept20PlayerDataSerializer32initAndMergeLocalAchievementInfoEv	
0x436000	.text	_ZN12WaterConcept20PlayerDataSerializer32initAndMergeLocalCollectibleInfoEv	
0x43637c	.text	_ZN12WaterConcept20PlayerDataSerializer36initAndMergeLocalCrankyChallengeInfoEv	
0x4365f0	.text	_ZN12WaterConcept20PlayerDataSerializer31initAndMergeLocalCrankyFoodInfoEv	
0x43696c	.text	_ZN12WaterConcept20PlayerDataSerializer31initAndMergeLocalAllieMusicInfoEv	
0x436ce0	.text	_ZN12WaterConcept20PlayerDataSerializer35initAndMergeLocalAllieChallengeInfoEv	
0x436f54	.text	_ZN12WaterConcept20PlayerDataSerializer15mergeRemoteInfoERNSt6__ndk112basic_stringIcNS1_11char_traitsIcEENS1_9allocatorIcEEEES8_S8_S8_S8_S8_S8_S8_	
0x437000	.text	_ZN12WaterConcept20PlayerDataSerializer32deserializeAndMergeLevelPackInfoERKNSt6__ndk112basic_stringIcNS1_11char_traitsIcEENS1_9allocatorIcEEEE	
0x437250	.text	_ZN12WaterConcept20PlayerDataSerializer28deserializeAndMergeLevelInfoERKNSt6__ndk112basic_stringIcNS1_11char_traitsIcEENS1_9allocatorIcEEEE	
0x437558	.text	_ZN12WaterConcept20PlayerDataSerializer34deserializeAndMergeAchievementInfoERKNSt6__ndk112basic_stringIcNS1_11char_traitsIcEENS1_9allocatorIcEEEE	
0x437730	.text	_ZN12WaterConcept20PlayerDataSerializer34deserializeAndMergeCollectibleInfoERKNSt6__ndk112basic_stringIcNS1_11char_traitsIcEENS1_9allocatorIcEEEE	
0x4379b4	.text	_ZN12WaterConcept20PlayerDataSerializer38deserializeAndMergeCrankyChallengeInfoERKNSt6__ndk112basic_stringIcNS1_11char_traitsIcEENS1_9allocatorIcEEEE	
0x437bf0	.text	_ZN12WaterConcept20PlayerDataSerializer33deserializeAndMergeCrankyFoodInfoERKNSt6__ndk112basic_stringIcNS1_11char_traitsIcEENS1_9allocatorIcEEEE	
0x437e74	.text	_ZN12WaterConcept20PlayerDataSerializer33deserializeAndMergeAllieMusicInfoERKNSt6__ndk112basic_stringIcNS1_11char_traitsIcEENS1_9allocatorIcEEEE	
0x4380f8	.text	_ZN12WaterConcept20PlayerDataSerializer37deserializeAndMergeAllieChallengeInfoERKNSt6__ndk112basic_stringIcNS1_11char_traitsIcEENS1_9allocatorIcEEEE	
0x438334	.text	_ZN12WaterConcept20PlayerDataSerializer19getStorylineForPackERKNSt6__ndk112basic_stringIcNS1_11char_traitsIcEENS1_9allocatorIcEEEE	
0x438550	.text	_ZN12WaterConcept20PlayerDataSerializer22levelAndStorylineToKeyERKNSt6__ndk112basic_stringIcNS1_11char_traitsIcEENS1_9allocatorIcEEEEi	
0x438578	.text	_ZN12WaterConcept20PlayerDataSerializer9LevelInfo5mergeEhhjji	
0x4385f8	.text	_ZN12WaterConcept20PlayerDataSerializer22serializeLevelPackInfoEv	
0x4387cc	.text	_ZN12WaterConcept20PlayerDataSerializer18serializeLevelInfoEv	
0x438be8	.text	_ZN12WaterConcept20PlayerDataSerializer24serializeAchievementInfoEv	
0x438da0	.text	_ZN12WaterConcept20PlayerDataSerializer24serializeCollectibleInfoEv	
0x438fc0	.text	_ZN12WaterConcept20PlayerDataSerializer28serializeCrankyChallengeInfoEv	
0x4391b0	.text	_ZN12WaterConcept20PlayerDataSerializer23serializeCrankyFoodInfoEv	
0x4393d0	.text	_ZN12WaterConcept20PlayerDataSerializer23serializeAllieMusicInfoEv	
0x4395f0	.text	_ZN12WaterConcept20PlayerDataSerializer27serializeAllieChallengeInfoEv	
0x4397e0	.text	_ZN12WaterConcept20PlayerDataSerializer25_updateLocalLevelPackInfoERNSt6__ndk112basic_stringIcNS1_11char_traitsIcEENS1_9allocatorIcEEEENS0_13LevelPackInfoE	
0x439bf8	.text	_ZN12WaterConcept20PlayerDataSerializer21_updateLocalLevelInfoERNSt6__ndk112basic_stringIcNS1_11char_traitsIcEENS1_9allocatorIcEEEENS0_9LevelInfoE	
0x43adb8	.text	_ZN12WaterConcept20PlayerDataSerializer27_updateLocalAchievementInfoERNSt6__ndk112basic_stringIcNS1_11char_traitsIcEENS1_9allocatorIcEEEENS0_15AchievementInfoE	
0x43b278	.text	_ZN12WaterConcept20PlayerDataSerializer27_updateLocalCollectibleInfoEjNS0_15CollectibleInfoE	
0x43b670	.text	_ZN12WaterConcept20PlayerDataSerializer31_updateLocalCrankyChallengeInfoEjNS0_19CrankyChallengeInfoE	
0x43b934	.text	_ZN12WaterConcept20PlayerDataSerializer26_updateLocalCrankyFoodInfoEjNS0_15CollectibleInfoE	
0x43bd24	.text	_ZN12WaterConcept20PlayerDataSerializer26_updateLocalAllieMusicInfoEjNS0_15CollectibleInfoE	
0x43c110	.text	_ZN12WaterConcept20PlayerDataSerializer30_updateLocalAllieChallengeInfoEjNS0_18AllieChallengeInfoE	
0x43c3d4	.text	_ZN12WaterConcept20PlayerDataSerializer22reUpdateLocalLevelInfoERNSt6__ndk112basic_stringIcNS1_11char_traitsIcEENS1_9allocatorIcEEEE	
0x43c448	.text	_ZN12WaterConcept20PlayerDataSerializer37decodeLevelAndStorylineBitmaskFromKeyERKNSt6__ndk112basic_stringIcNS1_11char_traitsIcEENS1_9allocatorIcEEEERi	
0x43c594	.text	_ZN12WaterConcept20PlayerDataSerializer29storyLineBitmaskFromStorylineEi	
0x43c5a8	.text	_ZNSt6__ndk16__treeINS_12__value_typeINS_12basic_stringIcNS_11char_traitsIcEENS_9allocatorIcEEEEN12WaterConcept20PlayerDataSerializer13LevelPackInfoEEENS_19__map_value_compareIS7_SB_NS_4lessIS7_EELb1EEENS5_ISB_EEE4findIS7_EENS_15__tree_iteratorISB_PNS_11__tree_nodeISB_PvEElEERKT_	find<std::__ndk1::basic_string<char,std::__ndk1::char_traits<char>,std::__ndk1::allocator<char>>>
0x43c660	.text	_ZNSt6__ndk16__treeINS_12__value_typeINS_12basic_stringIcNS_11char_traitsIcEENS_9allocatorIcEEEEN12WaterConcept20PlayerDataSerializer13LevelPackInfoEEENS_19__map_value_compareIS7_SB_NS_4lessIS7_EELb1EEENS5_ISB_EEE13__lower_boundIS7_EENS_15__tree_iteratorISB_PNS_11__tree_nodeISB_PvEElEERKT_SN_PNS_15__tree_end_nodeIPNS_16__tree_node_baseISL_EEEE	__lower_bound<std::__ndk1::basic_string<char,std::__ndk1::char_traits<char>,std::__ndk1::allocator<char>>>
0x43c710	.text	_ZNSt6__ndk16__treeINS_12__value_typeINS_12basic_stringIcNS_11char_traitsIcEENS_9allocatorIcEEEEN12WaterConcept20PlayerDataSerializer13LevelPackInfoEEENS_19__map_value_compareIS7_SB_NS_4lessIS7_EELb1EEENS5_ISB_EEE25__emplace_unique_key_argsIS7_JRKNS_21piecewise_construct_tENS_5tupleIJRKS7_EEENSM_IJEEEEEENS_4pairINS_15__tree_iteratorISB_PNS_11__tree_nodeISB_PvEElEEbEERKT_DpOT0_	__emplace_unique_key_args<std::__ndk1::basic_string<char,std::__ndk1::char_traits<char>,std::__ndk1::allocator<char>>,std::__ndk1::piecewise_construct_t_const&,std::__ndk1::tuple<std::__ndk1::basic_string<char,std::__ndk1::char_traits<char>,std::__ndk1::allocator<char>>const&>,std::__ndk1::tuple<>>
0x43c7c0	.text	_ZNSt6__ndk16__treeINS_12__value_typeINS_12basic_stringIcNS_11char_traitsIcEENS_9allocatorIcEEEEN12WaterConcept20PlayerDataSerializer13LevelPackInfoEEENS_19__map_value_compareIS7_SB_NS_4lessIS7_EELb1EEENS5_ISB_EEE12__find_equalIS7_EERPNS_16__tree_node_baseIPvEERPNS_15__tree_end_nodeISM_EERKT_	__find_equal<std::__ndk1::basic_string<char,std::__ndk1::char_traits<char>,std::__ndk1::allocator<char>>>
0x43c8ec	.text	_ZNSt6__ndk16__treeINS_12__value_typeINS_12basic_stringIcNS_11char_traitsIcEENS_9allocatorIcEEEEN12WaterConcept20PlayerDataSerializer13LevelPackInfoEEENS_19__map_value_compareIS7_SB_NS_4lessIS7_EELb1EEENS5_ISB_EEE16__construct_nodeIJRKNS_21piecewise_construct_tENS_5tupleIJRKS7_EEENSM_IJEEEEEENS_10unique_ptrINS_11__tree_nodeISB_PvEENS_22__tree_node_destructorINS5_ISU_EEEEEEDpOT_	__construct_node<std::__ndk1::piecewise_construct_t_const&,std::__ndk1::tuple<std::__ndk1::basic_string<char,std::__ndk1::char_traits<char>,std::__ndk1::allocator<char>>const&>,std::__ndk1::tuple<>>
0x43c95c	.text	_ZNSt6__ndk16__treeINS_12__value_typeINS_12basic_stringIcNS_11char_traitsIcEENS_9allocatorIcEEEEN12WaterConcept20PlayerDataSerializer13LevelPackInfoEEENS_19__map_value_compareIS7_SB_NS_4lessIS7_EELb1EEENS5_ISB_EEE16__insert_node_atEPNS_15__tree_end_nodeIPNS_16__tree_node_baseIPvEEEERSM_SM_	
0x43c9b0	.text	_ZNSt6__ndk16__treeINS_12__value_typeINS_12basic_stringIcNS_11char_traitsIcEENS_9allocatorIcEEEEN12WaterConcept20PlayerDataSerializer9LevelInfoEEENS_19__map_value_compareIS7_SB_NS_4lessIS7_EELb1EEENS5_ISB_EEE4findIS7_EENS_15__tree_iteratorISB_PNS_11__tree_nodeISB_PvEElEERKT_	find<std::__ndk1::basic_string<char,std::__ndk1::char_traits<char>,std::__ndk1::allocator<char>>>
0x43ca68	.text	_ZNSt6__ndk16__treeINS_12__value_typeINS_12basic_stringIcNS_11char_traitsIcEENS_9allocatorIcEEEEN12WaterConcept20PlayerDataSerializer9LevelInfoEEENS_19__map_value_compareIS7_SB_NS_4lessIS7_EELb1EEENS5_ISB_EEE13__lower_boundIS7_EENS_15__tree_iteratorISB_PNS_11__tree_nodeISB_PvEElEERKT_SN_PNS_15__tree_end_nodeIPNS_16__tree_node_baseISL_EEEE	__lower_bound<std::__ndk1::basic_string<char,std::__ndk1::char_traits<char>,std::__ndk1::allocator<char>>>
0x43cb18	.text	_ZNSt6__ndk16__treeINS_12__value_typeINS_12basic_stringIcNS_11char_traitsIcEENS_9allocatorIcEEEEN12WaterConcept20PlayerDataSerializer9LevelInfoEEENS_19__map_value_compareIS7_SB_NS_4lessIS7_EELb1EEENS5_ISB_EEE25__emplace_unique_key_argsIS7_JRKNS_21piecewise_construct_tENS_5tupleIJRKS7_EEENSM_IJEEEEEENS_4pairINS_15__tree_iteratorISB_PNS_11__tree_nodeISB_PvEElEEbEERKT_DpOT0_	__emplace_unique_key_args<std::__ndk1::basic_string<char,std::__ndk1::char_traits<char>,std::__ndk1::allocator<char>>,std::__ndk1::piecewise_construct_t_const&,std::__ndk1::tuple<std::__ndk1::basic_string<char,std::__ndk1::char_traits<char>,std::__ndk1::allocator<char>>const&>,std::__ndk1::tuple<>>
0x43cbc8	.text	_ZNSt6__ndk16__treeINS_12__value_typeINS_12basic_stringIcNS_11char_traitsIcEENS_9allocatorIcEEEEN12WaterConcept20PlayerDataSerializer9LevelInfoEEENS_19__map_value_compareIS7_SB_NS_4lessIS7_EELb1EEENS5_ISB_EEE12__find_equalIS7_EERPNS_16__tree_node_baseIPvEERPNS_15__tree_end_nodeISM_EERKT_	__find_equal<std::__ndk1::basic_string<char,std::__ndk1::char_traits<char>,std::__ndk1::allocator<char>>>
0x43ccf4	.text	_ZNSt6__ndk16__treeINS_12__value_typeINS_12basic_stringIcNS_11char_traitsIcEENS_9allocatorIcEEEEN12WaterConcept20PlayerDataSerializer9LevelInfoEEENS_19__map_value_compareIS7_SB_NS_4lessIS7_EELb1EEENS5_ISB_EEE16__construct_nodeIJRKNS_21piecewise_construct_tENS_5tupleIJRKS7_EEENSM_IJEEEEEENS_10unique_ptrINS_11__tree_nodeISB_PvEENS_22__tree_node_destructorINS5_ISU_EEEEEEDpOT_	__construct_node<std::__ndk1::piecewise_construct_t_const&,std::__ndk1::tuple<std::__ndk1::basic_string<char,std::__ndk1::char_traits<char>,std::__ndk1::allocator<char>>const&>,std::__ndk1::tuple<>>
0x43cd70	.text	_ZNSt6__ndk16__treeINS_12__value_typeINS_12basic_stringIcNS_11char_traitsIcEENS_9allocatorIcEEEEN12WaterConcept20PlayerDataSerializer9LevelInfoEEENS_19__map_value_compareIS7_SB_NS_4lessIS7_EELb1EEENS5_ISB_EEE16__insert_node_atEPNS_15__tree_end_nodeIPNS_16__tree_node_baseIPvEEEERSM_SM_	
0x43cdc4	.text	_ZNSt6__ndk16__treeINS_12__value_typeINS_12basic_stringIcNS_11char_traitsIcEENS_9allocatorIcEEEEN12WaterConcept20PlayerDataSerializer15AchievementInfoEEENS_19__map_value_compareIS7_SB_NS_4lessIS7_EELb1EEENS5_ISB_EEE4findIS7_EENS_15__tree_iteratorISB_PNS_11__tree_nodeISB_PvEElEERKT_	find<std::__ndk1::basic_string<char,std::__ndk1::char_traits<char>,std::__ndk1::allocator<char>>>
0x43ce7c	.text	_ZNSt6__ndk16__treeINS_12__value_typeINS_12basic_stringIcNS_11char_traitsIcEENS_9allocatorIcEEEEN12WaterConcept20PlayerDataSerializer15AchievementInfoEEENS_19__map_value_compareIS7_SB_NS_4lessIS7_EELb1EEENS5_ISB_EEE13__lower_boundIS7_EENS_15__tree_iteratorISB_PNS_11__tree_nodeISB_PvEElEERKT_SN_PNS_15__tree_end_nodeIPNS_16__tree_node_baseISL_EEEE	__lower_bound<std::__ndk1::basic_string<char,std::__ndk1::char_traits<char>,std::__ndk1::allocator<char>>>
0x43cf2c	.text	_ZNSt6__ndk16__treeINS_12__value_typeINS_12basic_stringIcNS_11char_traitsIcEENS_9allocatorIcEEEEN12WaterConcept20PlayerDataSerializer15AchievementInfoEEENS_19__map_value_compareIS7_SB_NS_4lessIS7_EELb1EEENS5_ISB_EEE25__emplace_unique_key_argsIS7_JRKNS_21piecewise_construct_tENS_5tupleIJRKS7_EEENSM_IJEEEEEENS_4pairINS_15__tree_iteratorISB_PNS_11__tree_nodeISB_PvEElEEbEERKT_DpOT0_	__emplace_unique_key_args<std::__ndk1::basic_string<char,std::__ndk1::char_traits<char>,std::__ndk1::allocator<char>>,std::__ndk1::piecewise_construct_t_const&,std::__ndk1::tuple<std::__ndk1::basic_string<char,std::__ndk1::char_traits<char>,std::__ndk1::allocator<char>>const&>,std::__ndk1::tuple<>>
0x43cfdc	.text	_ZNSt6__ndk16__treeINS_12__value_typeINS_12basic_stringIcNS_11char_traitsIcEENS_9allocatorIcEEEEN12WaterConcept20PlayerDataSerializer15AchievementInfoEEENS_19__map_value_compareIS7_SB_NS_4lessIS7_EELb1EEENS5_ISB_EEE12__find_equalIS7_EERPNS_16__tree_node_baseIPvEERPNS_15__tree_end_nodeISM_EERKT_	__find_equal<std::__ndk1::basic_string<char,std::__ndk1::char_traits<char>,std::__ndk1::allocator<char>>>
0x43d108	.text	_ZNSt6__ndk16__treeINS_12__value_typeINS_12basic_stringIcNS_11char_traitsIcEENS_9allocatorIcEEEEN12WaterConcept20PlayerDataSerializer15AchievementInfoEEENS_19__map_value_compareIS7_SB_NS_4lessIS7_EELb1EEENS5_ISB_EEE16__construct_nodeIJRKNS_21piecewise_construct_tENS_5tupleIJRKS7_EEENSM_IJEEEEEENS_10unique_ptrINS_11__tree_nodeISB_PvEENS_22__tree_node_destructorINS5_ISU_EEEEEEDpOT_	__construct_node<std::__ndk1::piecewise_construct_t_const&,std::__ndk1::tuple<std::__ndk1::basic_string<char,std::__ndk1::char_traits<char>,std::__ndk1::allocator<char>>const&>,std::__ndk1::tuple<>>
0x43d178	.text	_ZNSt6__ndk16__treeINS_12__value_typeINS_12basic_stringIcNS_11char_traitsIcEENS_9allocatorIcEEEEN12WaterConcept20PlayerDataSerializer15AchievementInfoEEENS_19__map_value_compareIS7_SB_NS_4lessIS7_EELb1EEENS5_ISB_EEE16__insert_node_atEPNS_15__tree_end_nodeIPNS_16__tree_node_baseIPvEEEERSM_SM_	
0x43d1cc	.text	_ZNSt6__ndk16__treeINS_12__value_typeIjN12WaterConcept20PlayerDataSerializer15CollectibleInfoEEENS_19__map_value_compareIjS5_NS_4lessIjEELb1EEENS_9allocatorIS5_EEE25__emplace_unique_key_argsIjJRKNS_21piecewise_construct_tENS_5tupleIJRKjEEENSH_IJEEEEEENS_4pairINS_15__tree_iteratorIS5_PNS_11__tree_nodeIS5_PvEElEEbEERKT_DpOT0_	__emplace_unique_key_args<unsigned_int,std::__ndk1::piecewise_construct_t_const&,std::__ndk1::tuple<unsigned_int_const&>,std::__ndk1::tuple<>>
0x43d2a0	.text	_ZNSt6__ndk16__treeINS_12__value_typeIjN12WaterConcept20PlayerDataSerializer15CollectibleInfoEEENS_19__map_value_compareIjS5_NS_4lessIjEELb1EEENS_9allocatorIS5_EEE16__insert_node_atEPNS_15__tree_end_nodeIPNS_16__tree_node_baseIPvEEEERSH_SH_	
0x43d2f4	.text	_ZNSt6__ndk16__treeINS_12__value_typeIjN12WaterConcept20PlayerDataSerializer19CrankyChallengeInfoEEENS_19__map_value_compareIjS5_NS_4lessIjEELb1EEENS_9allocatorIS5_EEE25__emplace_unique_key_argsIjJRKNS_21piecewise_construct_tENS_5tupleIJRKjEEENSH_IJEEEEEENS_4pairINS_15__tree_iteratorIS5_PNS_11__tree_nodeIS5_PvEElEEbEERKT_DpOT0_	__emplace_unique_key_args<unsigned_int,std::__ndk1::piecewise_construct_t_const&,std::__ndk1::tuple<unsigned_int_const&>,std::__ndk1::tuple<>>
0x43d3c8	.text	_ZNSt6__ndk16__treeINS_12__value_typeIjN12WaterConcept20PlayerDataSerializer19CrankyChallengeInfoEEENS_19__map_value_compareIjS5_NS_4lessIjEELb1EEENS_9allocatorIS5_EEE16__insert_node_atEPNS_15__tree_end_nodeIPNS_16__tree_node_baseIPvEEEERSH_SH_	
0x43d41c	.text	_ZNSt6__ndk16__treeINS_12__value_typeIjN12WaterConcept20PlayerDataSerializer18AllieChallengeInfoEEENS_19__map_value_compareIjS5_NS_4lessIjEELb1EEENS_9allocatorIS5_EEE25__emplace_unique_key_argsIjJRKNS_21piecewise_construct_tENS_5tupleIJRKjEEENSH_IJEEEEEENS_4pairINS_15__tree_iteratorIS5_PNS_11__tree_nodeIS5_PvEElEEbEERKT_DpOT0_	__emplace_unique_key_args<unsigned_int,std::__ndk1::piecewise_construct_t_const&,std::__ndk1::tuple<unsigned_int_const&>,std::__ndk1::tuple<>>
0x43d4f0	.text	_ZNSt6__ndk16__treeINS_12__value_typeIjN12WaterConcept20PlayerDataSerializer18AllieChallengeInfoEEENS_19__map_value_compareIjS5_NS_4lessIjEELb1EEENS_9allocatorIS5_EEE16__insert_node_atEPNS_15__tree_end_nodeIPNS_16__tree_node_baseIPvEEEERSH_SH_	
0x43d544	.text	_ZN12WaterConcept15PurchaseHandlerC1Ev	
0x43d580	.text	_ZN12WaterConcept15PurchaseHandlerD2Ev	
0x43d5c0	.text	_ZN12WaterConcept15PurchaseHandlerD0Ev	
0x43d5e4	.text	_ZN12WaterConcept15PurchaseHandler14getInstancePtrEv	
0x43d654	.text	_ZN12WaterConcept15PurchaseHandler4initEv	
0x43d660	.text	_ZN12WaterConcept15PurchaseHandler9messageRxERKN7Walaber7MessageE	
0x43e6a4	.text	_ZN12WaterConcept15PurchaseHandler16_processPurchaseENSt6__ndk112basic_stringIcNS1_11char_traitsIcEENS1_9allocatorIcEEEE	
0x43f380	.text	_ZN12WaterConcept15PurchaseHandler24_processPurchaseSpecificENSt6__ndk112basic_stringIcNS1_11char_traitsIcEENS1_9allocatorIcEEEE	
0x4427c0	.text	_ZN12WaterConcept15PurchaseHandler29_processFakeLocksmithPurchaseENSt6__ndk112basic_stringIcNS1_11char_traitsIcEENS1_9allocatorIcEEEE	
0x442e08	.text	_ZN12WaterConcept16PushLevelHandlerC2Ev	
0x442e0c	.text	_ZN12WaterConcept16PushLevelHandlerD1Ev	
0x442e10	.text	_ZN12WaterConcept16PushLevelHandler10InitialiseEv	
0x442f74	.text	_ZN12WaterConcept16PushLevelHandler14OnLevelCommandEPv	
0x443084	.text	_ZN12WaterConcept13SeaweedStrandC1Ev	
0x4430fc	.text	_ZN7Walaber11ParticleSetC2Ev	
0x443170	.text	_ZN12WaterConcept13SeaweedStrandD1Ev	
0x4431a4	.text	_ZN12WaterConcept13SeaweedStrand4initEffiRKN7Walaber7Vector2Eff	
0x4432fc	.text	_ZN7Walaber11ParticleSet11addParticleEfRKNS_7Vector2EfS3_Ri	
0x443440	.text	_ZN12WaterConcept13SeaweedStrand10setTextureEN7Walaber9SharedPtrINS1_7TextureEEE	
0x443448	.text	_ZN12WaterConcept13SeaweedStrand17setBottomPositionERKN7Walaber7Vector2E	
0x443468	.text	_ZN12WaterConcept13SeaweedStrand6updateEf	
0x443518	.text	_ZN12WaterConcept13SeaweedStrand18_applySpringForcesEv	
0x443628	.text	_ZN12WaterConcept13SeaweedStrand25_applyPositionConstraintsEv	
0x443710	.text	_ZN12WaterConcept13SeaweedStrand4drawEPN7Walaber11SpriteBatchE	
0x4439b0	.text	_ZN12WaterConcept13SeaweedStrand16handleTouchMovedERKN7Walaber7Vector2ES4_f	
0x443aec	.text	_ZN12WaterConcept13ShowerCurtainC2Ev	
0x443b50	.text	_ZN12WaterConcept13ShowerCurtainD2Ev	
0x443ba8	.text	_ZN12WaterConcept13ShowerCurtain4initEffiiRKN7Walaber7Vector2Eff	
0x443d50	.text	_ZN12WaterConcept13ShowerCurtain10setTextureEN7Walaber9SharedPtrINS1_7TextureEEE	
0x443d58	.text	_ZN12WaterConcept13ShowerCurtain18setTopLeftPositionERKN7Walaber7Vector2Ef	
0x443da4	.text	_ZN12WaterConcept13ShowerCurtain6updateEf	
0x443e0c	.text	_ZN12WaterConcept13ShowerCurtain18_applySpringForcesEv	
0x444248	.text	_ZN12WaterConcept13ShowerCurtain4drawEPN7Walaber11SpriteBatchE	
0x444524	.text	_ZN12WaterConcept13ShowerCurtain19_getLightingForVertEii	
0x444778	.text	_ZN12WaterConcept13ShowerCurtain16handleTouchMovedERKN7Walaber7Vector2ES4_	
0x4448b0	.text	_ZN12WaterConcept5WorldC1Efi	
0x44600c	.text	_ZN12WaterConcept5World17_initLookupTablesEv	
0x446e24	.text	_ZNSt6__ndk16vectorIN7Walaber19PositionTextureVertENS_9allocatorIS2_EEEC2Em	
0x446e80	.text	_ZNSt6__ndk16vectorIN7Walaber17PositionColorVertENS_9allocatorIS2_EEEC2Em	
0x446ee0	.text	_ZN12WaterConcept5World11_gotOtherSEEPv	
0x446fd4	.text	_ZN12WaterConcept5World11_gotAlgaeSEEPv	
0x4470bc	.text	_ZN12WaterConcept5World9_gotMixSEEPv	
0x447174	.text	_ZN12WaterConcept5World11_gotSpoutSEEPv	
0x44722c	.text	_ZN12WaterConcept5World9_gotFanSEEPv	
0x447314	.text	_ZN7Walaber10RingBufferIiE11setCapacityEi	
0x447360	.text	_ZN12WaterConcept5World18_calcUVScaleFactorEv	
0x447384	.text	_ZN7Walaber9SharedPtrINS_14MemberCallbackIN12WaterConcept5WorldEEEED2Ev	
0x4473dc	.text	_ZNSt6__ndk13setIiNS_4lessIiEENS_9allocatorIiEEED2Ev	
0x4473e4	.text	_ZN12WaterConcept5WorldD1Ev	
0x447d60	.text	_ZN12WaterConcept9IndexGridINSt6__ndk13mapIiNS_5World7VBODataENS1_4lessIiEENS1_9allocatorINS1_4pairIKiS4_EEEEEEED2Ev	
0x447dc8	.text	_ZN7Walaber17RibbonParticleSetILi10EED2Ev	
0x447e38	.text	_ZN12WaterConcept5World9loadLevelERKNSt6__ndk112basic_stringIcNS1_11char_traitsIcEENS1_9allocatorIcEEEEN7Walaber9SharedPtrINSA_8CallbackEEE	
0x447f48	.text	_ZN12WaterConcept5World9loadLevelERKNSt6__ndk112basic_stringIcNS1_11char_traitsIcEENS1_9allocatorIcEEEES9_N7Walaber9SharedPtrINSA_8CallbackEEE	
0x4480a8	.text	_ZN12WaterConcept5World20resetPhotoFinishDuckEv	
0x4480cc	.text	_ZN12WaterConcept5World18createGridFromFileERKNSt6__ndk112basic_stringIcNS1_11char_traitsIcEENS1_9allocatorIcEEEE	
0x448270	.text	_ZN12WaterConcept5World20setLevelRequirementsERNSt6__ndk112basic_stringIcNS1_11char_traitsIcEENS1_9allocatorIcEEEE	
0x4483e8	.text	_ZN12WaterConcept5World14loadLevelPart2Ev	
0x44aba8	.text	_ZN12WaterConcept5World23_initializeMaterialVBOsEv	
0x44b470	.text	_ZN7Walaber17RibbonParticleSetILi10EEC2Ej	
0x44b5c0	.text	_ZN12WaterConcept5World14addCoalTextureEN7Walaber9SharedPtrINS1_7TextureEEE	
0x44b604	.text	_ZN12WaterConcept5World22_levelDoneLoadingCheckEv	
0x44b644	.text	_ZN12WaterConcept5World22rebuildPolygonsForGridEv	
0x44b770	.text	_ZN12WaterConcept5World21createPolygonsForGridERKNSt6__ndk16vectorIN21WaterConceptConstants12MaterialTypeENS1_9allocatorIS4_EEEE	
0x44ba18	.text	_ZN12WaterConcept5World13loadLevelDoneEv	
0x44ba6c	.text	_ZN12WaterConcept5World16setAccelerometerERKN7Walaber7Vector2E	
0x44bb8c	.text	_ZN12WaterConcept5World9preUpdateEf	
0x44c564	.text	_ZN12WaterConcept5World20_getTouchOwnerForPosERKN7Walaber7Vector2ERPv	
0x44c7b0	.text	_ZN12WaterConcept5World23_clearMaterialInCapsuleERKN7Walaber7Vector2ES4_	
0x44c888	.text	_ZN12WaterConcept5World6updateEf	
0x44ed58	.text	_ZN12WaterConcept5World28_fluidCollisionCallback_AtoBEPv	
0x44f2a4	.text	_ZN12WaterConcept5World26_resolveParticleCollisionsEv	
0x450c3c	.text	_ZN12WaterConcept5World24_resolveObjectCollisionsEv	
0x451a5c	.text	_ZN12WaterConcept5World13_freezeFluidsEv	
0x451b54	.text	_ZN12WaterConcept5World10postUpdateEf	
0x451e9c	.text	_ZN7Walaber17RibbonParticleSetILi10EE15updateParticlesEf	
0x451fd4	.text	_ZN12WaterConcept5World21createPolygonsForGridEv	
0x4522b4	.text	_ZN12WaterConcept5World24checkOneTimeAchievementsEv	
0x452444	.text	_ZN12WaterConcept5World20updatePhotFinishDuckEv	
0x452578	.text	_ZN12WaterConcept5World4drawEPN7Walaber11SpriteBatchENS1_7Vector2ES4_i	
0x452e98	.text	_ZN12WaterConcept5World9_drawGridEPN7Walaber11SpriteBatchERKNS1_7Vector2ES6_	
0x4531c0	.text	_ZN12WaterConcept5World16_drawGridSpritesEPN7Walaber11SpriteBatchE	
0x4536b4	.text	_ZN7Walaber17RibbonParticleSetILi10EE13drawParticlesERNS_11SpriteBatchENS_9SharedPtrINS_7TextureEEERKNS_5ColorEi	
0x453c64	.text	_ZN12WaterConcept5World19drawToRenderTextureEPN7Walaber11SpriteBatchENS1_7Vector2ES4_i	
0x45451c	.text	_ZN12WaterConcept5World12_drawWaterBGEPv	
0x454838	.text	_ZN12WaterConcept5World25_drawFluidRefractionColorEPv	
0x4549c8	.text	_ZN12WaterConcept5World25_drawFluidRefractionAlphaEPv	
0x454b60	.text	_ZN12WaterConcept5World30createGridFromFileDataCallbackEPv	
0x4557b4	.text	_ZN7Walaber7Texture7getDataENS_9SharedPtrINS_8CallbackEEE	
0x455838	.text	_ZN12WaterConcept9IndexGridINS_5World12MaterialInfoEEC2Eii	
0x4558b0	.text	_ZN12WaterConcept9IndexGridINSt6__ndk13mapIiNS_5World7VBODataENS1_4lessIiEENS1_9allocatorINS1_4pairIKiS4_EEEEEEEC2Eii	
0x455944	.text	_ZN12WaterConcept5World21_setupFluidCollisionsEv	
0x456248	.text	_ZN12WaterConcept5World20_getMaterialForColorERKN7Walaber5ColorE	
0x4562bc	.text	_ZN12WaterConcept5World12_addAlgaeDotENS_8GridCellE	
0x456490	.text	_ZN12WaterConcept5World11_addCoalDotENS_8GridCellE	
0x45669c	.text	_ZN12WaterConcept5World17loadLevelMetaFileEv	
0x4567f4	.text	_ZN12WaterConcept5World25loadLevelMetaFileCallbackEPv	
0x45ca00	.text	_ZN7Walaber12StringHelper9uIntToStrEj	
0x45cb18	.text	_ZN12WaterConcept5World25_spoutStateChangeCallbackEPv	
0x45d0a0	.text	_ZN12WaterConcept8StarSeed11addTeleportERKN7Walaber7Vector2EffNS_17InteractiveObject8MoveEaseEbb	
0x45d148	.text	_ZN12WaterConcept5World28_starSeedStateChangeCallbackEPv	
0x45ea20	.text	_ZN12WaterConcept5World24_bombStateChangeCallbackEPv	
0x45f0e4	.text	_ZN12WaterConcept5World26_switchStateChangeCallbackEPv	
0x45f2d4	.text	_ZN12WaterConcept5World21_collectibleCollectedEPv	
0x45f3b0	.text	_ZN12WaterConcept5World26_icyHotStateChangeCallbackEPv	
0x45f640	.text	_ZN12WaterConcept5World29_dirtyWallStateChangeCallbackEPv	
0x45f884	.text	_ZN12WaterConcept5World21_waterBalloonCallbackEPv	
0x45ff64	.text	_ZN12WaterConcept5World19_algaeHiderCallbackEPv	
0x4608b0	.text	_ZN12WaterConcept5World12_fanCallbackEPv	
0x46094c	.text	_ZN12WaterConcept5World20_fanParticleCallbackEPv	
0x460e64	.text	_ZN12WaterConcept5World27_ySwitchStateChangeCallbackEPv	
0x4610d4	.text	_ZN12WaterConcept5World24_ySwitchSwitchedCallbackEPv	
0x4610e4	.text	_ZN12WaterConcept5World31_mysteryCaveStateChangeCallbackEPv	
0x461730	.text	_ZN12WaterConcept7YSwitch16strToYSwitchPortERKNSt6__ndk112basic_stringIcNS1_11char_traitsIcEENS1_9allocatorIcEEEE	
0x461830	.text	_ZN12WaterConcept5World23interactiveObjectLoadedEPv	
0x4621bc	.text	_ZN12WaterConcept5World20_addParticleCallbackEPv	
0x46223c	.text	_ZN7Walaber16CharacterManager14getInstancePtrEv	
0x4622b0	.text	_ZN7Walaber16CharacterManager25removeSkeletonActorWithIDEi	
0x462340	.text	_ZN7Walaber16CharacterManager25createSkeletonActorWithIDEi	
0x462424	.text	_ZN12WaterConcept5World29_crankyChompAnimationCallbackEPv	
0x4626b8	.text	_ZN12WaterConcept5World19_setupObjectParentsEv	
0x462a90	.text	_ZN12WaterConcept5World17_shouldCutHoleForEPNS_17InteractiveObjectE	
0x462b40	.text	_ZN12WaterConcept5World23_clearMaterialInCapsuleERKN7Walaber7Vector2ES4_fNSt6__ndk16vectorIiNS5_9allocatorIiEEEEbbbb	
0x462cfc	.text	_ZN12WaterConcept5World23_clearMaterialInCapsuleERKN7Walaber7Vector2ES4_fNSt6__ndk16vectorIiNS5_9allocatorIiEEEEbbb	
0x463818	.text	_ZN12WaterConcept5World23_addAlgaeHiderAlgaeDotsEPNS_10AlgaeHiderE	
0x463a70	.text	_ZN12WaterConcept5World33_fillMaterialGridUsingObjectShapeEPNS_17InteractiveObjectEN21WaterConceptConstants12MaterialTypeEb	
0x463c10	.text	_ZN12WaterConcept5World15setRoomPositionEN7Walaber7Vector2E	
0x463dfc	.text	_ZN12WaterConcept5World34_fluidCollisionCallbackWaterVsLavaEPv	
0x464388	.text	_ZN12WaterConcept5World41_fluidCollisionCallbackContaminatedVsLavaEPv	
0x464ec0	.text	_ZN12WaterConcept5World28_fluidCollisionCallback_BtoAEPv	
0x464f70	.text	_ZN12WaterConcept5World31_fluidCollisionCallbackMudVsMudEPv	
0x4650a8	.text	_ZN12WaterConcept5World33_fluidCollisionCallbackWaterVsMudEPv	
0x46517c	.text	_ZN12WaterConcept5World30_fluidCollisionCallbackMoistenEPv	
0x465228	.text	_ZN12WaterConcept5World15handleTouchDownEiRKN7Walaber7Vector2E	
0x4652bc	.text	_ZN12WaterConcept5World16handleTouchMovedEiRKN7Walaber7Vector2ES4_	
0x465358	.text	_ZN12WaterConcept5World13handleTouchUpEiRKN7Walaber7Vector2E	
0x4653f0	.text	_ZNSt6__ndk16vectorIcNS_9allocatorIcEEEC2EmRKc	
0x46546c	.text	_ZNSt6__ndk16vectorIN21WaterConceptConstants12MaterialTypeENS_9allocatorIS2_EEE7reserveEm	
0x465550	.text	_ZN12WaterConcept5World18_flagCellForRedrawENS_8GridCellE	
0x4656d0	.text	_ZN12WaterConcept5World27_collectibleIsRevealedCheckEPNS_17InteractiveObjectE	
0x465850	.text	_ZN12WaterConcept5World19_isMaterialInCircleERKN7Walaber7Vector2Efi	
0x465a18	.text	_ZN12WaterConcept5World23_calculateCollisionGridENS_8GridCellES1_	
0x466830	.text	_ZN12WaterConcept5World17_getGridEdgeValueINS_23ConsiderSameRockOutlineEEEiNS_8GridCellEiiT_	_getGridEdgeValue<WaterConcept::ConsiderSameRockOutline>
0x4669e0	.text	_ZN12WaterConcept5World13_expandTunnelERKNS_8GridCellERKNS0_9DirectionEii	
0x466ca4	.text	_ZN12WaterConcept5World17_getGridEdgeValueINS_16ConsiderEdgeDirtENS_21ConsiderEdgeCollisionEEEvNS_8GridCellEiiiT_T0_RhS7_S7_	
0x466eb0	.text	_ZN12WaterConcept5World17_getGridEdgeValueINS_25ConsiderEdgeRockSmoothingENS_23ConsiderEdgeRockOutlineENS_21ConsiderEdgeCollisionEEEvNS_8GridCellEiiiT_T0_T1_RhS9_S9_	
0x46711c	.text	_ZN12WaterConcept5World17_getGridEdgeValueINS_19ConsiderEdgeDefaultENS_21ConsiderEdgeCollisionEEEvNS_8GridCellEiiiT_T0_RhS7_S7_	
0x4672dc	.text	_ZN12WaterConcept5World19_getClosestGridCellERKNS_8GridCellEii	
0x467414	.text	_ZN12WaterConcept5World28_getClosestGridCellAlongPathERKNS_8GridCellES3_i	
0x467520	.text	_ZN12WaterConcept5World16_plopOntoGrid3x3EN21WaterConceptConstants12MaterialTypeEii	
0x467cf0	.text	_ZN12WaterConcept5World31_handleFloaterVsObjectCollisionEPNS_7FloaterEPNS_17InteractiveObjectE	
0x46821c	.text	_ZN12WaterConcept5World32_handleFloaterVsFloaterCollisionEPNS_7FloaterES2_	
0x46858c	.text	_ZN12WaterConcept6Switch16triggerMomentaryERKN7Walaber7Vector2E	
0x4685c8	.text	_ZN12WaterConcept17InteractiveObject19getShapePointNormalEjj	
0x4686f4	.text	_ZN12WaterConcept5World23_convertPoolToFluidTypeERKNS_19ParticleDescriptionERNSt6__ndk13setIjNS4_4lessIjEENS4_9allocatorIjEEEEN21WaterConceptConstants9FluidTypeE	
0x4687d8	.text	_ZN12WaterConcept5World14_killFluidPoolERKNS_19ParticleDescriptionEf	
0x46891c	.text	_ZN12WaterConcept5World17_findMaterialPoolERKNS_8GridCellEN21WaterConceptConstants12MaterialTypeERNSt6__ndk13setIS1_NS6_4lessIS1_EENS6_9allocatorIS1_EEEE	
0x468af0	.text	_ZN12WaterConcept5World32_getClosestGridCellFromColStatusERKNS_8GridCellEiNS0_15CollisionStatusE	
0x468c28	.text	_ZN12WaterConcept5World37_calculateClosestEdgeCellsForVisBlockENS_8GridCellE	
0x468d80	.text	_ZN12WaterConcept5World25calculateCollisionForGridERNSt6__ndk16vectorIN7Walaber19PositionTextureVertENS1_9allocatorIS4_EEEERNS2_INS3_17PositionColorVertENS5_IS9_EEEENS_8GridCellE	
0x468dd0	.text	_ZN12WaterConcept5World22createCollisionForGridERNSt6__ndk16vectorIN7Walaber19PositionTextureVertENS1_9allocatorIS4_EEEERNS2_INS3_17PositionColorVertENS5_IS9_EEEENS_8GridCellE	
0x468ec4	.text	_ZN12WaterConcept5World21createPolygonsForGridERNSt6__ndk16vectorIN7Walaber19PositionTextureVertENS1_9allocatorIS4_EEEERNS2_INS3_17PositionColorVertENS5_IS9_EEEENS_8GridCellEN21WaterConceptConstants12MaterialTypeE	
0x469408	.text	_ZN12WaterConcept5World36_findLargestQuadFromStartingGridCellERNS_9IndexGridIiEERKNS_8GridCellEiiRiS7_ii	
0x4694e4	.text	_ZN12WaterConcept5World24_createPolyWithGridCellsEN7Walaber9SharedPtrINS1_7TextureEEERNSt6__ndk16vectorINS1_19PositionTextureVertENS5_9allocatorIS7_EEEERKNS_8GridCellESE_	
0x4698a0	.text	_ZN12WaterConcept5World23_processSmoothingStripsINS_19ConsiderSameDefaultEEEvNS_8GridCellES3_iT_NS0_12EdgeTypeFlagERNSt6__ndk16vectorIN7Walaber19PositionTextureVertENS6_9allocatorIS9_EEEERNS7_INS8_17PositionColorVertENSA_ISE_EEEEiN21WaterConceptConstants14CollisionLayerEi	_processSmoothingStrips<WaterConcept::ConsiderSameDefault>
0x469a8c	.text	_ZN12WaterConcept5World23_processSmoothingStripsINS_23ConsiderSameRockOutlineEEEvNS_8GridCellES3_iT_NS0_12EdgeTypeFlagERNSt6__ndk16vectorIN7Walaber19PositionTextureVertENS6_9allocatorIS9_EEEERNS7_INS8_17PositionColorVertENSA_ISE_EEEEiN21WaterConceptConstants14CollisionLayerEi	_processSmoothingStrips<WaterConcept::ConsiderSameRockOutline>
0x469cac	.text	_ZN12WaterConcept5World23_processSmoothingStripsINS_15ConsiderSameAllEEEvNS_8GridCellES3_iT_NS0_12EdgeTypeFlagERNSt6__ndk16vectorIN7Walaber19PositionTextureVertENS6_9allocatorIS9_EEEERNS7_INS8_17PositionColorVertENSA_ISE_EEEEiN21WaterConceptConstants14CollisionLayerEi	_processSmoothingStrips<WaterConcept::ConsiderSameAll>
0x469ecc	.text	_ZN12WaterConcept5World23_processSmoothingStripsINS_17ConsiderSameAlgaeEEEvNS_8GridCellES3_iT_NS0_12EdgeTypeFlagERNSt6__ndk16vectorIN7Walaber19PositionTextureVertENS6_9allocatorIS9_EEEERNS7_INS8_17PositionColorVertENSA_ISE_EEEEiN21WaterConceptConstants14CollisionLayerEi	_processSmoothingStrips<WaterConcept::ConsiderSameAlgae>
0x46a0c8	.text	_ZN12WaterConcept5World7raycastERKN7Walaber7Vector2ES4_fNS1_9SharedPtrINS1_8CallbackEEERNSt6__ndk16vectorIN21WaterConceptConstants12MaterialTypeENS8_9allocatorISB_EEEERNS0_14RaycastResultsE	
0x46a400	.text	_ZN12WaterConcept5World10stopSoundsEv	
0x46a5c0	.text	_ZN12WaterConcept9GameState10stopSoundsEv	
0x46a5fc	.text	_ZN12WaterConcept5World11resumeBombsEv	
0x46a63c	.text	_ZN12WaterConcept5World22getMaterialForPositionERKN7Walaber7Vector2E	
0x46a680	.text	_ZN12WaterConcept5World22_searchRightWithHeightERNS_9IndexGridIiEERKNS_8GridCellEiiiRii	
0x46a730	.text	_ZN12WaterConcept5World20_searchDownWithWidthERNS_9IndexGridIiEERKNS_8GridCellEiiiRii	
0x46a7e4	.text	_ZN12WaterConcept5World13_doKillRadiusEN7Walaber7Vector2EffPNS_17InteractiveObjectE	
0x46aa50	.text	_ZN12WaterConcept5World15_applyBombForceERKN7Walaber7Vector2Eff	
0x46ab50	.text	_ZN12WaterConcept5World15makeMysteryPoofERKN7Walaber7Vector2Ef	
0x46adf4	.text	_ZN12WaterConcept5World23_spawnConverterParticleEPNS_14FluidConverterE	
0x46b050	.text	_ZN7Walaber17RibbonParticleSetILi10EE11addParticleEfRKNS_7Vector2ES4_fS4_S4_S4_ffiRi	
0x46b1e0	.text	_ZN12WaterConcept11Collectible18getSpriteWorldSizeEv	
0x46b25c	.text	_ZN12WaterConcept5World19_gotLightingTextureENSt6__ndk112basic_stringIcNS1_11char_traitsIcEENS1_9allocatorIcEEEE	
0x46b26c	.text	_ZN12WaterConcept5World10scaleDucksEfNS_8StarSeed8StarTypeE	
0x46b318	.text	_ZN12WaterConcept5World11removeDucksENS_8StarSeed8StarTypeE	
0x46b35c	.text	_ZN12WaterConcept5World23recreateGraphicsContextEv	
0x46b388	.text	_ZN12WaterConcept5World21makeMysteryBabySplashERKN7Walaber7Vector2E	
0x46b680	.text	_ZNSt6__ndk16__treeINS_12__value_typeIPN12WaterConcept6SwitchENS2_5World14SwitchAnimInfoEEENS_19__map_value_compareIS4_S7_NS_4lessIS4_EELb1EEENS_9allocatorIS7_EEE7destroyEPNS_11__tree_nodeIS7_PvEE	
0x46b6c0	.text	_ZNSt6__ndk16__treeINS_12__value_typeIiN12WaterConcept5World10TouchOwnerEEENS_19__map_value_compareIiS5_NS_4lessIiEELb1EEENS_9allocatorIS5_EEE7destroyEPNS_11__tree_nodeIS5_PvEE	
0x46b700	.text	_ZNSt6__ndk16__treeINS_12__value_typeIN12WaterConcept8GridCellENS2_5World7CoalDotEEENS_19__map_value_compareIS3_S6_NS_4lessIS3_EELb1EEENS_9allocatorIS6_EEE7destroyEPNS_11__tree_nodeIS6_PvEE	
0x46b740	.text	_ZNSt6__ndk16__treeINS_12__value_typeIN12WaterConcept8GridCellENS2_5World8AlgaeDotEEENS_19__map_value_compareIS3_S6_NS_4lessIS3_EELb1EEENS_9allocatorIS6_EEE7destroyEPNS_11__tree_nodeIS6_PvEE	
0x46b780	.text	_ZNSt6__ndk16__treeIiNS_4lessIiEENS_9allocatorIiEEE7destroyEPNS_11__tree_nodeIiPvEE	
0x46b7c0	.text	_ZNSt6__ndk16__treeINS_12__value_typeIN12WaterConcept8GridCellENS2_5World7CoalDotEEENS_19__map_value_compareIS3_S6_NS_4lessIS3_EELb1EEENS_9allocatorIS6_EEE25__emplace_unique_key_argsIS3_JRKNS_21piecewise_construct_tENS_5tupleIJRKS3_EEENSI_IJEEEEEENS_4pairINS_15__tree_iteratorIS6_PNS_11__tree_nodeIS6_PvEElEEbEERKT_DpOT0_	__emplace_unique_key_args<WaterConcept::GridCell,std::__ndk1::piecewise_construct_t_const&,std::__ndk1::tuple<WaterConcept::GridCell_const&>,std::__ndk1::tuple<>>
0x46b888	.text	_ZNSt6__ndk16__treeINS_12__value_typeIN12WaterConcept8GridCellENS2_5World7CoalDotEEENS_19__map_value_compareIS3_S6_NS_4lessIS3_EELb1EEENS_9allocatorIS6_EEE12__find_equalIS3_EERPNS_16__tree_node_baseIPvEERPNS_15__tree_end_nodeISI_EERKT_	__find_equal<WaterConcept::GridCell>
0x46b90c	.text	_ZNSt6__ndk16__treeINS_12__value_typeIN12WaterConcept8GridCellENS2_5World7CoalDotEEENS_19__map_value_compareIS3_S6_NS_4lessIS3_EELb1EEENS_9allocatorIS6_EEE16__insert_node_atEPNS_15__tree_end_nodeIPNS_16__tree_node_baseIPvEEEERSI_SI_	
0x46b960	.text	_ZNSt6__ndk16vectorIN12WaterConcept8StarSeed16TeleportWaypointENS_9allocatorIS3_EEE21__push_back_slow_pathIS3_EEvOT_	__push_back_slow_path<WaterConcept::StarSeed::TeleportWaypoint>
0x46bae4	.text	_ZNSt6__ndk114__split_bufferIN12WaterConcept8StarSeed16TeleportWaypointERNS_9allocatorIS3_EEEC2EmmS6_	
0x46bba8	.text	_ZNSt6__ndk16vectorIN12WaterConcept8StarSeed16TeleportWaypointENS_9allocatorIS3_EEE26__swap_out_circular_bufferERNS_14__split_bufferIS3_RS5_EE	
0x46bc24	.text	_ZN7Walaber16CharacterManagerD2Ev	
0x46bcdc	.text	_ZNSt6__ndk16__treeINS_12__value_typeIiPN7Walaber13SkeletonActorEEENS_19__map_value_compareIiS5_NS_4lessIiEELb1EEENS_9allocatorIS5_EEE7destroyEPNS_11__tree_nodeIS5_PvEE	
0x46bd1c	.text	_ZNSt6__ndk16__treeINS_12__value_typeIiPN7Walaber13SkeletonActorEEENS_19__map_value_compareIiS5_NS_4lessIiEELb1EEENS_9allocatorIS5_EEE5eraseENS_21__tree_const_iteratorIS5_PNS_11__tree_nodeIS5_PvEElEE	
0x46bdb0	.text	_ZNSt6__ndk16__treeINS_12__value_typeIiPN7Walaber13SkeletonActorEEENS_19__map_value_compareIiS5_NS_4lessIiEELb1EEENS_9allocatorIS5_EEE25__emplace_unique_key_argsIiJRKNS_21piecewise_construct_tENS_5tupleIJRKiEEENSH_IJEEEEEENS_4pairINS_15__tree_iteratorIS5_PNS_11__tree_nodeIS5_PvEElEEbEERKT_DpOT0_	
0x46be84	.text	_ZNSt6__ndk16__treeINS_12__value_typeIiPN7Walaber13SkeletonActorEEENS_19__map_value_compareIiS5_NS_4lessIiEELb1EEENS_9allocatorIS5_EEE16__insert_node_atEPNS_15__tree_end_nodeIPNS_16__tree_node_baseIPvEEEERSH_SH_	
0x46bed8	.text	_ZNSt6__ndk16__treeINS_12__value_typeINS_12basic_stringIcNS_11char_traitsIcEENS_9allocatorIcEEEEN12WaterConcept5World20WorldSpoutConnectionEEENS_19__map_value_compareIS7_SB_NS_4lessIS7_EELb1EEENS5_ISB_EEE7destroyEPNS_11__tree_nodeISB_PvEE	
0x46bf38	.text	_ZNSt6__ndk16__treeINS_12__value_typeINS_12basic_stringIcNS_11char_traitsIcEENS_9allocatorIcEEEEPN12WaterConcept17InteractiveObjectEEENS_19__map_value_compareIS7_SB_NS_4lessIS7_EELb1EEENS5_ISB_EEE7destroyEPNS_11__tree_nodeISB_PvEE	
0x46bf88	.text	_ZNSt6__ndk16__treeINS_12__value_typeIN12WaterConcept8GridCellENS2_5World8AlgaeDotEEENS_19__map_value_compareIS3_S6_NS_4lessIS3_EELb1EEENS_9allocatorIS6_EEE14__erase_uniqueIS3_EEmRKT_	__erase_unique<WaterConcept::GridCell>
0x46bfcc	.text	_ZNSt6__ndk16__treeINS_12__value_typeIN12WaterConcept8GridCellENS2_5World8AlgaeDotEEENS_19__map_value_compareIS3_S6_NS_4lessIS3_EELb1EEENS_9allocatorIS6_EEE4findIS3_EENS_15__tree_iteratorIS6_PNS_11__tree_nodeIS6_PvEElEERKT_	find<WaterConcept::GridCell>
0x46c038	.text	_ZNSt6__ndk16__treeINS_12__value_typeIN12WaterConcept8GridCellENS2_5World8AlgaeDotEEENS_19__map_value_compareIS3_S6_NS_4lessIS3_EELb1EEENS_9allocatorIS6_EEE5eraseENS_21__tree_const_iteratorIS6_PNS_11__tree_nodeIS6_PvEElEE	
0x46c0cc	.text	_ZNSt6__ndk16__treeINS_12__value_typeIN12WaterConcept8GridCellENS2_5World7CoalDotEEENS_19__map_value_compareIS3_S6_NS_4lessIS3_EELb1EEENS_9allocatorIS6_EEE14__erase_uniqueIS3_EEmRKT_	__erase_unique<WaterConcept::GridCell>
0x46c110	.text	_ZNSt6__ndk16__treeINS_12__value_typeIN12WaterConcept8GridCellENS2_5World7CoalDotEEENS_19__map_value_compareIS3_S6_NS_4lessIS3_EELb1EEENS_9allocatorIS6_EEE4findIS3_EENS_15__tree_iteratorIS6_PNS_11__tree_nodeIS6_PvEElEERKT_	find<WaterConcept::GridCell>
0x46c17c	.text	_ZNSt6__ndk16__treeINS_12__value_typeIN12WaterConcept8GridCellENS2_5World7CoalDotEEENS_19__map_value_compareIS3_S6_NS_4lessIS3_EELb1EEENS_9allocatorIS6_EEE5eraseENS_21__tree_const_iteratorIS6_PNS_11__tree_nodeIS6_PvEElEE	
0x46c210	.text	_ZN7Walaber6Sprite14getCurrentSizeEv	
0x46c240	.text	_ZNSt6__ndk16vectorIN7Walaber19PositionTextureVertENS_9allocatorIS2_EEE21__push_back_slow_pathIRKS2_EEvOT_	__push_back_slow_path<Walaber::PositionTextureVert_const&>
0x46c368	.text	_ZNSt6__ndk114__split_bufferIN7Walaber19PositionTextureVertERNS_9allocatorIS2_EEEC2EmmS5_	
0x46c418	.text	_ZNSt6__ndk16__treeINS_12__value_typeIN12WaterConcept8GridCellENS2_5World8AlgaeDotEEENS_19__map_value_compareIS3_S6_NS_4lessIS3_EELb1EEENS_9allocatorIS6_EEE25__emplace_unique_key_argsIS3_JRKNS_21piecewise_construct_tENS_5tupleIJRKS3_EEENSI_IJEEEEEENS_4pairINS_15__tree_iteratorIS6_PNS_11__tree_nodeIS6_PvEElEEbEERKT_DpOT0_	__emplace_unique_key_args<WaterConcept::GridCell,std::__ndk1::piecewise_construct_t_const&,std::__ndk1::tuple<WaterConcept::GridCell_const&>,std::__ndk1::tuple<>>
0x46c4dc	.text	_ZNSt6__ndk16__treeINS_12__value_typeIN12WaterConcept8GridCellENS2_5World8AlgaeDotEEENS_19__map_value_compareIS3_S6_NS_4lessIS3_EELb1EEENS_9allocatorIS6_EEE12__find_equalIS3_EERPNS_16__tree_node_baseIPvEERPNS_15__tree_end_nodeISI_EERKT_	__find_equal<WaterConcept::GridCell>
0x46c560	.text	_ZNSt6__ndk16__treeINS_12__value_typeIN12WaterConcept8GridCellENS2_5World8AlgaeDotEEENS_19__map_value_compareIS3_S6_NS_4lessIS3_EELb1EEENS_9allocatorIS6_EEE16__insert_node_atEPNS_15__tree_end_nodeIPNS_16__tree_node_baseIPvEEEERSI_SI_	
0x46c5b4	.text	_ZNSt6__ndk113__vector_baseIN12WaterConcept5World10RegionInfoENS_9allocatorIS3_EEED2Ev	
0x46c624	.text	_ZNSt6__ndk113__vector_baseIN12WaterConcept6Fluids32FluidCollisionCallbackParametersENS_9allocatorIS3_EEED2Ev	
0x46c69c	.text	_ZNSt6__ndk16vectorIN7Walaber19PositionTextureVertENS_9allocatorIS2_EEE11__vallocateEm	
0x46c6e0	.text	_ZNSt6__ndk16vectorIN7Walaber17PositionColorVertENS_9allocatorIS2_EEE11__vallocateEm	
0x46c730	.text	_ZN7Walaber14MemberCallbackIN12WaterConcept5WorldEED0Ev	
0x46c734	.text	_ZN7Walaber14MemberCallbackIN12WaterConcept5WorldEE6invokeEPv	
0x46c764	.text	_ZNSt6__ndk16vectorIN7Walaber9SharedPtrINS1_19SoundEffectInstanceEEENS_9allocatorIS4_EEE21__push_back_slow_pathIS4_EEvOT_	__push_back_slow_path<Walaber::SharedPtr<Walaber::SoundEffectInstance>>
0x46c860	.text	_ZNSt6__ndk16__treeINS_12__value_typeIiN12WaterConcept5World7VBODataEEENS_19__map_value_compareIiS5_NS_4lessIiEELb1EEENS_9allocatorIS5_EEE7destroyEPNS_11__tree_nodeIS5_PvEE	
0x46c8a0	.text	_ZNSt6__ndk16vectorIN7Walaber5ColorENS_9allocatorIS2_EEE21__push_back_slow_pathIS2_EEvOT_	__push_back_slow_path<Walaber::Color>
0x46c9ec	.text	_ZNSt6__ndk114__split_bufferIN7Walaber5ColorERNS_9allocatorIS2_EEEC2EmmS5_	
0x46ca9c	.text	_ZNSt6__ndk16vectorIN7Walaber5ColorENS_9allocatorIS2_EEE26__swap_out_circular_bufferERNS_14__split_bufferIS2_RS4_EE	
0x46cb34	.text	_ZNSt6__ndk16vectorIN7Walaber14RibbonParticleILi10EEENS_9allocatorIS3_EEEC2Em	
0x46cb90	.text	_ZNSt6__ndk16vectorIN7Walaber14RibbonParticleILi10EEENS_9allocatorIS3_EEE11__vallocateEm	
0x46cbe8	.text	_ZNSt6__ndk16vectorIN7Walaber14RibbonParticleILi10EEENS_9allocatorIS3_EEE18__construct_at_endEm	
0x46ccb0	.text	_ZNSt6__ndk16vectorIN7Walaber9SharedPtrINS1_7TextureEEENS_9allocatorIS4_EEE21__push_back_slow_pathIS4_EEvOT_	__push_back_slow_path<Walaber::SharedPtr<Walaber::Texture>>
0x46cdac	.text	_ZNSt6__ndk16vectorIN21WaterConceptConstants12MaterialTypeENS_9allocatorIS2_EEE21__push_back_slow_pathIS2_EEvOT_	__push_back_slow_path<WaterConceptConstants::MaterialType>
0x46ced0	.text	_ZNSt6__ndk114__split_bufferIN21WaterConceptConstants12MaterialTypeERNS_9allocatorIS2_EEEC2EmmS5_	
0x46cf80	.text	_ZNSt6__ndk16__treeINS_12__value_typeIiN12WaterConcept5World7VBODataEEENS_19__map_value_compareIiS5_NS_4lessIiEELb1EEENS_9allocatorIS5_EEE25__emplace_unique_key_argsIiJRKNS_21piecewise_construct_tENS_5tupleIJOiEEENSH_IJEEEEEENS_4pairINS_15__tree_iteratorIS5_PNS_11__tree_nodeIS5_PvEElEEbEERKT_DpOT0_	__emplace_unique_key_args<int,std::__ndk1::piecewise_construct_t_const&,std::__ndk1::tuple<int&&>,std::__ndk1::tuple<>>
0x46d06c	.text	_ZNSt6__ndk16__treeINS_12__value_typeIiN12WaterConcept5World7VBODataEEENS_19__map_value_compareIiS5_NS_4lessIiEELb1EEENS_9allocatorIS5_EEE16__construct_nodeIJRKNS_21piecewise_construct_tENS_5tupleIJOiEEENSH_IJEEEEEENS_10unique_ptrINS_11__tree_nodeIS5_PvEENS_22__tree_node_destructorINSA_ISO_EEEEEEDpOT_	__construct_node<std::__ndk1::piecewise_construct_t_const&,std::__ndk1::tuple<int&&>,std::__ndk1::tuple<>>
0x46d108	.text	_ZNSt6__ndk16__treeINS_12__value_typeIiN12WaterConcept5World7VBODataEEENS_19__map_value_compareIiS5_NS_4lessIiEELb1EEENS_9allocatorIS5_EEE16__insert_node_atEPNS_15__tree_end_nodeIPNS_16__tree_node_baseIPvEEEERSH_SH_	
0x46d15c	.text	_ZNSt6__ndk16__treeINS_12__value_typeIiN12WaterConcept5World10TouchOwnerEEENS_19__map_value_compareIiS5_NS_4lessIiEELb1EEENS_9allocatorIS5_EEE25__emplace_unique_key_argsIiJRKNS_21piecewise_construct_tENS_5tupleIJRKiEEENSH_IJEEEEEENS_4pairINS_15__tree_iteratorIS5_PNS_11__tree_nodeIS5_PvEElEEbEERKT_DpOT0_	__emplace_unique_key_args<int,std::__ndk1::piecewise_construct_t_const&,std::__ndk1::tuple<int_const&>,std::__ndk1::tuple<>>
0x46d234	.text	_ZNSt6__ndk16__treeINS_12__value_typeIiN12WaterConcept5World10TouchOwnerEEENS_19__map_value_compareIiS5_NS_4lessIiEELb1EEENS_9allocatorIS5_EEE16__insert_node_atEPNS_15__tree_end_nodeIPNS_16__tree_node_baseIPvEEEERSH_SH_	
0x46d288	.text	_ZNSt6__ndk16__treeINS_12__value_typeIiN12WaterConcept5World10TouchOwnerEEENS_19__map_value_compareIiS5_NS_4lessIiEELb1EEENS_9allocatorIS5_EEE14__erase_uniqueIiEEmRKT_	
0x46d2e8	.text	_ZNSt6__ndk16__treeINS_12__value_typeIiN12WaterConcept5World10TouchOwnerEEENS_19__map_value_compareIiS5_NS_4lessIiEELb1EEENS_9allocatorIS5_EEE5eraseENS_21__tree_const_iteratorIS5_PNS_11__tree_nodeIS5_PvEElEE	
0x46d37c	.text	_ZNSt6__ndk16vectorINS_11__wrap_iterIPPN12WaterConcept17InteractiveObjectEEENS_9allocatorIS6_EEE21__push_back_slow_pathIRKS6_EEvOT_	__push_back_slow_path<std::__ndk1::__wrap_iter<WaterConcept::InteractiveObject**>const&>
0x46d4a4	.text	_ZNSt6__ndk114__split_bufferINS_11__wrap_iterIPPN12WaterConcept17InteractiveObjectEEERNS_9allocatorIS6_EEEC2EmmS9_	
0x46d554	.text	_ZNSt6__ndk16vectorIPN12WaterConcept6SwitchENS_9allocatorIS3_EEE21__push_back_slow_pathIRKS3_EEvOT_	__push_back_slow_path<WaterConcept::Switch*const&>
0x46d67c	.text	_ZNSt6__ndk114__split_bufferIPN12WaterConcept6SwitchERNS_9allocatorIS3_EEEC2EmmS6_	
0x46d72c	.text	_ZNSt6__ndk16__treeINS_12__value_typeIPN12WaterConcept6SwitchENS2_5World14SwitchAnimInfoEEENS_19__map_value_compareIS4_S7_NS_4lessIS4_EELb1EEENS_9allocatorIS7_EEE14__erase_uniqueIS4_EEmRKT_	__erase_unique<WaterConcept::Switch*>
0x46d78c	.text	_ZNSt6__ndk16__treeINS_12__value_typeIPN12WaterConcept6SwitchENS2_5World14SwitchAnimInfoEEENS_19__map_value_compareIS4_S7_NS_4lessIS4_EELb1EEENS_9allocatorIS7_EEE5eraseENS_21__tree_const_iteratorIS7_PNS_11__tree_nodeIS7_PvEElEE	
0x46d820	.text	_ZN7Walaber17RibbonParticleSetILi10EE14removeParticleEi	
0x46d8dc	.text	_ZNSt6__ndk16vectorIPN12WaterConcept8StarSeedENS_9allocatorIS3_EEE21__push_back_slow_pathIRKS3_EEvOT_	
0x46da04	.text	_ZNSt6__ndk114__split_bufferIPN12WaterConcept8StarSeedERNS_9allocatorIS3_EEEC2EmmS6_	
0x46dab4	.text	_ZNSt6__ndk16__treeINS_12__value_typeINS_12basic_stringIcNS_11char_traitsIcEENS_9allocatorIcEEEEN12WaterConcept5World20WorldSpoutConnectionEEENS_19__map_value_compareIS7_SB_NS_4lessIS7_EELb1EEENS5_ISB_EEE15__emplace_multiIJNS_4pairIS7_SA_EEEEENS_15__tree_iteratorISB_PNS_11__tree_nodeISB_PvEElEEDpOT_	__emplace_multi<std::__ndk1::pair<std::__ndk1::basic_string<char,std::__ndk1::char_traits<char>,std::__ndk1::allocator<char>>,WaterConcept::World::WorldSpoutConnection>>
0x46dbb4	.text	_ZNSt6__ndk16__treeINS_12__value_typeINS_12basic_stringIcNS_11char_traitsIcEENS_9allocatorIcEEEEN12WaterConcept5World20WorldSpoutConnectionEEENS_19__map_value_compareIS7_SB_NS_4lessIS7_EELb1EEENS5_ISB_EEE16__find_leaf_highERPNS_15__tree_end_nodeIPNS_16__tree_node_baseIPvEEEERKS7_	
0x46dc88	.text	_ZNSt6__ndk16__treeINS_12__value_typeINS_12basic_stringIcNS_11char_traitsIcEENS_9allocatorIcEEEEN12WaterConcept5World20WorldSpoutConnectionEEENS_19__map_value_compareIS7_SB_NS_4lessIS7_EELb1EEENS5_ISB_EEE16__insert_node_atEPNS_15__tree_end_nodeIPNS_16__tree_node_baseIPvEEEERSM_SM_	
0x46dcdc	.text	_ZNSt6__ndk16__treeINS_12__value_typeINS_12basic_stringIcNS_11char_traitsIcEENS_9allocatorIcEEEES7_EENS_19__map_value_compareIS7_S8_NS_4lessIS7_EELb1EEENS5_IS8_EEE15__emplace_multiIJNS_4pairIS7_S7_EEEEENS_15__tree_iteratorIS8_PNS_11__tree_nodeIS8_PvEElEEDpOT_	__emplace_multi<std::__ndk1::pair<std::__ndk1::basic_string<char,std::__ndk1::char_traits<char>,std::__ndk1::allocator<char>>,std::__ndk1::basic_string<char,std::__ndk1::char_traits<char>,std::__ndk1::allocator<char>>>>
0x46ddd4	.text	_ZNSt6__ndk16__treeINS_12__value_typeINS_12basic_stringIcNS_11char_traitsIcEENS_9allocatorIcEEEES7_EENS_19__map_value_compareIS7_S8_NS_4lessIS7_EELb1EEENS5_IS8_EEE16__find_leaf_highERPNS_15__tree_end_nodeIPNS_16__tree_node_baseIPvEEEERKS7_	
0x46dea8	.text	_ZNSt6__ndk16__treeINS_12__value_typeINS_12basic_stringIcNS_11char_traitsIcEENS_9allocatorIcEEEEN12WaterConcept5World20WorldSpoutConnectionEEENS_19__map_value_compareIS7_SB_NS_4lessIS7_EELb1EEENS5_ISB_EEE4findIS7_EENS_15__tree_iteratorISB_PNS_11__tree_nodeISB_PvEElEERKT_	find<std::__ndk1::basic_string<char,std::__ndk1::char_traits<char>,std::__ndk1::allocator<char>>>
0x46df60	.text	_ZNSt6__ndk16__treeINS_12__value_typeINS_12basic_stringIcNS_11char_traitsIcEENS_9allocatorIcEEEEN12WaterConcept5World20WorldSpoutConnectionEEENS_19__map_value_compareIS7_SB_NS_4lessIS7_EELb1EEENS5_ISB_EEE13__lower_boundIS7_EENS_15__tree_iteratorISB_PNS_11__tree_nodeISB_PvEElEERKT_SN_PNS_15__tree_end_nodeIPNS_16__tree_node_baseISL_EEEE	__lower_bound<std::__ndk1::basic_string<char,std::__ndk1::char_traits<char>,std::__ndk1::allocator<char>>>
0x46e010	.text	_ZNSt6__ndk16__treeINS_12__value_typeINS_12basic_stringIcNS_11char_traitsIcEENS_9allocatorIcEEEEN12WaterConcept5World20WorldSpoutConnectionEEENS_19__map_value_compareIS7_SB_NS_4lessIS7_EELb1EEENS5_ISB_EEE5eraseENS_21__tree_const_iteratorISB_PNS_11__tree_nodeISB_PvEElEE	
0x46e0c4	.text	_ZNSt6__ndk16vectorIPN12WaterConcept17InteractiveObjectENS_9allocatorIS3_EEE21__push_back_slow_pathIRKS3_EEvOT_	__push_back_slow_path<WaterConcept::InteractiveObject*const&>
0x46e1ec	.text	_ZNSt6__ndk114__split_bufferIPN12WaterConcept17InteractiveObjectERNS_9allocatorIS3_EEEC2EmmS6_	
0x46e29c	.text	_ZNSt6__ndk16__treeINS_12__value_typeINS_12basic_stringIcNS_11char_traitsIcEENS_9allocatorIcEEEEPN12WaterConcept17InteractiveObjectEEENS_19__map_value_compareIS7_SB_NS_4lessIS7_EELb1EEENS5_ISB_EEE25__emplace_unique_key_argsIS7_JRKNS_21piecewise_construct_tENS_5tupleIJRKS7_EEENSM_IJEEEEEENS_4pairINS_15__tree_iteratorISB_PNS_11__tree_nodeISB_PvEElEEbEERKT_DpOT0_	__emplace_unique_key_args<std::__ndk1::basic_string<char,std::__ndk1::char_traits<char>,std::__ndk1::allocator<char>>,std::__ndk1::piecewise_construct_t_const&,std::__ndk1::tuple<std::__ndk1::basic_string<char,std::__ndk1::char_traits<char>,std::__ndk1::allocator<char>>const&>,std::__ndk1::tuple<>>
0x46e34c	.text	_ZNSt6__ndk16__treeINS_12__value_typeINS_12basic_stringIcNS_11char_traitsIcEENS_9allocatorIcEEEEPN12WaterConcept17InteractiveObjectEEENS_19__map_value_compareIS7_SB_NS_4lessIS7_EELb1EEENS5_ISB_EEE12__find_equalIS7_EERPNS_16__tree_node_baseIPvEERPNS_15__tree_end_nodeISM_EERKT_	__find_equal<std::__ndk1::basic_string<char,std::__ndk1::char_traits<char>,std::__ndk1::allocator<char>>>
0x46e478	.text	_ZNSt6__ndk16__treeINS_12__value_typeINS_12basic_stringIcNS_11char_traitsIcEENS_9allocatorIcEEEEPN12WaterConcept17InteractiveObjectEEENS_19__map_value_compareIS7_SB_NS_4lessIS7_EELb1EEENS5_ISB_EEE16__construct_nodeIJRKNS_21piecewise_construct_tENS_5tupleIJRKS7_EEENSM_IJEEEEEENS_10unique_ptrINS_11__tree_nodeISB_PvEENS_22__tree_node_destructorINS5_ISU_EEEEEEDpOT_	__construct_node<std::__ndk1::piecewise_construct_t_const&,std::__ndk1::tuple<std::__ndk1::basic_string<char,std::__ndk1::char_traits<char>,std::__ndk1::allocator<char>>const&>,std::__ndk1::tuple<>>
0x46e4e8	.text	_ZNSt6__ndk16__treeINS_12__value_typeINS_12basic_stringIcNS_11char_traitsIcEENS_9allocatorIcEEEEPN12WaterConcept17InteractiveObjectEEENS_19__map_value_compareIS7_SB_NS_4lessIS7_EELb1EEENS5_ISB_EEE16__insert_node_atEPNS_15__tree_end_nodeIPNS_16__tree_node_baseIPvEEEERSM_SM_	
0x46e53c	.text	_ZNSt6__ndk16vectorIN12WaterConcept5World10RegionInfoENS_9allocatorIS3_EEE21__push_back_slow_pathIRKS3_EEvOT_	__push_back_slow_path<WaterConcept::World::RegionInfo_const&>
0x46e6e8	.text	_ZNSt6__ndk114__split_bufferIN12WaterConcept5World10RegionInfoERNS_9allocatorIS3_EEEC2EmmS6_	
0x46e7ac	.text	_ZNSt6__ndk16vectorIN12WaterConcept5World10RegionInfoENS_9allocatorIS3_EEE26__swap_out_circular_bufferERNS_14__split_bufferIS3_RS5_EE	
0x46e8f0	.text	_ZNSt6__ndk114__split_bufferIN12WaterConcept5World10RegionInfoERNS_9allocatorIS3_EEED2Ev	
0x46e944	.text	_ZNSt6__ndk16vectorIPN12WaterConcept17InteractiveObjectENS_9allocatorIS3_EEE21__push_back_slow_pathIS3_EEvOT_	__push_back_slow_path<WaterConcept::InteractiveObject*>
0x46ea6c	.text	_ZNSt6__ndk16__treeINS_12__value_typeINS_12basic_stringIcNS_11char_traitsIcEENS_9allocatorIcEEEEPN12WaterConcept17InteractiveObjectEEENS_19__map_value_compareIS7_SB_NS_4lessIS7_EELb1EEENS5_ISB_EEE25__emplace_unique_key_argsIS7_JRKNS_21piecewise_construct_tENS_5tupleIJOS7_EEENSM_IJEEEEEENS_4pairINS_15__tree_iteratorISB_PNS_11__tree_nodeISB_PvEElEEbEERKT_DpOT0_	__emplace_unique_key_args<std::__ndk1::basic_string<char,std::__ndk1::char_traits<char>,std::__ndk1::allocator<char>>,std::__ndk1::piecewise_construct_t_const&,std::__ndk1::tuple<std::__ndk1::basic_string<char,std::__ndk1::char_traits<char>,std::__ndk1::allocator<char>>&&>,std::__ndk1::tuple<>>
0x46eb2c	.text	_ZNSt6__ndk16vectorIPN12WaterConcept5SpoutENS_9allocatorIS3_EEE21__push_back_slow_pathIRKS3_EEvOT_	__push_back_slow_path<WaterConcept::Spout*const&>
0x46ec54	.text	_ZNSt6__ndk114__split_bufferIPN12WaterConcept5SpoutERNS_9allocatorIS3_EEEC2EmmS6_	
0x46ed04	.text	_ZNSt6__ndk16vectorIPN12WaterConcept8StarSeedENS_9allocatorIS3_EEE21__push_back_slow_pathIS3_EEvOT_	__push_back_slow_path<WaterConcept::StarSeed*>
0x46ee2c	.text	_ZNSt6__ndk16vectorIPN12WaterConcept6IcyHotENS_9allocatorIS3_EEE21__push_back_slow_pathIS3_EEvOT_	__push_back_slow_path<WaterConcept::IcyHot*>
0x46ef54	.text	_ZNSt6__ndk114__split_bufferIPN12WaterConcept6IcyHotERNS_9allocatorIS3_EEEC2EmmS6_	
0x46f004	.text	_ZNSt6__ndk16vectorIN12WaterConcept5World10TouchEventENS_9allocatorIS3_EEE21__push_back_slow_pathIS3_EEvOT_	__push_back_slow_path<WaterConcept::World::TouchEvent>
0x46f188	.text	_ZNSt6__ndk114__split_bufferIN12WaterConcept5World10TouchEventERNS_9allocatorIS3_EEEC2EmmS6_	
0x46f24c	.text	_ZNSt6__ndk16vectorIN12WaterConcept5World10TouchEventENS_9allocatorIS3_EEE26__swap_out_circular_bufferERNS_14__split_bufferIS3_RS5_EE	
0x46f2c8	.text	_ZNSt6__ndk16vectorIcNS_9allocatorIcEEE11__vallocateEm	
0x46f308	.text	_ZNSt6__ndk16vectorIN21WaterConceptConstants12MaterialTypeENS_9allocatorIS2_EEE21__push_back_slow_pathIRKS2_EEvOT_	__push_back_slow_path<WaterConceptConstants::MaterialType_const&>
0x46f42c	.text	_ZNSt6__ndk16__treeIiNS_4lessIiEENS_9allocatorIiEEE25__emplace_unique_key_argsIiJiEEENS_4pairINS_15__tree_iteratorIiPNS_11__tree_nodeIiPvEElEEbEERKT_DpOT0_	
0x46f4f8	.text	_ZNSt6__ndk16__treeIiNS_4lessIiEENS_9allocatorIiEEE16__insert_node_atEPNS_15__tree_end_nodeIPNS_16__tree_node_baseIPvEEEERSA_SA_	
0x46f54c	.text	_ZN12WaterConcept5World24_addParticleAndNeighborsINS_15ConsiderPoolAnyEEEvRKNS_19ParticleDescriptionEfRNSt6__ndk13setIjNS6_4lessIjEENS6_9allocatorIjEEEEPN7Walaber16FluidParticleSetET_	_addParticleAndNeighbors<WaterConcept::ConsiderPoolAny>
0x46f6c8	.text	_ZNSt6__ndk16__treeIN12WaterConcept8GridCellENS_4lessIS2_EENS_9allocatorIS2_EEE4findIS2_EENS_15__tree_iteratorIS2_PNS_11__tree_nodeIS2_PvEElEERKT_	find<WaterConcept::GridCell>
0x46f734	.text	_ZNSt6__ndk16__treeIN12WaterConcept8GridCellENS_4lessIS2_EENS_9allocatorIS2_EEE25__emplace_unique_key_argsIS2_JRKS2_EEENS_4pairINS_15__tree_iteratorIS2_PNS_11__tree_nodeIS2_PvEElEEbEERKT_DpOT0_	__emplace_unique_key_args<WaterConcept::GridCell,WaterConcept::GridCell_const&>
0x46f7dc	.text	_ZNSt6__ndk16__treeIN12WaterConcept8GridCellENS_4lessIS2_EENS_9allocatorIS2_EEE12__find_equalIS2_EERPNS_16__tree_node_baseIPvEERPNS_15__tree_end_nodeISC_EERKT_	__find_equal<WaterConcept::GridCell>
0x46f860	.text	_ZNSt6__ndk16__treeIN12WaterConcept8GridCellENS_4lessIS2_EENS_9allocatorIS2_EEE16__insert_node_atEPNS_15__tree_end_nodeIPNS_16__tree_node_baseIPvEEEERSC_SC_	
0x46f8b4	.text	_ZN12WaterConcept5World10_walkStripINS_19ConsiderSameDefaultEEEvNS_8GridCellES3_S3_iT_NS0_12EdgeTypeFlagERNSt6__ndk16vectorIN7Walaber19PositionTextureVertENS6_9allocatorIS9_EEEERNS7_INS8_17PositionColorVertENSA_ISE_EEEEiN21WaterConceptConstants14CollisionLayerEi	_walkStrip<WaterConcept::ConsiderSameDefault>
0x471444	.text	_ZN12WaterConcept5World21_addSmoothingTriangleEN7Walaber9SharedPtrINS1_7TextureEEERNSt6__ndk16vectorINS1_19PositionTextureVertENS5_9allocatorIS7_EEEERKNS1_7Vector2ESE_SE_SE_j	
0x47169c	.text	_ZN12WaterConcept5World28_considerOutlineForCollisionENS_8GridCellERKN7Walaber7Vector2ES5_S5_N21WaterConceptConstants14CollisionLayerE	
0x471804	.text	_ZNSt6__ndk16vectorIN7Walaber17PositionColorVertENS_9allocatorIS2_EEE21__push_back_slow_pathIRKS2_EEvOT_	
0x471978	.text	_ZNSt6__ndk114__split_bufferIN7Walaber17PositionColorVertERNS_9allocatorIS2_EEEC2EmmS5_	
0x471a3c	.text	_ZN12WaterConcept5World10_walkStripINS_23ConsiderSameRockOutlineEEEvNS_8GridCellES3_S3_iT_NS0_12EdgeTypeFlagERNSt6__ndk16vectorIN7Walaber19PositionTextureVertENS6_9allocatorIS9_EEEERNS7_INS8_17PositionColorVertENSA_ISE_EEEEiN21WaterConceptConstants14CollisionLayerEi	_walkStrip<WaterConcept::ConsiderSameRockOutline>
0x47366c	.text	_ZN12WaterConcept5World10_walkStripINS_15ConsiderSameAllEEEvNS_8GridCellES3_S3_iT_NS0_12EdgeTypeFlagERNSt6__ndk16vectorIN7Walaber19PositionTextureVertENS6_9allocatorIS9_EEEERNS7_INS8_17PositionColorVertENSA_ISE_EEEEiN21WaterConceptConstants14CollisionLayerEi	_walkStrip<WaterConcept::ConsiderSameAll>
0x475264	.text	_ZN12WaterConcept5World10_walkStripINS_17ConsiderSameAlgaeEEEvNS_8GridCellES3_S3_iT_NS0_12EdgeTypeFlagERNSt6__ndk16vectorIN7Walaber19PositionTextureVertENS6_9allocatorIS9_EEEERNS7_INS8_17PositionColorVertENSA_ISE_EEEEiN21WaterConceptConstants14CollisionLayerEi	_walkStrip<WaterConcept::ConsiderSameAlgae>
0x476e24	.text	_ZNSt6__ndk16vectorIPN12WaterConcept4BombENS_9allocatorIS3_EEE21__push_back_slow_pathIRKS3_EEvOT_	__push_back_slow_path<WaterConcept::Bomb*const&>
0x476f4c	.text	_ZNSt6__ndk114__split_bufferIPN12WaterConcept4BombERNS_9allocatorIS3_EEEC2EmmS6_	
0x476ffc	.text	_ZNSt6__ndk16__treeINS_12__value_typeIPN12WaterConcept6SwitchENS2_5World14SwitchAnimInfoEEENS_19__map_value_compareIS4_S7_NS_4lessIS4_EELb1EEENS_9allocatorIS7_EEE25__emplace_unique_key_argsIS4_JRKNS_21piecewise_construct_tENS_5tupleIJRKS4_EEENSJ_IJEEEEEENS_4pairINS_15__tree_iteratorIS7_PNS_11__tree_nodeIS7_PvEElEEbEERKT_DpOT0_	__emplace_unique_key_args<WaterConcept::Switch*,std::__ndk1::piecewise_construct_t_const&,std::__ndk1::tuple<WaterConcept::Switch*const&>,std::__ndk1::tuple<>>
0x4770cc	.text	_ZNSt6__ndk16__treeINS_12__value_typeIPN12WaterConcept6SwitchENS2_5World14SwitchAnimInfoEEENS_19__map_value_compareIS4_S7_NS_4lessIS4_EELb1EEENS_9allocatorIS7_EEE16__insert_node_atEPNS_15__tree_end_nodeIPNS_16__tree_node_baseIPvEEEERSJ_SJ_	
0x477120	.text	_ZN12WaterConcept10AlgaeHiderC2EN7Walaber7Vector2EfS2_	
0x4771bc	.text	_ZN12WaterConcept10AlgaeHiderD1Ev	
0x4771fc	.text	_ZN12WaterConcept10AlgaeHiderD0Ev	
0x477220	.text	_ZN12WaterConcept10AlgaeHider13setPropertiesERKN7Walaber12PropertyListE	
0x477330	.text	_ZN12WaterConcept10AlgaeHider6updateEf	
0x477334	.text	_ZN12WaterConcept10AlgaeHider9removeAllEv	
0x4773f0	.text	_ZN12WaterConcept10AlgaeHider19particleHasCollidedEPNS_6FluidsERKNS_19ParticleDescriptionEiRb	
0x47755c	.text	_ZN12WaterConcept10AlgaeHider13_initFinishedEv	
0x477560	.text	_ZN12WaterConcept10AlgaeHider8addAlgaeENS_8GridCellE	
0x4775d0	.text	_ZN12WaterConcept17InteractiveObject16setLocalPositionERKN7Walaber7Vector2E	
0x4775f8	.text	_ZN12WaterConcept17InteractiveObject13setLocalScaleERKN7Walaber7Vector2E	
0x477620	.text	_ZN12WaterConcept17InteractiveObject13setLocalAngleERKf	
0x477648	.text	_ZN12WaterConcept17InteractiveObject4drawEPN7Walaber11SpriteBatchE	
0x477660	.text	_ZN12WaterConcept17InteractiveObject18isLowTouchPriorityEv	
0x477668	.text	_ZN12WaterConcept17InteractiveObject15handleLostTouchEv	
0x477670	.text	_ZN12WaterConcept17InteractiveObject18getTouchRadiusSlopEv	
0x477680	.text	_ZN12WaterConcept17InteractiveObject12_initFromXMLEP7_xmlDocP8_xmlNode	
0x477684	.text	_ZN12WaterConcept17InteractiveObject16_spriteHasLoadedEPN7Walaber6SpriteE	
0x477688	.text	_ZNSt6__ndk110__list_impIN12WaterConcept8GridCellENS_9allocatorIS2_EEE5clearEv	
0x4776e4	.text	_ZN12WaterConcept4BombC2EN7Walaber7Vector2EfS2_	
0x47779c	.text	_ZN12WaterConcept4BombD1Ev	
0x4777d4	.text	_ZN12WaterConcept4BombD0Ev	
0x477814	.text	_ZN12WaterConcept4Bomb13_initFinishedEv	
0x477984	.text	_ZN12WaterConcept4Bomb27_explosionAnimationFinishedEPv	
0x477ce0	.text	_ZN7Walaber9SharedPtrINS_14MemberCallbackIN12WaterConcept4BombEEEED2Ev	
0x477d38	.text	_ZN12WaterConcept4Bomb13setPropertiesERKN7Walaber12PropertyListE	
0x477e64	.text	_ZN12WaterConcept4Bomb6updateEf	
0x477f28	.text	_ZN12WaterConcept4Bomb12setToExplodeEb	
0x4782f4	.text	_ZN12WaterConcept17InteractiveObject6_gotSEEPv	
0x47836c	.text	_ZN7Walaber9SharedPtrINS_14MemberCallbackIN12WaterConcept17InteractiveObjectEEEED2Ev	
0x4783c4	.text	_ZN12WaterConcept4Bomb19particleHasCollidedEPNS_6FluidsERKNS_19ParticleDescriptionEiRb	
0x478458	.text	_ZN7Walaber14MemberCallbackIN12WaterConcept4BombEED0Ev	
0x47845c	.text	_ZN7Walaber14MemberCallbackIN12WaterConcept4BombEE6invokeEPv	
0x47848c	.text	_ZN7Walaber14MemberCallbackIN12WaterConcept17InteractiveObjectEED0Ev	
0x478490	.text	_ZN7Walaber14MemberCallbackIN12WaterConcept17InteractiveObjectEE6invokeEPv	
0x4784c0	.text	_ZN12WaterConcept11CollectibleC2EN7Walaber7Vector2EfS2_	
0x478608	.text	_ZN12WaterConcept11CollectibleD1Ev	
0x478640	.text	_ZN12WaterConcept11CollectibleD0Ev	
0x478680	.text	_ZN12WaterConcept11Collectible11turnToGhostEv	
0x4786ac	.text	_ZN12WaterConcept11Collectible7isGhostEv	
0x4786b4	.text	_ZN12WaterConcept11Collectible13setPropertiesERKN7Walaber12PropertyListE	
0x478ef4	.text	_ZN12WaterConcept11Collectible6updateEf	
0x4791ac	.text	_ZN12WaterConcept11Collectible15handleTouchDownERKN7Walaber7Vector2E	
0x4791d4	.text	_ZN12WaterConcept11Collectible16handleTouchMovedERKN7Walaber7Vector2ES4_	
0x4791d8	.text	_ZN12WaterConcept11Collectible13handleTouchUpERKN7Walaber7Vector2E	
0x4791dc	.text	_ZN12WaterConcept11Collectible10setExposedENS0_12ExposedStateE	
0x479204	.text	_ZN12WaterConcept11Collectible13_initFinishedEv	
0x479220	.text	_ZN12WaterConcept11Collectible19particleHasCollidedEPNS_6FluidsERKNS_19ParticleDescriptionEiRb	
0x479228	.text	_ZN12WaterConcept11Collectible15handleLostTouchEv	
0x479230	.text	_ZN12WaterConcept9DirtyWallC2EN7Walaber7Vector2EfS2_PNS_6FluidsE	
0x4792e0	.text	_ZN12WaterConcept9DirtyWallD2Ev	
0x479328	.text	_ZN12WaterConcept9DirtyWallD0Ev	
0x47934c	.text	_ZN12WaterConcept9DirtyWall13setPropertiesERKN7Walaber12PropertyListE	
0x479428	.text	_ZN12WaterConcept9DirtyWall6updateEf	
0x479664	.text	_ZN12WaterConcept9DirtyWall19particleHasCollidedEPNS_6FluidsERKNS_19ParticleDescriptionEiRb	
0x47976c	.text	_ZN12WaterConcept9DirtyWall13_initFinishedEv	
0x479770	.text	_ZN12WaterConcept3FanC1EN7Walaber7Vector2EfS2_	
0x479804	.text	_ZN12WaterConcept3FanD2Ev	
0x479894	.text	_ZN12WaterConcept3FanD0Ev	
0x4798b8	.text	_ZN12WaterConcept3Fan13setPropertiesERKN7Walaber12PropertyListE	
0x479cf4	.text	_ZN12WaterConcept3Fan6updateEf	
0x47a198	.text	_ZN12WaterConcept3Fan9_setStateEb	
0x47a234	.text	_ZN12WaterConcept3Fan19particleHasCollidedEPNS_6FluidsERKNS_19ParticleDescriptionEiRb	
0x47a23c	.text	_ZN12WaterConcept3Fan12connectDrainEPNS_5SpoutE	
0x47a244	.text	_ZN12WaterConcept3Fan11connectPumpEPNS_17InteractiveObjectE	
0x47a4c8	.text	_ZN12WaterConcept3Fan13_initFinishedEv	
0x47a6ec	.text	_ZN12WaterConcept3Fan15_animationEventEPv	
0x47a6f0	.text	_ZNSt6__ndk16vectorIN12WaterConcept3Fan8PumpInfoENS_9allocatorIS3_EEE21__push_back_slow_pathIRKS3_EEvOT_	__push_back_slow_path<WaterConcept::Fan::PumpInfo_const&>
0x47a880	.text	_ZNSt6__ndk114__split_bufferIN12WaterConcept3Fan8PumpInfoERNS_9allocatorIS3_EEEC2EmmS6_	
0x47a944	.text	_ZNSt6__ndk16vectorIN12WaterConcept3Fan8PumpInfoENS_9allocatorIS3_EEE26__swap_out_circular_bufferERNS_14__split_bufferIS3_RS5_EE	
0x47a9d0	.text	_ZN12WaterConcept7FloaterC2EN7Walaber7Vector2EfS2_	
0x47aac8	.text	_ZN12WaterConcept7FloaterD2Ev	
0x47ab74	.text	_ZN12WaterConcept7FloaterD0Ev	
0x47ab98	.text	_ZN12WaterConcept7Floater13_initFinishedEv	
0x47ad98	.text	_ZN12WaterConcept7Floater15_updateSpringDsEv	
0x47ae7c	.text	_ZNSt6__ndk16vectorIN7Walaber7Vector2ENS_9allocatorIS2_EEEC2EmRKS2_	
0x47aefc	.text	_ZN12WaterConcept7Floater12_initFromXMLEP7_xmlDocP8_xmlNode	
0x47b16c	.text	_ZN12WaterConcept7Floater13setPropertiesERKN7Walaber12PropertyListE	
0x47bb08	.text	_ZN12WaterConcept7Floater6updateEf	
0x47bd6c	.text	_ZN12WaterConcept7Floater4drawEPN7Walaber11SpriteBatchEbf	
0x47bd88	.text	_ZN12WaterConcept7Floater14drawBackgroundEPN7Walaber11SpriteBatchEbf	
0x47bda4	.text	_ZN12WaterConcept7Floater5_drawEPN7Walaber11SpriteBatchEbf	
0x47be10	.text	_ZN12WaterConcept7Floater11_drawSpriteEPN7Walaber11SpriteBatchEii	
0x47c074	.text	_ZN12WaterConcept7Floater18_updateGlobalShapeEb	
0x47c214	.text	_ZN12WaterConcept7Floater23_derivePositionAndAngleEv	
0x47c524	.text	_ZN12WaterConcept7Floater19particleHasCollidedEPNS_6FluidsERKNS_19ParticleDescriptionEiRb	
0x47c538	.text	_ZN12WaterConcept7Floater16_handleCollisionEPNS_6FluidsERKNS_19ParticleDescriptionEi	
0x47c89c	.text	_ZN12WaterConcept7Floater34shouldCollideWithInteractiveObjectEPNS_17InteractiveObjectE	
0x47c8e8	.text	_ZNSt6__ndk16vectorIN12WaterConcept7Floater14InternalSpringENS_9allocatorIS3_EEE21__push_back_slow_pathIRKS3_EEvOT_	__push_back_slow_path<WaterConcept::Floater::InternalSpring_const&>
0x47ca5c	.text	_ZNSt6__ndk114__split_bufferIN12WaterConcept7Floater14InternalSpringERNS_9allocatorIS3_EEEC2EmmS6_	
0x47cb20	.text	_ZNSt6__ndk16vectorIN7Walaber7Vector2ENS_9allocatorIS2_EEE11__vallocateEm	
0x47cb64	.text	_ZNSt6__ndk16vectorIjNS_9allocatorIjEEE21__push_back_slow_pathIjEEvOT_	
0x47cc88	.text	_ZN12WaterConcept14FluidConverterC1EN7Walaber7Vector2EfS2_	
0x47d1f0	.text	_ZN12WaterConcept14FluidConverterD1Ev	
0x47d254	.text	_ZN12WaterConcept14FluidConverterD0Ev	
0x47d278	.text	_ZN12WaterConcept14FluidConverter13setPropertiesERKN7Walaber12PropertyListE	
0x47dcb8	.text	_ZN12WaterConcept14FluidConverter12addFluidTypeEN21WaterConceptConstants9FluidTypeEf	
0x47dd34	.text	_ZN12WaterConcept14FluidConverter6updateEf	
0x47e184	.text	_ZN12WaterConcept14FluidConverter19_updateHandleSpriteEv	
0x47e25c	.text	_ZN12WaterConcept14FluidConverter15handleTouchDownERKN7Walaber7Vector2E	
0x47e29c	.text	_ZN12WaterConcept14FluidConverter18_updateFluidSpriteEi	
0x47e2ec	.text	_ZN12WaterConcept14FluidConverter13_initFinishedEv	
0x47e3e8	.text	_ZN12WaterConcept14FluidConverter15_animationEventEPv	
0x47e584	.text	_ZN7Walaber9SharedPtrINS_14MemberCallbackIN12WaterConcept14FluidConverterEEEED2Ev	
0x47e5dc	.text	_ZN12WaterConcept11inverselerpEfff	
0x47e5ec	.text	_ZN12WaterConcept14FluidConverter4drawEPN7Walaber11SpriteBatchEbf	
0x47e8f4	.text	_ZN12WaterConcept14FluidConverter32_fluidTypeAndDrynessToTexturePtrEif	
0x47e958	.text	_ZN12WaterConcept17InteractiveObject19particleHasCollidedEPNS_6FluidsERKNS_19ParticleDescriptionEiRb	
0x47e960	.text	_ZNSt6__ndk16vectorINS_4pairIN21WaterConceptConstants9FluidTypeEfEENS_9allocatorIS4_EEE21__push_back_slow_pathIS4_EEvOT_	__push_back_slow_path<std::__ndk1::pair<WaterConceptConstants::FluidType,float>>
0x47ea88	.text	_ZNSt6__ndk114__split_bufferINS_4pairIN21WaterConceptConstants9FluidTypeEfEERNS_9allocatorIS4_EEEC2EmmS7_	
0x47eb38	.text	_ZN7Walaber14MemberCallbackIN12WaterConcept14FluidConverterEED0Ev	
0x47eb3c	.text	_ZN7Walaber14MemberCallbackIN12WaterConcept14FluidConverterEE6invokeEPv	
0x47eb6c	.text	_ZN12WaterConcept6IcyHotC1EN7Walaber7Vector2EfS2_PNS_6FluidsE	
0x47eca8	.text	_ZN12WaterConcept6IcyHotD1Ev	
0x47ed14	.text	_ZN12WaterConcept6IcyHotD0Ev	
0x47ed38	.text	_ZN12WaterConcept6IcyHot13setPropertiesERKN7Walaber12PropertyListE	
0x47f3b4	.text	_ZN12WaterConcept6IcyHot31addOffsetToMouthWithProbabilityERKN7Walaber7Vector2Ef	
0x47f4c8	.text	_ZN12WaterConcept6IcyHot6updateEf	
0x47fad4	.text	_ZN7Walaber10RingBufferIN12WaterConcept19ParticleDescriptionEE4pushES2_	
0x47fb1c	.text	_ZN12WaterConcept6IcyHot4drawEPN7Walaber11SpriteBatchEbf	
0x47fbb0	.text	_ZN12WaterConcept6IcyHot19particleHasCollidedEPNS_6FluidsERKNS_19ParticleDescriptionEiRb	
0x47fc9c	.text	_ZN12WaterConcept6IcyHot13_initFinishedEv	
0x47fd60	.text	_ZNSt6__ndk112__deque_baseIiNS_9allocatorIiEEED2Ev	
0x47fda8	.text	_ZNSt6__ndk112__deque_baseIiNS_9allocatorIiEEE5clearEv	
0x47fe8c	.text	_ZNSt6__ndk114__split_bufferIPiNS_9allocatorIS1_EEED2Ev	
0x47fec0	.text	_ZNSt6__ndk16vectorINS_4pairIiiEENS_9allocatorIS2_EEE21__push_back_slow_pathIS2_EEvOT_	
0x47ffe8	.text	_ZNSt6__ndk114__split_bufferINS_4pairIiiEERNS_9allocatorIS2_EEEC2EmmS5_	
0x480098	.text	_ZNSt6__ndk15dequeIiNS_9allocatorIiEEE9pop_frontEv	
0x4800f8	.text	_ZNSt6__ndk15dequeIiNS_9allocatorIiEEE9push_backEOi	
0x480170	.text	_ZNSt6__ndk15dequeIiNS_9allocatorIiEEE19__add_back_capacityEv	
0x4804f0	.text	_ZNSt6__ndk114__split_bufferIPiNS_9allocatorIS1_EEE9push_backEOS1_	
0x480670	.text	_ZNSt6__ndk114__split_bufferIPiNS_9allocatorIS1_EEE10push_frontEOS1_	
0x4807f8	.text	_ZNSt6__ndk114__split_bufferIPiRNS_9allocatorIS1_EEEC2EmmS4_	
0x4808a8	.text	_ZNSt6__ndk114__split_bufferIPiRNS_9allocatorIS1_EEE9push_backEOS1_	
0x480a28	.text	_ZNSt6__ndk114__split_bufferIPiRNS_9allocatorIS1_EEE10push_frontERKS1_	
0x480bb0	.text	_ZNSt6__ndk13mapINS_12basic_stringIcNS_11char_traitsIcEENS_9allocatorIcEEEEN7Walaber9SharedPtrINS7_8CallbackEEENS_4lessIS6_EENS4_INS_4pairIKS6_SA_EEEEED2Ev	
0x480bb8	.text	_ZN12WaterConcept17InteractiveObjectC2EN7Walaber7Vector2EfS2_bb	
0x4810d4	.text	_ZN12WaterConcept17InteractiveObjectD1Ev	
0x4812a8	.text	_ZN12WaterConcept17InteractiveObjectD0Ev	
0x4812cc	.text	_ZN12WaterConcept17InteractiveObject4initENSt6__ndk112basic_stringIcNS1_11char_traitsIcEENS1_9allocatorIcEEEERKN7Walaber12PropertyListENS8_9SharedPtrINS8_8CallbackEEE	
0x481430	.text	_ZN12WaterConcept17InteractiveObject15_initFileLoadedEPv	
0x481e8c	.text	_ZN12WaterConcept17InteractiveObject8addShapeENSt6__ndk16vectorIN7Walaber7Vector2ENS1_9allocatorIS4_EEEE	
0x481f20	.text	_ZNSt6__ndk16vectorIN7Walaber7Vector2ENS_9allocatorIS2_EEEC2ERKS5_	
0x481fb8	.text	_ZN12WaterConcept17InteractiveObject9addSpriteEPN7Walaber6SpriteENS1_7Vector2EfS4_bRKNSt6__ndk112basic_stringIcNS5_11char_traitsIcEENS5_9allocatorIcEEEE	
0x482154	.text	_ZN12WaterConcept17InteractiveObject13_spriteLoadedEPv	
0x48234c	.text	_ZN12WaterConcept17InteractiveObject13_buildVaccuumEv	
0x482790	.text	_ZN12WaterConcept17InteractiveObject20getDefaultPropertiesENSt6__ndk112basic_stringIcNS1_11char_traitsIcEENS1_9allocatorIcEEEEN7Walaber9SharedPtrINS8_8CallbackEEE	
0x4828c0	.text	_ZN12WaterConcept17InteractiveObject21_gotDefaultPropertiesEPv	
0x482aa8	.text	_ZN12WaterConcept17InteractiveObject13setPropertiesERKN7Walaber12PropertyListE	
0x4857fc	.text	_ZN12WaterConcept17InteractiveObject17constrainRotationEN7Walaber7Vector2Eff	
0x48589c	.text	_ZN12WaterConcept17InteractiveObject15constrainToPathENSt6__ndk16vectorIN7Walaber7Vector2ENS1_9allocatorIS4_EEEE	
0x4858c4	.text	_ZN12WaterConcept17InteractiveObject13strToMoveEaseENSt6__ndk112basic_stringIcNS1_11char_traitsIcEENS1_9allocatorIcEEEE	
0x4859d0	.text	_ZN12WaterConcept17InteractiveObject19_inferMotorPositionEv	
0x485b5c	.text	_ZN12WaterConcept17InteractiveObject17addTimeQueueEntryEbf	
0x485bdc	.text	_ZN12WaterConcept17InteractiveObject17strToPlatinumTypeENSt6__ndk112basic_stringIcNS1_11char_traitsIcEENS1_9allocatorIcEEEE	
0x485d6c	.text	_ZN12WaterConcept17InteractiveObject16setPositionAngleERKN7Walaber7Vector2EfS4_	
0x485e10	.text	_ZN12WaterConcept17InteractiveObject17_applyConstraintsEv	
0x486288	.text	_ZN12WaterConcept17InteractiveObject6updateEf	
0x486600	.text	_ZN12WaterConcept17InteractiveObject12_updateMotorEf	
0x486c30	.text	_ZN12WaterConcept17InteractiveObject13_updateVacuumEv	
0x487084	.text	_ZN12WaterConcept17InteractiveObject14drawBackgroundEPN7Walaber11SpriteBatchEbf	
0x48766c	.text	_ZN12WaterConcept17InteractiveObject15debugDrawShapesEPN7Walaber11SpriteBatchENS1_5ColorEf	
0x487740	.text	_ZN12WaterConcept17InteractiveObject20debugDrawConstraintsEPN7Walaber11SpriteBatchEf	
0x4879e4	.text	_ZN12WaterConcept17InteractiveObject14debugDrawShapeEjPN7Walaber11SpriteBatchENS1_5ColorEf	
0x487b24	.text	_ZN12WaterConcept17InteractiveObject14drawForegroundEPN7Walaber11SpriteBatchEbf	
0x487b28	.text	_ZN12WaterConcept17InteractiveObject4drawEPN7Walaber11SpriteBatchEbf	
0x487c2c	.text	_ZN12WaterConcept17InteractiveObject13debugDrawAABBEPN7Walaber11SpriteBatchENS1_5ColorEf	
0x487d70	.text	_ZNK12WaterConcept17InteractiveObject8containsERKN7Walaber7Vector2ERi	
0x487df8	.text	_ZNK12WaterConcept17InteractiveObject13shapeContainsERKN7Walaber7Vector2Ei	
0x487ef8	.text	_ZNK12WaterConcept17InteractiveObject15getClosestPointERKN7Walaber7Vector2ERS2_S5_	
0x48805c	.text	_ZNK12WaterConcept17InteractiveObject21getClosestPointOnEdgeERKN7Walaber7Vector2ERKNSt6__ndk16vectorIS2_NS5_9allocatorIS2_EEEEiRS2_SC_Rf	
0x488240	.text	_ZNK12WaterConcept17InteractiveObject22getClosestPointOnShapeERKN7Walaber7Vector2EiRS2_S5_	
0x488364	.text	_ZNK12WaterConcept17InteractiveObject22getClosestPointOnShapeERKN7Walaber7Vector2EiRS2_S5_Ri	
0x488494	.text	_ZNK12WaterConcept17InteractiveObject22getClosestPointOnShapeERKN7Walaber7Vector2EiRS2_S5_RiRf	
0x4885dc	.text	_ZNK12WaterConcept17InteractiveObject21getClosestPointOnEdgeERKN7Walaber7Vector2EiiRS2_S5_Rf	
0x4885ec	.text	_ZNK12WaterConcept17InteractiveObject28getClosestPointOnEdgeSquaredERKN7Walaber7Vector2ERKNSt6__ndk16vectorIS2_NS5_9allocatorIS2_EEEEiRS2_SC_Rf	
0x4887a0	.text	_ZN12WaterConcept17InteractiveObject12updateShapesEv	
0x488910	.text	_ZN12WaterConcept17InteractiveObject12rayIntersectERKN7Walaber7Vector2ES4_RfRS2_	
0x488ae8	.text	_ZN12WaterConcept17InteractiveObject10setMotorOnEb	
0x488c24	.text	_ZN12WaterConcept17InteractiveObject15handleTouchDownERKN7Walaber7Vector2E	
0x488cc8	.text	_ZN12WaterConcept17InteractiveObject16handleTouchMovedERKN7Walaber7Vector2ES4_	
0x488d9c	.text	_ZN12WaterConcept17InteractiveObject13handleTouchUpERKN7Walaber7Vector2E	
0x488dbc	.text	_ZNK12WaterConcept17InteractiveObject20getSpriteWorldSizeAtEi	
0x488e78	.text	_ZN12WaterConcept17InteractiveObject20resumeBombAnimationsEv	
0x488f5c	.text	_ZN12WaterConcept17InteractiveObject10stopSoundsEv	
0x489070	.text	_ZN12WaterConcept17InteractiveObject23_updateSpriteTransformsEv	
0x489074	.text	_ZN12WaterConcept17InteractiveObject27vacuumRaycastFilterCallbackEPv	
0x4890c4	.text	_ZNK12WaterConcept17InteractiveObject18_transformVerticesERKNSt6__ndk16vectorIN7Walaber7Vector2ENS1_9allocatorIS4_EEEERKS4_fSB_RS7_	
0x489170	.text	_ZN12WaterConcept17InteractiveObject18_updateGlobalShapeEb	
0x489488	.text	_ZN12WaterConcept17InteractiveObject16_handleCollisionEPNS_6FluidsERKNS_19ParticleDescriptionEi	
0x48965c	.text	_ZN12WaterConcept17InteractiveObject16applyVacuumForceEPN7Walaber12BaseParticleE	
0x489848	.text	_ZN12WaterConcept17InteractiveObject19_goNextMotorCommandEv	
0x4898dc	.text	_ZN12WaterConcept17InteractiveObject13_applyCommandEib	
0x489a70	.text	_ZN12WaterConcept17InteractiveObject17platinumTypeToStrENS0_12PlatinumTypeE	
0x489b1c	.text	_ZN12WaterConcept17InteractiveObject10intersectsEPS0_	
0x489d28	.text	_ZN12WaterConcept17InteractiveObject13_initFinishedEv	
0x489d2c	.text	_ZNSt6__ndk16vectorIN12WaterConcept17InteractiveObject12TimerSettingENS_9allocatorIS3_EEE21__push_back_slow_pathIRKS3_EEvOT_	__push_back_slow_path<WaterConcept::InteractiveObject::TimerSetting_const&>
0x489e54	.text	_ZNSt6__ndk114__split_bufferIN12WaterConcept17InteractiveObject12TimerSettingERNS_9allocatorIS3_EEEC2EmmS6_	
0x489f04	.text	_ZNSt6__ndk113__vector_baseINS_6vectorIN7Walaber7Vector2ENS_9allocatorIS3_EEEENS4_IS6_EEED2Ev	
0x489f7c	.text	_ZNSt6__ndk113__vector_baseIN12WaterConcept17InteractiveObject10SpriteInfoENS_9allocatorIS3_EEED2Ev	
0x489ff4	.text	_ZNSt6__ndk16__treeINS_12__value_typeINS_12basic_stringIcNS_11char_traitsIcEENS_9allocatorIcEEEEN7Walaber9SharedPtrINS8_8CallbackEEEEENS_19__map_value_compareIS7_SC_NS_4lessIS7_EELb1EEENS5_ISC_EEE25__emplace_unique_key_argsIS7_JRKNS_21piecewise_construct_tENS_5tupleIJRKS7_EEENSN_IJEEEEEENS_4pairINS_15__tree_iteratorISC_PNS_11__tree_nodeISC_PvEElEEbEERKT_DpOT0_	__emplace_unique_key_args<std::__ndk1::basic_string<char,std::__ndk1::char_traits<char>,std::__ndk1::allocator<char>>,std::__ndk1::piecewise_construct_t_const&,std::__ndk1::tuple<std::__ndk1::basic_string<char,std::__ndk1::char_traits<char>,std::__ndk1::allocator<char>>const&>,std::__ndk1::tuple<>>
0x48a0a4	.text	_ZNSt6__ndk16__treeINS_12__value_typeINS_12basic_stringIcNS_11char_traitsIcEENS_9allocatorIcEEEEN7Walaber9SharedPtrINS8_8CallbackEEEEENS_19__map_value_compareIS7_SC_NS_4lessIS7_EELb1EEENS5_ISC_EEE12__find_equalIS7_EERPNS_16__tree_node_baseIPvEERPNS_15__tree_end_nodeISN_EERKT_	__find_equal<std::__ndk1::basic_string<char,std::__ndk1::char_traits<char>,std::__ndk1::allocator<char>>>
0x48a1d0	.text	_ZNSt6__ndk16__treeINS_12__value_typeINS_12basic_stringIcNS_11char_traitsIcEENS_9allocatorIcEEEEN7Walaber9SharedPtrINS8_8CallbackEEEEENS_19__map_value_compareIS7_SC_NS_4lessIS7_EELb1EEENS5_ISC_EEE16__construct_nodeIJRKNS_21piecewise_construct_tENS_5tupleIJRKS7_EEENSN_IJEEEEEENS_10unique_ptrINS_11__tree_nodeISC_PvEENS_22__tree_node_destructorINS5_ISV_EEEEEEDpOT_	__construct_node<std::__ndk1::piecewise_construct_t_const&,std::__ndk1::tuple<std::__ndk1::basic_string<char,std::__ndk1::char_traits<char>,std::__ndk1::allocator<char>>const&>,std::__ndk1::tuple<>>
0x48a240	.text	_ZNSt6__ndk16vectorIN12WaterConcept17InteractiveObject8MoveEaseENS_9allocatorIS3_EEE21__push_back_slow_pathIS3_EEvOT_	__push_back_slow_path<WaterConcept::InteractiveObject::MoveEase>
0x48a364	.text	_ZNSt6__ndk114__split_bufferIN12WaterConcept17InteractiveObject8MoveEaseERNS_9allocatorIS3_EEEC2EmmS6_	
0x48a414	.text	_ZNSt6__ndk16vectorINS0_IN7Walaber7Vector2ENS_9allocatorIS2_EEEENS3_IS5_EEE21__push_back_slow_pathIRKS5_EEvOT_	__push_back_slow_path<std::__ndk1::vector<Walaber::Vector2,std::__ndk1::allocator<Walaber::Vector2>>const&>
0x48a518	.text	_ZNSt6__ndk114__split_bufferINS_6vectorIN7Walaber7Vector2ENS_9allocatorIS3_EEEERNS4_IS6_EEEC2EmmS8_	
0x48a5dc	.text	_ZNSt6__ndk16vectorINS0_IN7Walaber7Vector2ENS_9allocatorIS2_EEEENS3_IS5_EEE26__swap_out_circular_bufferERNS_14__split_bufferIS5_RS6_EE	
0x48a660	.text	_ZNSt6__ndk114__split_bufferINS_6vectorIN7Walaber7Vector2ENS_9allocatorIS3_EEEERNS4_IS6_EEED2Ev	
0x48a6c4	.text	_ZNSt6__ndk16vectorIN12WaterConcept17InteractiveObject10SpriteInfoENS_9allocatorIS3_EEE21__push_back_slow_pathIRKS3_EEvOT_	__push_back_slow_path<WaterConcept::InteractiveObject::SpriteInfo_const&>
0x48a848	.text	_ZNSt6__ndk114__split_bufferIN12WaterConcept17InteractiveObject10SpriteInfoERNS_9allocatorIS3_EEEC2EmmS6_	
0x48a90c	.text	_ZNSt6__ndk114__split_bufferIN12WaterConcept17InteractiveObject10SpriteInfoERNS_9allocatorIS3_EEED2Ev	
0x48a970	.text	_ZNSt6__ndk16vectorIN7Walaber7Vector2ENS_9allocatorIS2_EEE6assignIPS2_EENS_9enable_ifIXaasr21__is_forward_iteratorIT_EE5valuesr16is_constructibleIS2_NS_15iterator_traitsIS9_E9referenceEEE5valueEvE4typeES9_S9_	assign<Walaber::Vector2*>
0x48aac8	.text	_ZN7Walaber9SharedPtrINS_15RenderTexture2DEED2Ev	
0x48ab20	.text	_ZN12WaterConcept11MysteryCaveC1EN7Walaber7Vector2EfS2_	
0x48ac38	.text	_ZN12WaterConcept11MysteryCave13setPropertiesERKN7Walaber12PropertyListE	
0x48ad6c	.text	_ZN12WaterConcept11MysteryCave13_initFinishedEv	
0x48aee8	.text	_ZN12WaterConcept11MysteryCave19particleHasCollidedEPNS_6FluidsERKNS_19ParticleDescriptionEiRb	
0x48af7c	.text	_ZN12WaterConcept11MysteryCave6updateEf	
0x48b358	.text	_ZN7Walaber9SharedPtrINS_15RenderTexture2DEEaSERKS2_	
0x48b3dc	.text	_ZN12WaterConcept11MysteryCave4drawEPN7Walaber11SpriteBatchEbf	
0x48b648	.text	_ZN12WaterConcept11MysteryCave14drawBackgroundEPN7Walaber11SpriteBatchEbf	
0x48b6fc	.text	_ZN12WaterConcept11MysteryCaveD2Ev	
0x48b7b0	.text	_ZN12WaterConcept11MysteryCaveD0Ev	
0x48b7d4	.text	_ZN12WaterConcept5SpoutC2EN7Walaber7Vector2EfS2_PNS_6FluidsENS0_9SpoutTypeE	
0x48b97c	.text	_ZN12WaterConcept5SpoutD1Ev	
0x48ba10	.text	_ZN12WaterConcept5SpoutD0Ev	
0x48ba34	.text	_ZN12WaterConcept5Spout13setPropertiesERKN7Walaber12PropertyListE	
0x48c6b8	.text	_ZN12WaterConcept5Spout20setInfiniteParticlesEib	
0x48c760	.text	_ZN12WaterConcept5Spout6updateEf	
0x48d318	.text	_ZN12WaterConcept5Spout21getWorldBlockPositionEf	
0x48d430	.text	_ZN12WaterConcept5Spout19particleHasCollidedEPNS_6FluidsERKNS_19ParticleDescriptionEiRb	
0x48d518	.text	_ZN12WaterConcept5Spout25_addParticleToRandomSpoutERKNS_19ParticleDescriptionERKNSt6__ndk16vectorINS0_15SpoutConnectionENS4_9allocatorIS6_EEEEif	
0x48d984	.text	_ZNSt6__ndk16vectorIbNS_9allocatorIbEEEC2EmRKb	
0x48da7c	.text	_ZN12WaterConcept5Spout15handleTouchDownERKN7Walaber7Vector2E	
0x48dac0	.text	_ZN12WaterConcept5Spout16handleTouchMovedERKN7Walaber7Vector2ES4_	
0x48dac4	.text	_ZN12WaterConcept5Spout13handleTouchUpERKN7Walaber7Vector2E	
0x48db04	.text	_ZN12WaterConcept5Spout15handleLostTouchEv	
0x48db0c	.text	_ZN12WaterConcept5Spout12addParticlesERKNS_19ParticleDescriptionEiNS_11YSwitchPortEif	
0x48dce8	.text	_ZN12WaterConcept5Spout18pickFinalParticlesEPNS_6FluidsEPNSt6__ndk16vectorINS_19ParticleDescriptionENS3_9allocatorIS5_EEEE	
0x48e008	.text	_ZN12WaterConcept5Spout17addConnectedSpoutEPS0_fNS_11YSwitchPortE	
0x48e0c0	.text	_ZN12WaterConcept5Spout17canConvertToWaterEv	
0x48e100	.text	_ZN12WaterConcept5Spout18isLowTouchPriorityEv	
0x48e108	.text	_ZN12WaterConcept5Spout13_initFinishedEv	
0x48e130	.text	_ZNSt6__ndk112__deque_baseIN12WaterConcept5Spout14QueuedParticleENS_9allocatorIS3_EEED2Ev	
0x48e178	.text	_ZNSt6__ndk112__deque_baseIN12WaterConcept5Spout14QueuedParticleENS_9allocatorIS3_EEE5clearEv	
0x48e25c	.text	_ZNSt6__ndk114__split_bufferIPN12WaterConcept5Spout14QueuedParticleENS_9allocatorIS4_EEED2Ev	
0x48e290	.text	_ZNSt6__ndk15dequeIN12WaterConcept5Spout14QueuedParticleENS_9allocatorIS3_EEE9pop_frontEv	
0x48e2f0	.text	_ZNSt6__ndk15dequeIN12WaterConcept5Spout14QueuedParticleENS_9allocatorIS3_EEE9push_backEOS3_	
0x48e36c	.text	_ZNSt6__ndk15dequeIN12WaterConcept5Spout14QueuedParticleENS_9allocatorIS3_EEE19__add_back_capacityEv	
0x48e6ec	.text	_ZNSt6__ndk114__split_bufferIPN12WaterConcept5Spout14QueuedParticleENS_9allocatorIS4_EEE9push_backEOS4_	
0x48e86c	.text	_ZNSt6__ndk114__split_bufferIPN12WaterConcept5Spout14QueuedParticleENS_9allocatorIS4_EEE10push_frontEOS4_	
0x48e9f4	.text	_ZNSt6__ndk114__split_bufferIPN12WaterConcept5Spout14QueuedParticleERNS_9allocatorIS4_EEEC2EmmS7_	
0x48eaa4	.text	_ZNSt6__ndk114__split_bufferIPN12WaterConcept5Spout14QueuedParticleERNS_9allocatorIS4_EEE9push_backEOS4_	
0x48ec24	.text	_ZNSt6__ndk114__split_bufferIPN12WaterConcept5Spout14QueuedParticleERNS_9allocatorIS4_EEE10push_frontERKS4_	
0x48edac	.text	_ZNSt6__ndk113__fill_n_trueINS_6vectorIbNS_9allocatorIbEEEEEEvNS_14__bit_iteratorIT_Lb0EXLi0EEEENS6_9size_typeE	__fill_n_true<std::__ndk1::vector<bool,std::__ndk1::allocator<bool>>>
0x48ee5c	.text	_ZNSt6__ndk114__fill_n_falseINS_6vectorIbNS_9allocatorIbEEEEEEvNS_14__bit_iteratorIT_Lb0EXLi0EEEENS6_9size_typeE	__fill_n_false<std::__ndk1::vector<bool,std::__ndk1::allocator<bool>>>
0x48ef0c	.text	_ZNSt6__ndk16vectorINS_4pairIifEENS_9allocatorIS2_EEE21__push_back_slow_pathIS2_EEvOT_	__push_back_slow_path<std::__ndk1::pair<int,float>>
0x48f034	.text	_ZNSt6__ndk114__split_bufferINS_4pairIifEERNS_9allocatorIS2_EEEC2EmmS5_	
0x48f0e4	.text	_ZNSt6__ndk16vectorIN12WaterConcept19ParticleDescriptionENS_9allocatorIS2_EEE21__push_back_slow_pathIS2_EEvOT_	__push_back_slow_path<WaterConcept::ParticleDescription>
0x48f258	.text	_ZNSt6__ndk16vectorIN12WaterConcept5Spout15SpoutConnectionENS_9allocatorIS3_EEE21__push_back_slow_pathIS3_EEvOT_	__push_back_slow_path<WaterConcept::Spout::SpoutConnection>
0x48f380	.text	_ZNSt6__ndk114__split_bufferIN12WaterConcept5Spout15SpoutConnectionERNS_9allocatorIS3_EEEC2EmmS6_	
0x48f430	.text	_ZN12WaterConcept8StarSeedC2EN7Walaber7Vector2EfS2_	
0x48fd3c	.text	_ZN12WaterConcept8StarSeed18_curveLoadCallbackEPv	
0x48fda4	.text	_ZN12WaterConcept8StarSeed6_gotSEEPv	
0x48fdcc	.text	_ZN7Walaber9SharedPtrINS_14MemberCallbackIN12WaterConcept8StarSeedEEEED2Ev	
0x48fe24	.text	_ZN12WaterConcept8StarSeedD2Ev	
0x48fec4	.text	_ZN12WaterConcept8StarSeedD0Ev	
0x48fee8	.text	_ZN12WaterConcept8StarSeed13_initFinishedEv	
0x4902a4	.text	_ZN12WaterConcept8StarSeed26_starSeedAnimationCallbackEPv	
0x490518	.text	_ZN12WaterConcept8StarSeed13setPropertiesERKN7Walaber12PropertyListE	
0x4910d0	.text	_ZN12WaterConcept8StarSeed13strToStarTypeERKNSt6__ndk112basic_stringIcNS1_11char_traitsIcEENS1_9allocatorIcEEEE	
0x4912b4	.text	_ZN12WaterConcept8StarSeed6updateEf	
0x491fb0	.text	_ZN12WaterConcept8StarSeed9_makePoofEN7Walaber7Vector2Ef	
0x49207c	.text	_ZN12WaterConcept8StarSeed22_updateTeleportingDuckEf	
0x49304c	.text	_ZN12WaterConcept8StarSeed17_updateNormalDuckEf	
0x4932dc	.text	_ZN12WaterConcept8StarSeed4drawEPN7Walaber11SpriteBatchEbf	
0x493454	.text	_ZN12WaterConcept8StarSeed14_drawBGSpritesEPN7Walaber11SpriteBatchE	
0x4934b4	.text	_ZN12WaterConcept8StarSeed14drawForegroundEPN7Walaber11SpriteBatchEbf	
0x493714	.text	_ZN12WaterConcept8StarSeed27_drawTeleportShockwaveIntroEPN7Walaber11SpriteBatchE	
0x493a40	.text	_ZN12WaterConcept8StarSeed24_drawTeleportSpiralIntroEPN7Walaber11SpriteBatchE	
0x4940b0	.text	_ZN12WaterConcept8StarSeed19particleHasCollidedEPNS_6FluidsERKNS_19ParticleDescriptionEiRb	
0x4945bc	.text	_ZN12WaterConcept8StarSeed6killMeEv	
0x494694	.text	_ZN7Walaber11SpriteBatch19drawTeardropColoredEiRKNS_7Vector2ES3_fRKNS_5ColorENS_20VertexColorBlendModeEb	
0x4948a4	.text	_ZN12WaterConcept8StarSeed18setAllowCollectionEb	
0x4948dc	.text	_ZN7Walaber14MemberCallbackIN12WaterConcept8StarSeedEED0Ev	
0x4948e0	.text	_ZN7Walaber14MemberCallbackIN12WaterConcept8StarSeedEE6invokeEPv	
0x494910	.text	_ZN12WaterConcept6SwitchC2EN7Walaber7Vector2EfS2_	
0x4949d8	.text	_ZN12WaterConcept6SwitchD2Ev	
0x494a38	.text	_ZN12WaterConcept6SwitchD0Ev	
0x494a5c	.text	_ZN12WaterConcept6Switch13setPropertiesERKN7Walaber12PropertyListE	
0x495084	.text	_ZN12WaterConcept6Switch9_setStateEb	
0x495380	.text	_ZN12WaterConcept6Switch6updateEf	
0x4955a4	.text	_ZN12WaterConcept6Switch19particleHasCollidedEPNS_6FluidsERKNS_19ParticleDescriptionEiRb	
0x4956d4	.text	_ZN12WaterConcept6Switch17_triggerMomentaryERKN7Walaber7Vector2E	
0x49584c	.text	_ZN12WaterConcept6Switch5setOnEb	
0x495854	.text	_ZN12WaterConcept6Switch13connectObjectEPNS_17InteractiveObjectE	
0x4958a8	.text	_ZN12WaterConcept6Switch13_initFinishedEv	
0x495a54	.text	_ZN12WaterConcept6Switch15_animationEventEPv	
0x495c98	.text	_ZN7Walaber9SharedPtrINS_14MemberCallbackIN12WaterConcept6SwitchEEEED2Ev	
0x495cf0	.text	_ZNSt6__ndk16__treeIPN12WaterConcept17InteractiveObjectENS_4lessIS3_EENS_9allocatorIS3_EEE7destroyEPNS_11__tree_nodeIS3_PvEE	
0x495d30	.text	_ZNSt6__ndk16__treeIPN12WaterConcept17InteractiveObjectENS_4lessIS3_EENS_9allocatorIS3_EEE25__emplace_unique_key_argsIS3_JRKS3_EEENS_4pairINS_15__tree_iteratorIS3_PNS_11__tree_nodeIS3_PvEElEEbEERKT_DpOT0_	__emplace_unique_key_args<WaterConcept::InteractiveObject*,WaterConcept::InteractiveObject*const&>
0x495dfc	.text	_ZNSt6__ndk16__treeIPN12WaterConcept17InteractiveObjectENS_4lessIS3_EENS_9allocatorIS3_EEE16__insert_node_atEPNS_15__tree_end_nodeIPNS_16__tree_node_baseIPvEEEERSD_SD_	
0x495e50	.text	_ZN7Walaber14MemberCallbackIN12WaterConcept6SwitchEED0Ev	
0x495e54	.text	_ZN7Walaber14MemberCallbackIN12WaterConcept6SwitchEE6invokeEPv	
0x495e84	.text	_ZN12WaterConcept12WaterBalloonC2EN7Walaber7Vector2EfS2_	
0x495fa4	.text	_ZN12WaterConcept12WaterBalloonD1Ev	
0x496008	.text	_ZN12WaterConcept12WaterBalloonD0Ev	
0x49602c	.text	_ZN12WaterConcept12WaterBalloon13_initFinishedEv	
0x4960e0	.text	_ZN12WaterConcept12WaterBalloon12_updateScaleEv	
0x496204	.text	_ZN12WaterConcept12WaterBalloon11_updateMassEv	
0x49628c	.text	_ZN12WaterConcept12WaterBalloon13setPropertiesERKN7Walaber12PropertyListE	
0x496cd4	.text	_ZN12WaterConcept12WaterBalloon17addFluidParticlesEN21WaterConceptConstants9FluidTypeEfj	
0x49705c	.text	_ZN12WaterConcept12WaterBalloon6updateEf	
0x497428	.text	_ZN12WaterConcept5Spout21getWorldMouthPositionEf	
0x497538	.text	_ZN12WaterConcept12WaterBalloon4drawEPN7Walaber11SpriteBatchEbf	
0x497548	.text	_ZN12WaterConcept12WaterBalloon7_drawFGEPN7Walaber11SpriteBatchEbf	
0x497558	.text	_ZN12WaterConcept12WaterBalloon14drawBackgroundEPN7Walaber11SpriteBatchEbf	
0x4976c0	.text	_ZN12WaterConcept12WaterBalloon23numParticlesOfFluidTypeEi	
0x497700	.text	_ZN12WaterConcept12WaterBalloon16_drawAttachMouthEPN7Walaber11SpriteBatchE	
0x497ae4	.text	_ZN12WaterConcept12WaterBalloon15handleTouchDownERKN7Walaber7Vector2E	
0x497af4	.text	_ZN12WaterConcept12WaterBalloon16handleTouchMovedERKN7Walaber7Vector2ES4_	
0x497af8	.text	_ZN12WaterConcept12WaterBalloon13handleTouchUpERKN7Walaber7Vector2E	
0x497bf4	.text	_ZN12WaterConcept12WaterBalloon16_detachFromSpoutEv	
0x497d34	.text	_ZN12WaterConcept12WaterBalloon19particleHasCollidedEPNS_6FluidsERKNS_19ParticleDescriptionEiRb	
0x497e38	.text	_ZN12WaterConcept12WaterBalloon17containsFluidTypeEi	
0x497e7c	.text	_ZN12WaterConcept12WaterBalloon3popEPNS_6FluidsE	
0x4980e0	.text	_ZN12WaterConcept12WaterBalloon5doPopENS0_26WaterBalloonCallbackReasonE	
0x4981ac	.text	_ZN12WaterConcept12WaterBalloon13attachToSpoutEPNS_5SpoutE	
0x498298	.text	_ZN12WaterConcept12WaterBalloon20getCapacityInterpValEv	
0x4982e0	.text	_ZN12WaterConcept12WaterBalloon15handleLostTouchEv	
0x4982e8	.text	_ZN12WaterConcept12WaterBalloon18getTouchRadiusSlopEv	
0x498318	.text	_ZNSt6__ndk16vectorIN12WaterConcept12WaterBalloon26WaterBalloonStoredParticleENS_9allocatorIS3_EEE6assignIPS3_EENS_9enable_ifIXaasr21__is_forward_iteratorIT_EE5valuesr16is_constructibleIS3_NS_15iterator_traitsISA_E9referenceEEE5valueEvE4typeESA_SA_	assign<WaterConcept::WaterBalloon::WaterBalloonStoredParticle*>
0x498458	.text	_ZNSt6__ndk16vectorIN12WaterConcept12WaterBalloon26WaterBalloonStoredParticleENS_9allocatorIS3_EEE11__vallocateEm	
0x49849c	.text	_ZNSt6__ndk16vectorIN12WaterConcept12WaterBalloon26WaterBalloonStoredParticleENS_9allocatorIS3_EEE21__push_back_slow_pathIS3_EEvOT_	__push_back_slow_path<WaterConcept::WaterBalloon::WaterBalloonStoredParticle>
0x4985c4	.text	_ZNSt6__ndk114__split_bufferIN12WaterConcept12WaterBalloon26WaterBalloonStoredParticleERNS_9allocatorIS3_EEEC2EmmS6_	
0x498674	.text	_ZN12WaterConcept7YSwitchC2EN7Walaber7Vector2EfS2_	
0x49873c	.text	_ZN12WaterConcept7YSwitchD1Ev	
0x498774	.text	_ZN12WaterConcept7YSwitchD0Ev	
0x4987b4	.text	_ZN12WaterConcept7YSwitch13setPropertiesERKN7Walaber12PropertyListE	
0x498c44	.text	_ZN12WaterConcept7YSwitch6updateEf	
0x498d14	.text	_ZN12WaterConcept7YSwitch19_updateToggleSpriteEv	
0x498dc0	.text	_ZN12WaterConcept7YSwitch17_updatePlugSpriteEf	
0x499030	.text	_ZN12WaterConcept7YSwitch15handleTouchDownERKN7Walaber7Vector2E	
0x499040	.text	_ZN12WaterConcept7YSwitch18setYSwitchPositionEb	
0x4990f0	.text	_ZN12WaterConcept7YSwitch12addParticlesERKNS_19ParticleDescriptionEiNS_11YSwitchPortEif	
0x4993ec	.text	_ZN12WaterConcept7YSwitch13_initFinishedEv	
0x4995bc	.text	_ZNSt6__ndk16vectorIN12WaterConcept5Spout15SpoutConnectionENS_9allocatorIS3_EEE21__push_back_slow_pathIRKS3_EEvOT_	__push_back_slow_path<WaterConcept::Spout::SpoutConnection_const&>
0x4996e4	.text	_ZN12WaterConcept20HDAssetsNotificationC1Ev	
0x499798	.text	_ZN12WaterConcept20HDAssetsNotificationC2ERKS0_	
0x4997ec	.text	_ZN12WaterConcept20HDAssetsNotificationaSERKS0_	
0x499810	.text	_ZN12WaterConcept20HDAssetsNotificationD1Ev	
0x499838	.text	_ZThn488_N12WaterConcept20HDAssetsNotificationD1Ev	
0x49985c	.text	_ZN12WaterConcept20HDAssetsNotificationD0Ev	
0x49988c	.text	_ZThn488_N12WaterConcept20HDAssetsNotificationD0Ev	
0x4998b8	.text	_ZN12WaterConcept20HDAssetsNotification6updateEf	
0x499dbc	.text	_ZN12WaterConcept20HDAssetsNotification8goNotifyERKNSt6__ndk112basic_stringIcNS1_11char_traitsIcEENS1_9allocatorIcEEEEf	
0x499f20	.text	_ZN12WaterConcept20HDAssetsNotification13widgetsLoadedEv	
0x499f78	.text	_ZN12WaterConcept20HDAssetsNotification11handleEventEiRKN7Walaber6Widget15WidgetActionRetEPS2_	
0x49a04c	.text	_ZN12WaterConcept20HDAssetsNotification9messageRxERKN7Walaber7MessageE	
0x49a5ac	.text	_ZThn488_N12WaterConcept20HDAssetsNotification9messageRxERKN7Walaber7MessageE	
0x49a5b4	.text	_ZN12WaterConcept20HDAssetsNotification11handleFocusEPN7Walaber6WidgetENS1_10FocusEventE	
0x49a62c	.text	_ZN12WaterConcept12Notification11reloadFontsEv	
0x49a634	.text	_ZN12WaterConcept12Notification13reloadWidgetsEv	
0x49a690	.text	_ZN12WaterConcept12Notification9touchDownEiN7Walaber7Vector2E	
0x49a6e4	.text	_ZN12WaterConcept12Notification10touchMovedEiN7Walaber7Vector2ES2_	
0x49a744	.text	_ZN12WaterConcept12Notification7touchUpEiN7Walaber7Vector2E	
0x49a798	.text	_ZN12WaterConcept15IAPNotificationC2Ev	
0x49a94c	.text	_ZN12WaterConcept15IAPNotificationC2ERKS0_	
0x49a9b8	.text	_ZN12WaterConcept15IAPNotificationaSERKS0_	
0x49a9dc	.text	_ZN12WaterConcept15IAPNotificationD1Ev	
0x49aa60	.text	_ZN12WaterConcept15IAPNotification14_unloadSpritesEv	
0x49aa94	.text	_ZThn488_N12WaterConcept15IAPNotificationD1Ev	
0x49aa9c	.text	_ZN12WaterConcept15IAPNotificationD0Ev	
0x49aac0	.text	_ZThn488_N12WaterConcept15IAPNotificationD0Ev	
0x49aae8	.text	_ZN12WaterConcept15IAPNotification12_loadSpritesEv	
0x49af1c	.text	_ZN12WaterConcept15IAPNotification29_spriteAnimationEventCallbackEPv	
0x49af48	.text	_ZN7Walaber9SharedPtrINS_14MemberCallbackIN12WaterConcept15IAPNotificationEEEED2Ev	
0x49afa0	.text	_ZN12WaterConcept15IAPNotification14_updateSpritesEf	
0x49afb0	.text	_ZN12WaterConcept15IAPNotification4drawERN7Walaber11SpriteBatchE	
0x49aff8	.text	_ZN12WaterConcept15IAPNotification6updateEf	
0x49b2f8	.text	_ZN12WaterConcept15IAPNotification9_updateUIEv	
0x49b3dc	.text	_ZN12WaterConcept15IAPNotification8goNotifyERKNSt6__ndk112basic_stringIcNS1_11char_traitsIcEENS1_9allocatorIcEEEEf	
0x49be20	.text	_ZN12WaterConcept15IAPNotification16_wrapTextInLabelEPN7Walaber12Widget_LabelE	
0x49bfb4	.text	_ZN12WaterConcept15IAPNotification17_wrapTextInButtonEPN7Walaber17Widget_PushButtonE	
0x49c224	.text	_ZN12WaterConcept15IAPNotification13widgetsLoadedEv	
0x49c24c	.text	_ZN12WaterConcept15IAPNotification11handleEventEiRKN7Walaber6Widget15WidgetActionRetEPS2_	
0x49c85c	.text	_ZN12WaterConcept15IAPNotification24_instantHideNotificationEv	
0x49c860	.text	_ZN12WaterConcept15IAPNotification9messageRxERKN7Walaber7MessageE	
0x49c868	.text	_ZThn488_N12WaterConcept15IAPNotification9messageRxERKN7Walaber7MessageE	
0x49c870	.text	_ZN7Walaber25WidgetManagerEventHandler11handleFocusEPNS_6WidgetENS_10FocusEventE	
0x49c874	.text	_ZN7Walaber14MemberCallbackIN12WaterConcept15IAPNotificationEED0Ev	
0x49c878	.text	_ZN7Walaber14MemberCallbackIN12WaterConcept15IAPNotificationEE6invokeEPv	
0x49c8a8	.text	_ZN12WaterConcept12NotificationC1Ev	
0x49c990	.text	_ZN12WaterConcept12NotificationC2ERKS0_	
0x49ca28	.text	_ZN7Walaber13WidgetManagerC2ERKS0_	
0x49cbf8	.text	_ZN12WaterConcept12NotificationaSERKS0_	
0x49cbfc	.text	_ZN12WaterConcept12NotificationD1Ev	
0x49cca4	.text	_ZN12WaterConcept12NotificationD0Ev	
0x49ccc8	.text	_ZN12WaterConcept12Notification6updateEf	
0x49cdc8	.text	_ZN12WaterConcept12Notification24_applyTransitionBehaviorERKNS0_30NotificationTransitionBehaviorEi	
0x49cfe8	.text	_ZN12WaterConcept12Notification13goToNextStateEv	
0x49d048	.text	_ZN12WaterConcept12Notification4drawERN7Walaber11SpriteBatchE	
0x49d050	.text	_ZN12WaterConcept12Notification8goNotifyERKNSt6__ndk112basic_stringIcNS1_11char_traitsIcEENS1_9allocatorIcEEEEf	
0x49d22c	.text	_ZN12WaterConcept12Notification8goNotifyERKNSt6__ndk112basic_stringIcNS1_11char_traitsIcEENS1_9allocatorIcEEEEfN7Walaber7Vector2E	
0x49d270	.text	_ZN12WaterConcept12Notification7buildUIERKNSt6__ndk112basic_stringIcNS1_11char_traitsIcEENS1_9allocatorIcEEEE	
0x49d3a4	.text	_ZN12WaterConcept12Notification23_finishedLoadingWidgetsEPv	
0x49d3f8	.text	_ZN7Walaber9SharedPtrINS_14MemberCallbackIN12WaterConcept12NotificationEEEED2Ev	
0x49d450	.text	_ZN7Walaber25WidgetManagerEventHandler11handleEventEiRKNS_6Widget15WidgetActionRetEPS1_	
0x49d454	.text	_ZN12WaterConcept12Notification13widgetsLoadedEv	
0x49d458	.text	_ZNSt6__ndk16__treeINS_12__value_typeIiPN7Walaber10FingerInfoEEENS_19__map_value_compareIiS5_NS_4lessIiEELb1EEENS_9allocatorIS5_EEE30__emplace_hint_unique_key_argsIiJRKNS_4pairIKiS4_EEEEENS_15__tree_iteratorIS5_PNS_11__tree_nodeIS5_PvEElEENS_21__tree_const_iteratorIS5_SN_lEERKT_DpOT0_	__emplace_hint_unique_key_args<int,std::__ndk1::pair<int_const,Walaber::FingerInfo*>const&>
0x49d4f8	.text	_ZNSt6__ndk16__treeINS_12__value_typeIiPN7Walaber10FingerInfoEEENS_19__map_value_compareIiS5_NS_4lessIiEELb1EEENS_9allocatorIS5_EEE12__find_equalIiEERPNS_16__tree_node_baseIPvEENS_21__tree_const_iteratorIS5_PNS_11__tree_nodeIS5_SF_EElEERPNS_15__tree_end_nodeISH_EESI_RKT_	
0x49d620	.text	_ZNSt6__ndk16__treeINS_12__value_typeIiPN7Walaber10FingerInfoEEENS_19__map_value_compareIiS5_NS_4lessIiEELb1EEENS_9allocatorIS5_EEE12__find_equalIiEERPNS_16__tree_node_baseIPvEERPNS_15__tree_end_nodeISH_EERKT_	
0x49d688	.text	_ZNSt6__ndk16__treeINS_12__value_typeIPN7Walaber6WidgetENS2_7Vector2EEENS_19__map_value_compareIS4_S6_NS_4lessIS4_EELb1EEENS_9allocatorIS6_EEE30__emplace_hint_unique_key_argsIS4_JRKNS_4pairIKS4_S5_EEEEENS_15__tree_iteratorIS6_PNS_11__tree_nodeIS6_PvEElEENS_21__tree_const_iteratorIS6_SO_lEERKT_DpOT0_	__emplace_hint_unique_key_args<Walaber::Widget*,std::__ndk1::pair<Walaber::Widget*const,Walaber::Vector2>const&>
0x49d730	.text	_ZNSt6__ndk16__treeINS_12__value_typeIPN7Walaber6WidgetENS2_7Vector2EEENS_19__map_value_compareIS4_S6_NS_4lessIS4_EELb1EEENS_9allocatorIS6_EEE12__find_equalIS4_EERPNS_16__tree_node_baseIPvEENS_21__tree_const_iteratorIS6_PNS_11__tree_nodeIS6_SG_EElEERPNS_15__tree_end_nodeISI_EESJ_RKT_	__find_equal<Walaber::Widget*>
0x49d858	.text	_ZNSt6__ndk16__treeINS_12__value_typeIPN7Walaber6WidgetENS2_7Vector2EEENS_19__map_value_compareIS4_S6_NS_4lessIS4_EELb1EEENS_9allocatorIS6_EEE12__find_equalIS4_EERPNS_16__tree_node_baseIPvEERPNS_15__tree_end_nodeISI_EERKT_	__find_equal<Walaber::Widget*>
0x49d8c0	.text	_ZN7Walaber14MemberCallbackIN12WaterConcept12NotificationEED0Ev	
0x49d8c4	.text	_ZN7Walaber14MemberCallbackIN12WaterConcept12NotificationEE6invokeEPv	
0x49d8f4	.text	_ZN12WaterConcept21NotificationSingletonC2Ev	
0x49db24	.text	_ZN12WaterConcept21NotificationSingleton14setBusyTextureERKNSt6__ndk112basic_stringIcNS1_11char_traitsIcEENS1_9allocatorIcEEEE	
0x49dbd8	.text	_ZN12WaterConcept21NotificationSingletonD1Ev	
0x49dcec	.text	_ZThn8_N12WaterConcept21NotificationSingletonD1Ev	
0x49dcf4	.text	_ZN12WaterConcept21NotificationSingletonD0Ev	
0x49dd18	.text	_ZThn8_N12WaterConcept21NotificationSingletonD0Ev	
0x49dd40	.text	_ZN12WaterConcept21NotificationSingleton10reloadFontEv	
0x49ddc8	.text	_ZN12WaterConcept21NotificationSingleton13reloadWidgetsEv	
0x49de50	.text	_ZN12WaterConcept21NotificationSingleton6notifyERKNSt6__ndk112basic_stringIcNS1_11char_traitsIcEENS1_9allocatorIcEEEES9_fi	
0x49e048	.text	_ZN12WaterConcept21NotificationSingleton6notifyERKNSt6__ndk112basic_stringIcNS1_11char_traitsIcEENS1_9allocatorIcEEEES9_fiN7Walaber7Vector2E	
0x49e208	.text	_ZN12WaterConcept21NotificationSingleton6updateEPv	
0x49e7d8	.text	_ZN12WaterConcept21NotificationSingleton24_handle10DaysAchievementEv	
0x49f140	.text	_ZN12WaterConcept21NotificationSingleton4drawEPv	
0x49f82c	.text	_ZN12WaterConcept21NotificationSingleton19touchFirstResponderEPv	
0x49f92c	.text	_ZN12WaterConcept21NotificationSingleton17notifyAchievementEPv	
0x49f9d0	.text	_ZN12WaterConcept21NotificationSingleton23notifyIAPAdNotificationENSt6__ndk112basic_stringIcNS1_11char_traitsIcEENS1_9allocatorIcEEEE	
0x49fabc	.text	_ZN12WaterConcept21NotificationSingleton23notifyIAPAdNotificationENSt6__ndk112basic_stringIcNS1_11char_traitsIcEENS1_9allocatorIcEEEEii	
0x49fba8	.text	_ZN12WaterConcept21NotificationSingleton21hideIAPAdNotificationEb	
0x49fc8c	.text	_ZN12WaterConcept21NotificationSingleton9messageRxERKN7Walaber7MessageE	
0x49fe7c	.text	_ZThn8_N12WaterConcept21NotificationSingleton9messageRxERKN7Walaber7MessageE	
0x49fe84	.text	_ZNSt6__ndk16__treeINS_12__value_typeINS_12basic_stringIcNS_11char_traitsIcEENS_9allocatorIcEEEEPN12WaterConcept12NotificationEEENS_19__map_value_compareIS7_SB_NS_4lessIS7_EELb1EEENS5_ISB_EEE7destroyEPNS_11__tree_nodeISB_PvEE	
0x49fed4	.text	_ZNSt6__ndk112__deque_baseIN12WaterConcept21NotificationSingleton16NotificationDataENS_9allocatorIS3_EEED2Ev	
0x49ff1c	.text	_ZNSt6__ndk112__deque_baseIN12WaterConcept21NotificationSingleton16NotificationDataENS_9allocatorIS3_EEE5clearEv	
0x4a0044	.text	_ZNSt6__ndk114__split_bufferIPN12WaterConcept21NotificationSingleton16NotificationDataENS_9allocatorIS4_EEED2Ev	
0x4a0078	.text	_ZNSt6__ndk16__treeINS_12__value_typeINS_12basic_stringIcNS_11char_traitsIcEENS_9allocatorIcEEEEPN12WaterConcept12NotificationEEENS_19__map_value_compareIS7_SB_NS_4lessIS7_EELb1EEENS5_ISB_EEE25__emplace_unique_key_argsIS7_JRKNS_21piecewise_construct_tENS_5tupleIJRKS7_EEENSM_IJEEEEEENS_4pairINS_15__tree_iteratorISB_PNS_11__tree_nodeISB_PvEElEEbEERKT_DpOT0_	__emplace_unique_key_args<std::__ndk1::basic_string<char,std::__ndk1::char_traits<char>,std::__ndk1::allocator<char>>,std::__ndk1::piecewise_construct_t_const&,std::__ndk1::tuple<std::__ndk1::basic_string<char,std::__ndk1::char_traits<char>,std::__ndk1::allocator<char>>const&>,std::__ndk1::tuple<>>
0x4a0128	.text	_ZNSt6__ndk16__treeINS_12__value_typeINS_12basic_stringIcNS_11char_traitsIcEENS_9allocatorIcEEEEPN12WaterConcept12NotificationEEENS_19__map_value_compareIS7_SB_NS_4lessIS7_EELb1EEENS5_ISB_EEE12__find_equalIS7_EERPNS_16__tree_node_baseIPvEERPNS_15__tree_end_nodeISM_EERKT_	__find_equal<std::__ndk1::basic_string<char,std::__ndk1::char_traits<char>,std::__ndk1::allocator<char>>>
0x4a0254	.text	_ZNSt6__ndk16__treeINS_12__value_typeINS_12basic_stringIcNS_11char_traitsIcEENS_9allocatorIcEEEEPN12WaterConcept12NotificationEEENS_19__map_value_compareIS7_SB_NS_4lessIS7_EELb1EEENS5_ISB_EEE16__construct_nodeIJRKNS_21piecewise_construct_tENS_5tupleIJRKS7_EEENSM_IJEEEEEENS_10unique_ptrINS_11__tree_nodeISB_PvEENS_22__tree_node_destructorINS5_ISU_EEEEEEDpOT_	__construct_node<std::__ndk1::piecewise_construct_t_const&,std::__ndk1::tuple<std::__ndk1::basic_string<char,std::__ndk1::char_traits<char>,std::__ndk1::allocator<char>>const&>,std::__ndk1::tuple<>>
0x4a02c4	.text	_ZNSt6__ndk16__treeINS_12__value_typeINS_12basic_stringIcNS_11char_traitsIcEENS_9allocatorIcEEEEPN12WaterConcept12NotificationEEENS_19__map_value_compareIS7_SB_NS_4lessIS7_EELb1EEENS5_ISB_EEE16__insert_node_atEPNS_15__tree_end_nodeIPNS_16__tree_node_baseIPvEEEERSM_SM_	
0x4a0318	.text	_ZNSt6__ndk15dequeIN12WaterConcept21NotificationSingleton16NotificationDataENS_9allocatorIS3_EEE8pop_backEv	
0x4a03c8	.text	_ZNSt6__ndk111__sift_downIRN12WaterConcept21NotificationSingleton16NotificationData19NotificationCompareENS_16__deque_iteratorIS3_PS3_RS3_PS7_lLl64EEEEEvT0_SB_T_NS_15iterator_traitsISB_E15difference_typeESB_	__sift_down<WaterConcept::NotificationSingleton::NotificationData::NotificationCompare&,std::__ndk1::__deque_iterator<WaterConcept::NotificationSingleton::NotificationData,WaterConcept::NotificationSingleton::NotificationData*,WaterConcept::NotificationSingleton::NotificationData&,WaterConcept::NotificationSingleton::NotificationData**,long,64l>>
0x4a088c	.text	_ZNSt6__ndk15dequeIN12WaterConcept21NotificationSingleton16NotificationDataENS_9allocatorIS3_EEE9push_backERKS3_	
0x4a0960	.text	_ZNSt6__ndk15dequeIN12WaterConcept21NotificationSingleton16NotificationDataENS_9allocatorIS3_EEE19__add_back_capacityEv	
0x4a0ce0	.text	_ZNSt6__ndk114__split_bufferIPN12WaterConcept21NotificationSingleton16NotificationDataENS_9allocatorIS4_EEE9push_backEOS4_	
0x4a0e60	.text	_ZNSt6__ndk114__split_bufferIPN12WaterConcept21NotificationSingleton16NotificationDataENS_9allocatorIS4_EEE10push_frontEOS4_	
0x4a0fe8	.text	_ZNSt6__ndk114__split_bufferIPN12WaterConcept21NotificationSingleton16NotificationDataERNS_9allocatorIS4_EEEC2EmmS7_	
0x4a1098	.text	_ZNSt6__ndk114__split_bufferIPN12WaterConcept21NotificationSingleton16NotificationDataERNS_9allocatorIS4_EEE9push_backEOS4_	
0x4a1218	.text	_ZNSt6__ndk114__split_bufferIPN12WaterConcept21NotificationSingleton16NotificationDataERNS_9allocatorIS4_EEE10push_frontERKS4_	
0x4a13a0	.text	_ZNSt6__ndk19__sift_upIRN12WaterConcept21NotificationSingleton16NotificationData19NotificationCompareENS_16__deque_iteratorIS3_PS3_RS3_PS7_lLl64EEEEEvT0_SB_T_NS_15iterator_traitsISB_E15difference_typeE	__sift_up<WaterConcept::NotificationSingleton::NotificationData::NotificationCompare&,std::__ndk1::__deque_iterator<WaterConcept::NotificationSingleton::NotificationData,WaterConcept::NotificationSingleton::NotificationData*,WaterConcept::NotificationSingleton::NotificationData&,WaterConcept::NotificationSingleton::NotificationData**,long,64l>>
0x4a1710	.text	_ZN12WaterConcept19Screen_AchievementsC1Ev	
0x4a1790	.text	_ZN12WaterConcept8WCScreenC2Ej	
0x4a1880	.text	_ZN12WaterConcept19Screen_AchievementsD2Ev	
0x4a18f0	.text	_ZThn144_N12WaterConcept19Screen_AchievementsD1Ev	
0x4a18f8	.text	_ZN12WaterConcept19Screen_AchievementsD0Ev	
0x4a191c	.text	_ZThn144_N12WaterConcept19Screen_AchievementsD0Ev	
0x4a1944	.text	_ZN12WaterConcept19Screen_Achievements16loadPropertyListERKN7Walaber12PropertyListE	
0x4a1948	.text	_ZN12WaterConcept19Screen_Achievements5enterEv	
0x4a1c30	.text	_ZN12WaterConcept19Screen_Achievements8_buildUIEv	
0x4a1dac	.text	_ZN12WaterConcept19Screen_Achievements4exitEv	
0x4a1db0	.text	_ZN12WaterConcept19Screen_Achievements6updateEfb	
0x4a1dc8	.text	_ZN12WaterConcept19Screen_Achievements4drawEi	
0x4a1e68	.text	_ZN12WaterConcept19Screen_Achievements11handleEventEiRKN7Walaber6Widget15WidgetActionRetEPS2_	
0x4a23d4	.text	_ZThn32_N12WaterConcept19Screen_Achievements11handleEventEiRKN7Walaber6Widget15WidgetActionRetEPS2_	
0x4a23dc	.text	_ZN12WaterConcept19Screen_Achievements23_finishedLoadingWidgetsEPv	
0x4a3dec	.text	_ZNSt6__ndk16vectorIN7Walaber11AchievementENS_9allocatorIS2_EEEC2ERKS5_	
0x4a3e84	.text	_ZN12WaterConcept19Screen_Achievements9messageRxERKN7Walaber7MessageE	
0x4a3f6c	.text	_ZThn144_N12WaterConcept19Screen_Achievements9messageRxERKN7Walaber7MessageE	
0x4a3f74	.text	_ZN12WaterConcept19Screen_Achievements18_curveLoadCallbackERKNSt6__ndk112basic_stringIcNS1_11char_traitsIcEENS1_9allocatorIcEEEEN7Walaber9SharedPtrINSA_5CurveEEE	
0x4a3f78	.text	_ZN7Walaber9SharedPtrINS_14MemberCallbackIN12WaterConcept19Screen_AchievementsEEEED2Ev	
0x4a3fd0	.text	_ZN12WaterConcept19Screen_Achievements14backKeyPressedEv	
0x4a40b4	.text	_ZN7Walaber10GameScreen23recreateGraphicsContextEv	
0x4a40b8	.text	_ZN12WaterConcept8WCScreen12beingStackedEv	
0x4a40c0	.text	_ZN12WaterConcept19Screen_Achievements11regainedTopEv	
0x4a40c8	.text	_ZN12WaterConcept8WCScreen9touchDownEiN7Walaber7Vector2E	
0x4a411c	.text	_ZN12WaterConcept8WCScreen10touchMovedEiN7Walaber7Vector2ES2_	
0x4a417c	.text	_ZN12WaterConcept8WCScreen7touchUpEiN7Walaber7Vector2E	
0x4a41d0	.text	_ZN7Walaber10GameScreen9touchLostEi	
0x4a41d4	.text	_ZN7Walaber10GameScreen20accelerometerChangedEfff	
0x4a41d8	.text	_ZN7Walaber10GameScreen13consumesInputEv	
0x4a41e0	.text	_ZN7Walaber10GameScreen27notifyTransitionPhaseChangeEj	
0x4a41e4	.text	_ZN12WaterConcept8WCScreen11handleFocusEPN7Walaber6WidgetENS1_10FocusEventE	
0x4a425c	.text	_ZThn32_N12WaterConcept8WCScreen11handleFocusEPN7Walaber6WidgetENS1_10FocusEventE	
0x4a4264	.text	_ZN12WaterConcept8WCScreenD2Ev	
0x4a42d0	.text	_ZN12WaterConcept8WCScreenD0Ev	
0x4a42d4	.text	_ZN7Walaber10GameScreen11regainedTopEv	
0x4a42d8	.text	_ZN7Walaber10GameScreen16loadPropertyListERKNS_12PropertyListE	
0x4a42dc	.text	_ZN7Walaber10GameScreen14backKeyPressedEv	
0x4a42e0	.text	_ZNSt6__ndk16vectorIN7Walaber11AchievementENS_9allocatorIS2_EEE11__vallocateEm	
0x4a4330	.text	_ZN7Walaber14MemberCallbackIN12WaterConcept19Screen_AchievementsEED0Ev	
0x4a4334	.text	_ZN7Walaber14MemberCallbackIN12WaterConcept19Screen_AchievementsEE6invokeEPv	
0x4a4364	.text	_ZN12WaterConcept23Screen_AchievementsTestC2Ev	
0x4a4434	.text	_ZN12WaterConcept23Screen_AchievementsTestD1Ev	
0x4a4438	.text	_ZN12WaterConcept23Screen_AchievementsTestD0Ev	
0x4a445c	.text	_ZN12WaterConcept23Screen_AchievementsTest16loadPropertyListERKN7Walaber12PropertyListE	
0x4a4460	.text	_ZN12WaterConcept23Screen_AchievementsTest5enterEv	
0x4a448c	.text	_ZN12WaterConcept23Screen_AchievementsTest8_buildUIEv	
0x4a4608	.text	_ZN12WaterConcept23Screen_AchievementsTest4exitEv	
0x4a4638	.text	_ZN12WaterConcept23Screen_AchievementsTest6updateEfb	
0x4a4640	.text	_ZN12WaterConcept23Screen_AchievementsTest4drawEi	
0x4a46e4	.text	_ZN12WaterConcept23Screen_AchievementsTest11handleEventEiRKN7Walaber6Widget15WidgetActionRetEPS2_	
0x4a4890	.text	_ZN12WaterConcept23Screen_AchievementsTest30_updateUIForCurrentAchievementEv	
0x4a4bf8	.text	_ZThn32_N12WaterConcept23Screen_AchievementsTest11handleEventEiRKN7Walaber6Widget15WidgetActionRetEPS2_	
0x4a4c00	.text	_ZN12WaterConcept23Screen_AchievementsTest23_finishedLoadingWidgetsEPv	
0x4a4c7c	.text	_ZN7Walaber9SharedPtrINS_14MemberCallbackIN12WaterConcept23Screen_AchievementsTestEEEED2Ev	
0x4a4cd4	.text	_ZN12WaterConcept23Screen_AchievementsTest14backKeyPressedEv	
0x4a4d04	.text	_ZN7Walaber14MemberCallbackIN12WaterConcept23Screen_AchievementsTestEED0Ev	
0x4a4d08	.text	_ZN7Walaber14MemberCallbackIN12WaterConcept23Screen_AchievementsTestEE6invokeEPv	
0x4a4d38	.text	_ZN12WaterConcept14Screen_AgeGateC1Ev	
0x4a4e0c	.text	_ZN12WaterConcept14Screen_AgeGateD2Ev	
0x4a4e68	.text	_ZThn144_N12WaterConcept14Screen_AgeGateD1Ev	
0x4a4e70	.text	_ZN12WaterConcept14Screen_AgeGateD0Ev	
0x4a4e94	.text	_ZThn144_N12WaterConcept14Screen_AgeGateD0Ev	
0x4a4ebc	.text	_ZN12WaterConcept14Screen_AgeGate5enterEv	
0x4a5290	.text	_ZN12WaterConcept14Screen_AgeGate18_curveLoadCallbackEPv	
0x4a52f4	.text	_ZN12WaterConcept14Screen_AgeGate8_buildUIEv	
0x4a546c	.text	_ZN7Walaber9SharedPtrINS_14MemberCallbackIN12WaterConcept14Screen_AgeGateEEEED2Ev	
0x4a54c4	.text	_ZN12WaterConcept14Screen_AgeGate4exitEv	
0x4a54c8	.text	_ZN12WaterConcept14Screen_AgeGate16loadPropertyListERKN7Walaber12PropertyListE	
0x4a5730	.text	_ZN12WaterConcept14Screen_AgeGate11regainedTopEv	
0x4a5734	.text	_ZN12WaterConcept14Screen_AgeGate6updateEfb	
0x4a5ba4	.text	_ZN12WaterConcept14Screen_AgeGate4drawEi	
0x4a5cb0	.text	_ZN12WaterConcept14Screen_AgeGate11handleEventEiRKN7Walaber6Widget15WidgetActionRetEPS2_	
0x4a6360	.text	_ZN12WaterConcept14Screen_AgeGate12_onAgeChangeEi	
0x4a63a4	.text	_ZThn32_N12WaterConcept14Screen_AgeGate11handleEventEiRKN7Walaber6Widget15WidgetActionRetEPS2_	
0x4a63ac	.text	_ZN12WaterConcept14Screen_AgeGate9messageRxERKN7Walaber7MessageE	
0x4a63b4	.text	_ZThn144_N12WaterConcept14Screen_AgeGate9messageRxERKN7Walaber7MessageE	
0x4a63bc	.text	_ZN12WaterConcept14Screen_AgeGate23_finishedLoadingWidgetsEPv	
0x4a68fc	.text	_ZN12WaterConcept14Screen_AgeGate15_showIAPMessageEv	
0x4a6ad0	.text	_ZN12WaterConcept14Screen_AgeGate14backKeyPressedEv	
0x4a6bb0	.text	_ZN7Walaber14MemberCallbackIN12WaterConcept14Screen_AgeGateEED0Ev	
0x4a6bb4	.text	_ZN7Walaber14MemberCallbackIN12WaterConcept14Screen_AgeGateEE6invokeEPv	
0x4a6be4	.text	_ZN12WaterConcept20Screen_AnimationTestC2Ev	
0x4a6cc4	.text	_ZN12WaterConcept20Screen_AnimationTestD1Ev	
0x4a6d2c	.text	_ZN12WaterConcept20Screen_AnimationTestD0Ev	
0x4a6d50	.text	_ZN12WaterConcept20Screen_AnimationTest16loadPropertyListERKN7Walaber12PropertyListE	
0x4a6f34	.text	_ZN12WaterConcept20Screen_AnimationTest5enterEv	
0x4a71d8	.text	_ZN12WaterConcept20Screen_AnimationTest8_buildUIEv	
0x4a7354	.text	_ZN12WaterConcept20Screen_AnimationTest4exitEv	
0x4a738c	.text	_ZN12WaterConcept20Screen_AnimationTest6updateEfb	
0x4a73c4	.text	_ZN12WaterConcept20Screen_AnimationTest4drawEi	
0x4a74b8	.text	_ZN12WaterConcept20Screen_AnimationTest11handleEventEiRKN7Walaber6Widget15WidgetActionRetEPS2_	
0x4a751c	.text	_ZN12WaterConcept20Screen_AnimationTest14_playAnimationEi	
0x4a7628	.text	_ZN12WaterConcept20Screen_AnimationTest19_reloadCurrentActorEv	
0x4a81f8	.text	_ZThn32_N12WaterConcept20Screen_AnimationTest11handleEventEiRKN7Walaber6Widget15WidgetActionRetEPS2_	
0x4a8200	.text	_ZN12WaterConcept20Screen_AnimationTest23_finishedLoadingWidgetsEPv	
0x4a826c	.text	_ZN7Walaber9SharedPtrINS_14MemberCallbackIN12WaterConcept20Screen_AnimationTestEEEED2Ev	
0x4a82c4	.text	_ZN12WaterConcept20Screen_AnimationTest14_worldToScreenERKN7Walaber7Vector2E	
0x4a831c	.text	_ZN12WaterConcept20Screen_AnimationTest14_screenToWorldERKN7Walaber7Vector2E	
0x4a836c	.text	_ZN7Walaber13SkeletonActor17playNextAnimationEbNS_21AnimationPlaybackModeEb	
0x4a8478	.text	_ZN12WaterConcept20Screen_AnimationTest14backKeyPressedEv	
0x4a84a8	.text	_ZN7Walaber14MemberCallbackIN12WaterConcept20Screen_AnimationTestEED0Ev	
0x4a84ac	.text	_ZN7Walaber14MemberCallbackIN12WaterConcept20Screen_AnimationTestEE6invokeEPv	
0x4a84dc	.text	_ZN12WaterConcept17Screen_ChallengesC2Ev	
0x4a85ec	.text	_ZN12WaterConcept17Screen_ChallengesD1Ev	
0x4a8660	.text	_ZThn144_N12WaterConcept17Screen_ChallengesD1Ev	
0x4a8668	.text	_ZN12WaterConcept17Screen_ChallengesD0Ev	
0x4a868c	.text	_ZThn144_N12WaterConcept17Screen_ChallengesD0Ev	
0x4a86b4	.text	_ZN12WaterConcept17Screen_Challenges16loadPropertyListERKN7Walaber12PropertyListE	
0x4a86b8	.text	_ZN12WaterConcept17Screen_Challenges5enterEv	
0x4a8d04	.text	_ZN12WaterConcept17Screen_Challenges8_buildUIEv	
0x4a8e80	.text	_ZN7Walaber12SoundManager20getLiveTracksInGroupEi	
0x4a8edc	.text	_ZN12WaterConcept17Screen_Challenges4exitEv	
0x4a8ee0	.text	_ZN12WaterConcept17Screen_Challenges23_finishedLoadingWidgetsEPv	
0x4acb80	.text	_ZN12WaterConcept17Screen_Challenges6updateEfb	
0x4acb98	.text	_ZN12WaterConcept17Screen_Challenges4drawEi	
0x4acc38	.text	_ZN12WaterConcept17Screen_Challenges11handleEventEiRKN7Walaber6Widget15WidgetActionRetEPS2_	
0x4ad61c	.text	_ZThn32_N12WaterConcept17Screen_Challenges11handleEventEiRKN7Walaber6Widget15WidgetActionRetEPS2_	
0x4ad624	.text	_ZN7Walaber9SharedPtrINS_14MemberCallbackIN12WaterConcept17Screen_ChallengesEEEED2Ev	
0x4ad67c	.text	_ZN12WaterConcept17Screen_Challenges14backKeyPressedEv	
0x4ad784	.text	_ZN12WaterConcept17Screen_Challenges9messageRxERKN7Walaber7MessageE	
0x4ada20	.text	_ZThn144_N12WaterConcept17Screen_Challenges9messageRxERKN7Walaber7MessageE	
0x4ada38	.text	_ZN12WaterConcept17Screen_Challenges11regainedTopEv	
0x4ada40	.text	_ZNSt6__ndk16__treeINS_12__value_typeIPN7Walaber6WidgetENS_12basic_stringIcNS_11char_traitsIcEENS_9allocatorIcEEEEEENS_19__map_value_compareIS4_SB_NS_4lessIS4_EELb1EEENS8_ISB_EEE7destroyEPNS_11__tree_nodeISB_PvEE	
0x4ada90	.text	_ZNSt6__ndk16__treeINS_12__value_typeIPN7Walaber6WidgetEiEENS_19__map_value_compareIS4_S5_NS_4lessIS4_EELb1EEENS_9allocatorIS5_EEE7destroyEPNS_11__tree_nodeIS5_PvEE	
0x4adad0	.text	_ZNSt6__ndk16vectorIPN7Walaber12Widget_LabelENS_9allocatorIS3_EEE21__push_back_slow_pathIS3_EEvOT_	__push_back_slow_path<Walaber::Widget_Label*>
0x4adbf8	.text	_ZNSt6__ndk16vectorIPN7Walaber17Widget_PushButtonENS_9allocatorIS3_EEE21__push_back_slow_pathIS3_EEvOT_	__push_back_slow_path<Walaber::Widget_PushButton*>
0x4add20	.text	_ZNSt6__ndk114__split_bufferIPN7Walaber17Widget_PushButtonERNS_9allocatorIS3_EEEC2EmmS6_	
0x4addd0	.text	_ZNSt6__ndk16__treeINS_12__value_typeIPN7Walaber6WidgetEiEENS_19__map_value_compareIS4_S5_NS_4lessIS4_EELb1EEENS_9allocatorIS5_EEE25__emplace_unique_key_argsIS4_JRKNS_21piecewise_construct_tENS_5tupleIJOS4_EEENSH_IJEEEEEENS_4pairINS_15__tree_iteratorIS5_PNS_11__tree_nodeIS5_PvEElEEbEERKT_DpOT0_	__emplace_unique_key_args<Walaber::Widget*,std::__ndk1::piecewise_construct_t_const&,std::__ndk1::tuple<Walaber::Widget*&&>,std::__ndk1::tuple<>>
0x4adea4	.text	_ZNSt6__ndk16__treeINS_12__value_typeIPN7Walaber6WidgetEiEENS_19__map_value_compareIS4_S5_NS_4lessIS4_EELb1EEENS_9allocatorIS5_EEE16__insert_node_atEPNS_15__tree_end_nodeIPNS_16__tree_node_baseIPvEEEERSH_SH_	
0x4adef8	.text	_ZNSt6__ndk16__treeINS_12__value_typeIPN7Walaber6WidgetENS_12basic_stringIcNS_11char_traitsIcEENS_9allocatorIcEEEEEENS_19__map_value_compareIS4_SB_NS_4lessIS4_EELb1EEENS8_ISB_EEE25__emplace_unique_key_argsIS4_JRKNS_21piecewise_construct_tENS_5tupleIJOS4_EEENSM_IJEEEEEENS_4pairINS_15__tree_iteratorISB_PNS_11__tree_nodeISB_PvEElEEbEERKT_DpOT0_	__emplace_unique_key_args<Walaber::Widget*,std::__ndk1::piecewise_construct_t_const&,std::__ndk1::tuple<Walaber::Widget*&&>,std::__ndk1::tuple<>>
0x4adfcc	.text	_ZNSt6__ndk16__treeINS_12__value_typeIPN7Walaber6WidgetENS_12basic_stringIcNS_11char_traitsIcEENS_9allocatorIcEEEEEENS_19__map_value_compareIS4_SB_NS_4lessIS4_EELb1EEENS8_ISB_EEE16__insert_node_atEPNS_15__tree_end_nodeIPNS_16__tree_node_baseIPvEEEERSM_SM_	
0x4ae020	.text	_ZN7Walaber14MemberCallbackIN12WaterConcept17Screen_ChallengesEED0Ev	
0x4ae024	.text	_ZN7Walaber14MemberCallbackIN12WaterConcept17Screen_ChallengesEE6invokeEPv	
0x4ae054	.text	_ZN12WaterConcept19Screen_CollectiblesC2Ev	
0x4ae278	.text	_ZN12WaterConcept19Screen_CollectiblesD2Ev	
0x4ae338	.text	_ZThn144_N12WaterConcept19Screen_CollectiblesD1Ev	
0x4ae340	.text	_ZN12WaterConcept19Screen_CollectiblesD0Ev	
0x4ae364	.text	_ZThn144_N12WaterConcept19Screen_CollectiblesD0Ev	
0x4ae38c	.text	_ZN12WaterConcept19Screen_Collectibles16loadPropertyListERKN7Walaber12PropertyListE	
0x4ae390	.text	_ZN12WaterConcept19Screen_Collectibles5enterEv	
0x4aea40	.text	_ZN12WaterConcept19Screen_Collectibles8_buildUIEv	
0x4aebbc	.text	_ZN12WaterConcept19Screen_Collectibles4exitEv	
0x4aebc0	.text	_ZN12WaterConcept19Screen_Collectibles23_finishedLoadingWidgetsEPv	
0x4b2ad4	.text	_ZN12WaterConcept19Screen_Collectibles12_addNewLabelEib	
0x4b2c14	.text	_ZN12WaterConcept19Screen_Collectibles6updateEfb	
0x4b2e78	.text	_ZN12WaterConcept19Screen_Collectibles4drawEi	
0x4b2fe4	.text	_ZN12WaterConcept19Screen_Collectibles11handleEventEiRKN7Walaber6Widget15WidgetActionRetEPS2_	
0x4b3e14	.text	_ZThn32_N12WaterConcept19Screen_Collectibles11handleEventEiRKN7Walaber6Widget15WidgetActionRetEPS2_	
0x4b3e1c	.text	_ZN7Walaber9SharedPtrINS_14MemberCallbackIN12WaterConcept19Screen_CollectiblesEEEED2Ev	
0x4b3e74	.text	_ZN12WaterConcept19Screen_Collectibles14backKeyPressedEv	
0x4b3f7c	.text	_ZN12WaterConcept19Screen_Collectibles9messageRxERKN7Walaber7MessageE	
0x4b3f84	.text	_ZThn144_N12WaterConcept19Screen_Collectibles9messageRxERKN7Walaber7MessageE	
0x4b3f8c	.text	_ZN12WaterConcept19Screen_Collectibles11regainedTopEv	
0x4b3f94	.text	_ZNSt6__ndk113basic_ostreamIcNS_11char_traitsIcEEE3putEc	
0x4b40d0	.text	_ZN7Walaber14MemberCallbackIN12WaterConcept19Screen_CollectiblesEED0Ev	
0x4b40d4	.text	_ZN7Walaber14MemberCallbackIN12WaterConcept19Screen_CollectiblesEE6invokeEPv	
0x4b4104	.text	_ZN12WaterConcept17Screen_ComicStripC2Ev	
0x4b5d5c	.text	_ZN12WaterConcept17Screen_ComicStripD1Ev	
0x4b5d60	.text	_ZN12WaterConcept17Screen_ComicStripD0Ev	
0x4b5d84	.text	_ZN12WaterConcept17Screen_ComicStrip16loadPropertyListERKN7Walaber12PropertyListE	
0x4b5d88	.text	_ZN12WaterConcept17Screen_ComicStrip5enterEv	
0x4b5d8c	.text	_ZN12WaterConcept17Screen_ComicStrip8_buildUIEv	
0x4b5e68	.text	_ZN12WaterConcept17Screen_ComicStrip4exitEv	
0x4b5e6c	.text	_ZN12WaterConcept17Screen_ComicStrip6updateEfb	
0x4b5ec0	.text	_ZN12WaterConcept17Screen_ComicStrip8endStripEv	
0x4b5f90	.text	_ZN12WaterConcept17Screen_ComicStrip4drawEi	
0x4b6050	.text	_ZN12WaterConcept17Screen_ComicStrip11handleEventEiRKN7Walaber6Widget15WidgetActionRetEPS2_	
0x4b6264	.text	_ZThn32_N12WaterConcept17Screen_ComicStrip11handleEventEiRKN7Walaber6Widget15WidgetActionRetEPS2_	
0x4b626c	.text	_ZN12WaterConcept17Screen_ComicStrip14backKeyPressedEv	
0x4b629c	.text	_ZNSt6__ndk16__treeINS_12__value_typeIiN7Walaber20Widget_FingerCatcher16CaughtFingerInfoEEENS_19__map_value_compareIiS5_NS_4lessIiEELb1EEENS_9allocatorIS5_EEE30__emplace_hint_unique_key_argsIiJRKNS_4pairIKiS4_EEEEENS_15__tree_iteratorIS5_PNS_11__tree_nodeIS5_PvEElEENS_21__tree_const_iteratorIS5_SN_lEERKT_DpOT0_	__emplace_hint_unique_key_args<int,std::__ndk1::pair<int_const,Walaber::Widget_FingerCatcher::CaughtFingerInfo>const&>
0x4b6344	.text	_ZNSt6__ndk16__treeINS_12__value_typeIiN7Walaber20Widget_FingerCatcher16CaughtFingerInfoEEENS_19__map_value_compareIiS5_NS_4lessIiEELb1EEENS_9allocatorIS5_EEE12__find_equalIiEERPNS_16__tree_node_baseIPvEENS_21__tree_const_iteratorIS5_PNS_11__tree_nodeIS5_SF_EElEERPNS_15__tree_end_nodeISH_EESI_RKT_	
0x4b646c	.text	_ZNSt6__ndk16__treeINS_12__value_typeIiN7Walaber20Widget_FingerCatcher16CaughtFingerInfoEEENS_19__map_value_compareIiS5_NS_4lessIiEELb1EEENS_9allocatorIS5_EEE12__find_equalIiEERPNS_16__tree_node_baseIPvEERPNS_15__tree_end_nodeISH_EERKT_	
0x4b64d4	.text	_ZN12WaterConcept14Screen_CreditsC2Ev	
0x4b6804	.text	_ZN12WaterConcept14Screen_CreditsD2Ev	
0x4b6868	.text	_ZThn144_N12WaterConcept14Screen_CreditsD1Ev	
0x4b6870	.text	_ZN12WaterConcept14Screen_CreditsD0Ev	
0x4b6894	.text	_ZThn144_N12WaterConcept14Screen_CreditsD0Ev	
0x4b68bc	.text	_ZN12WaterConcept14Screen_Credits5enterEv	
0x4b70b0	.text	_ZN12WaterConcept14Screen_Credits8_buildUIEv	
0x4b7228	.text	_ZN12WaterConcept14Screen_Credits4exitEv	
0x4b722c	.text	_ZN12WaterConcept14Screen_Credits6updateEfb	
0x4b76f0	.text	_ZN12WaterConcept14Screen_Credits4drawEi	
0x4b7998	.text	_ZN12WaterConcept14Screen_Credits11handleEventEiRKN7Walaber6Widget15WidgetActionRetEPS2_	
0x4b7e08	.text	_ZThn32_N12WaterConcept14Screen_Credits11handleEventEiRKN7Walaber6Widget15WidgetActionRetEPS2_	
0x4b7e10	.text	_ZN12WaterConcept14Screen_Credits9messageRxERKN7Walaber7MessageE	
0x4b80e8	.text	_ZThn144_N12WaterConcept14Screen_Credits9messageRxERKN7Walaber7MessageE	
0x4b80f0	.text	_ZN12WaterConcept14Screen_Credits23_finishedLoadingWidgetsEPv	
0x4b8478	.text	_ZN7Walaber9SharedPtrINS_14MemberCallbackIN12WaterConcept14Screen_CreditsEEEED2Ev	
0x4b84d0	.text	_ZN12WaterConcept14Screen_Credits23_skeletonLoadedCallbackEPv	
0x4b859c	.text	_ZN12WaterConcept14Screen_Credits14backKeyPressedEv	
0x4b876c	.text	_ZN7Walaber14MemberCallbackIN12WaterConcept14Screen_CreditsEED0Ev	
0x4b8770	.text	_ZN7Walaber14MemberCallbackIN12WaterConcept14Screen_CreditsEE6invokeEPv	
0x4b87a0	.text	_ZN12WaterConcept15Screen_DialogueC2Ev	
0x4b88cc	.text	_ZN12WaterConcept15Screen_DialogueD1Ev	
0x4b895c	.text	_ZN12WaterConcept15Screen_DialogueD0Ev	
0x4b8980	.text	_ZN12WaterConcept15Screen_Dialogue16loadPropertyListERKN7Walaber12PropertyListE	
0x4b9d80	.text	_ZN12WaterConcept15Screen_Dialogue5enterEv	
0x4b9f1c	.text	_ZN12WaterConcept15Screen_Dialogue18_curveLoadCallbackEPv	
0x4b9f88	.text	_ZN7Walaber9SharedPtrINS_14MemberCallbackIN12WaterConcept15Screen_DialogueEEEED2Ev	
0x4b9fe0	.text	_ZN12WaterConcept15Screen_Dialogue4exitEv	
0x4b9fe4	.text	_ZN12WaterConcept15Screen_Dialogue6updateEfb	
0x4ba498	.text	_ZN12WaterConcept15Screen_Dialogue4drawEi	
0x4ba52c	.text	_ZN12WaterConcept15Screen_Dialogue11handleEventEiRKN7Walaber6Widget15WidgetActionRetEPS2_	
0x4ba574	.text	_ZThn32_N12WaterConcept15Screen_Dialogue11handleEventEiRKN7Walaber6Widget15WidgetActionRetEPS2_	
0x4ba57c	.text	_ZN12WaterConcept15Screen_Dialogue8_buildUIEv	
0x4ba818	.text	_ZN12WaterConcept15Screen_Dialogue23_finishedLoadingWidgetsEPv	
0x4bc7b0	.text	_ZN12WaterConcept15Screen_Dialogue14backKeyPressedEv	
0x4bc818	.text	_ZN7Walaber14MemberCallbackIN12WaterConcept15Screen_DialogueEED0Ev	
0x4bc81c	.text	_ZN7Walaber14MemberCallbackIN12WaterConcept15Screen_DialogueEE6invokeEPv	
0x4bc84c	.text	_ZN12WaterConcept13Screen_EditorC1Ev	
0x4bcb08	.text	_ZN12WaterConcept13Screen_EditorD2Ev	
0x4bcbfc	.text	_ZN12WaterConcept13Screen_EditorD0Ev	
0x4bcc20	.text	_ZN12WaterConcept13Screen_Editor16loadPropertyListERKN7Walaber12PropertyListE	
0x4bd230	.text	_ZN12WaterConcept13Screen_Editor9loadLevelERKNSt6__ndk112basic_stringIcNS1_11char_traitsIcEENS1_9allocatorIcEEEES9_	
0x4bdb50	.text	_ZN12WaterConcept13Screen_Editor5enterEv	
0x4bddbc	.text	_ZN12WaterConcept13Screen_Editor8_buildUIEv	
0x4bdf30	.text	_ZN12WaterConcept13Screen_Editor4exitEv	
0x4bdf34	.text	_ZN12WaterConcept13Screen_Editor6updateEfb	
0x4bdf78	.text	_ZN12WaterConcept13Screen_Editor4drawEi	
0x4bee20	.text	_ZN12WaterConcept13Screen_Editor22_isVisiblePlatinumTypeENS_17InteractiveObject12PlatinumTypeE	
0x4bee58	.text	_ZN12WaterConcept13Screen_Editor22_getObjectHilightColorEPNS_17InteractiveObjectE	
0x4bef64	.text	_ZN12WaterConcept13Screen_Editor10_getObjectENSt6__ndk112basic_stringIcNS1_11char_traitsIcEENS1_9allocatorIcEEEE	
0x4bf18c	.text	_ZN12WaterConcept13Screen_Editor20accelerometerChangedEfff	
0x4bf1e8	.text	_ZN12WaterConcept5World18addMaterialTextureEN7Walaber9SharedPtrINS1_7TextureEEE	
0x4bf22c	.text	_ZN12WaterConcept5World15addAlgaeTextureEN7Walaber9SharedPtrINS1_7TextureEEE	
0x4bf270	.text	_ZN12WaterConcept13Screen_Editor15_loadLevelPart2EPv	
0x4c00b4	.text	_ZN7Walaber9SharedPtrINS_14MemberCallbackIN12WaterConcept13Screen_EditorEEEED2Ev	
0x4c010c	.text	_ZN12WaterConcept13Screen_Editor10ObjectDataC2Ev	
0x4c0190	.text	_ZN12WaterConcept13Screen_Editor21_gotDefaultPropertiesEPv	
0x4c02ac	.text	_ZN12WaterConcept13Screen_Editor17_loadedEditorDataEPv	
0x4c070c	.text	_ZN7Walaber11XMLDocument8IteratorppEi	
0x4c0764	.text	_ZN12WaterConcept13Screen_Editor30_gotDefaultPropertiesNewObjectEPv	
0x4c1b38	.text	_ZN12WaterConcept13Screen_Editor18_getOpenObjectNameERKNSt6__ndk112basic_stringIcNS1_11char_traitsIcEENS1_9allocatorIcEEEE	
0x4c1df4	.text	_ZN12WaterConcept13Screen_Editor12selectObjectEPNS_17InteractiveObjectEb	
0x4c2044	.text	_ZN12WaterConcept13Screen_Editor11_pressTrackENS0_10ObjectDataE	
0x4c2580	.text	_ZN12WaterConcept13Screen_Editor10ObjectDataC2ERKS1_	
0x4c27ec	.text	_ZN12WaterConcept13Screen_Editor9addObjectENSt6__ndk112basic_stringIcNS1_11char_traitsIcEENS1_9allocatorIcEEEE	
0x4c2948	.text	_ZN12WaterConcept13Screen_Editor9saveLevelENSt6__ndk112basic_stringIcNS1_11char_traitsIcEENS1_9allocatorIcEEEERb	
0x4c3ee0	.text	_ZN7Walaber3XML15newPropertyListEP8_xmlNodeRKNS_12PropertyListENSt6__ndk112basic_stringIcNS6_11char_traitsIcEENS6_9allocatorIcEEEE	
0x4c4078	.text	_ZN12WaterConcept13Screen_Editor18saveEditorMetafileENSt6__ndk112basic_stringIcNS1_11char_traitsIcEENS1_9allocatorIcEEEE	
0x4c440c	.text	_ZN12WaterConcept13Screen_Editor12beingStackedEv	
0x4c4434	.text	_ZN12WaterConcept13Screen_Editor11regainedTopEv	
0x4c4440	.text	_ZN12WaterConcept13Screen_Editor11handleEventEiRKN7Walaber6Widget15WidgetActionRetEPS2_	
0x4c5a5c	.text	_ZN12WaterConcept13Screen_Editor18_handleCanvasEventEPN7Walaber13Widget_CanvasERKNS1_6Widget15WidgetActionRetE	
0x4c6464	.text	_ZN12WaterConcept13Screen_Editor18_updateObjectLabelEv	
0x4c6880	.text	_ZN12WaterConcept13Screen_Editor12removeObjectEPNS_17InteractiveObjectE	
0x4c6f4c	.text	_ZN12WaterConcept13Screen_Editor18_getObjectDataCopyEPNS_17InteractiveObjectE	
0x4c6fac	.text	_ZNSt6__ndk16vectorIN12WaterConcept13Screen_Editor10ObjectDataENS_9allocatorIS3_EEE6insertENS_11__wrap_iterIPKS3_EERS8_	
0x4c7390	.text	_ZNSt6__ndk16vectorIPN12WaterConcept17InteractiveObjectENS_9allocatorIS3_EEE6insertENS_11__wrap_iterIPKS3_EERS8_	
0x4c7694	.text	_ZN12WaterConcept13Screen_Editor11_toggleLinkEv	
0x4c80a4	.text	_ZN12WaterConcept13Screen_Editor6_pasteEv	
0x4c8320	.text	_ZN12WaterConcept13Screen_Editor11_toggleSnapEv	
0x4c84a8	.text	_ZN12WaterConcept13Screen_Editor12_toggleGroupEv	
0x4c88cc	.text	_ZN12WaterConcept13Screen_Editor12_toggleGhostEv	
0x4c89d0	.text	_ZN12WaterConcept13Screen_Editor11_editObjectEPNS_17InteractiveObjectE	
0x4c8b1c	.text	_ZN12WaterConcept13Screen_Editor15_togglePlatinumEv	
0x4c8f18	.text	_ZN12WaterConcept13Screen_Editor12_togglePTypeEv	
0x4c94d4	.text	_ZN12WaterConcept13Screen_Editor11_togglePortEv	
0x4c95b4	.text	_ZThn32_N12WaterConcept13Screen_Editor11handleEventEiRKN7Walaber6Widget15WidgetActionRetEPS2_	
0x4c95bc	.text	_ZN12WaterConcept13Screen_Editor14_screenToWorldERKN7Walaber7Vector2E	
0x4c9608	.text	_ZN12WaterConcept13Screen_Editor30_updateSelectionOriginalValuesEv	
0x4c96d0	.text	_ZN12WaterConcept13Screen_Editor13_snapPositionERKN7Walaber7Vector2Eb	
0x4c97c8	.text	_ZN12WaterConcept13Screen_Editor12selectObjectEN7Walaber7Vector2EPNS_17InteractiveObjectE	
0x4c99e8	.text	_ZN12WaterConcept13Screen_Editor9touchDownEiN7Walaber7Vector2E	
0x4c9a3c	.text	_ZN12WaterConcept13Screen_Editor10touchMovedEiN7Walaber7Vector2ES2_	
0x4c9a98	.text	_ZN12WaterConcept13Screen_Editor7touchUpEiN7Walaber7Vector2E	
0x4c9aec	.text	_ZN12WaterConcept13Screen_Editor19_selectGroupMembersEPNS_17InteractiveObjectE	
0x4c9c28	.text	_ZN12WaterConcept13Screen_Editor21_deselectGroupMembersEPNS_17InteractiveObjectE	
0x4c9d70	.text	_ZN12WaterConcept13Screen_Editor19_showHideLinkButtonEv	
0x4c9f60	.text	_ZN12WaterConcept13Screen_Editor20_showHideTrackButtonEv	
0x4c9f94	.text	_ZN12WaterConcept13Screen_Editor20_showHidePasteButtonEv	
0x4c9fc8	.text	_ZN12WaterConcept13Screen_Editor14_showHideGroupEv	
0x4ca000	.text	_ZN12WaterConcept13Screen_Editor19_showHideObjectEditEv	
0x4ca038	.text	_ZN12WaterConcept13Screen_Editor26_showHideTogglePTypeButtonEv	
0x4ca4e4	.text	_ZN12WaterConcept13Screen_Editor23_finishedLoadingWidgetsEPv	
0x4ca4e8	.text	_ZN12WaterConcept13Screen_Editor23_shiftYSwitchConnectionEPNS_7YSwitchEPNS_17InteractiveObjectE	
0x4cad24	.text	_ZNSt6__ndk16vectorIN12WaterConcept5World20WorldSpoutConnectionENS_9allocatorIS3_EEE6insertENS_11__wrap_iterIPKS3_EERS8_	
0x4cb030	.text	_ZN12WaterConcept13Screen_Editor17_shiftYSwitchPortEPNS_5SpoutEPNS_7YSwitchE	
0x4cb22c	.text	_ZN12WaterConcept13Screen_Editor14_worldToScreenERKN7Walaber7Vector2E	
0x4cb27c	.text	_ZN12WaterConcept13Screen_Editor18_clipCameraToWorldEv	
0x4cb3ac	.text	_ZN12WaterConcept13Screen_Editor14backKeyPressedEv	
0x4cb638	.text	_ZNSt6__ndk16__treeINS_12__value_typeIPN12WaterConcept17InteractiveObjectENS2_13Screen_Editor15SelectedObjDataEEENS_19__map_value_compareIS4_S7_NS_4lessIS4_EELb1EEENS_9allocatorIS7_EEE7destroyEPNS_11__tree_nodeIS7_PvEE	
0x4cb678	.text	_ZNSt6__ndk113__vector_baseIN12WaterConcept5World20WorldSpoutConnectionENS_9allocatorIS3_EEED2Ev	
0x4cb6f0	.text	_ZNSt6__ndk16vectorIN12WaterConcept5World20WorldSpoutConnectionENS_9allocatorIS3_EEEC2ERKS6_	
0x4cb788	.text	_ZNSt6__ndk16vectorIN12WaterConcept5World20WorldSpoutConnectionENS_9allocatorIS3_EEE11__vallocateEm	
0x4cb7cc	.text	_ZNSt6__ndk16__treeINS_12basic_stringIcNS_11char_traitsIcEENS_9allocatorIcEEEENS_4lessIS6_EENS4_IS6_EEE30__emplace_hint_unique_key_argsIS6_JRKS6_EEENS_15__tree_iteratorIS6_PNS_11__tree_nodeIS6_PvEElEENS_21__tree_const_iteratorIS6_SI_lEERKT_DpOT0_	__emplace_hint_unique_key_args<std::__ndk1::basic_string<char,std::__ndk1::char_traits<char>,std::__ndk1::allocator<char>>,std::__ndk1::basic_string<char,std::__ndk1::char_traits<char>,std::__ndk1::allocator<char>>const&>
0x4cb85c	.text	_ZNSt6__ndk16__treeINS_12basic_stringIcNS_11char_traitsIcEENS_9allocatorIcEEEENS_4lessIS6_EENS4_IS6_EEE12__find_equalIS6_EERPNS_16__tree_node_baseIPvEENS_21__tree_const_iteratorIS6_PNS_11__tree_nodeIS6_SD_EElEERPNS_15__tree_end_nodeISF_EESG_RKT_	__find_equal<std::__ndk1::basic_string<char,std::__ndk1::char_traits<char>,std::__ndk1::allocator<char>>>
0x4cbb48	.text	_ZNSt6__ndk113__vector_baseIN12WaterConcept13Screen_Editor10ObjectDataENS_9allocatorIS3_EEED2Ev	
0x4cbbf8	.text	_ZNSt6__ndk113__vector_baseINS_3setIPN12WaterConcept17InteractiveObjectENS_4lessIS4_EENS_9allocatorIS4_EEEENS7_IS9_EEED2Ev	
0x4cbc68	.text	_ZNSt6__ndk16vectorIN7Walaber5ColorENS_9allocatorIS2_EEE21__push_back_slow_pathIRKS2_EEvOT_	__push_back_slow_path<Walaber::Color_const&>
0x4cbdb4	.text	_ZN7Walaber14MemberCallbackIN12WaterConcept13Screen_EditorEED0Ev	
0x4cbdb8	.text	_ZN7Walaber14MemberCallbackIN12WaterConcept13Screen_EditorEE6invokeEPv	
0x4cbde8	.text	_ZNSt6__ndk16vectorIN12WaterConcept5World20WorldSpoutConnectionENS_9allocatorIS3_EEE21__push_back_slow_pathIRKS3_EEvOT_	__push_back_slow_path<WaterConcept::World::WorldSpoutConnection_const&>
0x4cbedc	.text	_ZNSt6__ndk114__split_bufferIN12WaterConcept5World20WorldSpoutConnectionERNS_9allocatorIS3_EEEC2EmmS6_	
0x4cbf8c	.text	_ZNSt6__ndk16vectorIN12WaterConcept5World20WorldSpoutConnectionENS_9allocatorIS3_EEE26__swap_out_circular_bufferERNS_14__split_bufferIS3_RS5_EE	
0x4cc014	.text	_ZNSt6__ndk114__split_bufferIN12WaterConcept5World20WorldSpoutConnectionERNS_9allocatorIS3_EEED2Ev	
0x4cc078	.text	_ZNSt6__ndk16vectorIN12WaterConcept13Screen_Editor10ObjectDataENS_9allocatorIS3_EEE21__push_back_slow_pathIRKS3_EEvOT_	__push_back_slow_path<WaterConcept::Screen_Editor::ObjectData_const&>
0x4cc17c	.text	_ZNSt6__ndk114__split_bufferIN12WaterConcept13Screen_Editor10ObjectDataERNS_9allocatorIS3_EEEC2EmmS6_	
0x4cc240	.text	_ZNSt6__ndk16vectorIN12WaterConcept13Screen_Editor10ObjectDataENS_9allocatorIS3_EEE26__swap_out_circular_bufferERNS_14__split_bufferIS3_RS5_EE	
0x4cc2d8	.text	_ZNSt6__ndk114__split_bufferIN12WaterConcept13Screen_Editor10ObjectDataERNS_9allocatorIS3_EEED2Ev	
0x4cc364	.text	_ZNSt6__ndk16__treeIPN12WaterConcept17InteractiveObjectENS_4lessIS3_EENS_9allocatorIS3_EEE12__find_equalIS3_EERPNS_16__tree_node_baseIPvEERPNS_15__tree_end_nodeISD_EERKT_	__find_equal<WaterConcept::InteractiveObject*>
0x4cc3cc	.text	_ZNSt6__ndk16vectorINS_3setIPN12WaterConcept17InteractiveObjectENS_4lessIS4_EENS_9allocatorIS4_EEEENS7_IS9_EEE21__push_back_slow_pathIRKS9_EEvOT_	__push_back_slow_path<std::__ndk1::set<WaterConcept::InteractiveObject*,std::__ndk1::less<WaterConcept::InteractiveObject*>,std::__ndk1::allocator<WaterConcept::InteractiveObject*>>const&>
0x4cc564	.text	_ZNSt6__ndk16__treeIPN12WaterConcept17InteractiveObjectENS_4lessIS3_EENS_9allocatorIS3_EEE30__emplace_hint_unique_key_argsIS3_JRKS3_EEENS_15__tree_iteratorIS3_PNS_11__tree_nodeIS3_PvEElEENS_21__tree_const_iteratorIS3_SG_lEERKT_DpOT0_	__emplace_hint_unique_key_args<WaterConcept::InteractiveObject*,WaterConcept::InteractiveObject*const&>
0x4cc604	.text	_ZNSt6__ndk16__treeIPN12WaterConcept17InteractiveObjectENS_4lessIS3_EENS_9allocatorIS3_EEE12__find_equalIS3_EERPNS_16__tree_node_baseIPvEENS_21__tree_const_iteratorIS3_PNS_11__tree_nodeIS3_SB_EElEERPNS_15__tree_end_nodeISD_EESE_RKT_	__find_equal<WaterConcept::InteractiveObject*>
0x4cc72c	.text	_ZNSt6__ndk114__split_bufferINS_3setIPN12WaterConcept17InteractiveObjectENS_4lessIS4_EENS_9allocatorIS4_EEEERNS7_IS9_EEEC2EmmSB_	
0x4cc7f0	.text	_ZNSt6__ndk16vectorINS_3setIPN12WaterConcept17InteractiveObjectENS_4lessIS4_EENS_9allocatorIS4_EEEENS7_IS9_EEE26__swap_out_circular_bufferERNS_14__split_bufferIS9_RSA_EE	
0x4cc894	.text	_ZNSt6__ndk114__split_bufferINS_3setIPN12WaterConcept17InteractiveObjectENS_4lessIS4_EENS_9allocatorIS4_EEEERNS7_IS9_EEED2Ev	
0x4cc8e8	.text	_ZNSt6__ndk16__treeINS_12__value_typeIPN12WaterConcept17InteractiveObjectENS2_13Screen_Editor15SelectedObjDataEEENS_19__map_value_compareIS4_S7_NS_4lessIS4_EELb1EEENS_9allocatorIS7_EEE25__emplace_unique_key_argsIS4_JRKNS_21piecewise_construct_tENS_5tupleIJRKS4_EEENSJ_IJEEEEEENS_4pairINS_15__tree_iteratorIS7_PNS_11__tree_nodeIS7_PvEElEEbEERKT_DpOT0_	__emplace_unique_key_args<WaterConcept::InteractiveObject*,std::__ndk1::piecewise_construct_t_const&,std::__ndk1::tuple<WaterConcept::InteractiveObject*const&>,std::__ndk1::tuple<>>
0x4cc9c0	.text	_ZNSt6__ndk16__treeINS_12__value_typeIPN12WaterConcept17InteractiveObjectENS2_13Screen_Editor15SelectedObjDataEEENS_19__map_value_compareIS4_S7_NS_4lessIS4_EELb1EEENS_9allocatorIS7_EEE16__insert_node_atEPNS_15__tree_end_nodeIPNS_16__tree_node_baseIPvEEEERSJ_SJ_	
0x4cca14	.text	_ZNSt6__ndk16vectorIN12WaterConcept5World20WorldSpoutConnectionENS_9allocatorIS3_EEE13__vdeallocateEv	
0x4cca88	.text	_ZNSt6__ndk16__treeINS_12basic_stringIcNS_11char_traitsIcEENS_9allocatorIcEEEENS_4lessIS6_EENS4_IS6_EEE13__move_assignERSA_NS_17integral_constantIbLb1EEE	
0x4ccaf4	.text	_ZNSt6__ndk16vectorIN12WaterConcept13Screen_Editor10ObjectDataENS_9allocatorIS3_EEE12__move_rangeEPS3_S7_S7_	
0x4ccc48	.text	_ZNSt6__ndk16vectorIN12WaterConcept13Screen_Editor10ObjectDataENS_9allocatorIS3_EEE26__swap_out_circular_bufferERNS_14__split_bufferIS3_RS5_EEPS3_	
0x4ccd28	.text	_ZN12WaterConcept13Screen_Editor10ObjectDataC2EOS1_	
0x4ccf38	.text	_ZNSt6__ndk16vectorIN12WaterConcept5World20WorldSpoutConnectionENS_9allocatorIS3_EEE6assignIPS3_EENS_9enable_ifIXaasr21__is_forward_iteratorIT_EE5valuesr16is_constructibleIS3_NS_15iterator_traitsISA_E9referenceEEE5valueEvE4typeESA_SA_	assign<WaterConcept::World::WorldSpoutConnection*>
0x4cd0d4	.text	_ZNSt6__ndk16__treeINS_12basic_stringIcNS_11char_traitsIcEENS_9allocatorIcEEEENS_4lessIS6_EENS4_IS6_EEE14__assign_multiINS_21__tree_const_iteratorIS6_PNS_11__tree_nodeIS6_PvEElEEEEvT_SI_	__assign_multi<std::__ndk1::__tree_const_iterator<std::__ndk1::basic_string<char,std::__ndk1::char_traits<char>,std::__ndk1::allocator<char>>,std::__ndk1::__tree_node<std::__ndk1::basic_string<char,std::__ndk1::char_traits<char>,std::__ndk1::allocator<char>>,void*>*,long>>
0x4cd2d0	.text	_ZNSt6__ndk16__treeINS_12basic_stringIcNS_11char_traitsIcEENS_9allocatorIcEEEENS_4lessIS6_EENS4_IS6_EEE8__detachEPNS_11__tree_nodeIS6_PvEE	
0x4cd32c	.text	_ZNSt6__ndk16__treeINS_12basic_stringIcNS_11char_traitsIcEENS_9allocatorIcEEEENS_4lessIS6_EENS4_IS6_EEE16__find_leaf_highERPNS_15__tree_end_nodeIPNS_16__tree_node_baseIPvEEEERKS6_	
0x4cd400	.text	_ZNSt6__ndk16__treeINS_12basic_stringIcNS_11char_traitsIcEENS_9allocatorIcEEEENS_4lessIS6_EENS4_IS6_EEE15__emplace_multiIJRKS6_EEENS_15__tree_iteratorIS6_PNS_11__tree_nodeIS6_PvEElEEDpOT_	__emplace_multi<std::__ndk1::basic_string<char,std::__ndk1::char_traits<char>,std::__ndk1::allocator<char>>const&>
0x4cd474	.text	_ZNSt6__ndk16vectorIPN12WaterConcept17InteractiveObjectENS_9allocatorIS3_EEE26__swap_out_circular_bufferERNS_14__split_bufferIS3_RS5_EEPS3_	
0x4cd530	.text	_ZNSt6__ndk16__treeINS_12basic_stringIcNS_11char_traitsIcEENS_9allocatorIcEEEENS_4lessIS6_EENS4_IS6_EEE14__erase_uniqueIS6_EEmRKT_	__erase_unique<std::__ndk1::basic_string<char,std::__ndk1::char_traits<char>,std::__ndk1::allocator<char>>>
0x4cd574	.text	_ZNSt6__ndk16__treeINS_12basic_stringIcNS_11char_traitsIcEENS_9allocatorIcEEEENS_4lessIS6_EENS4_IS6_EEE5eraseENS_21__tree_const_iteratorIS6_PNS_11__tree_nodeIS6_PvEElEE	
0x4cd618	.text	_ZNSt6__ndk16__treeIPN12WaterConcept17InteractiveObjectENS_4lessIS3_EENS_9allocatorIS3_EEE14__erase_uniqueIS3_EEmRKT_	__erase_unique<WaterConcept::InteractiveObject*>
0x4cd678	.text	_ZNSt6__ndk16__treeIPN12WaterConcept17InteractiveObjectENS_4lessIS3_EENS_9allocatorIS3_EEE5eraseENS_21__tree_const_iteratorIS3_PNS_11__tree_nodeIS3_PvEElEE	
0x4cd70c	.text	_ZNSt6__ndk16__treeIPN12WaterConcept17InteractiveObjectENS_4lessIS3_EENS_9allocatorIS3_EEE13__move_assignERS8_NS_17integral_constantIbLb1EEE	
0x4cd778	.text	_ZNSt6__ndk16vectorIN12WaterConcept5World20WorldSpoutConnectionENS_9allocatorIS3_EEE12__move_rangeEPS3_S7_S7_	
0x4cd874	.text	_ZNSt6__ndk16vectorIN12WaterConcept5World20WorldSpoutConnectionENS_9allocatorIS3_EEE26__swap_out_circular_bufferERNS_14__split_bufferIS3_RS5_EEPS3_	
0x4cd94c	.text	_ZNSt6__ndk16__treeINS_12__value_typeIPN12WaterConcept17InteractiveObjectENS2_13Screen_Editor15SelectedObjDataEEENS_19__map_value_compareIS4_S7_NS_4lessIS4_EELb1EEENS_9allocatorIS7_EEE14__erase_uniqueIS4_EEmRKT_	__erase_unique<WaterConcept::InteractiveObject*>
0x4cd9ac	.text	_ZNSt6__ndk16__treeINS_12__value_typeIPN12WaterConcept17InteractiveObjectENS2_13Screen_Editor15SelectedObjDataEEENS_19__map_value_compareIS4_S7_NS_4lessIS4_EELb1EEENS_9allocatorIS7_EEE5eraseENS_21__tree_const_iteratorIS7_PNS_11__tree_nodeIS7_PvEElEE	
0x4cda40	.text	_ZN12WaterConcept25Screen_EditorObjectEditorC1Ev	
0x4cdb28	.text	_ZN12WaterConcept25Screen_EditorObjectEditorD2Ev	
0x4cdbb0	.text	_ZThn144_N12WaterConcept25Screen_EditorObjectEditorD1Ev	
0x4cdbb8	.text	_ZN12WaterConcept25Screen_EditorObjectEditorD0Ev	
0x4cdbdc	.text	_ZThn144_N12WaterConcept25Screen_EditorObjectEditorD0Ev	
0x4cdc04	.text	_ZN12WaterConcept25Screen_EditorObjectEditor16loadPropertyListERKN7Walaber12PropertyListE	
0x4cdf70	.text	_ZN12WaterConcept25Screen_EditorObjectEditor14_gotObjectFileEPv	
0x4ce358	.text	_ZN7Walaber9SharedPtrINS_14MemberCallbackIN12WaterConcept25Screen_EditorObjectEditorEEEED2Ev	
0x4ce3b0	.text	_ZN12WaterConcept25Screen_EditorObjectEditor5enterEv	
0x4ce3e8	.text	_ZN12WaterConcept25Screen_EditorObjectEditor8_buildUIEv	
0x4ce4c4	.text	_ZN12WaterConcept25Screen_EditorObjectEditor4exitEv	
0x4ce4f8	.text	_ZN12WaterConcept25Screen_EditorObjectEditor6updateEfb	
0x4ce500	.text	_ZN12WaterConcept25Screen_EditorObjectEditor4drawEi	
0x4ce974	.text	_ZN12WaterConcept25Screen_EditorObjectEditor11handleEventEiRKN7Walaber6Widget15WidgetActionRetEPS2_	
0x4cfd60	.text	_ZNSt6__ndk16vectorIN7Walaber7Vector2ENS_9allocatorIS2_EEE6insertENS_11__wrap_iterIPKS2_EERS7_	
0x4d0028	.text	_ZNSt6__ndk16vectorINS0_IN7Walaber7Vector2ENS_9allocatorIS2_EEEENS3_IS5_EEEC2ERKS7_	
0x4d00c0	.text	_ZN12WaterConcept25Screen_EditorObjectEditor11_toggleSnapEv	
0x4d0248	.text	_ZN12WaterConcept25Screen_EditorObjectEditor14_screenToWorldERKN7Walaber7Vector2E	
0x4d0298	.text	_ZN12WaterConcept25Screen_EditorObjectEditor13_snapPositionERKN7Walaber7Vector2E	
0x4d02f0	.text	_ZN12WaterConcept25Screen_EditorObjectEditor5_saveERKNSt6__ndk112basic_stringIcNS1_11char_traitsIcEENS1_9allocatorIcEEEE	
0x4d0758	.text	_ZThn32_N12WaterConcept25Screen_EditorObjectEditor11handleEventEiRKN7Walaber6Widget15WidgetActionRetEPS2_	
0x4d0760	.text	_ZN12WaterConcept25Screen_EditorObjectEditor9messageRxERKN7Walaber7MessageE	
0x4d0768	.text	_ZThn144_N12WaterConcept25Screen_EditorObjectEditor9messageRxERKN7Walaber7MessageE	
0x4d0770	.text	_ZN12WaterConcept25Screen_EditorObjectEditor23_finishedLoadingWidgetsEPv	
0x4d0774	.text	_ZN12WaterConcept25Screen_EditorObjectEditor14_worldToScreenERKN7Walaber7Vector2E	
0x4d07c8	.text	_ZN12WaterConcept25Screen_EditorObjectEditor14backKeyPressedEv	
0x4d07f8	.text	_ZN7Walaber11XMLDocument13NamedIteratorppEi	
0x4d0864	.text	_ZNSt6__ndk113__vector_baseINS_6vectorINS_4pairINS_12basic_stringIcNS_11char_traitsIcEENS_9allocatorIcEEEES8_EENS6_IS9_EEEENS6_ISB_EEED2Ev	
0x4d08d0	.text	_ZN7Walaber14MemberCallbackIN12WaterConcept25Screen_EditorObjectEditorEED0Ev	
0x4d08d4	.text	_ZN7Walaber14MemberCallbackIN12WaterConcept25Screen_EditorObjectEditorEE6invokeEPv	
0x4d0904	.text	_ZNSt6__ndk16vectorIN7Walaber7Vector2ENS_9allocatorIS2_EEE13__move_assignERS5_NS_17integral_constantIbLb1EEE	
0x4d095c	.text	_ZNSt6__ndk16vectorIN7Walaber7Vector2ENS_9allocatorIS2_EEE12__move_rangeEPS2_S6_S6_	
0x4d09c8	.text	_ZNSt6__ndk16vectorIN7Walaber7Vector2ENS_9allocatorIS2_EEE26__swap_out_circular_bufferERNS_14__split_bufferIS2_RS4_EEPS2_	
0x4d0a84	.text	_ZNSt6__ndk16vectorINS0_IN7Walaber7Vector2ENS_9allocatorIS2_EEEENS3_IS5_EEE11__vallocateEm	
0x4d0ad4	.text	_ZNSt6__ndk16__treeIiNS_4lessIiEENS_9allocatorIiEEE25__emplace_unique_key_argsIiJRKiEEENS_4pairINS_15__tree_iteratorIiPNS_11__tree_nodeIiPvEElEEbEERKT_DpOT0_	
0x4d0ba0	.text	_ZNSt6__ndk16__treeIiNS_4lessIiEENS_9allocatorIiEEE5eraseENS_21__tree_const_iteratorIiPNS_11__tree_nodeIiPvEElEE	
0x4d0c34	.text	_ZNSt6__ndk113__vector_baseINS_4pairINS_12basic_stringIcNS_11char_traitsIcEENS_9allocatorIcEEEES7_EENS5_IS8_EEED2Ev	
0x4d0cbc	.text	_ZNSt6__ndk16vectorINS_4pairINS_12basic_stringIcNS_11char_traitsIcEENS_9allocatorIcEEEES7_EENS5_IS8_EEE21__push_back_slow_pathIS8_EEvOT_	__push_back_slow_path<std::__ndk1::pair<std::__ndk1::basic_string<char,std::__ndk1::char_traits<char>,std::__ndk1::allocator<char>>,std::__ndk1::basic_string<char,std::__ndk1::char_traits<char>,std::__ndk1::allocator<char>>>>
0x4d0de8	.text	_ZNSt6__ndk114__split_bufferINS_4pairINS_12basic_stringIcNS_11char_traitsIcEENS_9allocatorIcEEEES7_EERNS5_IS8_EEEC2EmmSA_	
0x4d0eac	.text	_ZNSt6__ndk16vectorINS_4pairINS_12basic_stringIcNS_11char_traitsIcEENS_9allocatorIcEEEES7_EENS5_IS8_EEE26__swap_out_circular_bufferERNS_14__split_bufferIS8_RS9_EE	
0x4d0f44	.text	_ZNSt6__ndk114__split_bufferINS_4pairINS_12basic_stringIcNS_11char_traitsIcEENS_9allocatorIcEEEES7_EERNS5_IS8_EEED2Ev	
0x4d0fbc	.text	_ZNSt6__ndk16vectorINS0_INS_4pairINS_12basic_stringIcNS_11char_traitsIcEENS_9allocatorIcEEEES7_EENS5_IS8_EEEENS5_ISA_EEE21__push_back_slow_pathIRKSA_EEvOT_	__push_back_slow_path<std::__ndk1::vector<std::__ndk1::pair<std::__ndk1::basic_string<char,std::__ndk1::char_traits<char>,std::__ndk1::allocator<char>>,std::__ndk1::basic_string<char,std::__ndk1::char_traits<char>,std::__ndk1::allocator<char>>>,std::__ndk1::allocator<std::__ndk1::pair<std::__ndk1::basic_string<char,std::__ndk1::char_traits<char>,std::__ndk1::allocator<char>>,std::__ndk1::basic_string<char,std::__ndk1::char_traits<char>,std::__ndk1::allocator<char>>>>>const&>
0x4d10c0	.text	_ZNSt6__ndk16vectorINS_4pairINS_12basic_stringIcNS_11char_traitsIcEENS_9allocatorIcEEEES7_EENS5_IS8_EEEC2ERKSA_	
0x4d1158	.text	_ZNSt6__ndk16vectorINS_4pairINS_12basic_stringIcNS_11char_traitsIcEENS_9allocatorIcEEEES7_EENS5_IS8_EEE11__vallocateEm	
0x4d11a8	.text	_ZNSt6__ndk14pairINS_12basic_stringIcNS_11char_traitsIcEENS_9allocatorIcEEEES6_EC2ERKS7_	
0x4d11f4	.text	_ZNSt6__ndk114__split_bufferINS_6vectorINS_4pairINS_12basic_stringIcNS_11char_traitsIcEENS_9allocatorIcEEEES8_EENS6_IS9_EEEERNS6_ISB_EEEC2EmmSD_	
0x4d12b8	.text	_ZNSt6__ndk16vectorINS0_INS_4pairINS_12basic_stringIcNS_11char_traitsIcEENS_9allocatorIcEEEES7_EENS5_IS8_EEEENS5_ISA_EEE26__swap_out_circular_bufferERNS_14__split_bufferISA_RSB_EE	
0x4d133c	.text	_ZNSt6__ndk114__split_bufferINS_6vectorINS_4pairINS_12basic_stringIcNS_11char_traitsIcEENS_9allocatorIcEEEES8_EENS6_IS9_EEEERNS6_ISB_EEED2Ev	
0x4d138c	.text	_ZN12WaterConcept25Screen_EditorObjectSelectC2Ev	
0x4d1414	.text	_ZN12WaterConcept25Screen_EditorObjectSelectD1Ev	
0x4d146c	.text	_ZThn144_N12WaterConcept25Screen_EditorObjectSelectD1Ev	
0x4d1474	.text	_ZN12WaterConcept25Screen_EditorObjectSelectD0Ev	
0x4d1498	.text	_ZThn144_N12WaterConcept25Screen_EditorObjectSelectD0Ev	
0x4d14c0	.text	_ZN12WaterConcept25Screen_EditorObjectSelect16loadPropertyListERKN7Walaber12PropertyListE	
0x4d14c4	.text	_ZN12WaterConcept25Screen_EditorObjectSelect5enterEv	
0x4d16f8	.text	_ZN12WaterConcept25Screen_EditorObjectSelect8_buildUIEv	
0x4d17d4	.text	_ZN12WaterConcept25Screen_EditorObjectSelect4exitEv	
0x4d1884	.text	_ZN12WaterConcept25Screen_EditorObjectSelect6updateEfb	
0x4d18d0	.text	_ZN12WaterConcept25Screen_EditorObjectSelect4drawEi	
0x4d1c44	.text	_ZN12WaterConcept25Screen_EditorObjectSelect11handleEventEiRKN7Walaber6Widget15WidgetActionRetEPS2_	
0x4d1e04	.text	_ZN12WaterConcept25Screen_EditorObjectSelect14_screenToWorldERKN7Walaber7Vector2E	
0x4d1e50	.text	_ZThn32_N12WaterConcept25Screen_EditorObjectSelect11handleEventEiRKN7Walaber6Widget15WidgetActionRetEPS2_	
0x4d1e58	.text	_ZN12WaterConcept25Screen_EditorObjectSelect9messageRxERKN7Walaber7MessageE	
0x4d40c4	.text	_ZThn144_N12WaterConcept25Screen_EditorObjectSelect9messageRxERKN7Walaber7MessageE	
0x4d40cc	.text	_ZN12WaterConcept25Screen_EditorObjectSelect9touchDownEiN7Walaber7Vector2E	
0x4d4130	.text	_ZN12WaterConcept25Screen_EditorObjectSelect10touchMovedEiN7Walaber7Vector2ES2_	
0x4d418c	.text	_ZN12WaterConcept25Screen_EditorObjectSelect7touchUpEiN7Walaber7Vector2E	
0x4d41e0	.text	_ZN12WaterConcept25Screen_EditorObjectSelect23_finishedLoadingWidgetsEPv	
0x4d41e4	.text	_ZN12WaterConcept25Screen_EditorObjectSelect14_worldToScreenERKN7Walaber7Vector2E	
0x4d4234	.text	_ZN12WaterConcept25Screen_EditorObjectSelect14backKeyPressedEv	
0x4d4264	.text	_ZN12WaterConcept18Screen_FoodPyramidC2Ev	
0x4d42fc	.text	_ZN12WaterConcept18Screen_FoodPyramidD1Ev	
0x4d436c	.text	_ZThn144_N12WaterConcept18Screen_FoodPyramidD1Ev	
0x4d4374	.text	_ZN12WaterConcept18Screen_FoodPyramidD0Ev	
0x4d4398	.text	_ZThn144_N12WaterConcept18Screen_FoodPyramidD0Ev	
0x4d43c0	.text	_ZN12WaterConcept18Screen_FoodPyramid16loadPropertyListERKN7Walaber12PropertyListE	
0x4d44d4	.text	_ZN12WaterConcept18Screen_FoodPyramid5enterEv	
0x4d4c14	.text	_ZN12WaterConcept18Screen_FoodPyramid8_buildUIEv	
0x4d4d90	.text	_ZN12WaterConcept18Screen_FoodPyramid18_curveLoadCallbackEPv	
0x4d4df4	.text	_ZN7Walaber9SharedPtrINS_14MemberCallbackIN12WaterConcept18Screen_FoodPyramidEEEED2Ev	
0x4d4e4c	.text	_ZN12WaterConcept18Screen_FoodPyramid4exitEv	
0x4d4e50	.text	_ZN12WaterConcept18Screen_FoodPyramid23_finishedLoadingWidgetsEPv	
0x4d73d0	.text	_ZN12WaterConcept18Screen_FoodPyramid6updateEfb	
0x4d7594	.text	_ZN12WaterConcept18Screen_FoodPyramid4drawEi	
0x4d7634	.text	_ZN12WaterConcept18Screen_FoodPyramid11handleEventEiRKN7Walaber6Widget15WidgetActionRetEPS2_	
0x4d8244	.text	_ZThn32_N12WaterConcept18Screen_FoodPyramid11handleEventEiRKN7Walaber6Widget15WidgetActionRetEPS2_	
0x4d824c	.text	_ZN12WaterConcept18Screen_FoodPyramid14backKeyPressedEv	
0x4d8354	.text	_ZN12WaterConcept18Screen_FoodPyramid9messageRxERKN7Walaber7MessageE	
0x4d8670	.text	_ZThn144_N12WaterConcept18Screen_FoodPyramid9messageRxERKN7Walaber7MessageE	
0x4d868c	.text	_ZN12WaterConcept18Screen_FoodPyramid11regainedTopEv	
0x4d8694	.text	_ZN7Walaber14MemberCallbackIN12WaterConcept18Screen_FoodPyramidEED0Ev	
0x4d8698	.text	_ZN7Walaber14MemberCallbackIN12WaterConcept18Screen_FoodPyramidEE6invokeEPv	
0x4d86c8	.text	_ZNSt6__ndk16__treeINS_12__value_typeIiNS_12basic_stringIcNS_11char_traitsIcEENS_9allocatorIcEEEEEENS_19__map_value_compareIiS8_NS_4lessIiEELb1EEENS5_IS8_EEE25__emplace_unique_key_argsIiJRKNS_21piecewise_construct_tENS_5tupleIJRKiEEENSJ_IJEEEEEENS_4pairINS_15__tree_iteratorIS8_PNS_11__tree_nodeIS8_PvEElEEbEERKT_DpOT0_	__emplace_unique_key_args<int,std::__ndk1::piecewise_construct_t_const&,std::__ndk1::tuple<int_const&>,std::__ndk1::tuple<>>
0x4d87a0	.text	_ZN12WaterConcept22Screen_FullScreenAlertC1Ev	
0x4d8878	.text	_ZN12WaterConcept22Screen_FullScreenAlertD2Ev	
0x4d8908	.text	_ZN12WaterConcept22Screen_FullScreenAlertD0Ev	
0x4d892c	.text	_ZN12WaterConcept22Screen_FullScreenAlert5enterEv	
0x4d8ac8	.text	_ZN12WaterConcept22Screen_FullScreenAlert18_curveLoadCallbackEPv	
0x4d8b34	.text	_ZN7Walaber9SharedPtrINS_14MemberCallbackIN12WaterConcept22Screen_FullScreenAlertEEEED2Ev	
0x4d8b8c	.text	_ZN12WaterConcept22Screen_FullScreenAlert4exitEv	
0x4d8b90	.text	_ZN12WaterConcept22Screen_FullScreenAlert16loadPropertyListERKN7Walaber12PropertyListE	
0x4d91a0	.text	_ZN12WaterConcept22Screen_FullScreenAlert11regainedTopEv	
0x4d91a4	.text	_ZN12WaterConcept22Screen_FullScreenAlert6updateEfb	
0x4d9538	.text	_ZN12WaterConcept22Screen_FullScreenAlert4drawEi	
0x4d95cc	.text	_ZN12WaterConcept22Screen_FullScreenAlert11handleEventEiRKN7Walaber6Widget15WidgetActionRetEPS2_	
0x4d95e4	.text	_ZThn32_N12WaterConcept22Screen_FullScreenAlert11handleEventEiRKN7Walaber6Widget15WidgetActionRetEPS2_	
0x4d9600	.text	_ZN12WaterConcept22Screen_FullScreenAlert23_finishedLoadingWidgetsEPv	
0x4da010	.text	_ZN7Walaber12Widget_Label29setTextEdgePaddingPercentSizeEffff	
0x4da0f0	.text	_ZN12WaterConcept22Screen_FullScreenAlert8_buildUIEv	
0x4da26c	.text	_ZN12WaterConcept22Screen_FullScreenAlert14backKeyPressedEv	
0x4da290	.text	_ZN7Walaber14MemberCallbackIN12WaterConcept22Screen_FullScreenAlertEED0Ev	
0x4da294	.text	_ZN7Walaber14MemberCallbackIN12WaterConcept22Screen_FullScreenAlertEE6invokeEPv	
0x4da2c4	.text	_ZN12WaterConcept21Screen_GameTransitionC1Ev	
0x4da32c	.text	_ZN12WaterConcept21Screen_GameTransitionD2Ev	
0x4da354	.text	_ZThn144_N12WaterConcept21Screen_GameTransitionD1Ev	
0x4da378	.text	_ZN12WaterConcept21Screen_GameTransitionD0Ev	
0x4da3a8	.text	_ZThn144_N12WaterConcept21Screen_GameTransitionD0Ev	
0x4da3d4	.text	_ZN12WaterConcept21Screen_GameTransition16loadPropertyListERKN7Walaber12PropertyListE	
0x4da4f4	.text	_ZN12WaterConcept21Screen_GameTransition5enterEv	
0x4da7ac	.text	_ZN12WaterConcept21Screen_GameTransition8_buildUIEv	
0x4da928	.text	_ZN12WaterConcept21Screen_GameTransition6updateEfb	
0x4dab68	.text	_ZN12WaterConcept21Screen_GameTransition4drawEi	
0x4dac10	.text	_ZN12WaterConcept21Screen_GameTransition11handleEventEiRKN7Walaber6Widget15WidgetActionRetEPS2_	
0x4dac14	.text	_ZThn32_N12WaterConcept21Screen_GameTransition11handleEventEiRKN7Walaber6Widget15WidgetActionRetEPS2_	
0x4dac18	.text	_ZN12WaterConcept21Screen_GameTransition9messageRxERKN7Walaber7MessageE	
0x4dac20	.text	_ZThn144_N12WaterConcept21Screen_GameTransition9messageRxERKN7Walaber7MessageE	
0x4dac28	.text	_ZN12WaterConcept21Screen_GameTransition23_finishedLoadingWidgetsEPv	
0x4dac44	.text	_ZN7Walaber9SharedPtrINS_14MemberCallbackIN12WaterConcept21Screen_GameTransitionEEEED2Ev	
0x4dac9c	.text	_ZN12WaterConcept21Screen_GameTransition4exitEv	
0x4daca0	.text	_ZN12WaterConcept21Screen_GameTransition14backKeyPressedEv	
0x4daca4	.text	_ZN12WaterConcept21Screen_GameTransition11regainedTopEv	
0x4daca8	.text	_ZN7Walaber14MemberCallbackIN12WaterConcept21Screen_GameTransitionEED0Ev	
0x4dacac	.text	_ZN7Walaber14MemberCallbackIN12WaterConcept21Screen_GameTransitionEE6invokeEPv	
0x4dacdc	.text	_ZN12WaterConcept29Screen_GraphicsContextRestoreC2Ev	
0x4dad20	.text	_ZN12WaterConcept29Screen_GraphicsContextRestoreD2Ev	
0x4dad24	.text	_ZN12WaterConcept29Screen_GraphicsContextRestoreD0Ev	
0x4dad48	.text	_ZN12WaterConcept29Screen_GraphicsContextRestore16loadPropertyListERKN7Walaber12PropertyListE	
0x4dad4c	.text	_ZN12WaterConcept29Screen_GraphicsContextRestore5enterEv	
0x4dad8c	.text	_ZN12WaterConcept29Screen_GraphicsContextRestore8_buildUIEv	
0x4db714	.text	_ZN12WaterConcept29Screen_GraphicsContextRestore4exitEv	
0x4db728	.text	_ZN12WaterConcept29Screen_GraphicsContextRestore23recreateGraphicsContextEv	
0x4db734	.text	_ZN12WaterConcept29Screen_GraphicsContextRestore6updateEfb	
0x4db904	.text	_ZN12WaterConcept29Screen_GraphicsContextRestore4drawEi	
0x4db9f8	.text	_ZN12WaterConcept29Screen_GraphicsContextRestore11handleEventEiRKN7Walaber6Widget15WidgetActionRetEPS2_	
0x4db9fc	.text	_ZThn32_N12WaterConcept29Screen_GraphicsContextRestore11handleEventEiRKN7Walaber6Widget15WidgetActionRetEPS2_	
0x4dba00	.text	_ZN12WaterConcept29Screen_GraphicsContextRestore9touchDownEiN7Walaber7Vector2E	
0x4dba54	.text	_ZN12WaterConcept29Screen_GraphicsContextRestore10touchMovedEiN7Walaber7Vector2ES2_	
0x4dbab0	.text	_ZN12WaterConcept29Screen_GraphicsContextRestore7touchUpEiN7Walaber7Vector2E	
0x4dbb04	.text	_ZN7Walaber9Utilities10create_mapIN12WaterConcept10Screen_Hub9HubActionENS3_10WidgetNameEEC2ERKS4_RKS5_	
0x4dbb98	.text	_ZN7Walaber9Utilities10create_mapIN12WaterConcept10Screen_Hub9HubActionENS3_10WidgetNameEEcvNSt6__ndk13mapIS4_S5_NS7_4lessIS4_EENS7_9allocatorINS7_4pairIKS4_S5_EEEEEEEv	
0x4dbc5c	.text	_ZNSt6__ndk13mapIN12WaterConcept10Screen_Hub9HubActionENS2_10WidgetNameENS_4lessIS3_EENS_9allocatorINS_4pairIKS3_S4_EEEEED2Ev	
0x4dbc64	.text	_ZN12WaterConcept10Screen_HubC1Ev	
0x4dbd24	.text	_ZN12WaterConcept10Screen_HubD2Ev	
0x4dbdb0	.text	_ZThn144_N12WaterConcept10Screen_HubD1Ev	
0x4dbdb8	.text	_ZN12WaterConcept10Screen_HubD0Ev	
0x4dbddc	.text	_ZThn144_N12WaterConcept10Screen_HubD0Ev	
0x4dbe04	.text	_ZN12WaterConcept10Screen_Hub16loadPropertyListERKN7Walaber12PropertyListE	
0x4dbf60	.text	_ZN12WaterConcept10Screen_Hub5enterEv	
0x4dcca0	.text	_ZN12WaterConcept10Screen_Hub8_buildUIEv	
0x4dce0c	.text	_ZN12WaterConcept10Screen_Hub4exitEv	
0x4dce10	.text	_ZN12WaterConcept10Screen_Hub6updateEfb	
0x4dd2ac	.text	_ZN12WaterConcept10Screen_Hub4drawEi	
0x4dd410	.text	_ZN12WaterConcept10Screen_Hub11handleEventEiRKN7Walaber6Widget15WidgetActionRetEPS2_	
0x4df340	.text	_ZThn32_N12WaterConcept10Screen_Hub11handleEventEiRKN7Walaber6Widget15WidgetActionRetEPS2_	
0x4df348	.text	_ZN12WaterConcept10Screen_Hub9messageRxERKN7Walaber7MessageE	
0x4dfc5c	.text	_ZThn144_N12WaterConcept10Screen_Hub9messageRxERKN7Walaber7MessageE	
0x4dfc64	.text	_ZN12WaterConcept10Screen_Hub19pushPerryDemoScreenEv	
0x4dfd38	.text	_ZN12WaterConcept10Screen_Hub23_finishedLoadingWidgetsEPv	
0x4e3258	.text	_ZN7Walaber9SharedPtrINS_14MemberCallbackIN12WaterConcept10Screen_HubEEEED2Ev	
0x4e32b0	.text	_ZN12WaterConcept10Screen_Hub10ButtonInfoC2EiRKNSt6__ndk112basic_stringIcNS2_11char_traitsIcEENS2_9allocatorIcEEEES8_	
0x4e3318	.text	_ZN12WaterConcept10Screen_Hub19_copyAndFormatLabelEiiiRKN7Walaber7Vector2ERKNSt6__ndk112basic_stringIcNS5_11char_traitsIcEENS5_9allocatorIcEEEESD_bbb	
0x4e3688	.text	_ZN12WaterConcept10Screen_Hub20_copyAndFormatButtonEiiiRKN7Walaber7Vector2ERKNSt6__ndk112basic_stringIcNS5_11char_traitsIcEENS5_9allocatorIcEEEESD_SD_bb	
0x4e3b04	.text	_ZN12WaterConcept10Screen_Hub16_wrapTextInLabelEPN7Walaber12Widget_LabelE	
0x4e3d0c	.text	_ZN12WaterConcept10Screen_Hub14backKeyPressedEv	
0x4e3dec	.text	_ZNSt6__ndk16__treeINS_12__value_typeIN12WaterConcept10Screen_Hub9HubActionENS3_10WidgetNameEEENS_19__map_value_compareIS4_S6_NS_4lessIS4_EELb1EEENS_9allocatorIS6_EEE7destroyEPNS_11__tree_nodeIS6_PvEE	
0x4e3e2c	.text	_ZNSt6__ndk16__treeIPN7Walaber6WidgetENS_4lessIS3_EENS_9allocatorIS3_EEE7destroyEPNS_11__tree_nodeIS3_PvEE	
0x4e3e6c	.text	_ZNSt6__ndk16__treeINS_12__value_typeIiN12WaterConcept10Screen_Hub10ButtonInfoEEENS_19__map_value_compareIiS5_NS_4lessIiEELb1EEENS_9allocatorIS5_EEE7destroyEPNS_11__tree_nodeIS5_PvEE	
0x4e3ecc	.text	_ZNSt6__ndk16__treeINS_12__value_typeIN12WaterConcept10Screen_Hub9HubActionENS3_10WidgetNameEEENS_19__map_value_compareIS4_S6_NS_4lessIS4_EELb1EEENS_9allocatorIS6_EEE25__emplace_unique_key_argsIS4_JRKNS_21piecewise_construct_tENS_5tupleIJRKS4_EEENSI_IJEEEEEENS_4pairINS_15__tree_iteratorIS6_PNS_11__tree_nodeIS6_PvEElEEbEERKT_DpOT0_	__emplace_unique_key_args<WaterConcept::Screen_Hub::HubAction,std::__ndk1::piecewise_construct_t_const&,std::__ndk1::tuple<WaterConcept::Screen_Hub::HubAction_const&>,std::__ndk1::tuple<>>
0x4e3f9c	.text	_ZNSt6__ndk16__treeINS_12__value_typeIN12WaterConcept10Screen_Hub9HubActionENS3_10WidgetNameEEENS_19__map_value_compareIS4_S6_NS_4lessIS4_EELb1EEENS_9allocatorIS6_EEE12__find_equalIS4_EERPNS_16__tree_node_baseIPvEERPNS_15__tree_end_nodeISI_EERKT_	__find_equal<WaterConcept::Screen_Hub::HubAction>
0x4e4004	.text	_ZNSt6__ndk16__treeINS_12__value_typeIN12WaterConcept10Screen_Hub9HubActionENS3_10WidgetNameEEENS_19__map_value_compareIS4_S6_NS_4lessIS4_EELb1EEENS_9allocatorIS6_EEE16__insert_node_atEPNS_15__tree_end_nodeIPNS_16__tree_node_baseIPvEEEERSI_SI_	
0x4e4058	.text	_ZNSt6__ndk16__treeINS_12__value_typeIN12WaterConcept10Screen_Hub9HubActionENS3_10WidgetNameEEENS_19__map_value_compareIS4_S6_NS_4lessIS4_EELb1EEENS_9allocatorIS6_EEE30__emplace_hint_unique_key_argsIS4_JRKNS_4pairIKS4_S5_EEEEENS_15__tree_iteratorIS6_PNS_11__tree_nodeIS6_PvEElEENS_21__tree_const_iteratorIS6_SO_lEERKT_DpOT0_	__emplace_hint_unique_key_args<WaterConcept::Screen_Hub::HubAction,std::__ndk1::pair<WaterConcept::Screen_Hub::HubAction_const,WaterConcept::Screen_Hub::WidgetName>const&>
0x4e40f8	.text	_ZNSt6__ndk16__treeINS_12__value_typeIN12WaterConcept10Screen_Hub9HubActionENS3_10WidgetNameEEENS_19__map_value_compareIS4_S6_NS_4lessIS4_EELb1EEENS_9allocatorIS6_EEE12__find_equalIS4_EERPNS_16__tree_node_baseIPvEENS_21__tree_const_iteratorIS6_PNS_11__tree_nodeIS6_SG_EElEERPNS_15__tree_end_nodeISI_EESJ_RKT_	__find_equal<WaterConcept::Screen_Hub::HubAction>
0x4e4220	.text	_ZN7Walaber14MemberCallbackIN12WaterConcept10Screen_HubEED0Ev	
0x4e4224	.text	_ZN7Walaber14MemberCallbackIN12WaterConcept10Screen_HubEE6invokeEPv	
0x4e4254	.text	_ZNSt6__ndk16__treeINS_12__value_typeIiN12WaterConcept10Screen_Hub10ButtonInfoEEENS_19__map_value_compareIiS5_NS_4lessIiEELb1EEENS_9allocatorIS5_EEE25__emplace_unique_key_argsIiJRKNS_21piecewise_construct_tENS_5tupleIJRKiEEENSH_IJEEEEEENS_4pairINS_15__tree_iteratorIS5_PNS_11__tree_nodeIS5_PvEElEEbEERKT_DpOT0_	__emplace_unique_key_args<int,std::__ndk1::piecewise_construct_t_const&,std::__ndk1::tuple<int_const&>,std::__ndk1::tuple<>>
0x4e4338	.text	_ZNSt6__ndk16__treeINS_12__value_typeIiN12WaterConcept10Screen_Hub10ButtonInfoEEENS_19__map_value_compareIiS5_NS_4lessIiEELb1EEENS_9allocatorIS5_EEE16__insert_node_atEPNS_15__tree_end_nodeIPNS_16__tree_node_baseIPvEEEERSH_SH_	
0x4e438c	.text	_ZNSt6__ndk16__treeIPN7Walaber6WidgetENS_4lessIS3_EENS_9allocatorIS3_EEE25__emplace_unique_key_argsIS3_JS3_EEENS_4pairINS_15__tree_iteratorIS3_PNS_11__tree_nodeIS3_PvEElEEbEERKT_DpOT0_	__emplace_unique_key_args<Walaber::Widget*,Walaber::Widget*>
0x4e4458	.text	_ZNSt6__ndk16__treeIPN7Walaber6WidgetENS_4lessIS3_EENS_9allocatorIS3_EEE16__insert_node_atEPNS_15__tree_end_nodeIPNS_16__tree_node_baseIPvEEEERSD_SD_	
0x4e44ac	.text	_ZN12WaterConcept20Screen_InAppPurchaseC1Ev	
0x4e45e0	.text	_ZN12WaterConcept20Screen_InAppPurchaseD1Ev	
0x4e46f4	.text	_ZThn144_N12WaterConcept20Screen_InAppPurchaseD1Ev	
0x4e46fc	.text	_ZN12WaterConcept20Screen_InAppPurchaseD0Ev	
0x4e4720	.text	_ZThn144_N12WaterConcept20Screen_InAppPurchaseD0Ev	
0x4e4748	.text	_ZN12WaterConcept20Screen_InAppPurchase16loadPropertyListERKN7Walaber12PropertyListE	
0x4e5b44	.text	_ZN12WaterConcept20Screen_InAppPurchase5enterEv	
0x4e5d60	.text	_ZN12WaterConcept20Screen_InAppPurchase18_curveLoadCallbackEPv	
0x4e5dcc	.text	_ZN7Walaber9SharedPtrINS_14MemberCallbackIN12WaterConcept20Screen_InAppPurchaseEEEED2Ev	
0x4e5e24	.text	_ZN12WaterConcept20Screen_InAppPurchase4exitEv	
0x4e5e28	.text	_ZN12WaterConcept20Screen_InAppPurchase6updateEfb	
0x4e6b98	.text	_ZN12WaterConcept20Screen_InAppPurchase16_setAndshowStateENS0_11DialogStateE	
0x4e7318	.text	_ZN12WaterConcept20Screen_InAppPurchase4drawEi	
0x4e73ac	.text	_ZN12WaterConcept20Screen_InAppPurchase9messageRxERKN7Walaber7MessageE	
0x4e9874	.text	_ZN12WaterConcept20Screen_InAppPurchase24updateScreenWithProductsENSt6__ndk16vectorINS0_7productENS1_9allocatorIS3_EEEE	
0x4ea8ec	.text	_ZNSt6__ndk16vectorIN12WaterConcept20Screen_InAppPurchase7productENS_9allocatorIS3_EEEC2ERKS6_	
0x4ea964	.text	_ZN12WaterConcept20Screen_InAppPurchase7dismissEv	
0x4ea98c	.text	_ZN12WaterConcept20Screen_InAppPurchase7productC2ENSt6__ndk112basic_stringIcNS2_11char_traitsIcEENS2_9allocatorIcEEEES8_	
0x4eaa00	.text	_ZThn144_N12WaterConcept20Screen_InAppPurchase9messageRxERKN7Walaber7MessageE	
0x4eaa08	.text	_ZN12WaterConcept20Screen_InAppPurchase11handleEventEiRKN7Walaber6Widget15WidgetActionRetEPS2_	
0x4eb73c	.text	_ZThn32_N12WaterConcept20Screen_InAppPurchase11handleEventEiRKN7Walaber6Widget15WidgetActionRetEPS2_	
0x4eb744	.text	_ZN12WaterConcept20Screen_InAppPurchase8_buildUIEv	
0x4ebb0c	.text	_ZN12WaterConcept20Screen_InAppPurchase23_finishedLoadingWidgetsEPv	
0x4ec6d0	.text	_ZN12WaterConcept20Screen_InAppPurchase19_fileExistsCallbackEPv	
0x4ec83c	.text	_ZN12WaterConcept20Screen_InAppPurchase14backKeyPressedEv	
0x4ec874	.text	_ZNSt6__ndk113__vector_baseIN12WaterConcept20Screen_InAppPurchase7productENS_9allocatorIS3_EEED2Ev	
0x4ec8fc	.text	_ZN7Walaber14MemberCallbackIN12WaterConcept20Screen_InAppPurchaseEED0Ev	
0x4ec900	.text	_ZN7Walaber14MemberCallbackIN12WaterConcept20Screen_InAppPurchaseEE6invokeEPv	
0x4ec930	.text	_ZNSt6__ndk16vectorIN12WaterConcept20Screen_InAppPurchase7productENS_9allocatorIS3_EEE11__vallocateEm	
0x4ec980	.text	_ZNSt6__ndk16vectorIN12WaterConcept20Screen_InAppPurchase7productENS_9allocatorIS3_EEE18__construct_at_endIPS3_EENS_9enable_ifIXsr21__is_forward_iteratorIT_EE5valueEvE4typeESA_SA_m	__construct_at_end<WaterConcept::Screen_InAppPurchase::product*>
0x4eca08	.text	_ZNSt6__ndk16vectorIN12WaterConcept20Screen_InAppPurchase7productENS_9allocatorIS3_EEE21__push_back_slow_pathIRKS3_EEvOT_	__push_back_slow_path<WaterConcept::Screen_InAppPurchase::product_const&>
0x4ecb34	.text	_ZNSt6__ndk114__split_bufferIN12WaterConcept20Screen_InAppPurchase7productERNS_9allocatorIS3_EEEC2EmmS6_	
0x4ecbf8	.text	_ZNSt6__ndk16vectorIN12WaterConcept20Screen_InAppPurchase7productENS_9allocatorIS3_EEE26__swap_out_circular_bufferERNS_14__split_bufferIS3_RS5_EE	
0x4ecc90	.text	_ZNSt6__ndk114__split_bufferIN12WaterConcept20Screen_InAppPurchase7productERNS_9allocatorIS3_EEED2Ev	
0x4ecd08	.text	_ZN12WaterConcept16Screen_LanguagesC1Ev	
0x4eceb4	.text	_ZN12WaterConcept16Screen_LanguagesD2Ev	
0x4ecf10	.text	_ZThn144_N12WaterConcept16Screen_LanguagesD1Ev	
0x4ecf18	.text	_ZN12WaterConcept16Screen_LanguagesD0Ev	
0x4ecf3c	.text	_ZThn144_N12WaterConcept16Screen_LanguagesD0Ev	
0x4ecf64	.text	_ZN12WaterConcept16Screen_Languages5enterEv	
0x4ed240	.text	_ZN12WaterConcept16Screen_Languages8_buildUIEv	
0x4ed3ac	.text	_ZN12WaterConcept16Screen_Languages4exitEv	
0x4ed3b0	.text	_ZN12WaterConcept16Screen_Languages23_finishedLoadingWidgetsEPv	
0x4ed3f4	.text	_ZN7Walaber9SharedPtrINS_14MemberCallbackIN12WaterConcept16Screen_LanguagesEEEED2Ev	
0x4ed44c	.text	_ZN12WaterConcept16Screen_Languages16loadPropertyListERKN7Walaber12PropertyListE	
0x4ed450	.text	_ZN12WaterConcept16Screen_Languages11regainedTopEv	
0x4ed454	.text	_ZN12WaterConcept16Screen_Languages6updateEfb	
0x4ed4e0	.text	_ZN12WaterConcept16Screen_Languages4drawEi	
0x4ed698	.text	_ZN12WaterConcept16Screen_Languages11handleEventEiRKN7Walaber6Widget15WidgetActionRetEPS2_	
0x4ed6e8	.text	_ZN12WaterConcept16Screen_Languages24_handleLanguageButtonTapEi	
0x4edb68	.text	_ZThn32_N12WaterConcept16Screen_Languages11handleEventEiRKN7Walaber6Widget15WidgetActionRetEPS2_	
0x4edb70	.text	_ZN12WaterConcept16Screen_Languages9messageRxERKN7Walaber7MessageE	
0x4edb78	.text	_ZThn144_N12WaterConcept16Screen_Languages9messageRxERKN7Walaber7MessageE	
0x4edb80	.text	_ZN12WaterConcept16Screen_Languages15_setUpLanguagesEv	
0x4ee0cc	.text	_ZN12WaterConcept16Screen_Languages14backKeyPressedEv	
0x4ee220	.text	_ZN12WaterConcept16Screen_Languages26_getTextureNameForLanguageEN7Walaber8LanguageE	
0x4ee3a8	.text	_ZN12WaterConcept16Screen_Languages13consumesInputEv	
0x4ee3b0	.text	_ZN7Walaber14MemberCallbackIN12WaterConcept16Screen_LanguagesEED0Ev	
0x4ee3b4	.text	_ZN7Walaber14MemberCallbackIN12WaterConcept16Screen_LanguagesEE6invokeEPv	
0x4ee3e4	.text	_ZN12WaterConcept18Screen_LevelSelectC2Ev	
0x4eec50	.text	_ZN12WaterConcept18Screen_LevelSelectD2Ev	
0x4eee94	.text	_ZThn144_N12WaterConcept18Screen_LevelSelectD1Ev	
0x4eee9c	.text	_ZN12WaterConcept18Screen_LevelSelectD0Ev	
0x4eeec0	.text	_ZThn144_N12WaterConcept18Screen_LevelSelectD0Ev	
0x4eeee8	.text	_ZN12WaterConcept18Screen_LevelSelect16loadPropertyListERKN7Walaber12PropertyListE	
0x4ef55c	.text	_ZN12WaterConcept18Screen_LevelSelect5enterEv	
0x4f0bc0	.text	_ZN12WaterConcept18Screen_LevelSelect8_buildUIEv	
0x4f0e8c	.text	_ZN12WaterConcept18Screen_LevelSelect4exitEv	
0x4f0e90	.text	_ZN12WaterConcept18Screen_LevelSelect23_finishedLoadingWidgetsEPv	
0x4f36e4	.text	_ZN12WaterConcept18Screen_LevelSelect37_treasureSpriteAnimationEventCallbackEPv	
0x4f383c	.text	_ZN7Walaber9SharedPtrINS_14MemberCallbackIN12WaterConcept18Screen_LevelSelectEEEED2Ev	
0x4f3894	.text	_ZN12WaterConcept18Screen_LevelSelect14_loadLevelListEv	
0x4f82d0	.text	_ZN12WaterConcept18Screen_LevelSelect6updateEfb	
0x4f90d4	.text	_ZN12WaterConcept18Screen_LevelSelect29_playUnlockAnimationForSpriteEi	
0x4f939c	.text	_ZN12WaterConcept18Screen_LevelSelect4drawEi	
0x4f96d8	.text	_ZN12WaterConcept18Screen_LevelSelect9messageRxERKN7Walaber7MessageE	
0x4fb160	.text	_ZThn144_N12WaterConcept18Screen_LevelSelect9messageRxERKN7Walaber7MessageE	
0x4fb168	.text	_ZN12WaterConcept18Screen_LevelSelect11handleEventEiRKN7Walaber6Widget15WidgetActionRetEPS2_	
0x4fe3fc	.text	_ZN12WaterConcept18Screen_LevelSelect29_spriteAnimationEventCallbackEPv	
0x4fe450	.text	_ZThn32_N12WaterConcept18Screen_LevelSelect11handleEventEiRKN7Walaber6Widget15WidgetActionRetEPS2_	
0x4fe458	.text	_ZN12WaterConcept18Screen_LevelSelect27notifyTransitionPhaseChangeEj	
0x4fe46c	.text	_ZN12WaterConcept18Screen_LevelSelect11handleFocusEPN7Walaber6WidgetENS1_10FocusEventE	
0x4fe508	.text	_ZThn32_N12WaterConcept18Screen_LevelSelect11handleFocusEPN7Walaber6WidgetENS1_10FocusEventE	
0x4fe50c	.text	_ZN7Walaber12SoundManager25getLiveTracksInSoundGroupEi	
0x4fe568	.text	_ZN12WaterConcept18Screen_LevelSelect14backKeyPressedEv	
0x4fe64c	.text	_ZN12WaterConcept18Screen_LevelSelect10touchMovedEiN7Walaber7Vector2ES2_	
0x4fe760	.text	_ZNSt6__ndk16__treeINS_12__value_typeIPN7Walaber6SpriteEPNS2_6WidgetEEENS_19__map_value_compareIS4_S7_NS_4lessIS4_EELb1EEENS_9allocatorIS7_EEE7destroyEPNS_11__tree_nodeIS7_PvEE	
0x4fe7a0	.text	_ZN7Walaber14MemberCallbackIN12WaterConcept18Screen_LevelSelectEED0Ev	
0x4fe7a4	.text	_ZN7Walaber14MemberCallbackIN12WaterConcept18Screen_LevelSelectEE6invokeEPv	
0x4fe7d4	.text	_ZNSt6__ndk16vectorIPN12WaterConcept13SeaweedStrandENS_9allocatorIS3_EEE21__push_back_slow_pathIRKS3_EEvOT_	__push_back_slow_path<WaterConcept::SeaweedStrand*const&>
0x4fe8fc	.text	_ZNSt6__ndk114__split_bufferIPN12WaterConcept13SeaweedStrandERNS_9allocatorIS3_EEEC2EmmS6_	
0x4fe9ac	.text	_ZNSt6__ndk16__treeINS_12__value_typeIPN7Walaber6SpriteEPNS2_6WidgetEEENS_19__map_value_compareIS4_S7_NS_4lessIS4_EELb1EEENS_9allocatorIS7_EEE25__emplace_unique_key_argsIS4_JRKNS_21piecewise_construct_tENS_5tupleIJRKS4_EEENSJ_IJEEEEEENS_4pairINS_15__tree_iteratorIS7_PNS_11__tree_nodeIS7_PvEElEEbEERKT_DpOT0_	__emplace_unique_key_args<Walaber::Sprite*,std::__ndk1::piecewise_construct_t_const&,std::__ndk1::tuple<Walaber::Sprite*const&>,std::__ndk1::tuple<>>
0x4fea7c	.text	_ZNSt6__ndk16__treeINS_12__value_typeIPN7Walaber6SpriteEPNS2_6WidgetEEENS_19__map_value_compareIS4_S7_NS_4lessIS4_EELb1EEENS_9allocatorIS7_EEE16__insert_node_atEPNS_15__tree_end_nodeIPNS_16__tree_node_baseIPvEEEERSJ_SJ_	
0x4fead0	.text	_ZNSt6__ndk16vectorIPN7Walaber6SpriteENS_9allocatorIS3_EEE21__push_back_slow_pathIRKS3_EEvOT_	__push_back_slow_path<Walaber::Sprite*const&>
0x4febf8	.text	_ZNSt6__ndk114__split_bufferIPN7Walaber6SpriteERNS_9allocatorIS3_EEEC2EmmS6_	
0x4feca8	.text	_ZN12WaterConcept14Screen_LoadingC1Ev	
0x4fed4c	.text	_ZN12WaterConcept14Screen_LoadingD1Ev	
0x4fedf8	.text	_ZThn144_N12WaterConcept14Screen_LoadingD1Ev	
0x4fee00	.text	_ZN12WaterConcept14Screen_LoadingD0Ev	
0x4fee24	.text	_ZThn144_N12WaterConcept14Screen_LoadingD0Ev	
0x4fee4c	.text	_ZN12WaterConcept14Screen_Loading16loadPropertyListERKN7Walaber12PropertyListE	
0x4fee58	.text	_ZN12WaterConcept14Screen_Loading5enterEv	
0x4ff7fc	.text	_ZN12WaterConcept14Screen_Loading15_updateDatabaseEPv	
0x500548	.text	_ZN12WaterConcept14Screen_Loading12_loadAtlasesEPv	
0x5007b0	.text	_ZN12WaterConcept14Screen_Loading11_loadSwampyEPv	
0x500a84	.text	_ZN12WaterConcept14Screen_Loading12_loadMysteryEPv	
0x500c58	.text	_ZN12WaterConcept14Screen_Loading11_loadCrankyEPv	
0x500e30	.text	_ZN12WaterConcept14Screen_Loading10_loadAllieEPv	
0x500ff0	.text	_ZN12WaterConcept14Screen_Loading17_animationsLoadedEPv	
0x501090	.text	_ZN12WaterConcept14Screen_Loading23_loadAchievementsFromDBEPv	
0x501240	.text	_ZN12WaterConcept14Screen_Loading17_loadAchievementsEPv	
0x502724	.text	_ZN12WaterConcept14Screen_Loading15_updateLanguageEPv	
0x504944	.text	_ZN12WaterConcept14Screen_Loading10_loadFontsEPv	
0x504988	.text	_ZN12WaterConcept14Screen_Loading18_loadFluidTexturesEPv	
0x504a90	.text	_ZN12WaterConcept14Screen_Loading11_loadSoundsEPv	
0x504b68	.text	_ZN12WaterConcept14Screen_Loading13_loadMainMenuEPv	
0x504cc0	.text	_ZN12WaterConcept14Screen_Loading10_loadOutroEPv	
0x504ce8	.text	_ZN12WaterConcept14Screen_Loading21_doPromoAndThemeCheckEv	
0x50528c	.text	_ZN12WaterConcept14Screen_Loading8_buildUIEv	
0x505404	.text	_ZN12WaterConcept14Screen_Loading6updateEfb	
0x505530	.text	_ZN12WaterConcept14Screen_Loading8_goEnterEv	
0x505920	.text	_ZN12WaterConcept14Screen_Loading4drawEi	
0x5059c4	.text	_ZN12WaterConcept14Screen_Loading11handleEventEiRKN7Walaber6Widget15WidgetActionRetEPS2_	
0x5059c8	.text	_ZThn32_N12WaterConcept14Screen_Loading11handleEventEiRKN7Walaber6Widget15WidgetActionRetEPS2_	
0x5059cc	.text	_ZN12WaterConcept14Screen_Loading9messageRxERKN7Walaber7MessageE	
0x505ca8	.text	_ZThn144_N12WaterConcept14Screen_Loading9messageRxERKN7Walaber7MessageE	
0x505cc4	.text	_ZN12WaterConcept14Screen_Loading23_finishedLoadingWidgetsEPv	
0x505d08	.text	_ZN7Walaber9SharedPtrINS_14MemberCallbackIN12WaterConcept14Screen_LoadingEEEED2Ev	
0x505d60	.text	_ZN12WaterConcept14Screen_Loading4exitEv	
0x505d64	.text	_ZN12WaterConcept14Screen_Loading14backKeyPressedEv	
0x5060b8	.text	_ZN12WaterConcept14Screen_Loading11regainedTopEv	
0x5060bc	.text	_ZN12WaterConcept14Screen_Loading12_atlasLoadedEPv	
0x5062f0	.text	_ZN12WaterConcept21NotificationSingleton18clearNotificationsEv	
0x50665c	.text	_ZN12WaterConcept21NotificationSingleton15addNotificationERKNSt6__ndk112basic_stringIcNS1_11char_traitsIcEENS1_9allocatorIcEEEEPNS_12NotificationE	
0x506700	.text	_ZN12WaterConcept12Notification30NotificationTransitionBehavior20calcTransitionLengthEv	
0x506888	.text	_ZN7Walaber9SharedPtrINS_14MemberCallbackIN12WaterConcept21NotificationSingletonEEEED2Ev	
0x5068e0	.text	_ZN12WaterConcept14Screen_Loading20_finishedLoadingMenuEPv	
0x5068f4	.text	_ZNSt6__ndk16__treeINS_12__value_typeINS_12basic_stringIcNS_11char_traitsIcEENS_9allocatorIcEEEEPN12WaterConcept12NotificationEEENS_19__map_value_compareIS7_SB_NS_4lessIS7_EELb1EEENS5_ISB_EEE5eraseENS_21__tree_const_iteratorISB_PNS_11__tree_nodeISB_PvEElEE	
0x506998	.text	_ZNSt6__ndk16vectorIN7Walaber9SharedPtrINS1_8CallbackEEENS_9allocatorIS4_EEE21__push_back_slow_pathIS4_EEvOT_	__push_back_slow_path<Walaber::SharedPtr<Walaber::Callback>>
0x506a94	.text	_ZNSt6__ndk114__split_bufferIN7Walaber9SharedPtrINS1_8CallbackEEERNS_9allocatorIS4_EEEC2EmmS7_	
0x506b44	.text	_ZNSt6__ndk16vectorIN7Walaber9SharedPtrINS1_8CallbackEEENS_9allocatorIS4_EEE26__swap_out_circular_bufferERNS_14__split_bufferIS4_RS6_EE	
0x506bc8	.text	_ZNSt6__ndk114__split_bufferIN7Walaber9SharedPtrINS1_8CallbackEEERNS_9allocatorIS4_EEED2Ev	
0x506c18	.text	_ZN7Walaber14MemberCallbackIN12WaterConcept14Screen_LoadingEED0Ev	
0x506c1c	.text	_ZN7Walaber14MemberCallbackIN12WaterConcept14Screen_LoadingEE6invokeEPv	
0x506c4c	.text	_ZN7Walaber14MemberCallbackIN12WaterConcept21NotificationSingletonEED0Ev	
0x506c50	.text	_ZN7Walaber14MemberCallbackIN12WaterConcept21NotificationSingletonEE6invokeEPv	
0x506c80	.text	_ZN12WaterConcept15Screen_MainMenuC1Ev	
0x5072d4	.text	_ZN12WaterConcept15Screen_MainMenu20_spriteEventCallbackEPv	
0x5072d8	.text	_ZN12WaterConcept15Screen_MainMenu29_spriteAnimationEventCallbackEPv	
0x5072f4	.text	_ZN7Walaber9SharedPtrINS_14MemberCallbackIN12WaterConcept15Screen_MainMenuEEEED2Ev	
0x50734c	.text	_ZN12WaterConcept15Screen_MainMenuD2Ev	
0x507434	.text	_ZThn144_N12WaterConcept15Screen_MainMenuD1Ev	
0x50743c	.text	_ZN12WaterConcept15Screen_MainMenuD0Ev	
0x507460	.text	_ZThn144_N12WaterConcept15Screen_MainMenuD0Ev	
0x507488	.text	_ZN12WaterConcept15Screen_MainMenu16loadPropertyListERKN7Walaber12PropertyListE	
0x507660	.text	_ZN12WaterConcept15Screen_MainMenu5enterEv	
0x508aa0	.text	_ZN12WaterConcept15Screen_MainMenu15_updateDatabaseEPv	
0x509588	.text	_ZN12WaterConcept15Screen_MainMenu12_loadAtlasesEPv	
0x5097f0	.text	_ZN12WaterConcept15Screen_MainMenu11_loadSwampyEPv	
0x509aac	.text	_ZN12WaterConcept15Screen_MainMenu23_loadAchievementsFromDBEPv	
0x509c5c	.text	_ZN12WaterConcept15Screen_MainMenu17_loadAchievementsEPv	
0x50b0a4	.text	_ZN12WaterConcept15Screen_MainMenu10_loadFontsEPv	
0x50b0d8	.text	_ZN12WaterConcept15Screen_MainMenu18_loadFluidTexturesEPv	
0x50b1e0	.text	_ZN12WaterConcept15Screen_MainMenu11_loadSoundsEPv	
0x50b2b8	.text	_ZN12WaterConcept15Screen_MainMenu10_loadOutroEPv	
0x50b2e0	.text	_ZN12WaterConcept15Screen_MainMenu8_goEnterEv	
0x50f0c8	.text	_ZN12WaterConcept15Screen_MainMenu8_buildUIEv	
0x50f23c	.text	_ZN12WaterConcept15Screen_MainMenu20_loadedHolidayLightsEPv	
0x50f3e4	.text	_ZN12WaterConcept15Screen_MainMenu18_curveLoadCallbackEPv	
0x50f448	.text	_ZN12WaterConcept15Screen_MainMenu18_setNumPacksFromDBEv	
0x50f764	.text	_ZN12WaterConcept15Screen_MainMenu4exitEv	
0x50f768	.text	_ZN12WaterConcept15Screen_MainMenu6updateEfb	
0x510648	.text	_ZN12WaterConcept15Screen_MainMenu12_curtainExitEf	
0x51068c	.text	_ZN12WaterConcept15Screen_MainMenu25triggerAccelerometerThemeEv	
0x510a2c	.text	_ZN12WaterConcept15Screen_MainMenu14_updateCurtainEf	
0x510b24	.text	_ZN12WaterConcept15Screen_MainMenu4drawEi	
0x510e2c	.text	_ZN12WaterConcept15Screen_MainMenu11handleEventEiRKN7Walaber6Widget15WidgetActionRetEPS2_	
0x5134b8	.text	_ZThn32_N12WaterConcept15Screen_MainMenu11handleEventEiRKN7Walaber6Widget15WidgetActionRetEPS2_	
0x5134c0	.text	_ZN12WaterConcept15Screen_MainMenu9messageRxERKN7Walaber7MessageE	
0x515448	.text	_ZThn144_N12WaterConcept15Screen_MainMenu9messageRxERKN7Walaber7MessageE	
0x515450	.text	_ZN12WaterConcept15Screen_MainMenu11handleFocusEPN7Walaber6WidgetENS1_10FocusEventE	
0x515534	.text	_ZThn32_N12WaterConcept15Screen_MainMenu11handleFocusEPN7Walaber6WidgetENS1_10FocusEventE	
0x51553c	.text	_ZN12WaterConcept15Screen_MainMenu23_finishedLoadingWidgetsEPv	
0x516340	.text	_ZN12WaterConcept15Screen_MainMenu19_fileExistsCallbackEPv	
0x5164ac	.text	_ZN12WaterConcept15Screen_MainMenu12_loadSpritesEv	
0x516680	.text	_ZN12WaterConcept15Screen_MainMenu13_curtainEnterEf	
0x5166c0	.text	_ZN12WaterConcept15Screen_MainMenu12_atlasLoadedEPv	
0x5168f4	.text	_ZN12WaterConcept15Screen_MainMenu14backKeyPressedEv	
0x516c48	.text	_ZN12WaterConcept15Screen_MainMenu20accelerometerChangedEfff	
0x516c70	.text	_ZNSt6__ndk16__treeINS_12__value_typeIifEENS_19__map_value_compareIiS2_NS_4lessIiEELb1EEENS_9allocatorIS2_EEE7destroyEPNS_11__tree_nodeIS2_PvEE	
0x516cb0	.text	_ZN7Walaber14MemberCallbackIN12WaterConcept15Screen_MainMenuEED0Ev	
0x516cb4	.text	_ZN7Walaber14MemberCallbackIN12WaterConcept15Screen_MainMenuEE6invokeEPv	
0x516ce4	.text	_ZNSt6__ndk16__treeINS_12__value_typeIifEENS_19__map_value_compareIiS2_NS_4lessIiEELb1EEENS_9allocatorIS2_EEE25__emplace_unique_key_argsIiJRKNS_21piecewise_construct_tENS_5tupleIJRKiEEENSE_IJEEEEEENS_4pairINS_15__tree_iteratorIS2_PNS_11__tree_nodeIS2_PvEElEEbEERKT_DpOT0_	__emplace_unique_key_args<int,std::__ndk1::piecewise_construct_t_const&,std::__ndk1::tuple<int_const&>,std::__ndk1::tuple<>>
0x516db4	.text	_ZNSt6__ndk16__treeINS_12__value_typeIifEENS_19__map_value_compareIiS2_NS_4lessIiEELb1EEENS_9allocatorIS2_EEE16__insert_node_atEPNS_15__tree_end_nodeIPNS_16__tree_node_baseIPvEEEERSE_SE_	
0x516e08	.text	_ZNSt6__ndk16__treeINS_12__value_typeIifEENS_19__map_value_compareIiS2_NS_4lessIiEELb1EEENS_9allocatorIS2_EEE5eraseENS_21__tree_const_iteratorIS2_PNS_11__tree_nodeIS2_PvEElEE	
0x516e9c	.text	_ZNSt6__ndk16__treeINS_12__value_typeIifEENS_19__map_value_compareIiS2_NS_4lessIiEELb1EEENS_9allocatorIS2_EEE25__emplace_unique_key_argsIiJRKNS_21piecewise_construct_tENS_5tupleIJOiEEENSE_IJEEEEEENS_4pairINS_15__tree_iteratorIS2_PNS_11__tree_nodeIS2_PvEElEEbEERKT_DpOT0_	__emplace_unique_key_args<int,std::__ndk1::piecewise_construct_t_const&,std::__ndk1::tuple<int&&>,std::__ndk1::tuple<>>
0x516f6c	.text	_ZN12WaterConcept18Screen_MainMenu_v2C1Ev	
0x517274	.text	_ZN12WaterConcept18Screen_MainMenu_v2D2Ev	
0x517440	.text	_ZN12WaterConcept18Screen_MainMenu_v214_unloadSpritesEv	
0x51748c	.text	_ZThn144_N12WaterConcept18Screen_MainMenu_v2D1Ev	
0x517494	.text	_ZN12WaterConcept18Screen_MainMenu_v2D0Ev	
0x5174b8	.text	_ZThn144_N12WaterConcept18Screen_MainMenu_v2D0Ev	
0x5174e0	.text	_ZN12WaterConcept18Screen_MainMenu_v223recreateGraphicsContextEv	
0x517514	.text	_ZN12WaterConcept18Screen_MainMenu_v225_setupRenderTextureBufferEv	
0x517730	.text	_ZN12WaterConcept18Screen_MainMenu_v216loadPropertyListERKN7Walaber12PropertyListE	
0x5178a4	.text	_ZN12WaterConcept18Screen_MainMenu_v25enterEv	
0x518724	.text	_ZN12WaterConcept18Screen_MainMenu_v215_initAnimationsEv	
0x5190a4	.text	_ZN12WaterConcept18Screen_MainMenu_v28_buildUIEv	
0x519220	.text	_ZN12WaterConcept18Screen_MainMenu_v218_curveLoadCallbackEPv	
0x519328	.text	_ZN7Walaber9SharedPtrINS_14MemberCallbackIN12WaterConcept18Screen_MainMenu_v2EEEED2Ev	
0x519380	.text	_ZN12WaterConcept18Screen_MainMenu_v24exitEv	
0x5193dc	.text	_ZN12WaterConcept18Screen_MainMenu_v26updateEfb	
0x51ae14	.text	_ZNK12WaterConcept18Screen_MainMenu_v230_getSubscreenIDForCurrentIndexEv	
0x51b050	.text	_ZN12WaterConcept18Screen_MainMenu_v214_updateSpritesEf	
0x51b0b4	.text	_ZN12WaterConcept18Screen_MainMenu_v217_updateAnimationsEf	
0x51b16c	.text	_ZN12WaterConcept18Screen_MainMenu_v224_updateMainMenuAnimationEf	
0x51ba90	.text	_ZN12WaterConcept18Screen_MainMenu_v224_checkSecretLevelPatternEv	
0x51bc20	.text	_ZN12WaterConcept18Screen_MainMenu_v221_handleSaleTransitionEv	
0x51bcf0	.text	_ZN12WaterConcept18Screen_MainMenu_v234_updateTriDuckPosAccordingToCamPosEf	
0x51bffc	.text	_ZN12WaterConcept18Screen_MainMenu_v226_playMusicForCurrentScreenEv	
0x51c078	.text	_ZN12WaterConcept18Screen_MainMenu_v215_rotateSaleSignEv	
0x51c7a4	.text	_ZN12WaterConcept18Screen_MainMenu_v228_updateSettingScreenPositionEv	
0x51c958	.text	_ZN12WaterConcept18Screen_MainMenu_v229_updateSettingScreenAnimationEf	
0x51cbf0	.text	_ZN12WaterConcept18Screen_MainMenu_v219_setupSettingScreenEv	
0x51d068	.text	_ZN12WaterConcept18Screen_MainMenu_v212_loadSpritesEv	
0x51d078	.text	_ZN12WaterConcept18Screen_MainMenu_v24drawEi	
0x51d510	.text	_ZN12WaterConcept18Screen_MainMenu_v210_drawLightEv	
0x51d788	.text	_ZN12WaterConcept18Screen_MainMenu_v211handleEventEiRKN7Walaber6Widget15WidgetActionRetEPS2_	
0x5211d4	.text	_ZN12WaterConcept18Screen_MainMenu_v230_patternMatchSecretLevelHandleEi	
0x521b1c	.text	_ZThn32_N12WaterConcept18Screen_MainMenu_v211handleEventEiRKN7Walaber6Widget15WidgetActionRetEPS2_	
0x521b24	.text	_ZN12WaterConcept18Screen_MainMenu_v214backKeyPressedEv	
0x521bf8	.text	_ZN12WaterConcept18Screen_MainMenu_v29touchDownEiN7Walaber7Vector2E	
0x521cd4	.text	_ZN12WaterConcept18Screen_MainMenu_v210touchMovedEiN7Walaber7Vector2ES2_	
0x521ea0	.text	_ZN12WaterConcept18Screen_MainMenu_v27touchUpEiN7Walaber7Vector2E	
0x521f94	.text	_ZN12WaterConcept18Screen_MainMenu_v227notifyTransitionPhaseChangeEj	
0x52204c	.text	_ZN12WaterConcept18Screen_MainMenu_v212beingStackedEv	
0x522074	.text	_ZN12WaterConcept18Screen_MainMenu_v211regainedTopEv	
0x522154	.text	_ZN12WaterConcept18Screen_MainMenu_v211handleFocusEPN7Walaber6WidgetENS1_10FocusEventE	
0x5222f8	.text	_ZThn32_N12WaterConcept18Screen_MainMenu_v211handleFocusEPN7Walaber6WidgetENS1_10FocusEventE	
0x522300	.text	_ZN12WaterConcept18Screen_MainMenu_v29messageRxERKN7Walaber7MessageE	
0x5249b4	.text	_ZN12WaterConcept18Screen_MainMenu_v228_notifyNetworkConnectionTestEb	
0x525088	.text	_ZN12WaterConcept18Screen_MainMenu_v229_rebuildTextInHubForStoryLineENS0_19SubscreenIdentifierE	
0x525ec0	.text	_ZThn144_N12WaterConcept18Screen_MainMenu_v29messageRxERKN7Walaber7MessageE	
0x525ec8	.text	_ZN12WaterConcept18Screen_MainMenu_v214setScreenStateENS0_11ScreenStateE	
0x525f4c	.text	_ZN12WaterConcept18Screen_MainMenu_v219getTransitionOffsetEv	
0x525f58	.text	_ZN12WaterConcept18Screen_MainMenu_v223_finishedLoadingWidgetsEPv	
0x529468	.text	_ZN12WaterConcept18Screen_MainMenu_v226_logoTextureExistsCallbackEPv	
0x529624	.text	_ZN12WaterConcept18Screen_MainMenu_v218_adjustTextureSizeEPN7Walaber12Widget_LabelE	
0x529740	.text	_ZN12WaterConcept18Screen_MainMenu_v214_createButtonsENS0_11ButtonTypesEiPN7Walaber12Widget_GroupE	
0x529a48	.text	_ZN12WaterConcept18Screen_MainMenu_v215_createTriducksEPN7Walaber12Widget_GroupENS0_19SubscreenIdentifierEi	
0x52b55c	.text	_ZN12WaterConcept18Screen_MainMenu_v220_initTappableObjectsENS0_19SubscreenIdentifierEi	
0x52bb64	.text	_ZN12WaterConcept18Screen_MainMenu_v219_fileExistsCallbackEPv	
0x52bcd0	.text	_ZN12WaterConcept18Screen_MainMenu_v229_spriteAnimationEventCallbackEPv	
0x52bcec	.text	_ZN12WaterConcept18Screen_MainMenu_v227getMusicGroupForSubScreenIDEi	
0x52bd10	.text	_ZN12WaterConcept18Screen_MainMenu_v215_buildLOWScreenEPN7Walaber12Widget_GroupEb	
0x52dd38	.text	_ZN12WaterConcept18Screen_MainMenu_v229_rebuildTextLabelForStoryLineEN21WaterConceptConstants16LOWStorylineTypeE	
0x52f8e8	.text	_ZN12WaterConcept18Screen_MainMenu_v225_mergeRemoteLOTWLevelInfoEN21WaterConceptConstants16LOWStorylineTypeE	
0x52fc84	.text	_ZNSt6__ndk113__vector_baseINS_6vectorIPN7Walaber6WidgetENS_9allocatorIS4_EEEENS5_IS7_EEED2Ev	
0x52fcfc	.text	_ZNSt6__ndk113__vector_baseINS_6vectorIN12WaterConcept18Screen_MainMenu_v28DuckInfoENS_9allocatorIS4_EEEENS5_IS7_EEED2Ev	
0x52fd74	.text	_ZN7Walaber14MemberCallbackIN12WaterConcept18Screen_MainMenu_v2EED0Ev	
0x52fd78	.text	_ZN7Walaber14MemberCallbackIN12WaterConcept18Screen_MainMenu_v2EE6invokeEPv	
0x52fda8	.text	_ZNSt6__ndk16vectorINS0_IN12WaterConcept18Screen_MainMenu_v28DuckInfoENS_9allocatorIS3_EEEENS4_IS6_EEE21__push_back_slow_pathIRKS6_EEvOT_	__push_back_slow_path<std::__ndk1::vector<WaterConcept::Screen_MainMenu_v2::DuckInfo,std::__ndk1::allocator<WaterConcept::Screen_MainMenu_v2::DuckInfo>>const&>
0x52feac	.text	_ZNSt6__ndk16vectorIN12WaterConcept18Screen_MainMenu_v28DuckInfoENS_9allocatorIS3_EEEC2ERKS6_	
0x52ff58	.text	_ZNSt6__ndk16vectorIN12WaterConcept18Screen_MainMenu_v28DuckInfoENS_9allocatorIS3_EEE11__vallocateEm	
0x52ff9c	.text	_ZNSt6__ndk114__split_bufferINS_6vectorIN12WaterConcept18Screen_MainMenu_v28DuckInfoENS_9allocatorIS4_EEEERNS5_IS7_EEEC2EmmS9_	
0x530060	.text	_ZNSt6__ndk16vectorINS0_IN12WaterConcept18Screen_MainMenu_v28DuckInfoENS_9allocatorIS3_EEEENS4_IS6_EEE26__swap_out_circular_bufferERNS_14__split_bufferIS6_RS7_EE	
0x5300e4	.text	_ZNSt6__ndk114__split_bufferINS_6vectorIN12WaterConcept18Screen_MainMenu_v28DuckInfoENS_9allocatorIS4_EEEERNS5_IS7_EEED2Ev	
0x530148	.text	_ZNSt6__ndk16vectorIPN7Walaber6WidgetENS_9allocatorIS3_EEE21__push_back_slow_pathIS3_EEvOT_	__push_back_slow_path<Walaber::Widget*>
0x530270	.text	_ZNSt6__ndk114__split_bufferIPN7Walaber6WidgetERNS_9allocatorIS3_EEEC2EmmS6_	
0x530320	.text	_ZNSt6__ndk16vectorINS0_IPN7Walaber6WidgetENS_9allocatorIS3_EEEENS4_IS6_EEE21__push_back_slow_pathIRKS6_EEvOT_	__push_back_slow_path<std::__ndk1::vector<Walaber::Widget*,std::__ndk1::allocator<Walaber::Widget*>>const&>
0x530424	.text	_ZNSt6__ndk16vectorIPN7Walaber6WidgetENS_9allocatorIS3_EEEC2ERKS6_	
0x5304a8	.text	_ZNSt6__ndk16vectorIPN7Walaber6WidgetENS_9allocatorIS3_EEE11__vallocateEm	
0x5304ec	.text	_ZNSt6__ndk114__split_bufferINS_6vectorIPN7Walaber6WidgetENS_9allocatorIS4_EEEERNS5_IS7_EEEC2EmmS9_	
0x5305b0	.text	_ZNSt6__ndk16vectorINS0_IPN7Walaber6WidgetENS_9allocatorIS3_EEEENS4_IS6_EEE26__swap_out_circular_bufferERNS_14__split_bufferIS6_RS7_EE	
0x530634	.text	_ZNSt6__ndk114__split_bufferINS_6vectorIPN7Walaber6WidgetENS_9allocatorIS4_EEEERNS5_IS7_EEED2Ev	
0x530698	.text	_ZNSt6__ndk16vectorIN12WaterConcept18Screen_MainMenu_v28DuckInfoENS_9allocatorIS3_EEE21__push_back_slow_pathIRKS3_EEvOT_	__push_back_slow_path<WaterConcept::Screen_MainMenu_v2::DuckInfo_const&>
0x5307ec	.text	_ZNSt6__ndk114__split_bufferIN12WaterConcept18Screen_MainMenu_v28DuckInfoERNS_9allocatorIS3_EEEC2EmmS6_	
0x53089c	.text	_ZNSt6__ndk16vectorIN12WaterConcept18Screen_MainMenu_v28DuckInfoENS_9allocatorIS3_EEE26__swap_out_circular_bufferERNS_14__split_bufferIS3_RS5_EE	
0x530928	.text	_ZN12WaterConcept18Screen_MenuOverlayC1Ev	
0x530968	.text	_ZN12WaterConcept18Screen_MenuOverlayD1Ev	
0x53096c	.text	_ZN12WaterConcept18Screen_MenuOverlayD0Ev	
0x530990	.text	_ZN12WaterConcept18Screen_MenuOverlay16loadPropertyListERKN7Walaber12PropertyListE	
0x530ab0	.text	_ZN12WaterConcept18Screen_MenuOverlay5enterEv	
0x530d68	.text	_ZN12WaterConcept18Screen_MenuOverlay8_buildUIEv	
0x531038	.text	_ZN12WaterConcept18Screen_MenuOverlay4exitEv	
0x531040	.text	_ZN12WaterConcept18Screen_MenuOverlay6updateEfb	
0x53112c	.text	_ZN12WaterConcept18Screen_MenuOverlay4drawEi	
0x5311c0	.text	_ZN12WaterConcept18Screen_MenuOverlay11handleEventEiRKN7Walaber6Widget15WidgetActionRetEPS2_	
0x531cb0	.text	_ZN12WaterConcept18Screen_MenuOverlay19_updateAudioButtonsEv	
0x53261c	.text	_ZThn32_N12WaterConcept18Screen_MenuOverlay11handleEventEiRKN7Walaber6Widget15WidgetActionRetEPS2_	
0x532624	.text	_ZN12WaterConcept18Screen_MenuOverlay23_finishedLoadingWidgetsEPv	
0x532a84	.text	_ZN7Walaber9SharedPtrINS_14MemberCallbackIN12WaterConcept18Screen_MenuOverlayEEEED2Ev	
0x532adc	.text	_ZN12WaterConcept18Screen_MenuOverlay14backKeyPressedEv	
0x532df0	.text	_ZN12WaterConcept18Screen_MenuOverlay12beingStackedEv	
0x532df8	.text	_ZN12WaterConcept18Screen_MenuOverlay11regainedTopEv	
0x532dfc	.text	_ZN7Walaber14MemberCallbackIN12WaterConcept18Screen_MenuOverlayEED0Ev	
0x532e00	.text	_ZN7Walaber14MemberCallbackIN12WaterConcept18Screen_MenuOverlayEE6invokeEPv	
0x532e30	.text	_ZN12WaterConcept22Screen_MusicCollectionC1Ev	
0x532ed8	.text	_ZN12WaterConcept22Screen_MusicCollectionD2Ev	
0x532f64	.text	_ZThn144_N12WaterConcept22Screen_MusicCollectionD1Ev	
0x532f6c	.text	_ZN12WaterConcept22Screen_MusicCollectionD0Ev	
0x532f90	.text	_ZThn144_N12WaterConcept22Screen_MusicCollectionD0Ev	
0x532fb8	.text	_ZN12WaterConcept22Screen_MusicCollection16loadPropertyListERKN7Walaber12PropertyListE	
0x5330cc	.text	_ZN12WaterConcept22Screen_MusicCollection5enterEv	
0x533800	.text	_ZN12WaterConcept22Screen_MusicCollection8_buildUIEv	
0x53397c	.text	_ZN12WaterConcept22Screen_MusicCollection18_curveLoadCallbackEPv	
0x5339e0	.text	_ZN7Walaber9SharedPtrINS_14MemberCallbackIN12WaterConcept22Screen_MusicCollectionEEEED2Ev	
0x533a38	.text	_ZN12WaterConcept22Screen_MusicCollection4exitEv	
0x533a3c	.text	_ZN12WaterConcept22Screen_MusicCollection23_finishedLoadingWidgetsEPv	
0x537244	.text	_ZN12WaterConcept22Screen_MusicCollection6updateEfb	
0x537408	.text	_ZN12WaterConcept22Screen_MusicCollection4drawEi	
0x5374a8	.text	_ZN12WaterConcept22Screen_MusicCollection11handleEventEiRKN7Walaber6Widget15WidgetActionRetEPS2_	
0x538628	.text	_ZThn32_N12WaterConcept22Screen_MusicCollection11handleEventEiRKN7Walaber6Widget15WidgetActionRetEPS2_	
0x538630	.text	_ZN12WaterConcept22Screen_MusicCollection14backKeyPressedEv	
0x538738	.text	_ZN12WaterConcept22Screen_MusicCollection9messageRxERKN7Walaber7MessageE	
0x53884c	.text	_ZThn144_N12WaterConcept22Screen_MusicCollection9messageRxERKN7Walaber7MessageE	
0x538868	.text	_ZN12WaterConcept22Screen_MusicCollection11regainedTopEv	
0x538870	.text	_ZN7Walaber14MemberCallbackIN12WaterConcept22Screen_MusicCollectionEED0Ev	
0x538874	.text	_ZN7Walaber14MemberCallbackIN12WaterConcept22Screen_MusicCollectionEE6invokeEPv	
0x5388a4	.text	_ZN12WaterConcept18Screen_MysteryShowC1Ev	
0x538e30	.text	_ZN12WaterConcept18Screen_MysteryShow20_spriteEventCallbackEPv	
0x539430	.text	_ZN7Walaber9SharedPtrINS_14MemberCallbackIN12WaterConcept18Screen_MysteryShowEEEED2Ev	
0x539488	.text	_ZN12WaterConcept18Screen_MysteryShowD2Ev	
0x539504	.text	_ZN12WaterConcept18Screen_MysteryShowD0Ev	
0x539528	.text	_ZN12WaterConcept18Screen_MysteryShow16loadPropertyListERKN7Walaber12PropertyListE	
0x53962c	.text	_ZN12WaterConcept18Screen_MysteryShow5enterEv	
0x5398cc	.text	_ZN12WaterConcept18Screen_MysteryShow11_stageCoordEff	
0x539964	.text	_ZN12WaterConcept18Screen_MysteryShow8_buildUIEv	
0x53996c	.text	_ZN12WaterConcept18Screen_MysteryShow4exitEv	
0x5399a4	.text	_ZN12WaterConcept18Screen_MysteryShow6updateEfb	
0x53a904	.text	_ZN7Walaber13SkeletonActor18getAnimationLengthERKNSt6__ndk112basic_stringIcNS1_11char_traitsIcEENS1_9allocatorIcEEEE	
0x53a9c4	.text	_ZN12WaterConcept18Screen_MysteryShow14_playAnimationENS0_25MysteryDuckAnimationStateE	
0x53ae10	.text	_ZN12WaterConcept18Screen_MysteryShow16_finishAnimationEv	
0x53ae40	.text	_ZN12WaterConcept18Screen_MysteryShow4drawEi	
0x53b02c	.text	_ZN12WaterConcept18Screen_MysteryShow11handleEventEiRKN7Walaber6Widget15WidgetActionRetEPS2_	
0x53b280	.text	_ZThn32_N12WaterConcept18Screen_MysteryShow11handleEventEiRKN7Walaber6Widget15WidgetActionRetEPS2_	
0x53b288	.text	_ZN12WaterConcept18Screen_MysteryShow6_gotSEEPv	
0x53b294	.text	_ZN12WaterConcept12Screen_Popup19getStageTranslationEv	
0x53b330	.text	_ZN7Walaber13SkeletonActor27getArmatureNameForAnimationERKNSt6__ndk112basic_stringIcNS1_11char_traitsIcEENS1_9allocatorIcEEEE	
0x53b3a0	.text	_ZN7Walaber14MemberCallbackIN12WaterConcept18Screen_MysteryShowEED0Ev	
0x53b3a4	.text	_ZN7Walaber14MemberCallbackIN12WaterConcept18Screen_MysteryShowEE6invokeEPv	
0x53b3d4	.text	_ZN12WaterConcept21Screen_NoteChallengesC1Ev	
0x53b4f4	.text	_ZN12WaterConcept21Screen_NoteChallengesD1Ev	
0x53b570	.text	_ZThn144_N12WaterConcept21Screen_NoteChallengesD1Ev	
0x53b578	.text	_ZN12WaterConcept21Screen_NoteChallengesD0Ev	
0x53b59c	.text	_ZThn144_N12WaterConcept21Screen_NoteChallengesD0Ev	
0x53b5c4	.text	_ZN12WaterConcept21Screen_NoteChallenges16loadPropertyListERKN7Walaber12PropertyListE	
0x53b5c8	.text	_ZN12WaterConcept21Screen_NoteChallenges5enterEv	
0x53bbec	.text	_ZN12WaterConcept21Screen_NoteChallenges8_buildUIEv	
0x53bd68	.text	_ZN12WaterConcept21Screen_NoteChallenges4exitEv	
0x53bd6c	.text	_ZN12WaterConcept21Screen_NoteChallenges23_finishedLoadingWidgetsEPv	
0x53fd3c	.text	_ZN12WaterConcept21Screen_NoteChallenges6updateEfb	
0x53fd54	.text	_ZN12WaterConcept21Screen_NoteChallenges4drawEi	
0x53fdf4	.text	_ZN12WaterConcept21Screen_NoteChallenges11handleEventEiRKN7Walaber6Widget15WidgetActionRetEPS2_	
0x5409e0	.text	_ZN12WaterConcept21Screen_NoteChallenges6_gotSEEPv	
0x540a20	.text	_ZN7Walaber9SharedPtrINS_14MemberCallbackIN12WaterConcept21Screen_NoteChallengesEEEED2Ev	
0x540a78	.text	_ZThn32_N12WaterConcept21Screen_NoteChallenges11handleEventEiRKN7Walaber6Widget15WidgetActionRetEPS2_	
0x540a80	.text	_ZN12WaterConcept21Screen_NoteChallenges14backKeyPressedEv	
0x540b88	.text	_ZN12WaterConcept21Screen_NoteChallenges9messageRxERKN7Walaber7MessageE	
0x540e48	.text	_ZThn144_N12WaterConcept21Screen_NoteChallenges9messageRxERKN7Walaber7MessageE	
0x540e64	.text	_ZN12WaterConcept21Screen_NoteChallenges11regainedTopEv	
0x540e6c	.text	_ZN7Walaber14MemberCallbackIN12WaterConcept21Screen_NoteChallengesEED0Ev	
0x540e70	.text	_ZN7Walaber14MemberCallbackIN12WaterConcept21Screen_NoteChallengesEE6invokeEPv	
0x540ea0	.text	_ZN12WaterConcept22Screen_PerformanceTestC1Ev	
0x540ef8	.text	_ZN12WaterConcept22Screen_PerformanceTestD2Ev	
0x540efc	.text	_ZN12WaterConcept22Screen_PerformanceTestD0Ev	
0x540f20	.text	_ZN12WaterConcept22Screen_PerformanceTest16loadPropertyListERKN7Walaber12PropertyListE	
0x540f24	.text	_ZN12WaterConcept22Screen_PerformanceTest5enterEv	
0x541260	.text	_ZN12WaterConcept22Screen_PerformanceTest8_buildUIEv	
0x5413dc	.text	_ZN12WaterConcept22Screen_PerformanceTest4exitEv	
0x5413e0	.text	_ZN12WaterConcept22Screen_PerformanceTest6updateEfb	
0x542a94	.text	_ZN12WaterConcept22Screen_PerformanceTest4drawEi	
0x542b20	.text	_ZN12WaterConcept22Screen_PerformanceTest12beingStackedEv	
0x542b28	.text	_ZN12WaterConcept22Screen_PerformanceTest11regainedTopEv	
0x542b2c	.text	_ZN12WaterConcept22Screen_PerformanceTest14backKeyPressedEv	
0x542b44	.text	_ZN12WaterConcept22Screen_PerformanceTest23_finishedLoadingWidgetsEPv	
0x542b58	.text	_ZN7Walaber9SharedPtrINS_14MemberCallbackIN12WaterConcept22Screen_PerformanceTestEEEED2Ev	
0x542bb0	.text	_ZN7Walaber14MemberCallbackIN12WaterConcept22Screen_PerformanceTestEED0Ev	
0x542bb4	.text	_ZN7Walaber14MemberCallbackIN12WaterConcept22Screen_PerformanceTestEE6invokeEPv	
0x542be4	.text	_ZN12WaterConcept16Screen_PerryDemoC1Ev	
0x542c78	.text	_ZN12WaterConcept16Screen_PerryDemoD2Ev	
0x542cec	.text	_ZThn144_N12WaterConcept16Screen_PerryDemoD1Ev	
0x542cf4	.text	_ZN12WaterConcept16Screen_PerryDemoD0Ev	
0x542d18	.text	_ZThn144_N12WaterConcept16Screen_PerryDemoD0Ev	
0x542d40	.text	_ZN12WaterConcept16Screen_PerryDemo16loadPropertyListERKN7Walaber12PropertyListE	
0x542f8c	.text	_ZN12WaterConcept16Screen_PerryDemo5enterEv	
0x543240	.text	_ZN12WaterConcept16Screen_PerryDemo8_goEnterEv	
0x543244	.text	_ZN12WaterConcept16Screen_PerryDemo8_buildUIEv	
0x5433b0	.text	_ZN12WaterConcept16Screen_PerryDemo4exitEv	
0x5433b4	.text	_ZN12WaterConcept16Screen_PerryDemo6updateEfb	
0x543470	.text	_ZN12WaterConcept16Screen_PerryDemo4drawEi	
0x543554	.text	_ZN12WaterConcept16Screen_PerryDemo11handleEventEiRKN7Walaber6Widget15WidgetActionRetEPS2_	
0x543570	.text	_ZN12WaterConcept16Screen_PerryDemo22_downloadButtonPressedEv	
0x54361c	.text	_ZN12WaterConcept16Screen_PerryDemo19_closeButtonPressedEv	
0x54376c	.text	_ZThn32_N12WaterConcept16Screen_PerryDemo11handleEventEiRKN7Walaber6Widget15WidgetActionRetEPS2_	
0x54378c	.text	_ZN12WaterConcept16Screen_PerryDemo9messageRxERKN7Walaber7MessageE	
0x543db8	.text	_ZThn144_N12WaterConcept16Screen_PerryDemo9messageRxERKN7Walaber7MessageE	
0x543dc0	.text	_ZN12WaterConcept16Screen_PerryDemo11handleFocusEPN7Walaber6WidgetENS1_10FocusEventE	
0x543e38	.text	_ZThn32_N12WaterConcept16Screen_PerryDemo11handleFocusEPN7Walaber6WidgetENS1_10FocusEventE	
0x543e3c	.text	_ZN12WaterConcept16Screen_PerryDemo23_finishedLoadingWidgetsEPv	
0x5444f4	.text	_ZN7Walaber9SharedPtrINS_14MemberCallbackIN12WaterConcept16Screen_PerryDemoEEEED2Ev	
0x54454c	.text	_ZN12WaterConcept16Screen_PerryDemo28_localizedLogoExistsCallbackEPv	
0x5446b8	.text	_ZN12WaterConcept16Screen_PerryDemo11_loadSoundsEPv	
0x544788	.text	_ZN12WaterConcept16Screen_PerryDemo14backKeyPressedEv	
0x54478c	.text	_ZN7Walaber14MemberCallbackIN12WaterConcept16Screen_PerryDemoEED0Ev	
0x544790	.text	_ZN7Walaber14MemberCallbackIN12WaterConcept16Screen_PerryDemoEE6invokeEPv	
0x5447c0	.text	_ZN12WaterConcept12Screen_PopupC2Ev	
0x544c2c	.text	_ZN12WaterConcept12Screen_Popup25_setupRenderTextureBufferEv	
0x544e70	.text	_ZN12WaterConcept12Screen_PopupD1Ev	
0x5450ac	.text	_ZThn144_N12WaterConcept12Screen_PopupD1Ev	
0x5450b4	.text	_ZN12WaterConcept12Screen_PopupD0Ev	
0x5450d8	.text	_ZThn144_N12WaterConcept12Screen_PopupD0Ev	
0x545100	.text	_ZN12WaterConcept12Screen_Popup16loadPropertyListERKN7Walaber12PropertyListE	
0x546adc	.text	_ZN12WaterConcept12Screen_Popup6_gotSEEPv	
0x546b1c	.text	_ZN7Walaber9SharedPtrINS_14MemberCallbackIN12WaterConcept12Screen_PopupEEEED2Ev	
0x546b74	.text	_ZN12WaterConcept12Screen_Popup5enterEv	
0x548dec	.text	_ZN12WaterConcept12Screen_Popup8_buildUIEv	
0x549018	.text	_ZN12WaterConcept12Screen_Popup16_transitionEnterEf	
0x549138	.text	_ZN12WaterConcept12Screen_Popup36_checkLevelPackCompletionAchievementEv	
0x549708	.text	_ZN12WaterConcept12Screen_Popup26_check3StarPackAchievementEv	
0x549b80	.text	_ZN12WaterConcept12Screen_Popup34_checkCollectibleFoundAchievementsEv	
0x549fd0	.text	_ZN12WaterConcept12Screen_Popup4exitEv	
0x54a0bc	.text	_ZN12WaterConcept12Screen_Popup23recreateGraphicsContextEv	
0x54a118	.text	_ZN12WaterConcept12Screen_Popup6updateEfb	
0x54fbf4	.text	_ZN12WaterConcept12Screen_Popup16goFBLoginConfirmEv	
0x54ff30	.text	_ZN12WaterConcept12Screen_Popup17_transitionUpdateEf	
0x55063c	.text	_ZN12WaterConcept12Screen_Popup19_transitionExitLeftEf	
0x550778	.text	_ZN12WaterConcept12Screen_Popup15_transitionExitEf	
0x550900	.text	_ZN12WaterConcept12Screen_Popup47_specialWidgetOverrideForCrankyCollectionOnLOTWEv	
0x550978	.text	_ZN12WaterConcept12Screen_Popup24_finishedIntroAnimationsEv	
0x55097c	.text	_ZN12WaterConcept12Screen_Popup20_addMysteryParticlesERKN7Walaber7Vector2Ei	
0x550c94	.text	_ZN12WaterConcept12Screen_Popup28_sendPhotofinishShareMessageEv	
0x550e64	.text	_ZN12WaterConcept12Screen_Popup5goHUBEv	
0x550f38	.text	_ZN12WaterConcept12Screen_Popup4drawEi	
0x55193c	.text	_ZN12WaterConcept12Screen_Popup12beingStackedEv	
0x551a28	.text	_ZN12WaterConcept12Screen_Popup11regainedTopEv	
0x551b48	.text	_ZN12WaterConcept12Screen_Popup16setupWithDefaultEi	
0x551b50	.text	_ZN12WaterConcept12Screen_Popup11handleEventEiRKN7Walaber6Widget15WidgetActionRetEPS2_	
0x552c34	.text	_ZN12WaterConcept12Screen_Popup16_particleFadeOutEv	
0x552cd8	.text	_ZN12WaterConcept12Screen_Popup13goLevelSelectEv	
0x552db4	.text	_ZThn32_N12WaterConcept12Screen_Popup11handleEventEiRKN7Walaber6Widget15WidgetActionRetEPS2_	
0x552dbc	.text	_ZN12WaterConcept12Screen_Popup9messageRxERKN7Walaber7MessageE	
0x5548fc	.text	_ZN12WaterConcept12Screen_Popup26_publishNextFacebookActionEv	
0x554900	.text	_ZN12WaterConcept12Screen_Popup30_publishLevelResultsToFacebookEv	
0x554904	.text	_ZN12WaterConcept12Screen_Popup24_updateFacebookLikeLabelERKNSt6__ndk112basic_stringIcNS1_11char_traitsIcEENS1_9allocatorIcEEEE	
0x554908	.text	_ZN12WaterConcept12Screen_Popup13_wrapLikeTextEv	
0x554b28	.text	_ZN12WaterConcept12Screen_Popup29_hideLikeAndEnlargenLikeLabelEv	
0x554cf8	.text	_ZThn144_N12WaterConcept12Screen_Popup9messageRxERKN7Walaber7MessageE	
0x554d00	.text	_ZN12WaterConcept12Screen_Popup20accelerometerChangedEfff	
0x554d30	.text	_ZN12WaterConcept12Screen_Popup23_finishedLoadingWidgetsEPv	
0x559824	.text	_ZN12WaterConcept12Screen_Popup20_spriteEventCallbackEPv	
0x559844	.text	_ZN12WaterConcept12Screen_Popup18_curveLoadCallbackEPv	
0x559964	.text	_ZN12WaterConcept12Screen_Popup25_updatePhotoFinishWidgetsEv	
0x55a388	.text	_ZN12WaterConcept12Screen_Popup26_logoTextureExistsCallbackEPv	
0x55a4f4	.text	_ZN12WaterConcept12Screen_Popup14backKeyPressedEv	
0x55a850	.text	_ZN12WaterConcept12Screen_Popup12startExitingEv	
0x55a87c	.text	_ZN12WaterConcept12Screen_Popup22_uploadProgressToCloudEv	
0x55ab28	.text	_ZN12WaterConcept12Screen_Popup10touchMovedEiN7Walaber7Vector2ES2_	
0x55ade4	.text	_ZN12WaterConcept12Screen_Popup7touchUpEiN7Walaber7Vector2E	
0x55ae78	.text	_ZNSt6__ndk113__vector_baseIN7Walaber12PropertyListENS_9allocatorIS2_EEED2Ev	
0x55aee4	.text	_ZN7Walaber14MemberCallbackIN12WaterConcept12Screen_PopupEED0Ev	
0x55aee8	.text	_ZN7Walaber14MemberCallbackIN12WaterConcept12Screen_PopupEE6invokeEPv	
0x55af18	.text	_ZN12WaterConcept17Screen_ProcessingC2Ev	
0x55afe4	.text	_ZN12WaterConcept17Screen_ProcessingD1Ev	
0x55b050	.text	_ZThn144_N12WaterConcept17Screen_ProcessingD1Ev	
0x55b058	.text	_ZN12WaterConcept17Screen_ProcessingD0Ev	
0x55b07c	.text	_ZThn144_N12WaterConcept17Screen_ProcessingD0Ev	
0x55b0a4	.text	_ZN12WaterConcept17Screen_Processing16loadPropertyListERKN7Walaber12PropertyListE	
0x55b0a8	.text	_ZN12WaterConcept17Screen_Processing5enterEv	
0x55b244	.text	_ZN12WaterConcept17Screen_Processing18_curveLoadCallbackEPv	
0x55b2b0	.text	_ZN7Walaber9SharedPtrINS_14MemberCallbackIN12WaterConcept17Screen_ProcessingEEEED2Ev	
0x55b308	.text	_ZN12WaterConcept17Screen_Processing4exitEv	
0x55b30c	.text	_ZN12WaterConcept17Screen_Processing6updateEfb	
0x55b6a4	.text	_ZN12WaterConcept17Screen_Processing16_setAndshowStateENS0_11DialogStateE	
0x55b8e4	.text	_ZN12WaterConcept17Screen_Processing4drawEi	
0x55b978	.text	_ZN12WaterConcept17Screen_Processing9messageRxERKN7Walaber7MessageE	
0x55ba6c	.text	_ZThn144_N12WaterConcept17Screen_Processing9messageRxERKN7Walaber7MessageE	
0x55ba74	.text	_ZN12WaterConcept17Screen_Processing11handleEventEiRKN7Walaber6Widget15WidgetActionRetEPS2_	
0x55bab8	.text	_ZThn32_N12WaterConcept17Screen_Processing11handleEventEiRKN7Walaber6Widget15WidgetActionRetEPS2_	
0x55bafc	.text	_ZN12WaterConcept17Screen_Processing8_buildUIEv	
0x55bc78	.text	_ZN12WaterConcept17Screen_Processing23_finishedLoadingWidgetsEPv	
0x55bf2c	.text	_ZN12WaterConcept17Screen_Processing14backKeyPressedEv	
0x55bf54	.text	_ZN7Walaber14MemberCallbackIN12WaterConcept17Screen_ProcessingEED0Ev	
0x55bf58	.text	_ZN7Walaber14MemberCallbackIN12WaterConcept17Screen_ProcessingEE6invokeEPv	
0x55bf88	.text	_ZN12WaterConcept17Screen_PuppetShowC2Ev	
0x55c044	.text	_ZN12WaterConcept17Screen_PuppetShowD1Ev	
0x55c0a4	.text	_ZN12WaterConcept17Screen_PuppetShowD0Ev	
0x55c0c8	.text	_ZN12WaterConcept17Screen_PuppetShow16loadPropertyListERKN7Walaber12PropertyListE	
0x55c74c	.text	_ZN12WaterConcept17Screen_PuppetShow14_gotSoundtrackEPv	
0x55c7d4	.text	_ZN7Walaber9SharedPtrINS_14MemberCallbackIN12WaterConcept17Screen_PuppetShowEEEED2Ev	
0x55c82c	.text	_ZN12WaterConcept17Screen_PuppetShow11_fileExistsEPv	
0x55c920	.text	_ZN12WaterConcept17Screen_PuppetShow5enterEv	
0x55c978	.text	_ZN12WaterConcept17Screen_PuppetShow8_buildUIEv	
0x55ca90	.text	_ZN12WaterConcept17Screen_PuppetShow4exitEv	
0x55cb08	.text	_ZN12WaterConcept17Screen_PuppetShow12beingStackedEv	
0x55cb30	.text	_ZN12WaterConcept17Screen_PuppetShow11regainedTopEv	
0x55cb44	.text	_ZN12WaterConcept17Screen_PuppetShow6updateEfb	
0x55cf20	.text	_ZN12WaterConcept17Screen_PuppetShow4drawEi	
0x55cfb4	.text	_ZN12WaterConcept17Screen_PuppetShow11handleEventEiRKN7Walaber6Widget15WidgetActionRetEPS2_	
0x55d3e8	.text	_ZThn32_N12WaterConcept17Screen_PuppetShow11handleEventEiRKN7Walaber6Widget15WidgetActionRetEPS2_	
0x55d3f0	.text	_ZN12WaterConcept17Screen_PuppetShow14backKeyPressedEv	
0x55d488	.text	_ZN12WaterConcept17Screen_PuppetShow5pauseEv	
0x55d4b0	.text	_ZN12WaterConcept17Screen_PuppetShow10setFocusedEb	
0x55d4bc	.text	_ZN12WaterConcept17Screen_PuppetShow6resumeEv	
0x55d4e8	.text	_ZN7Walaber14MemberCallbackIN12WaterConcept17Screen_PuppetShowEED0Ev	
0x55d4ec	.text	_ZN7Walaber14MemberCallbackIN12WaterConcept17Screen_PuppetShowEE6invokeEPv	
0x55d51c	.text	_ZN12WaterConcept15Screen_SettingsC1Ev	
0x55d5c4	.text	_ZN12WaterConcept15Screen_SettingsD2Ev	
0x55d624	.text	_ZThn144_N12WaterConcept15Screen_SettingsD1Ev	
0x55d62c	.text	_ZN12WaterConcept15Screen_SettingsD0Ev	
0x55d650	.text	_ZThn144_N12WaterConcept15Screen_SettingsD0Ev	
0x55d678	.text	_ZN12WaterConcept15Screen_Settings5enterEv	
0x55dab4	.text	_ZN12WaterConcept15Screen_Settings18_curveLoadCallbackEPv	
0x55db18	.text	_ZN12WaterConcept15Screen_Settings8_buildUIEv	
0x55dc8c	.text	_ZN7Walaber9SharedPtrINS_14MemberCallbackIN12WaterConcept15Screen_SettingsEEEED2Ev	
0x55dce4	.text	_ZN12WaterConcept15Screen_Settings4exitEv	
0x55dd98	.text	_ZN12WaterConcept15Screen_Settings16loadPropertyListERKN7Walaber12PropertyListE	
0x55e0e8	.text	_ZN12WaterConcept15Screen_Settings11regainedTopEv	
0x55e0ec	.text	_ZN12WaterConcept15Screen_Settings6updateEfb	
0x55e5a0	.text	_ZN12WaterConcept15Screen_Settings4drawEi	
0x55e6ac	.text	_ZN12WaterConcept15Screen_Settings11handleEventEiRKN7Walaber6Widget15WidgetActionRetEPS2_	
0x55f7c4	.text	_ZN12WaterConcept15Screen_Settings19_updateAudioButtonsEv	
0x55ff90	.text	_ZN12WaterConcept15Screen_Settings25_updateGraphicsButtonTextEv	
0x5602fc	.text	_ZThn32_N12WaterConcept15Screen_Settings11handleEventEiRKN7Walaber6Widget15WidgetActionRetEPS2_	
0x560304	.text	_ZN12WaterConcept15Screen_Settings9messageRxERKN7Walaber7MessageE	
0x560af4	.text	_ZThn144_N12WaterConcept15Screen_Settings9messageRxERKN7Walaber7MessageE	
0x560b10	.text	_ZN12WaterConcept15Screen_Settings23_finishedLoadingWidgetsEPv	
0x560fb8	.text	_ZN12WaterConcept15Screen_Settings14backKeyPressedEv	
0x561020	.text	_ZN12WaterConcept15Screen_Settings13consumesInputEv	
0x561030	.text	_ZN7Walaber14MemberCallbackIN12WaterConcept15Screen_SettingsEED0Ev	
0x561034	.text	_ZN7Walaber14MemberCallbackIN12WaterConcept15Screen_SettingsEE6invokeEPv	
0x561064	.text	_ZN12WaterConcept22Screen_SettingsProfileC2Ev	
0x561108	.text	_ZN12WaterConcept22Screen_SettingsProfileD2Ev	
0x561168	.text	_ZThn144_N12WaterConcept22Screen_SettingsProfileD1Ev	
0x561170	.text	_ZN12WaterConcept22Screen_SettingsProfileD0Ev	
0x561194	.text	_ZThn144_N12WaterConcept22Screen_SettingsProfileD0Ev	
0x5611bc	.text	_ZN12WaterConcept22Screen_SettingsProfile5enterEv	
0x56160c	.text	_ZN12WaterConcept22Screen_SettingsProfile18_curveLoadCallbackEPv	
0x561670	.text	_ZN12WaterConcept22Screen_SettingsProfile8_buildUIEv	
0x5617ec	.text	_ZN7Walaber9SharedPtrINS_14MemberCallbackIN12WaterConcept22Screen_SettingsProfileEEEED2Ev	
0x561844	.text	_ZN12WaterConcept22Screen_SettingsProfile4exitEv	
0x5618f8	.text	_ZN12WaterConcept22Screen_SettingsProfile16loadPropertyListERKN7Walaber12PropertyListE	
0x561b10	.text	_ZN12WaterConcept22Screen_SettingsProfile11regainedTopEv	
0x561b14	.text	_ZN12WaterConcept22Screen_SettingsProfile6updateEfb	
0x56204c	.text	_ZN12WaterConcept22Screen_SettingsProfile4drawEi	
0x562158	.text	_ZN12WaterConcept22Screen_SettingsProfile11handleEventEiRKN7Walaber6Widget15WidgetActionRetEPS2_	
0x56244c	.text	_ZN12WaterConcept22Screen_SettingsProfile18_updateCloudButtonEv	
0x562958	.text	_ZN12WaterConcept22Screen_SettingsProfile31_updateAllowFacebookPostsButtonEv	
0x56295c	.text	_ZThn32_N12WaterConcept22Screen_SettingsProfile11handleEventEiRKN7Walaber6Widget15WidgetActionRetEPS2_	
0x562964	.text	_ZN12WaterConcept22Screen_SettingsProfile9messageRxERKN7Walaber7MessageE	
0x562c3c	.text	_ZThn144_N12WaterConcept22Screen_SettingsProfile9messageRxERKN7Walaber7MessageE	
0x562c44	.text	_ZN12WaterConcept22Screen_SettingsProfile23_finishedLoadingWidgetsEPv	
0x562f38	.text	_ZN12WaterConcept22Screen_SettingsProfile14backKeyPressedEv	
0x5630d0	.text	_ZN12WaterConcept22Screen_SettingsProfile13consumesInputEv	
0x5630d8	.text	_ZN7Walaber14MemberCallbackIN12WaterConcept22Screen_SettingsProfileEED0Ev	
0x5630dc	.text	_ZN7Walaber14MemberCallbackIN12WaterConcept22Screen_SettingsProfileEE6invokeEPv	
0x56310c	.text	_ZN12WaterConcept20Screen_SettingsResetC1Ev	
0x5631dc	.text	_ZN12WaterConcept20Screen_SettingsResetD1Ev	
0x563250	.text	_ZThn144_N12WaterConcept20Screen_SettingsResetD1Ev	
0x563258	.text	_ZN12WaterConcept20Screen_SettingsResetD0Ev	
0x56327c	.text	_ZThn144_N12WaterConcept20Screen_SettingsResetD0Ev	
0x5632a4	.text	_ZN12WaterConcept20Screen_SettingsReset5enterEv	
0x563740	.text	_ZN12WaterConcept20Screen_SettingsReset18_curveLoadCallbackEPv	
0x56380c	.text	_ZN12WaterConcept20Screen_SettingsReset8_buildUIEv	
0x563988	.text	_ZN7Walaber9SharedPtrINS_14MemberCallbackIN12WaterConcept20Screen_SettingsResetEEEED2Ev	
0x5639e0	.text	_ZN12WaterConcept20Screen_SettingsReset4exitEv	
0x563a94	.text	_ZN12WaterConcept20Screen_SettingsReset16loadPropertyListERKN7Walaber12PropertyListE	
0x563c54	.text	_ZN12WaterConcept20Screen_SettingsReset11regainedTopEv	
0x563f98	.text	_ZN12WaterConcept20Screen_SettingsReset14waitForRestoreEv	
0x563fac	.text	_ZN12WaterConcept20Screen_SettingsReset6updateEfb	
0x56442c	.text	_ZN12WaterConcept20Screen_SettingsReset4drawEi	
0x564538	.text	_ZN12WaterConcept20Screen_SettingsReset11handleEventEiRKN7Walaber6Widget15WidgetActionRetEPS2_	
0x564968	.text	_ZThn32_N12WaterConcept20Screen_SettingsReset11handleEventEiRKN7Walaber6Widget15WidgetActionRetEPS2_	
0x564970	.text	_ZN12WaterConcept20Screen_SettingsReset9messageRxERKN7Walaber7MessageE	
0x564fe0	.text	_ZThn144_N12WaterConcept20Screen_SettingsReset9messageRxERKN7Walaber7MessageE	
0x564ffc	.text	_ZN12WaterConcept20Screen_SettingsReset23_finishedLoadingWidgetsEPv	
0x56547c	.text	_ZN12WaterConcept20Screen_SettingsReset14backKeyPressedEv	
0x5654b4	.text	_ZN12WaterConcept20Screen_SettingsReset13consumesInputEv	
0x5654bc	.text	_ZN7Walaber14MemberCallbackIN12WaterConcept20Screen_SettingsResetEED0Ev	
0x5654c0	.text	_ZN7Walaber14MemberCallbackIN12WaterConcept20Screen_SettingsResetEE6invokeEPv	
0x5654f0	.text	_ZN12WaterConcept13Screen_SunsetC2Ev	
0x56557c	.text	_ZN12WaterConcept13Screen_SunsetD1Ev	
0x5655d0	.text	_ZThn144_N12WaterConcept13Screen_SunsetD1Ev	
0x5655d8	.text	_ZN12WaterConcept13Screen_SunsetD0Ev	
0x5655fc	.text	_ZThn144_N12WaterConcept13Screen_SunsetD0Ev	
0x565624	.text	_ZN12WaterConcept13Screen_Sunset5enterEv	
0x565914	.text	_ZN12WaterConcept13Screen_Sunset8_buildUIEv	
0x565a88	.text	_ZN7Walaber12SoundManager20getCurrentMusicTrackEv	
0x565b08	.text	_ZN12WaterConcept13Screen_Sunset4exitEv	
0x565b0c	.text	_ZN12WaterConcept13Screen_Sunset11regainedTopEv	
0x565b10	.text	_ZN12WaterConcept13Screen_Sunset6updateEfb	
0x565b18	.text	_ZN12WaterConcept13Screen_Sunset4drawEi	
0x565bac	.text	_ZN12WaterConcept13Screen_Sunset11handleEventEiRKN7Walaber6Widget15WidgetActionRetEPS2_	
0x565f08	.text	_ZThn32_N12WaterConcept13Screen_Sunset11handleEventEiRKN7Walaber6Widget15WidgetActionRetEPS2_	
0x565f10	.text	_ZN12WaterConcept13Screen_Sunset9messageRxERKN7Walaber7MessageE	
0x565f18	.text	_ZThn144_N12WaterConcept13Screen_Sunset9messageRxERKN7Walaber7MessageE	
0x565f20	.text	_ZN12WaterConcept13Screen_Sunset23_finishedLoadingWidgetsEPv	
0x5668ac	.text	_ZN7Walaber9SharedPtrINS_14MemberCallbackIN12WaterConcept13Screen_SunsetEEEED2Ev	
0x566904	.text	_ZN12WaterConcept13Screen_Sunset19_fileExistsCallbackEPv	
0x566a70	.text	_ZN12WaterConcept13Screen_Sunset14backKeyPressedEv	
0x566c64	.text	_ZN12WaterConcept13Screen_Sunset16loadPropertyListERKN7Walaber12PropertyListE	
0x566c6c	.text	_ZN7Walaber14MemberCallbackIN12WaterConcept13Screen_SunsetEED0Ev	
0x566c70	.text	_ZN7Walaber14MemberCallbackIN12WaterConcept13Screen_SunsetEE6invokeEPv	
0x566ca0	.text	_ZN12WaterConcept13Screen_UpsellC1Ev	
0x566d2c	.text	_ZN12WaterConcept13Screen_UpsellD2Ev	
0x566d80	.text	_ZThn144_N12WaterConcept13Screen_UpsellD1Ev	
0x566d88	.text	_ZN12WaterConcept13Screen_UpsellD0Ev	
0x566dac	.text	_ZThn144_N12WaterConcept13Screen_UpsellD0Ev	
0x566dd4	.text	_ZN12WaterConcept13Screen_Upsell5enterEv	
0x5670c4	.text	_ZN12WaterConcept13Screen_Upsell8_buildUIEv	
0x567238	.text	_ZN12WaterConcept13Screen_Upsell4exitEv	
0x56724c	.text	_ZN12WaterConcept13Screen_Upsell11regainedTopEv	
0x567250	.text	_ZN12WaterConcept13Screen_Upsell6updateEfb	
0x567258	.text	_ZN12WaterConcept13Screen_Upsell4drawEi	
0x5672ec	.text	_ZN12WaterConcept13Screen_Upsell11handleEventEiRKN7Walaber6Widget15WidgetActionRetEPS2_	
0x567648	.text	_ZThn32_N12WaterConcept13Screen_Upsell11handleEventEiRKN7Walaber6Widget15WidgetActionRetEPS2_	
0x567650	.text	_ZN12WaterConcept13Screen_Upsell9messageRxERKN7Walaber7MessageE	
0x567658	.text	_ZThn144_N12WaterConcept13Screen_Upsell9messageRxERKN7Walaber7MessageE	
0x567660	.text	_ZN12WaterConcept13Screen_Upsell23_finishedLoadingWidgetsEPv	
0x5682a0	.text	_ZN7Walaber9SharedPtrINS_14MemberCallbackIN12WaterConcept13Screen_UpsellEEEED2Ev	
0x5682f8	.text	_ZN12WaterConcept13Screen_Upsell19_fileExistsCallbackEPv	
0x568464	.text	_ZN12WaterConcept13Screen_Upsell14backKeyPressedEv	
0x568560	.text	_ZN12WaterConcept13Screen_Upsell16loadPropertyListERKN7Walaber12PropertyListE	
0x568568	.text	_ZN7Walaber14MemberCallbackIN12WaterConcept13Screen_UpsellEED0Ev	
0x56856c	.text	_ZN7Walaber14MemberCallbackIN12WaterConcept13Screen_UpsellEE6invokeEPv	
0x56859c	.text	_ZN12WaterConcept19Screen_UpsellWater2C1Ev	
0x568630	.text	_ZN12WaterConcept19Screen_UpsellWater2D2Ev	
0x5686a4	.text	_ZThn144_N12WaterConcept19Screen_UpsellWater2D1Ev	
0x5686ac	.text	_ZN12WaterConcept19Screen_UpsellWater2D0Ev	
0x5686d0	.text	_ZThn144_N12WaterConcept19Screen_UpsellWater2D0Ev	
0x5686f8	.text	_ZN12WaterConcept19Screen_UpsellWater216loadPropertyListERKN7Walaber12PropertyListE	
0x5686fc	.text	_ZN12WaterConcept19Screen_UpsellWater25enterEv	
0x5689bc	.text	_ZN12WaterConcept19Screen_UpsellWater28_goEnterEv	
0x5689c0	.text	_ZN12WaterConcept19Screen_UpsellWater28_buildUIEv	
0x568b3c	.text	_ZN12WaterConcept19Screen_UpsellWater24exitEv	
0x568b44	.text	_ZN12WaterConcept19Screen_UpsellWater26updateEfb	
0x568f8c	.text	_ZN12WaterConcept19Screen_UpsellWater24drawEi	
0x569070	.text	_ZN12WaterConcept19Screen_UpsellWater211handleEventEiRKN7Walaber6Widget15WidgetActionRetEPS2_	
0x5693ec	.text	_ZN12WaterConcept19Screen_UpsellWater219_closeButtonPressedEv	
0x569538	.text	_ZThn32_N12WaterConcept19Screen_UpsellWater211handleEventEiRKN7Walaber6Widget15WidgetActionRetEPS2_	
0x569540	.text	_ZN12WaterConcept19Screen_UpsellWater211handleFocusEPN7Walaber6WidgetENS1_10FocusEventE	
0x569544	.text	_ZThn32_N12WaterConcept19Screen_UpsellWater211handleFocusEPN7Walaber6WidgetENS1_10FocusEventE	
0x56954c	.text	_ZN12WaterConcept19Screen_UpsellWater223_finishedLoadingWidgetsEPv	
0x569f0c	.text	_ZN7Walaber9SharedPtrINS_14MemberCallbackIN12WaterConcept19Screen_UpsellWater2EEEED2Ev	
0x569f64	.text	_ZN12WaterConcept19Screen_UpsellWater219_fileExistsCallbackEPv	
0x56a0d0	.text	_ZN12WaterConcept19Screen_UpsellWater214backKeyPressedEv	
0x56a0d4	.text	_ZNSt6__ndk16__treeINS_12__value_typeIPN7Walaber6WidgetEN12WaterConcept19Screen_UpsellWater214TransitionInfoEEENS_19__map_value_compareIS4_S8_NS_4lessIS4_EELb1EEENS_9allocatorIS8_EEE7destroyEPNS_11__tree_nodeIS8_PvEE	
0x56a124	.text	_ZNSt6__ndk16vectorIN12WaterConcept19Screen_UpsellWater214TransitionTypeENS_9allocatorIS3_EEE6assignIPS3_EENS_9enable_ifIXaasr21__is_forward_iteratorIT_EE5valuesr16is_constructibleIS3_NS_15iterator_traitsISA_E9referenceEEE5valueEvE4typeESA_SA_	assign<WaterConcept::Screen_UpsellWater2::TransitionType*>
0x56a264	.text	_ZNSt6__ndk16vectorIN12WaterConcept19Screen_UpsellWater214TransitionTypeENS_9allocatorIS3_EEE11__vallocateEm	
0x56a2a8	.text	_ZN7Walaber14MemberCallbackIN12WaterConcept19Screen_UpsellWater2EED0Ev	
0x56a2ac	.text	_ZN7Walaber14MemberCallbackIN12WaterConcept19Screen_UpsellWater2EE6invokeEPv	
0x56a2dc	.text	_ZNSt6__ndk16vectorIN12WaterConcept19Screen_UpsellWater214TransitionTypeENS_9allocatorIS3_EEE21__push_back_slow_pathIS3_EEvOT_	__push_back_slow_path<WaterConcept::Screen_UpsellWater2::TransitionType>
0x56a400	.text	_ZNSt6__ndk114__split_bufferIN12WaterConcept19Screen_UpsellWater214TransitionTypeERNS_9allocatorIS3_EEEC2EmmS6_	
0x56a4b0	.text	_ZNSt6__ndk16__treeINS_12__value_typeIPN7Walaber6WidgetEN12WaterConcept19Screen_UpsellWater214TransitionInfoEEENS_19__map_value_compareIS4_S8_NS_4lessIS4_EELb1EEENS_9allocatorIS8_EEE25__emplace_unique_key_argsIS4_JRKNS_21piecewise_construct_tENS_5tupleIJRKS4_EEENSK_IJEEEEEENS_4pairINS_15__tree_iteratorIS8_PNS_11__tree_nodeIS8_PvEElEEbEERKT_DpOT0_	__emplace_unique_key_args<Walaber::Widget*,std::__ndk1::piecewise_construct_t_const&,std::__ndk1::tuple<Walaber::Widget*const&>,std::__ndk1::tuple<>>
0x56a5ac	.text	_ZNSt6__ndk16__treeINS_12__value_typeIPN7Walaber6WidgetEN12WaterConcept19Screen_UpsellWater214TransitionInfoEEENS_19__map_value_compareIS4_S8_NS_4lessIS4_EELb1EEENS_9allocatorIS8_EEE16__insert_node_atEPNS_15__tree_end_nodeIPNS_16__tree_node_baseIPvEEEERSK_SK_	
0x56a600	.text	_ZN12WaterConcept16Screen_WaterTestC1Ev	
0x56af74	.text	_ZN12WaterConcept16Screen_WaterTestD1Ev	
0x56b23c	.text	_ZThn144_N12WaterConcept16Screen_WaterTestD1Ev	
0x56b244	.text	_ZN12WaterConcept16Screen_WaterTestD0Ev	
0x56b268	.text	_ZThn144_N12WaterConcept16Screen_WaterTestD0Ev	
0x56b290	.text	_ZN12WaterConcept16Screen_WaterTest16loadPropertyListERKN7Walaber12PropertyListE	
0x56bd64	.text	_ZN12WaterConcept16Screen_WaterTest12preloadLevelEb	
0x56d8ac	.text	_ZN12WaterConcept16Screen_WaterTest9loadLevelERKNSt6__ndk112basic_stringIcNS1_11char_traitsIcEENS1_9allocatorIcEEEES9_	
0x56e6f4	.text	_ZN12WaterConcept16Screen_WaterTest5enterEv	
0x5711dc	.text	_ZN12WaterConcept16Screen_WaterTest8_buildUIEv	
0x5714a8	.text	_ZN12WaterConcept16Screen_WaterTest25_setupRenderTextureBufferEv	
0x571594	.text	_ZN12WaterConcept16Screen_WaterTest4exitEv	
0x571738	.text	_ZN12WaterConcept16Screen_WaterTest23recreateGraphicsContextEv	
0x57178c	.text	_ZN12WaterConcept16Screen_WaterTest19PhotoFinishSnapshot30CreatePhotoFinishRenderTextureERN7Walaber9SharedPtrINS2_15RenderTexture2DEEE	
0x571800	.text	_ZN12WaterConcept16Screen_WaterTest6updateEfb	
0x57ce08	.text	_ZN12WaterConcept16Screen_WaterTest20_setSliderFromCameraEv	
0x57cedc	.text	_ZN12WaterConcept16Screen_WaterTest32_goToWorldSelectPuppetShowExistsEPv	
0x57d2bc	.text	_ZN7Walaber9SharedPtrINS_14MemberCallbackIN12WaterConcept16Screen_WaterTestEEEED2Ev	
0x57d314	.text	_ZN12WaterConcept16Screen_WaterTest14_focusOnSwampyEb	
0x57d3f0	.text	_ZN12WaterConcept16Screen_WaterTest11_gotAllieSEEPv	
0x57d448	.text	_ZN12WaterConcept16Screen_WaterTest11replayLevelEb	
0x57db00	.text	_ZN12WaterConcept16Screen_WaterTest20_cautiousCutterCheckEv	
0x57ddfc	.text	_ZN12WaterConcept16Screen_WaterTest18_clipCameraToWorldEv	
0x57dfd0	.text	_ZN12WaterConcept16Screen_WaterTest28_updateSwampyButtonPlacementEv	
0x57e0f0	.text	_ZN12WaterConcept16Screen_WaterTest21_goNextPlatinumDuckPSEv	
0x57e7ec	.text	_ZN12WaterConcept8StarSeed25triggerPlatinumLightIntroEf	
0x57e8c8	.text	_ZN12WaterConcept16Screen_WaterTest21_updatePlatinumDuckPSEf	
0x57ea44	.text	_ZN12WaterConcept16Screen_WaterTest4drawEi	
0x57ee44	.text	_ZN12WaterConcept16Screen_WaterTest16_drawPhotoFinishEv	
0x57f074	.text	_ZN12WaterConcept16Screen_WaterTest32_createPhotoFinishScreenGrabCopyEN7Walaber25TextureInMemoryColorspaceE	
0x57f144	.text	_ZN12WaterConcept16Screen_WaterTest12_drawEndcapsEv	
0x57f5c4	.text	_ZN12WaterConcept16Screen_WaterTest17_drawPlatinumDuckEPN7Walaber11SpriteBatchE	
0x57fcd8	.text	_ZN12WaterConcept16Screen_WaterTest20accelerometerChangedEfff	
0x57fe08	.text	_ZN12WaterConcept16Screen_WaterTest13_bombCallbackEPv	
0x57fe98	.text	_ZN12WaterConcept16Screen_WaterTest20_collectibleCallbackEPv	
0x5810e4	.text	_ZN12WaterConcept16Screen_WaterTest14_touchCallbackEPv	
0x581370	.text	_ZN12WaterConcept16Screen_WaterTest15_loadLevelPart2EPv	
0x581f80	.text	_ZN12WaterConcept16Screen_WaterTest14_finalLoadStepEv	
0x5848c8	.text	_ZN12WaterConcept16Screen_WaterTest9nextLevelEbb	
0x585c30	.text	_ZN12WaterConcept16Screen_WaterTest12beingStackedEv	
0x585ef0	.text	_ZN12WaterConcept16Screen_WaterTest11regainedTopEv	
0x5861e4	.text	_ZN12WaterConcept16Screen_WaterTest11handleEventEiRKN7Walaber6Widget15WidgetActionRetEPS2_	
0x586e14	.text	_ZN12WaterConcept16Screen_WaterTest14_screenToWorldERKN7Walaber7Vector2E	
0x586e64	.text	_ZN12WaterConcept16Screen_WaterTest20_setCameraFromSliderEv	
0x586f7c	.text	_ZN12WaterConcept16Screen_WaterTest20_showChallengeDialogEv	
0x588478	.text	_ZThn32_N12WaterConcept16Screen_WaterTest11handleEventEiRKN7Walaber6Widget15WidgetActionRetEPS2_	
0x588480	.text	_ZN12WaterConcept16Screen_WaterTest9touchDownEiN7Walaber7Vector2E	
0x5884d4	.text	_ZN12WaterConcept16Screen_WaterTest10touchMovedEiN7Walaber7Vector2ES2_	
0x588530	.text	_ZN12WaterConcept16Screen_WaterTest7touchUpEiN7Walaber7Vector2E	
0x588584	.text	_ZN12WaterConcept16Screen_WaterTest15finishedLoadingEv	
0x5885ac	.text	_ZN12WaterConcept16Screen_WaterTest11handleFocusEPN7Walaber6WidgetENS1_10FocusEventE	
0x588648	.text	_ZThn32_N12WaterConcept16Screen_WaterTest11handleFocusEPN7Walaber6WidgetENS1_10FocusEventE	
0x58864c	.text	_ZN12WaterConcept16Screen_WaterTest14setIsDrawPauseEb	
0x588658	.text	_ZN12WaterConcept16Screen_WaterTest9messageRxERKN7Walaber7MessageE	
0x588c88	.text	_ZThn144_N12WaterConcept16Screen_WaterTest9messageRxERKN7Walaber7MessageE	
0x588c90	.text	_ZN12WaterConcept16Screen_WaterTest14_worldToScreenERKN7Walaber7Vector2E	
0x588ce8	.text	_ZN12WaterConcept16Screen_WaterTest23_finishedLoadingWidgetsEPv	
0x5896f0	.text	_ZN12WaterConcept16Screen_WaterTest22_worldSizeToScreenSizeERKN7Walaber7Vector2E	
0x589718	.text	_ZN12WaterConcept16Screen_WaterTest20_setScreenTopInWorldEN7Walaber4AABBE	
0x589780	.text	_ZN12WaterConcept16Screen_WaterTest15_updateDatabaseEv	
0x589784	.text	_ZN7Walaber12Widget_Label29setTextEdgePaddingPercentSizeEf	
0x589850	.text	_ZN7Walaber12Widget_Label31setTextEdgeLRPaddingPercentSizeEff	
0x5898e0	.text	_ZN12WaterConcept16Screen_WaterTest16_focusOnPositionERKN7Walaber7Vector2Efffbb	
0x589aa4	.text	_ZN12WaterConcept16Screen_WaterTest14backKeyPressedEv	
0x589b0c	.text	_ZN12WaterConcept16Screen_WaterTest28_grabAndPlayMysteryDuckSoundEN21WaterConceptConstants12SoundIndexesEi	
0x589cbc	.text	_ZN12WaterConcept16Screen_WaterTest13_gotMysterySEEPv	
0x589cec	.text	_ZN12WaterConcept16Screen_WaterTest21_drawFingerRecordingsEv	
0x58a344	.text	_ZN12WaterConcept16Screen_WaterTest19PhotoFinishSnapshot21InitFromRenderTextureEN7Walaber9SharedPtrINS2_15RenderTexture2DEEE	
0x58a378	.text	_ZNSt6__ndk16__treeINS_12__value_typeIiN12WaterConcept16Screen_WaterTest10StrokeInfoEEENS_19__map_value_compareIiS5_NS_4lessIiEELb1EEENS_9allocatorIS5_EEE7destroyEPNS_11__tree_nodeIS5_PvEE	
0x58a3c8	.text	_ZNSt6__ndk16vectorIN12WaterConcept16Screen_WaterTest11FingerStampENS_9allocatorIS3_EEE6assignIPS3_EENS_9enable_ifIXaasr21__is_forward_iteratorIT_EE5valuesr16is_constructibleIS3_NS_15iterator_traitsISA_E9referenceEEE5valueEvE4typeESA_SA_	assign<WaterConcept::Screen_WaterTest::FingerStamp*>
0x58a554	.text	_ZNSt6__ndk16vectorIN12WaterConcept16Screen_WaterTest11FingerStampENS_9allocatorIS3_EEE11__vallocateEm	
0x58a5a4	.text	_ZNSt6__ndk113__vector_baseIN12WaterConcept16Screen_WaterTest10StrokeInfoENS_9allocatorIS3_EEED2Ev	
0x58a618	.text	_ZN7Walaber14MemberCallbackIN12WaterConcept16Screen_WaterTestEED0Ev	
0x58a61c	.text	_ZN7Walaber14MemberCallbackIN12WaterConcept16Screen_WaterTestEE6invokeEPv	
0x58a64c	.text	_ZNSt6__ndk16vectorIN12WaterConcept16Screen_WaterTest10StrokeInfoENS_9allocatorIS3_EEE21__push_back_slow_pathIRKS3_EEvOT_	__push_back_slow_path<WaterConcept::Screen_WaterTest::StrokeInfo_const&>
0x58a73c	.text	_ZNSt6__ndk16vectorIN12WaterConcept16Screen_WaterTest11FingerStampENS_9allocatorIS3_EEEC2ERKS6_	
0x58a7e0	.text	_ZNSt6__ndk114__split_bufferIN12WaterConcept16Screen_WaterTest10StrokeInfoERNS_9allocatorIS3_EEEC2EmmS6_	
0x58a890	.text	_ZNSt6__ndk16vectorIN12WaterConcept16Screen_WaterTest10StrokeInfoENS_9allocatorIS3_EEE26__swap_out_circular_bufferERNS_14__split_bufferIS3_RS5_EE	
0x58a91c	.text	_ZNSt6__ndk114__split_bufferIN12WaterConcept16Screen_WaterTest10StrokeInfoERNS_9allocatorIS3_EEED2Ev	
0x58a980	.text	_ZNSt6__ndk16vectorIN12WaterConcept16Screen_WaterTest11FingerStampENS_9allocatorIS3_EEE21__push_back_slow_pathIRKS3_EEvOT_	__push_back_slow_path<WaterConcept::Screen_WaterTest::FingerStamp_const&>
0x58ab00	.text	_ZNSt6__ndk114__split_bufferIN12WaterConcept16Screen_WaterTest11FingerStampERNS_9allocatorIS3_EEEC2EmmS6_	
0x58abc4	.text	_ZNSt6__ndk16vectorIN12WaterConcept16Screen_WaterTest11FingerStampENS_9allocatorIS3_EEE26__swap_out_circular_bufferERNS_14__split_bufferIS3_RS5_EE	
0x58ac38	.text	_ZNSt6__ndk16__treeINS_12__value_typeIiN12WaterConcept16Screen_WaterTest10StrokeInfoEEENS_19__map_value_compareIiS5_NS_4lessIiEELb1EEENS_9allocatorIS5_EEE25__emplace_unique_key_argsIiJRKNS_21piecewise_construct_tENS_5tupleIJRKiEEENSH_IJEEEEEENS_4pairINS_15__tree_iteratorIS5_PNS_11__tree_nodeIS5_PvEElEEbEERKT_DpOT0_	__emplace_unique_key_args<int,std::__ndk1::piecewise_construct_t_const&,std::__ndk1::tuple<int_const&>,std::__ndk1::tuple<>>
0x58ad10	.text	_ZNSt6__ndk16__treeINS_12__value_typeIiN12WaterConcept16Screen_WaterTest10StrokeInfoEEENS_19__map_value_compareIiS5_NS_4lessIiEELb1EEENS_9allocatorIS5_EEE16__insert_node_atEPNS_15__tree_end_nodeIPNS_16__tree_node_baseIPvEEEERSH_SH_	
0x58ad64	.text	_ZN12WaterConcept18Screen_WorldSelectC1Ev	
0x58aff8	.text	_ZN12WaterConcept18Screen_WorldSelectD1Ev	
0x58b0dc	.text	_ZN12WaterConcept18Screen_WorldSelect23_unloadLocksmithSpritesEv	
0x58b120	.text	_ZThn144_N12WaterConcept18Screen_WorldSelectD1Ev	
0x58b128	.text	_ZN12WaterConcept18Screen_WorldSelectD0Ev	
0x58b14c	.text	_ZThn144_N12WaterConcept18Screen_WorldSelectD0Ev	
0x58b174	.text	_ZN12WaterConcept18Screen_WorldSelect16loadPropertyListERKN7Walaber12PropertyListE	
0x58b458	.text	_ZN12WaterConcept18Screen_WorldSelect5enterEv	
0x58fc18	.text	_ZN12WaterConcept18Screen_WorldSelect22_checkAndDeleteGiftAppEv	
0x58fe28	.text	_ZN12WaterConcept18Screen_WorldSelect29_spriteAnimationEventCallbackEPv	
0x58ffac	.text	_ZN7Walaber9SharedPtrINS_14MemberCallbackIN12WaterConcept18Screen_WorldSelectEEEED2Ev	
0x590004	.text	_ZN12WaterConcept18Screen_WorldSelect8_buildUIEv	
0x5902d0	.text	_ZN12WaterConcept18Screen_WorldSelect4exitEv	
0x5902d4	.text	_ZN12WaterConcept18Screen_WorldSelect6updateEfb	
0x591a8c	.text	_ZN12WaterConcept18Screen_WorldSelect21_loadLockSmithSpritesEv	
0x592840	.text	_ZN12WaterConcept18Screen_WorldSelect23_updateLocksmithSpritesEf	
0x592884	.text	_ZN12WaterConcept18Screen_WorldSelect4drawEi	
0x5929fc	.text	_ZN12WaterConcept18Screen_WorldSelect21_drawLocksmithSpritesEPN7Walaber11SpriteBatchE	
0x592a48	.text	_ZN12WaterConcept18Screen_WorldSelect12beingStackedEv	
0x592a50	.text	_ZN12WaterConcept18Screen_WorldSelect11regainedTopEv	
0x592a54	.text	_ZN12WaterConcept18Screen_WorldSelect11handleEventEiRKN7Walaber6Widget15WidgetActionRetEPS2_	
0x5980bc	.text	_ZThn32_N12WaterConcept18Screen_WorldSelect11handleEventEiRKN7Walaber6Widget15WidgetActionRetEPS2_	
0x5980c4	.text	_ZN12WaterConcept18Screen_WorldSelect9messageRxERKN7Walaber7MessageE	
0x59b69c	.text	_ZThn144_N12WaterConcept18Screen_WorldSelect9messageRxERKN7Walaber7MessageE	
0x59b6a4	.text	_ZN12WaterConcept18Screen_WorldSelect23_finishedLoadingWidgetsEPv	
0x5a1a88	.text	_ZN12WaterConcept18Screen_WorldSelect38_locksmithSpriteAnimationEventCallbackEPv	
0x5a2568	.text	_ZN7Walaber6Sprite21getCurrentFrameOffsetEv	
0x5a2654	.text	_ZN12WaterConcept18Screen_WorldSelect14backKeyPressedEv	
0x5a2794	.text	_ZN12WaterConcept18Screen_WorldSelect9touchDownEiN7Walaber7Vector2E	
0x5a27f0	.text	_ZN12WaterConcept18Screen_WorldSelect10touchMovedEiN7Walaber7Vector2ES2_	
0x5a2858	.text	_ZN12WaterConcept18Screen_WorldSelect7touchUpEiN7Walaber7Vector2E	
0x5a28b4	.text	_ZNSt6__ndk16vectorIN21WaterConceptConstants8PackTypeENS_9allocatorIS2_EEE21__push_back_slow_pathIS2_EEvOT_	__push_back_slow_path<WaterConceptConstants::PackType>
0x5a29d8	.text	_ZNSt6__ndk114__split_bufferIN21WaterConceptConstants8PackTypeERNS_9allocatorIS2_EEEC2EmmS5_	
0x5a2a88	.text	_ZN7Walaber14MemberCallbackIN12WaterConcept18Screen_WorldSelectEED0Ev	
0x5a2a8c	.text	_ZN7Walaber14MemberCallbackIN12WaterConcept18Screen_WorldSelectEE6invokeEPv	
0x5a2abc	.text	_ZNSt6__ndk16__treeINS_12__value_typeINS_12basic_stringIcNS_11char_traitsIcEENS_9allocatorIcEEEEPN7Walaber11AchievementEEENS_19__map_value_compareIS7_SB_NS_4lessIS7_EELb1EEENS5_ISB_EEE30__emplace_hint_unique_key_argsIS7_JRKNS_4pairIKS7_SA_EEEEENS_15__tree_iteratorISB_PNS_11__tree_nodeISB_PvEElEENS_21__tree_const_iteratorISB_SS_lEERKT_DpOT0_	__emplace_hint_unique_key_args<std::__ndk1::basic_string<char,std::__ndk1::char_traits<char>,std::__ndk1::allocator<char>>,std::__ndk1::pair<std::__ndk1::basic_string<char,std::__ndk1::char_traits<char>,std::__ndk1::allocator<char>>const,Walaber::Achievement*>const&>
0x5a2b4c	.text	_ZNSt6__ndk16__treeINS_12__value_typeINS_12basic_stringIcNS_11char_traitsIcEENS_9allocatorIcEEEEPN7Walaber11AchievementEEENS_19__map_value_compareIS7_SB_NS_4lessIS7_EELb1EEENS5_ISB_EEE12__find_equalIS7_EERPNS_16__tree_node_baseIPvEENS_21__tree_const_iteratorISB_PNS_11__tree_nodeISB_SK_EElEERPNS_15__tree_end_nodeISM_EESN_RKT_	__find_equal<std::__ndk1::basic_string<char,std::__ndk1::char_traits<char>,std::__ndk1::allocator<char>>>
0x5a2e38	.text	_ZNSt6__ndk16__treeINS_12__value_typeINS_12basic_stringIcNS_11char_traitsIcEENS_9allocatorIcEEEEPN7Walaber11AchievementEEENS_19__map_value_compareIS7_SB_NS_4lessIS7_EELb1EEENS5_ISB_EEE16__construct_nodeIJRKNS_4pairIKS7_SA_EEEEENS_10unique_ptrINS_11__tree_nodeISB_PvEENS_22__tree_node_destructorINS5_ISR_EEEEEEDpOT_	__construct_node<std::__ndk1::pair<std::__ndk1::basic_string<char,std::__ndk1::char_traits<char>,std::__ndk1::allocator<char>>const,Walaber::Achievement*>const&>
0x5a2eac	.text	_ZN12WaterConcept12ScreenLoader14screenFromNameEPv	
0x5a32c0	.text	_ZN12WaterConcept21WaterDemoScreenLoader14screenFromNameEPv	
0x5a343c	.text	_ZN12WaterConcept22CustomTransitionLoader4initEv	
0x5a355c	.text	_ZN12WaterConcept22CustomTransitionLoader18transitionFromNameEPv	
0x5a3564	.text	_ZN7Walaber16TransitionLoader19addTransitionLoaderENS_9SharedPtrINS_8CallbackEEE	
0x5a35b4	.text	_ZN7Walaber9SharedPtrINS_14MemberCallbackIN12WaterConcept22CustomTransitionLoaderEEEED2Ev	
0x5a360c	.text	_ZNSt6__ndk16vectorIN7Walaber9SharedPtrINS1_8CallbackEEENS_9allocatorIS4_EEE21__push_back_slow_pathIRKS4_EEvOT_	__push_back_slow_path<Walaber::SharedPtr<Walaber::Callback>const&>
0x5a3708	.text	_ZN7Walaber14MemberCallbackIN12WaterConcept22CustomTransitionLoaderEED0Ev	
0x5a370c	.text	_ZN7Walaber14MemberCallbackIN12WaterConcept22CustomTransitionLoaderEE6invokeEPv	
0x5a3ca8	.text	_ZSt18uncaught_exceptionv	
0x5a3cc4	.text	_ZSt19uncaught_exceptionsv	
0x5a3cc8	.text	_ZNSt13exception_ptrD1Ev	
0x5a3cd0	.text	_ZNSt13exception_ptrC1ERKS_	
0x5a3ce0	.text	_ZNSt13exception_ptraSERKS_	
0x5a3d28	.text	_ZNSt16nested_exceptionC2Ev	
0x5a3d5c	.text	_ZSt17current_exceptionv	
0x5a3d80	.text	_ZNSt16nested_exceptionD1Ev	
0x5a3d9c	.text	_ZNSt16nested_exceptionD0Ev	
0x5a3dd4	.text	_ZNKSt16nested_exception14rethrow_nestedEv	
0x5a3e28	.text	_ZSt17rethrow_exceptionSt13exception_ptr	
0x5a3e84	.text	_ZNSt6__ndk18ios_base5clearEj	
0x5a40ac	.text	_ZNSt6__ndk18ios_baseD1Ev	
0x5a4130	.text	_ZNSt6__ndk19basic_iosIcNS_11char_traitsIcEEED1Ev	
0x5a4134	.text	_ZNSt6__ndk19basic_iosIcNS_11char_traitsIcEEED0Ev	
0x5a41a4	.text	_ZNSt6__ndk19basic_iosIcNS_11char_traitsIcEEE7copyfmtERKS3_	
0x5a4268	.text	_ZNSt6__ndk18ios_base16__call_callbacksENS0_5eventE	
0x5a42c0	.text	_ZNSt6__ndk18ios_base7copyfmtERKS0_	
0x5a4894	.text	_ZNKSt6__ndk18ios_base6getlocEv	
0x5a48a0	.text	_ZNSt6__ndk18ios_base5imbueERKNS_6localeE	
0x5a492c	.text	_ZNSt6__ndk115basic_streambufIcNS_11char_traitsIcEEE8pubimbueERKNS_6localeE	
0x5a4a30	.text	_ZNSt6__ndk18ios_base4initEPv	
0x5a4b0c	.text	_ZNSt6__ndk18ios_base4moveERS0_	
0x5a4c6c	.text	_ZNSt6__ndk18ios_base4swapERS0_	
0x5a4f34	.text	_ZNSt6__ndk19basic_iosIwNS_11char_traitsIwEEED1Ev	
0x5a4f38	.text	_ZNSt6__ndk19basic_iosIwNS_11char_traitsIwEEED0Ev	
0x5a4fa8	.text	_ZNSt6__ndk19basic_iosIwNS_11char_traitsIwEEE7copyfmtERKS3_	
0x5a52dc	.text	_ZNSt6__ndk115basic_streambufIwNS_11char_traitsIwEEE8pubimbueERKNS_6localeE	
0x5a555c	.text	_ZNSt6__ndk115basic_streambufIcNS_11char_traitsIcEEED1Ev	
0x5a55a4	.text	_ZNKSt6__ndk115basic_streambufIcNS_11char_traitsIcEEE6getlocEv	
0x5a55b0	.text	_ZNSt6__ndk115basic_streambufIcNS_11char_traitsIcEEE9pubsetbufEPcl	
0x5a55bc	.text	_ZNSt6__ndk115basic_streambufIcNS_11char_traitsIcEEE10pubseekoffExNS_8ios_base7seekdirEj	
0x5a55c8	.text	_ZNSt6__ndk115basic_streambufIcNS_11char_traitsIcEEE10pubseekposENS_4fposI9mbstate_tEEj	
0x5a55d4	.text	_ZNSt6__ndk115basic_streambufIcNS_11char_traitsIcEEE7pubsyncEv	
0x5a55e0	.text	_ZNSt6__ndk115basic_streambufIcNS_11char_traitsIcEEE8in_availEv	
0x5a5600	.text	_ZNSt6__ndk115basic_streambufIcNS_11char_traitsIcEEE6snextcEv	
0x5a567c	.text	_ZNSt6__ndk115basic_streambufIcNS_11char_traitsIcEEE6sbumpcEv	
0x5a56a4	.text	_ZNSt6__ndk115basic_streambufIcNS_11char_traitsIcEEE5sgetcEv	
0x5a56c4	.text	_ZNSt6__ndk115basic_streambufIcNS_11char_traitsIcEEE5sgetnEPcl	
0x5a56d0	.text	_ZNSt6__ndk115basic_streambufIcNS_11char_traitsIcEEE9sputbackcEc	
0x5a5704	.text	_ZNSt6__ndk115basic_streambufIcNS_11char_traitsIcEEE7sungetcEv	
0x5a5730	.text	_ZNSt6__ndk115basic_streambufIcNS_11char_traitsIcEEE5sputcEc	
0x5a5764	.text	_ZNSt6__ndk115basic_streambufIcNS_11char_traitsIcEEE5sputnEPKcl	
0x5a5770	.text	_ZNSt6__ndk115basic_streambufIcNS_11char_traitsIcEEEC2Ev	
0x5a57ac	.text	_ZNSt6__ndk115basic_streambufIcNS_11char_traitsIcEEEC1ERKS3_	
0x5a5800	.text	_ZNSt6__ndk115basic_streambufIcNS_11char_traitsIcEEEaSERKS3_	
0x5a5848	.text	_ZNSt6__ndk115basic_streambufIcNS_11char_traitsIcEEE4swapERS3_	
0x5a594c	.text	_ZNSt6__ndk115basic_streambufIcNS_11char_traitsIcEEE5gbumpEi	
0x5a595c	.text	_ZNSt6__ndk115basic_streambufIcNS_11char_traitsIcEEE4setgEPcS4_S4_	
0x5a5980	.text	_ZNSt6__ndk115basic_streambufIcNS_11char_traitsIcEEE5pbumpEi	
0x5a59a0	.text	_ZNSt6__ndk115basic_streambufIcNS_11char_traitsIcEEE4setpEPcS4_	
0x5a59ac	.text	_ZNSt6__ndk115basic_streambufIwNS_11char_traitsIwEEED1Ev	
0x5a59c0	.text	_ZNSt6__ndk115basic_streambufIwNS_11char_traitsIwEEED0Ev	
0x5a59f4	.text	_ZNKSt6__ndk115basic_streambufIwNS_11char_traitsIwEEE6getlocEv	
0x5a5a00	.text	_ZNSt6__ndk115basic_streambufIwNS_11char_traitsIwEEE9pubsetbufEPwl	
0x5a5a0c	.text	_ZNSt6__ndk115basic_streambufIwNS_11char_traitsIwEEE10pubseekoffExNS_8ios_base7seekdirEj	
0x5a5a18	.text	_ZNSt6__ndk115basic_streambufIwNS_11char_traitsIwEEE10pubseekposENS_4fposI9mbstate_tEEj	
0x5a5a24	.text	_ZNSt6__ndk115basic_streambufIwNS_11char_traitsIwEEE7pubsyncEv	
0x5a5a30	.text	_ZNSt6__ndk115basic_streambufIwNS_11char_traitsIwEEE8in_availEv	
0x5a5a54	.text	_ZNSt6__ndk115basic_streambufIwNS_11char_traitsIwEEE6snextcEv	
0x5a5ad4	.text	_ZNSt6__ndk115basic_streambufIwNS_11char_traitsIwEEE6sbumpcEv	
0x5a5afc	.text	_ZNSt6__ndk115basic_streambufIwNS_11char_traitsIwEEE5sgetcEv	
0x5a5b1c	.text	_ZNSt6__ndk115basic_streambufIwNS_11char_traitsIwEEE5sgetnEPwl	
0x5a5b28	.text	_ZNSt6__ndk115basic_streambufIwNS_11char_traitsIwEEE9sputbackcEw	
0x5a5b58	.text	_ZNSt6__ndk115basic_streambufIwNS_11char_traitsIwEEE7sungetcEv	
0x5a5b84	.text	_ZNSt6__ndk115basic_streambufIwNS_11char_traitsIwEEE5sputcEw	
0x5a5bb0	.text	_ZNSt6__ndk115basic_streambufIwNS_11char_traitsIwEEE5sputnEPKwl	
0x5a5bbc	.text	_ZNSt6__ndk115basic_streambufIwNS_11char_traitsIwEEEC2Ev	
0x5a5bf8	.text	_ZNSt6__ndk115basic_streambufIwNS_11char_traitsIwEEEC1ERKS3_	
0x5a5c4c	.text	_ZNSt6__ndk115basic_streambufIwNS_11char_traitsIwEEEaSERKS3_	
0x5a5c94	.text	_ZNSt6__ndk115basic_streambufIwNS_11char_traitsIwEEE4swapERS3_	
0x5a5d98	.text	_ZNSt6__ndk115basic_streambufIwNS_11char_traitsIwEEE5gbumpEi	
0x5a5da8	.text	_ZNSt6__ndk115basic_streambufIwNS_11char_traitsIwEEE4setgEPwS4_S4_	
0x5a5dcc	.text	_ZNSt6__ndk115basic_streambufIwNS_11char_traitsIwEEE5pbumpEi	
0x5a5dec	.text	_ZNSt6__ndk115basic_streambufIwNS_11char_traitsIwEEE4setpEPwS4_	
0x5a5df8	.text	_ZNSt6__ndk115basic_streambufIwNS_11char_traitsIwEEE5imbueERKNS_6localeE	
0x5a5dfc	.text	_ZNSt6__ndk115basic_streambufIwNS_11char_traitsIwEEE6setbufEPwl	
0x5a5e00	.text	_ZNSt6__ndk115basic_streambufIwNS_11char_traitsIwEEE7seekoffExNS_8ios_base7seekdirEj	
0x5a5e0c	.text	_ZNSt6__ndk115basic_streambufIwNS_11char_traitsIwEEE7seekposENS_4fposI9mbstate_tEEj	
0x5a5e18	.text	_ZNSt6__ndk115basic_streambufIwNS_11char_traitsIwEEE4syncEv	
0x5a5e20	.text	_ZNSt6__ndk115basic_streambufIwNS_11char_traitsIwEEE9showmanycEv	
0x5a5e28	.text	_ZNSt6__ndk115basic_streambufIwNS_11char_traitsIwEEE6xsgetnEPwl	
0x5a5ef8	.text	_ZNSt6__ndk115basic_streambufIwNS_11char_traitsIwEEE9underflowEv	
0x5a5f00	.text	_ZNSt6__ndk115basic_streambufIwNS_11char_traitsIwEEE5uflowEv	
0x5a5f40	.text	_ZNSt6__ndk115basic_streambufIwNS_11char_traitsIwEEE9pbackfailEj	
0x5a5f48	.text	_ZNSt6__ndk115basic_streambufIwNS_11char_traitsIwEEE6xsputnEPKwl	
0x5a6018	.text	_ZNSt6__ndk115basic_streambufIwNS_11char_traitsIwEEE8overflowEj	
0x5a6020	.text	_ZNSt6__ndk113basic_istreamIcNS_11char_traitsIcEEEC2EPNS_15basic_streambufIcS2_EE	
0x5a60a8	.text	_ZNSt6__ndk113basic_istreamIcNS_11char_traitsIcEEEC1EPNS_15basic_streambufIcS2_EE	
0x5a6128	.text	_ZNSt6__ndk113basic_istreamIcNS_11char_traitsIcEEED2Ev	
0x5a6334	.text	_ZNSt6__ndk113basic_istreamIcNS_11char_traitsIcEEE4swapERS3_	
0x5a63a0	.text	_ZNSt6__ndk113basic_istreamIcNS_11char_traitsIcEEE6sentryC1ERS3_b	
0x5a659c	.text	_ZNSt6__ndk113basic_istreamIcNS_11char_traitsIcEEErsEPFRS3_S4_E	
0x5a65a0	.text	_ZNSt6__ndk113basic_istreamIcNS_11char_traitsIcEEErsEPFRNS_9basic_iosIcS2_EES6_E	
0x5a65d0	.text	_ZNSt6__ndk113basic_istreamIcNS_11char_traitsIcEEErsEPFRNS_8ios_baseES5_E	
0x5a6600	.text	_ZNSt6__ndk113basic_istreamIcNS_11char_traitsIcEEErsEPNS_15basic_streambufIcS2_EE	
0x5a67f8	.text	_ZNSt6__ndk18ios_base34__set_failbit_and_consider_rethrowEv	
0x5a681c	.text	_ZNSt6__ndk18ios_base33__set_badbit_and_consider_rethrowEv	
0x5a6840	.text	_ZNSt6__ndk113basic_istreamIcNS_11char_traitsIcEEErsERb	
0x5a6984	.text	_ZNSt6__ndk113basic_istreamIcNS_11char_traitsIcEEErsERs	
0x5a6b08	.text	_ZNSt6__ndk113basic_istreamIcNS_11char_traitsIcEEErsERt	
0x5a6c4c	.text	_ZNSt6__ndk113basic_istreamIcNS_11char_traitsIcEEErsERi	
0x5a6dd4	.text	_ZNSt6__ndk113basic_istreamIcNS_11char_traitsIcEEErsERj	
0x5a6f18	.text	_ZNSt6__ndk113basic_istreamIcNS_11char_traitsIcEEErsERl	
0x5a705c	.text	_ZNSt6__ndk113basic_istreamIcNS_11char_traitsIcEEErsERm	
0x5a71a0	.text	_ZNSt6__ndk113basic_istreamIcNS_11char_traitsIcEEErsERx	
0x5a72e4	.text	_ZNSt6__ndk113basic_istreamIcNS_11char_traitsIcEEErsERy	
0x5a7428	.text	_ZNSt6__ndk113basic_istreamIcNS_11char_traitsIcEEErsERf	
0x5a756c	.text	_ZNSt6__ndk113basic_istreamIcNS_11char_traitsIcEEErsERd	
0x5a76b0	.text	_ZNSt6__ndk113basic_istreamIcNS_11char_traitsIcEEErsERe	
0x5a77f4	.text	_ZNSt6__ndk113basic_istreamIcNS_11char_traitsIcEEErsERPv	
0x5a7940	.text	_ZNSt6__ndk113basic_istreamIcNS_11char_traitsIcEEE3getEv	
0x5a7a44	.text	_ZNSt6__ndk113basic_istreamIcNS_11char_traitsIcEEE3getERc	
0x5a7a78	.text	_ZNSt6__ndk113basic_istreamIcNS_11char_traitsIcEEE3getEPcl	
0x5a7b40	.text	_ZNSt6__ndk113basic_istreamIcNS_11char_traitsIcEEE3getEPclc	
0x5a7d40	.text	_ZNSt6__ndk113basic_istreamIcNS_11char_traitsIcEEE3getERNS_15basic_streambufIcS2_EE	
0x5a7df8	.text	_ZNSt6__ndk113basic_istreamIcNS_11char_traitsIcEEE3getERNS_15basic_streambufIcS2_EEc	
0x5a7fb0	.text	_ZNSt6__ndk113basic_istreamIcNS_11char_traitsIcEEE7getlineEPcl	
0x5a8078	.text	_ZNSt6__ndk113basic_istreamIcNS_11char_traitsIcEEE7getlineEPclc	
0x5a8294	.text	_ZNSt6__ndk113basic_istreamIcNS_11char_traitsIcEEE6ignoreEli	
0x5a8440	.text	_ZNSt6__ndk113basic_istreamIcNS_11char_traitsIcEEE4peekEv	
0x5a8530	.text	_ZNSt6__ndk113basic_istreamIcNS_11char_traitsIcEEE8readsomeEPcl	
0x5a8670	.text	_ZNSt6__ndk113basic_istreamIcNS_11char_traitsIcEEE7putbackEc	
0x5a87b8	.text	_ZNSt6__ndk113basic_istreamIcNS_11char_traitsIcEEE5ungetEv	
0x5a88f4	.text	_ZNSt6__ndk113basic_istreamIcNS_11char_traitsIcEEE4syncEv	
0x5a89d8	.text	_ZNSt6__ndk113basic_istreamIcNS_11char_traitsIcEEE5seekgENS_4fposI9mbstate_tEE	
0x5a8aec	.text	_ZNSt6__ndk113basic_istreamIwNS_11char_traitsIwEEEC2EPNS_15basic_streambufIwS2_EE	
0x5a8b74	.text	_ZNSt6__ndk113basic_istreamIwNS_11char_traitsIwEEEC1EPNS_15basic_streambufIwS2_EE	
0x5a8bf4	.text	_ZNSt6__ndk113basic_istreamIwNS_11char_traitsIwEEED2Ev	
0x5a8bf8	.text	_ZNSt6__ndk113basic_istreamIwNS_11char_traitsIwEEED1Ev	
0x5a8c00	.text	_ZTv0_n24_NSt6__ndk113basic_istreamIwNS_11char_traitsIwEEED1Ev	
0x5a8c14	.text	_ZNSt6__ndk113basic_istreamIwNS_11char_traitsIwEEED0Ev	
0x5a8c3c	.text	_ZTv0_n24_NSt6__ndk113basic_istreamIwNS_11char_traitsIwEEED0Ev	
0x5a8e74	.text	_ZNSt6__ndk113basic_istreamIwNS_11char_traitsIwEEE4swapERS3_	
0x5a8ee0	.text	_ZNSt6__ndk113basic_istreamIwNS_11char_traitsIwEEE6sentryC1ERS3_b	
0x5a90ec	.text	_ZNSt6__ndk113basic_ostreamIwNS_11char_traitsIwEEE5flushEv	
0x5a922c	.text	_ZNSt6__ndk113basic_istreamIwNS_11char_traitsIwEEErsEPFRS3_S4_E	
0x5a9230	.text	_ZNSt6__ndk113basic_istreamIwNS_11char_traitsIwEEErsEPFRNS_9basic_iosIwS2_EES6_E	
0x5a9260	.text	_ZNSt6__ndk113basic_istreamIwNS_11char_traitsIwEEErsEPFRNS_8ios_baseES5_E	
0x5a9290	.text	_ZNSt6__ndk113basic_istreamIwNS_11char_traitsIwEEErsEPNS_15basic_streambufIwS2_EE	
0x5a9490	.text	_ZNSt6__ndk113basic_istreamIwNS_11char_traitsIwEEErsERb	
0x5a95d4	.text	_ZNSt6__ndk113basic_istreamIwNS_11char_traitsIwEEErsERs	
0x5a9758	.text	_ZNSt6__ndk113basic_istreamIwNS_11char_traitsIwEEErsERt	
0x5a989c	.text	_ZNSt6__ndk113basic_istreamIwNS_11char_traitsIwEEErsERi	
0x5a9a24	.text	_ZNSt6__ndk113basic_istreamIwNS_11char_traitsIwEEErsERj	
0x5a9b68	.text	_ZNSt6__ndk113basic_istreamIwNS_11char_traitsIwEEErsERl	
0x5a9cac	.text	_ZNSt6__ndk113basic_istreamIwNS_11char_traitsIwEEErsERm	
0x5a9df0	.text	_ZNSt6__ndk113basic_istreamIwNS_11char_traitsIwEEErsERx	
0x5a9f34	.text	_ZNSt6__ndk113basic_istreamIwNS_11char_traitsIwEEErsERy	
0x5aa078	.text	_ZNSt6__ndk113basic_istreamIwNS_11char_traitsIwEEErsERf	
0x5aa1bc	.text	_ZNSt6__ndk113basic_istreamIwNS_11char_traitsIwEEErsERd	
0x5aa300	.text	_ZNSt6__ndk113basic_istreamIwNS_11char_traitsIwEEErsERe	
0x5aa444	.text	_ZNSt6__ndk113basic_istreamIwNS_11char_traitsIwEEErsERPv	
0x5aa590	.text	_ZNSt6__ndk113basic_istreamIwNS_11char_traitsIwEEE3getEv	
0x5aa69c	.text	_ZNSt6__ndk113basic_istreamIwNS_11char_traitsIwEEE3getERw	
0x5aa6d0	.text	_ZNSt6__ndk113basic_istreamIwNS_11char_traitsIwEEE3getEPwl	
0x5aa798	.text	_ZNSt6__ndk113basic_istreamIwNS_11char_traitsIwEEE3getEPwlw	
0x5aa99c	.text	_ZNSt6__ndk113basic_istreamIwNS_11char_traitsIwEEE3getERNS_15basic_streambufIwS2_EE	
0x5aaa54	.text	_ZNSt6__ndk113basic_istreamIwNS_11char_traitsIwEEE3getERNS_15basic_streambufIwS2_EEw	
0x5aac10	.text	_ZNSt6__ndk113basic_istreamIwNS_11char_traitsIwEEE7getlineEPwl	
0x5aacd8	.text	_ZNSt6__ndk113basic_istreamIwNS_11char_traitsIwEEE7getlineEPwlw	
0x5aaef4	.text	_ZNSt6__ndk113basic_istreamIwNS_11char_traitsIwEEE6ignoreElj	
0x5ab0ac	.text	_ZNSt6__ndk113basic_istreamIwNS_11char_traitsIwEEE4peekEv	
0x5ab1a4	.text	_ZNSt6__ndk113basic_istreamIwNS_11char_traitsIwEEE4readEPwl	
0x5ab2b4	.text	_ZNSt6__ndk113basic_istreamIwNS_11char_traitsIwEEE8readsomeEPwl	
0x5ab3f8	.text	_ZNSt6__ndk113basic_istreamIwNS_11char_traitsIwEEE7putbackEw	
0x5ab54c	.text	_ZNSt6__ndk113basic_istreamIwNS_11char_traitsIwEEE5ungetEv	
0x5ab694	.text	_ZNSt6__ndk113basic_istreamIwNS_11char_traitsIwEEE4syncEv	
0x5ab778	.text	_ZNSt6__ndk113basic_istreamIwNS_11char_traitsIwEEE5tellgEv	
0x5ab844	.text	_ZNSt6__ndk113basic_istreamIwNS_11char_traitsIwEEE5seekgENS_4fposI9mbstate_tEE	
0x5ab958	.text	_ZNSt6__ndk113basic_istreamIwNS_11char_traitsIwEEE5seekgExNS_8ios_base7seekdirE	
0x5aba6c	.text	_ZNSt6__ndk113basic_ostreamIcNS_11char_traitsIcEEEC2EPNS_15basic_streambufIcS2_EE	
0x5abaf0	.text	_ZNSt6__ndk113basic_ostreamIcNS_11char_traitsIcEEEC1EPNS_15basic_streambufIcS2_EE	
0x5abb74	.text	_ZNSt6__ndk113basic_ostreamIcNS_11char_traitsIcEEED2Ev	
0x5abb78	.text	_ZNSt6__ndk113basic_ostreamIcNS_11char_traitsIcEEED1Ev	
0x5abb80	.text	_ZTv0_n24_NSt6__ndk113basic_ostreamIcNS_11char_traitsIcEEED1Ev	
0x5abb94	.text	_ZNSt6__ndk113basic_ostreamIcNS_11char_traitsIcEEED0Ev	
0x5abbbc	.text	_ZTv0_n24_NSt6__ndk113basic_ostreamIcNS_11char_traitsIcEEED0Ev	
0x5abdd0	.text	_ZNSt6__ndk113basic_ostreamIcNS_11char_traitsIcEEE4swapERS3_	
0x5abe2c	.text	_ZNSt6__ndk113basic_ostreamIcNS_11char_traitsIcEEE6sentryC1ERS3_	
0x5abe7c	.text	_ZNSt6__ndk113basic_ostreamIcNS_11char_traitsIcEEE6sentryD1Ev	
0x5abf24	.text	_ZNSt6__ndk113basic_ostreamIcNS_11char_traitsIcEEElsEPFRS3_S4_E	
0x5abf28	.text	_ZNSt6__ndk113basic_ostreamIcNS_11char_traitsIcEEElsEPFRNS_9basic_iosIcS2_EES6_E	
0x5abf58	.text	_ZNSt6__ndk113basic_ostreamIcNS_11char_traitsIcEEElsEPFRNS_8ios_baseES5_E	
0x5abf88	.text	_ZNSt6__ndk113basic_ostreamIcNS_11char_traitsIcEEElsEb	
0x5ac168	.text	_ZNSt6__ndk113basic_ostreamIcNS_11char_traitsIcEEElsEs	
0x5ac368	.text	_ZNSt6__ndk113basic_ostreamIcNS_11char_traitsIcEEElsEt	
0x5ac548	.text	_ZNSt6__ndk113basic_ostreamIcNS_11char_traitsIcEEElsEj	
0x5ac728	.text	_ZNSt6__ndk113basic_ostreamIcNS_11char_traitsIcEEElsEl	
0x5ac908	.text	_ZNSt6__ndk113basic_ostreamIcNS_11char_traitsIcEEElsEm	
0x5acae8	.text	_ZNSt6__ndk113basic_ostreamIcNS_11char_traitsIcEEElsEx	
0x5accc8	.text	_ZNSt6__ndk113basic_ostreamIcNS_11char_traitsIcEEElsEy	
0x5acea8	.text	_ZNSt6__ndk113basic_ostreamIcNS_11char_traitsIcEEElsEd	
0x5ad088	.text	_ZNSt6__ndk113basic_ostreamIcNS_11char_traitsIcEEElsEe	
0x5ad260	.text	_ZNSt6__ndk113basic_ostreamIcNS_11char_traitsIcEEElsEPKv	
0x5ad440	.text	_ZNSt6__ndk113basic_ostreamIcNS_11char_traitsIcEEElsEPNS_15basic_streambufIcS2_EE	
0x5ad67c	.text	_ZNSt6__ndk113basic_ostreamIcNS_11char_traitsIcEEE5writeEPKcl	
0x5ad7b4	.text	_ZNSt6__ndk113basic_ostreamIcNS_11char_traitsIcEEE5tellpEv	
0x5ad808	.text	_ZNSt6__ndk113basic_ostreamIcNS_11char_traitsIcEEE5seekpENS_4fposI9mbstate_tEE	
0x5ad910	.text	_ZNSt6__ndk113basic_ostreamIcNS_11char_traitsIcEEE5seekpExNS_8ios_base7seekdirE	
0x5ada50	.text	_ZNSt6__ndk113basic_ostreamIwNS_11char_traitsIwEEEC2EPNS_15basic_streambufIwS2_EE	
0x5adad4	.text	_ZNSt6__ndk113basic_ostreamIwNS_11char_traitsIwEEEC1EPNS_15basic_streambufIwS2_EE	
0x5adb58	.text	_ZNSt6__ndk113basic_ostreamIwNS_11char_traitsIwEEED2Ev	
0x5adb5c	.text	_ZNSt6__ndk113basic_ostreamIwNS_11char_traitsIwEEED1Ev	
0x5adb64	.text	_ZTv0_n24_NSt6__ndk113basic_ostreamIwNS_11char_traitsIwEEED1Ev	
0x5adb78	.text	_ZNSt6__ndk113basic_ostreamIwNS_11char_traitsIwEEED0Ev	
0x5adba0	.text	_ZTv0_n24_NSt6__ndk113basic_ostreamIwNS_11char_traitsIwEEED0Ev	
0x5addb4	.text	_ZNSt6__ndk113basic_ostreamIwNS_11char_traitsIwEEE4swapERS3_	
0x5ade10	.text	_ZNSt6__ndk113basic_ostreamIwNS_11char_traitsIwEEE6sentryC1ERS3_	
0x5ade60	.text	_ZNSt6__ndk113basic_ostreamIwNS_11char_traitsIwEEE6sentryD1Ev	
0x5adf08	.text	_ZNSt6__ndk113basic_ostreamIwNS_11char_traitsIwEEElsEPFRS3_S4_E	
0x5adf0c	.text	_ZNSt6__ndk113basic_ostreamIwNS_11char_traitsIwEEElsEPFRNS_9basic_iosIwS2_EES6_E	
0x5adf3c	.text	_ZNSt6__ndk113basic_ostreamIwNS_11char_traitsIwEEElsEPFRNS_8ios_baseES5_E	
0x5adf6c	.text	_ZNSt6__ndk113basic_ostreamIwNS_11char_traitsIwEEElsEb	
0x5ae14c	.text	_ZNSt6__ndk113basic_ostreamIwNS_11char_traitsIwEEElsEs	
0x5ae34c	.text	_ZNSt6__ndk113basic_ostreamIwNS_11char_traitsIwEEElsEt	
0x5ae52c	.text	_ZNSt6__ndk113basic_ostreamIwNS_11char_traitsIwEEElsEi	
0x5ae72c	.text	_ZNSt6__ndk113basic_ostreamIwNS_11char_traitsIwEEElsEj	
0x5ae90c	.text	_ZNSt6__ndk113basic_ostreamIwNS_11char_traitsIwEEElsEl	
0x5aeaec	.text	_ZNSt6__ndk113basic_ostreamIwNS_11char_traitsIwEEElsEm	
0x5aeccc	.text	_ZNSt6__ndk113basic_ostreamIwNS_11char_traitsIwEEElsEx	
0x5aeeac	.text	_ZNSt6__ndk113basic_ostreamIwNS_11char_traitsIwEEElsEy	
0x5af08c	.text	_ZNSt6__ndk113basic_ostreamIwNS_11char_traitsIwEEElsEf	
0x5af26c	.text	_ZNSt6__ndk113basic_ostreamIwNS_11char_traitsIwEEElsEd	
0x5af44c	.text	_ZNSt6__ndk113basic_ostreamIwNS_11char_traitsIwEEElsEe	
0x5af624	.text	_ZNSt6__ndk113basic_ostreamIwNS_11char_traitsIwEEElsEPKv	
0x5af804	.text	_ZNSt6__ndk113basic_ostreamIwNS_11char_traitsIwEEElsEPNS_15basic_streambufIwS2_EE	
0x5afa54	.text	_ZNSt6__ndk113basic_ostreamIwNS_11char_traitsIwEEE3putEw	
0x5afbb0	.text	_ZNSt6__ndk113basic_ostreamIwNS_11char_traitsIwEEE5writeEPKwl	
0x5afce8	.text	_ZNSt6__ndk113basic_ostreamIwNS_11char_traitsIwEEE5tellpEv	
0x5afd3c	.text	_ZNSt6__ndk113basic_ostreamIwNS_11char_traitsIwEEE5seekpENS_4fposI9mbstate_tEE	
0x5afe44	.text	_ZNSt6__ndk113basic_ostreamIwNS_11char_traitsIwEEE5seekpExNS_8ios_base7seekdirE	
0x5aff84	.text	_ZNSt6__ndk114basic_iostreamIcNS_11char_traitsIcEEEC2EPNS_15basic_streambufIcS2_EE	
0x5b0050	.text	_ZNSt6__ndk114basic_iostreamIcNS_11char_traitsIcEEEC1EPNS_15basic_streambufIcS2_EE	
0x5b00fc	.text	_ZNSt6__ndk114basic_iostreamIcNS_11char_traitsIcEEED2Ev	
0x5b0100	.text	_ZNSt6__ndk114basic_iostreamIcNS_11char_traitsIcEEED1Ev	
0x5b0108	.text	_ZThn16_NSt6__ndk114basic_iostreamIcNS_11char_traitsIcEEED1Ev	
0x5b0110	.text	_ZTv0_n24_NSt6__ndk114basic_iostreamIcNS_11char_traitsIcEEED1Ev	
0x5b0124	.text	_ZNSt6__ndk114basic_iostreamIcNS_11char_traitsIcEEED0Ev	
0x5b014c	.text	_ZThn16_NSt6__ndk114basic_iostreamIcNS_11char_traitsIcEEED0Ev	
0x5b0174	.text	_ZTv0_n24_NSt6__ndk114basic_iostreamIcNS_11char_traitsIcEEED0Ev	
0x5b0414	.text	_ZNSt6__ndk114basic_iostreamIcNS_11char_traitsIcEEE4swapERS3_	
0x5b050c	.text	_ZNSt6__ndk117iostream_categoryEv	
0x5b0590	.text	_ZNSt6__ndk18ios_base7failureC1ERKNS_12basic_stringIcNS_11char_traitsIcEENS_9allocatorIcEEEERKNS_10error_codeE	
0x5b05c8	.text	_ZNSt6__ndk18ios_base7failureC1EPKcRKNS_10error_codeE	
0x5b0600	.text	_ZNSt6__ndk18ios_base7failureD2Ev	
0x5b0604	.text	_ZNSt6__ndk18ios_base7failureD0Ev	
0x5b0628	.text	_ZNSt6__ndk18ios_base6xallocEv	
0x5b0644	.text	_ZNSt6__ndk18ios_base5iwordEi	
0x5b074c	.text	_ZNSt6__ndk18ios_base5pwordEi	
0x5b0828	.text	_ZNSt6__ndk18ios_base17register_callbackEPFvNS0_5eventERS0_iEi	
0x5b08fc	.text	_ZNSt6__ndk18ios_baseD0Ev	
0x5b0920	.text	_ZNSt6__ndk18ios_base15sync_with_stdioEb	
0x5b095c	.text	_ZNSt6__ndk18ios_base4InitC1Ev	
0x5b0ffc	.text	_ZNSt6__ndk18ios_base4InitD2Ev	
0x5b1eb0	.text	_ZNSt6__ndk17collateIcED2Ev	
0x5b1eb4	.text	_ZNSt6__ndk117__widen_from_utf8ILm32EED2Ev	
0x5b1eb8	.text	_ZNSt6__ndk17collateIcED0Ev	
0x5b1edc	.text	_ZNKSt6__ndk17collateIcE10do_compareEPKcS3_S3_S3_	
0x5b1f38	.text	_ZNKSt6__ndk17collateIcE12do_transformEPKcS3_	
0x5b2030	.text	_ZNKSt6__ndk17collateIcE7do_hashEPKcS3_	
0x5b20a0	.text	_ZNSt6__ndk17collateIwED1Ev	
0x5b20a4	.text	_ZNSt6__ndk17collateIwED0Ev	
0x5b20c8	.text	_ZNKSt6__ndk17collateIwE10do_compareEPKwS3_S3_S3_	
0x5b2124	.text	_ZNKSt6__ndk17collateIwE12do_transformEPKwS3_	
0x5b2134	.text	_ZNKSt6__ndk17collateIwE7do_hashEPKwS3_	
0x5b222c	.text	_ZNKSt6__ndk17num_getIcNS_19istreambuf_iteratorIcNS_11char_traitsIcEEEEE6do_getES4_S4_RNS_8ios_baseERjRb	
0x5b28d0	.text	_ZNKSt6__ndk17num_getIcNS_19istreambuf_iteratorIcNS_11char_traitsIcEEEEE6do_getES4_S4_RNS_8ios_baseERjRl	
0x5b28d4	.text	_ZNKSt6__ndk17num_getIcNS_19istreambuf_iteratorIcNS_11char_traitsIcEEEEE15__do_get_signedIlEES4_S4_S4_RNS_8ios_baseERjRT_	
0x5b2d74	.text	_ZNKSt6__ndk17num_getIcNS_19istreambuf_iteratorIcNS_11char_traitsIcEEEEE6do_getES4_S4_RNS_8ios_baseERjRx	
0x5b2d78	.text	_ZNKSt6__ndk17num_getIcNS_19istreambuf_iteratorIcNS_11char_traitsIcEEEEE15__do_get_signedIxEES4_S4_S4_RNS_8ios_baseERjRT_	
0x5b3218	.text	_ZNKSt6__ndk17num_getIcNS_19istreambuf_iteratorIcNS_11char_traitsIcEEEEE6do_getES4_S4_RNS_8ios_baseERjRt	
0x5b321c	.text	_ZNKSt6__ndk17num_getIcNS_19istreambuf_iteratorIcNS_11char_traitsIcEEEEE17__do_get_unsignedItEES4_S4_S4_RNS_8ios_baseERjRT_	
0x5b36bc	.text	_ZNKSt6__ndk17num_getIcNS_19istreambuf_iteratorIcNS_11char_traitsIcEEEEE6do_getES4_S4_RNS_8ios_baseERjS8_	
0x5b36c0	.text	_ZNKSt6__ndk17num_getIcNS_19istreambuf_iteratorIcNS_11char_traitsIcEEEEE17__do_get_unsignedIjEES4_S4_S4_RNS_8ios_baseERjRT_	
0x5b3b60	.text	_ZNKSt6__ndk17num_getIcNS_19istreambuf_iteratorIcNS_11char_traitsIcEEEEE6do_getES4_S4_RNS_8ios_baseERjRm	
0x5b3b64	.text	_ZNKSt6__ndk17num_getIcNS_19istreambuf_iteratorIcNS_11char_traitsIcEEEEE17__do_get_unsignedImEES4_S4_S4_RNS_8ios_baseERjRT_	
0x5b4004	.text	_ZNKSt6__ndk17num_getIcNS_19istreambuf_iteratorIcNS_11char_traitsIcEEEEE6do_getES4_S4_RNS_8ios_baseERjRy	
0x5b4008	.text	_ZNKSt6__ndk17num_getIcNS_19istreambuf_iteratorIcNS_11char_traitsIcEEEEE17__do_get_unsignedIyEES4_S4_S4_RNS_8ios_baseERjRT_	
0x5b44a8	.text	_ZNKSt6__ndk17num_getIcNS_19istreambuf_iteratorIcNS_11char_traitsIcEEEEE6do_getES4_S4_RNS_8ios_baseERjRf	
0x5b44ac	.text	_ZNKSt6__ndk17num_getIcNS_19istreambuf_iteratorIcNS_11char_traitsIcEEEEE23__do_get_floating_pointIfEES4_S4_S4_RNS_8ios_baseERjRT_	
0x5b4930	.text	_ZNKSt6__ndk17num_getIcNS_19istreambuf_iteratorIcNS_11char_traitsIcEEEEE6do_getES4_S4_RNS_8ios_baseERjRd	
0x5b4934	.text	_ZNKSt6__ndk17num_getIcNS_19istreambuf_iteratorIcNS_11char_traitsIcEEEEE23__do_get_floating_pointIdEES4_S4_S4_RNS_8ios_baseERjRT_	
0x5b4db8	.text	_ZNKSt6__ndk17num_getIcNS_19istreambuf_iteratorIcNS_11char_traitsIcEEEEE6do_getES4_S4_RNS_8ios_baseERjRe	
0x5b4dbc	.text	_ZNKSt6__ndk17num_getIcNS_19istreambuf_iteratorIcNS_11char_traitsIcEEEEE23__do_get_floating_pointIeEES4_S4_S4_RNS_8ios_baseERjRT_	
0x5b5240	.text	_ZNKSt6__ndk17num_getIcNS_19istreambuf_iteratorIcNS_11char_traitsIcEEEEE6do_getES4_S4_RNS_8ios_baseERjRPv	
0x5b5650	.text	_ZNSt6__ndk19__num_getIcE17__stage2_int_loopEciPcRS2_RjcRKNS_12basic_stringIcNS_11char_traitsIcEENS_9allocatorIcEEEEPjRSD_S2_	
0x5b59e8	.text	_ZNSt6__ndk117__libcpp_sscanf_lEPKcP10__locale_tS1_z	
0x5b5ac0	.text	_ZNSt6__ndk16__clocEv	
0x5b5c08	.text	_ZNKSt6__ndk17num_getIwNS_19istreambuf_iteratorIwNS_11char_traitsIwEEEEE6do_getES4_S4_RNS_8ios_baseERjRb	
0x5b62b0	.text	_ZNKSt6__ndk17num_getIwNS_19istreambuf_iteratorIwNS_11char_traitsIwEEEEE6do_getES4_S4_RNS_8ios_baseERjRl	
0x5b62b4	.text	_ZNKSt6__ndk17num_getIwNS_19istreambuf_iteratorIwNS_11char_traitsIwEEEEE15__do_get_signedIlEES4_S4_S4_RNS_8ios_baseERjRT_	
0x5b6798	.text	_ZNKSt6__ndk17num_getIwNS_19istreambuf_iteratorIwNS_11char_traitsIwEEEEE6do_getES4_S4_RNS_8ios_baseERjRx	
0x5b679c	.text	_ZNKSt6__ndk17num_getIwNS_19istreambuf_iteratorIwNS_11char_traitsIwEEEEE15__do_get_signedIxEES4_S4_S4_RNS_8ios_baseERjRT_	
0x5b6c80	.text	_ZNKSt6__ndk17num_getIwNS_19istreambuf_iteratorIwNS_11char_traitsIwEEEEE6do_getES4_S4_RNS_8ios_baseERjRt	
0x5b6c84	.text	_ZNKSt6__ndk17num_getIwNS_19istreambuf_iteratorIwNS_11char_traitsIwEEEEE17__do_get_unsignedItEES4_S4_S4_RNS_8ios_baseERjRT_	
0x5b7168	.text	_ZNKSt6__ndk17num_getIwNS_19istreambuf_iteratorIwNS_11char_traitsIwEEEEE6do_getES4_S4_RNS_8ios_baseERjS8_	
0x5b716c	.text	_ZNKSt6__ndk17num_getIwNS_19istreambuf_iteratorIwNS_11char_traitsIwEEEEE17__do_get_unsignedIjEES4_S4_S4_RNS_8ios_baseERjRT_	
0x5b7650	.text	_ZNKSt6__ndk17num_getIwNS_19istreambuf_iteratorIwNS_11char_traitsIwEEEEE6do_getES4_S4_RNS_8ios_baseERjRm	
0x5b7654	.text	_ZNKSt6__ndk17num_getIwNS_19istreambuf_iteratorIwNS_11char_traitsIwEEEEE17__do_get_unsignedImEES4_S4_S4_RNS_8ios_baseERjRT_	
0x5b7b38	.text	_ZNKSt6__ndk17num_getIwNS_19istreambuf_iteratorIwNS_11char_traitsIwEEEEE6do_getES4_S4_RNS_8ios_baseERjRy	
0x5b7b3c	.text	_ZNKSt6__ndk17num_getIwNS_19istreambuf_iteratorIwNS_11char_traitsIwEEEEE17__do_get_unsignedIyEES4_S4_S4_RNS_8ios_baseERjRT_	
0x5b8020	.text	_ZNKSt6__ndk17num_getIwNS_19istreambuf_iteratorIwNS_11char_traitsIwEEEEE6do_getES4_S4_RNS_8ios_baseERjRf	
0x5b8024	.text	_ZNKSt6__ndk17num_getIwNS_19istreambuf_iteratorIwNS_11char_traitsIwEEEEE23__do_get_floating_pointIfEES4_S4_S4_RNS_8ios_baseERjRT_	
0x5b84e8	.text	_ZNKSt6__ndk17num_getIwNS_19istreambuf_iteratorIwNS_11char_traitsIwEEEEE6do_getES4_S4_RNS_8ios_baseERjRd	
0x5b84ec	.text	_ZNKSt6__ndk17num_getIwNS_19istreambuf_iteratorIwNS_11char_traitsIwEEEEE23__do_get_floating_pointIdEES4_S4_S4_RNS_8ios_baseERjRT_	
0x5b89b0	.text	_ZNKSt6__ndk17num_getIwNS_19istreambuf_iteratorIwNS_11char_traitsIwEEEEE6do_getES4_S4_RNS_8ios_baseERjRe	
0x5b89b4	.text	_ZNKSt6__ndk17num_getIwNS_19istreambuf_iteratorIwNS_11char_traitsIwEEEEE23__do_get_floating_pointIeEES4_S4_S4_RNS_8ios_baseERjRT_	
0x5b8e78	.text	_ZNKSt6__ndk17num_getIwNS_19istreambuf_iteratorIwNS_11char_traitsIwEEEEE6do_getES4_S4_RNS_8ios_baseERjRPv	
0x5b92cc	.text	_ZNSt6__ndk19__num_getIwE17__stage2_int_loopEwiPcRS2_RjwRKNS_12basic_stringIcNS_11char_traitsIcEENS_9allocatorIcEEEEPjRSD_Pw	
0x5b9664	.text	_ZNSt6__ndk19__num_getIcE19__stage2_float_prepERNS_8ios_baseEPcRcS5_	
0x5b9764	.text	_ZNSt6__ndk19__num_getIcE19__stage2_float_loopEcRbRcPcRS4_ccRKNS_12basic_stringIcNS_11char_traitsIcEENS_9allocatorIcEEEEPjRSE_RjS4_	
0x5b9bf0	.text	_ZNSt6__ndk19__num_getIcE17__stage2_int_prepERNS_8ios_baseEPcRc	
0x5b9cd0	.text	_ZNSt6__ndk19__num_getIwE19__stage2_float_prepERNS_8ios_baseEPwRwS5_	
0x5b9dd0	.text	_ZNSt6__ndk19__num_getIwE19__stage2_float_loopEwRbRcPcRS4_wwRKNS_12basic_stringIcNS_11char_traitsIcEENS_9allocatorIcEEEEPjRSE_RjPw	
0x5ba25c	.text	_ZNSt6__ndk19__num_getIwE17__stage2_int_prepERNS_8ios_baseEPwRw	
0x5ba3e0	.text	_ZNKSt6__ndk17num_putIcNS_19ostreambuf_iteratorIcNS_11char_traitsIcEEEEE6do_putES4_RNS_8ios_baseEcb	
0x5ba57c	.text	_ZNKSt6__ndk17num_putIcNS_19ostreambuf_iteratorIcNS_11char_traitsIcEEEEE6do_putES4_RNS_8ios_baseEcl	
0x5ba808	.text	_ZNSt6__ndk114__num_put_base12__format_intEPcPKcbj	
0x5ba89c	.text	_ZNSt6__ndk119__libcpp_snprintf_lEPcmP10__locale_tPKcz	
0x5ba984	.text	_ZNSt6__ndk114__num_put_base18__identify_paddingEPcS1_RKNS_8ios_baseE	
0x5ba9f0	.text	_ZNSt6__ndk19__num_putIcE21__widen_and_group_intEPcS2_S2_S2_RS2_S3_RKNS_6localeE	
0x5bad50	.text	_ZNKSt6__ndk17num_putIcNS_19ostreambuf_iteratorIcNS_11char_traitsIcEEEEE6do_putES4_RNS_8ios_baseEcx	
0x5bafd8	.text	_ZNKSt6__ndk17num_putIcNS_19ostreambuf_iteratorIcNS_11char_traitsIcEEEEE6do_putES4_RNS_8ios_baseEcm	
0x5bb264	.text	_ZNKSt6__ndk17num_putIcNS_19ostreambuf_iteratorIcNS_11char_traitsIcEEEEE6do_putES4_RNS_8ios_baseEcy	
0x5bb4ec	.text	_ZNKSt6__ndk17num_putIcNS_19ostreambuf_iteratorIcNS_11char_traitsIcEEEEE6do_putES4_RNS_8ios_baseEcd	
0x5bb90c	.text	_ZNSt6__ndk114__num_put_base14__format_floatEPcPKcj	
0x5bb9cc	.text	_ZNSt6__ndk119__libcpp_asprintf_lEPPcP10__locale_tPKcz	
0x5bbac0	.text	_ZNSt6__ndk19__num_putIcE23__widen_and_group_floatEPcS2_S2_S2_RS2_S3_RKNS_6localeE	
0x5bbfc8	.text	_ZNKSt6__ndk17num_putIcNS_19ostreambuf_iteratorIcNS_11char_traitsIcEEEEE6do_putES4_RNS_8ios_baseEce	
0x5bc3f4	.text	_ZNKSt6__ndk17num_putIcNS_19ostreambuf_iteratorIcNS_11char_traitsIcEEEEE6do_putES4_RNS_8ios_baseEcPKv	
0x5bc69c	.text	_ZNKSt6__ndk17num_putIwNS_19ostreambuf_iteratorIwNS_11char_traitsIwEEEEE6do_putES4_RNS_8ios_baseEwb	
0x5bc840	.text	_ZNKSt6__ndk17num_putIwNS_19ostreambuf_iteratorIwNS_11char_traitsIwEEEEE6do_putES4_RNS_8ios_baseEwl	
0x5bcad0	.text	_ZNSt6__ndk19__num_putIwE21__widen_and_group_intEPcS2_S2_PwRS3_S4_RKNS_6localeE	
0x5bcf8c	.text	_ZNKSt6__ndk17num_putIwNS_19ostreambuf_iteratorIwNS_11char_traitsIwEEEEE6do_putES4_RNS_8ios_baseEwx	
0x5bd218	.text	_ZNKSt6__ndk17num_putIwNS_19ostreambuf_iteratorIwNS_11char_traitsIwEEEEE6do_putES4_RNS_8ios_baseEwm	
0x5bd4a8	.text	_ZNKSt6__ndk17num_putIwNS_19ostreambuf_iteratorIwNS_11char_traitsIwEEEEE6do_putES4_RNS_8ios_baseEwy	
0x5bd734	.text	_ZNKSt6__ndk17num_putIwNS_19ostreambuf_iteratorIwNS_11char_traitsIwEEEEE6do_putES4_RNS_8ios_baseEwd	
0x5bdb5c	.text	_ZNSt6__ndk19__num_putIwE23__widen_and_group_floatEPcS2_S2_PwRS3_S4_RKNS_6localeE	
0x5be088	.text	_ZNKSt6__ndk17num_putIwNS_19ostreambuf_iteratorIwNS_11char_traitsIwEEEEE6do_putES4_RNS_8ios_baseEwe	
0x5be4c0	.text	_ZNKSt6__ndk17num_putIwNS_19ostreambuf_iteratorIwNS_11char_traitsIwEEEEE6do_putES4_RNS_8ios_baseEwPKv	
0x5be74c	.text	_ZNKSt6__ndk18time_getIcNS_19istreambuf_iteratorIcNS_11char_traitsIcEEEEE3getES4_S4_RNS_8ios_baseERjP2tmPKcSC_	
0x5bebf0	.text	_ZNKSt6__ndk18time_getIcNS_19istreambuf_iteratorIcNS_11char_traitsIcEEEEE13do_date_orderEv	
0x5bebf8	.text	_ZNKSt6__ndk18time_getIcNS_19istreambuf_iteratorIcNS_11char_traitsIcEEEEE11do_get_timeES4_S4_RNS_8ios_baseERjP2tm	
0x5bec5c	.text	_ZNKSt6__ndk18time_getIcNS_19istreambuf_iteratorIcNS_11char_traitsIcEEEEE11do_get_dateES4_S4_RNS_8ios_baseERjP2tm	
0x5becdc	.text	_ZNKSt6__ndk18time_getIcNS_19istreambuf_iteratorIcNS_11char_traitsIcEEEEE14do_get_weekdayES4_S4_RNS_8ios_baseERjP2tm	
0x5bee00	.text	_ZNKSt6__ndk18time_getIcNS_19istreambuf_iteratorIcNS_11char_traitsIcEEEEE17__get_weekdaynameERiRS4_S4_RjRKNS_5ctypeIcEE	
0x5beeb4	.text	_ZNKSt6__ndk18time_getIcNS_19istreambuf_iteratorIcNS_11char_traitsIcEEEEE16do_get_monthnameES4_S4_RNS_8ios_baseERjP2tm	
0x5befd4	.text	_ZNKSt6__ndk18time_getIcNS_19istreambuf_iteratorIcNS_11char_traitsIcEEEEE15__get_monthnameERiRS4_S4_RjRKNS_5ctypeIcEE	
0x5bf084	.text	_ZNKSt6__ndk18time_getIcNS_19istreambuf_iteratorIcNS_11char_traitsIcEEEEE11do_get_yearES4_S4_RNS_8ios_baseERjP2tm	
0x5bf16c	.text	_ZNKSt6__ndk18time_getIcNS_19istreambuf_iteratorIcNS_11char_traitsIcEEEEE10__get_yearERiRS4_S4_RjRKNS_5ctypeIcEE	
0x5bf1d0	.text	_ZNKSt6__ndk18time_getIcNS_19istreambuf_iteratorIcNS_11char_traitsIcEEEEE6do_getES4_S4_RNS_8ios_baseERjP2tmcc	
0x5bf7b8	.text	_ZNKSt6__ndk18time_getIcNS_19istreambuf_iteratorIcNS_11char_traitsIcEEEEE9__get_dayERiRS4_S4_RjRKNS_5ctypeIcEE	
0x5bf814	.text	_ZNKSt6__ndk18time_getIcNS_19istreambuf_iteratorIcNS_11char_traitsIcEEEEE10__get_hourERiRS4_S4_RjRKNS_5ctypeIcEE	
0x5bf86c	.text	_ZNKSt6__ndk18time_getIcNS_19istreambuf_iteratorIcNS_11char_traitsIcEEEEE13__get_12_hourERiRS4_S4_RjRKNS_5ctypeIcEE	
0x5bf8c8	.text	_ZNKSt6__ndk18time_getIcNS_19istreambuf_iteratorIcNS_11char_traitsIcEEEEE18__get_day_year_numERiRS4_S4_RjRKNS_5ctypeIcEE	
0x5bf920	.text	_ZNKSt6__ndk18time_getIcNS_19istreambuf_iteratorIcNS_11char_traitsIcEEEEE11__get_monthERiRS4_S4_RjRKNS_5ctypeIcEE	
0x5bf97c	.text	_ZNKSt6__ndk18time_getIcNS_19istreambuf_iteratorIcNS_11char_traitsIcEEEEE12__get_minuteERiRS4_S4_RjRKNS_5ctypeIcEE	
0x5bf9d4	.text	_ZNKSt6__ndk18time_getIcNS_19istreambuf_iteratorIcNS_11char_traitsIcEEEEE17__get_white_spaceERS4_S4_RjRKNS_5ctypeIcEE	
0x5bfb88	.text	_ZNKSt6__ndk18time_getIcNS_19istreambuf_iteratorIcNS_11char_traitsIcEEEEE11__get_am_pmERiRS4_S4_RjRKNS_5ctypeIcEE	
0x5bfc70	.text	_ZNKSt6__ndk18time_getIcNS_19istreambuf_iteratorIcNS_11char_traitsIcEEEEE12__get_secondERiRS4_S4_RjRKNS_5ctypeIcEE	
0x5bfcc8	.text	_ZNKSt6__ndk18time_getIcNS_19istreambuf_iteratorIcNS_11char_traitsIcEEEEE13__get_weekdayERiRS4_S4_RjRKNS_5ctypeIcEE	
0x5bfd20	.text	_ZNKSt6__ndk18time_getIcNS_19istreambuf_iteratorIcNS_11char_traitsIcEEEEE11__get_year4ERiRS4_S4_RjRKNS_5ctypeIcEE	
0x5bfd68	.text	_ZNKSt6__ndk18time_getIcNS_19istreambuf_iteratorIcNS_11char_traitsIcEEEEE13__get_percentERS4_S4_RjRKNS_5ctypeIcEE	
0x5c02f4	.text	_ZNKSt6__ndk18time_getIwNS_19istreambuf_iteratorIwNS_11char_traitsIwEEEEE3getES4_S4_RNS_8ios_baseERjP2tmPKwSC_	
0x5c07d8	.text	_ZNKSt6__ndk18time_getIwNS_19istreambuf_iteratorIwNS_11char_traitsIwEEEEE13do_date_orderEv	
0x5c07e0	.text	_ZNKSt6__ndk18time_getIwNS_19istreambuf_iteratorIwNS_11char_traitsIwEEEEE11do_get_timeES4_S4_RNS_8ios_baseERjP2tm	
0x5c0840	.text	_ZNKSt6__ndk18time_getIwNS_19istreambuf_iteratorIwNS_11char_traitsIwEEEEE11do_get_dateES4_S4_RNS_8ios_baseERjP2tm	
0x5c08c4	.text	_ZNKSt6__ndk18time_getIwNS_19istreambuf_iteratorIwNS_11char_traitsIwEEEEE14do_get_weekdayES4_S4_RNS_8ios_baseERjP2tm	
0x5c09e8	.text	_ZNKSt6__ndk18time_getIwNS_19istreambuf_iteratorIwNS_11char_traitsIwEEEEE17__get_weekdaynameERiRS4_S4_RjRKNS_5ctypeIwEE	
0x5c0a9c	.text	_ZNKSt6__ndk18time_getIwNS_19istreambuf_iteratorIwNS_11char_traitsIwEEEEE16do_get_monthnameES4_S4_RNS_8ios_baseERjP2tm	
0x5c0bbc	.text	_ZNKSt6__ndk18time_getIwNS_19istreambuf_iteratorIwNS_11char_traitsIwEEEEE15__get_monthnameERiRS4_S4_RjRKNS_5ctypeIwEE	
0x5c0c6c	.text	_ZNKSt6__ndk18time_getIwNS_19istreambuf_iteratorIwNS_11char_traitsIwEEEEE11do_get_yearES4_S4_RNS_8ios_baseERjP2tm	
0x5c0d54	.text	_ZNKSt6__ndk18time_getIwNS_19istreambuf_iteratorIwNS_11char_traitsIwEEEEE10__get_yearERiRS4_S4_RjRKNS_5ctypeIwEE	
0x5c0db8	.text	_ZNKSt6__ndk18time_getIwNS_19istreambuf_iteratorIwNS_11char_traitsIwEEEEE6do_getES4_S4_RNS_8ios_baseERjP2tmcc	
0x5c138c	.text	_ZNKSt6__ndk18time_getIwNS_19istreambuf_iteratorIwNS_11char_traitsIwEEEEE9__get_dayERiRS4_S4_RjRKNS_5ctypeIwEE	
0x5c13e8	.text	_ZNKSt6__ndk18time_getIwNS_19istreambuf_iteratorIwNS_11char_traitsIwEEEEE10__get_hourERiRS4_S4_RjRKNS_5ctypeIwEE	
0x5c1440	.text	_ZNKSt6__ndk18time_getIwNS_19istreambuf_iteratorIwNS_11char_traitsIwEEEEE13__get_12_hourERiRS4_S4_RjRKNS_5ctypeIwEE	
0x5c149c	.text	_ZNKSt6__ndk18time_getIwNS_19istreambuf_iteratorIwNS_11char_traitsIwEEEEE18__get_day_year_numERiRS4_S4_RjRKNS_5ctypeIwEE	
0x5c14f4	.text	_ZNKSt6__ndk18time_getIwNS_19istreambuf_iteratorIwNS_11char_traitsIwEEEEE11__get_monthERiRS4_S4_RjRKNS_5ctypeIwEE	
0x5c1550	.text	_ZNKSt6__ndk18time_getIwNS_19istreambuf_iteratorIwNS_11char_traitsIwEEEEE12__get_minuteERiRS4_S4_RjRKNS_5ctypeIwEE	
0x5c15a8	.text	_ZNKSt6__ndk18time_getIwNS_19istreambuf_iteratorIwNS_11char_traitsIwEEEEE17__get_white_spaceERS4_S4_RjRKNS_5ctypeIwEE	
0x5c1788	.text	_ZNKSt6__ndk18time_getIwNS_19istreambuf_iteratorIwNS_11char_traitsIwEEEEE11__get_am_pmERiRS4_S4_RjRKNS_5ctypeIwEE	
0x5c1870	.text	_ZNKSt6__ndk18time_getIwNS_19istreambuf_iteratorIwNS_11char_traitsIwEEEEE12__get_secondERiRS4_S4_RjRKNS_5ctypeIwEE	
0x5c18c8	.text	_ZNKSt6__ndk18time_getIwNS_19istreambuf_iteratorIwNS_11char_traitsIwEEEEE13__get_weekdayERiRS4_S4_RjRKNS_5ctypeIwEE	
0x5c1920	.text	_ZNKSt6__ndk18time_getIwNS_19istreambuf_iteratorIwNS_11char_traitsIwEEEEE11__get_year4ERiRS4_S4_RjRKNS_5ctypeIwEE	
0x5c1968	.text	_ZNKSt6__ndk18time_getIwNS_19istreambuf_iteratorIwNS_11char_traitsIwEEEEE13__get_percentERS4_S4_RjRKNS_5ctypeIwEE	
0x5c1f44	.text	_ZNSt6__ndk118__time_get_storageIcEC2EPKc	
0x5c22f8	.text	_ZNSt6__ndk118__time_get_storageIcEC2ERKNS_12basic_stringIcNS_11char_traitsIcEENS_9allocatorIcEEEE	
0x5c2af0	.text	_ZNKSt6__ndk118__time_get_storageIcE15__do_date_orderEv	
0x5c2f74	.text	_ZNSt6__ndk118__time_get_storageIwEC2EPKc	
0x5c32e0	.text	_ZNSt6__ndk118__time_get_storageIwEC2ERKNS_12basic_stringIcNS_11char_traitsIcEENS_9allocatorIcEEEE	
0x5c3a90	.text	_ZNKSt6__ndk118__time_get_storageIwE15__do_date_orderEv	
0x5c3f70	.text	_ZNKSt6__ndk18time_putIcNS_19ostreambuf_iteratorIcNS_11char_traitsIcEEEEE3putES4_RNS_8ios_baseEcPK2tmPKcSC_	
0x5c4260	.text	_ZNSt6__ndk110__time_putD2Ev	
0x5c4340	.text	_ZNKSt6__ndk18time_putIcNS_19ostreambuf_iteratorIcNS_11char_traitsIcEEEEE6do_putES4_RNS_8ios_baseEcPK2tmcc	
0x5c441c	.text	_ZNKSt6__ndk110__time_put8__do_putEPcRS1_PK2tmcc	
0x5c4504	.text	_ZNSt6__ndk110__time_putC2EPKc	
0x5c4740	.text	_ZNSt6__ndk110__time_putC2ERKNS_12basic_stringIcNS_11char_traitsIcEENS_9allocatorIcEEEE	
0x5c48b4	.text	_ZNKSt6__ndk18time_putIwNS_19ostreambuf_iteratorIwNS_11char_traitsIwEEEEE3putES4_RNS_8ios_baseEwPK2tmPKwSC_	
0x5c4bec	.text	_ZNKSt6__ndk18time_putIwNS_19ostreambuf_iteratorIwNS_11char_traitsIwEEEEE6do_putES4_RNS_8ios_baseEwPK2tmcc	
0x5c4cc8	.text	_ZNKSt6__ndk110__time_put8__do_putEPwRS1_PK2tmcc	
0x5c5304	.text	_ZNKSt6__ndk110moneypunctIcLb0EE16do_decimal_pointEv	
0x5c530c	.text	_ZNKSt6__ndk110moneypunctIcLb0EE16do_thousands_sepEv	
0x5c5314	.text	_ZNKSt6__ndk110moneypunctIcLb0EE11do_groupingEv	
0x5c5320	.text	_ZNKSt6__ndk110moneypunctIcLb0EE14do_curr_symbolEv	
0x5c532c	.text	_ZNKSt6__ndk110moneypunctIcLb0EE16do_positive_signEv	
0x5c5338	.text	_ZNKSt6__ndk110moneypunctIcLb0EE16do_negative_signEv	
0x5c5350	.text	_ZNKSt6__ndk110moneypunctIcLb0EE14do_frac_digitsEv	
0x5c5358	.text	_ZNKSt6__ndk110moneypunctIcLb0EE13do_pos_formatEv	
0x5c5364	.text	_ZNKSt6__ndk110moneypunctIcLb0EE13do_neg_formatEv	
0x5c5444	.text	_ZNKSt6__ndk110moneypunctIcLb1EE16do_decimal_pointEv	
0x5c544c	.text	_ZNKSt6__ndk110moneypunctIcLb1EE16do_thousands_sepEv	
0x5c5454	.text	_ZNKSt6__ndk110moneypunctIcLb1EE11do_groupingEv	
0x5c5460	.text	_ZNKSt6__ndk110moneypunctIcLb1EE14do_curr_symbolEv	
0x5c546c	.text	_ZNKSt6__ndk110moneypunctIcLb1EE16do_positive_signEv	
0x5c5478	.text	_ZNKSt6__ndk110moneypunctIcLb1EE16do_negative_signEv	
0x5c5490	.text	_ZNKSt6__ndk110moneypunctIcLb1EE14do_frac_digitsEv	
0x5c5498	.text	_ZNKSt6__ndk110moneypunctIcLb1EE13do_pos_formatEv	
0x5c54a4	.text	_ZNKSt6__ndk110moneypunctIcLb1EE13do_neg_formatEv	
0x5c5584	.text	_ZNKSt6__ndk110moneypunctIwLb0EE16do_decimal_pointEv	
0x5c558c	.text	_ZNKSt6__ndk110moneypunctIwLb0EE16do_thousands_sepEv	
0x5c5594	.text	_ZNKSt6__ndk110moneypunctIwLb0EE11do_groupingEv	
0x5c55a0	.text	_ZNKSt6__ndk110moneypunctIwLb0EE14do_curr_symbolEv	
0x5c55ac	.text	_ZNKSt6__ndk110moneypunctIwLb0EE16do_positive_signEv	
0x5c55b8	.text	_ZNKSt6__ndk110moneypunctIwLb0EE16do_negative_signEv	
0x5c55fc	.text	_ZNKSt6__ndk110moneypunctIwLb0EE14do_frac_digitsEv	
0x5c5604	.text	_ZNKSt6__ndk110moneypunctIwLb0EE13do_pos_formatEv	
0x5c5610	.text	_ZNKSt6__ndk110moneypunctIwLb0EE13do_neg_formatEv	
0x5c56f0	.text	_ZNKSt6__ndk110moneypunctIwLb1EE16do_decimal_pointEv	
0x5c56f8	.text	_ZNKSt6__ndk110moneypunctIwLb1EE16do_thousands_sepEv	
0x5c5700	.text	_ZNKSt6__ndk110moneypunctIwLb1EE11do_groupingEv	
0x5c570c	.text	_ZNKSt6__ndk110moneypunctIwLb1EE14do_curr_symbolEv	
0x5c5718	.text	_ZNKSt6__ndk110moneypunctIwLb1EE16do_positive_signEv	
0x5c5724	.text	_ZNKSt6__ndk110moneypunctIwLb1EE16do_negative_signEv	
0x5c5768	.text	_ZNKSt6__ndk110moneypunctIwLb1EE14do_frac_digitsEv	
0x5c5770	.text	_ZNKSt6__ndk110moneypunctIwLb1EE13do_pos_formatEv	
0x5c577c	.text	_ZNKSt6__ndk110moneypunctIwLb1EE13do_neg_formatEv	
0x5c5854	.text	_ZNSt6__ndk117moneypunct_bynameIcLb0EE4initEPKc	
0x5c5d38	.text	_ZNKSt6__ndk117moneypunct_bynameIcLb0EE16do_decimal_pointEv	
0x5c5d40	.text	_ZNKSt6__ndk117moneypunct_bynameIcLb0EE16do_thousands_sepEv	
0x5c5d48	.text	_ZNKSt6__ndk117moneypunct_bynameIcLb0EE11do_groupingEv	
0x5c5d54	.text	_ZNKSt6__ndk117moneypunct_bynameIcLb0EE14do_curr_symbolEv	
0x5c5d60	.text	_ZNKSt6__ndk117moneypunct_bynameIcLb0EE16do_positive_signEv	
0x5c5d6c	.text	_ZNKSt6__ndk117moneypunct_bynameIcLb0EE16do_negative_signEv	
0x5c5d78	.text	_ZNKSt6__ndk117moneypunct_bynameIcLb0EE14do_frac_digitsEv	
0x5c5d80	.text	_ZNKSt6__ndk117moneypunct_bynameIcLb0EE13do_pos_formatEv	
0x5c5d88	.text	_ZNKSt6__ndk117moneypunct_bynameIcLb0EE13do_neg_formatEv	
0x5c5e5c	.text	_ZNSt6__ndk117moneypunct_bynameIcLb1EE4initEPKc	
0x5c6340	.text	_ZNKSt6__ndk117moneypunct_bynameIcLb1EE16do_decimal_pointEv	
0x5c6348	.text	_ZNKSt6__ndk117moneypunct_bynameIcLb1EE16do_thousands_sepEv	
0x5c6350	.text	_ZNKSt6__ndk117moneypunct_bynameIcLb1EE11do_groupingEv	
0x5c635c	.text	_ZNKSt6__ndk117moneypunct_bynameIcLb1EE14do_curr_symbolEv	
0x5c6368	.text	_ZNKSt6__ndk117moneypunct_bynameIcLb1EE16do_positive_signEv	
0x5c6374	.text	_ZNKSt6__ndk117moneypunct_bynameIcLb1EE16do_negative_signEv	
0x5c6380	.text	_ZNKSt6__ndk117moneypunct_bynameIcLb1EE14do_frac_digitsEv	
0x5c6388	.text	_ZNKSt6__ndk117moneypunct_bynameIcLb1EE13do_pos_formatEv	
0x5c6390	.text	_ZNKSt6__ndk117moneypunct_bynameIcLb1EE13do_neg_formatEv	
0x5c6464	.text	_ZNSt6__ndk117moneypunct_bynameIwLb0EE4initEPKc	
0x5c6e58	.text	_ZNKSt6__ndk117moneypunct_bynameIwLb0EE16do_decimal_pointEv	
0x5c6e60	.text	_ZNKSt6__ndk117moneypunct_bynameIwLb0EE16do_thousands_sepEv	
0x5c6e68	.text	_ZNKSt6__ndk117moneypunct_bynameIwLb0EE11do_groupingEv	
0x5c6e74	.text	_ZNKSt6__ndk117moneypunct_bynameIwLb0EE14do_curr_symbolEv	
0x5c6e80	.text	_ZNKSt6__ndk117moneypunct_bynameIwLb0EE16do_positive_signEv	
0x5c6e8c	.text	_ZNKSt6__ndk117moneypunct_bynameIwLb0EE16do_negative_signEv	
0x5c6e98	.text	_ZNKSt6__ndk117moneypunct_bynameIwLb0EE14do_frac_digitsEv	
0x5c6ea0	.text	_ZNKSt6__ndk117moneypunct_bynameIwLb0EE13do_pos_formatEv	
0x5c6ea8	.text	_ZNKSt6__ndk117moneypunct_bynameIwLb0EE13do_neg_formatEv	
0x5c6f7c	.text	_ZNSt6__ndk117moneypunct_bynameIwLb1EE4initEPKc	
0x5c7970	.text	_ZNKSt6__ndk117moneypunct_bynameIwLb1EE16do_decimal_pointEv	
0x5c7978	.text	_ZNKSt6__ndk117moneypunct_bynameIwLb1EE16do_thousands_sepEv	
0x5c7980	.text	_ZNKSt6__ndk117moneypunct_bynameIwLb1EE11do_groupingEv	
0x5c798c	.text	_ZNKSt6__ndk117moneypunct_bynameIwLb1EE14do_curr_symbolEv	
0x5c7998	.text	_ZNKSt6__ndk117moneypunct_bynameIwLb1EE16do_positive_signEv	
0x5c79a4	.text	_ZNKSt6__ndk117moneypunct_bynameIwLb1EE16do_negative_signEv	
0x5c79b0	.text	_ZNKSt6__ndk117moneypunct_bynameIwLb1EE14do_frac_digitsEv	
0x5c79b8	.text	_ZNKSt6__ndk117moneypunct_bynameIwLb1EE13do_pos_formatEv	
0x5c79c0	.text	_ZNKSt6__ndk117moneypunct_bynameIwLb1EE13do_neg_formatEv	
0x5c7a2c	.text	_ZNKSt6__ndk19money_getIcNS_19istreambuf_iteratorIcNS_11char_traitsIcEEEEE6do_getES4_S4_bRNS_8ios_baseERjRe	
0x5c7ddc	.text	_ZNSt6__ndk112__do_nothingEPv	
0x5c7de0	.text	_ZNSt6__ndk19money_getIcNS_19istreambuf_iteratorIcNS_11char_traitsIcEEEEE8__do_getERS4_S4_bRKNS_6localeEjRjRbRKNS_5ctypeIcEERNS_10unique_ptrIcPFvPvEEERPcSM_	
0x5c90c4	.text	_ZNSt6__ndk121__throw_runtime_errorEPKc	
0x5c9114	.text	_ZNKSt6__ndk19money_getIcNS_19istreambuf_iteratorIcNS_11char_traitsIcEEEEE6do_getES4_S4_bRNS_8ios_baseERjRNS_12basic_stringIcS3_NS_9allocatorIcEEEE	
0x5c938c	.text	_ZNSt6__ndk111__money_getIcE13__gather_infoEbRKNS_6localeERNS_10money_base7patternERcS8_RNS_12basic_stringIcNS_11char_traitsIcEENS_9allocatorIcEEEESF_SF_SF_Ri	
0x5c95cc	.text	_ZNSt6__ndk116__check_groupingERKNS_12basic_stringIcNS_11char_traitsIcEENS_9allocatorIcEEEEPjS8_Rj	
0x5c9724	.text	_ZNKSt6__ndk19money_getIwNS_19istreambuf_iteratorIwNS_11char_traitsIwEEEEE6do_getES4_S4_bRNS_8ios_baseERjRe	
0x5c9af4	.text	_ZNSt6__ndk19money_getIwNS_19istreambuf_iteratorIwNS_11char_traitsIwEEEEE8__do_getERS4_S4_bRKNS_6localeEjRjRbRKNS_5ctypeIwEERNS_10unique_ptrIwPFvPvEEERPwSM_	
0x5caea8	.text	_ZNKSt6__ndk19money_getIwNS_19istreambuf_iteratorIwNS_11char_traitsIwEEEEE6do_getES4_S4_bRNS_8ios_baseERjRNS_12basic_stringIwS3_NS_9allocatorIwEEEE	
0x5cb13c	.text	_ZNSt6__ndk111__money_getIwE13__gather_infoEbRKNS_6localeERNS_10money_base7patternERwS8_RNS_12basic_stringIcNS_11char_traitsIcEENS_9allocatorIcEEEERNS9_IwNSA_IwEENSC_IwEEEESJ_SJ_Ri	
0x5cb3ec	.text	_ZNKSt6__ndk19money_putIcNS_19ostreambuf_iteratorIcNS_11char_traitsIcEEEEE6do_putES4_bRNS_8ios_baseEce	
0x5cb838	.text	_ZNSt6__ndk111__money_putIcE13__gather_infoEbbRKNS_6localeERNS_10money_base7patternERcS8_RNS_12basic_stringIcNS_11char_traitsIcEENS_9allocatorIcEEEESF_SF_Ri	
0x5cba48	.text	_ZNSt6__ndk111__money_putIcE8__formatEPcRS2_S3_jPKcS5_RKNS_5ctypeIcEEbRKNS_10money_base7patternEccRKNS_12basic_stringIcNS_11char_traitsIcEENS_9allocatorIcEEEESL_SL_i	
0x5cc000	.text	_ZNKSt6__ndk19money_putIcNS_19ostreambuf_iteratorIcNS_11char_traitsIcEEEEE6do_putES4_bRNS_8ios_baseEcRKNS_12basic_stringIcS3_NS_9allocatorIcEEEE	
0x5cc3b4	.text	_ZNKSt6__ndk19money_putIwNS_19ostreambuf_iteratorIwNS_11char_traitsIwEEEEE6do_putES4_bRNS_8ios_baseEwe	
0x5cc810	.text	_ZNSt6__ndk111__money_putIwE13__gather_infoEbbRKNS_6localeERNS_10money_base7patternERwS8_RNS_12basic_stringIcNS_11char_traitsIcEENS_9allocatorIcEEEERNS9_IwNSA_IwEENSC_IwEEEESJ_Ri	
0x5cca24	.text	_ZNSt6__ndk111__money_putIwE8__formatEPwRS2_S3_jPKwS5_RKNS_5ctypeIwEEbRKNS_10money_base7patternEwwRKNS_12basic_stringIcNS_11char_traitsIcEENS_9allocatorIcEEEERKNSE_IwNSF_IwEENSH_IwEEEESQ_i	
0x5cd050	.text	_ZNKSt6__ndk19money_putIwNS_19ostreambuf_iteratorIwNS_11char_traitsIwEEEEE6do_putES4_bRNS_8ios_baseEwRKNS_12basic_stringIwS3_NS_9allocatorIwEEEE	
0x5cd40c	.text	_ZNKSt6__ndk18messagesIcE7do_openERKNS_12basic_stringIcNS_11char_traitsIcEENS_9allocatorIcEEEERKNS_6localeE	
0x5cd414	.text	_ZNKSt6__ndk18messagesIcE6do_getEliiRKNS_12basic_stringIcNS_11char_traitsIcEENS_9allocatorIcEEEE	
0x5cd420	.text	_ZNKSt6__ndk18messagesIcE8do_closeEl	
0x5cd488	.text	_ZNKSt6__ndk18messagesIwE7do_openERKNS_12basic_stringIcNS_11char_traitsIcEENS_9allocatorIcEEEERKNS_6localeE	
0x5cd490	.text	_ZNKSt6__ndk18messagesIwE6do_getEliiRKNS_12basic_stringIwNS_11char_traitsIwEENS_9allocatorIwEEEE	
0x5cd49c	.text	_ZNKSt6__ndk18messagesIwE8do_closeEl	
0x5cd580	.text	_ZNSt6__ndk114codecvt_bynameIcc9mbstate_tED1Ev	
0x5cd584	.text	_ZNSt6__ndk114codecvt_bynameIcc9mbstate_tED0Ev	
0x5cd5d8	.text	_ZNSt6__ndk17codecvtIwc9mbstate_tEC2EPKcm	
0x5cd794	.text	_ZNSt6__ndk114codecvt_bynameIwc9mbstate_tED2Ev	
0x5cd798	.text	_ZNSt6__ndk114codecvt_bynameIwc9mbstate_tED0Ev	
0x5cd7ec	.text	_ZNSt6__ndk114codecvt_bynameIDsc9mbstate_tED2Ev	
0x5cd7f0	.text	_ZNSt6__ndk114codecvt_bynameIDsc9mbstate_tED0Ev	
0x5cd844	.text	_ZNSt6__ndk114codecvt_bynameIDic9mbstate_tED1Ev	
0x5cd848	.text	_ZNSt6__ndk114codecvt_bynameIDic9mbstate_tED0Ev	
0x5cfdb0	.text	_ZNSt6__ndk16locale7classicEv	
0x5d50d0	.text	_ZNSt6__ndk16locale8__globalEv	
0x5d51c0	.text	_ZNSt6__ndk16localeC1Ev	
0x5d51ec	.text	_ZNSt6__ndk16localeC2ERKS0_	
0x5d51fc	.text	_ZNSt6__ndk16localeD2Ev	
0x5d5204	.text	_ZNSt6__ndk16localeaSERKS0_	
0x5d5244	.text	_ZNSt6__ndk16localeC1EPKc	
0x5d53cc	.text	_ZNSt6__ndk16localeC2ERKNS_12basic_stringIcNS_11char_traitsIcEENS_9allocatorIcEEEE	
0x5d5428	.text	_ZNSt6__ndk16localeC1ERKS0_PKci	
0x5d55c8	.text	_ZNSt6__ndk16localeC1ERKS0_RKNS_12basic_stringIcNS_11char_traitsIcEENS_9allocatorIcEEEEi	
0x5d5630	.text	_ZNSt6__ndk16localeC2ERKS0_S2_i	
0x5d5698	.text	_ZNKSt6__ndk16locale4nameEv	
0x5d56a8	.text	_ZNSt6__ndk16locale14__install_ctorERKS0_PNS0_5facetEl	
0x5d571c	.text	_ZNSt6__ndk16locale6globalERKS0_	
0x5d588c	.text	_ZNKSt6__ndk16locale9has_facetERNS0_2idE	
0x5d5950	.text	_ZNSt6__ndk16locale2id5__getEv	
0x5d59e0	.text	_ZNKSt6__ndk16locale9use_facetERNS0_2idE	
0x5d5ac0	.text	_ZNKSt6__ndk16localeeqERKS0_	
0x5d5bdc	.text	_ZNSt6__ndk16locale5facetD0Ev	
0x5d5c00	.text	_ZNSt6__ndk16locale5facet16__on_zero_sharedEv	
0x5d5c14	.text	_ZNSt6__ndk16locale2id6__initEv	
0x5d5c34	.text	_ZNSt6__ndk114collate_bynameIcEC2EPKcm	
0x5d5e00	.text	_ZNSt6__ndk114collate_bynameIcEC1ERKNS_12basic_stringIcNS_11char_traitsIcEENS_9allocatorIcEEEEm	
0x5d5ed4	.text	_ZNSt6__ndk114collate_bynameIcED2Ev	
0x5d5f20	.text	_ZNSt6__ndk114collate_bynameIcED0Ev	
0x5d5f74	.text	_ZNKSt6__ndk114collate_bynameIcE10do_compareEPKcS3_S3_S3_	
0x5d61e8	.text	_ZNKSt6__ndk114collate_bynameIcE12do_transformEPKcS3_	
0x5d6404	.text	_ZNSt6__ndk114collate_bynameIwEC1EPKcm	
0x5d6580	.text	_ZNSt6__ndk114collate_bynameIwEC2ERKNS_12basic_stringIcNS_11char_traitsIcEENS_9allocatorIcEEEEm	
0x5d6654	.text	_ZNSt6__ndk114collate_bynameIwED2Ev	
0x5d66a0	.text	_ZNSt6__ndk114collate_bynameIwED0Ev	
0x5d66f4	.text	_ZNKSt6__ndk114collate_bynameIwE10do_compareEPKwS3_S3_S3_	
0x5d67f8	.text	_ZNKSt6__ndk114collate_bynameIwE12do_transformEPKwS3_	
0x5d6924	.text	_ZNSt6__ndk15ctypeIwED0Ev	
0x5d6948	.text	_ZNKSt6__ndk15ctypeIwE5do_isEmw	
0x5d6970	.text	_ZNSt6__ndk15ctypeIcE13classic_tableEv	
0x5d697c	.text	_ZNKSt6__ndk15ctypeIwE5do_isEPKwS3_Pm	
0x5d69d4	.text	_ZNKSt6__ndk15ctypeIwE10do_scan_isEmPKwS3_	
0x5d6a14	.text	_ZNKSt6__ndk15ctypeIwE11do_scan_notEmPKwS3_	
0x5d6a54	.text	_ZNKSt6__ndk15ctypeIwE10do_toupperEw	
0x5d6afc	.text	_ZNKSt6__ndk15ctypeIwE10do_toupperEPwPKw	
0x5d6be0	.text	_ZNKSt6__ndk15ctypeIwE10do_tolowerEw	
0x5d6c88	.text	_ZNKSt6__ndk15ctypeIwE10do_tolowerEPwPKw	
0x5d6d68	.text	_ZNKSt6__ndk15ctypeIwE8do_widenEc	
0x5d6d70	.text	_ZNKSt6__ndk15ctypeIwE8do_widenEPKcS3_Pw	
0x5d6d94	.text	_ZNKSt6__ndk15ctypeIwE9do_narrowEwc	
0x5d6da0	.text	_ZNKSt6__ndk15ctypeIwE9do_narrowEPKwS3_cPc	
0x5d6e78	.text	_ZNSt6__ndk15ctypeIcEC1EPKmbm	
0x5d6eb0	.text	_ZNSt6__ndk15ctypeIcED1Ev	
0x5d6ef4	.text	_ZNSt6__ndk15ctypeIcED0Ev	
0x5d6f40	.text	_ZNKSt6__ndk15ctypeIcE10do_toupperEc	
0x5d6fe4	.text	_ZNKSt6__ndk15ctypeIcE10do_toupperEPcPKc	
0x5d70c0	.text	_ZNKSt6__ndk15ctypeIcE10do_tolowerEc	
0x5d7164	.text	_ZNKSt6__ndk15ctypeIcE10do_tolowerEPcPKc	
0x5d7240	.text	_ZNKSt6__ndk15ctypeIcE8do_widenEc	
0x5d7248	.text	_ZNKSt6__ndk15ctypeIcE8do_widenEPKcS3_Pc	
0x5d72d4	.text	_ZNKSt6__ndk15ctypeIcE9do_narrowEcc	
0x5d72e4	.text	_ZNKSt6__ndk15ctypeIcE9do_narrowEPKcS3_cPc	
0x5d7374	.text	_ZNSt6__ndk112ctype_bynameIcEC2EPKcm	
0x5d7524	.text	_ZNSt6__ndk112ctype_bynameIcEC2ERKNS_12basic_stringIcNS_11char_traitsIcEENS_9allocatorIcEEEEm	
0x5d762c	.text	_ZNSt6__ndk112ctype_bynameIcED0Ev	
0x5d76a4	.text	_ZNKSt6__ndk112ctype_bynameIcE10do_toupperEc	
0x5d76c0	.text	_ZNKSt6__ndk112ctype_bynameIcE10do_toupperEPcPKc	
0x5d7704	.text	_ZNKSt6__ndk112ctype_bynameIcE10do_tolowerEc	
0x5d7720	.text	_ZNKSt6__ndk112ctype_bynameIcE10do_tolowerEPcPKc	
0x5d7764	.text	_ZNSt6__ndk112ctype_bynameIwEC1EPKcm	
0x5d78e0	.text	_ZNSt6__ndk112ctype_bynameIwEC2ERKNS_12basic_stringIcNS_11char_traitsIcEENS_9allocatorIcEEEEm	
0x5d79b4	.text	_ZNSt6__ndk112ctype_bynameIwED0Ev	
0x5d7a08	.text	_ZNKSt6__ndk112ctype_bynameIwE5do_isEmw	
0x5d7b70	.text	_ZNKSt6__ndk112ctype_bynameIwE5do_isEPKwS3_Pm	
0x5d7cd4	.text	_ZNKSt6__ndk112ctype_bynameIwE10do_scan_isEmPKwS3_	
0x5d7dc0	.text	_ZNKSt6__ndk112ctype_bynameIwE11do_scan_notEmPKwS3_	
0x5d7eac	.text	_ZNKSt6__ndk112ctype_bynameIwE10do_toupperEw	
0x5d7eb8	.text	_ZNKSt6__ndk112ctype_bynameIwE10do_toupperEPwPKw	
0x5d7efc	.text	_ZNKSt6__ndk112ctype_bynameIwE10do_tolowerEw	
0x5d7f08	.text	_ZNKSt6__ndk112ctype_bynameIwE10do_tolowerEPwPKw	
0x5d7f4c	.text	_ZNKSt6__ndk112ctype_bynameIwE8do_widenEc	
0x5d7fb0	.text	_ZNKSt6__ndk112ctype_bynameIwE8do_widenEPKcS3_Pw	
0x5d8050	.text	_ZNKSt6__ndk112ctype_bynameIwE9do_narrowEwc	
0x5d80c4	.text	_ZNKSt6__ndk112ctype_bynameIwE9do_narrowEPKwS3_cPc	
0x5d8178	.text	_ZNSt6__ndk17codecvtIcc9mbstate_tED0Ev	
0x5d819c	.text	_ZNKSt6__ndk17codecvtIcc9mbstate_tE6do_outERS1_PKcS5_RS5_PcS7_RS7_	
0x5d81ac	.text	_ZNKSt6__ndk17codecvtIcc9mbstate_tE5do_inERS1_PKcS5_RS5_PcS7_RS7_	
0x5d81bc	.text	_ZNKSt6__ndk17codecvtIcc9mbstate_tE10do_unshiftERS1_PcS4_RS4_	
0x5d81c8	.text	_ZNKSt6__ndk17codecvtIcc9mbstate_tE11do_encodingEv	
0x5d81d0	.text	_ZNKSt6__ndk17codecvtIcc9mbstate_tE16do_always_noconvEv	
0x5d81d8	.text	_ZNKSt6__ndk17codecvtIcc9mbstate_tE9do_lengthERS1_PKcS5_m	
0x5d81e8	.text	_ZNKSt6__ndk17codecvtIcc9mbstate_tE13do_max_lengthEv	
0x5d81f0	.text	_ZNSt6__ndk17codecvtIwc9mbstate_tEC2Em	
0x5d82a8	.text	_ZNSt6__ndk17codecvtIwc9mbstate_tED0Ev	
0x5d82cc	.text	_ZNKSt6__ndk17codecvtIwc9mbstate_tE6do_outERS1_PKwS5_RS5_PcS7_RS7_	
0x5d8618	.text	_ZNKSt6__ndk17codecvtIwc9mbstate_tE5do_inERS1_PKcS5_RS5_PwS7_RS7_	
0x5d894c	.text	_ZNKSt6__ndk17codecvtIwc9mbstate_tE10do_unshiftERS1_PcS4_RS4_	
0x5d8a74	.text	_ZNKSt6__ndk17codecvtIwc9mbstate_tE11do_encodingEv	
0x5d8b48	.text	_ZNKSt6__ndk17codecvtIwc9mbstate_tE16do_always_noconvEv	
0x5d8b50	.text	_ZNKSt6__ndk17codecvtIwc9mbstate_tE9do_lengthERS1_PKcS5_m	
0x5d8c44	.text	_ZNKSt6__ndk17codecvtIwc9mbstate_tE13do_max_lengthEv	
0x5d8cb4	.text	_ZNSt6__ndk17codecvtIDsc9mbstate_tED0Ev	
0x5d8cd8	.text	_ZNKSt6__ndk17codecvtIDsc9mbstate_tE6do_outERS1_PKDsS5_RS5_PcS7_RS7_	
0x5d8fec	.text	_ZNKSt6__ndk17codecvtIDsc9mbstate_tE5do_inERS1_PKcS5_RS5_PDsS7_RS7_	
0x5d9384	.text	_ZNKSt6__ndk17codecvtIDsc9mbstate_tE10do_unshiftERS1_PcS4_RS4_	
0x5d9390	.text	_ZNKSt6__ndk17codecvtIDsc9mbstate_tE11do_encodingEv	
0x5d9398	.text	_ZNKSt6__ndk17codecvtIDsc9mbstate_tE16do_always_noconvEv	
0x5d93a0	.text	_ZNKSt6__ndk17codecvtIDsc9mbstate_tE9do_lengthERS1_PKcS5_m	
0x5d95bc	.text	_ZNKSt6__ndk17codecvtIDsc9mbstate_tE13do_max_lengthEv	
0x5d95c4	.text	_ZNSt6__ndk17codecvtIDic9mbstate_tED0Ev	
0x5d95e8	.text	_ZNKSt6__ndk17codecvtIDic9mbstate_tE6do_outERS1_PKDiS5_RS5_PcS7_RS7_	
0x5d98a0	.text	_ZNKSt6__ndk17codecvtIDic9mbstate_tE5do_inERS1_PKcS5_RS5_PDiS7_RS7_	
0x5d9bd4	.text	_ZNKSt6__ndk17codecvtIDic9mbstate_tE10do_unshiftERS1_PcS4_RS4_	
0x5d9be0	.text	_ZNKSt6__ndk17codecvtIDic9mbstate_tE11do_encodingEv	
0x5d9be8	.text	_ZNKSt6__ndk17codecvtIDic9mbstate_tE16do_always_noconvEv	
0x5d9bf0	.text	_ZNKSt6__ndk17codecvtIDic9mbstate_tE9do_lengthERS1_PKcS5_m	
0x5d9e18	.text	_ZNKSt6__ndk17codecvtIDic9mbstate_tE13do_max_lengthEv	
0x5d9e20	.text	_ZNKSt6__ndk114__codecvt_utf8IwE6do_outER9mbstate_tPKwS5_RS5_PcS7_RS7_	
0x5d9eb4	.text	_ZNKSt6__ndk114__codecvt_utf8IwE5do_inER9mbstate_tPKcS5_RS5_PwS7_RS7_	
0x5d9f48	.text	_ZNKSt6__ndk114__codecvt_utf8IwE10do_unshiftER9mbstate_tPcS4_RS4_	
0x5d9f54	.text	_ZNKSt6__ndk114__codecvt_utf8IwE11do_encodingEv	
0x5d9f5c	.text	_ZNKSt6__ndk114__codecvt_utf8IwE16do_always_noconvEv	
0x5d9f64	.text	_ZNKSt6__ndk114__codecvt_utf8IwE9do_lengthER9mbstate_tPKcS5_m	
0x5d9f80	.text	_ZNKSt6__ndk114__codecvt_utf8IwE13do_max_lengthEv	
0x5d9f98	.text	_ZNKSt6__ndk114__codecvt_utf8IDsE6do_outER9mbstate_tPKDsS5_RS5_PcS7_RS7_	
0x5da094	.text	_ZNKSt6__ndk114__codecvt_utf8IDsE5do_inER9mbstate_tPKcS5_RS5_PDsS7_RS7_	
0x5da1fc	.text	_ZNKSt6__ndk114__codecvt_utf8IDsE10do_unshiftER9mbstate_tPcS4_RS4_	
0x5da208	.text	_ZNKSt6__ndk114__codecvt_utf8IDsE11do_encodingEv	
0x5da210	.text	_ZNKSt6__ndk114__codecvt_utf8IDsE16do_always_noconvEv	
0x5da218	.text	_ZNKSt6__ndk114__codecvt_utf8IDsE9do_lengthER9mbstate_tPKcS5_m	
0x5da388	.text	_ZNKSt6__ndk114__codecvt_utf8IDsE13do_max_lengthEv	
0x5da3a0	.text	_ZNKSt6__ndk114__codecvt_utf8IDiE6do_outER9mbstate_tPKDiS5_RS5_PcS7_RS7_	
0x5da434	.text	_ZNKSt6__ndk114__codecvt_utf8IDiE5do_inER9mbstate_tPKcS5_RS5_PDiS7_RS7_	
0x5da4c8	.text	_ZNKSt6__ndk114__codecvt_utf8IDiE10do_unshiftER9mbstate_tPcS4_RS4_	
0x5da4d4	.text	_ZNKSt6__ndk114__codecvt_utf8IDiE11do_encodingEv	
0x5da4dc	.text	_ZNKSt6__ndk114__codecvt_utf8IDiE16do_always_noconvEv	
0x5da4e4	.text	_ZNKSt6__ndk114__codecvt_utf8IDiE9do_lengthER9mbstate_tPKcS5_m	
0x5da500	.text	_ZNKSt6__ndk114__codecvt_utf8IDiE13do_max_lengthEv	
0x5da518	.text	_ZNKSt6__ndk115__codecvt_utf16IwLb0EE6do_outER9mbstate_tPKwS5_RS5_PcS7_RS7_	
0x5da5f4	.text	_ZNKSt6__ndk115__codecvt_utf16IwLb0EE5do_inER9mbstate_tPKcS5_RS5_PwS7_RS7_	
0x5da6f0	.text	_ZNKSt6__ndk115__codecvt_utf16IwLb0EE10do_unshiftER9mbstate_tPcS4_RS4_	
0x5da6fc	.text	_ZNKSt6__ndk115__codecvt_utf16IwLb0EE11do_encodingEv	
0x5da704	.text	_ZNKSt6__ndk115__codecvt_utf16IwLb0EE16do_always_noconvEv	
0x5da70c	.text	_ZNKSt6__ndk115__codecvt_utf16IwLb0EE9do_lengthER9mbstate_tPKcS5_m	
0x5da804	.text	_ZNKSt6__ndk115__codecvt_utf16IwLb0EE13do_max_lengthEv	
0x5da81c	.text	_ZNKSt6__ndk115__codecvt_utf16IwLb1EE6do_outER9mbstate_tPKwS5_RS5_PcS7_RS7_	
0x5da8f8	.text	_ZNKSt6__ndk115__codecvt_utf16IwLb1EE5do_inER9mbstate_tPKcS5_RS5_PwS7_RS7_	
0x5da9f4	.text	_ZNKSt6__ndk115__codecvt_utf16IwLb1EE10do_unshiftER9mbstate_tPcS4_RS4_	
0x5daa00	.text	_ZNKSt6__ndk115__codecvt_utf16IwLb1EE11do_encodingEv	
0x5daa08	.text	_ZNKSt6__ndk115__codecvt_utf16IwLb1EE16do_always_noconvEv	
0x5daa10	.text	_ZNKSt6__ndk115__codecvt_utf16IwLb1EE9do_lengthER9mbstate_tPKcS5_m	
0x5dab08	.text	_ZNKSt6__ndk115__codecvt_utf16IwLb1EE13do_max_lengthEv	
0x5dab20	.text	_ZNKSt6__ndk115__codecvt_utf16IDsLb0EE6do_outER9mbstate_tPKDsS5_RS5_PcS7_RS7_	
0x5dabb4	.text	_ZNKSt6__ndk115__codecvt_utf16IDsLb0EE5do_inER9mbstate_tPKcS5_RS5_PDsS7_RS7_	
0x5dac44	.text	_ZNKSt6__ndk115__codecvt_utf16IDsLb0EE10do_unshiftER9mbstate_tPcS4_RS4_	
0x5dac50	.text	_ZNKSt6__ndk115__codecvt_utf16IDsLb0EE11do_encodingEv	
0x5dac58	.text	_ZNKSt6__ndk115__codecvt_utf16IDsLb0EE16do_always_noconvEv	
0x5dac60	.text	_ZNKSt6__ndk115__codecvt_utf16IDsLb0EE9do_lengthER9mbstate_tPKcS5_m	
0x5dacf4	.text	_ZNKSt6__ndk115__codecvt_utf16IDsLb0EE13do_max_lengthEv	
0x5dad0c	.text	_ZNKSt6__ndk115__codecvt_utf16IDsLb1EE6do_outER9mbstate_tPKDsS5_RS5_PcS7_RS7_	
0x5dada0	.text	_ZNKSt6__ndk115__codecvt_utf16IDsLb1EE5do_inER9mbstate_tPKcS5_RS5_PDsS7_RS7_	
0x5dae30	.text	_ZNKSt6__ndk115__codecvt_utf16IDsLb1EE10do_unshiftER9mbstate_tPcS4_RS4_	
0x5dae3c	.text	_ZNKSt6__ndk115__codecvt_utf16IDsLb1EE11do_encodingEv	
0x5dae44	.text	_ZNKSt6__ndk115__codecvt_utf16IDsLb1EE16do_always_noconvEv	
0x5dae4c	.text	_ZNKSt6__ndk115__codecvt_utf16IDsLb1EE9do_lengthER9mbstate_tPKcS5_m	
0x5daef8	.text	_ZNKSt6__ndk115__codecvt_utf16IDsLb1EE13do_max_lengthEv	
0x5daf10	.text	_ZNKSt6__ndk115__codecvt_utf16IDiLb0EE6do_outER9mbstate_tPKDiS5_RS5_PcS7_RS7_	
0x5dafec	.text	_ZNKSt6__ndk115__codecvt_utf16IDiLb0EE5do_inER9mbstate_tPKcS5_RS5_PDiS7_RS7_	
0x5db0e8	.text	_ZNKSt6__ndk115__codecvt_utf16IDiLb0EE10do_unshiftER9mbstate_tPcS4_RS4_	
0x5db0f4	.text	_ZNKSt6__ndk115__codecvt_utf16IDiLb0EE11do_encodingEv	
0x5db0fc	.text	_ZNKSt6__ndk115__codecvt_utf16IDiLb0EE16do_always_noconvEv	
0x5db104	.text	_ZNKSt6__ndk115__codecvt_utf16IDiLb0EE9do_lengthER9mbstate_tPKcS5_m	
0x5db1fc	.text	_ZNKSt6__ndk115__codecvt_utf16IDiLb0EE13do_max_lengthEv	
0x5db214	.text	_ZNKSt6__ndk115__codecvt_utf16IDiLb1EE6do_outER9mbstate_tPKDiS5_RS5_PcS7_RS7_	
0x5db2f0	.text	_ZNKSt6__ndk115__codecvt_utf16IDiLb1EE5do_inER9mbstate_tPKcS5_RS5_PDiS7_RS7_	
0x5db3ec	.text	_ZNKSt6__ndk115__codecvt_utf16IDiLb1EE10do_unshiftER9mbstate_tPcS4_RS4_	
0x5db3f8	.text	_ZNKSt6__ndk115__codecvt_utf16IDiLb1EE11do_encodingEv	
0x5db400	.text	_ZNKSt6__ndk115__codecvt_utf16IDiLb1EE16do_always_noconvEv	
0x5db408	.text	_ZNKSt6__ndk115__codecvt_utf16IDiLb1EE9do_lengthER9mbstate_tPKcS5_m	
0x5db500	.text	_ZNKSt6__ndk115__codecvt_utf16IDiLb1EE13do_max_lengthEv	
0x5db518	.text	_ZNKSt6__ndk120__codecvt_utf8_utf16IwE6do_outER9mbstate_tPKwS5_RS5_PcS7_RS7_	
0x5db828	.text	_ZNKSt6__ndk120__codecvt_utf8_utf16IwE5do_inER9mbstate_tPKcS5_RS5_PwS7_RS7_	
0x5dbbc0	.text	_ZNKSt6__ndk120__codecvt_utf8_utf16IwE10do_unshiftER9mbstate_tPcS4_RS4_	
0x5dbbcc	.text	_ZNKSt6__ndk120__codecvt_utf8_utf16IwE11do_encodingEv	
0x5dbbd4	.text	_ZNKSt6__ndk120__codecvt_utf8_utf16IwE16do_always_noconvEv	
0x5dbbdc	.text	_ZNKSt6__ndk120__codecvt_utf8_utf16IwE9do_lengthER9mbstate_tPKcS5_m	
0x5dbbf8	.text	_ZNKSt6__ndk120__codecvt_utf8_utf16IwE13do_max_lengthEv	
0x5dbc10	.text	_ZNKSt6__ndk120__codecvt_utf8_utf16IDsE6do_outER9mbstate_tPKDsS5_RS5_PcS7_RS7_	
0x5dbca4	.text	_ZNKSt6__ndk120__codecvt_utf8_utf16IDsE5do_inER9mbstate_tPKcS5_RS5_PDsS7_RS7_	
0x5dbd38	.text	_ZNKSt6__ndk120__codecvt_utf8_utf16IDsE10do_unshiftER9mbstate_tPcS4_RS4_	
0x5dbd44	.text	_ZNKSt6__ndk120__codecvt_utf8_utf16IDsE11do_encodingEv	
0x5dbd4c	.text	_ZNKSt6__ndk120__codecvt_utf8_utf16IDsE16do_always_noconvEv	
0x5dbd54	.text	_ZNKSt6__ndk120__codecvt_utf8_utf16IDsE9do_lengthER9mbstate_tPKcS5_m	
0x5dbd70	.text	_ZNKSt6__ndk120__codecvt_utf8_utf16IDsE13do_max_lengthEv	
0x5dbd88	.text	_ZNKSt6__ndk120__codecvt_utf8_utf16IDiE6do_outER9mbstate_tPKDiS5_RS5_PcS7_RS7_	
0x5dbe1c	.text	_ZNKSt6__ndk120__codecvt_utf8_utf16IDiE5do_inER9mbstate_tPKcS5_RS5_PDiS7_RS7_	
0x5dbeb0	.text	_ZNKSt6__ndk120__codecvt_utf8_utf16IDiE10do_unshiftER9mbstate_tPcS4_RS4_	
0x5dbebc	.text	_ZNKSt6__ndk120__codecvt_utf8_utf16IDiE11do_encodingEv	
0x5dbec4	.text	_ZNKSt6__ndk120__codecvt_utf8_utf16IDiE16do_always_noconvEv	
0x5dbecc	.text	_ZNKSt6__ndk120__codecvt_utf8_utf16IDiE9do_lengthER9mbstate_tPKcS5_m	
0x5dbee8	.text	_ZNKSt6__ndk120__codecvt_utf8_utf16IDiE13do_max_lengthEv	
0x5dbf00	.text	_ZNSt6__ndk116__narrow_to_utf8ILm16EED0Ev	
0x5dbf24	.text	_ZNSt6__ndk116__narrow_to_utf8ILm32EED0Ev	
0x5dbf48	.text	_ZNSt6__ndk117__widen_from_utf8ILm16EED0Ev	
0x5dbf6c	.text	_ZNSt6__ndk117__widen_from_utf8ILm32EED0Ev	
0x5dbf90	.text	_ZNSt6__ndk18numpunctIcEC2Em	
0x5dbfb8	.text	_ZNSt6__ndk18numpunctIwEC2Em	
0x5dbfe4	.text	_ZNSt6__ndk18numpunctIcED1Ev	
0x5dc024	.text	_ZNSt6__ndk18numpunctIcED0Ev	
0x5dc06c	.text	_ZNSt6__ndk115numpunct_bynameIwED2Ev	
0x5dc0ac	.text	_ZNSt6__ndk18numpunctIwED0Ev	
0x5dc0f4	.text	_ZNKSt6__ndk18numpunctIcE16do_decimal_pointEv	
0x5dc0fc	.text	_ZNKSt6__ndk18numpunctIwE16do_decimal_pointEv	
0x5dc104	.text	_ZNKSt6__ndk18numpunctIcE16do_thousands_sepEv	
0x5dc10c	.text	_ZNKSt6__ndk18numpunctIwE16do_thousands_sepEv	
0x5dc114	.text	_ZNKSt6__ndk18numpunctIcE11do_groupingEv	
0x5dc120	.text	_ZNKSt6__ndk18numpunctIwE11do_groupingEv	
0x5dc12c	.text	_ZNKSt6__ndk18numpunctIcE11do_truenameEv	
0x5dc150	.text	_ZNKSt6__ndk18numpunctIwE11do_truenameEv	
0x5dc16c	.text	_ZNKSt6__ndk18numpunctIcE12do_falsenameEv	
0x5dc194	.text	_ZNKSt6__ndk18numpunctIwE12do_falsenameEv	
0x5dc1b0	.text	_ZNSt6__ndk115numpunct_bynameIcEC1EPKcm	
0x5dc228	.text	_ZNSt6__ndk115numpunct_bynameIcE6__initEPKc	
0x5dc420	.text	_ZNSt6__ndk115numpunct_bynameIcEC2ERKNS_12basic_stringIcNS_11char_traitsIcEENS_9allocatorIcEEEEm	
0x5dc4a8	.text	_ZNSt6__ndk115numpunct_bynameIcED0Ev	
0x5dc5e4	.text	_ZNSt6__ndk115numpunct_bynameIwEC2EPKcm	
0x5dc660	.text	_ZNSt6__ndk115numpunct_bynameIwE6__initEPKc	
0x5dc858	.text	_ZNSt6__ndk115numpunct_bynameIwEC1ERKNS_12basic_stringIcNS_11char_traitsIcEENS_9allocatorIcEEEEm	
0x5dc8e4	.text	_ZNSt6__ndk115numpunct_bynameIwED0Ev	
0x5dca0c	.text	_ZNSt6__ndk114__num_get_base10__get_baseERNS_8ios_baseE	
0x5dca4c	.text	_ZNKSt6__ndk120__time_get_c_storageIcE7__weeksEv	
0x5dcc34	.text	_ZNKSt6__ndk120__time_get_c_storageIwE7__weeksEv	
0x5dce1c	.text	_ZNKSt6__ndk120__time_get_c_storageIcE8__monthsEv	
0x5dd0cc	.text	_ZNKSt6__ndk120__time_get_c_storageIwE8__monthsEv	
0x5dd37c	.text	_ZNKSt6__ndk120__time_get_c_storageIcE7__am_pmEv	
0x5dd474	.text	_ZNKSt6__ndk120__time_get_c_storageIwE7__am_pmEv	
0x5dd56c	.text	_ZNKSt6__ndk120__time_get_c_storageIcE3__xEv	
0x5dd5f8	.text	_ZNKSt6__ndk120__time_get_c_storageIwE3__xEv	
0x5dd69c	.text	_ZNKSt6__ndk120__time_get_c_storageIcE3__XEv	
0x5dd728	.text	_ZNKSt6__ndk120__time_get_c_storageIwE3__XEv	
0x5dd7cc	.text	_ZNKSt6__ndk120__time_get_c_storageIcE3__cEv	
0x5dd860	.text	_ZNKSt6__ndk120__time_get_c_storageIwE3__cEv	
0x5dd904	.text	_ZNKSt6__ndk120__time_get_c_storageIcE3__rEv	
0x5dd994	.text	_ZNKSt6__ndk120__time_get_c_storageIwE3__rEv	
0x5dda38	.text	_ZNSt6__ndk110__time_getC2EPKc	
0x5ddb94	.text	_ZNSt6__ndk110__time_getC1ERKNS_12basic_stringIcNS_11char_traitsIcEENS_9allocatorIcEEEE	
0x5ddc40	.text	_ZNSt6__ndk110__time_getD1Ev	
0x5ddc5c	.text	_ZNSt6__ndk118__time_get_storageIcE9__analyzeEcRKNS_5ctypeIcEE	
0x5de5b0	.text	_ZNSt6__ndk118__time_get_storageIwE9__analyzeEcRKNS_5ctypeIwEE	
0x5deffc	.text	_ZNSt6__ndk118__time_get_storageIcE4initERKNS_5ctypeIcEE	
0x5df498	.text	_ZNSt6__ndk118__time_get_storageIwE4initERKNS_5ctypeIwEE	
0x5e0194	.text	_ZNSt6__ndk112ctype_bynameIcED1Ev	
0x5e0204	.text	_ZNSt6__ndk112ctype_bynameIwED2Ev	
0x5e0d34	.text	_ZNSt6__ndk17codecvtIwc9mbstate_tED2Ev	
0x5e0df4	.text	_ZNSt6__ndk114__codecvt_utf8IwED0Ev	
0x5e0e18	.text	_ZNSt6__ndk114__codecvt_utf8IDsED0Ev	
0x5e0e3c	.text	_ZNSt6__ndk114__codecvt_utf8IDiED0Ev	
0x5e0e60	.text	_ZNSt6__ndk115__codecvt_utf16IwLb0EED0Ev	
0x5e0e84	.text	_ZNSt6__ndk115__codecvt_utf16IwLb1EED0Ev	
0x5e0ea8	.text	_ZNSt6__ndk115__codecvt_utf16IDsLb0EED0Ev	
0x5e0ecc	.text	_ZNSt6__ndk115__codecvt_utf16IDsLb1EED0Ev	
0x5e0ef0	.text	_ZNSt6__ndk115__codecvt_utf16IDiLb0EED0Ev	
0x5e0f14	.text	_ZNSt6__ndk115__codecvt_utf16IDiLb1EED0Ev	
0x5e0f38	.text	_ZNSt6__ndk120__codecvt_utf8_utf16IwED0Ev	
0x5e0f5c	.text	_ZNSt6__ndk120__codecvt_utf8_utf16IDiED0Ev	
0x5e0f80	.text	_ZNSt6__ndk120__codecvt_utf8_utf16IDsED0Ev	
0x5e12a4	.text	_ZNSt6__ndk112basic_stringIwNS_11char_traitsIwEENS_9allocatorIwEEE6__initIPKwEENS_9enable_ifIXsr21__is_forward_iteratorIT_EE5valueEvE4typeESA_SA_	
0x5e14f8	.text	_ZNSt6__ndk125__num_get_signed_integralIlEET_PKcS3_Rji	
0x5e1638	.text	_ZNSt6__ndk125__num_get_signed_integralIxEET_PKcS3_Rji	
0x5e1778	.text	_ZNSt6__ndk127__num_get_unsigned_integralItEET_PKcS3_Rji	
0x5e18dc	.text	_ZNSt6__ndk127__num_get_unsigned_integralIjEET_PKcS3_Rji	
0x5e1a40	.text	_ZNSt6__ndk127__num_get_unsigned_integralImEET_PKcS3_Rji	
0x5e1b9c	.text	_ZNSt6__ndk127__num_get_unsigned_integralIyEET_PKcS3_Rji	
0x5e2068	.text	_ZNSt6__ndk112basic_stringIcNS_11char_traitsIcEENS_9allocatorIcEEE23__append_forward_unsafeIPcEERS5_T_S9_	
0x5e2328	.text	_ZNSt6__ndk112basic_stringIwNS_11char_traitsIwEENS_9allocatorIwEEE23__append_forward_unsafeIPwEERS5_T_S9_	
0x5e2560	.text	_ZNSt6__ndk112basic_stringIwNS_11char_traitsIwEENS_9allocatorIwEEE6__initIPwEENS_9enable_ifIXsr21__is_forward_iteratorIT_EE5valueEvE4typeES9_S9_	
0x5e26e8	.text	_ZNSt6__ndk112bad_weak_ptrD2Ev	
0x5e26ec	.text	_ZNSt6__ndk112bad_weak_ptrD0Ev	
0x5e2710	.text	_ZNKSt6__ndk112bad_weak_ptr4whatEv	
0x5e271c	.text	_ZNSt6__ndk119__shared_weak_countD1Ev	
0x5e2720	.text	_ZNSt6__ndk114__shared_countD0Ev	
0x5e2724	.text	_ZNSt6__ndk119__shared_weak_countD0Ev	
0x5e2728	.text	_ZNSt6__ndk114__shared_count12__add_sharedEv	
0x5e2740	.text	_ZNSt6__ndk114__shared_count16__release_sharedEv	
0x5e2780	.text	_ZNSt6__ndk119__shared_weak_count12__add_sharedEv	
0x5e2798	.text	_ZNSt6__ndk119__shared_weak_count10__add_weakEv	
0x5e27b0	.text	_ZNSt6__ndk119__shared_weak_count16__release_sharedEv	
0x5e282c	.text	_ZNSt6__ndk119__shared_weak_count14__release_weakEv	
0x5e285c	.text	_ZNSt6__ndk119__shared_weak_count4lockEv	
0x5e28a0	.text	_ZNKSt6__ndk119__shared_weak_count13__get_deleterERKSt9type_info	
0x5e28a8	.text	_ZNSt6__ndk18__sp_mut4lockEv	
0x5e28fc	.text	_ZNSt6__ndk18__sp_mut6unlockEv	
0x5e2918	.text	_ZNSt6__ndk112__get_sp_mutEPKv	
0x5e2970	.text	_ZNSt6__ndk117declare_reachableEPv	
0x5e2974	.text	_ZNSt6__ndk119declare_no_pointersEPcm	
0x5e2978	.text	_ZNSt6__ndk121undeclare_no_pointersEPcm	
0x5e297c	.text	_ZNSt6__ndk118get_pointer_safetyEv	
0x5e2984	.text	_ZNSt6__ndk121__undeclare_reachableEPv	
0x5e2988	.text	_ZNSt6__ndk15alignEmmRPvRm	
0x5e29d4	.text	_ZNSt6__ndk15mutexD1Ev	
0x5e29ec	.text	_ZNSt6__ndk15mutex4lockEv	
0x5e2a10	.text	_ZNSt6__ndk15mutex8try_lockEv	
0x5e2a30	.text	_ZNSt6__ndk15mutex6unlockEv	
0x5e2a48	.text	_ZNSt6__ndk115recursive_mutexC2Ev	
0x5e2b0c	.text	_ZNSt6__ndk115recursive_mutexD1Ev	
0x5e2b24	.text	_ZNSt6__ndk115recursive_mutex4lockEv	
0x5e2b48	.text	_ZNSt6__ndk115recursive_mutex6unlockEv	
0x5e2b60	.text	_ZNSt6__ndk115recursive_mutex8try_lockEv	
0x5e2b80	.text	_ZNSt6__ndk111timed_mutexC1Ev	
0x5e2b9c	.text	_ZNSt6__ndk111timed_mutexD1Ev	
0x5e2c08	.text	_ZNSt6__ndk111timed_mutex4lockEv	
0x5e2cbc	.text	_ZNSt6__ndk111timed_mutex8try_lockEv	
0x5e2d14	.text	_ZNSt6__ndk111timed_mutex6unlockEv	
0x5e2d60	.text	_ZNSt6__ndk121recursive_timed_mutexC1Ev	
0x5e2d78	.text	_ZNSt6__ndk121recursive_timed_mutexD2Ev	
0x5e2de4	.text	_ZNSt6__ndk121recursive_timed_mutex4lockEv	
0x5e2ef8	.text	_ZNSt6__ndk121recursive_timed_mutex8try_lockEv	
0x5e2f94	.text	_ZNSt6__ndk121recursive_timed_mutex6unlockEv	
0x5e3004	.text	_ZNSt6__ndk111__call_onceERVmPvPFvS2_E	
0x5e3128	.text	_ZSt17__throw_bad_allocv	
0x5e315c	.text	_Znwm	
0x5e31c0	.text	_ZnwmRKSt9nothrow_t	
0x5e31ec	.text	_Znam	
0x5e31f0	.text	_ZnamRKSt9nothrow_t	
0x5e321c	.text	_ZdlPv	
0x5e3220	.text	_ZdlPvRKSt9nothrow_t	
0x5e3224	.text	_ZdlPvm	
0x5e3228	.text	_ZdaPv	
0x5e322c	.text	_ZdaPvRKSt9nothrow_t	
0x5e3230	.text	_ZdaPvm	
0x5e3234	.text	_ZnwmSt11align_val_t	
0x5e32e0	.text	_ZnwmSt11align_val_tRKSt9nothrow_t	
0x5e330c	.text	_ZnamSt11align_val_t	
0x5e3310	.text	_ZnamSt11align_val_tRKSt9nothrow_t	
0x5e333c	.text	_ZdlPvSt11align_val_t	
0x5e3340	.text	_ZdlPvSt11align_val_tRKSt9nothrow_t	
0x5e3344	.text	_ZdlPvmSt11align_val_t	
0x5e334c	.text	_ZdaPvSt11align_val_t	
0x5e3350	.text	_ZdaPvSt11align_val_tRKSt9nothrow_t	
0x5e3354	.text	_ZdaPvmSt11align_val_t	
0x5e335c	.text	_ZNSt11logic_errorC1ERKNSt6__ndk112basic_stringIcNS0_11char_traitsIcEENS0_9allocatorIcEEEE	
0x5e33e8	.text	_ZNSt11logic_errorC2EPKc	
0x5e3468	.text	_ZNSt11logic_errorC2ERKS_	
0x5e3498	.text	_ZNSt11logic_erroraSERKS_	
0x5e34f8	.text	_ZNSt13runtime_errorC2ERKNSt6__ndk112basic_stringIcNS0_11char_traitsIcEENS0_9allocatorIcEEEE	
0x5e3584	.text	_ZNSt13runtime_errorC2EPKc	
0x5e3604	.text	_ZNSt13runtime_errorC2ERKS_	
0x5e3634	.text	_ZNSt13runtime_erroraSERKS_	
0x5e36b8	.text	_ZNSt6__ndk112basic_stringIcNS_11char_traitsIcEENS_9allocatorIcEEEC1ERKS5_	
0x5e3774	.text	_ZNSt6__ndk112basic_stringIcNS_11char_traitsIcEENS_9allocatorIcEEE6__initEPKcm	
0x5e380c	.text	_ZNSt6__ndk112basic_stringIcNS_11char_traitsIcEENS_9allocatorIcEEEC1ERKS5_RKS4_	
0x5e3aac	.text	_ZNSt6__ndk112basic_stringIcNS_11char_traitsIcEENS_9allocatorIcEEE6__initEmc	
0x5e3b34	.text	_ZNSt6__ndk112basic_stringIcNS_11char_traitsIcEENS_9allocatorIcEEEC1ERKS5_mmRKS4_	
0x5e3ef4	.text	_ZNSt6__ndk112basic_stringIcNS_11char_traitsIcEENS_9allocatorIcEEED1Ev	
0x5e4040	.text	_ZNSt6__ndk112basic_stringIcNS_11char_traitsIcEENS_9allocatorIcEEE6assignEPKc	
0x5e4074	.text	_ZNSt6__ndk112basic_stringIcNS_11char_traitsIcEENS_9allocatorIcEEEaSEc	
0x5e4350	.text	_ZNSt6__ndk112basic_stringIcNS_11char_traitsIcEENS_9allocatorIcEEE7reserveEm	
0x5e458c	.text	_ZNKSt6__ndk112basic_stringIcNS_11char_traitsIcEENS_9allocatorIcEEE2atEm	
0x5e45d8	.text	_ZNSt6__ndk112basic_stringIcNS_11char_traitsIcEENS_9allocatorIcEEE2atEm	
0x5e4690	.text	_ZNSt6__ndk112basic_stringIcNS_11char_traitsIcEENS_9allocatorIcEEE6appendEPKc	
0x5e46f0	.text	_ZNSt6__ndk112basic_stringIcNS_11char_traitsIcEENS_9allocatorIcEEE6appendERKS5_mm	
0x5e48bc	.text	_ZNSt6__ndk112basic_stringIcNS_11char_traitsIcEENS_9allocatorIcEEE6assignERKS5_mm	
0x5e4900	.text	_ZNSt6__ndk112basic_stringIcNS_11char_traitsIcEENS_9allocatorIcEEE6assignEmc	
0x5e4a64	.text	_ZNSt6__ndk112basic_stringIcNS_11char_traitsIcEENS_9allocatorIcEEE6insertEmRKS5_mm	
0x5e4aa8	.text	_ZNSt6__ndk112basic_stringIcNS_11char_traitsIcEENS_9allocatorIcEEE6insertEmPKc	
0x5e4aec	.text	_ZNSt6__ndk112basic_stringIcNS_11char_traitsIcEENS_9allocatorIcEEE6insertEmmc	
0x5e4cac	.text	_ZNSt6__ndk112basic_stringIcNS_11char_traitsIcEENS_9allocatorIcEEE6insertENS_11__wrap_iterIPKcEEc	
0x5e4e94	.text	_ZNSt6__ndk112basic_stringIcNS_11char_traitsIcEENS_9allocatorIcEEE6insertIPKcEENS_9enable_ifIXaasr21__is_forward_iteratorIT_EE5valuesr38__libcpp_string_gets_noexcept_iteratorISA_EE5valueENS_11__wrap_iterIPcEEE4typeENSB_IS8_EESA_SA_	
0x5e53e0	.text	_ZNSt6__ndk112basic_stringIcNS_11char_traitsIcEENS_9allocatorIcEEE7replaceEmmPKcm	
0x5e5680	.text	_ZNSt6__ndk112basic_stringIcNS_11char_traitsIcEENS_9allocatorIcEEE7replaceEmmRKS5_mm	
0x5e56c4	.text	_ZNSt6__ndk112basic_stringIcNS_11char_traitsIcEENS_9allocatorIcEEE7replaceEmmPKc	
0x5e5710	.text	_ZNSt6__ndk112basic_stringIcNS_11char_traitsIcEENS_9allocatorIcEEE7replaceEmmmc	
0x5e59f4	.text	_ZNSt6__ndk112basic_stringIcNS_11char_traitsIcEENS_9allocatorIcEEE7replaceIPKcEENS_9enable_ifIXsr19__is_input_iteratorIT_EE5valueERS5_E4typeENS_11__wrap_iterIS8_EESF_SA_SA_	
0x5e5ba0	.text	_ZNKSt6__ndk112basic_stringIcNS_11char_traitsIcEENS_9allocatorIcEEE4copyEPcmm	
0x5e5e54	.text	_ZNKSt6__ndk112basic_stringIcNS_11char_traitsIcEENS_9allocatorIcEEE4findEPKcmm	
0x5e60f8	.text	_ZNKSt6__ndk112basic_stringIcNS_11char_traitsIcEENS_9allocatorIcEEE5rfindEPKcmm	
0x5e630c	.text	_ZNKSt6__ndk112basic_stringIcNS_11char_traitsIcEENS_9allocatorIcEEE5rfindEcm	
0x5e63e4	.text	_ZNKSt6__ndk112basic_stringIcNS_11char_traitsIcEENS_9allocatorIcEEE13find_first_ofEPKcmm	
0x5e65f0	.text	_ZNKSt6__ndk112basic_stringIcNS_11char_traitsIcEENS_9allocatorIcEEE12find_last_ofEPKcmm	
0x5e67e4	.text	_ZNKSt6__ndk112basic_stringIcNS_11char_traitsIcEENS_9allocatorIcEEE17find_first_not_ofEPKcmm	
0x5e69f0	.text	_ZNKSt6__ndk112basic_stringIcNS_11char_traitsIcEENS_9allocatorIcEEE16find_last_not_ofEPKcmm	
0x5e6c54	.text	_ZNKSt6__ndk112basic_stringIcNS_11char_traitsIcEENS_9allocatorIcEEE7compareEmmRKS5_mm	
0x5e6d6c	.text	_ZNKSt6__ndk112basic_stringIcNS_11char_traitsIcEENS_9allocatorIcEEE7compareEPKc	
0x5e6e04	.text	_ZNKSt6__ndk112basic_stringIcNS_11char_traitsIcEENS_9allocatorIcEEE7compareEmmPKc	
0x5e6f94	.text	_ZNSt6__ndk112basic_stringIcNS_11char_traitsIcEENS_9allocatorIcEEE6__initEPKcmm	
0x5e70c0	.text	_ZNSt6__ndk112basic_stringIwNS_11char_traitsIwEENS_9allocatorIwEEEC2ERKS5_	
0x5e70fc	.text	_ZNSt6__ndk112basic_stringIwNS_11char_traitsIwEENS_9allocatorIwEEE6__initEPKwm	
0x5e71f8	.text	_ZNSt6__ndk112basic_stringIwNS_11char_traitsIwEENS_9allocatorIwEEEC1ERKS5_RKS4_	
0x5e728c	.text	_ZNSt6__ndk112basic_stringIwNS_11char_traitsIwEENS_9allocatorIwEEE6__initEmw	
0x5e7378	.text	_ZNSt6__ndk112basic_stringIwNS_11char_traitsIwEENS_9allocatorIwEEEC1ERKS5_mmRKS4_	
0x5e7464	.text	_ZNSt6__ndk112basic_stringIwNS_11char_traitsIwEENS_9allocatorIwEEED1Ev	
0x5e74a0	.text	_ZNSt6__ndk112basic_stringIwNS_11char_traitsIwEENS_9allocatorIwEEEaSERKS5_	
0x5e74f0	.text	_ZNSt6__ndk112basic_stringIwNS_11char_traitsIwEENS_9allocatorIwEEE6assignEPKwm	
0x5e76d0	.text	_ZNSt6__ndk112basic_stringIwNS_11char_traitsIwEENS_9allocatorIwEEE6assignEPKw	
0x5e7704	.text	_ZNSt6__ndk112basic_stringIwNS_11char_traitsIwEENS_9allocatorIwEEEaSEw	
0x5e7954	.text	_ZNSt6__ndk112basic_stringIwNS_11char_traitsIwEENS_9allocatorIwEEE6resizeEmw	
0x5e79b4	.text	_ZNSt6__ndk112basic_stringIwNS_11char_traitsIwEENS_9allocatorIwEEE6appendEmw	
0x5e7b14	.text	_ZNSt6__ndk112basic_stringIwNS_11char_traitsIwEENS_9allocatorIwEEE7reserveEm	
0x5e7e1c	.text	_ZNKSt6__ndk112basic_stringIwNS_11char_traitsIwEENS_9allocatorIwEEE2atEm	
0x5e7e68	.text	_ZNSt6__ndk112basic_stringIwNS_11char_traitsIwEENS_9allocatorIwEEE2atEm	
0x5e7f28	.text	_ZNSt6__ndk112basic_stringIwNS_11char_traitsIwEENS_9allocatorIwEEE6appendEPKw	
0x5e8004	.text	_ZNSt6__ndk112basic_stringIwNS_11char_traitsIwEENS_9allocatorIwEEE9push_backEw	
0x5e80b0	.text	_ZNSt6__ndk112basic_stringIwNS_11char_traitsIwEENS_9allocatorIwEEE6appendEPKwm	
0x5e8178	.text	_ZNSt6__ndk112basic_stringIwNS_11char_traitsIwEENS_9allocatorIwEEE6appendERKS5_mm	
0x5e81dc	.text	_ZNSt6__ndk112basic_stringIwNS_11char_traitsIwEENS_9allocatorIwEEE21__grow_by_and_replaceEmmmmmmPKw	
0x5e8384	.text	_ZNSt6__ndk112basic_stringIwNS_11char_traitsIwEENS_9allocatorIwEEE9__grow_byEmmmmmm	
0x5e8674	.text	_ZNSt6__ndk112basic_stringIwNS_11char_traitsIwEENS_9allocatorIwEEE6assignERKS5_mm	
0x5e86bc	.text	_ZNSt6__ndk112basic_stringIwNS_11char_traitsIwEENS_9allocatorIwEEE6assignEmw	
0x5e87b4	.text	_ZNSt6__ndk112basic_stringIwNS_11char_traitsIwEENS_9allocatorIwEEE6insertEmPKwm	
0x5e88dc	.text	_ZNSt6__ndk112basic_stringIwNS_11char_traitsIwEENS_9allocatorIwEEE6insertEmRKS5_mm	
0x5e8924	.text	_ZNSt6__ndk112basic_stringIwNS_11char_traitsIwEENS_9allocatorIwEEE6insertEmPKw	
0x5e8968	.text	_ZNSt6__ndk112basic_stringIwNS_11char_traitsIwEENS_9allocatorIwEEE6insertEmmw	
0x5e8a84	.text	_ZNSt6__ndk112basic_stringIwNS_11char_traitsIwEENS_9allocatorIwEEE6insertENS_11__wrap_iterIPKwEEw	
0x5e8be0	.text	_ZNSt6__ndk112basic_stringIwNS_11char_traitsIwEENS_9allocatorIwEEE6insertIPKwEENS_9enable_ifIXaasr21__is_forward_iteratorIT_EE5valuesr38__libcpp_string_gets_noexcept_iteratorISA_EE5valueENS_11__wrap_iterIPwEEE4typeENSB_IS8_EESA_SA_	
0x5e8e70	.text	_ZNSt6__ndk112basic_stringIwNS_11char_traitsIwEENS_9allocatorIwEEE5eraseEmm	
0x5e90a4	.text	_ZNSt6__ndk112basic_stringIwNS_11char_traitsIwEENS_9allocatorIwEEE7replaceEmmPKwm	
0x5e9288	.text	_ZNSt6__ndk112basic_stringIwNS_11char_traitsIwEENS_9allocatorIwEEE7replaceEmmRKS5_mm	
0x5e92d0	.text	_ZNSt6__ndk112basic_stringIwNS_11char_traitsIwEENS_9allocatorIwEEE7replaceEmmPKw	
0x5e931c	.text	_ZNSt6__ndk112basic_stringIwNS_11char_traitsIwEENS_9allocatorIwEEE7replaceEmmmw	
0x5e9648	.text	_ZNKSt6__ndk112basic_stringIwNS_11char_traitsIwEENS_9allocatorIwEEE4copyEPwmm	
0x5e98a0	.text	_ZNKSt6__ndk112basic_stringIwNS_11char_traitsIwEENS_9allocatorIwEEE4findEPKwmm	
0x5e9a54	.text	_ZNKSt6__ndk112basic_stringIwNS_11char_traitsIwEENS_9allocatorIwEEE4findEwm	
0x5e9be4	.text	_ZNKSt6__ndk112basic_stringIwNS_11char_traitsIwEENS_9allocatorIwEEE5rfindEPKwmm	
0x5e9e20	.text	_ZNKSt6__ndk112basic_stringIwNS_11char_traitsIwEENS_9allocatorIwEEE5rfindEwm	
0x5e9f0c	.text	_ZNKSt6__ndk112basic_stringIwNS_11char_traitsIwEENS_9allocatorIwEEE13find_first_ofEPKwmm	
0x5ea130	.text	_ZNKSt6__ndk112basic_stringIwNS_11char_traitsIwEENS_9allocatorIwEEE12find_last_ofEPKwmm	
0x5ea340	.text	_ZNKSt6__ndk112basic_stringIwNS_11char_traitsIwEENS_9allocatorIwEEE17find_first_not_ofEPKwmm	
0x5ea578	.text	_ZNKSt6__ndk112basic_stringIwNS_11char_traitsIwEENS_9allocatorIwEEE16find_last_not_ofEPKwmm	
0x5ea7fc	.text	_ZNKSt6__ndk112basic_stringIwNS_11char_traitsIwEENS_9allocatorIwEEE7compareEmmPKwm	
0x5ea888	.text	_ZNKSt6__ndk112basic_stringIwNS_11char_traitsIwEENS_9allocatorIwEEE7compareEmmRKS5_mm	
0x5ea9a4	.text	_ZNKSt6__ndk112basic_stringIwNS_11char_traitsIwEENS_9allocatorIwEEE7compareEPKw	
0x5eaa3c	.text	_ZNKSt6__ndk112basic_stringIwNS_11char_traitsIwEENS_9allocatorIwEEE7compareEmmPKw	
0x5eabd0	.text	_ZNSt6__ndk112basic_stringIwNS_11char_traitsIwEENS_9allocatorIwEEE6__initEPKwmm	
0x5ead40	.text	_ZNSt6__ndk14stoiERKNS_12basic_stringIcNS_11char_traitsIcEENS_9allocatorIcEEEEPmi	
0x5eaf8c	.text	_ZNSt6__ndk14stoiERKNS_12basic_stringIwNS_11char_traitsIwEENS_9allocatorIwEEEEPmi	
0x5eb1e0	.text	_ZNSt6__ndk14stolERKNS_12basic_stringIcNS_11char_traitsIcEENS_9allocatorIcEEEEPmi	
0x5eb3c8	.text	_ZNSt6__ndk14stolERKNS_12basic_stringIwNS_11char_traitsIwEENS_9allocatorIwEEEEPmi	
0x5eb5b8	.text	_ZNSt6__ndk15stoulERKNS_12basic_stringIcNS_11char_traitsIcEENS_9allocatorIcEEEEPmi	
0x5eb7a4	.text	_ZNSt6__ndk15stoulERKNS_12basic_stringIwNS_11char_traitsIwEENS_9allocatorIwEEEEPmi	
0x5eb998	.text	_ZNSt6__ndk15stollERKNS_12basic_stringIcNS_11char_traitsIcEENS_9allocatorIcEEEEPmi	
0x5ebb84	.text	_ZNSt6__ndk15stollERKNS_12basic_stringIwNS_11char_traitsIwEENS_9allocatorIwEEEEPmi	
0x5ebd78	.text	_ZNSt6__ndk16stoullERKNS_12basic_stringIcNS_11char_traitsIcEENS_9allocatorIcEEEEPmi	
0x5ebf68	.text	_ZNSt6__ndk16stoullERKNS_12basic_stringIwNS_11char_traitsIwEENS_9allocatorIwEEEEPmi	
0x5ec160	.text	_ZNSt6__ndk14stofERKNS_12basic_stringIcNS_11char_traitsIcEENS_9allocatorIcEEEEPm	
0x5ec348	.text	_ZNSt6__ndk14stofERKNS_12basic_stringIwNS_11char_traitsIwEENS_9allocatorIwEEEEPm	
0x5ec538	.text	_ZNSt6__ndk14stodERKNS_12basic_stringIcNS_11char_traitsIcEENS_9allocatorIcEEEEPm	
0x5ec720	.text	_ZNSt6__ndk14stodERKNS_12basic_stringIwNS_11char_traitsIwEENS_9allocatorIwEEEEPm	
0x5ec910	.text	_ZNSt6__ndk15stoldERKNS_12basic_stringIcNS_11char_traitsIcEENS_9allocatorIcEEEEPm	
0x5ecaf4	.text	_ZNSt6__ndk15stoldERKNS_12basic_stringIwNS_11char_traitsIwEENS_9allocatorIwEEEEPm	
0x5ecce0	.text	_ZNSt6__ndk19to_stringEi	
0x5ecea4	.text	_ZNSt6__ndk19to_stringEj	
0x5ed068	.text	_ZNSt6__ndk19to_stringEl	
0x5ed22c	.text	_ZNSt6__ndk19to_stringEm	
0x5ed3f0	.text	_ZNSt6__ndk19to_stringEx	
0x5ed5b4	.text	_ZNSt6__ndk19to_stringEy	
0x5ed778	.text	_ZNSt6__ndk19to_stringEf	
0x5ed940	.text	_ZNSt6__ndk19to_stringEd	
0x5edb04	.text	_ZNSt6__ndk19to_stringEe	
0x5edcc0	.text	_ZNSt6__ndk110to_wstringEi	
0x5ede8c	.text	_ZNSt6__ndk110to_wstringEj	
0x5ee058	.text	_ZNSt6__ndk110to_wstringEl	
0x5ee224	.text	_ZNSt6__ndk110to_wstringEm	
0x5ee3f0	.text	_ZNSt6__ndk110to_wstringEx	
0x5ee5bc	.text	_ZNSt6__ndk110to_wstringEy	
0x5ee788	.text	_ZNSt6__ndk110to_wstringEf	
0x5ee978	.text	_ZNSt6__ndk110to_wstringEd	
0x5eeb64	.text	_ZNSt6__ndk110to_wstringEe	
0x5eed48	.text	_ZNSt6__ndk114error_categoryC2Ev	
0x5eed5c	.text	_ZNSt6__ndk114error_categoryD0Ev	
0x5eed60	.text	_ZNKSt6__ndk114error_category23default_error_conditionEi	
0x5eed70	.text	_ZNKSt6__ndk114error_category10equivalentEiRKNS_15error_conditionE	
0x5eedb4	.text	_ZNKSt6__ndk114error_category10equivalentERKNS_10error_codeEi	
0x5eef8c	.text	_ZNSt6__ndk116generic_categoryEv	
0x5ef138	.text	_ZNSt6__ndk115system_categoryEv	
0x5ef190	.text	_ZNKSt6__ndk115error_condition7messageEv	
0x5ef1a8	.text	_ZNKSt6__ndk110error_code7messageEv	
0x5ef1c0	.text	_ZNSt6__ndk112system_error6__initERKNS_10error_codeENS_12basic_stringIcNS_11char_traitsIcEENS_9allocatorIcEEEE	
0x5ef2d0	.text	_ZNSt6__ndk112system_errorC2ENS_10error_codeERKNS_12basic_stringIcNS_11char_traitsIcEENS_9allocatorIcEEEE	
0x5ef458	.text	_ZNSt6__ndk112system_errorC1ENS_10error_codeEPKc	
0x5ef5cc	.text	_ZNSt6__ndk112system_errorC2ENS_10error_codeE	
0x5ef6bc	.text	_ZNSt6__ndk112system_errorC2EiRKNS_14error_categoryERKNS_12basic_stringIcNS_11char_traitsIcEENS_9allocatorIcEEEE	
0x5ef858	.text	_ZNSt6__ndk112system_errorC2EiRKNS_14error_categoryEPKc	
0x5ef9e0	.text	_ZNSt6__ndk112system_errorC1EiRKNS_14error_categoryE	
0x5efae4	.text	_ZNSt6__ndk112system_errorD1Ev	
0x5efae8	.text	_ZNSt6__ndk112system_errorD0Ev	
0x5efb0c	.text	_ZNSt6__ndk120__throw_system_errorEiPKc	
0x5efbb0	.text	_ZNSt6__ndk114error_categoryD1Ev	
0x5efbc0	.text	_ZNSt6__ndk118condition_variableD2Ev	
0x5efbd8	.text	_ZNSt6__ndk118condition_variable10notify_oneEv	
0x5efbf0	.text	_ZNSt6__ndk118condition_variable10notify_allEv	
0x5efc08	.text	_ZNSt6__ndk118condition_variable4waitERNS_11unique_lockINS_5mutexEEE	
0x5efc50	.text	_ZNSt6__ndk118condition_variable15__do_timed_waitERNS_11unique_lockINS_5mutexEEENS_6chrono10time_pointINS5_12system_clockENS5_8durationIxNS_5ratioILl1ELl1000000000EEEEEEE	
0x5efd14	.text	_ZNSt6__ndk125notify_all_at_thread_exitERNS_18condition_variableENS_11unique_lockINS_5mutexEEE	
0x5efd9c	.text	_ZNSt6__ndk16threadD1Ev	
0x5efdb4	.text	_ZNSt6__ndk16thread4joinEv	
0x5efdf8	.text	_ZNSt6__ndk16thread6detachEv	
0x5efe38	.text	_ZNSt6__ndk16thread20hardware_concurrencyEv	
0x5efe5c	.text	_ZNSt6__ndk111this_thread9sleep_forERKNS_6chrono8durationIxNS_5ratioILl1ELl1000000000EEEEE	
0x5efef8	.text	_ZNSt6__ndk119__thread_local_dataEv	
0x5f0144	.text	_ZNSt6__ndk115__thread_structC2Ev	
0x5f0178	.text	_ZNSt6__ndk115__thread_structD2Ev	
0x5f01b0	.text	_ZNSt6__ndk115__thread_struct25notify_all_at_thread_exitEPNS_18condition_variableEPNS_5mutexE	
0x5f0228	.text	_ZNSt6__ndk115__thread_struct27__make_ready_at_thread_exitEPNS_17__assoc_sub_stateE	
0x5f0650	.text	_ZNSt6__ndk115future_categoryEv	
0x5f06d4	.text	_ZNSt6__ndk112future_errorC2ENS_10error_codeE	
0x5f0778	.text	_ZNSt6__ndk112future_errorD1Ev	
0x5f077c	.text	_ZNSt6__ndk112future_errorD0Ev	
0x5f07a0	.text	_ZNSt6__ndk117__assoc_sub_state16__on_zero_sharedEv	
0x5f07b4	.text	_ZNSt6__ndk117__assoc_sub_state9set_valueEv	
0x5f0960	.text	_ZNSt6__ndk117__assoc_sub_state24set_value_at_thread_exitEv	
0x5f0b14	.text	_ZNSt6__ndk117__assoc_sub_state13set_exceptionESt13exception_ptr	
0x5f0cd4	.text	_ZNSt6__ndk117__assoc_sub_state28set_exception_at_thread_exitESt13exception_ptr	
0x5f0e94	.text	_ZNSt6__ndk117__assoc_sub_state12__make_readyEv	
0x5f0ed4	.text	_ZNSt6__ndk117__assoc_sub_state4copyEv	
0x5f0ff0	.text	_ZNSt6__ndk117__assoc_sub_state10__sub_waitERNS_11unique_lockINS_5mutexEEE	
0x5f1084	.text	_ZNSt6__ndk117__assoc_sub_state4waitEv	
0x5f1160	.text	_ZNSt6__ndk117__assoc_sub_state9__executeEv	
0x5f1218	.text	_ZNSt6__ndk16futureIvEC2EPNS_17__assoc_sub_stateE	
0x5f13b0	.text	_ZNSt6__ndk16futureIvED2Ev	
0x5f13c0	.text	_ZNSt6__ndk16futureIvE3getEv	
0x5f1414	.text	_ZNSt6__ndk17promiseIvEC1Ev	
0x5f1468	.text	_ZNSt6__ndk17promiseIvED1Ev	
0x5f1620	.text	_ZSt18make_exception_ptrINSt6__ndk112future_errorEESt13exception_ptrT_	make_exception_ptr<std::__ndk1::future_error>
0x5f16a0	.text	_ZNSt6__ndk17promiseIvE10get_futureEv	
0x5f1770	.text	_ZNSt6__ndk17promiseIvE9set_valueEv	
0x5f183c	.text	_ZNSt6__ndk17promiseIvE13set_exceptionESt13exception_ptr	
0x5f1960	.text	_ZNSt6__ndk17promiseIvE24set_value_at_thread_exitEv	
0x5f1a2c	.text	_ZNSt6__ndk17promiseIvE28set_exception_at_thread_exitESt13exception_ptr	
0x5f1b50	.text	_ZNSt6__ndk113shared_futureIvED2Ev	
0x5f1b60	.text	_ZNSt6__ndk113shared_futureIvEaSERKS1_	
0x5f1ba8	.text	_ZNSt6__ndk117__assoc_sub_stateD2Ev	
0x5f1bf4	.text	_ZNSt6__ndk117__assoc_sub_stateD0Ev	
0x5f2674	.text	_ZSt14get_unexpectedv	
0x5f2684	.text	_ZSt9terminatev	
0x5f26ec	.text	_ZSt10unexpectedv	
0x5f2704	.text	_ZSt13get_terminatev	
0x5f2754	.text	_ZSt15set_new_handlerPFvvE	
0x5f2770	.text	_ZSt15get_new_handlerv	
0x5f4f54	.text	_ZNSt9bad_allocD2Ev	
0x5f4f58	.text	_ZNSt9exceptionD0Ev	
0x5f4f5c	.text	_ZNKSt9exception4whatEv	
0x5f4f68	.text	_ZNSt13bad_exceptionD0Ev	
0x5f4f6c	.text	_ZNKSt13bad_exception4whatEv	
0x5f4f78	.text	_ZNSt9bad_allocC1Ev	
0x5f4f8c	.text	_ZNSt9bad_allocD0Ev	
0x5f4f90	.text	_ZNKSt9bad_alloc4whatEv	
0x5f4f9c	.text	_ZNSt20bad_array_new_lengthC2Ev	
0x5f4fb0	.text	_ZNSt20bad_array_new_lengthD0Ev	
0x5f4fb4	.text	_ZNKSt20bad_array_new_length4whatEv	
0x5f4fc0	.text	_ZNSt16bad_array_lengthC2Ev	
0x5f4fd4	.text	_ZNSt16bad_array_lengthD0Ev	
0x5f4fd8	.text	_ZNKSt16bad_array_length4whatEv	
0x5f4fe4	.text	_ZNSt16invalid_argumentD1Ev	
0x5f5038	.text	_ZNSt11logic_errorD0Ev	
0x5f5094	.text	_ZNKSt11logic_error4whatEv	
0x5f509c	.text	_ZNSt14overflow_errorD1Ev	
0x5f50f0	.text	_ZNSt13runtime_errorD0Ev	
0x5f514c	.text	_ZNKSt13runtime_error4whatEv	
0x5f5154	.text	_ZNSt12domain_errorD0Ev	
0x5f51b0	.text	_ZNSt16invalid_argumentD0Ev	
0x5f520c	.text	_ZNSt12length_errorD0Ev	
0x5f5268	.text	_ZNSt12out_of_rangeD0Ev	
0x5f52c4	.text	_ZNSt11range_errorD0Ev	
0x5f5320	.text	_ZNSt14overflow_errorD0Ev	
0x5f537c	.text	_ZNSt15underflow_errorD0Ev	
0x5f53d8	.text	_ZNSt9type_infoD2Ev	
0x5f53dc	.text	_ZNSt9type_infoD0Ev	
0x5f53e0	.text	_ZNSt8bad_castC2Ev	
0x5f53f4	.text	_ZNSt8bad_castD2Ev	
0x5f53f8	.text	_ZNSt8bad_castD0Ev	
0x5f541c	.text	_ZNKSt8bad_cast4whatEv	
0x5f5428	.text	_ZNSt10bad_typeidC2Ev	
0x5f543c	.text	_ZNSt10bad_typeidD2Ev	
0x5f5440	.text	_ZNSt10bad_typeidD0Ev	
0x5f5464	.text	_ZNKSt10bad_typeid4whatEv	
0x5f5560	.text	_ZSt14set_unexpectedPFvvE	
0x5f5588	.text	_ZSt13set_terminatePFvvE	
0x61e720	.rodata	_ZTSN3ndk18ApplicationContextE	
0x61e740	.rodata	_ZTSN7Walaber7MessageE	
0x61e760	.rodata	_ZTSN7Walaber14MemberCallbackIN12WaterConcept12ScreenLoaderEEE	
0x61e7a0	.rodata	_ZTSN7Walaber8CallbackE	
0x61e7c0	.rodata	_ZTSN7Walaber14MemberCallbackIN3ndk21DatabaseCallbackClassEEE	
0x61ea44	.rodata	_ZTSN3ndk5MutexE	
0x628200	.rodata	_ZTSN7Walaber27Message_AchievementUnlockedE	
0x628490	.rodata	_ZTSN7Walaber14MemberCallbackINS_18NodeAnimationTrackEEE	
0x6284d0	.rodata	_ZTSN7Walaber14MemberCallbackINS_21NumericAnimationTrackEEE	
0x6285b0	.rodata	_ZTSN7Walaber8SkeletonE	
0x6285c4	.rodata	_ZTSN7Walaber4BoneE	
0x6285e0	.rodata	_ZTSN7Walaber14MemberCallbackINS_8SkeletonEEE	
0x628890	.rodata	_ZTSN7Walaber13SkeletonActor15SoundActionDataE	
0x6288c0	.rodata	_ZTSN7Walaber13SkeletonActor15EventActionDataE	
0x6288f0	.rodata	_ZTSN7Walaber13SkeletonActor14PropActionDataE	
0x628920	.rodata	_ZTSN7Walaber13SkeletonActor19AnimationActionDataE	
0x628950	.rodata	_ZTSN7Walaber13SkeletonActor17EmitterActionDataE	
0x628980	.rodata	_ZTSN7Walaber14MemberCallbackINS_13SkeletonActorEEE	
0x62b0f8	.rodata	_ZN7Walaber12SoundManager11NUM_RETRIESE	
0x62b0fc	.rodata	_ZN7Walaber12SoundManager20TIME_BETWEEN_RETRIESE	
0x62b150	.rodata	_ZTSN7Walaber19SoundEffectInstanceE	
0x62b180	.rodata	_ZTSN7Walaber14MemberCallbackINS_12SoundManagerEEE	
0x62b1ec	.rodata	_ZN7Walaber5Color18MAX_COLOR_DIST_SQRE	
0x62b1f0	.rodata	_ZN7Walaber5Color23CLOSE_ENOUGH_COLOR_DISTE	
0x62b1f4	.rodata	_ZN7Walaber5Color3RedE	
0x62b1f8	.rodata	_ZN7Walaber5Color5GreenE	
0x62b1fc	.rodata	_ZN7Walaber5Color4BlueE	
0x62b200	.rodata	_ZN7Walaber5Color5WhiteE	
0x62b204	.rodata	_ZN7Walaber5Color5BlackE	
0x62b208	.rodata	_ZN7Walaber5Color4CyanE	
0x62b20c	.rodata	_ZN7Walaber5Color6YellowE	
0x62b210	.rodata	_ZN7Walaber5Color7MagentaE	
0x62b214	.rodata	_ZN7Walaber5Color4GreyE	
0x62b218	.rodata	_ZN7Walaber5Color6PurpleE	
0x62b21c	.rodata	_ZN7Walaber5Color6OrangeE	
0x62b25c	.rodata	_ZN7Walaber4Rect8UnitRectE	
0x62b2f0	.rodata	_ZTSN7Walaber6SpriteE	
0x62b310	.rodata	_ZTSN7Walaber14MemberCallbackINS_15SpriteAnimationEEE	
0x62b350	.rodata	_ZTSN7Walaber14MemberCallbackINS_6SpriteEEE	
0x62b48c	.rodata	_ZN7Walaber11SpriteBatch15mTeardropAnglesE	
0x62b4ac	.rodata	_ZN7Walaber11SpriteBatch16mTeardropOffsetsE	
0x62b4ec	.rodata	_ZN7Walaber11SpriteBatch12mTeardropUVsE	
0x62b64c	.rodata	_ZN7Walaber10BitmapFont15SCALING_EPSILONE	
0x62b9d0	.rodata	_ZTSN7Walaber14MemberCallbackINS_10BitmapFontEEE	
0x62ba50	.rodata	_ZTSN7Walaber14MemberCallbackINS_11FontManagerEEE	
0x62bd00	.rodata	_ZTSN7Walaber6WidgetE	
0x62c590	.rodata	_ZTSN7Walaber13Widget_CanvasE	
0x62c5b0	.rodata	_ZTSN7Walaber22Widget_ClassicControlsE	
0x62c5e0	.rodata	_ZTSN7Walaber18Widget_ColorPickerE	
0x62c610	.rodata	_ZTSN7Walaber20Widget_FingerCatcherE	
0x62c640	.rodata	_ZTSN7Walaber12Widget_GroupE	
0x62c690	.rodata	_ZTSN7Walaber15Widget_IconListE	
0x62c730	.rodata	_ZTSN7Walaber12Widget_LabelE	
0x62c750	.rodata	_ZTSN7Walaber18Widget_ManipulatorE	
0x62c790	.rodata	_ZN7Walaber20Widget_MovingTextBox13DEFAULT_SPEEDE	
0x62c830	.rodata	_ZTSN7Walaber20Widget_MovingTextBoxE	
0x62c8e0	.rodata	_ZTSN7Walaber20Widget_NumberSpinnerE	
0x62c920	.rodata	_ZTSN7Walaber18Widget_ProgressBarE	
0x62c940	.rodata	_ZTSN7Walaber17Widget_PushButtonE	
0x62c964	.rodata	_ZN7Walaber19Widget_ScoreCounter13DEFAULT_SPEEDE	
0x62c970	.rodata	_ZTSN7Walaber19Widget_ScoreCounterE	
0x62cb80	.rodata	_ZTSN7Walaber23Widget_ScrollableCameraE	
0x62cbb0	.rodata	_ZTSN7Walaber22Widget_ScrollableGroupE	
0x62cc40	.rodata	_ZTSN7Walaber20Widget_ScrollableSetE	
0x62cc80	.rodata	_ZTSN7Walaber13Widget_SliderE	
0x62ccd0	.rodata	_ZTSN7Walaber17Widget_SlideWheelE	
0x62cd00	.rodata	_ZTSN7Walaber14Widget_SpinnerE	
0x62cd30	.rodata	_ZTSN7Walaber18Widget_TimedButtonE	
0x62cd60	.rodata	_ZTSN7Walaber13Widget_ToggleE	
0x62d140	.rodata	_ZN7Walaber16FluidParticleSet16mTeardropOffsetsE	
0x62d180	.rodata	_ZN7Walaber16FluidParticleSet12mTeardropUVsE	
0x62d290	.rodata	_ZTSN7Walaber15ParticleEmitterE	
0x62d2b0	.rodata	_ZTSN7Walaber14MemberCallbackINS_15ParticleEmitterEEE	
0x62d2e4	.rodata	_ZN7Walaber16VerletIntegrator7DAMPINGE	
0x62d410	.rodata	_ZTSN7Walaber21ProgrammaticTexture2DE	
0x62d440	.rodata	_ZTSN7Walaber7TextureE	
0x62d460	.rodata	_ZTSN7Walaber9Utilities12noncopyable_11noncopyableE	
0x62d720	.rodata	_ZTSN7Walaber15RenderTexture2DE	
0x62d740	.rodata	_ZTSN7Walaber10SubtextureE	
0x62d970	.rodata	_ZN7Walaber9Texture2D22HD_TO_SD_TEXTURE_SCALEE	
0x62d980	.rodata	_ZTSN7Walaber9Texture2DE	
0x62d9a0	.rodata	_ZTSN7Walaber14MemberCallbackINS_9Texture2DEEE	
0x62dda8	.rodata	_ZN7Walaber14TextureManager25mSupportedExtensionsCountE	
0x62ddb0	.rodata	_ZTSN7Walaber14MemberCallbackINS_14TextureManagerEEE	
0x633120	.rodata	_ZN7Walaber11FileManager24DEFAULT_HANDLER_PRIORITYE	
0x633260	.rodata	_ZTSN7Walaber11FileManager21FH_StandardFileSystemE	
0x633290	.rodata	_ZTSN7Walaber11FileManager11FileHandlerE	
0x6332c0	.rodata	_ZTSN7Walaber11FileManager16FH_ZipFileSystemE	
0x6332f0	.rodata	_ZTSNSt6__ndk114basic_iostreamIcNS_11char_traitsIcEEEE	
0x633330	.rodata	_ZTSNSt6__ndk113basic_istreamIcNS_11char_traitsIcEEEE	
0x633370	.rodata	_ZTSNSt6__ndk19basic_iosIcNS_11char_traitsIcEEEE	
0x6333a0	.rodata	_ZTSNSt6__ndk113basic_ostreamIcNS_11char_traitsIcEEEE	
0x6333e0	.rodata	_ZTSNSt6__ndk113basic_fstreamIcNS_11char_traitsIcEEEE	
0x633420	.rodata	_ZTSNSt6__ndk113basic_filebufIcNS_11char_traitsIcEEEE	
0x633460	.rodata	_ZTSNSt6__ndk115basic_streambufIcNS_11char_traitsIcEEEE	
0x6334a0	.rodata	_ZTSN7Walaber14MemberCallbackINS_11XMLDocumentEEE	
0x633830	.rodata	_ZTSN7Walaber11BezierCurveE	
0x633850	.rodata	_ZTSN7Walaber5CurveE	
0x633a40	.rodata	_ZTSN7Walaber14MemberCallbackINS_12CurveManagerEEE	
0x633b20	.rodata	_ZTSN7Walaber12HermiteCurveE	
0x633b40	.rodata	_ZTSN7Walaber11LinearCurveE	
0x633b70	.rodata	_ZTSN7Walaber18TweenedLinearCurveE	
0x633bc4	.rodata	_ZN7Walaber7Vector24ZeroE	
0x633bcc	.rodata	_ZN7Walaber7Vector23OneE	
0x633bd4	.rodata	_ZN7Walaber7Vector25UnitXE	
0x633bdc	.rodata	_ZN7Walaber7Vector25UnitYE	
0x633be4	.rodata	_ZN7Walaber7Vector34ZeroE	
0x633bf0	.rodata	_ZN7Walaber7Vector33OneE	
0x633bfc	.rodata	_ZN7Walaber7Vector35UnitXE	
0x633c08	.rodata	_ZN7Walaber7Vector35UnitYE	
0x633c14	.rodata	_ZN7Walaber7Vector35UnitZE	
0x633d60	.rodata	_ZTSN7Walaber15MessageReceiverE	
0x633e90	.rodata	_ZTSN7Walaber12DrawableNodeE	
0x633eac	.rodata	_ZTSN7Walaber4NodeE	
0x633ec0	.rodata	_ZTSN7Walaber7PCSNodeE	
0x6341d0	.rodata	_ZTSN7Walaber10TransitionE	
0x634200	.rodata	_ZTSN7Walaber16Transition_BlockE	
0x634220	.rodata	_ZTSN7Walaber15Transition_FadeE	
0x634270	.rodata	_ZTSN7Walaber15Transition_IrisE	
0x6342b0	.rodata	_ZTSN7Walaber16Transition_SlideE	
0x6342e0	.rodata	_ZTSN7Walaber23Transition_Widget_SlideE	
0x634350	.rodata	_ZTSN7Walaber15Transition_WipeE	
0x63436c	.rodata	_ZN7Walaber12StringHelper27mDefaultFloatToStrPrecisionE	
0x634370	.rodata	_ZTSNSt6__ndk118basic_stringstreamIcNS_11char_traitsIcEENS_9allocatorIcEEEE	
0x6343c0	.rodata	_ZTSNSt6__ndk115basic_stringbufIcNS_11char_traitsIcEENS_9allocatorIcEEEE	
0x634b30	.rodata	_ZTSNSt6__ndk114basic_ifstreamIcNS_11char_traitsIcEEEE	
0x634ef0	.rodata	_ZN21WaterConceptConstants16ScreenUpdateRateE	
0x634ef4	.rodata	_ZN21WaterConceptConstants17PhysicsUpdateRateE	
0x634ef8	.rodata	_ZN21WaterConceptConstants24PhysicsUpdateScaleFactorE	
0x634efc	.rodata	_ZN21WaterConceptConstants13NUM_PARTICLESE	
0x634f00	.rodata	_ZN21WaterConceptConstants11GRAVITY_MAGE	
0x634f04	.rodata	_ZN21WaterConceptConstants12REST_DENSITYE	
0x634f08	.rodata	_ZN21WaterConceptConstants5GAS_KE	
0x634f0c	.rodata	_ZN21WaterConceptConstants10GAS_K_NEARE	
0x634f10	.rodata	_ZN21WaterConceptConstants9VISCOSITYE	
0x634f14	.rodata	_ZN21WaterConceptConstants10H_DISTANCEE	
0x634f18	.rodata	_ZN21WaterConceptConstants14H_DISTANCE_SQRE	
0x634f1c	.rodata	_ZN21WaterConceptConstants26CONSTRAINT_DISTANCE_FACTORE	
0x634f20	.rodata	_ZN21WaterConceptConstants28CONSTRAINT_RESOLUTION_FACTORE	
0x634f24	.rodata	_ZN21WaterConceptConstants25PARTICLE_COLLISION_RADIUSE	
0x634f28	.rodata	_ZN21WaterConceptConstants18COLLISION_DISTANCEE	
0x634f2c	.rodata	_ZN21WaterConceptConstants13FLOAT_EPSILONE	
0x634f30	.rodata	_ZN21WaterConceptConstants16ALGAE_GROW_COUNTE	
0x634f34	.rodata	_ZN21WaterConceptConstants15DIRT_KILL_COUNTE	
0x634f38	.rodata	_ZN21WaterConceptConstants12TOUCH_RADIUSE	
0x634f3c	.rodata	_ZN21WaterConceptConstants16TOUCH_RADIUS_SQRE	
0x634f40	.rodata	_ZN21WaterConceptConstants26CALC_COLLISION_GRID_BUFFERE	
0x634f44	.rodata	_ZN21WaterConceptConstants30GRID_NEAREST_SEARCH_MAX_RADIUSE	
0x634f48	.rodata	_ZN21WaterConceptConstants35GRID_NEAREST_SEARCH_MAX_PATH_LENGTHE	
0x634f4c	.rodata	_ZN21WaterConceptConstants35GRID_NEAREST_EDGE_SEARCH_MAX_RADIUSE	
0x634f50	.rodata	_ZN21WaterConceptConstants15UV_SCALE_FACTORE	
0x634f54	.rodata	_ZN21WaterConceptConstants20VIS_BLOCK_SHIFT_SIZEE	
0x634f58	.rodata	_ZN21WaterConceptConstants17MIN_PARTICLE_SIZEE	
0x634f5c	.rodata	_ZN21WaterConceptConstants37NUMBER_WATER_PARTICLES_FOR_SEED_HATCHE	
0x634f60	.rodata	_ZN21WaterConceptConstants37NUMBER_WATER_PARTICLES_FOR_BOMB_HATCHE	
0x634f64	.rodata	_ZN21WaterConceptConstants14WORLD_LAYER_BGE	
0x634f68	.rodata	_ZN21WaterConceptConstants17WORLD_LAYER_FLUIDE	
0x634f6c	.rodata	_ZN21WaterConceptConstants16WORLD_LAYER_GRIDE	
0x634f70	.rodata	_ZN21WaterConceptConstants21WORLD_LAYER_PARTICLESE	
0x634f74	.rodata	_ZN21WaterConceptConstants25WORLD_LAYER_TOP_PARTICLESE	
0x634f78	.rodata	_ZN21WaterConceptConstants31DEFAULT_COLLISION_RECORD_AMOUNTE	
0x634f7c	.rodata	_ZN21WaterConceptConstants29CAM_SLIDE_WIDGET_OMEGA_FACTORE	
0x634f80	.rodata	_ZN21WaterConceptConstants25CELLS_PER_FROZEN_PARTICLEE	
0x634f84	.rodata	_ZN21WaterConceptConstants28ROCK_CELLS_PER_LAVA_VS_ALGAEE	
0x634f88	.rodata	_ZN21WaterConceptConstants18SEED_ABSORB_PERIODE	
0x634f8c	.rodata	_ZN21WaterConceptConstants18BOMB_ABSORB_PERIODE	
0x634f90	.rodata	_ZN21WaterConceptConstants23RUBBER_DUCKY_CUT_RADIUSE	
0x634f94	.rodata	_ZN21WaterConceptConstants16DRAIN_CUT_RADIUSE	
0x634f98	.rodata	_ZN21WaterConceptConstants17SWITCH_CUT_RADIUSE	
0x634f9c	.rodata	_ZN21WaterConceptConstants23MATERIAL_EDGE_MAX_VERTSE	
0x634fa0	.rodata	_ZN21WaterConceptConstants23MATERIAL_FILL_MAX_VERTSE	
0x634fa4	.rodata	_ZN21WaterConceptConstants36INTERACTIVE_OBJECT_TOUCH_SLOP_RADIUSE	
0x634fa8	.rodata	_ZN21WaterConceptConstants31INTERACTIVE_OBJECT_MAX_DRAG_VELE	
0x634fac	.rodata	_ZN21WaterConceptConstants37INTERACTIVE_OBJECT_MAX_PARTICLE_SPEEDE	
0x634fb0	.rodata	_ZN21WaterConceptConstants45INTERACTIVE_OBJECT_MAX_PARTICLE_SPEED_SQUAREDE	
0x634fb4	.rodata	_ZN21WaterConceptConstants32SWITCH_MOMENTARY_DEFAULT_TIMEOUTE	
0x634fb8	.rodata	_ZN21WaterConceptConstants17TILT_FACTOR_BONUSE	
0x634fbc	.rodata	_ZN21WaterConceptConstants24COLLECTIBLE_TAP_DURATIONE	
0x634fc0	.rodata	_ZN21WaterConceptConstants26CAMERA_SCROLL_EXTRA_BUFFERE	
0x634fc4	.rodata	_ZN21WaterConceptConstants29POISONWATERLOSSES_ACHIEVEMENTE	
0x634fc8	.rodata	_ZN21WaterConceptConstants28RUBBERDUCKYDEATH_ACHIEVEMENTE	
0x634fcc	.rodata	_ZN21WaterConceptConstants38SINGLECUT_ACHIEVEMENT_LEVEL_PACK_INDEXE	
0x634fd0	.rodata	_ZN21WaterConceptConstants33SINGLECUT_ACHIEVEMENT_LEVEL_INDEXE	
0x634fd4	.rodata	_ZN21WaterConceptConstants33QUICKFINISH_ACHIEVEMENT_STORYLINEE	
0x634fd8	.rodata	_ZN21WaterConceptConstants40QUICKFINISH_ACHIEVEMENT_LEVEL_PACK_INDEXE	
0x634fdc	.rodata	_ZN21WaterConceptConstants35QUICKFINISH_ACHIEVEMENT_LEVEL_INDEXE	
0x634fe0	.rodata	_ZN21WaterConceptConstants28QUICKFINISH_ACHIEVEMENT_TIMEE	
0x634fe4	.rodata	_ZN21WaterConceptConstants35QUICKFINISH_2_ACHIEVEMENT_STORYLINEE	
0x634fe8	.rodata	_ZN21WaterConceptConstants42QUICKFINISH_2_ACHIEVEMENT_LEVEL_PACK_INDEXE	
0x634fec	.rodata	_ZN21WaterConceptConstants37QUICKFINISH_2_ACHIEVEMENT_LEVEL_INDEXE	
0x634ff0	.rodata	_ZN21WaterConceptConstants30QUICKFINISH_2_ACHIEVEMENT_TIMEE	
0x634ff4	.rodata	_ZN21WaterConceptConstants41TRIDUCK_DASH_ACHIEVEMENT_LEVEL_PACK_INDEXE	
0x634ff8	.rodata	_ZN21WaterConceptConstants36TRIDUCK_DASH_ACHIEVEMENT_LEVEL_INDEXE	
0x634ffc	.rodata	_ZN21WaterConceptConstants29TRIDUCK_DASH_ACHIEVEMENT_TIMEE	
0x635000	.rodata	_ZN21WaterConceptConstants41NO_CONVERTER_ACHIEVEMENT_LEVEL_PACK_INDEXE	
0x635004	.rodata	_ZN21WaterConceptConstants36NO_CONVERTER_ACHIEVEMENT_LEVEL_INDEXE	
0x635008	.rodata	_ZN21WaterConceptConstants37LASTDROP_ACHIEVEMENT_LEVEL_PACK_INDEXE	
0x63500c	.rodata	_ZN21WaterConceptConstants32LASTDROP_ACHIEVEMENT_LEVEL_INDEXE	
0x635010	.rodata	_ZN21WaterConceptConstants31RETRY_ACHIEVEMENT_PRESSED_COUNTE	
0x635014	.rodata	_ZN21WaterConceptConstants32CONTAMINATED_VS_LAVA_BOMB_RADIUSE	
0x635018	.rodata	_ZN21WaterConceptConstants31CONTAMINATED_VS_LAVA_BOMB_POWERE	
0x63501c	.rodata	_ZN21WaterConceptConstants45CONTAMINATED_VS_LAVA_BOMB_RADIUS_KILL_PERCENTE	
0x635020	.rodata	_ZN21WaterConceptConstants24SWAMPY_FOCUS_ZOOM_FACTORE	
0x635024	.rodata	_ZN21WaterConceptConstants26SWAMPY_FOCUS_ZOOM_DURATIONE	
0x635028	.rodata	_ZN21WaterConceptConstants30DEFAULT_TRANSITION_FADE_LENGTHE	
0x63502c	.rodata	_ZN21WaterConceptConstants36DEFAULT_TRANSITION_FADE_PAUSE_LENGTHE	
0x635030	.rodata	_ZN21WaterConceptConstants29CompletionRatePromptIncrementE	
0x635034	.rodata	_ZN21WaterConceptConstants29CRANKY_CINEMATIC_INDEX_OFFSETE	
0x635038	.rodata	_ZN21WaterConceptConstants30MYSTERY_CINEMATIC_INDEX_OFFSETE	
0x63503c	.rodata	_ZN21WaterConceptConstants28ALLIE_CINEMATIC_INDEX_OFFSETE	
0x635040	.rodata	_ZN21WaterConceptConstants35VACUUM_UPDATES_PER_OCCLUSION_UPDATEE	
0x635044	.rodata	_ZN21WaterConceptConstants19FAN_ACTIVATE_LENGTHE	
0x635048	.rodata	_ZN21WaterConceptConstants16FAN_OPACITY_BASEE	
0x63504c	.rodata	_ZN21WaterConceptConstants24DESIRED_TEXT_LINE_HEIGHTE	
0x635050	.rodata	_ZN21WaterConceptConstants23SETTINGS_INTRO_DURATIONE	
0x635054	.rodata	_ZN21WaterConceptConstants20MEGADUCK_ZOOMIN_TIMEE	
0x635058	.rodata	_ZN21WaterConceptConstants23MEGADUCK_TRANSFORM_TIMEE	
0x63505c	.rodata	_ZN21WaterConceptConstants19MEGADUCK_SHAKE_TIMEE	
0x635060	.rodata	_ZN21WaterConceptConstants19MEGADUCK_INTRO_TIMEE	
0x635064	.rodata	_ZN21WaterConceptConstants21MEGADUCK_ZOOMOUT_TIMEE	
0x635068	.rodata	_ZN21WaterConceptConstants20MEGADUCK_SLOMO_SCALEE	
0x63506c	.rodata	_ZN21WaterConceptConstants22MEGADUCK_ABSORB_PERIODE	
0x635070	.rodata	_ZN21WaterConceptConstants20MEGADUCK_ZOOM_FACTORE	
0x635074	.rodata	_ZN21WaterConceptConstants23MEGADUCK_SHOCKWAVE_TIMEE	
0x635078	.rodata	_ZN21WaterConceptConstants24TELEPORTDUCK_ZOOMIN_TIMEE	
0x63507c	.rodata	_ZN21WaterConceptConstants23TELEPORTDUCK_INTRO_TIMEE	
0x635080	.rodata	_ZN21WaterConceptConstants25TELEPORTDUCK_ZOOMOUT_TIMEE	
0x635084	.rodata	_ZN21WaterConceptConstants24TELEPORTDUCK_SLOMO_SCALEE	
0x635088	.rodata	_ZN21WaterConceptConstants24TELEPORTDUCK_ZOOM_FACTORE	
0x63508c	.rodata	_ZN21WaterConceptConstants20BABYDUCK_ZOOMIN_TIMEE	
0x635090	.rodata	_ZN21WaterConceptConstants23BABYDUCK_TRANSFORM_TIMEE	
0x635094	.rodata	_ZN21WaterConceptConstants19BABYDUCK_INTRO_TIMEE	
0x635098	.rodata	_ZN21WaterConceptConstants24BABYDUCK_HEAVYINTRO_TIMEE	
0x63509c	.rodata	_ZN21WaterConceptConstants21BABYDUCK_ZOOMOUT_TIMEE	
0x6350a0	.rodata	_ZN21WaterConceptConstants20BABYDUCK_ZOOM_FACTORE	
0x6350a4	.rodata	_ZN21WaterConceptConstants24MYSTERY_POOF_STARTRADIUSE	
0x6350a8	.rodata	_ZN21WaterConceptConstants21MYSTERY_POOF_VELOCITYE	
0x6350ac	.rodata	_ZN21WaterConceptConstants21MYSTERY_POOF_LIFETIMEE	
0x6350b0	.rodata	_ZN21WaterConceptConstants20MYSTERY_POOF_MINSIZEE	
0x6350b4	.rodata	_ZN21WaterConceptConstants20MYSTERY_POOF_MAXSIZEE	
0x6350b8	.rodata	_ZN21WaterConceptConstants17MYSTERY_POOF_APEXE	
0x6350bc	.rodata	_ZN21WaterConceptConstants29MYSTERY_STARBLAST_STARTRADIUSE	
0x6350c0	.rodata	_ZN21WaterConceptConstants24MYSTERY_STARBLAST_AMOUNTE	
0x6350c4	.rodata	_ZN21WaterConceptConstants25MYSTERY_STARBLAST_MAXSIZEE	
0x6350c8	.rodata	_ZN21WaterConceptConstants25MYSTERY_STARBLAST_MINSIZEE	
0x6350cc	.rodata	_ZN21WaterConceptConstants29MYSTERY_STARBLAST_MINVELOCITYE	
0x6350d0	.rodata	_ZN21WaterConceptConstants29MYSTERY_STARBLAST_MAXVELOCITYE	
0x6350d4	.rodata	_ZN21WaterConceptConstants26MYSTERY_STARBLAST_LIFETIMEE	
0x6350d8	.rodata	_ZN21WaterConceptConstants24MYSTERY_STARBLAST_MAXROTE	
0x6350dc	.rodata	_ZN21WaterConceptConstants23MYSTERY_STARBLAST_ANGLEE	
0x6350e0	.rodata	_ZN21WaterConceptConstants22MYSTERY_STARBLAST_APEXE	
0x6350e4	.rodata	_ZN21WaterConceptConstants30MYSTERY_STARBLAST_YELLOW_BOOSTE	
0x6350e8	.rodata	_ZN21WaterConceptConstants23MYSTERY_SINGLESTAR_SIZEE	
0x6350ec	.rodata	_ZN21WaterConceptConstants30MYSTERY_SINGLESTAR_SPAWNRADIUSE	
0x6350f0	.rodata	_ZN21WaterConceptConstants27MYSTERY_SINGLESTAR_LIFETIMEE	
0x6350f4	.rodata	_ZN21WaterConceptConstants23MYSTERY_SINGLESTAR_APEXE	
0x6350f8	.rodata	_ZN21WaterConceptConstants29MYSTERY_SINGLESTAR_SPEEDRATIOE	
0x6350fc	.rodata	_ZN21WaterConceptConstants24MYSTERY_WARNINGSTAR_SIZEE	
0x635100	.rodata	_ZN21WaterConceptConstants31MYSTERY_WARNINGSTAR_SPAWNRADIUSE	
0x635104	.rodata	_ZN21WaterConceptConstants28MYSTERY_WARNINGSTAR_LIFETIMEE	
0x635108	.rodata	_ZN21WaterConceptConstants24MYSTERY_WARNINGSTAR_APEXE	
0x63510c	.rodata	_ZN21WaterConceptConstants23NUM_LEVELS_FREE_CALLOUTE	
0x635110	.rodata	_ZN21WaterConceptConstants24IAP_AD_SERVER_UPDATE_MINE	
0x635114	.rodata	_ZN21WaterConceptConstants24IAP_AD_SERVER_UPDATE_MAXE	
0x635118	.rodata	_ZN21WaterConceptConstants15LOWER_AGE_RANGEE	
0x63511c	.rodata	_ZN21WaterConceptConstants29NumColorsInLevelEditorPaletteE	
0x63614c	.rodata	_ZN12WaterConcept12GameSettings13mLanguageListE	
0x636178	.rodata	_ZN12WaterConcept12GameSettings14mLanguageCountE	
0x63631c	.rodata	_ZN12WaterConcept9GameState15SWAMPY_LO_LIMITE	
0x636320	.rodata	_ZN12WaterConcept9GameState15SWAMPY_HI_LIMITE	
0x636324	.rodata	_ZN12WaterConcept9GameState15CRANKY_LO_LIMITE	
0x636328	.rodata	_ZN12WaterConcept9GameState15CRANKY_HI_LIMITE	
0x63632c	.rodata	_ZN12WaterConcept9GameState14ALLIE_LO_LIMITE	
0x636330	.rodata	_ZN12WaterConcept9GameState14ALLIE_HI_LIMITE	
0x636334	.rodata	_ZN12WaterConcept9GameState19NUM_SECONDARY_GOALSE	
0x636338	.rodata	_ZN12WaterConcept9GameState19MAX_SECONDARY_GOALSE	
0x63633c	.rodata	_ZN12WaterConcept9GameState17DROP_COOLOFF_TIMEE	
0x636340	.rodata	_ZN12WaterConcept9GameState9RUSH_TIMEE	
0x636344	.rodata	_ZN12WaterConcept9GameState14RUSH_THRESHOLDE	
0x636348	.rodata	_ZN12WaterConcept9GameState14WATER_PITCH_LOE	
0x63634c	.rodata	_ZN12WaterConcept9GameState14WATER_PITCH_HIE	
0x636350	.rodata	_ZN12WaterConcept9GameState21CONTAMINATED_PITCH_LOE	
0x636354	.rodata	_ZN12WaterConcept9GameState21CONTAMINATED_PITCH_HIE	
0x636358	.rodata	_ZN12WaterConcept9GameState13OOZE_PITCH_LOE	
0x63635c	.rodata	_ZN12WaterConcept9GameState13OOZE_PITCH_HIE	
0x636360	.rodata	_ZN12WaterConcept9GameState12MUD_PITCH_LOE	
0x636364	.rodata	_ZN12WaterConcept9GameState12MUD_PITCH_HIE	
0x636370	.rodata	_ZTSN7Walaber14MemberCallbackIN12WaterConcept9GameStateEEE	
0x6365b0	.rodata	_ZTSN7Walaber14MemberCallbackIN12WaterConcept18ParallaxPuppetShowEEE	
0x636820	.rodata	_ZTSN12WaterConcept15PurchaseHandlerE	
0x637768	.rodata	_ZN12WaterConcept5World15ALGAE_GROW_TIMEE	
0x63776c	.rodata	_ZN12WaterConcept5World20ALGAE_ROCKING_FACTORE	
0x637770	.rodata	_ZN12WaterConcept5World18NUM_ALGAE_TEXTURESE	
0x637774	.rodata	_ZN12WaterConcept5World13MAX_PARTICLESE	
0x637778	.rodata	_ZN12WaterConcept5World17MAX_TOP_PARTICLESE	
0x63777c	.rodata	_ZN12WaterConcept5World18MAX_BACK_PARTICLESE	
0x637780	.rodata	_ZN12WaterConcept5World18MAX_HAZE_PARTICLESE	
0x637784	.rodata	_ZN12WaterConcept5World17MAX_FAN_PARTICLESE	
0x637788	.rodata	_ZN12WaterConcept5World17NUM_COAL_TEXTURESE	
0x63778c	.rodata	_ZN12WaterConcept5World18COAL_LERP_DURATIONE	
0x637790	.rodata	_ZN12WaterConcept5World22ALGAE_GROW_PLAY_LENGTHE	
0x637794	.rodata	_ZN12WaterConcept5World22ALGAE_KILL_PLAY_LENGTHE	
0x637798	.rodata	_ZN12WaterConcept5World24ALGAE_HARDEN_PLAY_LENGTHE	
0x63779c	.rodata	_ZN12WaterConcept5World15MIX_PLAY_LENGTHE	
0x6377a0	.rodata	_ZN12WaterConcept5World17SPOUT_PLAY_LENGTHE	
0x6377a4	.rodata	_ZN12WaterConcept5World16COAL_PLAY_LENGTHE	
0x6377a8	.rodata	_ZN12WaterConcept5World20VACUUM_LIQUID_LENGTHE	
0x6377ac	.rodata	_ZN12WaterConcept5World27BALLOON_STRETCH_PLAY_LENGTHE	
0x6377b0	.rodata	_ZN12WaterConcept5World18SWITCH_ANIM_LENGTHE	
0x6377b4	.rodata	_ZN12WaterConcept5World17SWITCH_ANIM_STEPSE	
0x6377b8	.rodata	_ZN12WaterConcept5World22BIGDRY_COOLDOWN_LENGTHE	
0x6377bc	.rodata	_ZN12WaterConcept5World20SMALLDRY_PLAY_LENGTHE	
0x6377c0	.rodata	_ZN12WaterConcept5World24DRYOUT_FRAMES_TO_AVERAGEE	
0x6377c4	.rodata	_ZN12WaterConcept5World26DRYOUT_BIG_SMALL_THRESHOLDE	
0x6377c8	.rodata	_ZN12WaterConcept5World24PF_POLKADUCK_SINGLE_TAPSE	
0x6377cc	.rodata	_ZN12WaterConcept5World24PF_FREESPIRIT_DIRT_LINESE	
0x6377d0	.rodata	_ZN12WaterConcept5World25PF_CUTALL_DIRT_PERCENTAGEE	
0x6377e0	.rodata	_ZTSN7Walaber14MemberCallbackIN12WaterConcept5WorldEEE	
0x6378d0	.rodata	_ZTSN12WaterConcept10AlgaeHiderE	
0x637934	.rodata	_ZN12WaterConcept4Bomb14COUNTDOWN_TIMEE	
0x637938	.rodata	_ZN12WaterConcept4Bomb12EXPRESS_TIMEE	
0x637940	.rodata	_ZTSN12WaterConcept4BombE	
0x637960	.rodata	_ZTSN7Walaber14MemberCallbackIN12WaterConcept4BombEEE	
0x6379a0	.rodata	_ZTSN7Walaber14MemberCallbackIN12WaterConcept17InteractiveObjectEEE	
0x637a08	.rodata	_ZN12WaterConcept11Collectible11FADE_LENGTHE	
0x637a10	.rodata	_ZTSN12WaterConcept11CollectibleE	
0x637a60	.rodata	_ZN12WaterConcept9DirtyWall12FADEOUT_RATEE	
0x637a64	.rodata	_ZN12WaterConcept9DirtyWall11STARTFADINGE	
0x637a68	.rodata	_ZN12WaterConcept9DirtyWall22MAX_BUBBLES_PER_SECONDE	
0x637a6c	.rodata	_ZN12WaterConcept9DirtyWall19SPAWN_BUBBLES_UNTILE	
0x637a70	.rodata	_ZTSN12WaterConcept9DirtyWallE	
0x637ac0	.rodata	_ZTSN12WaterConcept3FanE	
0x637c20	.rodata	_ZTSN12WaterConcept7FloaterE	
0x637e30	.rodata	_ZN12WaterConcept14FluidConverter12SLIDEUP_TIMEE	
0x637e34	.rodata	_ZN12WaterConcept14FluidConverter14SLIDEUP_AMOUNTE	
0x637e38	.rodata	_ZN12WaterConcept14FluidConverter13SLIDEUP_WIDTHE	
0x637e3c	.rodata	_ZN12WaterConcept14FluidConverter14SLIDEUP_HEIGHTE	
0x637e40	.rodata	_ZN12WaterConcept14FluidConverter14SLIDEDOWN_TIMEE	
0x637e44	.rodata	_ZN12WaterConcept14FluidConverter16SLIDEDOWN_AMOUNTE	
0x637e48	.rodata	_ZN12WaterConcept14FluidConverter15SLIDEDOWN_WIDTHE	
0x637e4c	.rodata	_ZN12WaterConcept14FluidConverter16SLIDEDOWN_HEIGHTE	
0x637e50	.rodata	_ZN12WaterConcept14FluidConverter14SLIDEBACK_TIMEE	
0x637e54	.rodata	_ZN12WaterConcept14FluidConverter15SLIDEBACK_WIDTHE	
0x637e58	.rodata	_ZN12WaterConcept14FluidConverter16SLIDEBACK_HEIGHTE	
0x637e5c	.rodata	_ZN12WaterConcept14FluidConverter14SCROLLER_SCALEE	
0x637e60	.rodata	_ZTSN12WaterConcept14FluidConverterE	
0x637e90	.rodata	_ZTSN7Walaber14MemberCallbackIN12WaterConcept14FluidConverterEEE	
0x637f94	.rodata	_ZN12WaterConcept6IcyHot15ANIMATION_TIMERE	
0x637f98	.rodata	_ZN12WaterConcept6IcyHot24NUM_LOOPS_FIND_SPAWN_POSE	
0x637f9c	.rodata	_ZN12WaterConcept6IcyHot13GLOW_DURATIONE	
0x637fa0	.rodata	_ZTSN12WaterConcept6IcyHotE	
0x638360	.rodata	_ZTSN12WaterConcept17InteractiveObjectE	
0x6383a4	.rodata	_ZN12WaterConcept11MysteryCave9FADE_TIMEE	
0x6383a8	.rodata	_ZN12WaterConcept11MysteryCave13NUM_PARTICLESE	
0x6383b0	.rodata	_ZTSN12WaterConcept11MysteryCaveE	
0x6384f4	.rodata	_ZN12WaterConcept5Spout24NUM_LOOPS_FIND_SPAWN_POSE	
0x6384f8	.rodata	_ZN12WaterConcept5Spout9FADE_TIMEE	
0x638500	.rodata	_ZTSN12WaterConcept5SpoutE	
0x6386d8	.rodata	_ZN12WaterConcept8StarSeed16NOTE_GROW_FACTORE	
0x6386dc	.rodata	_ZN12WaterConcept8StarSeed14ROCKING_FACTORE	
0x6386e0	.rodata	_ZN12WaterConcept8StarSeed9EXIT_TIMEE	
0x6386e4	.rodata	_ZN12WaterConcept8StarSeed22MEGADUCK_ENTRANCE_TIMEE	
0x6386e8	.rodata	_ZN12WaterConcept8StarSeed22BABYDUCK_ENTRANCE_TIMEE	
0x6386ec	.rodata	_ZN12WaterConcept8StarSeed24MEGADUCK_LIGHTINTRO_TIMEE	
0x6386f0	.rodata	_ZN12WaterConcept8StarSeed24TELEPORT_LIGHTINTRO_TIMEE	
0x6386f4	.rodata	_ZN12WaterConcept8StarSeed26TELEPORT_CIRCLE_CLEAR_TIMEE	
0x6386f8	.rodata	_ZN12WaterConcept8StarSeed34TELEPORT_CIRCLE_NEWCLEAR_THRESHOLDE	
0x6386fc	.rodata	_ZN12WaterConcept8StarSeed20TELEPORT_VORTEX_TIMEE	
0x638700	.rodata	_ZN12WaterConcept8StarSeed22TELEPORT_VORTEX_ROTATEE	
0x638704	.rodata	_ZN12WaterConcept8StarSeed22TELEPORT_WARNING_STARSE	
0x638708	.rodata	_ZN12WaterConcept8StarSeed29TELEPORT_MOVESTARS_PER_SECONDE	
0x63870c	.rodata	_ZN12WaterConcept8StarSeed19TELEPORT_SHAKE_TIMEE	
0x638710	.rodata	_ZN12WaterConcept8StarSeed21TELEPORT_SHAKE_FACTORE	
0x638714	.rodata	_ZN12WaterConcept8StarSeed20TELEPORT_WINDUP_APEXE	
0x638718	.rodata	_ZN12WaterConcept8StarSeed22TELEPORT_WINDUP_AMOUNTE	
0x63871c	.rodata	_ZN12WaterConcept8StarSeed18MEGADUCK_MIN_GLUGSE	
0x638720	.rodata	_ZN12WaterConcept8StarSeed13TSI_FADE_TIMEE	
0x638724	.rodata	_ZN12WaterConcept8StarSeed15TSI_FADE_AMOUNTE	
0x638728	.rodata	_ZN12WaterConcept8StarSeed24TSI_STREAK_PARTICLE_DISTE	
0x63872c	.rodata	_ZN12WaterConcept8StarSeed26TSI_TOTAL_STREAK_PARTICLESE	
0x638730	.rodata	_ZN12WaterConcept8StarSeed15TSI_NUM_STREAKSE	
0x638734	.rodata	_ZN12WaterConcept8StarSeed16TSI_SPAWN_RADIUSE	
0x638738	.rodata	_ZN12WaterConcept8StarSeed21TSI_TOTAL_SPIRAL_TIMEE	
0x63873c	.rodata	_ZN12WaterConcept8StarSeed18TSI_ROTATION_SPEEDE	
0x638740	.rodata	_ZN12WaterConcept8StarSeed21TSI_SPIRAL_PER_RADIUSE	
0x638744	.rodata	_ZN12WaterConcept8StarSeed17TSI_PARTICLE_SIZEE	
0x638748	.rodata	_ZN12WaterConcept8StarSeed12TSI_TAIL_LAGE	
0x63874c	.rodata	_ZN12WaterConcept8StarSeed15TSI_TAIL_CONCATE	
0x638750	.rodata	_ZN12WaterConcept8StarSeed14TSI_FLASH_TIMEE	
0x638754	.rodata	_ZN12WaterConcept8StarSeed16TSI_FLASH_AMOUNTE	
0x638758	.rodata	_ZN12WaterConcept8StarSeed24TSI_TOTAL_SHOCKWAVE_TIMEE	
0x63875c	.rodata	_ZN12WaterConcept8StarSeed25TSI_TOTAL_LIGHTINTRO_TIMEE	
0x638760	.rodata	_ZN12WaterConcept8StarSeed23TSI_SHOCKWAVE_THICKNESSE	
0x638764	.rodata	_ZN12WaterConcept8StarSeed24TSI_MAX_SHOCKWAVE_RADIUSE	
0x638768	.rodata	_ZN12WaterConcept8StarSeed24TSI_SHOCKWAVE_RESOLUTIONE	
0x63876c	.rodata	_ZN12WaterConcept8StarSeed18TSI_SHOCK_DUCKSIZEE	
0x638770	.rodata	_ZN12WaterConcept8StarSeed23TSI_SHOCK_DUCKSIZE_TIMEE	
0x638774	.rodata	_ZN12WaterConcept8StarSeed22TSI_SHOCK_WOBBLE_SPEEDE	
0x638778	.rodata	_ZN12WaterConcept8StarSeed20TSI_SHOCK_WOBBLE_AMPE	
0x63877c	.rodata	_ZN12WaterConcept8StarSeed17TSI_SHOCK_WOBBLESE	
0x638780	.rodata	_ZTSN12WaterConcept8StarSeedE	
0x6387a0	.rodata	_ZTSN7Walaber14MemberCallbackIN12WaterConcept8StarSeedEEE	
0x638854	.rodata	_ZN12WaterConcept6Switch14ACTIVATE_TIMERE	
0x638860	.rodata	_ZTSN12WaterConcept6SwitchE	
0x638880	.rodata	_ZTSN7Walaber14MemberCallbackIN12WaterConcept6SwitchEEE	
0x6389d0	.rodata	_ZN12WaterConcept12WaterBalloon11MIN_GRAVITYE	
0x6389d4	.rodata	_ZN12WaterConcept12WaterBalloon11MAX_GRAVITYE	
0x6389e0	.rodata	_ZTSN12WaterConcept12WaterBalloonE	
0x638a90	.rodata	_ZN12WaterConcept7YSwitch11TOGGLE_TIMEE	
0x638a94	.rodata	_ZN12WaterConcept7YSwitch16PLUG_WOBBLE_TIMEE	
0x638a98	.rodata	_ZN12WaterConcept7YSwitch24PLUG_WOBBLE_ANGLE_AMOUNTE	
0x638a9c	.rodata	_ZN12WaterConcept7YSwitch24PLUG_WOBBLE_TRANS_AMOUNTE	
0x638aa0	.rodata	_ZN12WaterConcept7YSwitch23PLUG_PARTICLE_FREQUENCYE	
0x638aa4	.rodata	_ZN12WaterConcept7YSwitch28CONVERTER_PARTICLE_FREQUENCYE	
0x638ab0	.rodata	_ZTSN12WaterConcept7YSwitchE	
0x638b10	.rodata	_ZN12WaterConcept20HDAssetsNotification15TRANSITION_TIMEE	
0x638b20	.rodata	_ZTSN12WaterConcept20HDAssetsNotificationE	
0x638c98	.rodata	_ZN12WaterConcept15IAPNotification15TRANSITION_TIMEE	
0x638c9c	.rodata	_ZN12WaterConcept15IAPNotification13JIGGLE_LENGTHE	
0x638ca0	.rodata	_ZN12WaterConcept15IAPNotification12CURVE_FACTORE	
0x638cb0	.rodata	_ZTSN12WaterConcept15IAPNotificationE	
0x638ce0	.rodata	_ZTSN7Walaber14MemberCallbackIN12WaterConcept15IAPNotificationEEE	
0x638d30	.rodata	_ZTSN12WaterConcept12NotificationE	
0x638d50	.rodata	_ZTSN7Walaber25WidgetManagerEventHandlerE	
0x638d80	.rodata	_ZTSN7Walaber14MemberCallbackIN12WaterConcept12NotificationEEE	
0x638e50	.rodata	_ZTSN12WaterConcept21NotificationSingletonE	
0x638f9c	.rodata	_ZN12WaterConcept19Screen_Achievements11NUM_PER_ROWE	
0x638fa0	.rodata	_ZN12WaterConcept19Screen_Achievements17ROW_HEIGHT_FACTORE	
0x638fb0	.rodata	_ZTSN12WaterConcept19Screen_AchievementsE	
0x638fe0	.rodata	_ZTSN12WaterConcept8WCScreenE	
0x639000	.rodata	_ZTSN7Walaber10GameScreenE	
0x639020	.rodata	_ZTSN7Walaber14MemberCallbackIN12WaterConcept19Screen_AchievementsEEE	
0x6390a0	.rodata	_ZTSN12WaterConcept23Screen_AchievementsTestE	
0x6390d0	.rodata	_ZTSN7Walaber14MemberCallbackIN12WaterConcept23Screen_AchievementsTestEEE	
0x6391c0	.rodata	_ZTSN12WaterConcept14Screen_AgeGateE	
0x6391f0	.rodata	_ZTSN7Walaber14MemberCallbackIN12WaterConcept14Screen_AgeGateEEE	
0x6392e8	.rodata	_ZN12WaterConcept20Screen_AnimationTest22NUMBER_SKELETON_ACTORSE	
0x6392f0	.rodata	_ZTSN12WaterConcept20Screen_AnimationTestE	
0x639320	.rodata	_ZTSN7Walaber14MemberCallbackIN12WaterConcept20Screen_AnimationTestEEE	
0x639604	.rodata	_ZN12WaterConcept17Screen_Challenges20NUM_BULLETS_PER_LISTE	
0x639608	.rodata	_ZN12WaterConcept17Screen_Challenges18NUM_LINES_PER_LISTE	
0x639610	.rodata	_ZTSN12WaterConcept17Screen_ChallengesE	
0x639640	.rodata	_ZTSN7Walaber14MemberCallbackIN12WaterConcept17Screen_ChallengesEEE	
0x639860	.rodata	_ZN12WaterConcept19Screen_Collectibles16SHELVES_PER_PACKE	
0x639864	.rodata	_ZN12WaterConcept19Screen_Collectibles13JIGGLE_LENGTHE	
0x639868	.rodata	_ZN12WaterConcept19Screen_Collectibles12CURVE_FACTORE	
0x63986c	.rodata	_ZN12WaterConcept19Screen_Collectibles13UNLOCK_LENGTHE	
0x639870	.rodata	_ZN12WaterConcept19Screen_Collectibles13UNLOCK_FACTORE	
0x639874	.rodata	_ZN12WaterConcept19Screen_Collectibles13MAX_PARTICLESE	
0x639880	.rodata	_ZTSN12WaterConcept19Screen_CollectiblesE	
0x6398b0	.rodata	_ZTSN7Walaber14MemberCallbackIN12WaterConcept19Screen_CollectiblesEEE	
0x6399d0	.rodata	_ZTSN12WaterConcept17Screen_ComicStripE	
0x639af8	.rodata	_ZN12WaterConcept14Screen_Credits18SWAMPY_WALK_LENGTHE	
0x639afc	.rodata	_ZN12WaterConcept14Screen_Credits15JELLY_SIZE_TIMEE	
0x639b00	.rodata	_ZTSN12WaterConcept14Screen_CreditsE	
0x639b30	.rodata	_ZTSN7Walaber14MemberCallbackIN12WaterConcept14Screen_CreditsEEE	
0x639c84	.rodata	_ZN12WaterConcept15Screen_Dialogue16ANIMATION_LENGTHE	
0x639c90	.rodata	_ZTSN12WaterConcept15Screen_DialogueE	
0x639cc0	.rodata	_ZTSN7Walaber14MemberCallbackIN12WaterConcept15Screen_DialogueEEE	
0x63a250	.rodata	_ZTSN12WaterConcept13Screen_EditorE	
0x63a270	.rodata	_ZTSN7Walaber14MemberCallbackIN12WaterConcept13Screen_EditorEEE	
0x63a3e0	.rodata	_ZTSN12WaterConcept25Screen_EditorObjectEditorE	
0x63a410	.rodata	_ZTSN7Walaber14MemberCallbackIN12WaterConcept25Screen_EditorObjectEditorEEE	
0x63a7c4	.rodata	_ZN12WaterConcept25Screen_EditorObjectSelect11VEL_DAMPINGE	
0x63a7c8	.rodata	_ZN12WaterConcept25Screen_EditorObjectSelect14OBJECT_PADDINGE	
0x63a7d0	.rodata	_ZTSN12WaterConcept25Screen_EditorObjectSelectE	
0x63a8f8	.rodata	_ZN12WaterConcept18Screen_FoodPyramid13ITEMS_PER_ROWE	
0x63a8fc	.rodata	_ZN12WaterConcept18Screen_FoodPyramid13UNLOCK_LENGTHE	
0x63a900	.rodata	_ZN12WaterConcept18Screen_FoodPyramid13UNLOCK_FACTORE	
0x63a910	.rodata	_ZTSN12WaterConcept18Screen_FoodPyramidE	
0x63a940	.rodata	_ZTSN7Walaber14MemberCallbackIN12WaterConcept18Screen_FoodPyramidEEE	
0x63aa00	.rodata	_ZN12WaterConcept22Screen_FullScreenAlert16ANIMATION_LENGTHE	
0x63aa04	.rodata	_ZN12WaterConcept22Screen_FullScreenAlert10INTRO_SPINE	
0x63aa10	.rodata	_ZTSN12WaterConcept22Screen_FullScreenAlertE	
0x63aa40	.rodata	_ZTSN7Walaber14MemberCallbackIN12WaterConcept22Screen_FullScreenAlertEEE	
0x63ab10	.rodata	_ZTSN12WaterConcept21Screen_GameTransitionE	
0x63ab40	.rodata	_ZTSN7Walaber14MemberCallbackIN12WaterConcept21Screen_GameTransitionEEE	
0x63adf0	.rodata	_ZTSN12WaterConcept29Screen_GraphicsContextRestoreE	
0x63b044	.rodata	_ZN12WaterConcept10Screen_Hub13MAX_PARTICLESE	
0x63b048	.rodata	_ZN12WaterConcept10Screen_Hub13NUM_IAP_NAMESE	
0x63b050	.rodata	_ZTSN12WaterConcept10Screen_HubE	
0x63b070	.rodata	_ZTSN7Walaber14MemberCallbackIN12WaterConcept10Screen_HubEEE	
0x63b37c	.rodata	_ZN12WaterConcept20Screen_InAppPurchase16ANIMATION_LENGTHE	
0x63b380	.rodata	_ZN12WaterConcept20Screen_InAppPurchase20PROCESSING_WAIT_TIMEE	
0x63b384	.rodata	_ZN12WaterConcept20Screen_InAppPurchase20SALE_TRANSITION_TIMEE	
0x63b390	.rodata	_ZTSN12WaterConcept20Screen_InAppPurchaseE	
0x63b3c0	.rodata	_ZTSN7Walaber14MemberCallbackIN12WaterConcept20Screen_InAppPurchaseEEE	
0x63b610	.rodata	_ZTSN12WaterConcept16Screen_LanguagesE	
0x63b640	.rodata	_ZTSN7Walaber14MemberCallbackIN12WaterConcept16Screen_LanguagesEEE	
0x63bdb4	.rodata	_ZN12WaterConcept18Screen_LevelSelect13JIGGLE_LENGTHE	
0x63bdb8	.rodata	_ZN12WaterConcept18Screen_LevelSelect12CURVE_FACTORE	
0x63bdbc	.rodata	_ZN12WaterConcept18Screen_LevelSelect13MAX_PARTICLESE	
0x63bdc0	.rodata	_ZN12WaterConcept18Screen_LevelSelect23mCalendarSpriteFadeTimeE	
0x63bdc4	.rodata	_ZN12WaterConcept18Screen_LevelSelect23mCalendarUnlockWaitTimeE	
0x63bdc8	.rodata	_ZN12WaterConcept18Screen_LevelSelect20SCREENSHOT_FADE_TIMEE	
0x63bdcc	.rodata	_ZN12WaterConcept18Screen_LevelSelect22BONUS_LEVEL_SLIDE_TIMEE	
0x63bdd0	.rodata	_ZTSN12WaterConcept18Screen_LevelSelectE	
0x63be00	.rodata	_ZTSN7Walaber14MemberCallbackIN12WaterConcept18Screen_LevelSelectEEE	
0x63c5c0	.rodata	_ZTSN12WaterConcept14Screen_LoadingE	
0x63c5f0	.rodata	_ZTSN7Walaber14MemberCallbackIN12WaterConcept14Screen_LoadingEEE	
0x63c630	.rodata	_ZTSN7Walaber14MemberCallbackIN12WaterConcept21NotificationSingletonEEE	
0x63cb9c	.rodata	_ZN12WaterConcept15Screen_MainMenu13MAX_PARTICLESE	
0x63cba0	.rodata	_ZN12WaterConcept15Screen_MainMenu13PARTICLE_TIMEE	
0x63cba4	.rodata	_ZN12WaterConcept15Screen_MainMenu19RADIO_BOUNCE_LENGTHE	
0x63cba8	.rodata	_ZN12WaterConcept15Screen_MainMenu20SHOWER_BOUNCE_LENGTHE	
0x63cbac	.rodata	_ZN12WaterConcept15Screen_MainMenu19DUCKY_BOUNCE_LENGTHE	
0x63cbb0	.rodata	_ZN12WaterConcept15Screen_MainMenu13ACCEL_COOLOFFE	
0x63cbb4	.rodata	_ZN12WaterConcept15Screen_MainMenu13RADIO_COOLOFFE	
0x63cbb8	.rodata	_ZN12WaterConcept15Screen_MainMenu15SHAKE_THRESHOLDE	
0x63cbbc	.rodata	_ZN12WaterConcept15Screen_MainMenu19NUM_THEME_PARTICLESE	
0x63cbc0	.rodata	_ZN12WaterConcept15Screen_MainMenu19SWAMPY_COOLOFF_TIMEE	
0x63cbc4	.rodata	_ZN12WaterConcept15Screen_MainMenu9NUM_NOTESE	
0x63cbc8	.rodata	_ZN12WaterConcept15Screen_MainMenu13mLanguageListE	
0x63cbf0	.rodata	_ZN12WaterConcept15Screen_MainMenu13MELODY_LENGTHE	
0x63cbf4	.rodata	_ZN12WaterConcept15Screen_MainMenu6MELODYE	
0x63cc0c	.rodata	_ZN12WaterConcept15Screen_MainMenu12CHEAT_LENGTHE	
0x63cc10	.rodata	_ZN12WaterConcept15Screen_MainMenu5CHEATE	
0x63cc38	.rodata	_ZN12WaterConcept15Screen_MainMenu12DEBUG_LENGTHE	
0x63cc3c	.rodata	_ZN12WaterConcept15Screen_MainMenu11DEBUG_ORDERE	
0x63cc70	.rodata	_ZTSN12WaterConcept15Screen_MainMenuE	
0x63cca0	.rodata	_ZTSN7Walaber14MemberCallbackIN12WaterConcept15Screen_MainMenuEEE	
0x63d404	.rodata	_ZN12WaterConcept18Screen_MainMenu_v217SALE_OUT_ROTATIONE	
0x63d408	.rodata	_ZN12WaterConcept18Screen_MainMenu_v216SALE_IN_ROTATIONE	
0x63d40c	.rodata	_ZN12WaterConcept18Screen_MainMenu_v218SALE_ROTATION_TIMEE	
0x63d410	.rodata	_ZN12WaterConcept18Screen_MainMenu_v221LOGO_TRANSIT_DURATIONE	
0x63d414	.rodata	_ZN12WaterConcept18Screen_MainMenu_v223SCREEN_TRANSIT_DURATIONE	
0x63d418	.rodata	_ZN12WaterConcept18Screen_MainMenu_v220DUCK_BOUNCE_DURATIONE	
0x63d41c	.rodata	_ZN12WaterConcept18Screen_MainMenu_v29NUM_NOTESE	
0x63d420	.rodata	_ZN12WaterConcept18Screen_MainMenu_v213MAX_PARTICLESE	
0x63d424	.rodata	_ZN12WaterConcept18Screen_MainMenu_v218SHOW_NOTE_DURATIONE	
0x63d428	.rodata	_ZN12WaterConcept18Screen_MainMenu_v221RADIO_BOUNCE_DURATIONE	
0x63d42c	.rodata	_ZN12WaterConcept18Screen_MainMenu_v219PROP_TAP_AREA_STARTE	
0x63d430	.rodata	_ZN12WaterConcept18Screen_MainMenu_v226LOADING_TEXT_FADE_DURATIONE	
0x63d434	.rodata	_ZN12WaterConcept18Screen_MainMenu_v220CRANKY_TRIDUCK_NOTESE	
0x63d438	.rodata	_ZN12WaterConcept18Screen_MainMenu_v221MYSTERY_TRIDUCK_NOTESE	
0x63d43c	.rodata	_ZN12WaterConcept18Screen_MainMenu_v219ALLIE_TRIDUCK_NOTESE	
0x63d440	.rodata	_ZN12WaterConcept18Screen_MainMenu_v213MELODY_LENGTHE	
0x63d444	.rodata	_ZN12WaterConcept18Screen_MainMenu_v26MELODYE	
0x63d45c	.rodata	_ZN12WaterConcept18Screen_MainMenu_v212CHEAT_LENGTHE	
0x63d460	.rodata	_ZN12WaterConcept18Screen_MainMenu_v25CHEATE	
0x63d488	.rodata	_ZN12WaterConcept18Screen_MainMenu_v217SKELETON_COOL_OFFE	
0x63d48c	.rodata	_ZN12WaterConcept18Screen_MainMenu_v213PROP_COOL_OFFE	
0x63d490	.rodata	_ZTSN12WaterConcept18Screen_MainMenu_v2E	
0x63d4c0	.rodata	_ZTSN7Walaber14MemberCallbackIN12WaterConcept18Screen_MainMenu_v2EEE	
0x63d950	.rodata	_ZTSN12WaterConcept18Screen_MenuOverlayE	
0x63d980	.rodata	_ZTSN7Walaber14MemberCallbackIN12WaterConcept18Screen_MenuOverlayEEE	
0x63dafc	.rodata	_ZN12WaterConcept22Screen_MusicCollection13ITEMS_PER_ROWE	
0x63db00	.rodata	_ZN12WaterConcept22Screen_MusicCollection13UNLOCK_LENGTHE	
0x63db04	.rodata	_ZN12WaterConcept22Screen_MusicCollection13UNLOCK_FACTORE	
0x63db10	.rodata	_ZTSN12WaterConcept22Screen_MusicCollectionE	
0x63db40	.rodata	_ZTSN7Walaber14MemberCallbackIN12WaterConcept22Screen_MusicCollectionEEE	
0x63ddf0	.rodata	_ZTSN12WaterConcept18Screen_MysteryShowE	
0x63de20	.rodata	_ZTSN7Walaber14MemberCallbackIN12WaterConcept18Screen_MysteryShowEEE	
0x63df60	.rodata	_ZN12WaterConcept21Screen_NoteChallenges20NUM_BULLETS_PER_LISTE	
0x63df64	.rodata	_ZN12WaterConcept21Screen_NoteChallenges18NUM_LINES_PER_LISTE	
0x63df70	.rodata	_ZTSN12WaterConcept21Screen_NoteChallengesE	
0x63dfa0	.rodata	_ZTSN7Walaber14MemberCallbackIN12WaterConcept21Screen_NoteChallengesEEE	
0x63e084	.rodata	_ZN12WaterConcept22Screen_PerformanceTest16UPDATE_THRESHOLDE	
0x63e088	.rodata	_ZN12WaterConcept22Screen_PerformanceTest11TEST_LENGTHE	
0x63e08c	.rodata	_ZN12WaterConcept22Screen_PerformanceTest11START_DELAYE	
0x63e090	.rodata	_ZTSN12WaterConcept22Screen_PerformanceTestE	
0x63e0c0	.rodata	_ZTSN7Walaber14MemberCallbackIN12WaterConcept22Screen_PerformanceTestEEE	
0x63e168	.rodata	_ZN12WaterConcept16Screen_PerryDemo19ERROR_SHOW_DURATIONE	
0x63e170	.rodata	_ZTSN12WaterConcept16Screen_PerryDemoE	
0x63e1a0	.rodata	_ZTSN7Walaber14MemberCallbackIN12WaterConcept16Screen_PerryDemoEEE	
0x63ead4	.rodata	_ZN12WaterConcept12Screen_Popup12NUM_CALLOUTSE	
0x63ead8	.rodata	_ZN12WaterConcept12Screen_Popup16CURTAIN_PAD_TIMEE	
0x63eadc	.rodata	_ZN12WaterConcept12Screen_Popup21SCORE_COUNT_INCREMENTE	
0x63eae0	.rodata	_ZN12WaterConcept12Screen_Popup11BURST_OMEGAE	
0x63eae4	.rodata	_ZN12WaterConcept12Screen_Popup16POLE_IN_DURATIONE	
0x63eae8	.rodata	_ZN12WaterConcept12Screen_Popup18SHOWER_IN_DURATIONE	
0x63eaec	.rodata	_ZN12WaterConcept12Screen_Popup25SHOWER_IN_DURATION_CRANKYE	
0x63eaf0	.rodata	_ZN12WaterConcept12Screen_Popup24SHOWER_IN_DURATION_ALLIEE	
0x63eaf4	.rodata	_ZN12WaterConcept12Screen_Popup17DUCKY_IN_DURATIONE	
0x63eaf8	.rodata	_ZN12WaterConcept12Screen_Popup17SCORE_IN_DURATIONE	
0x63eafc	.rodata	_ZN12WaterConcept12Screen_Popup19BUTTONS_IN_DURATIONE	
0x63eb00	.rodata	_ZN12WaterConcept12Screen_Popup23COLLECTIBLE_IN_DURATIONE	
0x63eb04	.rodata	_ZN12WaterConcept12Screen_Popup21NOTIFICATION_DURATIONE	
0x63eb08	.rodata	_ZN12WaterConcept12Screen_Popup17FADE_OUT_DURATIONE	
0x63eb0c	.rodata	_ZN12WaterConcept12Screen_Popup24FADE_OUT_DURATION_PART_2E	
0x63eb10	.rodata	_ZN12WaterConcept12Screen_Popup12SHADOW_ALPHAE	
0x63eb14	.rodata	_ZN12WaterConcept12Screen_Popup13MAX_PARTICLESE	
0x63eb18	.rodata	_ZN12WaterConcept12Screen_Popup29MYSTERY_SHOW_CURTAIN_DURATIONE	
0x63eb1c	.rodata	_ZN12WaterConcept12Screen_Popup23MYSTERY_BOUNCE_DURATIONE	
0x63eb20	.rodata	_ZN12WaterConcept12Screen_Popup25MYSTERY_PLUS_ONE_DURATIONE	
0x63eb24	.rodata	_ZN12WaterConcept12Screen_Popup19SCREENSHOT_DURATIONE	
0x63eb28	.rodata	_ZN12WaterConcept12Screen_Popup20LOTW_BOUNCE_DURATIONE	
0x63eb2c	.rodata	_ZN12WaterConcept12Screen_Popup22LOTW_PLUS_ONE_DURATIONE	
0x63eb30	.rodata	_ZN12WaterConcept12Screen_Popup31PHOTOFINISH_TRANSITION_DURATIONE	
0x63eb34	.rodata	_ZN12WaterConcept12Screen_Popup33PHOTOFINISH_NOTIFICATION_DURATIONE	
0x63eb38	.rodata	_ZN12WaterConcept12Screen_Popup30SHINE_ANIMATION_DELAY_DURATIONE	
0x63eb3c	.rodata	_ZN12WaterConcept12Screen_Popup26MORE_BUTTON_POPUP_DURATIONE	
0x63eb40	.rodata	_ZN12WaterConcept12Screen_Popup20ALLIE_STEAM_INTERVALE	
0x63eb44	.rodata	_ZN12WaterConcept12Screen_Popup18ALLIE_SHADOW_ALPHAE	
0x63eb50	.rodata	_ZTSN12WaterConcept12Screen_PopupE	
0x63eb70	.rodata	_ZTSN7Walaber14MemberCallbackIN12WaterConcept12Screen_PopupEEE	
0x63ebf0	.rodata	_ZN12WaterConcept17Screen_Processing16ANIMATION_LENGTHE	
0x63ec00	.rodata	_ZTSN12WaterConcept17Screen_ProcessingE	
0x63ec30	.rodata	_ZTSN7Walaber14MemberCallbackIN12WaterConcept17Screen_ProcessingEEE	
0x63ed00	.rodata	_ZTSN12WaterConcept17Screen_PuppetShowE	
0x63ed30	.rodata	_ZTSN7Walaber14MemberCallbackIN12WaterConcept17Screen_PuppetShowEEE	
0x63eec0	.rodata	_ZTSN12WaterConcept15Screen_SettingsE	
0x63eef0	.rodata	_ZTSN7Walaber14MemberCallbackIN12WaterConcept15Screen_SettingsEEE	
0x63efd8	.rodata	_ZN12WaterConcept22Screen_SettingsProfile13FADE_DURATIONE	
0x63efe0	.rodata	_ZTSN12WaterConcept22Screen_SettingsProfileE	
0x63f010	.rodata	_ZTSN7Walaber14MemberCallbackIN12WaterConcept22Screen_SettingsProfileEEE	
0x63f0a8	.rodata	_ZN12WaterConcept20Screen_SettingsReset12RESET_LENGTHE	
0x63f0ac	.rodata	_ZN12WaterConcept20Screen_SettingsReset11RESET_ORDERE	
0x63f0bc	.rodata	_ZN12WaterConcept20Screen_SettingsReset15BOUNCE_DURATIONE	
0x63f0c0	.rodata	_ZTSN12WaterConcept20Screen_SettingsResetE	
0x63f0f0	.rodata	_ZTSN7Walaber14MemberCallbackIN12WaterConcept20Screen_SettingsResetEEE	
0x63f190	.rodata	_ZTSN12WaterConcept13Screen_SunsetE	
0x63f1c0	.rodata	_ZTSN7Walaber14MemberCallbackIN12WaterConcept13Screen_SunsetEEE	
0x63f260	.rodata	_ZTSN12WaterConcept13Screen_UpsellE	
0x63f290	.rodata	_ZTSN7Walaber14MemberCallbackIN12WaterConcept13Screen_UpsellEEE	
0x63f320	.rodata	_ZN12WaterConcept19Screen_UpsellWater219TRANSITION_DURATIONE	
0x63f330	.rodata	_ZTSN12WaterConcept19Screen_UpsellWater2E	
0x63f360	.rodata	_ZTSN7Walaber14MemberCallbackIN12WaterConcept19Screen_UpsellWater2EEE	
0x63ff10	.rodata	_ZN12WaterConcept16Screen_WaterTest16SWAMPY_WIN_TIMERE	
0x63ff14	.rodata	_ZN12WaterConcept16Screen_WaterTest16CRANKY_WIN_TIMERE	
0x63ff18	.rodata	_ZN12WaterConcept16Screen_WaterTest15ALLIE_WIN_TIMERE	
0x63ff1c	.rodata	_ZN12WaterConcept16Screen_WaterTest14WIN_ZOOM_DELAYE	
0x63ff20	.rodata	_ZN12WaterConcept16Screen_WaterTest9LOSE_TIMEE	
0x63ff24	.rodata	_ZN12WaterConcept16Screen_WaterTest22LOTW_LEVEL_FINISH_TIMEE	
0x63ff28	.rodata	_ZN12WaterConcept16Screen_WaterTest10TITLE_TIMEE	
0x63ff2c	.rodata	_ZN12WaterConcept16Screen_WaterTest17TITLE_FADE_LENGTHE	
0x63ff30	.rodata	_ZN12WaterConcept16Screen_WaterTest14ROCKING_FACTORE	
0x63ff34	.rodata	_ZN12WaterConcept16Screen_WaterTest19ROCKING_ANIM_LENGTHE	
0x63ff38	.rodata	_ZN12WaterConcept16Screen_WaterTest23COLLECTIBLE_ANIM_LENGTHE	
0x63ff3c	.rodata	_ZN12WaterConcept16Screen_WaterTest18DEFAULT_BONUS_TIMEE	
0x63ff40	.rodata	_ZN12WaterConcept16Screen_WaterTest14FIRST_CUT_TIMEE	
0x63ff44	.rodata	_ZN12WaterConcept16Screen_WaterTest18SCROLL_PROMPT_WAITE	
0x63ff48	.rodata	_ZN12WaterConcept16Screen_WaterTest16MAX_RETRY_FACTORE	
0x63ff4c	.rodata	_ZN12WaterConcept16Screen_WaterTest22RETRY_ANIMATION_FACTORE	
0x63ff50	.rodata	_ZN12WaterConcept16Screen_WaterTest15RETRY_WAIT_TIMEE	
0x63ff54	.rodata	_ZN12WaterConcept16Screen_WaterTest17RETRY_RETURN_TIMEE	
0x63ff58	.rodata	_ZN12WaterConcept16Screen_WaterTest14POLL_DIRT_TIMEE	
0x63ff5c	.rodata	_ZN12WaterConcept16Screen_WaterTest19SWAMPY_COOLOFF_TIMEE	
0x63ff60	.rodata	_ZN12WaterConcept16Screen_WaterTest28CHALLENGE_PROMPT_ANIM_LENGTHE	
0x63ff64	.rodata	_ZN12WaterConcept16Screen_WaterTest14FLASH_DURATIONE	
0x63ff68	.rodata	_ZN12WaterConcept16Screen_WaterTest28CAUTIOUS_CUTTER_MINIMUM_CUTSE	
0x63ff6c	.rodata	_ZN12WaterConcept16Screen_WaterTest33CAUTIOUS_CUTTER_AVG_DOT_THRESHOLDE	
0x63ff70	.rodata	_ZN12WaterConcept16Screen_WaterTest34CAUTIOUS_CUTTER_SCRIBBLE_THRESHOLDE	
0x63ff74	.rodata	_ZN12WaterConcept16Screen_WaterTest22CAUTIOUS_MAX_TAP_COUNTE	
0x63ff90	.rodata	_ZTSN12WaterConcept16Screen_WaterTestE	
0x63ffc0	.rodata	_ZTSN7Walaber14MemberCallbackIN12WaterConcept16Screen_WaterTestEEE	
0x640a30	.rodata	_ZN12WaterConcept18Screen_WorldSelect16SCROLL_ANIM_TIMEE	
0x640a34	.rodata	_ZN12WaterConcept18Screen_WorldSelect11UNLOCK_TIMEE	
0x640a38	.rodata	_ZN12WaterConcept18Screen_WorldSelect9FADE_TIMEE	
0x640a3c	.rodata	_ZN12WaterConcept18Screen_WorldSelect13JIGGLE_LENGTHE	
0x640a40	.rodata	_ZN12WaterConcept18Screen_WorldSelect12CURVE_FACTORE	
0x640a44	.rodata	_ZN12WaterConcept18Screen_WorldSelect23NUM_SWAMPY_PICKS_LEVELSE	
0x640a48	.rodata	_ZN12WaterConcept18Screen_WorldSelect16FRAME_POS_CHANGEE	
0x640a4c	.rodata	_ZN12WaterConcept18Screen_WorldSelect17FRAME_SIZE_CHANGEE	
0x640a50	.rodata	_ZN12WaterConcept18Screen_WorldSelect27NO_FRAME_X_WORLD_POS_CHANGEE	
0x640a54	.rodata	_ZN12WaterConcept18Screen_WorldSelect27NO_FRAME_Y_WORLD_POS_CHANGEE	
0x640a58	.rodata	_ZN12WaterConcept18Screen_WorldSelect20NO_FRAME_SIZE_CHANGEE	
0x640a60	.rodata	_ZTSN12WaterConcept18Screen_WorldSelectE	
0x640a90	.rodata	_ZTSN7Walaber14MemberCallbackIN12WaterConcept18Screen_WorldSelectEEE	
0x640c00	.rodata	_ZTSN7Walaber14MemberCallbackIN12WaterConcept22CustomTransitionLoaderEEE	
0x640cb0	.rodata	_ZTSSt16nested_exception	
0x640d14	.rodata	_ZNSt6__ndk18ios_base9boolalphaE	
0x640d18	.rodata	_ZNSt6__ndk18ios_base3decE	
0x640d1c	.rodata	_ZNSt6__ndk18ios_base5fixedE	
0x640d20	.rodata	_ZNSt6__ndk18ios_base3hexE	
0x640d24	.rodata	_ZNSt6__ndk18ios_base8internalE	
0x640d28	.rodata	_ZNSt6__ndk18ios_base4leftE	
0x640d2c	.rodata	_ZNSt6__ndk18ios_base3octE	
0x640d30	.rodata	_ZNSt6__ndk18ios_base5rightE	
0x640d34	.rodata	_ZNSt6__ndk18ios_base10scientificE	
0x640d38	.rodata	_ZNSt6__ndk18ios_base8showbaseE	
0x640d3c	.rodata	_ZNSt6__ndk18ios_base9showpointE	
0x640d40	.rodata	_ZNSt6__ndk18ios_base7showposE	
0x640d44	.rodata	_ZNSt6__ndk18ios_base6skipwsE	
0x640d48	.rodata	_ZNSt6__ndk18ios_base7unitbufE	
0x640d4c	.rodata	_ZNSt6__ndk18ios_base9uppercaseE	
0x640d50	.rodata	_ZNSt6__ndk18ios_base11adjustfieldE	
0x640d54	.rodata	_ZNSt6__ndk18ios_base9basefieldE	
0x640d58	.rodata	_ZNSt6__ndk18ios_base10floatfieldE	
0x640d5c	.rodata	_ZNSt6__ndk18ios_base6badbitE	
0x640d60	.rodata	_ZNSt6__ndk18ios_base6eofbitE	
0x640d64	.rodata	_ZNSt6__ndk18ios_base7failbitE	
0x640d68	.rodata	_ZNSt6__ndk18ios_base7goodbitE	
0x640d6c	.rodata	_ZNSt6__ndk18ios_base3appE	
0x640d70	.rodata	_ZNSt6__ndk18ios_base3ateE	
0x640d74	.rodata	_ZNSt6__ndk18ios_base6binaryE	
0x640d78	.rodata	_ZNSt6__ndk18ios_base2inE	
0x640d7c	.rodata	_ZNSt6__ndk18ios_base3outE	
0x640d80	.rodata	_ZNSt6__ndk18ios_base5truncE	
0x640d90	.rodata	_ZTSNSt6__ndk18ios_base7failureE	
0x640db0	.rodata	_ZTSNSt6__ndk18ios_baseE	
0x640dd0	.rodata	_ZTSNSt6__ndk19basic_iosIwNS_11char_traitsIwEEEE	
0x640e00	.rodata	_ZTSNSt6__ndk115basic_streambufIwNS_11char_traitsIwEEEE	
0x640e40	.rodata	_ZTSNSt6__ndk113basic_istreamIwNS_11char_traitsIwEEEE	
0x640e80	.rodata	_ZTSNSt6__ndk113basic_ostreamIwNS_11char_traitsIwEEEE	
0x6415e0	.rodata	_ZNSt6__ndk114__num_get_base5__srcE	
0x641a68	.rodata	_ZNSt6__ndk110moneypunctIcLb0EE4intlE	
0x641a69	.rodata	_ZNSt6__ndk110moneypunctIcLb1EE4intlE	
0x641a6a	.rodata	_ZNSt6__ndk110moneypunctIwLb0EE4intlE	
0x641a6b	.rodata	_ZNSt6__ndk110moneypunctIwLb1EE4intlE	
0x641a6c	.rodata	_ZNSt6__ndk16locale4noneE	
0x641a70	.rodata	_ZNSt6__ndk16locale7collateE	
0x641a74	.rodata	_ZNSt6__ndk16locale5ctypeE	
0x641a78	.rodata	_ZNSt6__ndk16locale8monetaryE	
0x641a7c	.rodata	_ZNSt6__ndk16locale7numericE	
0x641a80	.rodata	_ZNSt6__ndk16locale4timeE	
0x641a84	.rodata	_ZNSt6__ndk16locale8messagesE	
0x641a88	.rodata	_ZNSt6__ndk16locale3allE	
0x641a90	.rodata	_ZNSt6__ndk110ctype_base5spaceE	
0x641a98	.rodata	_ZNSt6__ndk110ctype_base5printE	
0x641aa0	.rodata	_ZNSt6__ndk110ctype_base5cntrlE	
0x641aa8	.rodata	_ZNSt6__ndk110ctype_base5upperE	
0x641ab0	.rodata	_ZNSt6__ndk110ctype_base5lowerE	
0x641ab8	.rodata	_ZNSt6__ndk110ctype_base5alphaE	
0x641ac0	.rodata	_ZNSt6__ndk110ctype_base5digitE	
0x641ac8	.rodata	_ZNSt6__ndk110ctype_base5punctE	
0x641ad0	.rodata	_ZNSt6__ndk110ctype_base6xdigitE	
0x641ad8	.rodata	_ZNSt6__ndk110ctype_base5blankE	
0x641ae0	.rodata	_ZNSt6__ndk110ctype_base5alnumE	
0x641ae8	.rodata	_ZNSt6__ndk110ctype_base5graphE	
0x642770	.rodata	_ZTSNSt6__ndk16locale5facetE	
0x642790	.rodata	_ZTSNSt6__ndk15ctypeIwEE	
0x6427b0	.rodata	_ZTSNSt6__ndk110ctype_baseE	
0x6427d0	.rodata	_ZTSNSt6__ndk17codecvtIcc9mbstate_tEE	
0x642800	.rodata	_ZTSNSt6__ndk112codecvt_baseE	
0x642820	.rodata	_ZTSNSt6__ndk17codecvtIDsc9mbstate_tEE	
0x642850	.rodata	_ZTSNSt6__ndk17codecvtIDic9mbstate_tEE	
0x642880	.rodata	_ZTSNSt6__ndk116__narrow_to_utf8ILm16EEE	
0x6428b0	.rodata	_ZTSNSt6__ndk116__narrow_to_utf8ILm32EEE	
0x6428e0	.rodata	_ZTSNSt6__ndk117__widen_from_utf8ILm16EEE	
0x642910	.rodata	_ZTSNSt6__ndk117__widen_from_utf8ILm32EEE	
0x642940	.rodata	_ZTSNSt6__ndk114__codecvt_utf8IwEE	
0x642960	.rodata	_ZTSNSt6__ndk17codecvtIwc9mbstate_tEE	
0x642990	.rodata	_ZTSNSt6__ndk114__codecvt_utf8IDsEE	
0x6429b0	.rodata	_ZTSNSt6__ndk114__codecvt_utf8IDiEE	
0x6429d0	.rodata	_ZTSNSt6__ndk115__codecvt_utf16IwLb0EEE	
0x642a00	.rodata	_ZTSNSt6__ndk115__codecvt_utf16IwLb1EEE	
0x642a30	.rodata	_ZTSNSt6__ndk115__codecvt_utf16IDsLb0EEE	
0x642a60	.rodata	_ZTSNSt6__ndk115__codecvt_utf16IDsLb1EEE	
0x642a90	.rodata	_ZTSNSt6__ndk115__codecvt_utf16IDiLb0EEE	
0x642ac0	.rodata	_ZTSNSt6__ndk115__codecvt_utf16IDiLb1EEE	
0x642af0	.rodata	_ZTSNSt6__ndk120__codecvt_utf8_utf16IwEE	
0x642b20	.rodata	_ZTSNSt6__ndk120__codecvt_utf8_utf16IDiEE	
0x642b50	.rodata	_ZTSNSt6__ndk120__codecvt_utf8_utf16IDsEE	
0x642ba0	.rodata	_ZTSNSt6__ndk114collate_bynameIcEE	
0x642bc0	.rodata	_ZTSNSt6__ndk17collateIcEE	
0x642be0	.rodata	_ZTSNSt6__ndk114collate_bynameIwEE	
0x642c00	.rodata	_ZTSNSt6__ndk17collateIwEE	
0x642c20	.rodata	_ZTSNSt6__ndk15ctypeIcEE	
0x642c40	.rodata	_ZTSNSt6__ndk112ctype_bynameIcEE	
0x642c60	.rodata	_ZTSNSt6__ndk112ctype_bynameIwEE	
0x642c80	.rodata	_ZTSNSt6__ndk18numpunctIcEE	
0x642ca0	.rodata	_ZTSNSt6__ndk18numpunctIwEE	
0x642cc0	.rodata	_ZTSNSt6__ndk115numpunct_bynameIcEE	
0x642ce0	.rodata	_ZTSNSt6__ndk115numpunct_bynameIwEE	
0x642d00	.rodata	_ZTSNSt6__ndk17num_getIcNS_19istreambuf_iteratorIcNS_11char_traitsIcEEEEEE	
0x642d50	.rodata	_ZTSNSt6__ndk19__num_getIcEE	
0x642d70	.rodata	_ZTSNSt6__ndk114__num_get_baseE	
0x642d90	.rodata	_ZTSNSt6__ndk17num_getIwNS_19istreambuf_iteratorIwNS_11char_traitsIwEEEEEE	
0x642de0	.rodata	_ZTSNSt6__ndk19__num_getIwEE	
0x642e00	.rodata	_ZTSNSt6__ndk17num_putIcNS_19ostreambuf_iteratorIcNS_11char_traitsIcEEEEEE	
0x642e50	.rodata	_ZTSNSt6__ndk19__num_putIcEE	
0x642e70	.rodata	_ZTSNSt6__ndk114__num_put_baseE	
0x642e90	.rodata	_ZTSNSt6__ndk17num_putIwNS_19ostreambuf_iteratorIwNS_11char_traitsIwEEEEEE	
0x642ee0	.rodata	_ZTSNSt6__ndk19__num_putIwEE	
0x642f00	.rodata	_ZTSNSt6__ndk18time_getIcNS_19istreambuf_iteratorIcNS_11char_traitsIcEEEEEE	
0x642f50	.rodata	_ZTSNSt6__ndk19time_baseE	
0x642f70	.rodata	_ZTSNSt6__ndk120__time_get_c_storageIcEE	
0x642fa0	.rodata	_ZTSNSt6__ndk18time_getIwNS_19istreambuf_iteratorIwNS_11char_traitsIwEEEEEE	
0x642ff0	.rodata	_ZTSNSt6__ndk120__time_get_c_storageIwEE	
0x643020	.rodata	_ZTSNSt6__ndk115time_get_bynameIcNS_19istreambuf_iteratorIcNS_11char_traitsIcEEEEEE	
0x643070	.rodata	_ZTSNSt6__ndk118__time_get_storageIcEE	
0x6430a0	.rodata	_ZTSNSt6__ndk110__time_getE	
0x6430c0	.rodata	_ZTSNSt6__ndk115time_get_bynameIwNS_19istreambuf_iteratorIwNS_11char_traitsIwEEEEEE	
0x643110	.rodata	_ZTSNSt6__ndk118__time_get_storageIwEE	
0x643140	.rodata	_ZTSNSt6__ndk18time_putIcNS_19ostreambuf_iteratorIcNS_11char_traitsIcEEEEEE	
0x643190	.rodata	_ZTSNSt6__ndk110__time_putE	
0x6431b0	.rodata	_ZTSNSt6__ndk18time_putIwNS_19ostreambuf_iteratorIwNS_11char_traitsIwEEEEEE	
0x643200	.rodata	_ZTSNSt6__ndk115time_put_bynameIcNS_19ostreambuf_iteratorIcNS_11char_traitsIcEEEEEE	
0x643250	.rodata	_ZTSNSt6__ndk115time_put_bynameIwNS_19ostreambuf_iteratorIwNS_11char_traitsIwEEEEEE	
0x6432a0	.rodata	_ZTSNSt6__ndk110moneypunctIcLb0EEE	
0x6432c0	.rodata	_ZTSNSt6__ndk110money_baseE	
0x6432e0	.rodata	_ZTSNSt6__ndk110moneypunctIcLb1EEE	
0x643300	.rodata	_ZTSNSt6__ndk110moneypunctIwLb0EEE	
0x643320	.rodata	_ZTSNSt6__ndk110moneypunctIwLb1EEE	
0x643340	.rodata	_ZTSNSt6__ndk117moneypunct_bynameIcLb0EEE	
0x643370	.rodata	_ZTSNSt6__ndk117moneypunct_bynameIcLb1EEE	
0x6433a0	.rodata	_ZTSNSt6__ndk117moneypunct_bynameIwLb0EEE	
0x6433d0	.rodata	_ZTSNSt6__ndk117moneypunct_bynameIwLb1EEE	
0x643400	.rodata	_ZTSNSt6__ndk19money_getIcNS_19istreambuf_iteratorIcNS_11char_traitsIcEEEEEE	
0x643450	.rodata	_ZTSNSt6__ndk111__money_getIcEE	
0x643470	.rodata	_ZTSNSt6__ndk19money_getIwNS_19istreambuf_iteratorIwNS_11char_traitsIwEEEEEE	
0x6434c0	.rodata	_ZTSNSt6__ndk111__money_getIwEE	
0x6434e0	.rodata	_ZTSNSt6__ndk19money_putIcNS_19ostreambuf_iteratorIcNS_11char_traitsIcEEEEEE	
0x643530	.rodata	_ZTSNSt6__ndk111__money_putIcEE	
0x643550	.rodata	_ZTSNSt6__ndk19money_putIwNS_19ostreambuf_iteratorIwNS_11char_traitsIwEEEEEE	
0x6435a0	.rodata	_ZTSNSt6__ndk111__money_putIwEE	
0x6435c0	.rodata	_ZTSNSt6__ndk18messagesIcEE	
0x6435e0	.rodata	_ZTSNSt6__ndk113messages_baseE	
0x643600	.rodata	_ZTSNSt6__ndk18messagesIwEE	
0x643620	.rodata	_ZTSNSt6__ndk115messages_bynameIcEE	
0x643640	.rodata	_ZTSNSt6__ndk115messages_bynameIwEE	
0x643660	.rodata	_ZTSNSt6__ndk114codecvt_bynameIcc9mbstate_tEE	
0x643690	.rodata	_ZTSNSt6__ndk114codecvt_bynameIwc9mbstate_tEE	
0x6436c0	.rodata	_ZTSNSt6__ndk114codecvt_bynameIDsc9mbstate_tEE	
0x6436f0	.rodata	_ZTSNSt6__ndk114codecvt_bynameIDic9mbstate_tEE	
0x643760	.rodata	_ZNSt6__ndk113allocator_argE	
0x643770	.rodata	_ZTSNSt6__ndk112bad_weak_ptrE	
0x643790	.rodata	_ZTSNSt6__ndk114__shared_countE	
0x6437b0	.rodata	_ZTSNSt6__ndk119__shared_weak_countE	
0x6437d1	.rodata	_ZNSt6__ndk110defer_lockE	
0x6437d2	.rodata	_ZNSt6__ndk111try_to_lockE	
0x6437d3	.rodata	_ZNSt6__ndk110adopt_lockE	
0x64383c	.rodata	_ZSt7nothrow	
0x6438c0	.rodata	_ZNSt6__ndk112basic_stringIcNS_11char_traitsIcEENS_9allocatorIcEEE4nposE	
0x6438c8	.rodata	_ZNSt6__ndk112basic_stringIwNS_11char_traitsIwEENS_9allocatorIwEEE4nposE	
0x6439b0	.rodata	_ZTSNSt6__ndk112system_errorE	
0x6439d0	.rodata	_ZTSNSt6__ndk114error_categoryE	
0x643d00	.rodata	_ZTSNSt6__ndk112future_errorE	
0x643d20	.rodata	_ZTSNSt6__ndk117__assoc_sub_stateE	
0x644160	.rodata	_ZTSN10__cxxabiv116__shim_type_infoE	
0x644190	.rodata	_ZTSN10__cxxabiv117__class_type_infoE	
0x6441c0	.rodata	_ZTSN10__cxxabiv117__pbase_type_infoE	
0x6441f0	.rodata	_ZTSN10__cxxabiv119__pointer_type_infoE	
0x644220	.rodata	_ZTSN10__cxxabiv120__function_type_infoE	
0x644250	.rodata	_ZTSN10__cxxabiv129__pointer_to_member_type_infoE	
0x6442a0	.rodata	_ZTSN10__cxxabiv123__fundamental_type_infoE	
0x6442c8	.rodata	_ZTSv	
0x6442cc	.rodata	_ZTSPv	
0x6442d0	.rodata	_ZTSPKv	
0x6442d4	.rodata	_ZTSDn	
0x6442d8	.rodata	_ZTSPDn	
0x6442dc	.rodata	_ZTSPKDn	
0x6442e4	.rodata	_ZTSb	
0x6442e8	.rodata	_ZTSPb	
0x6442ec	.rodata	_ZTSPKb	
0x6442f0	.rodata	_ZTSw	
0x6442f4	.rodata	_ZTSPw	
0x6442f8	.rodata	_ZTSPKw	
0x6442fc	.rodata	_ZTSc	
0x644300	.rodata	_ZTSPc	
0x644304	.rodata	_ZTSPKc	
0x644308	.rodata	_ZTSh	
0x64430c	.rodata	_ZTSPh	
0x644310	.rodata	_ZTSPKh	
0x644314	.rodata	_ZTSa	
0x644318	.rodata	_ZTSPa	
0x64431c	.rodata	_ZTSPKa	
0x644320	.rodata	_ZTSs	
0x644324	.rodata	_ZTSPs	
0x644328	.rodata	_ZTSPKs	
0x64432c	.rodata	_ZTSt	
0x644330	.rodata	_ZTSPt	
0x644334	.rodata	_ZTSPKt	
0x644338	.rodata	_ZTSi	
0x64433c	.rodata	_ZTSPi	
0x644340	.rodata	_ZTSPKi	
0x644344	.rodata	_ZTSj	
0x644348	.rodata	_ZTSPj	
0x64434c	.rodata	_ZTSPKj	
0x644350	.rodata	_ZTSl	
0x644354	.rodata	_ZTSPl	
0x644358	.rodata	_ZTSPKl	
0x64435c	.rodata	_ZTSm	
0x644360	.rodata	_ZTSPm	
0x644364	.rodata	_ZTSPKm	
0x644368	.rodata	_ZTSx	
0x64436c	.rodata	_ZTSPx	
0x644370	.rodata	_ZTSPKx	
0x644374	.rodata	_ZTSy	
0x644378	.rodata	_ZTSPy	
0x64437c	.rodata	_ZTSPKy	
0x644380	.rodata	_ZTSn	
0x644384	.rodata	_ZTSPn	
0x644388	.rodata	_ZTSPKn	
0x64438c	.rodata	_ZTSo	
0x644390	.rodata	_ZTSPo	
0x644394	.rodata	_ZTSPKo	
0x644398	.rodata	_ZTSDh	
0x64439c	.rodata	_ZTSPDh	
0x6443a0	.rodata	_ZTSPKDh	
0x6443a8	.rodata	_ZTSf	
0x6443ac	.rodata	_ZTSPf	
0x6443b0	.rodata	_ZTSPKf	
0x6443b4	.rodata	_ZTSd	
0x6443b8	.rodata	_ZTSPd	
0x6443bc	.rodata	_ZTSPKd	
0x6443c0	.rodata	_ZTSe	
0x6443c4	.rodata	_ZTSPe	
0x6443c8	.rodata	_ZTSPKe	
0x6443cc	.rodata	_ZTSg	
0x6443d0	.rodata	_ZTSPg	
0x6443d4	.rodata	_ZTSPKg	
0x6443d8	.rodata	_ZTSDu	
0x6443dc	.rodata	_ZTSPDu	
0x6443e0	.rodata	_ZTSPKDu	
0x6443e8	.rodata	_ZTSDs	
0x6443ec	.rodata	_ZTSPDs	
0x6443f0	.rodata	_ZTSPKDs	
0x6443f8	.rodata	_ZTSDi	
0x6443fc	.rodata	_ZTSPDi	
0x644400	.rodata	_ZTSPKDi	
0x644410	.rodata	_ZTSN10__cxxabiv117__array_type_infoE	
0x644440	.rodata	_ZTSN10__cxxabiv116__enum_type_infoE	
0x644470	.rodata	_ZTSN10__cxxabiv120__si_class_type_infoE	
0x6444a0	.rodata	_ZTSN10__cxxabiv121__vmi_class_type_infoE	
0x644520	.rodata	_ZTSSt9exception	
0x644530	.rodata	_ZTSSt13bad_exception	
0x644550	.rodata	_ZTSSt16bad_array_length	
0x644568	.rodata	_ZTSSt9bad_alloc	
0x644580	.rodata	_ZTSSt20bad_array_new_length	
0x6445a0	.rodata	_ZTSSt12domain_error	
0x6445b4	.rodata	_ZTSSt11logic_error	
0x6445d0	.rodata	_ZTSSt16invalid_argument	
0x6445f0	.rodata	_ZTSSt12length_error	
0x644610	.rodata	_ZTSSt12out_of_range	
0x644624	.rodata	_ZTSSt11range_error	
0x644640	.rodata	_ZTSSt13runtime_error	
0x644660	.rodata	_ZTSSt14overflow_error	
0x644680	.rodata	_ZTSSt15underflow_error	
0x6446b4	.rodata	_ZTSSt9type_info	
0x6446c4	.rodata	_ZTSSt8bad_cast	
0x6446d0	.rodata	_ZTSSt10bad_typeid	
0x70cd78	.data.rel.ro	_ZTVN3ndk18ApplicationContextE	
0x70cda0	.data.rel.ro	_ZTIN3ndk18ApplicationContextE	
0x70cdb8	.data.rel.ro	_ZTVN7Walaber7MessageE	
0x70cdd8	.data.rel.ro	_ZTIN7Walaber7MessageE	
0x70cde8	.data.rel.ro	_ZTVN7Walaber14MemberCallbackIN12WaterConcept12ScreenLoaderEEE	
0x70ce10	.data.rel.ro	_ZTIN7Walaber8CallbackE	
0x70ce20	.data.rel.ro	_ZTIN7Walaber14MemberCallbackIN12WaterConcept12ScreenLoaderEEE	
0x70ce38	.data.rel.ro	_ZTVN7Walaber14MemberCallbackIN3ndk21DatabaseCallbackClassEEE	
0x70ce60	.data.rel.ro	_ZTIN7Walaber14MemberCallbackIN3ndk21DatabaseCallbackClassEEE	
0x70ce78	.data.rel.ro	_ZTVN3ndk5MutexE	
0x70ce98	.data.rel.ro	_ZTIN3ndk5MutexE	
0x70e2b0	.data.rel.ro	_ZTVN7Walaber8CallbackE	
0x70e2d8	.data.rel.ro	_ZTVN7Walaber27Message_AchievementUnlockedE	
0x70e300	.data.rel.ro	_ZTIN7Walaber27Message_AchievementUnlockedE	
0x70e318	.data.rel.ro	_ZTVN7Walaber14MemberCallbackINS_18NodeAnimationTrackEEE	
0x70e340	.data.rel.ro	_ZTIN7Walaber14MemberCallbackINS_18NodeAnimationTrackEEE	
0x70e358	.data.rel.ro	_ZTVN7Walaber14MemberCallbackINS_21NumericAnimationTrackEEE	
0x70e380	.data.rel.ro	_ZTIN7Walaber14MemberCallbackINS_21NumericAnimationTrackEEE	
0x70e398	.data.rel.ro	_ZTVN7Walaber8SkeletonE	
0x70e400	.data.rel.ro	_ZTIN7Walaber8SkeletonE	
0x70e418	.data.rel.ro	_ZTVN7Walaber4BoneE	
0x70e470	.data.rel.ro	_ZTIN7Walaber4BoneE	
0x70e488	.data.rel.ro	_ZTVN7Walaber14MemberCallbackINS_8SkeletonEEE	
0x70e4b0	.data.rel.ro	_ZTIN7Walaber14MemberCallbackINS_8SkeletonEEE	
0x70e4c8	.data.rel.ro	_ZTVN7Walaber13SkeletonActor15SoundActionDataE	
0x70e4e8	.data.rel.ro	_ZTIN7Walaber13SkeletonActor15EventActionDataE	
0x70e500	.data.rel.ro	_ZTIN7Walaber13SkeletonActor15SoundActionDataE	
0x70e518	.data.rel.ro	_ZTVN7Walaber13SkeletonActor14PropActionDataE	
0x70e540	.data.rel.ro	_ZTIN7Walaber13SkeletonActor14PropActionDataE	
0x70e558	.data.rel.ro	_ZTVN7Walaber13SkeletonActor19AnimationActionDataE	
0x70e580	.data.rel.ro	_ZTIN7Walaber13SkeletonActor19AnimationActionDataE	
0x70e598	.data.rel.ro	_ZTVN7Walaber13SkeletonActor17EmitterActionDataE	
0x70e5c0	.data.rel.ro	_ZTIN7Walaber13SkeletonActor17EmitterActionDataE	
0x70e5d8	.data.rel.ro	_ZTVN7Walaber14MemberCallbackINS_13SkeletonActorEEE	
0x70e600	.data.rel.ro	_ZTIN7Walaber14MemberCallbackINS_13SkeletonActorEEE	
0x70e618	.data.rel.ro	_ZTVN7Walaber19SoundEffectInstanceE	
0x70e638	.data.rel.ro	_ZTIN7Walaber19SoundEffectInstanceE	
0x70e648	.data.rel.ro	_ZTVN7Walaber14MemberCallbackINS_12SoundManagerEEE	
0x70e670	.data.rel.ro	_ZTIN7Walaber14MemberCallbackINS_12SoundManagerEEE	
0x70e990	.data.rel.ro	_ZTVN7Walaber6SpriteE	
0x70e9f0	.data.rel.ro	_ZTIN7Walaber6SpriteE	
0x70ea08	.data.rel.ro	_ZTVN7Walaber14MemberCallbackINS_15SpriteAnimationEEE	
0x70ea30	.data.rel.ro	_ZTIN7Walaber14MemberCallbackINS_15SpriteAnimationEEE	
0x70ea48	.data.rel.ro	_ZTVN7Walaber14MemberCallbackINS_6SpriteEEE	
0x70ea70	.data.rel.ro	_ZTIN7Walaber14MemberCallbackINS_6SpriteEEE	
0x70ea88	.data.rel.ro	_ZTVN7Walaber14MemberCallbackINS_10BitmapFontEEE	
0x70eab0	.data.rel.ro	_ZTIN7Walaber14MemberCallbackINS_10BitmapFontEEE	
0x70eac8	.data.rel.ro	_ZTVN7Walaber14MemberCallbackINS_11FontManagerEEE	
0x70eaf0	.data.rel.ro	_ZTIN7Walaber14MemberCallbackINS_11FontManagerEEE	
0x70eb08	.data.rel.ro	_ZTVN7Walaber6WidgetE	
0x70ebe0	.data.rel.ro	_ZTIN7Walaber6WidgetE	
0x70ebf8	.data.rel.ro	_ZTVN7Walaber13Widget_CanvasE	
0x70ecd0	.data.rel.ro	_ZTIN7Walaber13Widget_CanvasE	
0x70ece8	.data.rel.ro	_ZTVN7Walaber22Widget_ClassicControlsE	
0x70edc0	.data.rel.ro	_ZTIN7Walaber22Widget_ClassicControlsE	
0x70edd8	.data.rel.ro	_ZTVN7Walaber18Widget_ColorPickerE	
0x70eeb0	.data.rel.ro	_ZTIN7Walaber18Widget_ColorPickerE	
0x70eec8	.data.rel.ro	_ZTVN7Walaber20Widget_FingerCatcherE	
0x70efa0	.data.rel.ro	_ZTIN7Walaber20Widget_FingerCatcherE	
0x70efb8	.data.rel.ro	_ZTVN7Walaber12Widget_GroupE	
0x70f090	.data.rel.ro	_ZTIN7Walaber12Widget_GroupE	
0x70f0a8	.data.rel.ro	_ZTVN7Walaber15Widget_IconListE	
0x70f180	.data.rel.ro	_ZTIN7Walaber15Widget_IconListE	
0x70f198	.data.rel.ro	_ZTVN7Walaber12Widget_LabelE	
0x70f270	.data.rel.ro	_ZTIN7Walaber12Widget_LabelE	
0x70f288	.data.rel.ro	_ZTVN7Walaber18Widget_ManipulatorE	
0x70f360	.data.rel.ro	_ZTIN7Walaber18Widget_ManipulatorE	
0x70f378	.data.rel.ro	_ZTVN7Walaber20Widget_MovingTextBoxE	
0x70f450	.data.rel.ro	_ZTIN7Walaber20Widget_MovingTextBoxE	
0x70f468	.data.rel.ro	_ZTVN7Walaber20Widget_NumberSpinnerE	
0x70f540	.data.rel.ro	_ZTIN7Walaber20Widget_NumberSpinnerE	
0x70f558	.data.rel.ro	_ZTVN7Walaber18Widget_ProgressBarE	
0x70f630	.data.rel.ro	_ZTIN7Walaber18Widget_ProgressBarE	
0x70f648	.data.rel.ro	_ZTVN7Walaber17Widget_PushButtonE	
0x70f720	.data.rel.ro	_ZTIN7Walaber17Widget_PushButtonE	
0x70f738	.data.rel.ro	_ZTVN7Walaber19Widget_ScoreCounterE	
0x70f810	.data.rel.ro	_ZTIN7Walaber19Widget_ScoreCounterE	
0x70f828	.data.rel.ro	_ZTVN7Walaber23Widget_ScrollableCameraE	
0x70f900	.data.rel.ro	_ZTIN7Walaber23Widget_ScrollableCameraE	
0x70f918	.data.rel.ro	_ZTVN7Walaber22Widget_ScrollableGroupE	
0x70f9f0	.data.rel.ro	_ZTIN7Walaber22Widget_ScrollableGroupE	
0x70fa08	.data.rel.ro	_ZTVN7Walaber20Widget_ScrollableSetE	
0x70fae0	.data.rel.ro	_ZTIN7Walaber20Widget_ScrollableSetE	
0x70faf8	.data.rel.ro	_ZTVN7Walaber13Widget_SliderE	
0x70fbd0	.data.rel.ro	_ZTIN7Walaber13Widget_SliderE	
0x70fbe8	.data.rel.ro	_ZTVN7Walaber17Widget_SlideWheelE	
0x70fcc0	.data.rel.ro	_ZTIN7Walaber17Widget_SlideWheelE	
0x70fcd8	.data.rel.ro	_ZTVN7Walaber14Widget_SpinnerE	
0x70fdb0	.data.rel.ro	_ZTIN7Walaber14Widget_SpinnerE	
0x70fdc8	.data.rel.ro	_ZTVN7Walaber18Widget_TimedButtonE	
0x70fea0	.data.rel.ro	_ZTIN7Walaber18Widget_TimedButtonE	
0x70feb8	.data.rel.ro	_ZTVN7Walaber13Widget_ToggleE	
0x70ff90	.data.rel.ro	_ZTIN7Walaber13Widget_ToggleE	
0x70ffa8	.data.rel.ro	_ZTVN7Walaber15ParticleEmitterE	
0x710000	.data.rel.ro	_ZTIN7Walaber15ParticleEmitterE	
0x710018	.data.rel.ro	_ZTVN7Walaber14MemberCallbackINS_15ParticleEmitterEEE	
0x710040	.data.rel.ro	_ZTIN7Walaber14MemberCallbackINS_15ParticleEmitterEEE	
0x710058	.data.rel.ro	_ZTVN7Walaber21ProgrammaticTexture2DE	
0x7100b8	.data.rel.ro	_ZTIN7Walaber9Utilities12noncopyable_11noncopyableE	
0x7100d0	.data.rel.ro	_ZTIN7Walaber7TextureE	
0x710100	.data.rel.ro	_ZTIN7Walaber21ProgrammaticTexture2DE	
0x710118	.data.rel.ro	_ZTVN7Walaber7TextureE	
0x710178	.data.rel.ro	_ZTVN7Walaber15RenderTexture2DE	
0x7101e0	.data.rel.ro	_ZTIN7Walaber15RenderTexture2DE	
0x7101f8	.data.rel.ro	_ZTVN7Walaber10SubtextureE	
0x710260	.data.rel.ro	_ZTIN7Walaber10SubtextureE	
0x710278	.data.rel.ro	_ZTVN7Walaber9Texture2DE	
0x7102e0	.data.rel.ro	_ZTIN7Walaber9Texture2DE	
0x7102f8	.data.rel.ro	_ZTVN7Walaber14MemberCallbackINS_9Texture2DEEE	
0x710320	.data.rel.ro	_ZTIN7Walaber14MemberCallbackINS_9Texture2DEEE	
0x710338	.data.rel.ro	_ZTVN7Walaber14MemberCallbackINS_14TextureManagerEEE	
0x710360	.data.rel.ro	_ZTIN7Walaber14MemberCallbackINS_14TextureManagerEEE	
0x710648	.data.rel.ro	_ZTVN7Walaber11FileManager16FH_ZipFileSystemE	
0x710680	.data.rel.ro	_ZTVN7Walaber11FileManager21FH_StandardFileSystemE	
0x7106b8	.data.rel.ro	_ZTIN7Walaber11FileManager11FileHandlerE	
0x7106d0	.data.rel.ro	_ZTIN7Walaber11FileManager21FH_StandardFileSystemE	
0x7106f0	.data.rel.ro	_ZTIN7Walaber11FileManager16FH_ZipFileSystemE	
0x710708	.data.rel.ro	_ZTVNSt6__ndk113basic_fstreamIcNS_11char_traitsIcEEEE	
0x710780	.data.rel.ro	_ZTINSt6__ndk19basic_iosIcNS_11char_traitsIcEEEE	
0x7107a0	.data.rel.ro	_ZTINSt6__ndk113basic_istreamIcNS_11char_traitsIcEEEE	
0x7107d0	.data.rel.ro	_ZTINSt6__ndk113basic_ostreamIcNS_11char_traitsIcEEEE	
0x710800	.data.rel.ro	_ZTINSt6__ndk114basic_iostreamIcNS_11char_traitsIcEEEE	
0x710840	.data.rel.ro	_ZTCNSt6__ndk113basic_fstreamIcNS_11char_traitsIcEEEE0_NS_13basic_istreamIcS2_EE	
0x710890	.data.rel.ro	_ZTINSt6__ndk113basic_fstreamIcNS_11char_traitsIcEEEE	
0x7108a8	.data.rel.ro	_ZTVNSt6__ndk113basic_filebufIcNS_11char_traitsIcEEEE	
0x710928	.data.rel.ro	_ZTINSt6__ndk115basic_streambufIcNS_11char_traitsIcEEEE	
0x710940	.data.rel.ro	_ZTINSt6__ndk113basic_filebufIcNS_11char_traitsIcEEEE	
0x710958	.data.rel.ro	_ZTVNSt6__ndk115basic_streambufIcNS_11char_traitsIcEEEE	
0x7109d8	.data.rel.ro	_ZTVN7Walaber14MemberCallbackINS_11XMLDocumentEEE	
0x710a00	.data.rel.ro	_ZTIN7Walaber14MemberCallbackINS_11XMLDocumentEEE	
0x710a18	.data.rel.ro	_ZTVN7Walaber11BezierCurveE	
0x710a80	.data.rel.ro	_ZTIN7Walaber5CurveE	
0x710a90	.data.rel.ro	_ZTIN7Walaber11BezierCurveE	
0x710aa8	.data.rel.ro	_ZTVN7Walaber5CurveE	
0x710b10	.data.rel.ro	_ZTVN7Walaber14MemberCallbackINS_12CurveManagerEEE	
0x710b40	.data.rel.ro	_ZTIN7Walaber14MemberCallbackINS_12CurveManagerEEE	
0x710b58	.data.rel.ro	_ZTVN7Walaber12HermiteCurveE	
0x710bc0	.data.rel.ro	_ZTIN7Walaber12HermiteCurveE	
0x710bd8	.data.rel.ro	_ZTVN7Walaber11LinearCurveE	
0x710c40	.data.rel.ro	_ZTIN7Walaber11LinearCurveE	
0x710c58	.data.rel.ro	_ZTVN7Walaber18TweenedLinearCurveE	
0x710cc0	.data.rel.ro	_ZTIN7Walaber18TweenedLinearCurveE	
0x710d60	.data.rel.ro	_ZTVN7Walaber15MessageReceiverE	
0x710d88	.data.rel.ro	_ZTIN7Walaber15MessageReceiverE	
0x710d98	.data.rel.ro	_ZTVN7Walaber12DrawableNodeE	
0x710e00	.data.rel.ro	_ZTIN7Walaber12DrawableNodeE	
0x710e18	.data.rel.ro	_ZTVN7Walaber4NodeE	
0x710e68	.data.rel.ro	_ZTIN7Walaber7PCSNodeE	
0x710e80	.data.rel.ro	_ZTIN7Walaber4NodeE	
0x710e98	.data.rel.ro	_ZTVN7Walaber7PCSNodeE	
0x710eb8	.data.rel.ro	_ZTVN7Walaber10TransitionE	
0x710ee8	.data.rel.ro	_ZTIN7Walaber10TransitionE	
0x710ef8	.data.rel.ro	_ZTVN7Walaber16Transition_BlockE	
0x710f30	.data.rel.ro	_ZTIN7Walaber16Transition_BlockE	
0x710f48	.data.rel.ro	_ZTVN7Walaber15Transition_FadeE	
0x710f80	.data.rel.ro	_ZTIN7Walaber15Transition_FadeE	
0x710f98	.data.rel.ro	_ZTVN7Walaber15Transition_IrisE	
0x710fd0	.data.rel.ro	_ZTIN7Walaber15Transition_IrisE	
0x710fe8	.data.rel.ro	_ZTVN7Walaber16Transition_SlideE	
0x711020	.data.rel.ro	_ZTIN7Walaber16Transition_SlideE	
0x711038	.data.rel.ro	_ZTVN7Walaber23Transition_Widget_SlideE	
0x711070	.data.rel.ro	_ZTIN7Walaber23Transition_Widget_SlideE	
0x711088	.data.rel.ro	_ZTVN7Walaber15Transition_WipeE	
0x7110c0	.data.rel.ro	_ZTIN7Walaber15Transition_WipeE	
0x7110d8	.data.rel.ro	_ZTVNSt6__ndk118basic_stringstreamIcNS_11char_traitsIcEENS_9allocatorIcEEEE	
0x711150	.data.rel.ro	_ZTCNSt6__ndk118basic_stringstreamIcNS_11char_traitsIcEENS_9allocatorIcEEEE0_NS_13basic_istreamIcS2_EE	
0x7111a0	.data.rel.ro	_ZTINSt6__ndk118basic_stringstreamIcNS_11char_traitsIcEENS_9allocatorIcEEEE	
0x7111b8	.data.rel.ro	_ZTVNSt6__ndk115basic_stringbufIcNS_11char_traitsIcEENS_9allocatorIcEEEE	
0x711240	.data.rel.ro	_ZTINSt6__ndk115basic_stringbufIcNS_11char_traitsIcEENS_9allocatorIcEEEE	
0x711258	.data.rel.ro	_ZTVNSt6__ndk114basic_ifstreamIcNS_11char_traitsIcEEEE	
0x7112b0	.data.rel.ro	_ZTCNSt6__ndk114basic_ifstreamIcNS_11char_traitsIcEEEE0_NS_13basic_istreamIcS2_EE	
0x711300	.data.rel.ro	_ZTINSt6__ndk114basic_ifstreamIcNS_11char_traitsIcEEEE	
0x711330	.data.rel.ro	_ZTVN7Walaber14MemberCallbackIN12WaterConcept9GameStateEEE	
0x711360	.data.rel.ro	_ZTIN7Walaber14MemberCallbackIN12WaterConcept9GameStateEEE	
0x711378	.data.rel.ro	_ZTVN7Walaber14MemberCallbackIN12WaterConcept18ParallaxPuppetShowEEE	
0x7113a0	.data.rel.ro	_ZTIN7Walaber14MemberCallbackIN12WaterConcept18ParallaxPuppetShowEEE	
0x7113b8	.data.rel.ro	_ZTVN12WaterConcept15PurchaseHandlerE	
0x7113e0	.data.rel.ro	_ZTIN12WaterConcept15PurchaseHandlerE	
0x7113f8	.data.rel.ro	_ZTVN7Walaber14MemberCallbackIN12WaterConcept5WorldEEE	
0x711420	.data.rel.ro	_ZTIN7Walaber14MemberCallbackIN12WaterConcept5WorldEEE	
0x711438	.data.rel.ro	_ZTVN12WaterConcept10AlgaeHiderE	
0x711520	.data.rel.ro	_ZTIN12WaterConcept10AlgaeHiderE	
0x711538	.data.rel.ro	_ZTVN12WaterConcept4BombE	
0x711620	.data.rel.ro	_ZTIN12WaterConcept4BombE	
0x711638	.data.rel.ro	_ZTVN7Walaber14MemberCallbackIN12WaterConcept4BombEEE	
0x711660	.data.rel.ro	_ZTIN7Walaber14MemberCallbackIN12WaterConcept4BombEEE	
0x711678	.data.rel.ro	_ZTVN7Walaber14MemberCallbackIN12WaterConcept17InteractiveObjectEEE	
0x7116a0	.data.rel.ro	_ZTIN7Walaber14MemberCallbackIN12WaterConcept17InteractiveObjectEEE	
0x7116b8	.data.rel.ro	_ZTVN12WaterConcept11CollectibleE	
0x7117a0	.data.rel.ro	_ZTIN12WaterConcept11CollectibleE	
0x7117b8	.data.rel.ro	_ZTVN12WaterConcept9DirtyWallE	
0x7118a0	.data.rel.ro	_ZTIN12WaterConcept9DirtyWallE	
0x7118b8	.data.rel.ro	_ZTVN12WaterConcept3FanE	
0x7119a0	.data.rel.ro	_ZTIN12WaterConcept3FanE	
0x7119b8	.data.rel.ro	_ZTVN12WaterConcept7FloaterE	
0x711ab0	.data.rel.ro	_ZTIN12WaterConcept7FloaterE	
0x711ac8	.data.rel.ro	_ZTVN12WaterConcept14FluidConverterE	
0x711bb0	.data.rel.ro	_ZTIN12WaterConcept14FluidConverterE	
0x711bc8	.data.rel.ro	_ZTVN7Walaber14MemberCallbackIN12WaterConcept14FluidConverterEEE	
0x711bf0	.data.rel.ro	_ZTIN7Walaber14MemberCallbackIN12WaterConcept14FluidConverterEEE	
0x711c08	.data.rel.ro	_ZTVN12WaterConcept6IcyHotE	
0x711cf0	.data.rel.ro	_ZTIN12WaterConcept6IcyHotE	
0x711d08	.data.rel.ro	_ZTVN12WaterConcept17InteractiveObjectE	
0x711df0	.data.rel.ro	_ZTIN12WaterConcept17InteractiveObjectE	
0x711e08	.data.rel.ro	_ZTVN12WaterConcept11MysteryCaveE	
0x711ef0	.data.rel.ro	_ZTIN12WaterConcept11MysteryCaveE	
0x711f08	.data.rel.ro	_ZTVN12WaterConcept5SpoutE	
0x711ff0	.data.rel.ro	_ZTIN12WaterConcept5SpoutE	
0x712008	.data.rel.ro	_ZTVN12WaterConcept8StarSeedE	
0x7120f0	.data.rel.ro	_ZTIN12WaterConcept8StarSeedE	
0x712108	.data.rel.ro	_ZTVN7Walaber14MemberCallbackIN12WaterConcept8StarSeedEEE	
0x712130	.data.rel.ro	_ZTIN7Walaber14MemberCallbackIN12WaterConcept8StarSeedEEE	
0x712148	.data.rel.ro	_ZTVN12WaterConcept6SwitchE	
0x712230	.data.rel.ro	_ZTIN12WaterConcept6SwitchE	
0x712248	.data.rel.ro	_ZTVN7Walaber14MemberCallbackIN12WaterConcept6SwitchEEE	
0x712270	.data.rel.ro	_ZTIN7Walaber14MemberCallbackIN12WaterConcept6SwitchEEE	
0x712288	.data.rel.ro	_ZTVN12WaterConcept12WaterBalloonE	
0x712380	.data.rel.ro	_ZTIN12WaterConcept12WaterBalloonE	
0x712398	.data.rel.ro	_ZTVN12WaterConcept7YSwitchE	
0x712480	.data.rel.ro	_ZTIN12WaterConcept7YSwitchE	
0x712498	.data.rel.ro	_ZTVN12WaterConcept20HDAssetsNotificationE	
0x712550	.data.rel.ro	_ZTIN12WaterConcept20HDAssetsNotificationE	
0x712588	.data.rel.ro	_ZTVN12WaterConcept15IAPNotificationE	
0x712640	.data.rel.ro	_ZTIN12WaterConcept15IAPNotificationE	
0x712678	.data.rel.ro	_ZTVN7Walaber14MemberCallbackIN12WaterConcept15IAPNotificationEEE	
0x7126a0	.data.rel.ro	_ZTIN7Walaber14MemberCallbackIN12WaterConcept15IAPNotificationEEE	
0x7126b8	.data.rel.ro	_ZTVN12WaterConcept12NotificationE	
0x712740	.data.rel.ro	_ZTIN7Walaber25WidgetManagerEventHandlerE	
0x712750	.data.rel.ro	_ZTIN12WaterConcept12NotificationE	
0x712768	.data.rel.ro	_ZTVN7Walaber14MemberCallbackIN12WaterConcept12NotificationEEE	
0x712790	.data.rel.ro	_ZTIN7Walaber14MemberCallbackIN12WaterConcept12NotificationEEE	
0x7127a8	.data.rel.ro	_ZTVN12WaterConcept21NotificationSingletonE	
0x712810	.data.rel.ro	_ZTIN12WaterConcept21NotificationSingletonE	
0x712848	.data.rel.ro	_ZTVN7Walaber25WidgetManagerEventHandlerE	
0x712868	.data.rel.ro	_ZTVN12WaterConcept19Screen_AchievementsE	
0x712968	.data.rel.ro	_ZTIN7Walaber10GameScreenE	
0x712980	.data.rel.ro	_ZTIN12WaterConcept8WCScreenE	
0x7129c0	.data.rel.ro	_ZTIN12WaterConcept19Screen_AchievementsE	
0x7129f8	.data.rel.ro	_ZTVN12WaterConcept8WCScreenE	
0x712ac0	.data.rel.ro	_ZTVN7Walaber14MemberCallbackIN12WaterConcept19Screen_AchievementsEEE	
0x712af0	.data.rel.ro	_ZTIN7Walaber14MemberCallbackIN12WaterConcept19Screen_AchievementsEEE	
0x712b08	.data.rel.ro	_ZTVN12WaterConcept23Screen_AchievementsTestE	
0x712be0	.data.rel.ro	_ZTIN12WaterConcept23Screen_AchievementsTestE	
0x712bf8	.data.rel.ro	_ZTVN7Walaber14MemberCallbackIN12WaterConcept23Screen_AchievementsTestEEE	
0x712c20	.data.rel.ro	_ZTIN7Walaber14MemberCallbackIN12WaterConcept23Screen_AchievementsTestEEE	
0x712c38	.data.rel.ro	_ZTVN12WaterConcept14Screen_AgeGateE	
0x712d40	.data.rel.ro	_ZTIN12WaterConcept14Screen_AgeGateE	
0x712d78	.data.rel.ro	_ZTVN7Walaber14MemberCallbackIN12WaterConcept14Screen_AgeGateEEE	
0x712da0	.data.rel.ro	_ZTIN7Walaber14MemberCallbackIN12WaterConcept14Screen_AgeGateEEE	
0x712db8	.data.rel.ro	_ZTVN12WaterConcept20Screen_AnimationTestE	
0x712e90	.data.rel.ro	_ZTIN12WaterConcept20Screen_AnimationTestE	
0x712ea8	.data.rel.ro	_ZTVN7Walaber14MemberCallbackIN12WaterConcept20Screen_AnimationTestEEE	
0x712ed0	.data.rel.ro	_ZTIN7Walaber14MemberCallbackIN12WaterConcept20Screen_AnimationTestEEE	
0x712ee8	.data.rel.ro	_ZTVN12WaterConcept17Screen_ChallengesE	
0x712ff0	.data.rel.ro	_ZTIN12WaterConcept17Screen_ChallengesE	
0x713028	.data.rel.ro	_ZTVN7Walaber14MemberCallbackIN12WaterConcept17Screen_ChallengesEEE	
0x713050	.data.rel.ro	_ZTIN7Walaber14MemberCallbackIN12WaterConcept17Screen_ChallengesEEE	
0x713068	.data.rel.ro	_ZTVN12WaterConcept19Screen_CollectiblesE	
0x713170	.data.rel.ro	_ZTIN12WaterConcept19Screen_CollectiblesE	
0x7131a8	.data.rel.ro	_ZTVN7Walaber14MemberCallbackIN12WaterConcept19Screen_CollectiblesEEE	
0x7131d0	.data.rel.ro	_ZTIN7Walaber14MemberCallbackIN12WaterConcept19Screen_CollectiblesEEE	
0x7131e8	.data.rel.ro	_ZTVN12WaterConcept17Screen_ComicStripE	
0x7132c0	.data.rel.ro	_ZTIN12WaterConcept17Screen_ComicStripE	
0x7132d8	.data.rel.ro	_ZTVN12WaterConcept14Screen_CreditsE	
0x7133e0	.data.rel.ro	_ZTIN12WaterConcept14Screen_CreditsE	
0x713418	.data.rel.ro	_ZTVN7Walaber14MemberCallbackIN12WaterConcept14Screen_CreditsEEE	
0x713440	.data.rel.ro	_ZTIN7Walaber14MemberCallbackIN12WaterConcept14Screen_CreditsEEE	
0x713458	.data.rel.ro	_ZTVN12WaterConcept15Screen_DialogueE	
0x713530	.data.rel.ro	_ZTIN12WaterConcept15Screen_DialogueE	
0x713548	.data.rel.ro	_ZTVN7Walaber14MemberCallbackIN12WaterConcept15Screen_DialogueEEE	
0x713570	.data.rel.ro	_ZTIN7Walaber14MemberCallbackIN12WaterConcept15Screen_DialogueEEE	
0x713588	.data.rel.ro	_ZTVN12WaterConcept13Screen_EditorE	
0x713660	.data.rel.ro	_ZTIN12WaterConcept13Screen_EditorE	
0x713678	.data.rel.ro	_ZTVN7Walaber14MemberCallbackIN12WaterConcept13Screen_EditorEEE	
0x7136a0	.data.rel.ro	_ZTIN7Walaber14MemberCallbackIN12WaterConcept13Screen_EditorEEE	
0x7136b8	.data.rel.ro	_ZTVN12WaterConcept25Screen_EditorObjectEditorE	
0x7137c0	.data.rel.ro	_ZTIN12WaterConcept25Screen_EditorObjectEditorE	
0x7137f8	.data.rel.ro	_ZTVN7Walaber14MemberCallbackIN12WaterConcept25Screen_EditorObjectEditorEEE	
0x713820	.data.rel.ro	_ZTIN7Walaber14MemberCallbackIN12WaterConcept25Screen_EditorObjectEditorEEE	
0x713838	.data.rel.ro	_ZTVN12WaterConcept25Screen_EditorObjectSelectE	
0x713940	.data.rel.ro	_ZTIN12WaterConcept25Screen_EditorObjectSelectE	
0x713978	.data.rel.ro	_ZTVN12WaterConcept18Screen_FoodPyramidE	
0x713a80	.data.rel.ro	_ZTIN12WaterConcept18Screen_FoodPyramidE	
0x713ab8	.data.rel.ro	_ZTVN7Walaber14MemberCallbackIN12WaterConcept18Screen_FoodPyramidEEE	
0x713ae0	.data.rel.ro	_ZTIN7Walaber14MemberCallbackIN12WaterConcept18Screen_FoodPyramidEEE	
0x713af8	.data.rel.ro	_ZTVN12WaterConcept22Screen_FullScreenAlertE	
0x713bd0	.data.rel.ro	_ZTIN12WaterConcept22Screen_FullScreenAlertE	
0x713be8	.data.rel.ro	_ZTVN7Walaber14MemberCallbackIN12WaterConcept22Screen_FullScreenAlertEEE	
0x713c10	.data.rel.ro	_ZTIN7Walaber14MemberCallbackIN12WaterConcept22Screen_FullScreenAlertEEE	
0x713c28	.data.rel.ro	_ZTVN12WaterConcept21Screen_GameTransitionE	
0x713d30	.data.rel.ro	_ZTIN12WaterConcept21Screen_GameTransitionE	
0x713d68	.data.rel.ro	_ZTVN7Walaber14MemberCallbackIN12WaterConcept21Screen_GameTransitionEEE	
0x713d90	.data.rel.ro	_ZTIN7Walaber14MemberCallbackIN12WaterConcept21Screen_GameTransitionEEE	
0x713da8	.data.rel.ro	_ZTVN12WaterConcept29Screen_GraphicsContextRestoreE	
0x713e80	.data.rel.ro	_ZTIN12WaterConcept29Screen_GraphicsContextRestoreE	
0x713e98	.data.rel.ro	_ZTVN12WaterConcept10Screen_HubE	
0x713fa0	.data.rel.ro	_ZTIN12WaterConcept10Screen_HubE	
0x713fd8	.data.rel.ro	_ZTVN7Walaber14MemberCallbackIN12WaterConcept10Screen_HubEEE	
0x714000	.data.rel.ro	_ZTIN7Walaber14MemberCallbackIN12WaterConcept10Screen_HubEEE	
0x714018	.data.rel.ro	_ZTVN12WaterConcept20Screen_InAppPurchaseE	
0x714120	.data.rel.ro	_ZTIN12WaterConcept20Screen_InAppPurchaseE	
0x714158	.data.rel.ro	_ZTVN7Walaber14MemberCallbackIN12WaterConcept20Screen_InAppPurchaseEEE	
0x714180	.data.rel.ro	_ZTIN7Walaber14MemberCallbackIN12WaterConcept20Screen_InAppPurchaseEEE	
0x714198	.data.rel.ro	_ZTVN12WaterConcept16Screen_LanguagesE	
0x7142a0	.data.rel.ro	_ZTIN12WaterConcept16Screen_LanguagesE	
0x7142d8	.data.rel.ro	_ZTVN7Walaber14MemberCallbackIN12WaterConcept16Screen_LanguagesEEE	
0x714300	.data.rel.ro	_ZTIN7Walaber14MemberCallbackIN12WaterConcept16Screen_LanguagesEEE	
0x714318	.data.rel.ro	_ZTVN12WaterConcept18Screen_LevelSelectE	
0x714420	.data.rel.ro	_ZTIN12WaterConcept18Screen_LevelSelectE	
0x714458	.data.rel.ro	_ZTVN7Walaber14MemberCallbackIN12WaterConcept18Screen_LevelSelectEEE	
0x714480	.data.rel.ro	_ZTIN7Walaber14MemberCallbackIN12WaterConcept18Screen_LevelSelectEEE	
0x714498	.data.rel.ro	_ZTVN12WaterConcept14Screen_LoadingE	
0x7145a0	.data.rel.ro	_ZTIN12WaterConcept14Screen_LoadingE	
0x7145d8	.data.rel.ro	_ZTVN7Walaber14MemberCallbackIN12WaterConcept14Screen_LoadingEEE	
0x714600	.data.rel.ro	_ZTIN7Walaber14MemberCallbackIN12WaterConcept14Screen_LoadingEEE	
0x714618	.data.rel.ro	_ZTVN7Walaber14MemberCallbackIN12WaterConcept21NotificationSingletonEEE	
0x714640	.data.rel.ro	_ZTIN7Walaber14MemberCallbackIN12WaterConcept21NotificationSingletonEEE	
0x714658	.data.rel.ro	_ZTVN12WaterConcept15Screen_MainMenuE	
0x714760	.data.rel.ro	_ZTIN12WaterConcept15Screen_MainMenuE	
0x714798	.data.rel.ro	_ZTVN7Walaber14MemberCallbackIN12WaterConcept15Screen_MainMenuEEE	
0x7147c0	.data.rel.ro	_ZTIN7Walaber14MemberCallbackIN12WaterConcept15Screen_MainMenuEEE	
0x7147d8	.data.rel.ro	_ZTVN12WaterConcept18Screen_MainMenu_v2E	
0x7148e0	.data.rel.ro	_ZTIN12WaterConcept18Screen_MainMenu_v2E	
0x714918	.data.rel.ro	_ZTVN7Walaber14MemberCallbackIN12WaterConcept18Screen_MainMenu_v2EEE	
0x714940	.data.rel.ro	_ZTIN7Walaber14MemberCallbackIN12WaterConcept18Screen_MainMenu_v2EEE	
0x714958	.data.rel.ro	_ZTVN12WaterConcept18Screen_MenuOverlayE	
0x714a30	.data.rel.ro	_ZTIN12WaterConcept18Screen_MenuOverlayE	
0x714a48	.data.rel.ro	_ZTVN7Walaber14MemberCallbackIN12WaterConcept18Screen_MenuOverlayEEE	
0x714a70	.data.rel.ro	_ZTIN7Walaber14MemberCallbackIN12WaterConcept18Screen_MenuOverlayEEE	
0x714a88	.data.rel.ro	_ZTVN12WaterConcept22Screen_MusicCollectionE	
0x714b90	.data.rel.ro	_ZTIN12WaterConcept22Screen_MusicCollectionE	
0x714bc8	.data.rel.ro	_ZTVN7Walaber14MemberCallbackIN12WaterConcept22Screen_MusicCollectionEEE	
0x714bf0	.data.rel.ro	_ZTIN7Walaber14MemberCallbackIN12WaterConcept22Screen_MusicCollectionEEE	
0x714c08	.data.rel.ro	_ZTVN12WaterConcept18Screen_MysteryShowE	
0x714ce0	.data.rel.ro	_ZTIN12WaterConcept18Screen_MysteryShowE	
0x714cf8	.data.rel.ro	_ZTVN7Walaber14MemberCallbackIN12WaterConcept18Screen_MysteryShowEEE	
0x714d20	.data.rel.ro	_ZTIN7Walaber14MemberCallbackIN12WaterConcept18Screen_MysteryShowEEE	
0x714d38	.data.rel.ro	_ZTVN12WaterConcept21Screen_NoteChallengesE	
0x714e40	.data.rel.ro	_ZTIN12WaterConcept21Screen_NoteChallengesE	
0x714e78	.data.rel.ro	_ZTVN7Walaber14MemberCallbackIN12WaterConcept21Screen_NoteChallengesEEE	
0x714ea0	.data.rel.ro	_ZTIN7Walaber14MemberCallbackIN12WaterConcept21Screen_NoteChallengesEEE	
0x714eb8	.data.rel.ro	_ZTVN12WaterConcept22Screen_PerformanceTestE	
0x714f80	.data.rel.ro	_ZTIN12WaterConcept22Screen_PerformanceTestE	
0x714f98	.data.rel.ro	_ZTVN7Walaber14MemberCallbackIN12WaterConcept22Screen_PerformanceTestEEE	
0x714fc0	.data.rel.ro	_ZTIN7Walaber14MemberCallbackIN12WaterConcept22Screen_PerformanceTestEEE	
0x714fd8	.data.rel.ro	_ZTVN12WaterConcept16Screen_PerryDemoE	
0x7150e0	.data.rel.ro	_ZTIN12WaterConcept16Screen_PerryDemoE	
0x715118	.data.rel.ro	_ZTVN7Walaber14MemberCallbackIN12WaterConcept16Screen_PerryDemoEEE	
0x715140	.data.rel.ro	_ZTIN7Walaber14MemberCallbackIN12WaterConcept16Screen_PerryDemoEEE	
0x715158	.data.rel.ro	_ZTVN12WaterConcept12Screen_PopupE	
0x715260	.data.rel.ro	_ZTIN12WaterConcept12Screen_PopupE	
0x715298	.data.rel.ro	_ZTVN7Walaber14MemberCallbackIN12WaterConcept12Screen_PopupEEE	
0x7152c0	.data.rel.ro	_ZTIN7Walaber14MemberCallbackIN12WaterConcept12Screen_PopupEEE	
0x7152d8	.data.rel.ro	_ZTVN12WaterConcept17Screen_ProcessingE	
0x7153e0	.data.rel.ro	_ZTIN12WaterConcept17Screen_ProcessingE	
0x715418	.data.rel.ro	_ZTVN7Walaber14MemberCallbackIN12WaterConcept17Screen_ProcessingEEE	
0x715440	.data.rel.ro	_ZTIN7Walaber14MemberCallbackIN12WaterConcept17Screen_ProcessingEEE	
0x715458	.data.rel.ro	_ZTVN12WaterConcept17Screen_PuppetShowE	
0x715530	.data.rel.ro	_ZTIN12WaterConcept17Screen_PuppetShowE	
0x715548	.data.rel.ro	_ZTVN7Walaber14MemberCallbackIN12WaterConcept17Screen_PuppetShowEEE	
0x715570	.data.rel.ro	_ZTIN7Walaber14MemberCallbackIN12WaterConcept17Screen_PuppetShowEEE	
0x715588	.data.rel.ro	_ZTVN12WaterConcept15Screen_SettingsE	
0x715690	.data.rel.ro	_ZTIN12WaterConcept15Screen_SettingsE	
0x7156c8	.data.rel.ro	_ZTVN7Walaber14MemberCallbackIN12WaterConcept15Screen_SettingsEEE	
0x7156f0	.data.rel.ro	_ZTIN7Walaber14MemberCallbackIN12WaterConcept15Screen_SettingsEEE	
0x715708	.data.rel.ro	_ZTVN12WaterConcept22Screen_SettingsProfileE	
0x715810	.data.rel.ro	_ZTIN12WaterConcept22Screen_SettingsProfileE	
0x715848	.data.rel.ro	_ZTVN7Walaber14MemberCallbackIN12WaterConcept22Screen_SettingsProfileEEE	
0x715870	.data.rel.ro	_ZTIN7Walaber14MemberCallbackIN12WaterConcept22Screen_SettingsProfileEEE	
0x715888	.data.rel.ro	_ZTVN12WaterConcept20Screen_SettingsResetE	
0x715990	.data.rel.ro	_ZTIN12WaterConcept20Screen_SettingsResetE	
0x7159c8	.data.rel.ro	_ZTVN7Walaber14MemberCallbackIN12WaterConcept20Screen_SettingsResetEEE	
0x7159f0	.data.rel.ro	_ZTIN7Walaber14MemberCallbackIN12WaterConcept20Screen_SettingsResetEEE	
0x715a08	.data.rel.ro	_ZTVN12WaterConcept13Screen_SunsetE	
0x715b10	.data.rel.ro	_ZTIN12WaterConcept13Screen_SunsetE	
0x715b48	.data.rel.ro	_ZTVN7Walaber14MemberCallbackIN12WaterConcept13Screen_SunsetEEE	
0x715b70	.data.rel.ro	_ZTIN7Walaber14MemberCallbackIN12WaterConcept13Screen_SunsetEEE	
0x715b88	.data.rel.ro	_ZTVN12WaterConcept13Screen_UpsellE	
0x715c90	.data.rel.ro	_ZTIN12WaterConcept13Screen_UpsellE	
0x715cc8	.data.rel.ro	_ZTVN7Walaber14MemberCallbackIN12WaterConcept13Screen_UpsellEEE	
0x715cf0	.data.rel.ro	_ZTIN7Walaber14MemberCallbackIN12WaterConcept13Screen_UpsellEEE	
0x715d08	.data.rel.ro	_ZTVN12WaterConcept19Screen_UpsellWater2E	
0x715e10	.data.rel.ro	_ZTIN12WaterConcept19Screen_UpsellWater2E	
0x715e48	.data.rel.ro	_ZTVN7Walaber14MemberCallbackIN12WaterConcept19Screen_UpsellWater2EEE	
0x715e70	.data.rel.ro	_ZTIN7Walaber14MemberCallbackIN12WaterConcept19Screen_UpsellWater2EEE	
0x715e88	.data.rel.ro	_ZTVN12WaterConcept16Screen_WaterTestE	
0x715f90	.data.rel.ro	_ZTIN12WaterConcept16Screen_WaterTestE	
0x715fc8	.data.rel.ro	_ZTVN7Walaber14MemberCallbackIN12WaterConcept16Screen_WaterTestEEE	
0x715ff0	.data.rel.ro	_ZTIN7Walaber14MemberCallbackIN12WaterConcept16Screen_WaterTestEEE	
0x716008	.data.rel.ro	_ZTVN12WaterConcept18Screen_WorldSelectE	
0x716110	.data.rel.ro	_ZTIN12WaterConcept18Screen_WorldSelectE	
0x716148	.data.rel.ro	_ZTVN7Walaber14MemberCallbackIN12WaterConcept18Screen_WorldSelectEEE	
0x716170	.data.rel.ro	_ZTIN7Walaber14MemberCallbackIN12WaterConcept18Screen_WorldSelectEEE	
0x7161c0	.data.rel.ro	_ZTVN7Walaber14MemberCallbackIN12WaterConcept22CustomTransitionLoaderEEE	
0x7161f0	.data.rel.ro	_ZTIN7Walaber14MemberCallbackIN12WaterConcept22CustomTransitionLoaderEEE	
0x716208	.data.rel.ro	_ZTVSt16nested_exception	
0x716228	.data.rel.ro	_ZTISt16nested_exception	
0x716238	.data.rel.ro	_ZTVNSt6__ndk19basic_iosIcNS_11char_traitsIcEEEE	
0x716258	.data.rel.ro	_ZTVNSt6__ndk19basic_iosIwNS_11char_traitsIwEEEE	
0x716278	.data.rel.ro	_ZTVNSt6__ndk115basic_streambufIwNS_11char_traitsIwEEEE	
0x7162f8	.data.rel.ro	_ZTVNSt6__ndk113basic_istreamIcNS_11char_traitsIcEEEE	
0x716348	.data.rel.ro	_ZTTNSt6__ndk113basic_istreamIcNS_11char_traitsIcEEEE	
0x716358	.data.rel.ro	_ZTVNSt6__ndk113basic_istreamIwNS_11char_traitsIwEEEE	
0x7163a8	.data.rel.ro	_ZTTNSt6__ndk113basic_istreamIwNS_11char_traitsIwEEEE	
0x7163b8	.data.rel.ro	_ZTVNSt6__ndk113basic_ostreamIcNS_11char_traitsIcEEEE	
0x716408	.data.rel.ro	_ZTTNSt6__ndk113basic_ostreamIcNS_11char_traitsIcEEEE	
0x716418	.data.rel.ro	_ZTVNSt6__ndk113basic_ostreamIwNS_11char_traitsIwEEEE	
0x716468	.data.rel.ro	_ZTTNSt6__ndk113basic_ostreamIwNS_11char_traitsIwEEEE	
0x716478	.data.rel.ro	_ZTVNSt6__ndk114basic_iostreamIcNS_11char_traitsIcEEEE	
0x7164f0	.data.rel.ro	_ZTTNSt6__ndk114basic_iostreamIcNS_11char_traitsIcEEEE	
0x716528	.data.rel.ro	_ZTVNSt6__ndk18ios_base7failureE	
0x716550	.data.rel.ro	_ZTVNSt6__ndk18ios_baseE	
0x716570	.data.rel.ro	_ZTINSt6__ndk18ios_base7failureE	
0x716588	.data.rel.ro	_ZTINSt6__ndk18ios_baseE	
0x7165a0	.data.rel.ro	_ZTINSt6__ndk19basic_iosIwNS_11char_traitsIwEEEE	
0x7165b8	.data.rel.ro	_ZTINSt6__ndk115basic_streambufIwNS_11char_traitsIwEEEE	
0x7165d0	.data.rel.ro	_ZTINSt6__ndk113basic_istreamIwNS_11char_traitsIwEEEE	
0x716600	.data.rel.ro	_ZTINSt6__ndk113basic_ostreamIwNS_11char_traitsIwEEEE	
0x716630	.data.rel.ro	_ZTCNSt6__ndk114basic_iostreamIcNS_11char_traitsIcEEEE0_NS_13basic_istreamIcS2_EE	
0x716680	.data.rel.ro	_ZTCNSt6__ndk114basic_iostreamIcNS_11char_traitsIcEEEE16_NS_13basic_ostreamIcS2_EE	
0x7169b8	.data.rel.ro	_ZTVNSt6__ndk17collateIcEE	
0x7169f8	.data.rel.ro	_ZTVNSt6__ndk17collateIwEE	
0x716a38	.data.rel.ro	_ZTVNSt6__ndk17num_getIcNS_19istreambuf_iteratorIcNS_11char_traitsIcEEEEEE	
0x716ab8	.data.rel.ro	_ZTVNSt6__ndk17num_getIwNS_19istreambuf_iteratorIwNS_11char_traitsIwEEEEEE	
0x716b38	.data.rel.ro	_ZTVNSt6__ndk17num_putIcNS_19ostreambuf_iteratorIcNS_11char_traitsIcEEEEEE	
0x716ba0	.data.rel.ro	_ZTVNSt6__ndk17num_putIwNS_19ostreambuf_iteratorIwNS_11char_traitsIwEEEEEE	
0x716c08	.data.rel.ro	_ZTVNSt6__ndk18time_getIcNS_19istreambuf_iteratorIcNS_11char_traitsIcEEEEEE	
0x716cb0	.data.rel.ro	_ZTVNSt6__ndk18time_getIwNS_19istreambuf_iteratorIwNS_11char_traitsIwEEEEEE	
0x716d58	.data.rel.ro	_ZTVNSt6__ndk115time_get_bynameIcNS_19istreambuf_iteratorIcNS_11char_traitsIcEEEEEE	
0x716e38	.data.rel.ro	_ZTVNSt6__ndk115time_get_bynameIwNS_19istreambuf_iteratorIwNS_11char_traitsIwEEEEEE	
0x716f18	.data.rel.ro	_ZTVNSt6__ndk18time_putIcNS_19ostreambuf_iteratorIcNS_11char_traitsIcEEEEEE	
0x716f48	.data.rel.ro	_ZTVNSt6__ndk18time_putIwNS_19ostreambuf_iteratorIwNS_11char_traitsIwEEEEEE	
0x716f78	.data.rel.ro	_ZTVNSt6__ndk115time_put_bynameIcNS_19ostreambuf_iteratorIcNS_11char_traitsIcEEEEEE	
0x716fa8	.data.rel.ro	_ZTVNSt6__ndk115time_put_bynameIwNS_19ostreambuf_iteratorIwNS_11char_traitsIwEEEEEE	
0x716fd8	.data.rel.ro	_ZTVNSt6__ndk110moneypunctIcLb0EEE	
0x717048	.data.rel.ro	_ZTVNSt6__ndk110moneypunctIcLb1EEE	
0x7170b8	.data.rel.ro	_ZTVNSt6__ndk110moneypunctIwLb0EEE	
0x717128	.data.rel.ro	_ZTVNSt6__ndk110moneypunctIwLb1EEE	
0x717198	.data.rel.ro	_ZTVNSt6__ndk117moneypunct_bynameIcLb0EEE	
0x717208	.data.rel.ro	_ZTVNSt6__ndk117moneypunct_bynameIcLb1EEE	
0x717278	.data.rel.ro	_ZTVNSt6__ndk117moneypunct_bynameIwLb0EEE	
0x7172e8	.data.rel.ro	_ZTVNSt6__ndk117moneypunct_bynameIwLb1EEE	
0x717358	.data.rel.ro	_ZTVNSt6__ndk19money_getIcNS_19istreambuf_iteratorIcNS_11char_traitsIcEEEEEE	
0x717390	.data.rel.ro	_ZTVNSt6__ndk19money_getIwNS_19istreambuf_iteratorIwNS_11char_traitsIwEEEEEE	
0x7173c8	.data.rel.ro	_ZTVNSt6__ndk19money_putIcNS_19ostreambuf_iteratorIcNS_11char_traitsIcEEEEEE	
0x717400	.data.rel.ro	_ZTVNSt6__ndk19money_putIwNS_19ostreambuf_iteratorIwNS_11char_traitsIwEEEEEE	
0x717438	.data.rel.ro	_ZTVNSt6__ndk18messagesIcEE	
0x717478	.data.rel.ro	_ZTVNSt6__ndk18messagesIwEE	
0x7174b8	.data.rel.ro	_ZTVNSt6__ndk115messages_bynameIcEE	
0x7174f8	.data.rel.ro	_ZTVNSt6__ndk115messages_bynameIwEE	
0x717538	.data.rel.ro	_ZTVNSt6__ndk114codecvt_bynameIcc9mbstate_tEE	
0x717598	.data.rel.ro	_ZTVNSt6__ndk114codecvt_bynameIwc9mbstate_tEE	
0x7175f8	.data.rel.ro	_ZTVNSt6__ndk114codecvt_bynameIDsc9mbstate_tEE	
0x717658	.data.rel.ro	_ZTVNSt6__ndk114codecvt_bynameIDic9mbstate_tEE	
0x7176e0	.data.rel.ro	_ZTVNSt6__ndk114collate_bynameIcEE	
0x717720	.data.rel.ro	_ZTVNSt6__ndk114collate_bynameIwEE	
0x717760	.data.rel.ro	_ZTVNSt6__ndk15ctypeIcEE	
0x7177c8	.data.rel.ro	_ZTVNSt6__ndk112ctype_bynameIcEE	
0x717830	.data.rel.ro	_ZTVNSt6__ndk112ctype_bynameIwEE	
0x7178b8	.data.rel.ro	_ZTVNSt6__ndk17codecvtIwc9mbstate_tEE	
0x717918	.data.rel.ro	_ZTVNSt6__ndk18numpunctIcEE	
0x717968	.data.rel.ro	_ZTVNSt6__ndk18numpunctIwEE	
0x7179b8	.data.rel.ro	_ZTVNSt6__ndk115numpunct_bynameIcEE	
0x717a08	.data.rel.ro	_ZTVNSt6__ndk115numpunct_bynameIwEE	
0x717a58	.data.rel.ro	_ZTVNSt6__ndk16locale5facetE	
0x717a80	.data.rel.ro	_ZTINSt6__ndk16locale5facetE	
0x717a98	.data.rel.ro	_ZTVNSt6__ndk15ctypeIwEE	
0x717b20	.data.rel.ro	_ZTINSt6__ndk110ctype_baseE	
0x717b30	.data.rel.ro	_ZTINSt6__ndk15ctypeIwEE	
0x717b68	.data.rel.ro	_ZTVNSt6__ndk17codecvtIcc9mbstate_tEE	
0x717bc8	.data.rel.ro	_ZTINSt6__ndk112codecvt_baseE	
0x717be0	.data.rel.ro	_ZTINSt6__ndk17codecvtIcc9mbstate_tEE	
0x717c18	.data.rel.ro	_ZTVNSt6__ndk17codecvtIDsc9mbstate_tEE	
0x717c80	.data.rel.ro	_ZTINSt6__ndk17codecvtIDsc9mbstate_tEE	
0x717cb8	.data.rel.ro	_ZTVNSt6__ndk17codecvtIDic9mbstate_tEE	
0x717d20	.data.rel.ro	_ZTINSt6__ndk17codecvtIDic9mbstate_tEE	
0x717d58	.data.rel.ro	_ZTVNSt6__ndk116__narrow_to_utf8ILm16EEE	
0x717dc0	.data.rel.ro	_ZTINSt6__ndk116__narrow_to_utf8ILm16EEE	
0x717dd8	.data.rel.ro	_ZTVNSt6__ndk116__narrow_to_utf8ILm32EEE	
0x717e40	.data.rel.ro	_ZTINSt6__ndk116__narrow_to_utf8ILm32EEE	
0x717e58	.data.rel.ro	_ZTVNSt6__ndk117__widen_from_utf8ILm16EEE	
0x717ec0	.data.rel.ro	_ZTINSt6__ndk117__widen_from_utf8ILm16EEE	
0x717ed8	.data.rel.ro	_ZTVNSt6__ndk117__widen_from_utf8ILm32EEE	
0x717f40	.data.rel.ro	_ZTINSt6__ndk117__widen_from_utf8ILm32EEE	
0x717f58	.data.rel.ro	_ZTVNSt6__ndk114__codecvt_utf8IwEE	
0x717fc0	.data.rel.ro	_ZTINSt6__ndk17codecvtIwc9mbstate_tEE	
0x718000	.data.rel.ro	_ZTINSt6__ndk114__codecvt_utf8IwEE	
0x718018	.data.rel.ro	_ZTVNSt6__ndk114__codecvt_utf8IDsEE	
0x718080	.data.rel.ro	_ZTINSt6__ndk114__codecvt_utf8IDsEE	
0x718098	.data.rel.ro	_ZTVNSt6__ndk114__codecvt_utf8IDiEE	
0x718100	.data.rel.ro	_ZTINSt6__ndk114__codecvt_utf8IDiEE	
0x718118	.data.rel.ro	_ZTVNSt6__ndk115__codecvt_utf16IwLb0EEE	
0x718180	.data.rel.ro	_ZTINSt6__ndk115__codecvt_utf16IwLb0EEE	
0x718198	.data.rel.ro	_ZTVNSt6__ndk115__codecvt_utf16IwLb1EEE	
0x718200	.data.rel.ro	_ZTINSt6__ndk115__codecvt_utf16IwLb1EEE	
0x718218	.data.rel.ro	_ZTVNSt6__ndk115__codecvt_utf16IDsLb0EEE	
0x718280	.data.rel.ro	_ZTINSt6__ndk115__codecvt_utf16IDsLb0EEE	
0x718298	.data.rel.ro	_ZTVNSt6__ndk115__codecvt_utf16IDsLb1EEE	
0x718300	.data.rel.ro	_ZTINSt6__ndk115__codecvt_utf16IDsLb1EEE	
0x718318	.data.rel.ro	_ZTVNSt6__ndk115__codecvt_utf16IDiLb0EEE	
0x718380	.data.rel.ro	_ZTINSt6__ndk115__codecvt_utf16IDiLb0EEE	
0x718398	.data.rel.ro	_ZTVNSt6__ndk115__codecvt_utf16IDiLb1EEE	
0x718400	.data.rel.ro	_ZTINSt6__ndk115__codecvt_utf16IDiLb1EEE	
0x718418	.data.rel.ro	_ZTVNSt6__ndk120__codecvt_utf8_utf16IwEE	
0x718480	.data.rel.ro	_ZTINSt6__ndk120__codecvt_utf8_utf16IwEE	
0x718498	.data.rel.ro	_ZTVNSt6__ndk120__codecvt_utf8_utf16IDiEE	
0x718500	.data.rel.ro	_ZTINSt6__ndk120__codecvt_utf8_utf16IDiEE	
0x718518	.data.rel.ro	_ZTVNSt6__ndk120__codecvt_utf8_utf16IDsEE	
0x718580	.data.rel.ro	_ZTINSt6__ndk120__codecvt_utf8_utf16IDsEE	
0x7185c0	.data.rel.ro	_ZTINSt6__ndk17collateIcEE	
0x7185e0	.data.rel.ro	_ZTINSt6__ndk114collate_bynameIcEE	
0x718600	.data.rel.ro	_ZTINSt6__ndk17collateIwEE	
0x718620	.data.rel.ro	_ZTINSt6__ndk114collate_bynameIwEE	
0x718640	.data.rel.ro	_ZTINSt6__ndk15ctypeIcEE	
0x718680	.data.rel.ro	_ZTINSt6__ndk112ctype_bynameIcEE	
0x7186a0	.data.rel.ro	_ZTINSt6__ndk112ctype_bynameIwEE	
0x7186c0	.data.rel.ro	_ZTINSt6__ndk18numpunctIcEE	
0x7186e0	.data.rel.ro	_ZTINSt6__ndk18numpunctIwEE	
0x718700	.data.rel.ro	_ZTINSt6__ndk115numpunct_bynameIcEE	
0x718720	.data.rel.ro	_ZTINSt6__ndk115numpunct_bynameIwEE	
0x718738	.data.rel.ro	_ZTINSt6__ndk114__num_get_baseE	
0x718750	.data.rel.ro	_ZTINSt6__ndk19__num_getIcEE	
0x718780	.data.rel.ro	_ZTINSt6__ndk17num_getIcNS_19istreambuf_iteratorIcNS_11char_traitsIcEEEEEE	
0x7187c0	.data.rel.ro	_ZTINSt6__ndk19__num_getIwEE	
0x7187f0	.data.rel.ro	_ZTINSt6__ndk17num_getIwNS_19istreambuf_iteratorIwNS_11char_traitsIwEEEEEE	
0x718828	.data.rel.ro	_ZTINSt6__ndk114__num_put_baseE	
0x718840	.data.rel.ro	_ZTINSt6__ndk19__num_putIcEE	
0x718870	.data.rel.ro	_ZTINSt6__ndk17num_putIcNS_19ostreambuf_iteratorIcNS_11char_traitsIcEEEEEE	
0x7188b0	.data.rel.ro	_ZTINSt6__ndk19__num_putIwEE	
0x7188e0	.data.rel.ro	_ZTINSt6__ndk17num_putIwNS_19ostreambuf_iteratorIwNS_11char_traitsIwEEEEEE	
0x718918	.data.rel.ro	_ZTINSt6__ndk19time_baseE	
0x718928	.data.rel.ro	_ZTINSt6__ndk120__time_get_c_storageIcEE	
0x718940	.data.rel.ro	_ZTINSt6__ndk18time_getIcNS_19istreambuf_iteratorIcNS_11char_traitsIcEEEEEE	
0x718988	.data.rel.ro	_ZTINSt6__ndk120__time_get_c_storageIwEE	
0x7189a0	.data.rel.ro	_ZTINSt6__ndk18time_getIwNS_19istreambuf_iteratorIwNS_11char_traitsIwEEEEEE	
0x7189e8	.data.rel.ro	_ZTINSt6__ndk110__time_getE	
0x718a00	.data.rel.ro	_ZTINSt6__ndk118__time_get_storageIcEE	
0x718a20	.data.rel.ro	_ZTINSt6__ndk115time_get_bynameIcNS_19istreambuf_iteratorIcNS_11char_traitsIcEEEEEE	
0x718a60	.data.rel.ro	_ZTINSt6__ndk118__time_get_storageIwEE	
0x718a80	.data.rel.ro	_ZTINSt6__ndk115time_get_bynameIwNS_19istreambuf_iteratorIwNS_11char_traitsIwEEEEEE	
0x718ab8	.data.rel.ro	_ZTINSt6__ndk110__time_putE	
0x718ad0	.data.rel.ro	_ZTINSt6__ndk18time_putIcNS_19ostreambuf_iteratorIcNS_11char_traitsIcEEEEEE	
0x718b10	.data.rel.ro	_ZTINSt6__ndk18time_putIwNS_19ostreambuf_iteratorIwNS_11char_traitsIwEEEEEE	
0x718b50	.data.rel.ro	_ZTINSt6__ndk115time_put_bynameIcNS_19ostreambuf_iteratorIcNS_11char_traitsIcEEEEEE	
0x718b70	.data.rel.ro	_ZTINSt6__ndk115time_put_bynameIwNS_19ostreambuf_iteratorIwNS_11char_traitsIwEEEEEE	
0x718b88	.data.rel.ro	_ZTINSt6__ndk110money_baseE	
0x718ba0	.data.rel.ro	_ZTINSt6__ndk110moneypunctIcLb0EEE	
0x718be0	.data.rel.ro	_ZTINSt6__ndk110moneypunctIcLb1EEE	
0x718c20	.data.rel.ro	_ZTINSt6__ndk110moneypunctIwLb0EEE	
0x718c60	.data.rel.ro	_ZTINSt6__ndk110moneypunctIwLb1EEE	
0x718ca0	.data.rel.ro	_ZTINSt6__ndk117moneypunct_bynameIcLb0EEE	
0x718cc0	.data.rel.ro	_ZTINSt6__ndk117moneypunct_bynameIcLb1EEE	
0x718ce0	.data.rel.ro	_ZTINSt6__ndk117moneypunct_bynameIwLb0EEE	
0x718d00	.data.rel.ro	_ZTINSt6__ndk117moneypunct_bynameIwLb1EEE	
0x718d18	.data.rel.ro	_ZTINSt6__ndk111__money_getIcEE	
0x718d30	.data.rel.ro	_ZTINSt6__ndk19money_getIcNS_19istreambuf_iteratorIcNS_11char_traitsIcEEEEEE	
0x718d68	.data.rel.ro	_ZTINSt6__ndk111__money_getIwEE	
0x718d80	.data.rel.ro	_ZTINSt6__ndk19money_getIwNS_19istreambuf_iteratorIwNS_11char_traitsIwEEEEEE	
0x718db8	.data.rel.ro	_ZTINSt6__ndk111__money_putIcEE	
0x718dd0	.data.rel.ro	_ZTINSt6__ndk19money_putIcNS_19ostreambuf_iteratorIcNS_11char_traitsIcEEEEEE	
0x718e08	.data.rel.ro	_ZTINSt6__ndk111__money_putIwEE	
0x718e20	.data.rel.ro	_ZTINSt6__ndk19money_putIwNS_19ostreambuf_iteratorIwNS_11char_traitsIwEEEEEE	
0x718e58	.data.rel.ro	_ZTINSt6__ndk113messages_baseE	
0x718e70	.data.rel.ro	_ZTINSt6__ndk18messagesIcEE	
0x718eb0	.data.rel.ro	_ZTINSt6__ndk18messagesIwEE	
0x718ef0	.data.rel.ro	_ZTINSt6__ndk115messages_bynameIcEE	
0x718f10	.data.rel.ro	_ZTINSt6__ndk115messages_bynameIwEE	
0x718f30	.data.rel.ro	_ZTINSt6__ndk114codecvt_bynameIcc9mbstate_tEE	
0x718f50	.data.rel.ro	_ZTINSt6__ndk114codecvt_bynameIwc9mbstate_tEE	
0x718f70	.data.rel.ro	_ZTINSt6__ndk114codecvt_bynameIDsc9mbstate_tEE	
0x718f90	.data.rel.ro	_ZTINSt6__ndk114codecvt_bynameIDic9mbstate_tEE	
0x7190c8	.data.rel.ro	_ZTVNSt6__ndk112bad_weak_ptrE	
0x7190f0	.data.rel.ro	_ZTINSt6__ndk112bad_weak_ptrE	
0x719108	.data.rel.ro	_ZTVNSt6__ndk114__shared_countE	
0x719130	.data.rel.ro	_ZTINSt6__ndk114__shared_countE	
0x719140	.data.rel.ro	_ZTVNSt6__ndk119__shared_weak_countE	
0x719180	.data.rel.ro	_ZTINSt6__ndk119__shared_weak_countE	
0x7191a8	.data.rel.ro	_ZTVNSt6__ndk114error_categoryE	
0x7191f0	.data.rel.ro	_ZTVNSt6__ndk112system_errorE	
0x719220	.data.rel.ro	_ZTINSt6__ndk112system_errorE	
0x719238	.data.rel.ro	_ZTINSt6__ndk114error_categoryE	
0x719368	.data.rel.ro	_ZTVNSt6__ndk112future_errorE	
0x719390	.data.rel.ro	_ZTINSt6__ndk112future_errorE	
0x7193a8	.data.rel.ro	_ZTVNSt6__ndk117__assoc_sub_stateE	
0x7193e0	.data.rel.ro	_ZTINSt6__ndk117__assoc_sub_stateE	
0x719460	.data.rel.ro	_ZTIN10__cxxabiv116__shim_type_infoE	
0x719480	.data.rel.ro	_ZTIN10__cxxabiv117__class_type_infoE	
0x7194a0	.data.rel.ro	_ZTIN10__cxxabiv117__pbase_type_infoE	
0x7194c0	.data.rel.ro	_ZTIN10__cxxabiv119__pointer_type_infoE	
0x7194e0	.data.rel.ro	_ZTIN10__cxxabiv120__function_type_infoE	
0x719500	.data.rel.ro	_ZTIN10__cxxabiv129__pointer_to_member_type_infoE	
0x719518	.data.rel.ro	_ZTVN10__cxxabiv116__shim_type_infoE	
0x719550	.data.rel.ro	_ZTVN10__cxxabiv123__fundamental_type_infoE	
0x719590	.data.rel.ro	_ZTIN10__cxxabiv123__fundamental_type_infoE	
0x7195a8	.data.rel.ro	_ZTIv	
0x7195c0	.data.rel.ro	_ZTIPv	
0x7195e0	.data.rel.ro	_ZTIPKv	
0x719600	.data.rel.ro	_ZTIDn	
0x719610	.data.rel.ro	_ZTIPDn	
0x719630	.data.rel.ro	_ZTIPKDn	
0x719650	.data.rel.ro	_ZTIb	
0x719660	.data.rel.ro	_ZTIPb	
0x719680	.data.rel.ro	_ZTIPKb	
0x7196a0	.data.rel.ro	_ZTIw	
0x7196b0	.data.rel.ro	_ZTIPw	
0x7196d0	.data.rel.ro	_ZTIPKw	
0x7196f0	.data.rel.ro	_ZTIc	
0x719700	.data.rel.ro	_ZTIPc	
0x719720	.data.rel.ro	_ZTIPKc	
0x719740	.data.rel.ro	_ZTIh	
0x719750	.data.rel.ro	_ZTIPh	
0x719770	.data.rel.ro	_ZTIPKh	
0x719790	.data.rel.ro	_ZTIa	
0x7197a0	.data.rel.ro	_ZTIPa	
0x7197c0	.data.rel.ro	_ZTIPKa	
0x7197e0	.data.rel.ro	_ZTIs	
0x7197f0	.data.rel.ro	_ZTIPs	
0x719810	.data.rel.ro	_ZTIPKs	
0x719830	.data.rel.ro	_ZTIt	
0x719840	.data.rel.ro	_ZTIPt	
0x719860	.data.rel.ro	_ZTIPKt	
0x719880	.data.rel.ro	_ZTIi	
0x719890	.data.rel.ro	_ZTIPi	
0x7198b0	.data.rel.ro	_ZTIPKi	
0x7198d0	.data.rel.ro	_ZTIj	
0x7198e0	.data.rel.ro	_ZTIPj	
0x719900	.data.rel.ro	_ZTIPKj	
0x719920	.data.rel.ro	_ZTIl	
0x719930	.data.rel.ro	_ZTIPl	
0x719950	.data.rel.ro	_ZTIPKl	
0x719970	.data.rel.ro	_ZTIm	
0x719980	.data.rel.ro	_ZTIPm	
0x7199a0	.data.rel.ro	_ZTIPKm	
0x7199c0	.data.rel.ro	_ZTIx	
0x7199d0	.data.rel.ro	_ZTIPx	
0x7199f0	.data.rel.ro	_ZTIPKx	
0x719a10	.data.rel.ro	_ZTIy	
0x719a20	.data.rel.ro	_ZTIPy	
0x719a40	.data.rel.ro	_ZTIPKy	
0x719a60	.data.rel.ro	_ZTIn	
0x719a70	.data.rel.ro	_ZTIPn	
0x719a90	.data.rel.ro	_ZTIPKn	
0x719ab0	.data.rel.ro	_ZTIo	
0x719ac0	.data.rel.ro	_ZTIPo	
0x719ae0	.data.rel.ro	_ZTIPKo	
0x719b00	.data.rel.ro	_ZTIDh	
0x719b10	.data.rel.ro	_ZTIPDh	
0x719b30	.data.rel.ro	_ZTIPKDh	
0x719b50	.data.rel.ro	_ZTIf	
0x719b60	.data.rel.ro	_ZTIPf	
0x719b80	.data.rel.ro	_ZTIPKf	
0x719ba0	.data.rel.ro	_ZTId	
0x719bb0	.data.rel.ro	_ZTIPd	
0x719bd0	.data.rel.ro	_ZTIPKd	
0x719bf0	.data.rel.ro	_ZTIe	
0x719c00	.data.rel.ro	_ZTIPe	
0x719c20	.data.rel.ro	_ZTIPKe	
0x719c40	.data.rel.ro	_ZTIg	
0x719c50	.data.rel.ro	_ZTIPg	
0x719c70	.data.rel.ro	_ZTIPKg	
0x719c90	.data.rel.ro	_ZTIDu	
0x719ca0	.data.rel.ro	_ZTIPDu	
0x719cc0	.data.rel.ro	_ZTIPKDu	
0x719ce0	.data.rel.ro	_ZTIDs	
0x719cf0	.data.rel.ro	_ZTIPDs	
0x719d10	.data.rel.ro	_ZTIPKDs	
0x719d30	.data.rel.ro	_ZTIDi	
0x719d40	.data.rel.ro	_ZTIPDi	
0x719d60	.data.rel.ro	_ZTIPKDi	
0x719d80	.data.rel.ro	_ZTVN10__cxxabiv117__array_type_infoE	
0x719dc0	.data.rel.ro	_ZTIN10__cxxabiv117__array_type_infoE	
0x719dd8	.data.rel.ro	_ZTVN10__cxxabiv120__function_type_infoE	
0x719e10	.data.rel.ro	_ZTVN10__cxxabiv116__enum_type_infoE	
0x719e50	.data.rel.ro	_ZTIN10__cxxabiv116__enum_type_infoE	
0x719e68	.data.rel.ro	_ZTVN10__cxxabiv117__class_type_infoE	
0x719eb8	.data.rel.ro	_ZTVN10__cxxabiv120__si_class_type_infoE	
0x719f10	.data.rel.ro	_ZTIN10__cxxabiv120__si_class_type_infoE	
0x719f28	.data.rel.ro	_ZTVN10__cxxabiv121__vmi_class_type_infoE	
0x719f80	.data.rel.ro	_ZTIN10__cxxabiv121__vmi_class_type_infoE	
0x719f98	.data.rel.ro	_ZTVN10__cxxabiv117__pbase_type_infoE	
0x719fd0	.data.rel.ro	_ZTVN10__cxxabiv119__pointer_type_infoE	
0x71a008	.data.rel.ro	_ZTVN10__cxxabiv129__pointer_to_member_type_infoE	
0x71a040	.data.rel.ro	_ZTVSt9bad_alloc	
0x71a068	.data.rel.ro	_ZTVSt20bad_array_new_length	
0x71a090	.data.rel.ro	_ZTVSt16bad_array_length	
0x71a0b8	.data.rel.ro	_ZTVSt9exception	
0x71a0e0	.data.rel.ro	_ZTISt9exception	
0x71a0f0	.data.rel.ro	_ZTVSt13bad_exception	
0x71a120	.data.rel.ro	_ZTISt13bad_exception	
0x71a140	.data.rel.ro	_ZTISt9bad_alloc	
0x71a160	.data.rel.ro	_ZTISt16bad_array_length	
0x71a180	.data.rel.ro	_ZTISt20bad_array_new_length	
0x71a198	.data.rel.ro	_ZTVSt11logic_error	
0x71a1c0	.data.rel.ro	_ZTVSt13runtime_error	
0x71a1e8	.data.rel.ro	_ZTVSt12domain_error	
0x71a210	.data.rel.ro	_ZTISt11logic_error	
0x71a230	.data.rel.ro	_ZTISt12domain_error	
0x71a248	.data.rel.ro	_ZTVSt16invalid_argument	
0x71a270	.data.rel.ro	_ZTISt16invalid_argument	
0x71a288	.data.rel.ro	_ZTVSt12length_error	
0x71a2b0	.data.rel.ro	_ZTISt12length_error	
0x71a2c8	.data.rel.ro	_ZTVSt12out_of_range	
0x71a2f0	.data.rel.ro	_ZTISt12out_of_range	
0x71a308	.data.rel.ro	_ZTVSt11range_error	
0x71a330	.data.rel.ro	_ZTISt13runtime_error	
0x71a350	.data.rel.ro	_ZTISt11range_error	
0x71a368	.data.rel.ro	_ZTVSt14overflow_error	
0x71a390	.data.rel.ro	_ZTISt14overflow_error	
0x71a3a8	.data.rel.ro	_ZTVSt15underflow_error	
0x71a3d0	.data.rel.ro	_ZTISt15underflow_error	
0x71a3e8	.data.rel.ro	_ZTVSt8bad_cast	
0x71a410	.data.rel.ro	_ZTVSt10bad_typeid	
0x71a438	.data.rel.ro	_ZTVSt9type_info	
0x71a458	.data.rel.ro	_ZTISt9type_info	
0x71a470	.data.rel.ro	_ZTISt8bad_cast	
0x71a490	.data.rel.ro	_ZTISt10bad_typeid	
0x72a7b0	.data	_ZN7Walaber12CircleHelper8mSegStepE	
0x72a7b4	.data	_ZN7Walaber10QuadHelper6mVertsE	
0x72a7d4	.data	_ZN7Walaber10QuadHelper10mTexCoordsE	
0x72a7f4	.data	_ZN7Walaber10QuadHelper16mCustomTexCoordsE	
0x72a814	.data	_ZN7Walaber10QuadHelper7mColorsE	
0x72a824	.data	_ZN7Walaber12WidgetHelper14numTextureTagsE	
0x72a888	.data	_ZN7Walaber13ScreenManager11mLayerCountE	
0x72a88c	.data	_ZN7Walaber13ScreenManager23mCurrentTransitionPhaseE	
0x72a890	.data	_ZN21WaterConceptConstants20MaterialDescriptionsE	
0x72a980	.data	_ZN12WaterConcept12GameSettings24CurrentDeviceOrientationE	
0x72a984	.data	_ZN12WaterConcept12GameSettings15TargetFramerateE	
0x72a988	.data	_ZN12WaterConcept12GameSettings19AllowDeviceRotationE	
0x72a98c	.data	_ZN12WaterConcept12GameSettings21currentLevelPackIndexE	
0x72a990	.data	_ZN12WaterConcept12GameSettings23mSupportsMenuAnimationsE	
0x72a994	.data	_ZN12WaterConcept12GameSettings23currentLevelChallengeIDE	
0x72a998	.data	_ZN12WaterConcept12GameSettings13waterDemoModeE	
0x72a99c	.data	_ZN12WaterConcept12GameSettings20lastChallengeAttemptE	
0x72a9a0	.data	_ZN12WaterConcept12GameSettings7musicOnE	
0x72a9a1	.data	_ZN12WaterConcept12GameSettings7soundOnE	
0x72a9a4	.data	_ZN12WaterConcept12GameSettings18currentADStoryLineE	
0x72a9a8	.data	_ZN12WaterConcept12GameSettings19mAllowNotificationsE	
0x72a9ac	.data	_ZN12WaterConcept12GameSettings12ADShownTimesE	
0x72a9b8	.data	_ZN12WaterConcept12GameSettings10currentAgeE	
0x72a9bc	.data	_ZN12WaterConcept14Screen_Loading19mAtlasesToLoadCountE	
0x72a9c0	.data	_ZN12WaterConcept14Screen_Loading13mLoadingAlphaE	
0x72a9c4	.data	_ZN12WaterConcept14Screen_Loading14mMenuLoadStateE	
0x72a9c8	.data	_ZN12WaterConcept15Screen_MainMenu19mAtlasesToLoadCountE	
0x72a9cc	.data	_ZN12WaterConcept15Screen_MainMenu13mLoadingAlphaE	
0x72a9d0	.data	_ZN12WaterConcept26sendReferalStoreImpressionE	
0x72a9d8	.data	_ZN12WaterConcept18Screen_MainMenu_v224SubscreenIdentifierNamesE	
0x72cde8	.bss	_ZZN7Walaber10GraphicsGL8getStateEvE5state	
0x72ce28	.bss	_ZGVZN7Walaber10GraphicsGL8getStateEvE5state	
0x72cfb8	.bss	_ZZN3ndk18ApplicationContext11getInstanceEvE7context	
0x72d0a0	.bss	_ZGVZN3ndk18ApplicationContext11getInstanceEvE7context	
0x72d688	.bss	_ZN7Walaber15DatabaseManager11databaseMapE	
0x72d6a0	.bss	_ZN7Walaber15DatabaseManager19mSqlScriptCallbacksE	
0x72d6b8	.bss	_ZN7Walaber15DatabaseManager24mSqlScriptErrorCallbacksE	
0x72d6d0	.bss	_ZN7Walaber18AchievementManager23AchievementDBFieldNamesE	
0x72d7a8	.bss	_ZN7Walaber8Skeleton12mCallbackMapE	
0x72d7c0	.bss	_ZN7Walaber12SoundManager12mInstancePtrE	
0x72d7c8	.bss	_ZN7Walaber13mDefaultPropsE	
0x72d818	.bss	_ZN7Walaber15PlatformManager15PlatformStringsE	
0x72d878	.bss	_ZN7Walaber15PlatformManager8instanceE	
0x72d880	.bss	_ZN7Walaber11ScreenCoord11sScreenSizeE	
0x72d888	.bss	_ZN7Walaber11ScreenCoord10sDesignResE	
0x72d890	.bss	_ZN7Walaber11ScreenCoord11sResConvertE	
0x72d898	.bss	_ZN7Walaber11ScreenCoord15sRealScreenSizeE	
0x72d8a0	.bss	_ZN7Walaber11ScreenCoord18sRealScreenConvertE	
0x72d8a8	.bss	_ZN7Walaber10BitmapFont6mVertsE	
0x72d8f8	.bss	_ZN7Walaber10BitmapFont10mUTF8BytesE	
0x72d8fc	.bss	_ZN7Walaber12CircleHelper6mVertsE	
0x72dbfc	.bss	_ZN7Walaber12CircleHelper11mVertColorsE	
0x72dd80	.bss	_ZN7Walaber11FontManager8instanceE	
0x72dd88	.bss	_ZN7Walaber6Widget13widgetEnumMapE	
0x72dda0	.bss	_ZN7Walaber12WidgetHelper12mCallbackMapE	
0x72ddb8	.bss	_ZN7Walaber12WidgetHelper12mFilesToReadE	
0x72ddd0	.bss	_ZN7Walaber12WidgetHelper11mPrototypesE	
0x72dde8	.bss	_ZN7Walaber12WidgetHelper11texturePathE	
0x72de00	.bss	_ZN7Walaber12WidgetHelper10currentDocE	
0x72de08	.bss	_ZN7Walaber12WidgetHelper11textureTagsE	
0x72df40	.bss	_ZN7Walaber9Texture2D23ERROR_TEXTURE_FILE_NAMEE	
0x72df58	.bss	_ZN7Walaber9Texture2D17TEXTURE_SCALE_KEYE	
0x72df70	.bss	_ZN7Walaber14TextureManager20mSupportedExtensionsE	
0x72dfb8	.bss	_ZN7Walaber14TextureManager5inst_E	
0x7303d8	.bss	_ZN7Walaber11FileManager9sInstanceE	
0x7303e0	.bss	_ZN7Walaber11XMLDocument18ROOT_NODE_NAME_KEYE	
0x7303f8	.bss	_ZN7Walaber12ZipUtilities18mUserStoreBasePathE	
0x730418	.bss	_ZN7Walaber12CurveManager9_instanceE	
0x730420	.bss	_ZN7Walaber27Message_AchievementUnlocked26kPropAchievementIdentifierE	
0x730438	.bss	_ZN7Walaber27Message_AchievementUnlocked23kPropAchievementPercentE	
0x730450	.bss	_ZN7Walaber27Message_AchievementUnlocked21kPropAchievementIsNewE	
0x730468	.bss	_ZN7Walaber16BroadcastManager12mInstancePtrE	
0x730470	.bss	_ZN7Walaber11PushCommand12sm_pInstanceE	
0x730478	.bss	_ZN7Walaber8DeepLink23sm_mapDeepLinkedScreensE	
0x730490	.bss	_ZN7Walaber8DeepLink17sm_bIsInitialisedE	
0x730498	.bss	_ZN7Walaber13ScreenManager12mScreenStackE	
0x7304b0	.bss	_ZN7Walaber13ScreenManager9mPrepListE	
0x7304c8	.bss	_ZN7Walaber13ScreenManager15mFlushRequestedE	
0x7304c9	.bss	_ZN7Walaber13ScreenManager15mBackKeyPressedE	
0x7304cc	.bss	_ZN7Walaber13ScreenManager12mFlushMethodE	
0x7304d0	.bss	_ZN7Walaber13ScreenManager16mPreDrawCallbackE	
0x7304e0	.bss	_ZN7Walaber13ScreenManager17mPostDrawCallbackE	
0x7304f0	.bss	_ZN7Walaber13ScreenManager18mPreUpdateCallbackE	
0x730500	.bss	_ZN7Walaber13ScreenManager19mPostUpdateCallbackE	
0x730510	.bss	_ZN7Walaber13ScreenManager28mTouchFirstResponderCallbackE	
0x730520	.bss	_ZN7Walaber13ScreenManager16mLoaderFunctionsE	
0x730538	.bss	_ZN7Walaber13ScreenManager12mTransitionsE	
0x730550	.bss	_ZN7Walaber16TransitionLoader20mTransitionFunctionsE	
0x730568	.bss	_ZN7Walaber10Transition8tk_colorE	
0x730580	.bss	_ZN7Walaber10Transition14tk_pauseLengthE	
0x730598	.bss	_ZN7Walaber10Transition11tk_fontNameE	
0x7305b0	.bss	_ZN7Walaber10Transition11tk_fontTextE	
0x7305c8	.bss	_ZN7Walaber10Transition10tk_fontPosE	
0x7305e0	.bss	_ZN7Walaber10Transition12tk_fontScaleE	
0x7305f8	.bss	_ZN7Walaber10Transition12tk_fontColorE	
0x730610	.bss	_ZN7Walaber10Transition20tk_fontJustificationE	
0x730628	.bss	_ZN7Walaber10Transition18tk_blockDimensionsE	
0x730640	.bss	_ZN7Walaber10Transition17tk_irisBladeCountE	
0x730658	.bss	_ZN7Walaber10Transition18tk_irisTextureNameE	
0x730670	.bss	_ZN7Walaber10Transition15tk_irisMaxAngleE	
0x730688	.bss	_ZN7Walaber10Transition19tk_slideMaskTextureE	
0x7306a0	.bss	_ZN7Walaber10Transition16tk_slideMaskSizeE	
0x7306b8	.bss	_ZN7Walaber10Transition17tk_slideDirectionE	
0x7306d0	.bss	_ZN7Walaber10Transition16tk_wipeDirectionE	
0x7306e8	.bss	_ZN7Walaber10Transition18tk_wipeDirectionInE	
0x730700	.bss	_ZN7Walaber10Transition19tk_wipeDirectionOutE	
0x730718	.bss	_ZN7Walaber10Transition21tk_highestWidgetIndexE	
0x730730	.bss	_ZN7Walaber10Transition20tk_numScreensInStackE	
0x730748	.bss	_ZN7Walaber10Transition19tk_slideDirectionInE	
0x730760	.bss	_ZN7Walaber10Transition20tk_slideDirectionOutE	
0x730778	.bss	_ZN7Walaber10Transition15tk_slideStaggerE	
0x730790	.bss	_ZN7Walaber10Transition10tk_blockInE	
0x7307a8	.bss	_ZN7Walaber10Transition9tk_fadeInE	
0x7307c0	.bss	_ZN7Walaber10Transition9tk_irisInE	
0x7307d8	.bss	_ZN7Walaber10Transition10tk_slideInE	
0x7307f0	.bss	_ZN7Walaber10Transition9tk_wipeInE	
0x730808	.bss	_ZN7Walaber10Transition16tk_widgetSlideInE	
0x730820	.bss	_ZN7Walaber10Transition11tk_blockOutE	
0x730838	.bss	_ZN7Walaber10Transition10tk_fadeOutE	
0x730850	.bss	_ZN7Walaber10Transition10tk_irisOutE	
0x730868	.bss	_ZN7Walaber10Transition11tk_slideOutE	
0x730880	.bss	_ZN7Walaber10Transition10tk_wipeOutE	
0x730898	.bss	_ZN7Walaber10Transition17tk_widgetSlideOutE	
0x7308b0	.bss	_ZN7Walaber11TextManager11mDictionaryE	
0x7308c8	.bss	_ZN7Walaber11TextManager10mSubtitlesE	
0x7308e0	.bss	_ZN7Walaber11TextManager16mCurrentLanguageE	
0x7308e8	.bss	_ZN7Walaber11TextManager16mLanguagesToLoadE	
0x730900	.bss	_ZN7Walaber6Logger21mMinimalSeverityToLogE	
0x730908	.bss	_ZN7Walaber12ValueTweaker11mTweakablesE	
0x7323ac	.bss	_ZZN7Walaber10GraphicsGL13getExtensionsEvE10extensions	
0x7323b0	.bss	_ZGVZN7Walaber10GraphicsGL13getExtensionsEvE10extensions	
0x733e40	.bss	_ZN21WaterConceptConstants7GRAVITYE	
0x733e48	.bss	_ZN21WaterConceptConstants31PORTAL_TOUCH_SIZE_IN_GRID_CELLSE	
0x733e50	.bss	_ZN21WaterConceptConstants19SWAMPY_SPOUT_OFFSETE	
0x733e58	.bss	_ZN21WaterConceptConstants13SWAMPY_OFFSETE	
0x733e60	.bss	_ZN21WaterConceptConstants13CRANKY_OFFSETE	
0x733e68	.bss	_ZN21WaterConceptConstants12ALLIE_OFFSETE	
0x733e70	.bss	_ZN21WaterConceptConstants19CRANKY_SPOUT_OFFSETE	
0x733e78	.bss	_ZN21WaterConceptConstants18CRANKY_FOOD_OFFSETE	
0x733e80	.bss	_ZN21WaterConceptConstants10TILE_SPEEDE	
0x733e88	.bss	_ZN21WaterConceptConstants15SETTINGS_OFFSETE	
0x733e90	.bss	_ZN21WaterConceptConstants20IAP_AD_SERVER_VERIFYE	
0x733ea8	.bss	_ZN21WaterConceptConstants18LevelEditorPaletteE	
0x733ee0	.bss	_ZN21WaterConceptConstants17FluidDescriptionsE	
0x735dc8	.bss	_ZN12WaterConcept12GameSettings17currentLevelIndexE	
0x735dcc	.bss	_ZN12WaterConcept12GameSettings18currentScreenIndexE	
0x735dd0	.bss	_ZN12WaterConcept12GameSettings16currentLevelNameE	
0x735de8	.bss	_ZN12WaterConcept12GameSettings20currentLevelPackNameE	
0x735e00	.bss	_ZN12WaterConcept12GameSettings28currentLevelPackFacebookNameE	
0x735e18	.bss	_ZN12WaterConcept12GameSettings21selectedLevelPackNameE	
0x735e30	.bss	_ZN12WaterConcept12GameSettings16currentStorylineE	
0x735e34	.bss	_ZN12WaterConcept12GameSettings13lastStorylineE	
0x735e38	.bss	_ZN12WaterConcept12GameSettings19currentLevelIsBonusE	
0x735e39	.bss	_ZN12WaterConcept12GameSettings20currentLevelIsSecretE	
0x735e3a	.bss	_ZN12WaterConcept12GameSettings18currentLevelIsMystE	
0x735e3b	.bss	_ZN12WaterConcept12GameSettings19currentLevelIsAllieE	
0x735e3c	.bss	_ZN12WaterConcept12GameSettings19platinumDuckEngagedE	
0x735e3d	.bss	_ZN12WaterConcept12GameSettings18currentLevelIsLOTWE	
0x735e40	.bss	_ZN12WaterConcept12GameSettings15promotionSuffixE	
0x735e58	.bss	_ZN12WaterConcept12GameSettings11themeSuffixE	
0x735e70	.bss	_ZN12WaterConcept12GameSettings10duckSuffixE	
0x735e88	.bss	_ZN12WaterConcept12GameSettings10mLevelListE	
0x735ea0	.bss	_ZN12WaterConcept12GameSettings15ContentBasePathE	
0x735eb8	.bss	_ZN12WaterConcept12GameSettings17UserStoreBasePathE	
0x735ed0	.bss	_ZN12WaterConcept12GameSettings14systemLanguageE	
0x735ed4	.bss	_ZN12WaterConcept12GameSettings10currentSKUE	
0x735ed8	.bss	_ZN12WaterConcept12GameSettings15currentADFlavorE	
0x735ee0	.bss	_ZN12WaterConcept12GameSettings15currentADScreenE	
0x735ef8	.bss	_ZN12WaterConcept12GameSettings20mLOTWSwampyLevelNameE	
0x735f10	.bss	_ZN12WaterConcept12GameSettings20mLOTWCrankyLevelNameE	
0x735f28	.bss	_ZN12WaterConcept12GameSettings21mLOTWMysteryLevelNameE	
0x735f40	.bss	_ZN12WaterConcept12GameSettings19mLOTWAllieLevelNameE	
0x735f58	.bss	_ZN12WaterConcept12GameSettings18mLOTWFeepLevelNameE	
0x735f70	.bss	_ZN12WaterConcept12GameSettings20mCurrentLOWStoryLineE	
0x735f78	.bss	_ZN12WaterConcept12GameSettings19mLOTWSwampyFileNameE	
0x735f90	.bss	_ZN12WaterConcept12GameSettings19mLOTWCrankyFileNameE	
0x735fa8	.bss	_ZN12WaterConcept12GameSettings20mLOTWMysteryFileNameE	
0x735fc0	.bss	_ZN12WaterConcept12GameSettings18mLOTWAllieFileNameE	
0x735fd8	.bss	_ZN12WaterConcept12GameSettings17mLOTWFeepFileNameE	
0x735ff0	.bss	_ZN12WaterConcept12GameSettings22currentPhotoFinishDuckE	
0x735ff4	.bss	_ZN12WaterConcept12GameSettings21mShowLOTWNotificationE	
0x735ff5	.bss	_ZN12WaterConcept12GameSettings13marketingModeE	
0x735ff8	.bss	_ZN12WaterConcept12GameSettings12duckLockModeE	
0x735ffc	.bss	_ZN12WaterConcept12GameSettings13greyscaleModeE	
0x736000	.bss	_ZN12WaterConcept12GameSettings9jumpLevelE	
0x736018	.bss	_ZN12WaterConcept12GameSettings13mReloadSwampyE	
0x736019	.bss	_ZN12WaterConcept12GameSettings20mShowingNotificationE	
0x73601c	.bss	_ZN12WaterConcept12GameSettings21menuEntriesUntilPopupE	
0x736020	.bss	_ZN12WaterConcept12GameSettings15enabledFeaturesE	
0x736023	.bss	_ZN12WaterConcept12GameSettings11aboveMinAgeE	
0x736028	.bss	_ZZN12WaterConcept21NotificationSingleton14getInstancePtrEvE8instance	
0x736168	.bss	_ZGVZN12WaterConcept21NotificationSingleton14getInstancePtrEvE8instance	
0x739680	.bss	_ZN12WaterConcept20PlayerDataSerializer14mLevelPackInfoE	
0x739698	.bss	_ZN12WaterConcept20PlayerDataSerializer10mLevelInfoE	
0x7396b0	.bss	_ZN12WaterConcept20PlayerDataSerializer16mAchievementInfoE	
0x7396c8	.bss	_ZN12WaterConcept20PlayerDataSerializer16mCollectibleInfoE	
0x7396e0	.bss	_ZN12WaterConcept20PlayerDataSerializer20mCrankyChallengeInfoE	
0x7396f8	.bss	_ZN12WaterConcept20PlayerDataSerializer15mCrankyFoodInfoE	
0x739710	.bss	_ZN12WaterConcept20PlayerDataSerializer15mAllieMusicInfoE	
0x739728	.bss	_ZN12WaterConcept20PlayerDataSerializer19mAllieChallengeInfoE	
0x739740	.bss	_ZZN7Walaber18AchievementManager14getInstancePtrEvE8instance	
0x7397d8	.bss	_ZGVZN7Walaber18AchievementManager14getInstancePtrEvE8instance	
0x73b268	.bss	_ZN12WaterConcept15PurchaseHandler12mInstancePtrE	
0x73e788	.bss	_ZZN7Walaber16CharacterManager14getInstancePtrEvE8instance	
0x73e7a0	.bss	_ZGVZN7Walaber16CharacterManager14getInstancePtrEvE8instance	
0x73e7a8	.bss	_ZZN12WaterConcept5World10_walkStripINS_19ConsiderSameDefaultEEEvNS_8GridCellES3_S3_iT_NS0_12EdgeTypeFlagERNSt6__ndk16vectorIN7Walaber19PositionTextureVertENS6_9allocatorIS9_EEEERNS7_INS8_17PositionColorVertENSA_ISE_EEEEiN21WaterConceptConstants14CollisionLayerEiE7stripID	
0x73e7ac	.bss	_ZZN12WaterConcept5World10_walkStripINS_23ConsiderSameRockOutlineEEEvNS_8GridCellES3_S3_iT_NS0_12EdgeTypeFlagERNSt6__ndk16vectorIN7Walaber19PositionTextureVertENS6_9allocatorIS9_EEEERNS7_INS8_17PositionColorVertENSA_ISE_EEEEiN21WaterConceptConstants14CollisionLayerEiE7stripID	
0x73e7b0	.bss	_ZZN12WaterConcept5World10_walkStripINS_15ConsiderSameAllEEEvNS_8GridCellES3_S3_iT_NS0_12EdgeTypeFlagERNSt6__ndk16vectorIN7Walaber19PositionTextureVertENS6_9allocatorIS9_EEEERNS7_INS8_17PositionColorVertENSA_ISE_EEEEiN21WaterConceptConstants14CollisionLayerEiE7stripID	
0x73e7b4	.bss	_ZZN12WaterConcept5World10_walkStripINS_17ConsiderSameAlgaeEEEvNS_8GridCellES3_S3_iT_NS0_12EdgeTypeFlagERNSt6__ndk16vectorIN7Walaber19PositionTextureVertENS6_9allocatorIS9_EEEERNS7_INS8_17PositionColorVertENSA_ISE_EEEEiN21WaterConceptConstants14CollisionLayerEiE7stripID	
0x74d680	.bss	_ZN12WaterConcept17InteractiveObject20mPropertiesCallbacksE	
0x74f128	.bss	_ZN12WaterConcept11MysteryCave8sRockTexE	
0x74f138	.bss	_ZN12WaterConcept11MysteryCave14sRockTexCoordsE	
0x74f148	.bss	_ZN12WaterConcept11MysteryCave11sRockTexUVsE	
0x74f158	.bss	_ZN12WaterConcept11MysteryCave12sRockTexInitE	
0x764a50	.bss	_ZN12WaterConcept20Screen_AnimationTest15SKELETON_ACTORSE	
0x77a3f8	.bss	_ZN12WaterConcept10Screen_Hub16iapNamesToUnlockE	
0x77a428	.bss	_ZN12WaterConcept10Screen_Hub28HUB_ACTION_TO_WIDGET_REF_MAPE	
0x77f3d8	.bss	_ZN12WaterConcept18Screen_LevelSelect26mCalendarLevelIconTexturesE	
0x77f420	.bss	_ZN12WaterConcept18Screen_LevelSelect25mCalendarLevelIconSpritesE	
0x77f468	.bss	_ZN12WaterConcept18Screen_LevelSelect18mTreasureLidSpriteE	
0x77f480	.bss	_ZN12WaterConcept18Screen_LevelSelect19mTreasureBodySpriteE	
0x780f20	.bss	_ZN12WaterConcept14Screen_Loading14mAtlasesToLoadE	
0x7812e0	.bss	_ZN12WaterConcept14Screen_Loading13mCurrentAtlasE	
0x7812e4	.bss	_ZN12WaterConcept14Screen_Loading15mNumUpdateStepsE	
0x7812e8	.bss	_ZN12WaterConcept14Screen_Loading18mGotNumUpdateStepsE	
0x7812e9	.bss	_ZN12WaterConcept14Screen_Loading15mRebuildWidgetsE	
0x7812ea	.bss	_ZN12WaterConcept14Screen_Loading14mFontsReloadedE	
0x7812f0	.bss	_ZN12WaterConcept14Screen_Loading18mMenuWidgetManagerE	
0x7812f8	.bss	_ZN12WaterConcept14Screen_Loading11mRemoteDataE	
0x781310	.bss	_ZN12WaterConcept14Screen_Loading16mUpdatedDatabaseE	
0x782da0	.bss	_ZN12WaterConcept15Screen_MainMenu14mAtlasesToLoadE	
0x783180	.bss	_ZN12WaterConcept15Screen_MainMenu13mCurrentAtlasE	
0x783184	.bss	_ZN12WaterConcept15Screen_MainMenu15mNumUpdateStepsE	
0x783188	.bss	_ZN12WaterConcept15Screen_MainMenu18mGotNumUpdateStepsE	
0x784c18	.bss	_ZN12WaterConcept18Screen_MainMenu_v220SALE_ROTATION_OFFSETE	
0x784c20	.bss	_ZN12WaterConcept18Screen_MainMenu_v218BUBBLE_MOVE_RADIUSE	
0x78eb58	.bss	_ZN12WaterConcept11downloadingE	
0x7a0f38	.bss	_ZN12WaterConcept18Screen_WorldSelect15STAR_TILE_SPEEDE	
0x7a0f40	.bss	_ZN12WaterConcept18Screen_WorldSelect22LOCKSMITH_DUCK_SPRITESE	
0x7a0fd0	.bss	_ZN12WaterConcept18Screen_WorldSelect27LOCKSMITH_DUCK_SPRITE_NAMESE	
0x7a4598	.bss	_ZNSt6__ndk18ios_base9__xindex_E	
0x7a45b0	.bss	_ZNSt6__ndk13cinE	
0x7a4658	.bss	_ZNSt6__ndk14wcinE	
0x7a4700	.bss	_ZNSt6__ndk14coutE	
0x7a47a0	.bss	_ZNSt6__ndk15wcoutE	
0x7a4840	.bss	_ZNSt6__ndk14cerrE	
0x7a48e0	.bss	_ZNSt6__ndk15wcerrE	
0x7a4980	.bss	_ZNSt6__ndk14clogE	
0x7a4a20	.bss	_ZNSt6__ndk15wclogE	
0x7a4d48	.bss	_ZNSt6__ndk17collateIcE2idE	
0x7a4d58	.bss	_ZNSt6__ndk17collateIwE2idE	
0x7a4d68	.bss	_ZNSt6__ndk17num_getIcNS_19istreambuf_iteratorIcNS_11char_traitsIcEEEEE2idE	
0x7a4d78	.bss	_ZNSt6__ndk17num_getIwNS_19istreambuf_iteratorIwNS_11char_traitsIwEEEEE2idE	
0x7a4d88	.bss	_ZNSt6__ndk17num_putIcNS_19ostreambuf_iteratorIcNS_11char_traitsIcEEEEE2idE	
0x7a4d98	.bss	_ZNSt6__ndk17num_putIwNS_19ostreambuf_iteratorIwNS_11char_traitsIwEEEEE2idE	
0x7a4da8	.bss	_ZNSt6__ndk18time_getIcNS_19istreambuf_iteratorIcNS_11char_traitsIcEEEEE2idE	
0x7a4db8	.bss	_ZNSt6__ndk18time_getIwNS_19istreambuf_iteratorIwNS_11char_traitsIwEEEEE2idE	
0x7a4dc8	.bss	_ZNSt6__ndk18time_putIcNS_19ostreambuf_iteratorIcNS_11char_traitsIcEEEEE2idE	
0x7a4dd8	.bss	_ZNSt6__ndk18time_putIwNS_19ostreambuf_iteratorIwNS_11char_traitsIwEEEEE2idE	
0x7a4de8	.bss	_ZNSt6__ndk110moneypunctIcLb0EE2idE	
0x7a4df8	.bss	_ZNSt6__ndk110moneypunctIcLb1EE2idE	
0x7a4e08	.bss	_ZNSt6__ndk110moneypunctIwLb0EE2idE	
0x7a4e18	.bss	_ZNSt6__ndk110moneypunctIwLb1EE2idE	
0x7a4e28	.bss	_ZNSt6__ndk19money_getIcNS_19istreambuf_iteratorIcNS_11char_traitsIcEEEEE2idE	
0x7a4e38	.bss	_ZNSt6__ndk19money_getIwNS_19istreambuf_iteratorIwNS_11char_traitsIwEEEEE2idE	
0x7a4e48	.bss	_ZNSt6__ndk19money_putIcNS_19ostreambuf_iteratorIcNS_11char_traitsIcEEEEE2idE	
0x7a4e58	.bss	_ZNSt6__ndk19money_putIwNS_19ostreambuf_iteratorIwNS_11char_traitsIwEEEEE2idE	
0x7a4e68	.bss	_ZNSt6__ndk18messagesIcE2idE	
0x7a4e78	.bss	_ZNSt6__ndk18messagesIwE2idE	
0x7a4ec8	.bss	_ZNSt6__ndk16locale2id9__next_idE	
0x7a4ed0	.bss	_ZNSt6__ndk15ctypeIwE2idE	
0x7a4ee0	.bss	_ZNSt6__ndk15ctypeIcE2idE	
0x7a4ef0	.bss	_ZNSt6__ndk17codecvtIcc9mbstate_tE2idE	
0x7a4f00	.bss	_ZNSt6__ndk17codecvtIwc9mbstate_tE2idE	
0x7a4f10	.bss	_ZNSt6__ndk17codecvtIDsc9mbstate_tE2idE	
0x7a4f20	.bss	_ZNSt6__ndk17codecvtIDic9mbstate_tE2idE	
0x7a4f30	.bss	_ZNSt6__ndk18numpunctIcE2idE	
0x7a4f40	.bss	_ZNSt6__ndk18numpunctIwE2idE	
